ISO-10303-21;
HEADER;
FILE_DESCRIPTION(('SolidDesigner STEP Export'),'1');
FILE_NAME('gmkdsn_1.5-2-7.62.stp','2000-07-04T15:28:05',(''),(''),
   'SolidDesigner STEP processor Version: 7.0(Mar 1999)for AP214(CD)
(Solid Model)',
   'CoCreate SolidDesigner: 07.50  21-Dec-99(C) CoCreate Software GmbH',
'');
FILE_SCHEMA(('AUTOMOTIVE_DESIGN_CC2 {1 2 10303 214 -1 1 5 1}'));
ENDSEC;
/* ISO 10303-21 file written by PSstep_Caselib, ProSTEP GmbH, Germany */
DATA;
#10=CARTESIAN_POINT('',(-8.5904619999999809E+00,7.0728449999999867E+00,
   -9.0199999999999996E+00));
#20=DIRECTION('',(1.0000000000000000E+00,-0.0000000000000000E+00,
   0.0000000000000000E+00));
#30=DIRECTION('',(0.0000000000000000E+00,0.0000000000000000E+00,
   -1.0000000000000000E+00));
#40=AXIS2_PLACEMENT_3D('',#10,#20,#30);
#50=PLANE('',#40);
#60=CARTESIAN_POINT('',(-8.5904619999999809E+00,7.0728450000000009E+00,
   -7.6200000000000001E+00));
#70=DIRECTION('',(0.0000000000000000E+00,0.0000000000000000E+00,
   1.0000000000000000E+00));
#80=VECTOR('',#70,1.0000000000000000E+00);
#90=LINE('',#60,#80);
#100=CARTESIAN_POINT('',(-8.5904619999999809E+00,7.0728450000000009E+00,
   -9.0199999999999996E+00));
#110=VERTEX_POINT('',#100);
#120=CARTESIAN_POINT('',(-8.5904619999999809E+00,7.0728449999999867E+00,
   -6.2200000000000006E+00));
#130=VERTEX_POINT('',#120);
#140=EDGE_CURVE('',#110,#130,#90,.T.);
#150=ORIENTED_EDGE('',*,*,#140,.T.);
#160=CARTESIAN_POINT('',(-8.5904619999999809E+00,0.0000000000000000E+00,
   -9.0199999999999996E+00));
#170=DIRECTION('',(0.0000000000000000E+00,1.0000000000000000E+00,
   0.0000000000000000E+00));
#180=VECTOR('',#170,1.0000000000000000E+00);
#190=LINE('',#160,#180);
#200=CARTESIAN_POINT('',(-8.5904619999999809E+00,8.9728450000000066E+00,
   -9.0199999999999996E+00));
#210=VERTEX_POINT('',#200);
#220=EDGE_CURVE('',#110,#210,#190,.T.);
#230=ORIENTED_EDGE('',*,*,#220,.F.);
#240=CARTESIAN_POINT('',(-8.5904619999999809E+00,8.9728450000000066E+00,
   -7.6200000000000001E+00));
#250=DIRECTION('',(0.0000000000000000E+00,0.0000000000000000E+00,
   -1.0000000000000000E+00));
#260=VECTOR('',#250,1.0000000000000000E+00);
#270=LINE('',#240,#260);
#280=CARTESIAN_POINT('',(-8.5904619999999809E+00,8.9728449999999924E+00,
   -6.2200000000000006E+00));
#290=VERTEX_POINT('',#280);
#300=EDGE_CURVE('',#290,#210,#270,.T.);
#310=ORIENTED_EDGE('',*,*,#300,.T.);
#320=CARTESIAN_POINT('',(-8.5904619999999809E+00,0.0000000000000000E+00,
   -6.2200000000000006E+00));
#330=DIRECTION('',(0.0000000000000000E+00,1.0000000000000000E+00,
   0.0000000000000000E+00));
#340=VECTOR('',#330,1.0000000000000000E+00);
#350=LINE('',#320,#340);
#360=EDGE_CURVE('',#130,#290,#350,.T.);
#370=ORIENTED_EDGE('',*,*,#360,.T.);
#380=EDGE_LOOP('',(#370,#310,#230,#150));
#390=FACE_OUTER_BOUND('',#380,.T.);
#400=ADVANCED_FACE('',(#390),#50,.F.);
#410=COLOUR_RGB('',5.0196081399917603E-01,1.0000000000000000E+00,
   5.0196081399917603E-01);
#420=FILL_AREA_STYLE_COLOUR('',#410);
#430=FILL_AREA_STYLE('',(#420));
#440=SURFACE_STYLE_FILL_AREA(#430);
#450=SURFACE_SIDE_STYLE('',(#440));
#460=SURFACE_STYLE_USAGE(.BOTH.,#450);
#470=PRESENTATION_STYLE_ASSIGNMENT((#460));
#480=CARTESIAN_POINT('',(-6.4879493734152618E+00,1.4222844999999985E+01,
   -7.3725126265847178E+00));
#490=DIRECTION('',(7.0710678118654746E-01,0.0000000000000000E+00,
   -7.0710678118654757E-01));
#500=DIRECTION('',(0.0000000000000000E+00,-1.0000000000000000E+00,
   0.0000000000000000E+00));
#510=AXIS2_PLACEMENT_3D('',#480,#490,#500);
#520=PLANE('',#510);
#530=CARTESIAN_POINT('',(-5.9337133240731973E+01,1.4222844999999992E+01,
   -6.0221696493901419E+01));
#540=DIRECTION('',(-7.0710678118654757E-01,0.0000000000000000E+00,
   -7.0710678118654746E-01));
#550=VECTOR('',#540,1.0000000000000000E+00);
#560=LINE('',#530,#550);
#570=CARTESIAN_POINT('',(-6.7354367468305441E+00,1.4222844999999992E+01,
   -7.6200000000000001E+00));
#580=VERTEX_POINT('',#570);
#590=CARTESIAN_POINT('',(-6.8752477080359995E+00,1.4222844999999992E+01,
   -7.7598109612055630E+00));
#600=VERTEX_POINT('',#590);
#610=EDGE_CURVE('',#580,#600,#560,.T.);
#620=ORIENTED_EDGE('',*,*,#610,.F.);
#630=CARTESIAN_POINT('',(-6.8752477080360208E+00,2.5272844999999990E+01,
   -7.7598109612054769E+00));
#640=DIRECTION('',(0.0000000000000000E+00,-1.0000000000000000E+00,
   0.0000000000000000E+00));
#650=VECTOR('',#640,1.0000000000000000E+00);
#660=LINE('',#630,#650);
#670=CARTESIAN_POINT('',(-6.8752477080360208E+00,1.3222844999999985E+01,
   -7.7598109612054769E+00));
#680=VERTEX_POINT('',#670);
#690=EDGE_CURVE('',#600,#680,#660,.T.);
#700=ORIENTED_EDGE('',*,*,#690,.F.);
#710=CARTESIAN_POINT('',(-5.9337133240731973E+01,1.3222844999999985E+01,
   -6.0221696493901419E+01));
#720=DIRECTION('',(-7.0710678118654757E-01,0.0000000000000000E+00,
   -7.0710678118654746E-01));
#730=VECTOR('',#720,1.0000000000000000E+00);
#740=LINE('',#710,#730);
#750=CARTESIAN_POINT('',(-6.7354367468305441E+00,1.3222844999999985E+01,
   -7.6200000000000001E+00));
#760=VERTEX_POINT('',#750);
#770=EDGE_CURVE('',#760,#680,#740,.T.);
#780=ORIENTED_EDGE('',*,*,#770,.T.);
#790=CARTESIAN_POINT('',(-6.7354367468305441E+00,-3.7032246989143843E+01
   ,-7.6200000000000001E+00));
#800=DIRECTION('',(0.0000000000000000E+00,1.0000000000000000E+00,
   0.0000000000000000E+00));
#810=VECTOR('',#800,1.0000000000000000E+00);
#820=LINE('',#790,#810);
#830=EDGE_CURVE('',#760,#580,#820,.T.);
#840=ORIENTED_EDGE('',*,*,#830,.F.);
#850=EDGE_LOOP('',(#840,#780,#700,#620));
#860=FACE_OUTER_BOUND('',#850,.T.);
#870=ADVANCED_FACE('',(#860),#520,.T.);
#880=COLOUR_RGB('',9.4901967048645020E-01,9.4901967048645020E-01,
   1.0000000000000000E+00);
#890=FILL_AREA_STYLE_COLOUR('',#880);
#900=FILL_AREA_STYLE('',(#890));
#910=SURFACE_STYLE_FILL_AREA(#900);
#920=SURFACE_SIDE_STYLE('',(#910));
#930=SURFACE_STYLE_USAGE(.BOTH.,#920);
#940=PRESENTATION_STYLE_ASSIGNMENT((#930));
#950=CARTESIAN_POINT('',(-3.8404620000000023E+00,1.4172844999999995E+01,
   0.0000000000000000E+00));
#960=DIRECTION('',(-2.5881904510247727E-01,9.6592582628907997E-01,
   0.0000000000000000E+00));
#970=DIRECTION('',(1.0000000000000000E+00,0.0000000000000000E+00,
   0.0000000000000000E+00));
#980=AXIS2_PLACEMENT_3D('',#950,#960,#970);
#990=SPHERICAL_SURFACE('',#980,5.0179934775627544E-01);
#1000=CARTESIAN_POINT('',(-3.8404620000000023E+00,1.4172844999999995E+01
   ,0.0000000000000000E+00));
#1010=DIRECTION('',(0.0000000000000000E+00,0.0000000000000000E+00,
   -1.0000000000000000E+00));
#1020=DIRECTION('',(1.0000000000000000E+00,-0.0000000000000000E+00,
   0.0000000000000000E+00));
#1030=AXIS2_PLACEMENT_3D('',#1000,#1010,#1020);
#1040=CIRCLE('',#1030,5.0179934775627544E-01);
#1050=CARTESIAN_POINT('',(-3.6724103246370166E+00,1.4645667609248239E+01
   ,0.0000000000000000E+00));
#1060=VERTEX_POINT('',#1050);
#1070=CARTESIAN_POINT('',(-3.3386626522437268E+00,1.4172844999999995E+01
   ,0.0000000000000000E+00));
#1080=VERTEX_POINT('',#1070);
#1090=EDGE_CURVE('',#1060,#1080,#1040,.T.);
#1100=ORIENTED_EDGE('',*,*,#1090,.T.);
#1110=CARTESIAN_POINT('',(-3.5654620000000108E+00,1.4246531027918550E+01
   ,0.0000000000000000E+00));
#1120=DIRECTION('',(9.6592582628907075E-01,2.5881904510251180E-01,
   0.0000000000000000E+00));
#1130=DIRECTION('',(2.5881904510251180E-01,-9.6592582628907075E-01,
   0.0000000000000000E+00));
#1140=AXIS2_PLACEMENT_3D('',#1110,#1120,#1130);
#1150=CIRCLE('',#1140,4.1321659538093747E-01);
#1160=CARTESIAN_POINT('',(-3.5318478175017569E+00,1.4121081190979442E+01
   ,-3.9227589760938264E-01));
#1170=VERTEX_POINT('',#1160);
#1180=EDGE_CURVE('',#1170,#1060,#1150,.T.);
#1190=ORIENTED_EDGE('',*,*,#1180,.T.);
#1200=CARTESIAN_POINT('',(-3.8068478175015739E+00,1.4047395163060946E+01
   ,0.0000000000000000E+00));
#1210=DIRECTION('',(-2.5881904510247727E-01,9.6592582628907997E-01,
   0.0000000000000000E+00));
#1220=DIRECTION('',(9.6592582628907997E-01,2.5881904510247727E-01,
   -0.0000000000000000E+00));
#1230=AXIS2_PLACEMENT_3D('',#1200,#1210,#1220);
#1240=CIRCLE('',#1230,4.8470094961280169E-01);
#1250=EDGE_CURVE('',#1080,#1170,#1240,.T.);
#1260=ORIENTED_EDGE('',*,*,#1250,.T.);
#1270=EDGE_LOOP('',(#1260,#1190,#1100));
#1280=FACE_OUTER_BOUND('',#1270,.T.);
#1290=ADVANCED_FACE('',(#1280),#990,.T.);
#1300=COLOUR_RGB('',5.0196081399917603E-01,1.0000000000000000E+00,
   5.0196081399917603E-01);
#1310=FILL_AREA_STYLE_COLOUR('',#1300);
#1320=FILL_AREA_STYLE('',(#1310));
#1330=SURFACE_STYLE_FILL_AREA(#1320);
#1340=SURFACE_SIDE_STYLE('',(#1330));
#1350=SURFACE_STYLE_USAGE(.BOTH.,#1340);
#1360=PRESENTATION_STYLE_ASSIGNMENT((#1350));
#1370=CARTESIAN_POINT('',(-6.9092030840471850E+00,1.4222844999999992E+01
   ,6.6874108404720545E-01));
#1380=DIRECTION('',(0.0000000000000000E+00,1.0000000000000000E+00,
   0.0000000000000000E+00));
#1390=DIRECTION('',(7.0710678118654746E-01,0.0000000000000000E+00,
   -7.0710678118654757E-01));
#1400=AXIS2_PLACEMENT_3D('',#1370,#1380,#1390);
#1410=PLANE('',#1400);
#1420=CARTESIAN_POINT('',(-5.9337133240731973E+01,1.4222844999999992E+01
   ,-5.3591645987562615E+01));
#1430=DIRECTION('',(7.0710678118654757E-01,0.0000000000000000E+00,
   7.0710678118654746E-01));
#1440=VECTOR('',#1430,1.0000000000000000E+00);
#1450=LINE('',#1420,#1440);
#1460=CARTESIAN_POINT('',(-5.6056762919639525E+00,1.4222844999999992E+01
   ,1.3981096120540215E-01));
#1470=VERTEX_POINT('',#1460);
#1480=CARTESIAN_POINT('',(-4.6724633619602187E+00,1.4222844999999992E+01
   ,1.0730238912091288E+00));
#1490=VERTEX_POINT('',#1480);
#1500=EDGE_CURVE('',#1470,#1490,#1450,.T.);
#1510=ORIENTED_EDGE('',*,*,#1500,.T.);
#1520=CARTESIAN_POINT('',(-6.2404619999999937E+00,1.4222844999999992E+01
   ,8.8817841970012523E-16));
#1530=DIRECTION('',(0.0000000000000000E+00,-1.0000000000000000E+00,
   0.0000000000000000E+00));
#1540=DIRECTION('',(1.0000000000000000E+00,0.0000000000000000E+00,
   0.0000000000000000E+00));
#1550=AXIS2_PLACEMENT_3D('',#1520,#1530,#1540);
#1560=CIRCLE('',#1550,6.5000000000000002E-01);
#1570=CARTESIAN_POINT('',(-5.5904619999999952E+00,1.4222844999999992E+01
   ,0.0000000000000000E+00));
#1580=VERTEX_POINT('',#1570);
#1590=EDGE_CURVE('',#1580,#1470,#1560,.T.);
#1600=ORIENTED_EDGE('',*,*,#1590,.T.);
#1610=CARTESIAN_POINT('',(-6.2404619999999937E+00,1.4222844999999992E+01
   ,8.8817841970012523E-16));
#1620=DIRECTION('',(0.0000000000000000E+00,-1.0000000000000000E+00,
   0.0000000000000000E+00));
#1630=DIRECTION('',(1.0000000000000000E+00,0.0000000000000000E+00,
   0.0000000000000000E+00));
#1640=AXIS2_PLACEMENT_3D('',#1610,#1620,#1630);
#1650=CIRCLE('',#1640,6.5000000000000002E-01);
#1660=CARTESIAN_POINT('',(-6.3802729612054989E+00,1.4222844999999992E+01
   ,-6.3478570803602041E-01));
#1670=VERTEX_POINT('',#1660);
#1680=EDGE_CURVE('',#1670,#1580,#1650,.T.);
#1690=ORIENTED_EDGE('',*,*,#1680,.T.);
#1700=CARTESIAN_POINT('',(-5.9337133240731973E+01,1.4222844999999992E+01
   ,-5.3591645987562615E+01));
#1710=DIRECTION('',(7.0710678118654757E-01,0.0000000000000000E+00,
   7.0710678118654746E-01));
#1720=VECTOR('',#1710,1.0000000000000000E+00);
#1730=LINE('',#1700,#1720);
#1740=CARTESIAN_POINT('',(-7.3134858912091048E+00,1.4222844999999992E+01
   ,-1.5679986380397659E+00));
#1750=VERTEX_POINT('',#1740);
#1760=EDGE_CURVE('',#1750,#1670,#1730,.T.);
#1770=ORIENTED_EDGE('',*,*,#1760,.T.);
#1780=CARTESIAN_POINT('',(-6.2404619999999795E+00,1.4222844999999992E+01
   ,0.0000000000000000E+00));
#1790=DIRECTION('',(0.0000000000000000E+00,-1.0000000000000000E+00,
   0.0000000000000000E+00));
#1800=DIRECTION('',(-1.0000000000000000E+00,0.0000000000000000E+00,
   0.0000000000000000E+00));
#1810=AXIS2_PLACEMENT_3D('',#1780,#1790,#1800);
#1820=CIRCLE('',#1810,1.9000000000000341E+00);
#1830=CARTESIAN_POINT('',(-4.3404619999999454E+00,1.4222844999999992E+01
   ,-2.3268289183800128E-16));
#1840=VERTEX_POINT('',#1830);
#1850=EDGE_CURVE('',#1750,#1840,#1820,.T.);
#1860=ORIENTED_EDGE('',*,*,#1850,.F.);
#1870=EDGE_CURVE('',#1840,#1490,#1820,.T.);
#1880=ORIENTED_EDGE('',*,*,#1870,.F.);
#1890=EDGE_LOOP('',(#1880,#1860,#1770,#1690,#1600,#1510));
#1900=FACE_OUTER_BOUND('',#1890,.T.);
#1910=ADVANCED_FACE('',(#1900),#1410,.T.);
#1920=COLOUR_RGB('',9.4901967048645020E-01,9.4901967048645020E-01,
   1.0000000000000000E+00);
#1930=FILL_AREA_STYLE_COLOUR('',#1920);
#1940=FILL_AREA_STYLE('',(#1930));
#1950=SURFACE_STYLE_FILL_AREA(#1940);
#1960=SURFACE_SIDE_STYLE('',(#1950));
#1970=SURFACE_STYLE_USAGE(.BOTH.,#1960);
#1980=PRESENTATION_STYLE_ASSIGNMENT((#1970));
#1990=CARTESIAN_POINT('',(-8.9904619999999795E+00,7.0728450000000009E+00
   ,-7.6200000000000001E+00));
#2000=DIRECTION('',(5.7357643635102928E-01,-8.1915204428900368E-01,
   0.0000000000000000E+00));
#2010=DIRECTION('',(-8.1915204428900368E-01,-5.7357643635102928E-01,
   0.0000000000000000E+00));
#2020=AXIS2_PLACEMENT_3D('',#1990,#2000,#2010);
#2030=PLANE('',#2020);
#2040=CARTESIAN_POINT('',(0.0000000000000000E+00,1.3368034264387660E+01,
   -9.3320829999998693E+00));
#2050=DIRECTION('',(7.8808273039207011E-01,5.5182146855339376E-01,
   -2.7279786821263036E-01));
#2060=VECTOR('',#2050,1.0000000000000000E+00);
#2070=LINE('',#2040,#2060);
#2080=CARTESIAN_POINT('',(-1.0290461999999991E+01,6.1625752003274101E+00
   ,-5.7699999999999925E+00));
#2090=VERTEX_POINT('',#2080);
#2100=CARTESIAN_POINT('',(-8.9904619999999937E+00,7.0728449999999867E+00
   ,-6.2199999999999918E+00));
#2110=VERTEX_POINT('',#2100);
#2120=EDGE_CURVE('',#2090,#2110,#2070,.T.);
#2130=ORIENTED_EDGE('',*,*,#2120,.T.);
#2140=CARTESIAN_POINT('',(-1.0290461999999991E+01,6.1625752003274101E+00
   ,0.0000000000000000E+00));
#2150=DIRECTION('',(0.0000000000000000E+00,0.0000000000000000E+00,
   1.0000000000000000E+00));
#2160=VECTOR('',#2150,1.0000000000000000E+00);
#2170=LINE('',#2140,#2160);
#2180=CARTESIAN_POINT('',(-1.0290461999999991E+01,6.1625752003274101E+00
   ,-9.4699999999999953E+00));
#2190=VERTEX_POINT('',#2180);
#2200=EDGE_CURVE('',#2190,#2090,#2170,.T.);
#2210=ORIENTED_EDGE('',*,*,#2200,.T.);
#2220=CARTESIAN_POINT('',(0.0000000000000000E+00,1.3368034264387660E+01,
   -5.9079170000001211E+00));
#2230=DIRECTION('',(-7.8808273039207011E-01,-5.5182146855339376E-01,
   -2.7279786821263036E-01));
#2240=VECTOR('',#2230,1.0000000000000000E+00);
#2250=LINE('',#2220,#2240);
#2260=CARTESIAN_POINT('',(-8.9904619999999937E+00,7.0728449999999867E+00
   ,-9.0200000000000085E+00));
#2270=VERTEX_POINT('',#2260);
#2280=EDGE_CURVE('',#2270,#2190,#2250,.T.);
#2290=ORIENTED_EDGE('',*,*,#2280,.T.);
#2300=CARTESIAN_POINT('',(-8.9904619999999937E+00,7.0728449999999867E+00
   ,-7.6200000000000001E+00));
#2310=DIRECTION('',(0.0000000000000000E+00,0.0000000000000000E+00,
   1.0000000000000000E+00));
#2320=VECTOR('',#2310,1.0000000000000000E+00);
#2330=LINE('',#2300,#2320);
#2340=EDGE_CURVE('',#2270,#2110,#2330,.T.);
#2350=ORIENTED_EDGE('',*,*,#2340,.F.);
#2360=EDGE_LOOP('',(#2350,#2290,#2210,#2130));
#2370=FACE_OUTER_BOUND('',#2360,.T.);
#2380=ADVANCED_FACE('',(#2370),#2030,.F.);
#2390=COLOUR_RGB('',5.0196081399917603E-01,1.0000000000000000E+00,
   5.0196081399917603E-01);
#2400=FILL_AREA_STYLE_COLOUR('',#2390);
#2410=FILL_AREA_STYLE('',(#2400));
#2420=SURFACE_STYLE_FILL_AREA(#2410);
#2430=SURFACE_SIDE_STYLE('',(#2420));
#2440=SURFACE_STYLE_USAGE(.BOTH.,#2430);
#2450=PRESENTATION_STYLE_ASSIGNMENT((#2440));
#2460=CARTESIAN_POINT('',(-8.9904619999999582E+00,7.0728449999999867E+00
   ,-6.2199999999999891E+00));
#2470=DIRECTION('',(3.2711056388315635E-01,-0.0000000000000000E+00,
   9.4498607344026164E-01));
#2480=DIRECTION('',(9.4498607344026164E-01,0.0000000000000000E+00,
   -3.2711056388315635E-01));
#2490=AXIS2_PLACEMENT_3D('',#2460,#2470,#2480);
#2500=PLANE('',#2490);
#2510=CARTESIAN_POINT('',(-8.9904619999999227E+00,0.0000000000000000E+00
   ,-6.2199999999999998E+00));
#2520=DIRECTION('',(0.0000000000000000E+00,1.0000000000000000E+00,
   0.0000000000000000E+00));
#2530=VECTOR('',#2520,1.0000000000000000E+00);
#2540=LINE('',#2510,#2530);
#2550=CARTESIAN_POINT('',(-8.9904619999999795E+00,8.9728449999999924E+00
   ,-6.2199999999999998E+00));
#2560=VERTEX_POINT('',#2550);
#2570=EDGE_CURVE('',#2110,#2560,#2540,.T.);
#2580=ORIENTED_EDGE('',*,*,#2570,.F.);
#2590=CARTESIAN_POINT('',(-5.9407053897954754E+00,0.0000000000000000E+00
   ,-7.2756849804553498E+00));
#2600=DIRECTION('',(-3.1982890758865701E-01,9.4098499687157400E-01,
   1.1071000647299284E-01));
#2610=VECTOR('',#2600,1.0000000000000000E+00);
#2620=LINE('',#2590,#2610);
#2630=CARTESIAN_POINT('',(-9.3850384503517716E+00,1.0133748567783215E+01
   ,-6.0834158441089814E+00));
#2640=VERTEX_POINT('',#2630);
#2650=EDGE_CURVE('',#2560,#2640,#2620,.T.);
#2660=ORIENTED_EDGE('',*,*,#2650,.F.);
#2670=CARTESIAN_POINT('',(-9.8584410716738375E+00,9.9728450000000066E+00
   ,-5.9195457059590408E+00));
#2680=DIRECTION('',(3.2711056388315635E-01,0.0000000000000000E+00,
   9.4498607344026164E-01));
#2690=DIRECTION('',(9.4498607344026164E-01,0.0000000000000000E+00,
   -3.2711056388315640E-01));
#2700=AXIS2_PLACEMENT_3D('',#2670,#2680,#2690);
#2710=ELLIPSE('',#2700,5.2910832662294982E-01,4.9999999999996880E-01);
#2720=CARTESIAN_POINT('',(-9.8584410716738375E+00,1.0472845000000007E+01
   ,-5.9195457059590408E+00));
#2730=VERTEX_POINT('',#2720);
#2740=EDGE_CURVE('',#2640,#2730,#2710,.T.);
#2750=ORIENTED_EDGE('',*,*,#2740,.F.);
#2760=CARTESIAN_POINT('',(0.0000000000000000E+00,1.0472845000000007E+01,
   -9.3320829999998693E+00));
#2770=DIRECTION('',(-9.4498607344026164E-01,0.0000000000000000E+00,
   3.2711056388315635E-01));
#2780=VECTOR('',#2770,1.0000000000000000E+00);
#2790=LINE('',#2760,#2780);
#2800=CARTESIAN_POINT('',(-1.0290461999999991E+01,1.0472845000000007E+01
   ,-5.7699999999999925E+00));
#2810=VERTEX_POINT('',#2800);
#2820=EDGE_CURVE('',#2730,#2810,#2790,.T.);
#2830=ORIENTED_EDGE('',*,*,#2820,.F.);
#2840=CARTESIAN_POINT('',(-1.0290461999999991E+01,0.0000000000000000E+00
   ,-5.7699999999999934E+00));
#2850=DIRECTION('',(0.0000000000000000E+00,1.0000000000000000E+00,
   0.0000000000000000E+00));
#2860=VECTOR('',#2850,1.0000000000000000E+00);
#2870=LINE('',#2840,#2860);
#2880=EDGE_CURVE('',#2090,#2810,#2870,.T.);
#2890=ORIENTED_EDGE('',*,*,#2880,.T.);
#2900=ORIENTED_EDGE('',*,*,#2120,.F.);
#2910=EDGE_LOOP('',(#2900,#2890,#2830,#2750,#2660,#2580));
#2920=FACE_OUTER_BOUND('',#2910,.T.);
#2930=ADVANCED_FACE('',(#2920),#2500,.F.);
#2940=COLOUR_RGB('',5.0196081399917603E-01,1.0000000000000000E+00,
   5.0196081399917603E-01);
#2950=FILL_AREA_STYLE_COLOUR('',#2940);
#2960=FILL_AREA_STYLE('',(#2950));
#2970=SURFACE_STYLE_FILL_AREA(#2960);
#2980=SURFACE_SIDE_STYLE('',(#2970));
#2990=SURFACE_STYLE_USAGE(.BOTH.,#2980);
#3000=PRESENTATION_STYLE_ASSIGNMENT((#2990));
#3010=CARTESIAN_POINT('',(-6.2404619999999937E+00,2.2728449999999896E+00
   ,3.6602540378443837E-01));
#3020=DIRECTION('',(0.0000000000000000E+00,-2.5881904510252085E-01,
   9.6592582628906820E-01));
#3030=DIRECTION('',(0.0000000000000000E+00,9.6592582628906842E-01,
   2.5881904510252091E-01));
#3040=AXIS2_PLACEMENT_3D('',#3010,#3020,#3030);
#3050=PLANE('',#3040);
#3060=CARTESIAN_POINT('',(-6.4904619999999937E+00,
   -3.7032246989143843E+01,-1.0165742253137648E+01));
#3070=DIRECTION('',(0.0000000000000000E+00,-9.6592582628906831E-01,
   -2.5881904510252091E-01));
#3080=VECTOR('',#3070,1.0000000000000000E+00);
#3090=LINE('',#3060,#3080);
#3100=CARTESIAN_POINT('',(-6.4904619999999937E+00,2.7728449999999967E+00
   ,5.0000000000000000E-01));
#3110=VERTEX_POINT('',#3100);
#3120=CARTESIAN_POINT('',(-6.4904619999999937E+00,1.7728449999999967E+00
   ,2.3205080756887941E-01));
#3130=VERTEX_POINT('',#3120);
#3140=EDGE_CURVE('',#3110,#3130,#3090,.T.);
#3150=ORIENTED_EDGE('',*,*,#3140,.T.);
#3160=CARTESIAN_POINT('',(-5.9337133240731973E+01,2.7728449999999967E+00
   ,5.0000000000000000E-01));
#3170=DIRECTION('',(-1.0000000000000000E+00,0.0000000000000000E+00,
   0.0000000000000000E+00));
#3180=VECTOR('',#3170,1.0000000000000000E+00);
#3190=LINE('',#3160,#3180);
#3200=CARTESIAN_POINT('',(-5.9904619999999937E+00,2.7728449999999967E+00
   ,5.0000000000000000E-01));
#3210=VERTEX_POINT('',#3200);
#3220=EDGE_CURVE('',#3210,#3110,#3190,.T.);
#3230=ORIENTED_EDGE('',*,*,#3220,.T.);
#3240=CARTESIAN_POINT('',(-5.9904619999999937E+00,
   -3.7032246989143843E+01,-1.0165742253137648E+01));
#3250=DIRECTION('',(0.0000000000000000E+00,9.6592582628906831E-01,
   2.5881904510252091E-01));
#3260=VECTOR('',#3250,1.0000000000000000E+00);
#3270=LINE('',#3240,#3260);
#3280=CARTESIAN_POINT('',(-5.9904619999999937E+00,1.7728449999999967E+00
   ,2.3205080756887941E-01));
#3290=VERTEX_POINT('',#3280);
#3300=EDGE_CURVE('',#3290,#3210,#3270,.T.);
#3310=ORIENTED_EDGE('',*,*,#3300,.T.);
#3320=CARTESIAN_POINT('',(-5.9337133240731973E+01,1.7728449999999896E+00
   ,2.3205080756887719E-01));
#3330=DIRECTION('',(1.0000000000000000E+00,0.0000000000000000E+00,
   0.0000000000000000E+00));
#3340=VECTOR('',#3330,1.0000000000000000E+00);
#3350=LINE('',#3320,#3340);
#3360=EDGE_CURVE('',#3130,#3290,#3350,.T.);
#3370=ORIENTED_EDGE('',*,*,#3360,.T.);
#3380=EDGE_LOOP('',(#3370,#3310,#3230,#3150));
#3390=FACE_OUTER_BOUND('',#3380,.T.);
#3400=ADVANCED_FACE('',(#3390),#3050,.T.);
#3410=COLOUR_RGB('',9.4901967048645020E-01,9.4901967048645020E-01,
   1.0000000000000000E+00);
#3420=FILL_AREA_STYLE_COLOUR('',#3410);
#3430=FILL_AREA_STYLE('',(#3420));
#3440=SURFACE_STYLE_FILL_AREA(#3430);
#3450=SURFACE_SIDE_STYLE('',(#3440));
#3460=SURFACE_STYLE_USAGE(.BOTH.,#3450);
#3470=PRESENTATION_STYLE_ASSIGNMENT((#3460));
#3480=CARTESIAN_POINT('',(-6.4904619999999937E+00,4.7728449999999896E+00
   ,-8.1200000000000010E+00));
#3490=DIRECTION('',(-1.0000000000000000E+00,0.0000000000000000E+00,
   0.0000000000000000E+00));
#3500=DIRECTION('',(0.0000000000000000E+00,0.0000000000000000E+00,
   1.0000000000000000E+00));
#3510=AXIS2_PLACEMENT_3D('',#3480,#3490,#3500);
#3520=PLANE('',#3510);
#3530=CARTESIAN_POINT('',(-6.4904619999999937E+00,
   -3.7032246989143843E+01,2.5457422531376270E+00));
#3540=DIRECTION('',(0.0000000000000000E+00,-9.6592582628906842E-01,
   2.5881904510252046E-01));
#3550=VECTOR('',#3540,1.0000000000000000E+00);
#3560=LINE('',#3530,#3550);
#3570=CARTESIAN_POINT('',(-6.4904619999999937E+00,2.7728449999999825E+00
   ,-8.1200000000000010E+00));
#3580=VERTEX_POINT('',#3570);
#3590=CARTESIAN_POINT('',(-6.4904619999999937E+00,1.7728449999999896E+00
   ,-7.8520508075688786E+00));
#3600=VERTEX_POINT('',#3590);
#3610=EDGE_CURVE('',#3580,#3600,#3560,.T.);
#3620=ORIENTED_EDGE('',*,*,#3610,.T.);
#3630=CARTESIAN_POINT('',(-6.4904619999999937E+00,4.7728449999999896E+00
   ,-8.1200000000000010E+00));
#3640=DIRECTION('',(0.0000000000000000E+00,-1.0000000000000000E+00,
   0.0000000000000000E+00));
#3650=VECTOR('',#3640,1.0000000000000000E+00);
#3660=LINE('',#3630,#3650);
#3670=CARTESIAN_POINT('',(-6.4904619999999937E+00,4.7728449999999896E+00
   ,-8.1200000000000010E+00));
#3680=VERTEX_POINT('',#3670);
#3690=EDGE_CURVE('',#3680,#3580,#3660,.T.);
#3700=ORIENTED_EDGE('',*,*,#3690,.T.);
#3710=CARTESIAN_POINT('',(-6.4904619999999937E+00,4.7728449999999896E+00
   ,-2.6200000000000001E+00));
#3720=DIRECTION('',(0.0000000000000000E+00,0.0000000000000000E+00,
   -1.0000000000000000E+00));
#3730=VECTOR('',#3720,1.0000000000000000E+00);
#3740=LINE('',#3710,#3730);
#3750=CARTESIAN_POINT('',(-6.4904619999999937E+00,4.7728449999999896E+00
   ,-7.6200000000000001E+00));
#3760=VERTEX_POINT('',#3750);
#3770=EDGE_CURVE('',#3760,#3680,#3740,.T.);
#3780=ORIENTED_EDGE('',*,*,#3770,.T.);
#3790=CARTESIAN_POINT('',(-6.4904619999999937E+00,4.7728449999999896E+00
   ,-2.6200000000000001E+00));
#3800=DIRECTION('',(0.0000000000000000E+00,0.0000000000000000E+00,
   -1.0000000000000000E+00));
#3810=VECTOR('',#3800,1.0000000000000000E+00);
#3820=LINE('',#3790,#3810);
#3830=CARTESIAN_POINT('',(-6.4904619999999937E+00,4.7728449999999896E+00
   ,-7.1200000000000001E+00));
#3840=VERTEX_POINT('',#3830);
#3850=EDGE_CURVE('',#3840,#3760,#3820,.T.);
#3860=ORIENTED_EDGE('',*,*,#3850,.T.);
#3870=CARTESIAN_POINT('',(-6.4904619999999937E+00,4.7728449999999896E+00
   ,-7.1200000000000001E+00));
#3880=DIRECTION('',(0.0000000000000000E+00,-1.0000000000000000E+00,
   0.0000000000000000E+00));
#3890=VECTOR('',#3880,1.0000000000000000E+00);
#3900=LINE('',#3870,#3890);
#3910=CARTESIAN_POINT('',(-6.4904619999999937E+00,2.7728449999999825E+00
   ,-7.1200000000000001E+00));
#3920=VERTEX_POINT('',#3910);
#3930=EDGE_CURVE('',#3840,#3920,#3900,.T.);
#3940=ORIENTED_EDGE('',*,*,#3930,.F.);
#3950=CARTESIAN_POINT('',(-6.4904619999999937E+00,
   -3.7032246989143843E+01,-1.7785742253137627E+01));
#3960=DIRECTION('',(0.0000000000000000E+00,9.6592582628906842E-01,
   2.5881904510252046E-01));
#3970=VECTOR('',#3960,1.0000000000000000E+00);
#3980=LINE('',#3950,#3970);
#3990=CARTESIAN_POINT('',(-6.4904619999999937E+00,1.7728449999999896E+00
   ,-7.3879491924311216E+00));
#4000=VERTEX_POINT('',#3990);
#4010=EDGE_CURVE('',#4000,#3920,#3980,.T.);
#4020=ORIENTED_EDGE('',*,*,#4010,.T.);
#4030=CARTESIAN_POINT('',(-6.4904619999999937E+00,1.7728449999999896E+00
   ,-8.1200000000000010E+00));
#4040=DIRECTION('',(0.0000000000000000E+00,0.0000000000000000E+00,
   1.0000000000000000E+00));
#4050=VECTOR('',#4040,1.0000000000000000E+00);
#4060=LINE('',#4030,#4050);
#4070=EDGE_CURVE('',#3600,#4000,#4060,.T.);
#4080=ORIENTED_EDGE('',*,*,#4070,.T.);
#4090=EDGE_LOOP('',(#4080,#4020,#3940,#3860,#3780,#3700,#3620));
#4100=FACE_OUTER_BOUND('',#4090,.T.);
#4110=ADVANCED_FACE('',(#4100),#3520,.T.);
#4120=COLOUR_RGB('',9.4901967048645020E-01,9.4901967048645020E-01,
   1.0000000000000000E+00);
#4130=FILL_AREA_STYLE_COLOUR('',#4120);
#4140=FILL_AREA_STYLE('',(#4130));
#4150=SURFACE_STYLE_FILL_AREA(#4140);
#4160=SURFACE_SIDE_STYLE('',(#4150));
#4170=SURFACE_STYLE_USAGE(.BOTH.,#4160);
#4180=PRESENTATION_STYLE_ASSIGNMENT((#4170));
#4190=CARTESIAN_POINT('',(0.0000000000000000E+00,0.0000000000000000E+00,
   -1.1430000000000000E+01));
#4200=DIRECTION('',(0.0000000000000000E+00,0.0000000000000000E+00,
   1.0000000000000000E+00));
#4210=DIRECTION('',(1.0000000000000000E+00,0.0000000000000000E+00,
   0.0000000000000000E+00));
#4220=AXIS2_PLACEMENT_3D('',#4190,#4200,#4210);
#4230=PLANE('',#4220);
#4240=CARTESIAN_POINT('',(-4.2241254939895043E+00,1.4772844999999990E+01
   ,-1.1430000000000000E+01));
#4250=DIRECTION('',(0.0000000000000000E+00,0.0000000000000000E+00,
   1.0000000000000000E+00));
#4260=DIRECTION('',(1.0000000000000000E+00,0.0000000000000000E+00,
   0.0000000000000000E+00));
#4270=AXIS2_PLACEMENT_3D('',#4240,#4250,#4260);
#4280=CIRCLE('',#4270,4.9999999999996769E-01);
#4290=CARTESIAN_POINT('',(-3.7411625808450140E+00,1.4902254522551289E+01
   ,-1.1430000000000000E+01));
#4300=VERTEX_POINT('',#4290);
#4310=CARTESIAN_POINT('',(-4.2241254939895043E+00,1.5272844999999990E+01
   ,-1.1430000000000000E+01));
#4320=VERTEX_POINT('',#4310);
#4330=EDGE_CURVE('',#4300,#4320,#4280,.T.);
#4340=ORIENTED_EDGE('',*,*,#4330,.F.);
#4350=CARTESIAN_POINT('',(-8.1404620000000136E+00,1.5272844999999990E+01
   ,-1.1430000000000000E+01));
#4360=DIRECTION('',(-1.0000000000000000E+00,0.0000000000000000E+00,
   0.0000000000000000E+00));
#4370=VECTOR('',#4360,1.0000000000000000E+00);
#4380=LINE('',#4350,#4370);
#4390=CARTESIAN_POINT('',(-8.2209121844113042E+00,1.5272844999999990E+01
   ,-1.1430000000000000E+01));
#4400=VERTEX_POINT('',#4390);
#4410=EDGE_CURVE('',#4320,#4400,#4380,.T.);
#4420=ORIENTED_EDGE('',*,*,#4410,.F.);
#4430=CARTESIAN_POINT('',(-8.2209121844113042E+00,1.4772844999999990E+01
   ,-1.1430000000000000E+01));
#4440=DIRECTION('',(0.0000000000000000E+00,0.0000000000000000E+00,
   1.0000000000000000E+00));
#4450=DIRECTION('',(1.0000000000000000E+00,0.0000000000000000E+00,
   0.0000000000000000E+00));
#4460=AXIS2_PLACEMENT_3D('',#4430,#4440,#4450);
#4470=CIRCLE('',#4460,5.0000000000000000E-01);
#4480=CARTESIAN_POINT('',(-8.7133160609174070E+00,1.4859669088833499E+01
   ,-1.1430000000000000E+01));
#4490=VERTEX_POINT('',#4480);
#4500=EDGE_CURVE('',#4400,#4490,#4470,.T.);
#4510=ORIENTED_EDGE('',*,*,#4500,.F.);
#4520=CARTESIAN_POINT('',(-8.7133160609174070E+00,1.4859669088833499E+01
   ,-1.1430000000000000E+01));
#4530=DIRECTION('',(-1.7364817766694784E-01,-9.8480775301220502E-01,
   0.0000000000000000E+00));
#4540=VECTOR('',#4530,1.0000000000000000E+00);
#4550=LINE('',#4520,#4540);
#4560=CARTESIAN_POINT('',(-9.3986680170464183E+00,1.0972845000000007E+01
   ,-1.1430000000000000E+01));
#4570=VERTEX_POINT('',#4560);
#4580=EDGE_CURVE('',#4490,#4570,#4550,.T.);
#4590=ORIENTED_EDGE('',*,*,#4580,.F.);
#4600=CARTESIAN_POINT('',(-9.3986680170464183E+00,1.0972845000000007E+01
   ,-1.1430000000000000E+01));
#4610=DIRECTION('',(-1.0000000000000000E+00,0.0000000000000000E+00,
   0.0000000000000000E+00));
#4620=VECTOR('',#4610,1.0000000000000000E+00);
#4630=LINE('',#4600,#4620);
#4640=CARTESIAN_POINT('',(-9.9904619999999795E+00,1.0972845000000007E+01
   ,-1.1430000000000000E+01));
#4650=VERTEX_POINT('',#4640);
#4660=EDGE_CURVE('',#4570,#4650,#4630,.T.);
#4670=ORIENTED_EDGE('',*,*,#4660,.F.);
#4680=CARTESIAN_POINT('',(-9.9904619999999795E+00,1.0672844999999995E+01
   ,-1.1430000000000000E+01));
#4690=DIRECTION('',(0.0000000000000000E+00,0.0000000000000000E+00,
   1.0000000000000000E+00));
#4700=DIRECTION('',(1.0000000000000000E+00,0.0000000000000000E+00,
   0.0000000000000000E+00));
#4710=AXIS2_PLACEMENT_3D('',#4680,#4690,#4700);
#4720=CIRCLE('',#4710,3.0000000000001137E-01);
#4730=CARTESIAN_POINT('',(-1.0290461999999991E+01,1.0672844999999995E+01
   ,-1.1430000000000000E+01));
#4740=VERTEX_POINT('',#4730);
#4750=EDGE_CURVE('',#4650,#4740,#4720,.T.);
#4760=ORIENTED_EDGE('',*,*,#4750,.F.);
#4770=CARTESIAN_POINT('',(-1.0290461999999991E+01,0.0000000000000000E+00
   ,-1.1430000000000000E+01));
#4780=DIRECTION('',(0.0000000000000000E+00,-1.0000000000000000E+00,
   0.0000000000000000E+00));
#4790=VECTOR('',#4780,1.0000000000000000E+00);
#4800=LINE('',#4770,#4790);
#4810=CARTESIAN_POINT('',(-1.0290461999999991E+01,5.2728449999999896E+00
   ,-1.1430000000000000E+01));
#4820=VERTEX_POINT('',#4810);
#4830=EDGE_CURVE('',#4740,#4820,#4800,.T.);
#4840=ORIENTED_EDGE('',*,*,#4830,.F.);
#4850=CARTESIAN_POINT('',(-1.0290461999999991E+01,5.2728449999999896E+00
   ,-1.1430000000000000E+01));
#4860=DIRECTION('',(1.0000000000000000E+00,0.0000000000000000E+00,
   0.0000000000000000E+00));
#4870=VECTOR('',#4860,1.0000000000000000E+00);
#4880=LINE('',#4850,#4870);
#4890=CARTESIAN_POINT('',(-9.5974620000000428E+00,5.2728449999999896E+00
   ,-1.1430000000000000E+01));
#4900=VERTEX_POINT('',#4890);
#4910=EDGE_CURVE('',#4820,#4900,#4880,.T.);
#4920=ORIENTED_EDGE('',*,*,#4910,.F.);
#4930=CARTESIAN_POINT('',(-9.5974620000000428E+00,0.0000000000000000E+00
   ,-1.1430000000000000E+01));
#4940=DIRECTION('',(0.0000000000000000E+00,-1.0000000000000000E+00,
   0.0000000000000000E+00));
#4950=VECTOR('',#4940,1.0000000000000000E+00);
#4960=LINE('',#4930,#4950);
#4970=CARTESIAN_POINT('',(-9.5974620000000428E+00,9.7728449999999896E+00
   ,-1.1430000000000000E+01));
#4980=VERTEX_POINT('',#4970);
#4990=EDGE_CURVE('',#4980,#4900,#4960,.T.);
#5000=ORIENTED_EDGE('',*,*,#4990,.T.);
#5010=CARTESIAN_POINT('',(0.0000000000000000E+00,9.7728449999999896E+00,
   -1.1430000000000000E+01));
#5020=DIRECTION('',(1.0000000000000000E+00,0.0000000000000000E+00,
   0.0000000000000000E+00));
#5030=VECTOR('',#5020,1.0000000000000000E+00);
#5040=LINE('',#5010,#5030);
#5050=CARTESIAN_POINT('',(-9.1834619999999987E+00,9.7728449999999896E+00
   ,-1.1430000000000000E+01));
#5060=VERTEX_POINT('',#5050);
#5070=EDGE_CURVE('',#4980,#5060,#5040,.T.);
#5080=ORIENTED_EDGE('',*,*,#5070,.F.);
#5090=CARTESIAN_POINT('',(-9.1834619999999987E+00,0.0000000000000000E+00
   ,-1.1430000000000000E+01));
#5100=DIRECTION('',(0.0000000000000000E+00,1.0000000000000000E+00,
   0.0000000000000000E+00));
#5110=VECTOR('',#5100,1.0000000000000000E+00);
#5120=LINE('',#5090,#5110);
#5130=CARTESIAN_POINT('',(-9.1834619999999987E+00,5.2728449999999896E+00
   ,-1.1430000000000003E+01));
#5140=VERTEX_POINT('',#5130);
#5150=EDGE_CURVE('',#5140,#5060,#5120,.T.);
#5160=ORIENTED_EDGE('',*,*,#5150,.T.);
#5170=CARTESIAN_POINT('',(-2.1904620000000250E+00,5.2728449999999896E+00
   ,-1.1430000000000000E+01));
#5180=VERTEX_POINT('',#5170);
#5190=EDGE_CURVE('',#5140,#5180,#4880,.T.);
#5200=ORIENTED_EDGE('',*,*,#5190,.F.);
#5210=CARTESIAN_POINT('',(-2.1904620000000250E+00,5.2728449999999896E+00
   ,-1.1430000000000000E+01));
#5220=DIRECTION('',(0.0000000000000000E+00,1.0000000000000000E+00,
   0.0000000000000000E+00));
#5230=VECTOR('',#5220,1.0000000000000000E+00);
#5240=LINE('',#5210,#5230);
#5250=CARTESIAN_POINT('',(-2.1904620000000250E+00,9.1149611675112112E+00
   ,-1.1430000000000000E+01));
#5260=VERTEX_POINT('',#5250);
#5270=EDGE_CURVE('',#5180,#5260,#5240,.T.);
#5280=ORIENTED_EDGE('',*,*,#5270,.F.);
#5290=CARTESIAN_POINT('',(-3.3386626522437268E+00,1.3400104338968589E+01
   ,-1.1430000000000000E+01));
#5300=DIRECTION('',(-2.5881904510247711E-01,9.6592582628907997E-01,
   0.0000000000000000E+00));
#5310=VECTOR('',#5300,1.0000000000000000E+00);
#5320=LINE('',#5290,#5310);
#5330=EDGE_CURVE('',#5260,#4300,#5320,.T.);
#5340=ORIENTED_EDGE('',*,*,#5330,.F.);
#5350=EDGE_LOOP('',(#5340,#5280,#5200,#5160,#5080,#5000,#4920,#4840,
   #4760,#4670,#4590,#4510,#4420,#4340));
#5360=FACE_OUTER_BOUND('',#5350,.T.);
#5370=ADVANCED_FACE('',(#5360),#4230,.F.);
#5380=COLOUR_RGB('',5.0196081399917603E-01,1.0000000000000000E+00,
   5.0196081399917603E-01);
#5390=FILL_AREA_STYLE_COLOUR('',#5380);
#5400=FILL_AREA_STYLE('',(#5390));
#5410=SURFACE_STYLE_FILL_AREA(#5400);
#5420=SURFACE_SIDE_STYLE('',(#5410));
#5430=SURFACE_STYLE_USAGE(.BOTH.,#5420);
#5440=PRESENTATION_STYLE_ASSIGNMENT((#5430));
#5450=CARTESIAN_POINT('',(-9.8584410716738375E+00,9.9728450000000066E+00
   ,-7.6200000000000001E+00));
#5460=DIRECTION('',(0.0000000000000000E+00,0.0000000000000000E+00,
   1.0000000000000000E+00));
#5470=DIRECTION('',(1.0000000000000000E+00,0.0000000000000000E+00,
   0.0000000000000000E+00));
#5480=AXIS2_PLACEMENT_3D('',#5450,#5460,#5470);
#5490=CYLINDRICAL_SURFACE('',#5480,4.9999999999996880E-01);
#5500=CARTESIAN_POINT('',(-9.8584410716738375E+00,9.9728450000000066E+00
   ,-9.3204542940409478E+00));
#5510=DIRECTION('',(3.2711056388315635E-01,0.0000000000000000E+00,
   -9.4498607344026164E-01));
#5520=DIRECTION('',(-9.4498607344026164E-01,0.0000000000000000E+00,
   -3.2711056388315640E-01));
#5530=AXIS2_PLACEMENT_3D('',#5500,#5510,#5520);
#5540=ELLIPSE('',#5530,5.2910832662294982E-01,4.9999999999996880E-01);
#5550=CARTESIAN_POINT('',(-9.8584410716738375E+00,1.0472845000000007E+01
   ,-9.3204542940409478E+00));
#5560=VERTEX_POINT('',#5550);
#5570=CARTESIAN_POINT('',(-9.3850384503517716E+00,1.0133748567783215E+01
   ,-9.1565841558910073E+00));
#5580=VERTEX_POINT('',#5570);
#5590=EDGE_CURVE('',#5560,#5580,#5540,.T.);
#5600=ORIENTED_EDGE('',*,*,#5590,.T.);
#5610=CARTESIAN_POINT('',(-9.8584410716738375E+00,1.0472845000000007E+01
   ,-7.6200000000000001E+00));
#5620=DIRECTION('',(0.0000000000000000E+00,0.0000000000000000E+00,
   -1.0000000000000000E+00));
#5630=VECTOR('',#5620,1.0000000000000000E+00);
#5640=LINE('',#5610,#5630);
#5650=EDGE_CURVE('',#2730,#5560,#5640,.T.);
#5660=ORIENTED_EDGE('',*,*,#5650,.T.);
#5670=ORIENTED_EDGE('',*,*,#2740,.T.);
#5680=CARTESIAN_POINT('',(-9.3850384503517716E+00,1.0133748567783215E+01
   ,-7.6200000000000001E+00));
#5690=DIRECTION('',(0.0000000000000000E+00,0.0000000000000000E+00,
   -1.0000000000000000E+00));
#5700=VECTOR('',#5690,1.0000000000000000E+00);
#5710=LINE('',#5680,#5700);
#5720=EDGE_CURVE('',#2640,#5580,#5710,.T.);
#5730=ORIENTED_EDGE('',*,*,#5720,.F.);
#5740=EDGE_LOOP('',(#5730,#5670,#5660,#5600));
#5750=FACE_OUTER_BOUND('',#5740,.T.);
#5760=ADVANCED_FACE('',(#5750),#5490,.F.);
#5770=COLOUR_RGB('',5.0196081399917603E-01,1.0000000000000000E+00,
   5.0196081399917603E-01);
#5780=FILL_AREA_STYLE_COLOUR('',#5770);
#5790=FILL_AREA_STYLE('',(#5780));
#5800=SURFACE_STYLE_FILL_AREA(#5790);
#5810=SURFACE_SIDE_STYLE('',(#5800));
#5820=SURFACE_STYLE_USAGE(.BOTH.,#5810);
#5830=PRESENTATION_STYLE_ASSIGNMENT((#5820));
#5840=CARTESIAN_POINT('',(-5.9929746265846688E+00,1.3222844999999985E+01
   ,-2.4748737341531779E-01));
#5850=DIRECTION('',(-7.0710678118654746E-01,0.0000000000000000E+00,
   7.0710678118654757E-01));
#5860=DIRECTION('',(0.0000000000000000E+00,1.0000000000000000E+00,
   0.0000000000000000E+00));
#5870=AXIS2_PLACEMENT_3D('',#5840,#5850,#5860);
#5880=PLANE('',#5870);
#5890=CARTESIAN_POINT('',(-5.7454872531693510E+00,1.4222844999999992E+01
   ,-2.6645352591003757E-15));
#5900=VERTEX_POINT('',#5890);
#5910=EDGE_CURVE('',#5900,#1470,#1450,.T.);
#5920=ORIENTED_EDGE('',*,*,#5910,.F.);
#5930=CARTESIAN_POINT('',(-5.6056762919639525E+00,2.5272844999999990E+01
   ,1.3981096120540215E-01));
#5940=DIRECTION('',(0.0000000000000000E+00,-1.0000000000000000E+00,
   0.0000000000000000E+00));
#5950=VECTOR('',#5940,1.0000000000000000E+00);
#5960=LINE('',#5930,#5950);
#5970=CARTESIAN_POINT('',(-5.6056762919640661E+00,1.3222844999999985E+01
   ,1.3981096120593595E-01));
#5980=VERTEX_POINT('',#5970);
#5990=EDGE_CURVE('',#1470,#5980,#5960,.T.);
#6000=ORIENTED_EDGE('',*,*,#5990,.F.);
#6010=CARTESIAN_POINT('',(-5.9337133240731973E+01,1.3222844999999985E+01
   ,-5.3591645987562615E+01));
#6020=DIRECTION('',(-7.0710678118654757E-01,0.0000000000000000E+00,
   -7.0710678118654746E-01));
#6030=VECTOR('',#6020,1.0000000000000000E+00);
#6040=LINE('',#6010,#6030);
#6050=CARTESIAN_POINT('',(-5.7454872531693510E+00,1.3222844999999985E+01
   ,-2.6645352591003757E-15));
#6060=VERTEX_POINT('',#6050);
#6070=EDGE_CURVE('',#5980,#6060,#6040,.T.);
#6080=ORIENTED_EDGE('',*,*,#6070,.F.);
#6090=CARTESIAN_POINT('',(-5.7454872531693510E+00,
   -3.7032246989143843E+01,0.0000000000000000E+00));
#6100=DIRECTION('',(-0.0000000000000000E+00,-1.0000000000000000E+00,
   0.0000000000000000E+00));
#6110=VECTOR('',#6100,1.0000000000000000E+00);
#6120=LINE('',#6090,#6110);
#6130=EDGE_CURVE('',#5900,#6060,#6120,.T.);
#6140=ORIENTED_EDGE('',*,*,#6130,.T.);
#6150=EDGE_LOOP('',(#6140,#6080,#6000,#5920));
#6160=FACE_OUTER_BOUND('',#6150,.T.);
#6170=ADVANCED_FACE('',(#6160),#5880,.T.);
#6180=COLOUR_RGB('',9.4901967048645020E-01,9.4901967048645020E-01,
   1.0000000000000000E+00);
#6190=FILL_AREA_STYLE_COLOUR('',#6180);
#6200=FILL_AREA_STYLE('',(#6190));
#6210=SURFACE_STYLE_FILL_AREA(#6200);
#6220=SURFACE_SIDE_STYLE('',(#6210));
#6230=SURFACE_STYLE_USAGE(.BOTH.,#6220);
#6240=PRESENTATION_STYLE_ASSIGNMENT((#6230));
#6250=CARTESIAN_POINT('',(-6.4904619999999937E+00,4.7728449999999896E+00
   ,-7.1200000000000001E+00));
#6260=DIRECTION('',(0.0000000000000000E+00,0.0000000000000000E+00,
   1.0000000000000000E+00));
#6270=DIRECTION('',(1.0000000000000000E+00,0.0000000000000000E+00,
   0.0000000000000000E+00));
#6280=AXIS2_PLACEMENT_3D('',#6250,#6260,#6270);
#6290=PLANE('',#6280);
#6300=CARTESIAN_POINT('',(-5.9904619999999937E+00,4.7728449999999896E+00
   ,-7.1200000000000001E+00));
#6310=DIRECTION('',(0.0000000000000000E+00,-1.0000000000000000E+00,
   0.0000000000000000E+00));
#6320=VECTOR('',#6310,1.0000000000000000E+00);
#6330=LINE('',#6300,#6320);
#6340=CARTESIAN_POINT('',(-5.9904619999999937E+00,4.7728449999999896E+00
   ,-7.1200000000000001E+00));
#6350=VERTEX_POINT('',#6340);
#6360=CARTESIAN_POINT('',(-5.9904619999999937E+00,2.7728449999999896E+00
   ,-7.1199999999999983E+00));
#6370=VERTEX_POINT('',#6360);
#6380=EDGE_CURVE('',#6350,#6370,#6330,.T.);
#6390=ORIENTED_EDGE('',*,*,#6380,.F.);
#6400=CARTESIAN_POINT('',(-5.9337133240731973E+01,2.7728449999999825E+00
   ,-7.1200000000000001E+00));
#6410=DIRECTION('',(1.0000000000000000E+00,0.0000000000000000E+00,
   0.0000000000000000E+00));
#6420=VECTOR('',#6410,1.0000000000000000E+00);
#6430=LINE('',#6400,#6420);
#6440=EDGE_CURVE('',#3920,#6370,#6430,.T.);
#6450=ORIENTED_EDGE('',*,*,#6440,.T.);
#6460=ORIENTED_EDGE('',*,*,#3930,.T.);
#6470=CARTESIAN_POINT('',(-5.9337133240731973E+01,4.7728449999999896E+00
   ,-7.1200000000000001E+00));
#6480=DIRECTION('',(-1.0000000000000000E+00,0.0000000000000000E+00,
   0.0000000000000000E+00));
#6490=VECTOR('',#6480,1.0000000000000000E+00);
#6500=LINE('',#6470,#6490);
#6510=EDGE_CURVE('',#6350,#3840,#6500,.T.);
#6520=ORIENTED_EDGE('',*,*,#6510,.T.);
#6530=EDGE_LOOP('',(#6520,#6460,#6450,#6390));
#6540=FACE_OUTER_BOUND('',#6530,.T.);
#6550=ADVANCED_FACE('',(#6540),#6290,.T.);
#6560=COLOUR_RGB('',9.4901967048645020E-01,9.4901967048645020E-01,
   1.0000000000000000E+00);
#6570=FILL_AREA_STYLE_COLOUR('',#6560);
#6580=FILL_AREA_STYLE('',(#6570));
#6590=SURFACE_STYLE_FILL_AREA(#6580);
#6600=SURFACE_SIDE_STYLE('',(#6590));
#6610=SURFACE_STYLE_USAGE(.BOTH.,#6600);
#6620=PRESENTATION_STYLE_ASSIGNMENT((#6610));
#6630=CARTESIAN_POINT('',(-1.0290461999999970E+01,7.0728449999999867E+00
   ,-9.4699999999999882E+00));
#6640=DIRECTION('',(3.2711056388315635E-01,0.0000000000000000E+00,
   -9.4498607344026164E-01));
#6650=DIRECTION('',(-9.4498607344026164E-01,0.0000000000000000E+00,
   -3.2711056388315635E-01));
#6660=AXIS2_PLACEMENT_3D('',#6630,#6640,#6650);
#6670=PLANE('',#6660);
#6680=CARTESIAN_POINT('',(0.0000000000000000E+00,1.0472845000000007E+01,
   -5.9079170000001211E+00));
#6690=DIRECTION('',(-9.4498607344026164E-01,0.0000000000000000E+00,
   -3.2711056388315635E-01));
#6700=VECTOR('',#6690,1.0000000000000000E+00);
#6710=LINE('',#6680,#6700);
#6720=CARTESIAN_POINT('',(-1.0290461999999991E+01,1.0472845000000007E+01
   ,-9.4699999999999953E+00));
#6730=VERTEX_POINT('',#6720);
#6740=EDGE_CURVE('',#5560,#6730,#6710,.T.);
#6750=ORIENTED_EDGE('',*,*,#6740,.T.);
#6760=ORIENTED_EDGE('',*,*,#5590,.F.);
#6770=CARTESIAN_POINT('',(-5.9407053897954754E+00,0.0000000000000000E+00
   ,-7.9643150195446397E+00));
#6780=DIRECTION('',(-3.1982890758865701E-01,9.4098499687157400E-01,
   -1.1071000647299284E-01));
#6790=VECTOR('',#6780,1.0000000000000000E+00);
#6800=LINE('',#6770,#6790);
#6810=CARTESIAN_POINT('',(-8.9904619999999724E+00,8.9728449999999924E+00
   ,-9.0200000000000067E+00));
#6820=VERTEX_POINT('',#6810);
#6830=EDGE_CURVE('',#6820,#5580,#6800,.T.);
#6840=ORIENTED_EDGE('',*,*,#6830,.T.);
#6850=CARTESIAN_POINT('',(-8.9904619999999582E+00,0.0000000000000000E+00
   ,-9.0199999999999996E+00));
#6860=DIRECTION('',(0.0000000000000000E+00,1.0000000000000000E+00,
   0.0000000000000000E+00));
#6870=VECTOR('',#6860,1.0000000000000000E+00);
#6880=LINE('',#6850,#6870);
#6890=EDGE_CURVE('',#2270,#6820,#6880,.T.);
#6900=ORIENTED_EDGE('',*,*,#6890,.T.);
#6910=ORIENTED_EDGE('',*,*,#2280,.F.);
#6920=CARTESIAN_POINT('',(-1.0290461999999991E+01,0.0000000000000000E+00
   ,-9.4699999999999953E+00));
#6930=DIRECTION('',(0.0000000000000000E+00,-1.0000000000000000E+00,
   0.0000000000000000E+00));
#6940=VECTOR('',#6930,1.0000000000000000E+00);
#6950=LINE('',#6920,#6940);
#6960=EDGE_CURVE('',#6730,#2190,#6950,.T.);
#6970=ORIENTED_EDGE('',*,*,#6960,.T.);
#6980=EDGE_LOOP('',(#6970,#6910,#6900,#6840,#6760,#6750));
#6990=FACE_OUTER_BOUND('',#6980,.T.);
#7000=ADVANCED_FACE('',(#6990),#6670,.F.);
#7010=COLOUR_RGB('',5.0196081399917603E-01,1.0000000000000000E+00,
   5.0196081399917603E-01);
#7020=FILL_AREA_STYLE_COLOUR('',#7010);
#7030=FILL_AREA_STYLE('',(#7020));
#7040=SURFACE_STYLE_FILL_AREA(#7030);
#7050=SURFACE_SIDE_STYLE('',(#7040));
#7060=SURFACE_STYLE_USAGE(.BOTH.,#7050);
#7070=PRESENTATION_STYLE_ASSIGNMENT((#7060));
#7080=CARTESIAN_POINT('',(-8.2209121844113042E+00,1.4772844999999990E+01
   ,0.0000000000000000E+00));
#7090=DIRECTION('',(0.0000000000000000E+00,0.0000000000000000E+00,
   1.0000000000000000E+00));
#7100=DIRECTION('',(1.0000000000000000E+00,0.0000000000000000E+00,
   0.0000000000000000E+00));
#7110=AXIS2_PLACEMENT_3D('',#7080,#7090,#7100);
#7120=CYLINDRICAL_SURFACE('',#7110,5.0000000000000000E-01);
#7130=CARTESIAN_POINT('',(-8.2209121844113042E+00,1.4772844999999990E+01
   ,3.8099999999999996E+00));
#7140=DIRECTION('',(0.0000000000000000E+00,0.0000000000000000E+00,
   1.0000000000000000E+00));
#7150=DIRECTION('',(1.0000000000000000E+00,0.0000000000000000E+00,
   0.0000000000000000E+00));
#7160=AXIS2_PLACEMENT_3D('',#7130,#7140,#7150);
#7170=CIRCLE('',#7160,5.0000000000000000E-01);
#7180=CARTESIAN_POINT('',(-8.2209121844113042E+00,1.5272844999999990E+01
   ,3.8099999999999996E+00));
#7190=VERTEX_POINT('',#7180);
#7200=CARTESIAN_POINT('',(-8.7133160609174070E+00,1.4859669088833499E+01
   ,3.8099999999999996E+00));
#7210=VERTEX_POINT('',#7200);
#7220=EDGE_CURVE('',#7190,#7210,#7170,.T.);
#7230=ORIENTED_EDGE('',*,*,#7220,.F.);
#7240=CARTESIAN_POINT('',(-8.7133160609174070E+00,1.4859669088833499E+01
   ,0.0000000000000000E+00));
#7250=DIRECTION('',(0.0000000000000000E+00,0.0000000000000000E+00,
   1.0000000000000000E+00));
#7260=VECTOR('',#7250,1.0000000000000000E+00);
#7270=LINE('',#7240,#7260);
#7280=EDGE_CURVE('',#4490,#7210,#7270,.T.);
#7290=ORIENTED_EDGE('',*,*,#7280,.T.);
#7300=ORIENTED_EDGE('',*,*,#4500,.T.);
#7310=CARTESIAN_POINT('',(-8.2209121844113042E+00,1.5272844999999990E+01
   ,0.0000000000000000E+00));
#7320=DIRECTION('',(0.0000000000000000E+00,0.0000000000000000E+00,
   -1.0000000000000000E+00));
#7330=VECTOR('',#7320,1.0000000000000000E+00);
#7340=LINE('',#7310,#7330);
#7350=EDGE_CURVE('',#7190,#4400,#7340,.T.);
#7360=ORIENTED_EDGE('',*,*,#7350,.T.);
#7370=EDGE_LOOP('',(#7360,#7300,#7290,#7230));
#7380=FACE_OUTER_BOUND('',#7370,.T.);
#7390=ADVANCED_FACE('',(#7380),#7120,.T.);
#7400=COLOUR_RGB('',5.0196081399917603E-01,1.0000000000000000E+00,
   5.0196081399917603E-01);
#7410=FILL_AREA_STYLE_COLOUR('',#7400);
#7420=FILL_AREA_STYLE('',(#7410));
#7430=SURFACE_STYLE_FILL_AREA(#7420);
#7440=SURFACE_SIDE_STYLE('',(#7430));
#7450=SURFACE_STYLE_USAGE(.BOTH.,#7440);
#7460=PRESENTATION_STYLE_ASSIGNMENT((#7450));
#7470=CARTESIAN_POINT('',(-6.2404619999999795E+00,1.4097844999999992E+01
   ,0.0000000000000000E+00));
#7480=DIRECTION('',(0.0000000000000000E+00,-1.0000000000000000E+00,
   0.0000000000000000E+00));
#7490=DIRECTION('',(-1.0000000000000000E+00,0.0000000000000000E+00,
   0.0000000000000000E+00));
#7500=AXIS2_PLACEMENT_3D('',#7470,#7480,#7490);
#7510=CYLINDRICAL_SURFACE('',#7500,1.9000000000000341E+00);
#7520=CARTESIAN_POINT('',(-4.3404619999999454E+00,1.4097844999999992E+01
   ,-2.3268289183800128E-16));
#7530=DIRECTION('',(0.0000000000000000E+00,-1.0000000000000000E+00,
   0.0000000000000000E+00));
#7540=VECTOR('',#7530,1.0000000000000000E+00);
#7550=LINE('',#7520,#7540);
#7560=CARTESIAN_POINT('',(-4.3404619999999454E+00,1.5272844999999990E+01
   ,-2.3268289183800128E-16));
#7570=VERTEX_POINT('',#7560);
#7580=EDGE_CURVE('',#7570,#1840,#7550,.T.);
#7590=ORIENTED_EDGE('',*,*,#7580,.T.);
#7600=CARTESIAN_POINT('',(-6.2404619999999795E+00,1.5272844999999990E+01
   ,0.0000000000000000E+00));
#7610=DIRECTION('',(0.0000000000000000E+00,-1.0000000000000000E+00,
   0.0000000000000000E+00));
#7620=DIRECTION('',(-1.0000000000000000E+00,0.0000000000000000E+00,
   0.0000000000000000E+00));
#7630=AXIS2_PLACEMENT_3D('',#7600,#7610,#7620);
#7640=CIRCLE('',#7630,1.9000000000000341E+00);
#7650=CARTESIAN_POINT('',(-8.1404620000000136E+00,1.5272844999999990E+01
   ,0.0000000000000000E+00));
#7660=VERTEX_POINT('',#7650);
#7670=EDGE_CURVE('',#7570,#7660,#7640,.T.);
#7680=ORIENTED_EDGE('',*,*,#7670,.F.);
#7690=CARTESIAN_POINT('',(-8.1404620000000136E+00,1.4097844999999992E+01
   ,0.0000000000000000E+00));
#7700=DIRECTION('',(0.0000000000000000E+00,-1.0000000000000000E+00,
   0.0000000000000000E+00));
#7710=VECTOR('',#7700,1.0000000000000000E+00);
#7720=LINE('',#7690,#7710);
#7730=CARTESIAN_POINT('',(-8.1404620000000136E+00,1.4222844999999992E+01
   ,0.0000000000000000E+00));
#7740=VERTEX_POINT('',#7730);
#7750=EDGE_CURVE('',#7660,#7740,#7720,.T.);
#7760=ORIENTED_EDGE('',*,*,#7750,.F.);
#7770=CARTESIAN_POINT('',(-6.2404619999999795E+00,1.4222844999999992E+01
   ,0.0000000000000000E+00));
#7780=DIRECTION('',(0.0000000000000000E+00,-1.0000000000000000E+00,
   0.0000000000000000E+00));
#7790=DIRECTION('',(-1.0000000000000000E+00,0.0000000000000000E+00,
   0.0000000000000000E+00));
#7800=AXIS2_PLACEMENT_3D('',#7770,#7780,#7790);
#7810=CIRCLE('',#7800,1.9000000000000341E+00);
#7820=CARTESIAN_POINT('',(-5.1674381087908117E+00,1.4222844999999992E+01
   ,1.5679986380397342E+00));
#7830=VERTEX_POINT('',#7820);
#7840=EDGE_CURVE('',#7830,#7740,#7810,.T.);
#7850=ORIENTED_EDGE('',*,*,#7840,.T.);
#7860=CARTESIAN_POINT('',(-5.1674381087908117E+00,1.4097844999999992E+01
   ,1.5679986380397342E+00));
#7870=DIRECTION('',(0.0000000000000000E+00,-1.0000000000000000E+00,
   0.0000000000000000E+00));
#7880=VECTOR('',#7870,1.0000000000000000E+00);
#7890=LINE('',#7860,#7880);
#7900=CARTESIAN_POINT('',(-5.1674381087908117E+00,1.3222844999999985E+01
   ,1.5679986380397342E+00));
#7910=VERTEX_POINT('',#7900);
#7920=EDGE_CURVE('',#7830,#7910,#7890,.T.);
#7930=ORIENTED_EDGE('',*,*,#7920,.F.);
#7940=CARTESIAN_POINT('',(-6.2404619999999795E+00,1.3222844999999985E+01
   ,0.0000000000000000E+00));
#7950=DIRECTION('',(0.0000000000000000E+00,-1.0000000000000000E+00,
   0.0000000000000000E+00));
#7960=DIRECTION('',(-1.0000000000000000E+00,0.0000000000000000E+00,
   0.0000000000000000E+00));
#7970=AXIS2_PLACEMENT_3D('',#7940,#7950,#7960);
#7980=CIRCLE('',#7970,1.9000000000000341E+00);
#7990=CARTESIAN_POINT('',(-4.6724633619602187E+00,1.3222844999999985E+01
   ,1.0730238912091306E+00));
#8000=VERTEX_POINT('',#7990);
#8010=EDGE_CURVE('',#8000,#7910,#7980,.T.);
#8020=ORIENTED_EDGE('',*,*,#8010,.T.);
#8030=CARTESIAN_POINT('',(-4.6724633619602187E+00,1.4097844999999992E+01
   ,1.0730238912091306E+00));
#8040=DIRECTION('',(0.0000000000000000E+00,-1.0000000000000000E+00,
   0.0000000000000000E+00));
#8050=VECTOR('',#8040,1.0000000000000000E+00);
#8060=LINE('',#8030,#8050);
#8070=EDGE_CURVE('',#1490,#8000,#8060,.T.);
#8080=ORIENTED_EDGE('',*,*,#8070,.T.);
#8090=ORIENTED_EDGE('',*,*,#1870,.T.);
#8100=EDGE_LOOP('',(#8090,#8080,#8020,#7930,#7850,#7760,#7680,#7590));
#8110=FACE_OUTER_BOUND('',#8100,.T.);
#8120=ADVANCED_FACE('',(#8110),#7510,.F.);
#8130=COLOUR_RGB('',5.0196081399917603E-01,1.0000000000000000E+00,
   5.0196081399917603E-01);
#8140=FILL_AREA_STYLE_COLOUR('',#8130);
#8150=FILL_AREA_STYLE('',(#8140));
#8160=SURFACE_STYLE_FILL_AREA(#8150);
#8170=SURFACE_SIDE_STYLE('',(#8160));
#8180=SURFACE_STYLE_USAGE(.BOTH.,#8170);
#8190=PRESENTATION_STYLE_ASSIGNMENT((#8180));
#8200=CARTESIAN_POINT('',(-8.9904619999999795E+00,8.9728450000000066E+00
   ,-7.6200000000000001E+00));
#8210=DIRECTION('',(9.4680524264423249E-01,3.2180713556631402E-01,
   0.0000000000000000E+00));
#8220=DIRECTION('',(3.2180713556631402E-01,-9.4680524264423249E-01,
   0.0000000000000000E+00));
#8230=AXIS2_PLACEMENT_3D('',#8200,#8210,#8220);
#8240=PLANE('',#8230);
#8250=ORIENTED_EDGE('',*,*,#2650,.T.);
#8260=CARTESIAN_POINT('',(-8.9904619999999795E+00,8.9728449999999924E+00
   ,-7.6200000000000001E+00));
#8270=DIRECTION('',(0.0000000000000000E+00,0.0000000000000000E+00,
   1.0000000000000000E+00));
#8280=VECTOR('',#8270,1.0000000000000000E+00);
#8290=LINE('',#8260,#8280);
#8300=EDGE_CURVE('',#6820,#2560,#8290,.T.);
#8310=ORIENTED_EDGE('',*,*,#8300,.T.);
#8320=ORIENTED_EDGE('',*,*,#6830,.F.);
#8330=ORIENTED_EDGE('',*,*,#5720,.T.);
#8340=EDGE_LOOP('',(#8330,#8320,#8310,#8250));
#8350=FACE_OUTER_BOUND('',#8340,.T.);
#8360=ADVANCED_FACE('',(#8350),#8240,.F.);
#8370=COLOUR_RGB('',5.0196081399917603E-01,1.0000000000000000E+00,
   5.0196081399917603E-01);
#8380=FILL_AREA_STYLE_COLOUR('',#8370);
#8390=FILL_AREA_STYLE('',(#8380));
#8400=SURFACE_STYLE_FILL_AREA(#8390);
#8410=SURFACE_SIDE_STYLE('',(#8400));
#8420=SURFACE_STYLE_USAGE(.BOTH.,#8410);
#8430=PRESENTATION_STYLE_ASSIGNMENT((#8420));
#8440=CARTESIAN_POINT('',(-7.3485817023526252E+00,8.9728449999999924E+00
   ,-8.7733082614301630E+00));
#8450=DIRECTION('',(0.0000000000000000E+00,-1.0000000000000000E+00,
   0.0000000000000000E+00));
#8460=DIRECTION('',(1.0000000000000000E+00,0.0000000000000000E+00,
   0.0000000000000000E+00));
#8470=AXIS2_PLACEMENT_3D('',#8440,#8450,#8460);
#8480=PLANE('',#8470);
#8490=CARTESIAN_POINT('',(0.0000000000000000E+00,8.9728450000000066E+00,
   -6.2199999999999891E+00));
#8500=DIRECTION('',(1.0000000000000000E+00,0.0000000000000000E+00,
   0.0000000000000000E+00));
#8510=VECTOR('',#8500,1.0000000000000000E+00);
#8520=LINE('',#8490,#8510);
#8530=EDGE_CURVE('',#2560,#290,#8520,.T.);
#8540=ORIENTED_EDGE('',*,*,#8530,.F.);
#8550=ORIENTED_EDGE('',*,*,#300,.F.);
#8560=CARTESIAN_POINT('',(0.0000000000000000E+00,8.9728450000000066E+00,
   -9.0199999999999996E+00));
#8570=DIRECTION('',(-1.0000000000000000E+00,0.0000000000000000E+00,
   0.0000000000000000E+00));
#8580=VECTOR('',#8570,1.0000000000000000E+00);
#8590=LINE('',#8560,#8580);
#8600=EDGE_CURVE('',#210,#6820,#8590,.T.);
#8610=ORIENTED_EDGE('',*,*,#8600,.F.);
#8620=ORIENTED_EDGE('',*,*,#8300,.F.);
#8630=EDGE_LOOP('',(#8620,#8610,#8550,#8540));
#8640=FACE_OUTER_BOUND('',#8630,.T.);
#8650=ADVANCED_FACE('',(#8640),#8480,.T.);
#8660=COLOUR_RGB('',5.0196081399917603E-01,1.0000000000000000E+00,
   5.0196081399917603E-01);
#8670=FILL_AREA_STYLE_COLOUR('',#8660);
#8680=FILL_AREA_STYLE('',(#8670));
#8690=SURFACE_STYLE_FILL_AREA(#8680);
#8700=SURFACE_SIDE_STYLE('',(#8690));
#8710=SURFACE_STYLE_USAGE(.BOTH.,#8700);
#8720=PRESENTATION_STYLE_ASSIGNMENT((#8710));
#8730=CARTESIAN_POINT('',(-8.9904619999999582E+00,7.0728449999999867E+00
   ,-9.0199999999999996E+00));
#8740=DIRECTION('',(0.0000000000000000E+00,0.0000000000000000E+00,
   -1.0000000000000000E+00));
#8750=DIRECTION('',(-1.0000000000000000E+00,0.0000000000000000E+00,
   0.0000000000000000E+00));
#8760=AXIS2_PLACEMENT_3D('',#8730,#8740,#8750);
#8770=PLANE('',#8760);
#8780=CARTESIAN_POINT('',(0.0000000000000000E+00,7.0728450000000009E+00,
   -9.0199999999999996E+00));
#8790=DIRECTION('',(1.0000000000000000E+00,0.0000000000000000E+00,
   0.0000000000000000E+00));
#8800=VECTOR('',#8790,1.0000000000000000E+00);
#8810=LINE('',#8780,#8800);
#8820=EDGE_CURVE('',#2270,#110,#8810,.T.);
#8830=ORIENTED_EDGE('',*,*,#8820,.T.);
#8840=ORIENTED_EDGE('',*,*,#6890,.F.);
#8850=ORIENTED_EDGE('',*,*,#8600,.T.);
#8860=ORIENTED_EDGE('',*,*,#220,.T.);
#8870=EDGE_LOOP('',(#8860,#8850,#8840,#8830));
#8880=FACE_OUTER_BOUND('',#8870,.T.);
#8890=ADVANCED_FACE('',(#8880),#8770,.F.);
#8900=COLOUR_RGB('',5.0196081399917603E-01,1.0000000000000000E+00,
   5.0196081399917603E-01);
#8910=FILL_AREA_STYLE_COLOUR('',#8900);
#8920=FILL_AREA_STYLE('',(#8910));
#8930=SURFACE_STYLE_FILL_AREA(#8920);
#8940=SURFACE_SIDE_STYLE('',(#8930));
#8950=SURFACE_STYLE_USAGE(.BOTH.,#8940);
#8960=PRESENTATION_STYLE_ASSIGNMENT((#8950));
#8970=CARTESIAN_POINT('',(-9.2434024190612618E+00,4.7728449999999896E+00
   ,-1.9200113465742472E+00));
#8980=DIRECTION('',(0.0000000000000000E+00,-1.0000000000000000E+00,
   0.0000000000000000E+00));
#8990=DIRECTION('',(1.0000000000000000E+00,0.0000000000000000E+00,
   0.0000000000000000E+00));
#9000=AXIS2_PLACEMENT_3D('',#8970,#8980,#8990);
#9010=PLANE('',#9000);
#9020=ORIENTED_EDGE('',*,*,#3850,.F.);
#9030=CARTESIAN_POINT('',(-5.9337133240731973E+01,4.7728449999999896E+00
   ,-7.6200000000000001E+00));
#9040=DIRECTION('',(1.0000000000000000E+00,0.0000000000000000E+00,
   0.0000000000000000E+00));
#9050=VECTOR('',#9040,1.0000000000000000E+00);
#9060=LINE('',#9030,#9050);
#9070=CARTESIAN_POINT('',(-6.8904619999999941E+00,4.7728449999999896E+00
   ,-7.6200000000000001E+00));
#9080=VERTEX_POINT('',#9070);
#9090=EDGE_CURVE('',#9080,#3760,#9060,.T.);
#9100=ORIENTED_EDGE('',*,*,#9090,.T.);
#9110=CARTESIAN_POINT('',(-6.2404619999999937E+00,4.7728449999999896E+00
   ,-7.6199999999999992E+00));
#9120=DIRECTION('',(0.0000000000000000E+00,-1.0000000000000000E+00,
   0.0000000000000000E+00));
#9130=DIRECTION('',(1.0000000000000000E+00,0.0000000000000000E+00,
   0.0000000000000000E+00));
#9140=AXIS2_PLACEMENT_3D('',#9110,#9120,#9130);
#9150=CIRCLE('',#9140,6.5000000000000002E-01);
#9160=CARTESIAN_POINT('',(-5.5904619999999934E+00,4.7728449999999896E+00
   ,-7.6200000000000001E+00));
#9170=VERTEX_POINT('',#9160);
#9180=EDGE_CURVE('',#9170,#9080,#9150,.T.);
#9190=ORIENTED_EDGE('',*,*,#9180,.T.);
#9200=CARTESIAN_POINT('',(-5.9904619999999937E+00,4.7728449999999896E+00
   ,-7.6200000000000001E+00));
#9210=VERTEX_POINT('',#9200);
#9220=EDGE_CURVE('',#9210,#9170,#9060,.T.);
#9230=ORIENTED_EDGE('',*,*,#9220,.T.);
#9240=CARTESIAN_POINT('',(-5.9904619999999937E+00,4.7728449999999896E+00
   ,-2.6200000000000001E+00));
#9250=DIRECTION('',(0.0000000000000000E+00,0.0000000000000000E+00,
   1.0000000000000000E+00));
#9260=VECTOR('',#9250,1.0000000000000000E+00);
#9270=LINE('',#9240,#9260);
#9280=EDGE_CURVE('',#9210,#6350,#9270,.T.);
#9290=ORIENTED_EDGE('',*,*,#9280,.F.);
#9300=ORIENTED_EDGE('',*,*,#6510,.F.);
#9310=EDGE_LOOP('',(#9300,#9290,#9230,#9190,#9100,#9020));
#9320=FACE_OUTER_BOUND('',#9310,.T.);
#9330=ADVANCED_FACE('',(#9320),#9010,.T.);
#9340=COLOUR_RGB('',9.4901967048645020E-01,9.4901967048645020E-01,
   1.0000000000000000E+00);
#9350=FILL_AREA_STYLE_COLOUR('',#9340);
#9360=FILL_AREA_STYLE('',(#9350));
#9370=SURFACE_STYLE_FILL_AREA(#9360);
#9380=SURFACE_SIDE_STYLE('',(#9370));
#9390=SURFACE_STYLE_USAGE(.BOTH.,#9380);
#9400=PRESENTATION_STYLE_ASSIGNMENT((#9390));
#9410=CARTESIAN_POINT('',(-7.3485817023526252E+00,7.0728449999999867E+00
   ,-8.7733082614301630E+00));
#9420=DIRECTION('',(0.0000000000000000E+00,-1.0000000000000000E+00,
   0.0000000000000000E+00));
#9430=DIRECTION('',(1.0000000000000000E+00,0.0000000000000000E+00,
   0.0000000000000000E+00));
#9440=AXIS2_PLACEMENT_3D('',#9410,#9420,#9430);
#9450=PLANE('',#9440);
#9460=ORIENTED_EDGE('',*,*,#2340,.T.);
#9470=ORIENTED_EDGE('',*,*,#8820,.F.);
#9480=ORIENTED_EDGE('',*,*,#140,.F.);
#9490=CARTESIAN_POINT('',(0.0000000000000000E+00,7.0728450000000009E+00,
   -6.2199999999999891E+00));
#9500=DIRECTION('',(-1.0000000000000000E+00,0.0000000000000000E+00,
   0.0000000000000000E+00));
#9510=VECTOR('',#9500,1.0000000000000000E+00);
#9520=LINE('',#9490,#9510);
#9530=EDGE_CURVE('',#130,#2110,#9520,.T.);
#9540=ORIENTED_EDGE('',*,*,#9530,.F.);
#9550=EDGE_LOOP('',(#9540,#9480,#9470,#9460));
#9560=FACE_OUTER_BOUND('',#9550,.T.);
#9570=ADVANCED_FACE('',(#9560),#9450,.F.);
#9580=COLOUR_RGB('',5.0196081399917603E-01,1.0000000000000000E+00,
   5.0196081399917603E-01);
#9590=FILL_AREA_STYLE_COLOUR('',#9580);
#9600=FILL_AREA_STYLE('',(#9590));
#9610=SURFACE_STYLE_FILL_AREA(#9600);
#9620=SURFACE_SIDE_STYLE('',(#9610));
#9630=SURFACE_STYLE_USAGE(.BOTH.,#9620);
#9640=PRESENTATION_STYLE_ASSIGNMENT((#9630));
#9650=CARTESIAN_POINT('',(-3.8068478175015770E+00,1.4047395163060948E+01
   ,-7.6200000000000001E+00));
#9660=DIRECTION('',(-2.5881904510247805E-01,9.6592582628907986E-01,
   0.0000000000000000E+00));
#9670=DIRECTION('',(9.6592582628907997E-01,2.5881904510247739E-01,
   0.0000000000000000E+00));
#9680=AXIS2_PLACEMENT_3D('',#9650,#9660,#9670);
#9690=CONICAL_SURFACE('',#9680,4.8470094961280280E-01,
   2.6179938779910411E-01);
#9700=CARTESIAN_POINT('',(-3.3386626522437268E+00,1.3400104338968589E+01
   ,0.0000000000000000E+00));
#9710=DIRECTION('',(9.6592582628907075E-01,2.5881904510251180E-01,
   0.0000000000000000E+00));
#9720=DIRECTION('',(2.5881904510251180E-01,-9.6592582628907075E-01,
   0.0000000000000000E+00));
#9730=AXIS2_PLACEMENT_3D('',#9700,#9710,#9720);
#9740=PLANE('',#9730);
#9750=CARTESIAN_POINT('',(-3.3386626522322436E+00,1.3400104338879792E+01
   ,-7.6199999999871970E+00));
#9760=CARTESIAN_POINT('',(-3.3386626522321197E+00,1.3400104338879331E+01
   ,-7.6233381449091979E+00));
#9770=CARTESIAN_POINT('',(-3.3387198156278770E+00,1.3400317675622571E+01
   ,-7.6266748336166659E+00));
#9780=CARTESIAN_POINT('',(-3.3388312637243525E+00,1.3400733605581024E+01
   ,-7.6299712062034208E+00));
#9790=CARTESIAN_POINT('',(-3.3390386824218665E+00,1.3401507702698586E+01
   ,-7.6361061634623502E+00));
#9800=CARTESIAN_POINT('',(-3.3394317234278716E+00,1.3402974551700629E+01
   ,-7.6420822517964906E+00));
#9810=CARTESIAN_POINT('',(-3.3399808757569911E+00,1.3405024016093996E+01
   ,-7.6479094914419203E+00));
#9820=CARTESIAN_POINT('',(-3.3402550358228553E+00,1.3406047195389208E+01
   ,-7.6508186959017452E+00));
#9830=CARTESIAN_POINT('',(-3.3405672694535191E+00,1.3407212467160976E+01
   ,-7.6536802849551817E+00));
#9840=CARTESIAN_POINT('',(-3.3409112724444836E+00,1.3408496303801211E+01
   ,-7.6564822483685706E+00));
#9850=CARTESIAN_POINT('',(-3.3412552750407176E+00,1.3409780138968292E+01
   ,-7.6592842085668087E+00));
#9860=CARTESIAN_POINT('',(-3.3416309706107894E+00,1.3411182253927388E+01
   ,-7.6620261916146042E+00));
#9870=CARTESIAN_POINT('',(-3.3420312999587836E+00,1.3412676303393862E+01
   ,-7.6646983297066562E+00));
#9880=CARTESIAN_POINT('',(-3.3424316770330100E+00,1.3414170530977062E+01
   ,-7.6673707863641196E+00));
#9890=CARTESIAN_POINT('',(-3.3428556911940834E+00,1.3415752973350410E+01
   ,-7.6699686823524722E+00));
#9900=CARTESIAN_POINT('',(-3.3433021392685247E+00,1.3417419140247166E+01
   ,-7.6725165994765216E+00));
#9910=CARTESIAN_POINT('',(-3.3437483771605265E+00,1.3419084522732380E+01
   ,-7.6750633170715172E+00));
#9920=CARTESIAN_POINT('',(-3.3442161519065490E+00,1.3420830281870057E+01
   ,-7.6775541433701644E+00));
#9930=CARTESIAN_POINT('',(-3.3447021606402876E+00,1.3422644091157292E+01
   ,-7.6799942794851326E+00));
#9940=CARTESIAN_POINT('',(-3.3456741336436946E+00,1.3426271543789591E+01
   ,-7.6848743284713761E+00));
#9950=CARTESIAN_POINT('',(-3.3467189856665831E+00,1.3430170984625409E+01
   ,-7.6895538632016418E+00));
#9960=CARTESIAN_POINT('',(-3.3478160963435490E+00,1.3434265457413371E+01
   ,-7.6940651643477151E+00));
#9970=CARTESIAN_POINT('',(-3.3488038572533347E+00,1.3437951831314422E+01
   ,-7.6981268210409910E+00));
#9980=CARTESIAN_POINT('',(-3.3498344845315757E+00,1.3441798184680481E+01
   ,-7.7020530937008234E+00));
#9990=CARTESIAN_POINT('',(-3.3508958637149089E+00,1.3445759305718777E+01
   ,-7.7058587796938216E+00));
#10000=CARTESIAN_POINT('',(-3.3519572380771780E+00,
   1.3449720408764616E+01,-7.7096644484003898E+00));
#10010=CARTESIAN_POINT('',(-3.3530495368346838E+00,
   1.3453796923224672E+01,-7.7133497679357470E+00));
#10020=CARTESIAN_POINT('',(-3.3541616133553314E+00,
   1.3457947249301634E+01,-7.7169222353576101E+00));
#10030=CARTESIAN_POINT('',(-3.3552736911811549E+00,
   1.3462097580249578E+01,-7.7204947069722589E+00));
#10040=CARTESIAN_POINT('',(-3.3564055606162735E+00,
   1.3466321774488975E+01,-7.7239541819160094E+00));
#10050=CARTESIAN_POINT('',(-3.3575465874258601E+00,
   1.3470580144515150E+01,-7.7273036036317162E+00));
#10060=CARTESIAN_POINT('',(-3.3586880913917341E+00,
   1.3474840295312834E+01,-7.7306544260135759E+00));
#10070=CARTESIAN_POINT('',(-3.3598463496294446E+00,
   1.3479162973904254E+01,-7.7339175389243380E+00));
#10080=CARTESIAN_POINT('',(-3.3610181127798149E+00,
   1.3483536053515873E+01,-7.7371064855503970E+00));
#10090=CARTESIAN_POINT('',(-3.3621898879009771E+00,
   1.3487909177803097E+01,-7.7402954647548974E+00));
#10100=CARTESIAN_POINT('',(-3.3633752303179878E+00,
   1.3492332935927745E+01,-7.7434103313210585E+00));
#10110=CARTESIAN_POINT('',(-3.3645717908876898E+00,
   1.3496798560768207E+01,-7.7464618976505069E+00));
#10120=CARTESIAN_POINT('',(-3.3657683576325503E+00,
   1.3501264208654675E+01,-7.7495134797283480E+00));
#10130=CARTESIAN_POINT('',(-3.3669761819847004E+00,
   1.3505771870503516E+01,-7.7525017838671362E+00));
#10140=CARTESIAN_POINT('',(-3.3681934808812430E+00,
   1.3510314891833412E+01,-7.7554354360758051E+00));
#10150=CARTESIAN_POINT('',(-3.3706280416279308E+00,
   1.3519400796234164E+01,-7.7613026512124845E+00));
#10160=CARTESIAN_POINT('',(-3.3731004997005778E+00,
   1.3528628135380869E+01,-7.7669529792044818E+00));
#10170=CARTESIAN_POINT('',(-3.3756000690547925E+00,
   1.3537956655207841E+01,-7.7724352404420598E+00));
#10180=CARTESIAN_POINT('',(-3.3776371704685970E+00,
   1.3545559221184330E+01,-7.7769031789287775E+00));
#10190=CARTESIAN_POINT('',(-3.3796925064041026E+00,
   1.3553229839322258E+01,-7.7812591182606141E+00));
#10200=CARTESIAN_POINT('',(-3.3817613748800470E+00,
   1.3560950961588661E+01,-7.7855205480308358E+00));
#10210=CARTESIAN_POINT('',(-3.3838302356057111E+00,
   1.3568672054930623E+01,-7.7897819618371251E+00));
#10220=CARTESIAN_POINT('',(-3.3859126830321604E+00,
   1.3576443854530224E+01,-7.7939488001790549E+00));
#10230=CARTESIAN_POINT('',(-3.3880043914650999E+00,
   1.3584250216676574E+01,-7.7980330821913135E+00));
#10240=CARTESIAN_POINT('',(-3.3900960939851328E+00,
   1.3592056556755658E+01,-7.8021173526579970E+00));
#10250=CARTESIAN_POINT('',(-3.3921970767129048E+00,
   1.3599897531037762E+01,-7.8061189995069116E+00));
#10260=CARTESIAN_POINT('',(-3.3943032384086198E+00,
   1.3607757833495127E+01,-7.8100463599391965E+00));
#10270=CARTESIAN_POINT('',(-3.3964089723369733E+00,
   1.3615616539502964E+01,-7.8139729227135364E+00));
#10280=CARTESIAN_POINT('',(-3.3985209353578196E+00,
   1.3623498492804234E+01,-7.8178272499321251E+00));
#10290=CARTESIAN_POINT('',(-3.4006409887120430E+00,
   1.3631410639636954E+01,-7.8216249180845949E+00));
#10300=CARTESIAN_POINT('',(-3.4048805570863143E+00,
   1.3647232924211897E+01,-7.8292192900673161E+00));
#10310=CARTESIAN_POINT('',(-3.4091478257858672E+00,
   1.3663158587808176E+01,-7.8365800824390410E+00));
#10320=CARTESIAN_POINT('',(-3.4134353247566089E+00,
   1.3679159751804384E+01,-7.8437632113696685E+00));
#10330=CARTESIAN_POINT('',(-3.4177228578900447E+00,
   1.3695161043297501E+01,-7.8509463975353029E+00));
#10340=CARTESIAN_POINT('',(-3.4220308748872408E+00,
   1.3711238781610907E+01,-7.8579515693871196E+00));
#10350=CARTESIAN_POINT('',(-3.4263545990864874E+00,
   1.3727375140000412E+01,-7.8648169844075522E+00));
#10360=CARTESIAN_POINT('',(-3.4306783325873118E+00,
   1.3743511533103877E+01,-7.8716824141974717E+00));
#10370=CARTESIAN_POINT('',(-3.4350178958729773E+00,
   1.3759707003768643E+01,-7.8784078664102788E+00));
#10380=CARTESIAN_POINT('',(-3.4393698343651766E+00,
   1.3775948659332945E+01,-7.8850203627642843E+00));
#10390=CARTESIAN_POINT('',(-3.4437217717621431E+00,
   1.3792190310809783E+01,-7.8916328574541525E+00));
#10400=CARTESIAN_POINT('',(-3.4480861454080602E+00,
   1.3808478374999563E+01,-7.8981322511063627E+00));
#10410=CARTESIAN_POINT('',(-3.4524601476878516E+00,
   1.3824802373740166E+01,-7.9045380681251105E+00));
#10420=CARTESIAN_POINT('',(-3.4568341456511402E+00,
   1.3841126356371364E+01,-7.9109438788222510E+00));
#10430=CARTESIAN_POINT('',(-3.4612178018461459E+00,
   1.3857486384014040E+01,-7.9172560127099221E+00));
#10440=CARTESIAN_POINT('',(-3.4656086375025730E+00,
   1.3873873205771510E+01,-7.9234888330068145E+00));
#10450=CARTESIAN_POINT('',(-3.4699994695126524E+00,
   1.3890260013920626E+01,-7.9297216481276918E+00));
#10460=CARTESIAN_POINT('',(-3.4743974934063422E+00,
   1.3906673662544781E+01,-7.9358750771337405E+00));
#10470=CARTESIAN_POINT('',(-3.4788004374939998E+00,
   1.3923105673582805E+01,-7.9419598746206068E+00));
#10480=CARTESIAN_POINT('',(-3.4876066232695471E+00,
   1.3955970806318039E+01,-7.9541298808730456E+00));
#10490=CARTESIAN_POINT('',(-3.4964289047441564E+00,
   1.3988896009019957E+01,-7.9660226363874314E+00));
#10500=CARTESIAN_POINT('',(-3.5052721976708847E+00,
   1.4021899627528722E+01,-7.9777234874352860E+00));
#10510=CARTESIAN_POINT('',(-3.5141147126094441E+00,
   1.4054900342546114E+01,-7.9894233091014666E+00));
#10520=CARTESIAN_POINT('',(-3.5229746911434372E+00,
   1.4087966232588945E+01,-8.0009253939300251E+00));
#10530=CARTESIAN_POINT('',(-3.5318478174993531E+00,
   1.4121081190971204E+01,-8.0122758976064041E+00));
#10540=B_SPLINE_CURVE_WITH_KNOTS('',3,(#9750,#9760,#9770,#9780,#9790,
   #9800,#9810,#9820,#9830,#9840,#9850,#9860,#9870,#9880,#9890,#9900,
   #9910,#9920,#9930,#9940,#9950,#9960,#9970,#9980,#9990,#10000,#10010,
   #10020,#10030,#10040,#10050,#10060,#10070,#10080,#10090,#10100,#10110
   ,#10120,#10130,#10140,#10150,#10160,#10170,#10180,#10190,#10200,
   #10210,#10220,#10230,#10240,#10250,#10260,#10270,#10280,#10290,#10300
   ,#10310,#10320,#10330,#10340,#10350,#10360,#10370,#10380,#10390,
   #10400,#10410,#10420,#10430,#10440,#10450,#10460,#10470,#10480,#10490
   ,#10500,#10510,#10520,#10530),.UNSPECIFIED.,.F.,.F.,(4,3,3,3,3,3,3,3,
   3,3,3,3,3,3,3,3,3,3,3,3,3,3,3,3,3,3,4),(2.0941780966293634E+05,
   2.0941781966242980E+05,2.0941783817953643E+05,2.0941784747888459E+05,
   2.0941785676753067E+05,2.0941786600171131E+05,2.0941787523220899E+05,
   2.0941789375298531E+05,2.0941791050984801E+05,2.0941792729319585E+05,
   2.0941794399246818E+05,2.0941796060672298E+05,2.0941797722200208E+05,
   2.0941799384570407E+05,2.0941802713348245E+05,2.0941805429905505E+05,
   2.0941808147300271E+05,2.0941810861380032E+05,2.0941813570069853E+05,
   2.0941818986645652E+05,2.0941824404194031E+05,2.0941829823618801E+05,
   2.0941835244891720E+05,2.0941840667055908E+05,2.0941846088362852E+05,
   2.0941856923590376E+05,2.0941867757434180E+05),.UNSPECIFIED.);
#10550=SURFACE_CURVE('',#10540,(#9740,#9690),.CURVE_3D.);
#10560=CARTESIAN_POINT('',(-3.3386626522437277E+00,
   1.3400104338879792E+01,-7.6200000000000001E+00));
#10570=VERTEX_POINT('',#10560);
#10580=CARTESIAN_POINT('',(-3.5318478175015899E+00,
   1.4121081190979487E+01,-8.0122758976092570E+00));
#10590=VERTEX_POINT('',#10580);
#10600=EDGE_CURVE('',#10570,#10590,#10550,.T.);
#10610=ORIENTED_EDGE('',*,*,#10600,.T.);
#10620=CARTESIAN_POINT('',(-3.3386626522437286E+00,
   1.4172844999999997E+01,-7.6200000000000001E+00));
#10630=DIRECTION('',(-9.4853327871978885E-16,1.0000000000000000E+00,
   0.0000000000000000E+00));
#10640=VECTOR('',#10630,1.0000000000000000E+00);
#10650=LINE('',#10620,#10640);
#10660=CARTESIAN_POINT('',(-3.3386626522437268E+00,
   1.4172844999999997E+01,-7.6200000000000001E+00));
#10670=VERTEX_POINT('',#10660);
#10680=EDGE_CURVE('',#10570,#10670,#10650,.T.);
#10690=ORIENTED_EDGE('',*,*,#10680,.F.);
#10700=CARTESIAN_POINT('',(-3.8068478175015739E+00,
   1.4047395163060946E+01,-7.6200000000000001E+00));
#10710=DIRECTION('',(-2.5881904510247727E-01,9.6592582628907997E-01,
   0.0000000000000000E+00));
#10720=DIRECTION('',(9.6592582628907997E-01,2.5881904510247727E-01,
   -0.0000000000000000E+00));
#10730=AXIS2_PLACEMENT_3D('',#10700,#10710,#10720);
#10740=CIRCLE('',#10730,4.8470094961280169E-01);
#10750=EDGE_CURVE('',#10670,#10590,#10740,.T.);
#10760=ORIENTED_EDGE('',*,*,#10750,.F.);
#10770=EDGE_LOOP('',(#10760,#10690,#10610));
#10780=FACE_OUTER_BOUND('',#10770,.T.);
#10790=ADVANCED_FACE('',(#10780),#9690,.T.);
#10800=COLOUR_RGB('',5.0196081399917603E-01,1.0000000000000000E+00,
   5.0196081399917603E-01);
#10810=FILL_AREA_STYLE_COLOUR('',#10800);
#10820=FILL_AREA_STYLE('',(#10810));
#10830=SURFACE_STYLE_FILL_AREA(#10820);
#10840=SURFACE_SIDE_STYLE('',(#10830));
#10850=SURFACE_STYLE_USAGE(.BOTH.,#10840);
#10860=PRESENTATION_STYLE_ASSIGNMENT((#10850));
#10870=ORIENTED_EDGE('',*,*,#1180,.F.);
#10880=CARTESIAN_POINT('',(-3.5318478175015726E+00,
   1.4121081190979492E+01,3.9227589760924425E-01));
#10890=VERTEX_POINT('',#10880);
#10900=EDGE_CURVE('',#1060,#10890,#1150,.T.);
#10910=ORIENTED_EDGE('',*,*,#10900,.F.);
#10920=CARTESIAN_POINT('',(-3.8068478175015770E+00,
   1.4047395163060948E+01,0.0000000000000000E+00));
#10930=DIRECTION('',(-2.5881904510247805E-01,9.6592582628907986E-01,
   0.0000000000000000E+00));
#10940=DIRECTION('',(9.6592582628907997E-01,2.5881904510247739E-01,
   0.0000000000000000E+00));
#10950=AXIS2_PLACEMENT_3D('',#10920,#10930,#10940);
#10960=CONICAL_SURFACE('',#10950,4.8470094961280280E-01,
   2.6179938779910411E-01);
#10970=CARTESIAN_POINT('',(-3.5318478175071650E+00,
   1.4121081190983473E+01,3.9227589762417087E-01));
#10980=CARTESIAN_POINT('',(-3.5229713112079328E+00,
   1.4087953618481032E+01,3.8092107032436306E-01));
#10990=CARTESIAN_POINT('',(-3.5141068405625324E+00,
   1.4054870963667078E+01,3.6941309452205806E-01));
#11000=CARTESIAN_POINT('',(-3.5052602072788788E+00,
   1.4021854878776551E+01,3.5770762241775234E-01));
#11010=CARTESIAN_POINT('',(-3.4964135754564207E+00,
   1.3988838799339282E+01,3.4600215224683600E-01));
#11020=CARTESIAN_POINT('',(-3.4875846062406826E+00,
   1.3955888637647684E+01,3.3409989980495347E-01));
#11030=CARTESIAN_POINT('',(-3.4787809516202906E+00,
   1.3923032951312091E+01,3.2193294496420111E-01));
#11040=CARTESIAN_POINT('',(-3.4743791146151564E+00,
   1.3906605071962293E+01,3.1584945414508564E-01));
#11050=CARTESIAN_POINT('',(-3.4699836208667429E+00,
   1.3890200865968863E+01,3.0969932639242737E-01));
#11060=CARTESIAN_POINT('',(-3.4655957486010758E+00,
   1.3873825103736269E+01,3.0347053686760850E-01));
#11070=CARTESIAN_POINT('',(-3.4612078788697662E+00,
   1.3857449350962028E+01,2.9724175094042893E-01));
#11080=CARTESIAN_POINT('',(-3.4568276087101264E+00,
   1.3841101960130041E+01,2.9093436373982667E-01));
#11090=CARTESIAN_POINT('',(-3.4524566044705693E+00,
   1.3824789150227915E+01,2.8453287900715157E-01));
#11100=CARTESIAN_POINT('',(-3.4480849007593397E+00,
   1.3808473729861968E+01,2.7813036987436457E-01));
#11110=CARTESIAN_POINT('',(-3.4437255856715900E+00,
   1.3792204544434323E+01,2.7163862015857138E-01));
#11120=CARTESIAN_POINT('',(-3.4393714248755298E+00,
   1.3775954595119101E+01,2.6502277947576502E-01));
#11130=CARTESIAN_POINT('',(-3.4350172313587248E+00,
   1.3759704523688397E+01,2.5840688907609177E-01));
#11140=CARTESIAN_POINT('',(-3.4306696512562609E+00,
   1.3743479133935319E+01,2.5166910345084609E-01));
#11150=CARTESIAN_POINT('',(-3.4263360931218889E+00,
   1.3727306074800289E+01,2.4478759874245087E-01));
#11160=CARTESIAN_POINT('',(-3.4220025203224655E+00,
   1.3711132960934542E+01,2.3790607074658218E-01));
#11170=CARTESIAN_POINT('',(-3.4176829182493722E+00,
   1.3695011986529273E+01,2.3088114284260644E-01));
#11180=CARTESIAN_POINT('',(-3.4133852827206215E+00,
   1.3678972992383562E+01,2.2367936294408611E-01));
#11190=CARTESIAN_POINT('',(-3.4090876303484796E+00,
   1.3662933935377458E+01,2.1647755482018546E-01));
#11200=CARTESIAN_POINT('',(-3.4048117426337163E+00,
   1.3646976105178497E+01,2.0909933422089044E-01));
#11210=CARTESIAN_POINT('',(-3.4005667988834891E+00,
   1.3631133759427378E+01,2.0149199207664337E-01));
#11220=CARTESIAN_POINT('',(-3.3984443069794161E+00,
   1.3623212511802725E+01,1.9768828511072362E-01));
#11230=CARTESIAN_POINT('',(-3.3963295438629926E+00,
   1.3615320108406261E+01,1.9382688904853657E-01));
#11240=CARTESIAN_POINT('',(-3.3942239124694318E+00,
   1.3607461785063478E+01,1.8989840097928376E-01));
#11250=CARTESIAN_POINT('',(-3.3921182829756269E+00,
   1.3599603468810681E+01,1.8596991645441599E-01));
#11260=CARTESIAN_POINT('',(-3.3900217582567942E+00,
   1.3591779132040678E+01,1.8197436345714005E-01));
#11270=CARTESIAN_POINT('',(-3.3879361049740520E+00,
   1.3583995368022512E+01,1.7789970967163132E-01));
#11280=CARTESIAN_POINT('',(-3.3858504577294770E+00,
   1.3576211626539092E+01,1.7382506768263742E-01));
#11290=CARTESIAN_POINT('',(-3.3837756374213814E+00,
   1.3568468291732705E+01,1.6967135130209557E-01));
#11300=CARTESIAN_POINT('',(-3.3817140279247173E+00,
   1.3560774260345788E+01,1.6542300187074679E-01));
#11310=CARTESIAN_POINT('',(-3.3796524315803569E+00,
   1.3553080278043936E+01,1.6117467954229089E-01));
#11320=CARTESIAN_POINT('',(-3.3776039707173404E+00,
   1.3545435318025840E+01,1.5683174944411460E-01));
#11330=CARTESIAN_POINT('',(-3.3755720624568735E+00,
   1.3537852133161458E+01,1.5237380444362175E-01));
#11340=CARTESIAN_POINT('',(-3.3730798135558788E+00,
   1.3528550933637838E+01,1.4690588606151009E-01));
#11350=CARTESIAN_POINT('',(-3.3706153943617632E+00,
   1.3519353595874804E+01,1.4127366737281263E-01));
#11360=CARTESIAN_POINT('',(-3.3681758941832203E+00,
   1.3510249257263409E+01,1.3539304735720872E-01));
#11370=CARTESIAN_POINT('',(-3.3657373737806373E+00,
   1.3501148575225676E+01,1.2951478917382375E-01));
#11380=CARTESIAN_POINT('',(-3.3633296977526372E+00,
   1.3492163006080460E+01,1.2340235009511634E-01));
#11390=CARTESIAN_POINT('',(-3.3609793094555531E+00,
   1.3483391237538227E+01,1.1700084176697353E-01));
#11400=CARTESIAN_POINT('',(-3.3598040540382343E+00,
   1.3479005124608923E+01,1.1379992073150259E-01));
#11410=CARTESIAN_POINT('',(-3.3586430590657677E+00,
   1.3474672232384345E+01,1.1052589880629328E-01));
#11420=CARTESIAN_POINT('',(-3.3575001545974916E+00,
   1.3470406854840540E+01,1.0716722671059142E-01));
#11430=CARTESIAN_POINT('',(-3.3563572566433564E+00,
   1.3466141501607842E+01,1.0380857375810239E-01));
#11440=CARTESIAN_POINT('',(-3.3552323537471662E+00,
   1.3461943306845679E+01,1.0036517419476539E-01));
#11450=CARTESIAN_POINT('',(-3.3541302070413375E+00,
   1.3457830039342131E+01,9.6821297682014279E-02));
#11460=CARTESIAN_POINT('',(-3.3530280827474175E+00,
   1.3453716855480964E+01,9.3277493233205319E-02));
#11470=CARTESIAN_POINT('',(-3.3519485464770526E+00,
   1.3449687971267721E+01,8.9632954694788838E-02));
#11480=CARTESIAN_POINT('',(-3.3508981439798196E+00,
   1.3445767815779650E+01,8.5866955468883718E-02));
#11490=CARTESIAN_POINT('',(-3.3498486170914274E+00,
   1.3441850928108261E+01,8.2104095555981846E-02));
#11500=CARTESIAN_POINT('',(-3.3488249597069775E+00,
   1.3438030586714538E+01,7.8208989194030812E-02));
#11510=CARTESIAN_POINT('',(-3.3478377129904286E+00,
   1.3434346131808773E+01,7.4154001782893136E-02));
#11520=CARTESIAN_POINT('',(-3.3467408169969315E+00,
   1.3430252460230424E+01,6.9648644236090712E-02));
#11530=CARTESIAN_POINT('',(-3.3456915026336822E+00,
   1.3426336365671814E+01,6.4956164530967794E-02));
#11540=CARTESIAN_POINT('',(-3.3447157680867168E+00,
   1.3422694874767839E+01,6.0062562186658598E-02));
#11550=CARTESIAN_POINT('',(-3.3437401026459392E+00,
   1.3419053641771667E+01,5.5169306430674823E-02));
#11560=CARTESIAN_POINT('',(-3.3428372443132650E+00,
   1.3415684128672979E+01,5.0072221465745748E-02));
#11570=CARTESIAN_POINT('',(-3.3420385706883167E+00,
   1.3412703438126005E+01,4.4746835046287417E-02));
#11580=CARTESIAN_POINT('',(-3.3416390371977656E+00,
   1.3411212358839943E+01,4.2082830428835385E-02));
#11590=CARTESIAN_POINT('',(-3.3412634903300682E+00,
   1.3409810798847728E+01,3.9346163729537753E-02));
#11600=CARTESIAN_POINT('',(-3.3409192543894202E+00,
   1.3408526092827438E+01,3.6547205782039044E-02));
#11610=CARTESIAN_POINT('',(-3.3405750190121606E+00,
   1.3407241388909743E+01,3.3748252415411233E-02));
#11620=CARTESIAN_POINT('',(-3.3402621768296461E+00,
   1.3406073845989958E+01,3.0887371936009711E-02));
#11630=CARTESIAN_POINT('',(-3.3399872876082575E+00,
   1.3405047945449283E+01,2.7977447802064986E-02));
#11640=CARTESIAN_POINT('',(-3.3394366865335203E+00,
   1.3402993074263662E+01,2.2148891311346470E-02));
#11650=CARTESIAN_POINT('',(-3.3390419267740548E+00,
   1.3401519810785791E+01,1.6163197421136817E-02));
#11660=CARTESIAN_POINT('',(-3.3388334032757427E+00,
   1.3400741590495517E+01,1.0034289796139059E-02));
#11670=CARTESIAN_POINT('',(-3.3387205884092546E+00,
   1.3400320559681933E+01,6.7184433758102355E-03));
#11680=CARTESIAN_POINT('',(-3.3386626522320326E+00,
   1.3400104338879007E+01,3.3605998269786901E-03));
#11690=CARTESIAN_POINT('',(-3.3386626522322431E+00,
   1.3400104338879792E+01,-1.6583956967670666E-11));
#11700=B_SPLINE_CURVE_WITH_KNOTS('',3,(#10970,#10980,#10990,#11000,
   #11010,#11020,#11030,#11040,#11050,#11060,#11070,#11080,#11090,#11100
   ,#11110,#11120,#11130,#11140,#11150,#11160,#11170,#11180,#11190,
   #11200,#11210,#11220,#11230,#11240,#11250,#11260,#11270,#11280,#11290
   ,#11300,#11310,#11320,#11330,#11340,#11350,#11360,#11370,#11380,
   #11390,#11400,#11410,#11420,#11430,#11440,#11450,#11460,#11470,#11480
   ,#11490,#11500,#11510,#11520,#11530,#11540,#11550,#11560,#11570,
   #11580,#11590,#11600,#11610,#11620,#11630,#11640,#11650,#11660,#11670
   ,#11680,#11690),.UNSPECIFIED.,.F.,.F.,(4,3,3,3,3,3,3,3,3,3,3,3,3,3,3,
   3,3,3,3,3,3,3,3,3,4),(2.0941694274186969E+05,2.0941705112927628E+05,
   2.0941715951254193E+05,2.0941721369870595E+05,2.0941726788193476E+05,
   2.0941732207342019E+05,2.0941737635157572E+05,2.0941743066050098E+05,
   2.0941748493148159E+05,2.0941751204274810E+05,2.0941753913884232E+05,
   2.0941756622447353E+05,2.0941759330716231E+05,2.0941762655059493E+05,
   2.0941765989290946E+05,2.0941767654911071E+05,2.0941769318086834E+05,
   2.0941770979435838E+05,2.0941772644130694E+05,2.0941774499783857E+05,
   2.0941776349265897E+05,2.0941777276545131E+05,2.0941778206437500E+05,
   2.0941780059019016E+05,2.0941781065330617E+05),.UNSPECIFIED.);
#11710=SURFACE_CURVE('',#11700,(#9740,#10960),.CURVE_3D.);
#11720=CARTESIAN_POINT('',(-3.3386626522437277E+00,
   1.3400104338879792E+01,1.9120800885006740E-32));
#11730=VERTEX_POINT('',#11720);
#11740=EDGE_CURVE('',#10890,#11730,#11710,.T.);
#11750=ORIENTED_EDGE('',*,*,#11740,.F.);
#11760=CARTESIAN_POINT('',(-3.3386626522322431E+00,
   1.3400104338879792E+01,-1.6583956967670666E-11));
#11770=CARTESIAN_POINT('',(-3.3386626522324523E+00,
   1.3400104338880572E+01,-3.3381448242495006E-03));
#11780=CARTESIAN_POINT('',(-3.3387198156279467E+00,
   1.3400317675622832E+01,-6.6748336091213469E-03));
#11790=CARTESIAN_POINT('',(-3.3388312637233706E+00,
   1.3400733605577361E+01,-9.9712061743702906E-03));
#11800=CARTESIAN_POINT('',(-3.3390386824201812E+00,
   1.3401507702692298E+01,-1.6106163430350696E-02));
#11810=CARTESIAN_POINT('',(-3.3394317234263791E+00,
   1.3402974551695054E+01,-2.2082251777044780E-02));
#11820=CARTESIAN_POINT('',(-3.3399808757553484E+00,
   1.3405024016087864E+01,-2.7909491424490472E-02));
#11830=CARTESIAN_POINT('',(-3.3402550358212904E+00,
   1.3406047195383367E+01,-3.0818695886943026E-02));
#11840=CARTESIAN_POINT('',(-3.3405672694521105E+00,
   1.3407212467155716E+01,-3.3680284942977007E-02));
#11850=CARTESIAN_POINT('',(-3.3409112724432903E+00,
   1.3408496303796756E+01,-3.6482248358853220E-02));
#11860=CARTESIAN_POINT('',(-3.3412552750397397E+00,
   1.3409780138964640E+01,-3.9284208559580772E-02));
#11870=CARTESIAN_POINT('',(-3.3416309706100926E+00,
   1.3411182253924784E+01,-4.2026191609805280E-02));
#11880=CARTESIAN_POINT('',(-3.3420312999584052E+00,
   1.3412676303392448E+01,-4.4698329704132282E-02));
#11890=CARTESIAN_POINT('',(-3.3424316770330900E+00,
   1.3414170530977357E+01,-4.7370786364802471E-02));
#11900=CARTESIAN_POINT('',(-3.3428556911940754E+00,
   1.3415752973350379E+01,-4.9968682352427650E-02));
#11910=CARTESIAN_POINT('',(-3.3433021392685189E+00,
   1.3417419140247144E+01,-5.2516599476490664E-02));
#11920=CARTESIAN_POINT('',(-3.3437483771605230E+00,
   1.3419084522732366E+01,-5.5063317071498440E-02));
#11930=CARTESIAN_POINT('',(-3.3442161519065436E+00,
   1.3420830281870039E+01,-5.7554143370136882E-02));
#11940=CARTESIAN_POINT('',(-3.3447021606402823E+00,
   1.3422644091157274E+01,-5.9994279485106092E-02));
#11950=CARTESIAN_POINT('',(-3.3456741336436888E+00,
   1.3426271543789571E+01,-6.4874328471348830E-02));
#11960=CARTESIAN_POINT('',(-3.3467189856665822E+00,
   1.3430170984625402E+01,-6.9553863201636132E-02));
#11970=CARTESIAN_POINT('',(-3.3478160963435464E+00,
   1.3434265457413359E+01,-7.4065164347702994E-02));
#11980=CARTESIAN_POINT('',(-3.3488038572533325E+00,
   1.3437951831314411E+01,-7.8126821040981731E-02));
#11990=CARTESIAN_POINT('',(-3.3498344845315744E+00,
   1.3441798184680476E+01,-8.2053093700819549E-02));
#12000=CARTESIAN_POINT('',(-3.3508958637149080E+00,
   1.3445759305718774E+01,-8.5858779693818596E-02));
#12010=CARTESIAN_POINT('',(-3.3519572380771776E+00,
   1.3449720408764614E+01,-8.9664448400388203E-02));
#12020=CARTESIAN_POINT('',(-3.3530495368346833E+00,
   1.3453796923224671E+01,-9.3349767935744718E-02));
#12030=CARTESIAN_POINT('',(-3.3541616133553336E+00,
   1.3457947249301641E+01,-9.6922235357615683E-02));
#12040=CARTESIAN_POINT('',(-3.3552736911811563E+00,
   1.3462097580249583E+01,-1.0049470697226148E-01));
#12050=CARTESIAN_POINT('',(-3.3564055606162757E+00,
   1.3466321774488984E+01,-1.0395418191601628E-01));
#12060=CARTESIAN_POINT('',(-3.3575465874258636E+00,
   1.3470580144515164E+01,-1.0730360363172692E-01));
#12070=CARTESIAN_POINT('',(-3.3586880913917363E+00,
   1.3474840295312843E+01,-1.1065442601358264E-01));
#12080=CARTESIAN_POINT('',(-3.3598463496294495E+00,
   1.3479162973904273E+01,-1.1391753892435001E-01));
#12090=CARTESIAN_POINT('',(-3.3610181127798189E+00,
   1.3483536053515888E+01,-1.1710648555040587E-01));
#12100=CARTESIAN_POINT('',(-3.3621898879009837E+00,
   1.3487909177803120E+01,-1.2029546475491271E-01));
#12110=CARTESIAN_POINT('',(-3.3633752303179900E+00,
   1.3492332935927754E+01,-1.2341033132106424E-01));
#12120=CARTESIAN_POINT('',(-3.3645717908876938E+00,
   1.3496798560768223E+01,-1.2646189765051713E-01));
#12130=CARTESIAN_POINT('',(-3.3657683576325530E+00,
   1.3501264208654684E+01,-1.2951347972835417E-01));
#12140=CARTESIAN_POINT('',(-3.3669761819847071E+00,
   1.3505771870503542E+01,-1.3250178386715336E-01));
#12150=CARTESIAN_POINT('',(-3.3681934808812466E+00,
   1.3510314891833426E+01,-1.3543543607581385E-01));
#12160=CARTESIAN_POINT('',(-3.3706280416407295E+00,
   1.3519400796281928E+01,-1.4130265124332769E-01));
#12170=CARTESIAN_POINT('',(-3.3731004997042766E+00,
   1.3528628135394673E+01,-1.4695297921299608E-01));
#12180=CARTESIAN_POINT('',(-3.3756000690613650E+00,
   1.3537956655232369E+01,-1.5243524045647394E-01));
#12190=CARTESIAN_POINT('',(-3.3776371704883688E+00,
   1.3545559221258118E+01,-1.5690317897181269E-01));
#12200=CARTESIAN_POINT('',(-3.3796925064144956E+00,
   1.3553229839361041E+01,-1.6125911828255010E-01));
#12210=CARTESIAN_POINT('',(-3.3817613748933919E+00,
   1.3560950961638461E+01,-1.6552054805832345E-01));
#12220=CARTESIAN_POINT('',(-3.3838302356057466E+00,
   1.3568672054930753E+01,-1.6978196183666999E-01));
#12230=CARTESIAN_POINT('',(-3.3859126830418336E+00,
   1.3576443854566325E+01,-1.7394880019816095E-01));
#12240=CARTESIAN_POINT('',(-3.3880043914718487E+00,
   1.3584250216701761E+01,-1.7803308220449207E-01));
#12250=CARTESIAN_POINT('',(-3.3900960939783840E+00,
   1.3592056556730471E+01,-1.8211735264460194E-01));
#12260=CARTESIAN_POINT('',(-3.3921970767158833E+00,
   1.3599897531048878E+01,-1.8611899951246533E-01));
#12270=CARTESIAN_POINT('',(-3.3943032384086278E+00,
   1.3607757833495157E+01,-1.9004635993921090E-01));
#12280=CARTESIAN_POINT('',(-3.3964089723369826E+00,
   1.3615616539503000E+01,-1.9397292271355299E-01));
#12290=CARTESIAN_POINT('',(-3.3985209353578232E+00,
   1.3623498492804247E+01,-1.9782724993213199E-01));
#12300=CARTESIAN_POINT('',(-3.4006409887120519E+00,
   1.3631410639636986E+01,-2.0162491808461125E-01));
#12310=CARTESIAN_POINT('',(-3.4048805571000127E+00,
   1.3647232924263019E+01,-2.0921929009185397E-01));
#12320=CARTESIAN_POINT('',(-3.4091478257897601E+00,
   1.3663158587822704E+01,-2.1658008244579316E-01));
#12330=CARTESIAN_POINT('',(-3.4134353247635283E+00,
   1.3679159751830205E+01,-2.2376321138126076E-01));
#12340=CARTESIAN_POINT('',(-3.4177228578969889E+00,
   1.3695161043323417E+01,-2.3094639754670737E-01));
#12350=CARTESIAN_POINT('',(-3.4220308748942014E+00,
   1.3711238781636887E+01,-2.3795156939835158E-01));
#12360=CARTESIAN_POINT('',(-3.4263545990934658E+00,
   1.3727375140026457E+01,-2.4481698441863320E-01));
#12370=CARTESIAN_POINT('',(-3.4306783325943102E+00,
   1.3743511533129995E+01,-2.5168241420840581E-01));
#12380=CARTESIAN_POINT('',(-3.4350178958799873E+00,
   1.3759707003794801E+01,-2.5840786642107177E-01));
#12390=CARTESIAN_POINT('',(-3.4393698343722017E+00,
   1.3775948659359162E+01,-2.6502036277495788E-01));
#12400=CARTESIAN_POINT('',(-3.4437217717722532E+00,
   1.3792190310847515E+01,-2.7163285746937110E-01));
#12410=CARTESIAN_POINT('',(-3.4480861454080056E+00,
   1.3808478374999357E+01,-2.7813225110651496E-01));
#12420=CARTESIAN_POINT('',(-3.4524601477019630E+00,
   1.3824802373792830E+01,-2.8453806814577698E-01));
#12430=CARTESIAN_POINT('',(-3.4568341456621874E+00,
   1.3841126356412591E+01,-2.9094387883819728E-01));
#12440=CARTESIAN_POINT('',(-3.4612178018674240E+00,
   1.3857486384093452E+01,-2.9725601274022312E-01));
#12450=CARTESIAN_POINT('',(-3.4656086375096615E+00,
   1.3873873205797967E+01,-3.0348883301687635E-01));
#12460=CARTESIAN_POINT('',(-3.4699994695197436E+00,
   1.3890260013947092E+01,-3.0972164813766073E-01));
#12470=CARTESIAN_POINT('',(-3.4743974934134481E+00,
   1.3906673662571302E+01,-3.1587507714364149E-01));
#12480=CARTESIAN_POINT('',(-3.4788004375011092E+00,
   1.3923105673609339E+01,-3.2195987463043152E-01));
#12490=CARTESIAN_POINT('',(-3.4876066232735670E+00,
   1.3955970806333042E+01,-3.3412988087843720E-01));
#12500=CARTESIAN_POINT('',(-3.4964289047584609E+00,
   1.3988896009073340E+01,-3.4602263640635861E-01));
#12510=CARTESIAN_POINT('',(-3.5052721976708980E+00,
   1.4021899627528770E+01,-3.5772348743530380E-01));
#12520=CARTESIAN_POINT('',(-3.5141147126094525E+00,
   1.4054900342546143E+01,-3.6942330910147708E-01));
#12530=CARTESIAN_POINT('',(-3.5229746911434532E+00,
   1.4087966232589004E+01,-3.8092539393004471E-01));
#12540=CARTESIAN_POINT('',(-3.5318478174993646E+00,
   1.4121081190971244E+01,-3.9227589760641740E-01));
#12550=B_SPLINE_CURVE_WITH_KNOTS('',3,(#11760,#11770,#11780,#11790,
   #11800,#11810,#11820,#11830,#11840,#11850,#11860,#11870,#11880,#11890
   ,#11900,#11910,#11920,#11930,#11940,#11950,#11960,#11970,#11980,
   #11990,#12000,#12010,#12020,#12030,#12040,#12050,#12060,#12070,#12080
   ,#12090,#12100,#12110,#12120,#12130,#12140,#12150,#12160,#12170,
   #12180,#12190,#12200,#12210,#12220,#12230,#12240,#12250,#12260,#12270
   ,#12280,#12290,#12300,#12310,#12320,#12330,#12340,#12350,#12360,
   #12370,#12380,#12390,#12400,#12410,#12420,#12430,#12440,#12450,#12460
   ,#12470,#12480,#12490,#12500,#12510,#12520,#12530,#12540),
   .UNSPECIFIED.,.F.,.F.,(4,3,3,3,3,3,3,3,3,3,3,3,3,3,3,3,3,3,3,3,3,3,3,
   3,3,3,4),(2.0941780966293602E+05,2.0941781966242942E+05,
   2.0941783817953605E+05,2.0941784747888424E+05,2.0941785676753035E+05,
   2.0941786600171099E+05,2.0941787523220867E+05,2.0941789375298499E+05,
   2.0941791050984769E+05,2.0941792729319553E+05,2.0941794399246786E+05,
   2.0941796060672266E+05,2.0941797722200176E+05,2.0941799384570375E+05,
   2.0941802713348216E+05,2.0941805429905478E+05,2.0941808147300241E+05,
   2.0941810861380000E+05,2.0941813570069821E+05,2.0941818986645623E+05,
   2.0941824404194002E+05,2.0941829823618769E+05,2.0941835244891691E+05,
   2.0941840667055876E+05,2.0941846088362820E+05,2.0941856923590341E+05,
   2.0941867757434145E+05),.UNSPECIFIED.);
#12560=SURFACE_CURVE('',#12550,(#9740,#10960),.CURVE_3D.);
#12570=EDGE_CURVE('',#11730,#1170,#12560,.T.);
#12580=ORIENTED_EDGE('',*,*,#12570,.F.);
#12590=EDGE_LOOP('',(#12580,#11750,#10910,#10870));
#12600=FACE_BOUND('',#12590,.T.);
#12610=CARTESIAN_POINT('',(-3.5318478175071686E+00,
   1.4121081190983489E+01,-7.2277241023758245E+00));
#12620=CARTESIAN_POINT('',(-3.5229713112222845E+00,
   1.4087953618534595E+01,-7.2390789296572784E+00));
#12630=CARTESIAN_POINT('',(-3.5141068405665545E+00,
   1.4054870963682090E+01,-7.2505869054727397E+00));
#12640=CARTESIAN_POINT('',(-3.5052602072860095E+00,
   1.4021854878803165E+01,-7.2622923775728125E+00));
#12650=CARTESIAN_POINT('',(-3.4964135754635373E+00,
   1.3988838799365841E+01,-7.2739978477436287E+00));
#12660=CARTESIAN_POINT('',(-3.4875846062477973E+00,
   1.3955888637674237E+01,-7.2859001001853763E+00));
#12670=CARTESIAN_POINT('',(-3.4787809516273853E+00,
   1.3923032951338568E+01,-7.2980670550259941E+00));
#12680=CARTESIAN_POINT('',(-3.4743791146232912E+00,
   1.3906605071992651E+01,-7.3041505458435907E+00));
#12690=CARTESIAN_POINT('',(-3.4699836208748711E+00,
   1.3890200865999196E+01,-7.3103006735961316E+00));
#12700=CARTESIAN_POINT('',(-3.4655957486081483E+00,
   1.3873825103762663E+01,-7.3165294631223521E+00));
#12710=CARTESIAN_POINT('',(-3.4612078788768263E+00,
   1.3857449350988373E+01,-7.3227582490494534E+00));
#12720=CARTESIAN_POINT('',(-3.4568276087171861E+00,
   1.3841101960156385E+01,-7.3290656362499513E+00));
#12730=CARTESIAN_POINT('',(-3.4524566044776144E+00,
   1.3824789150254203E+01,-7.3354671209825320E+00));
#12740=CARTESIAN_POINT('',(-3.4480849007663745E+00,
   1.3808473729888219E+01,-7.3418696301152178E+00));
#12750=CARTESIAN_POINT('',(-3.4437255856786133E+00,
   1.3792204544460537E+01,-7.3483613798309007E+00));
#12760=CARTESIAN_POINT('',(-3.4393714248825473E+00,
   1.3775954595145294E+01,-7.3549772205135726E+00));
#12770=CARTESIAN_POINT('',(-3.4350172313657308E+00,
   1.3759704523714547E+01,-7.3615931109131205E+00));
#12780=CARTESIAN_POINT('',(-3.4306696512632633E+00,
   1.3743479133961449E+01,-7.3683308965382146E+00));
#12790=CARTESIAN_POINT('',(-3.4263360931288744E+00,
   1.3727306074826355E+01,-7.3752124012464577E+00));
#12800=CARTESIAN_POINT('',(-3.4220025203294364E+00,
   1.3711132960960553E+01,-7.3820939292421706E+00));
#12810=CARTESIAN_POINT('',(-3.4176829182563226E+00,
   1.3695011986555212E+01,-7.3891188571459780E+00));
#12820=CARTESIAN_POINT('',(-3.4133852827275479E+00,
   1.3678972992409411E+01,-7.3963206370443073E+00));
#12830=CARTESIAN_POINT('',(-3.4090876303553856E+00,
   1.3662933935403233E+01,-7.4035224451680106E+00));
#12840=CARTESIAN_POINT('',(-3.4048117426405877E+00,
   1.3646976105204143E+01,-7.4109006657671035E+00));
#12850=CARTESIAN_POINT('',(-3.4005667988903303E+00,
   1.3631133759452910E+01,-7.4185080079110968E+00));
#12860=CARTESIAN_POINT('',(-3.3984443069862400E+00,
   1.3623212511828191E+01,-7.4223117148768933E+00));
#12870=CARTESIAN_POINT('',(-3.3963295438697991E+00,
   1.3615320108431661E+01,-7.4261731109389473E+00));
#12880=CARTESIAN_POINT('',(-3.3942239124762184E+00,
   1.3607461785088805E+01,-7.4301015990080561E+00));
#12890=CARTESIAN_POINT('',(-3.3921182829800260E+00,
   1.3599603468827100E+01,-7.4340300835371966E+00));
#12900=CARTESIAN_POINT('',(-3.3900217582611982E+00,
   1.3591779132057113E+01,-7.4380256365344728E+00));
#12910=CARTESIAN_POINT('',(-3.3879361049807746E+00,
   1.3583995368047599E+01,-7.4421002903152358E+00));
#12920=CARTESIAN_POINT('',(-3.3858504577361832E+00,
   1.3576211626564117E+01,-7.4461749323040456E+00));
#12930=CARTESIAN_POINT('',(-3.3837756374280485E+00,
   1.3568468291757588E+01,-7.4503286486844287E+00));
#12940=CARTESIAN_POINT('',(-3.3817140279313627E+00,
   1.3560774260370589E+01,-7.4545769981155594E+00));
#12950=CARTESIAN_POINT('',(-3.3796524315869725E+00,
   1.3553080278068627E+01,-7.4588253204438137E+00));
#12960=CARTESIAN_POINT('',(-3.3776039707239267E+00,
   1.3545435318050419E+01,-7.4631682505417620E+00));
#12970=CARTESIAN_POINT('',(-3.3755720624634220E+00,
   1.3537852133185897E+01,-7.4676261955420102E+00));
#12980=CARTESIAN_POINT('',(-3.3730798135623794E+00,
   1.3528550933662098E+01,-7.4730941139238265E+00));
#12990=CARTESIAN_POINT('',(-3.3706153943682202E+00,
   1.3519353595898902E+01,-7.4787263326121680E+00));
#13000=CARTESIAN_POINT('',(-3.3681758941896298E+00,
   1.3510249257287329E+01,-7.4846069526273400E+00));
#13010=CARTESIAN_POINT('',(-3.3657373737869936E+00,
   1.3501148575249397E+01,-7.4904852108103066E+00));
#13020=CARTESIAN_POINT('',(-3.3633296977589158E+00,
   1.3492163006103889E+01,-7.4965976498885727E+00));
#13030=CARTESIAN_POINT('',(-3.3609793094617322E+00,
   1.3483391237561285E+01,-7.5029991582161983E+00));
#13040=CARTESIAN_POINT('',(-3.3598040540443646E+00,
   1.3479005124631797E+01,-7.5062000792514088E+00));
#13050=CARTESIAN_POINT('',(-3.3586430590718406E+00,
   1.3474672232407009E+01,-7.5094741011763455E+00));
#13060=CARTESIAN_POINT('',(-3.3575001546035006E+00,
   1.3470406854862967E+01,-7.5128327732717510E+00));
#13070=CARTESIAN_POINT('',(-3.3563572566492978E+00,
   1.3466141501630016E+01,-7.5161914262239540E+00));
#13080=CARTESIAN_POINT('',(-3.3552323537530424E+00,
   1.3461943306867608E+01,-7.5196348257869499E+00));
#13090=CARTESIAN_POINT('',(-3.3541302070471319E+00,
   1.3457830039363756E+01,-7.5231787022993526E+00));
#13100=CARTESIAN_POINT('',(-3.3530280827531294E+00,
   1.3453716855502282E+01,-7.5267225067478147E+00));
#13110=CARTESIAN_POINT('',(-3.3519485464826801E+00,
   1.3449687971288723E+01,-7.5303670452858311E+00));
#13120=CARTESIAN_POINT('',(-3.3508981439853422E+00,
   1.3445767815800261E+01,-7.5341330445113153E+00));
#13130=CARTESIAN_POINT('',(-3.3498486170968422E+00,
   1.3441850928128469E+01,-7.5378959044238094E+00));
#13140=CARTESIAN_POINT('',(-3.3488249597123061E+00,
   1.3438030586734428E+01,-7.5417910107851744E+00));
#13150=CARTESIAN_POINT('',(-3.3478377129956165E+00,
   1.3434346131828136E+01,-7.5458459981957997E+00));
#13160=CARTESIAN_POINT('',(-3.3467408169999064E+00,
   1.3430252460241526E+01,-7.5503513557504798E+00));
#13170=CARTESIAN_POINT('',(-3.3456915026427700E+00,
   1.3426336365705730E+01,-7.5550438354234570E+00));
#13180=CARTESIAN_POINT('',(-3.3447157680867177E+00,
   1.3422694874767842E+01,-7.5599374378133390E+00));
#13190=CARTESIAN_POINT('',(-3.3437401026459384E+00,
   1.3419053641771665E+01,-7.5648306935693306E+00));
#13200=CARTESIAN_POINT('',(-3.3428372443132677E+00,
   1.3415684128672989E+01,-7.5699277785342431E+00));
#13210=CARTESIAN_POINT('',(-3.3420385706883176E+00,
   1.3412703438126011E+01,-7.5752531649537120E+00));
#13220=CARTESIAN_POINT('',(-3.3416390371993265E+00,
   1.3411212358845772E+01,-7.5779171695607603E+00));
#13230=CARTESIAN_POINT('',(-3.3412634903270781E+00,
   1.3409810798836570E+01,-7.5806538362967704E+00));
#13240=CARTESIAN_POINT('',(-3.3409192543926758E+00,
   1.3408526092839590E+01,-7.5834527941914907E+00));
#13250=CARTESIAN_POINT('',(-3.3405750190152195E+00,
   1.3407241388921161E+01,-7.5862517475577231E+00));
#13260=CARTESIAN_POINT('',(-3.3402621768324852E+00,
   1.3406073846000551E+01,-7.5891126280367800E+00));
#13270=CARTESIAN_POINT('',(-3.3399872876108576E+00,
   1.3405047945458984E+01,-7.5920225521704170E+00));
#13280=CARTESIAN_POINT('',(-3.3394366865349578E+00,
   1.3402993074269023E+01,-7.5978511086677631E+00));
#13290=CARTESIAN_POINT('',(-3.3390419267758618E+00,
   1.3401519810792532E+01,-7.6038368025257537E+00));
#13300=CARTESIAN_POINT('',(-3.3388334032757427E+00,
   1.3400741590495516E+01,-7.6099657102038654E+00));
#13310=CARTESIAN_POINT('',(-3.3387205884094642E+00,
   1.3400320559682713E+01,-7.6132815566180403E+00));
#13320=CARTESIAN_POINT('',(-3.3386626522323684E+00,
   1.3400104338880258E+01,-7.6166394000114455E+00));
#13330=CARTESIAN_POINT('',(-3.3386626522322436E+00,
   1.3400104338879792E+01,-7.6199999999871970E+00));
#13340=B_SPLINE_CURVE_WITH_KNOTS('',3,(#12610,#12620,#12630,#12640,
   #12650,#12660,#12670,#12680,#12690,#12700,#12710,#12720,#12730,#12740
   ,#12750,#12760,#12770,#12780,#12790,#12800,#12810,#12820,#12830,
   #12840,#12850,#12860,#12870,#12880,#12890,#12900,#12910,#12920,#12930
   ,#12940,#12950,#12960,#12970,#12980,#12990,#13000,#13010,#13020,
   #13030,#13040,#13050,#13060,#13070,#13080,#13090,#13100,#13110,#13120
   ,#13130,#13140,#13150,#13160,#13170,#13180,#13190,#13200,#13210,
   #13220,#13230,#13240,#13250,#13260,#13270,#13280,#13290,#13300,#13310
   ,#13320,#13330),.UNSPECIFIED.,.F.,.F.,(4,3,3,3,3,3,3,3,3,3,3,3,3,3,3,
   3,3,3,3,3,3,3,3,3,4),(2.0941694274187007E+05,2.0941705112927663E+05,
   2.0941715951254228E+05,2.0941721369870630E+05,2.0941726788193508E+05,
   2.0941732207342051E+05,2.0941737635157604E+05,2.0941743066050130E+05,
   2.0941748493148191E+05,2.0941751204274842E+05,2.0941753913884264E+05,
   2.0941756622447385E+05,2.0941759330716264E+05,2.0941762655059525E+05,
   2.0941765989290978E+05,2.0941767654911103E+05,2.0941769318086866E+05,
   2.0941770979435870E+05,2.0941772644130726E+05,2.0941774499783892E+05,
   2.0941776349265932E+05,2.0941777276545163E+05,2.0941778206437532E+05,
   2.0941780059019051E+05,2.0941781065330649E+05),.UNSPECIFIED.);
#13350=SURFACE_CURVE('',#13340,(#9740,#9690),.CURVE_3D.);
#13360=CARTESIAN_POINT('',(-3.5318478175015944E+00,
   1.4121081190979487E+01,-7.2277241023907397E+00));
#13370=VERTEX_POINT('',#13360);
#13380=EDGE_CURVE('',#13370,#10570,#13350,.T.);
#13390=ORIENTED_EDGE('',*,*,#13380,.F.);
#13400=ORIENTED_EDGE('',*,*,#10600,.F.);
#13410=CARTESIAN_POINT('',(-3.5654620000000108E+00,
   1.4246531027918550E+01,-7.6200000000000001E+00));
#13420=DIRECTION('',(9.6592582628907075E-01,2.5881904510251180E-01,
   0.0000000000000000E+00));
#13430=DIRECTION('',(2.5881904510251180E-01,-9.6592582628907075E-01,
   0.0000000000000000E+00));
#13440=AXIS2_PLACEMENT_3D('',#13410,#13420,#13430);
#13450=CIRCLE('',#13440,4.1321659538093747E-01);
#13460=CARTESIAN_POINT('',(-3.6724103246370166E+00,
   1.4645667609248239E+01,-7.6200000000000001E+00));
#13470=VERTEX_POINT('',#13460);
#13480=EDGE_CURVE('',#10590,#13470,#13450,.T.);
#13490=ORIENTED_EDGE('',*,*,#13480,.F.);
#13500=EDGE_CURVE('',#13470,#13370,#13450,.T.);
#13510=ORIENTED_EDGE('',*,*,#13500,.F.);
#13520=EDGE_LOOP('',(#13510,#13490,#13400,#13390));
#13530=FACE_BOUND('',#13520,.T.);
#13540=ORIENTED_EDGE('',*,*,#5330,.T.);
#13550=CARTESIAN_POINT('',(-2.1904620000000250E+00,
   9.1149611675112112E+00,0.0000000000000000E+00));
#13560=DIRECTION('',(0.0000000000000000E+00,0.0000000000000000E+00,
   1.0000000000000000E+00));
#13570=VECTOR('',#13560,1.0000000000000000E+00);
#13580=LINE('',#13550,#13570);
#13590=CARTESIAN_POINT('',(-2.1904620000000250E+00,
   9.1149611675112112E+00,3.8099999999999996E+00));
#13600=VERTEX_POINT('',#13590);
#13610=EDGE_CURVE('',#5260,#13600,#13580,.T.);
#13620=ORIENTED_EDGE('',*,*,#13610,.F.);
#13630=CARTESIAN_POINT('',(-3.3386626522437268E+00,
   1.3400104338968589E+01,3.8099999999999996E+00));
#13640=DIRECTION('',(-2.5881904510247711E-01,9.6592582628907997E-01,
   0.0000000000000000E+00));
#13650=VECTOR('',#13640,1.0000000000000000E+00);
#13660=LINE('',#13630,#13650);
#13670=CARTESIAN_POINT('',(-3.7411625808450140E+00,
   1.4902254522551289E+01,3.8099999999999996E+00));
#13680=VERTEX_POINT('',#13670);
#13690=EDGE_CURVE('',#13600,#13680,#13660,.T.);
#13700=ORIENTED_EDGE('',*,*,#13690,.F.);
#13710=CARTESIAN_POINT('',(-3.7411625808450140E+00,
   1.4902254522551289E+01,0.0000000000000000E+00));
#13720=DIRECTION('',(0.0000000000000000E+00,0.0000000000000000E+00,
   -1.0000000000000000E+00));
#13730=VECTOR('',#13720,1.0000000000000000E+00);
#13740=LINE('',#13710,#13730);
#13750=EDGE_CURVE('',#13680,#4300,#13740,.T.);
#13760=ORIENTED_EDGE('',*,*,#13750,.F.);
#13770=EDGE_LOOP('',(#13760,#13700,#13620,#13540));
#13780=FACE_OUTER_BOUND('',#13770,.T.);
#13790=ADVANCED_FACE('',(#12600,#13530,#13780),#9740,.T.);
#13800=COLOUR_RGB('',5.0196081399917603E-01,1.0000000000000000E+00,
   5.0196081399917603E-01);
#13810=FILL_AREA_STYLE_COLOUR('',#13800);
#13820=FILL_AREA_STYLE('',(#13810));
#13830=SURFACE_STYLE_FILL_AREA(#13820);
#13840=SURFACE_SIDE_STYLE('',(#13830));
#13850=SURFACE_STYLE_USAGE(.BOTH.,#13840);
#13860=PRESENTATION_STYLE_ASSIGNMENT((#13850));
#13870=CARTESIAN_POINT('',(-2.1904620000000250E+00,
   9.1149611675112112E+00,0.0000000000000000E+00));
#13880=DIRECTION('',(1.0000000000000000E+00,0.0000000000000000E+00,
   0.0000000000000000E+00));
#13890=DIRECTION('',(0.0000000000000000E+00,-1.0000000000000000E+00,
   0.0000000000000000E+00));
#13900=AXIS2_PLACEMENT_3D('',#13870,#13880,#13890);
#13910=PLANE('',#13900);
#13920=ORIENTED_EDGE('',*,*,#5270,.T.);
#13930=CARTESIAN_POINT('',(-2.1904620000000250E+00,
   5.2728449999999896E+00,0.0000000000000000E+00));
#13940=DIRECTION('',(0.0000000000000000E+00,0.0000000000000000E+00,
   -1.0000000000000000E+00));
#13950=VECTOR('',#13940,1.0000000000000000E+00);
#13960=LINE('',#13930,#13950);
#13970=CARTESIAN_POINT('',(-2.1904620000000250E+00,
   5.2728449999999896E+00,3.8099999999999996E+00));
#13980=VERTEX_POINT('',#13970);
#13990=EDGE_CURVE('',#13980,#5180,#13960,.T.);
#14000=ORIENTED_EDGE('',*,*,#13990,.T.);
#14010=CARTESIAN_POINT('',(-2.1904620000000250E+00,
   5.2728449999999896E+00,3.8099999999999996E+00));
#14020=DIRECTION('',(0.0000000000000000E+00,1.0000000000000000E+00,
   0.0000000000000000E+00));
#14030=VECTOR('',#14020,1.0000000000000000E+00);
#14040=LINE('',#14010,#14030);
#14050=EDGE_CURVE('',#13980,#13600,#14040,.T.);
#14060=ORIENTED_EDGE('',*,*,#14050,.F.);
#14070=ORIENTED_EDGE('',*,*,#13610,.T.);
#14080=EDGE_LOOP('',(#14070,#14060,#14000,#13920));
#14090=FACE_OUTER_BOUND('',#14080,.T.);
#14100=ADVANCED_FACE('',(#14090),#13910,.T.);
#14110=COLOUR_RGB('',5.0196081399917603E-01,1.0000000000000000E+00,
   5.0196081399917603E-01);
#14120=FILL_AREA_STYLE_COLOUR('',#14110);
#14130=FILL_AREA_STYLE('',(#14120));
#14140=SURFACE_STYLE_FILL_AREA(#14130);
#14150=SURFACE_SIDE_STYLE('',(#14140));
#14160=SURFACE_STYLE_USAGE(.BOTH.,#14150);
#14170=PRESENTATION_STYLE_ASSIGNMENT((#14160));
#14180=CARTESIAN_POINT('',(-4.2241254939895043E+00,
   1.4772844999999990E+01,0.0000000000000000E+00));
#14190=DIRECTION('',(0.0000000000000000E+00,0.0000000000000000E+00,
   1.0000000000000000E+00));
#14200=DIRECTION('',(1.0000000000000000E+00,0.0000000000000000E+00,
   0.0000000000000000E+00));
#14210=AXIS2_PLACEMENT_3D('',#14180,#14190,#14200);
#14220=CYLINDRICAL_SURFACE('',#14210,4.9999999999996769E-01);
#14230=ORIENTED_EDGE('',*,*,#4330,.T.);
#14240=ORIENTED_EDGE('',*,*,#13750,.T.);
#14250=CARTESIAN_POINT('',(-4.2241254939895043E+00,
   1.4772844999999990E+01,3.8099999999999996E+00));
#14260=DIRECTION('',(0.0000000000000000E+00,0.0000000000000000E+00,
   1.0000000000000000E+00));
#14270=DIRECTION('',(1.0000000000000000E+00,0.0000000000000000E+00,
   0.0000000000000000E+00));
#14280=AXIS2_PLACEMENT_3D('',#14250,#14260,#14270);
#14290=CIRCLE('',#14280,4.9999999999996769E-01);
#14300=CARTESIAN_POINT('',(-4.2241254939895043E+00,
   1.5272844999999990E+01,3.8099999999999996E+00));
#14310=VERTEX_POINT('',#14300);
#14320=EDGE_CURVE('',#13680,#14310,#14290,.T.);
#14330=ORIENTED_EDGE('',*,*,#14320,.F.);
#14340=CARTESIAN_POINT('',(-4.2241254939895043E+00,
   1.5272844999999990E+01,0.0000000000000000E+00));
#14350=DIRECTION('',(0.0000000000000000E+00,0.0000000000000000E+00,
   1.0000000000000000E+00));
#14360=VECTOR('',#14350,1.0000000000000000E+00);
#14370=LINE('',#14340,#14360);
#14380=EDGE_CURVE('',#4320,#14310,#14370,.T.);
#14390=ORIENTED_EDGE('',*,*,#14380,.T.);
#14400=EDGE_LOOP('',(#14390,#14330,#14240,#14230));
#14410=FACE_OUTER_BOUND('',#14400,.T.);
#14420=ADVANCED_FACE('',(#14410),#14220,.T.);
#14430=COLOUR_RGB('',5.0196081399917603E-01,1.0000000000000000E+00,
   5.0196081399917603E-01);
#14440=FILL_AREA_STYLE_COLOUR('',#14430);
#14450=FILL_AREA_STYLE('',(#14440));
#14460=SURFACE_STYLE_FILL_AREA(#14450);
#14470=SURFACE_SIDE_STYLE('',(#14460));
#14480=SURFACE_STYLE_USAGE(.BOTH.,#14470);
#14490=PRESENTATION_STYLE_ASSIGNMENT((#14480));
#14500=CARTESIAN_POINT('',(-7.2271199603191008E+00,
   9.7728449999999896E+00,-4.7968718412656788E+00));
#14510=DIRECTION('',(0.0000000000000000E+00,-1.0000000000000000E+00,
   0.0000000000000000E+00));
#14520=DIRECTION('',(1.0000000000000000E+00,0.0000000000000000E+00,
   0.0000000000000000E+00));
#14530=AXIS2_PLACEMENT_3D('',#14500,#14510,#14520);
#14540=PLANE('',#14530);
#14550=CARTESIAN_POINT('',(-9.5974620000000428E+00,
   9.7728449999999896E+00,-1.1558690699906602E+01));
#14560=DIRECTION('',(0.0000000000000000E+00,0.0000000000000000E+00,
   1.0000000000000000E+00));
#14570=VECTOR('',#14560,1.0000000000000000E+00);
#14580=LINE('',#14550,#14570);
#14590=CARTESIAN_POINT('',(-9.5974620000000428E+00,
   9.7728449999999896E+00,-1.1558690699906602E+01));
#14600=VERTEX_POINT('',#14590);
#14610=EDGE_CURVE('',#14600,#4980,#14580,.T.);
#14620=ORIENTED_EDGE('',*,*,#14610,.T.);
#14630=CARTESIAN_POINT('',(-9.7474213436161463E+00,
   9.7728449999999896E+00,-1.1737025686886792E+01));
#14640=DIRECTION('',(6.4358945695708214E-01,0.0000000000000000E+00,
   7.6537089760043031E-01));
#14650=VECTOR('',#14640,1.0000000000000000E+00);
#14660=LINE('',#14630,#14650);
#14670=CARTESIAN_POINT('',(-9.7474213436161463E+00,
   9.7728449999999896E+00,-1.1737025686886792E+01));
#14680=VERTEX_POINT('',#14670);
#14690=EDGE_CURVE('',#14680,#14600,#14660,.T.);
#14700=ORIENTED_EDGE('',*,*,#14690,.T.);
#14710=CARTESIAN_POINT('',(-9.7474213436161463E+00,
   9.7728449999999896E+00,-1.1999999999999883E+01));
#14720=DIRECTION('',(0.0000000000000000E+00,0.0000000000000000E+00,
   1.0000000000000000E+00));
#14730=VECTOR('',#14720,1.0000000000000000E+00);
#14740=LINE('',#14710,#14730);
#14750=CARTESIAN_POINT('',(-9.7474213436161463E+00,
   9.7728449999999896E+00,-1.1999999999999883E+01));
#14760=VERTEX_POINT('',#14750);
#14770=EDGE_CURVE('',#14760,#14680,#14740,.T.);
#14780=ORIENTED_EDGE('',*,*,#14770,.T.);
#14790=CARTESIAN_POINT('',(-9.0335026563840088E+00,
   9.7728449999999896E+00,-1.1999999999999883E+01));
#14800=DIRECTION('',(-1.0000000000000000E+00,0.0000000000000000E+00,
   0.0000000000000000E+00));
#14810=VECTOR('',#14800,1.0000000000000000E+00);
#14820=LINE('',#14790,#14810);
#14830=CARTESIAN_POINT('',(-9.0335026563840088E+00,
   9.7728449999999896E+00,-1.1999999999999883E+01));
#14840=VERTEX_POINT('',#14830);
#14850=EDGE_CURVE('',#14840,#14760,#14820,.T.);
#14860=ORIENTED_EDGE('',*,*,#14850,.T.);
#14870=CARTESIAN_POINT('',(-9.0335026563840088E+00,
   9.7728449999999896E+00,-1.1737025686886792E+01));
#14880=DIRECTION('',(0.0000000000000000E+00,0.0000000000000000E+00,
   -1.0000000000000000E+00));
#14890=VECTOR('',#14880,1.0000000000000000E+00);
#14900=LINE('',#14870,#14890);
#14910=CARTESIAN_POINT('',(-9.0335026563840088E+00,
   9.7728449999999896E+00,-1.1737025686886792E+01));
#14920=VERTEX_POINT('',#14910);
#14930=EDGE_CURVE('',#14920,#14840,#14900,.T.);
#14940=ORIENTED_EDGE('',*,*,#14930,.T.);
#14950=CARTESIAN_POINT('',(-9.1834619999999987E+00,
   9.7728449999999896E+00,-1.1558690699906602E+01));
#14960=DIRECTION('',(6.4358945695679626E-01,0.0000000000000000E+00,
   -7.6537089760067067E-01));
#14970=VECTOR('',#14960,1.0000000000000000E+00);
#14980=LINE('',#14950,#14970);
#14990=CARTESIAN_POINT('',(-9.1834619999999987E+00,
   9.7728449999999896E+00,-1.1558690699906602E+01));
#15000=VERTEX_POINT('',#14990);
#15010=EDGE_CURVE('',#15000,#14920,#14980,.T.);
#15020=ORIENTED_EDGE('',*,*,#15010,.T.);
#15030=CARTESIAN_POINT('',(-9.1834619999999987E+00,
   9.7728449999999896E+00,-1.1430000000000003E+01));
#15040=DIRECTION('',(0.0000000000000000E+00,0.0000000000000000E+00,
   -1.0000000000000000E+00));
#15050=VECTOR('',#15040,1.0000000000000000E+00);
#15060=LINE('',#15030,#15050);
#15070=EDGE_CURVE('',#5060,#15000,#15060,.T.);
#15080=ORIENTED_EDGE('',*,*,#15070,.T.);
#15090=ORIENTED_EDGE('',*,*,#5070,.T.);
#15100=EDGE_LOOP('',(#15090,#15080,#15020,#14940,#14860,#14780,#14700,
   #14620));
#15110=FACE_OUTER_BOUND('',#15100,.T.);
#15120=ADVANCED_FACE('',(#15110),#14540,.F.);
#15130=COLOUR_RGB('',5.0196081399917603E-01,1.0000000000000000E+00,
   5.0196081399917603E-01);
#15140=FILL_AREA_STYLE_COLOUR('',#15130);
#15150=FILL_AREA_STYLE('',(#15140));
#15160=SURFACE_STYLE_FILL_AREA(#15150);
#15170=SURFACE_SIDE_STYLE('',(#15160));
#15180=SURFACE_STYLE_USAGE(.BOTH.,#15170);
#15190=PRESENTATION_STYLE_ASSIGNMENT((#15180));
#15200=CARTESIAN_POINT('',(-9.5974620000000428E+00,
   5.2728449999999896E+00,-1.1430000000000003E+01));
#15210=DIRECTION('',(-1.0000000000000000E+00,0.0000000000000000E+00,
   0.0000000000000000E+00));
#15220=DIRECTION('',(0.0000000000000000E+00,0.0000000000000000E+00,
   1.0000000000000000E+00));
#15230=AXIS2_PLACEMENT_3D('',#15200,#15210,#15220);
#15240=PLANE('',#15230);
#15250=CARTESIAN_POINT('',(-9.5974620000000428E+00,
   5.2728449999999896E+00,-1.1558690699906602E+01));
#15260=DIRECTION('',(0.0000000000000000E+00,1.0000000000000000E+00,
   0.0000000000000000E+00));
#15270=VECTOR('',#15260,1.0000000000000000E+00);
#15280=LINE('',#15250,#15270);
#15290=CARTESIAN_POINT('',(-9.5974620000000428E+00,
   5.2728449999999896E+00,-1.1558690699906602E+01));
#15300=VERTEX_POINT('',#15290);
#15310=EDGE_CURVE('',#15300,#14600,#15280,.T.);
#15320=ORIENTED_EDGE('',*,*,#15310,.F.);
#15330=ORIENTED_EDGE('',*,*,#14610,.F.);
#15340=ORIENTED_EDGE('',*,*,#4990,.F.);
#15350=CARTESIAN_POINT('',(-9.5974620000000428E+00,
   5.2728449999999896E+00,-1.1558690699906602E+01));
#15360=DIRECTION('',(0.0000000000000000E+00,0.0000000000000000E+00,
   1.0000000000000000E+00));
#15370=VECTOR('',#15360,1.0000000000000000E+00);
#15380=LINE('',#15350,#15370);
#15390=EDGE_CURVE('',#15300,#4900,#15380,.T.);
#15400=ORIENTED_EDGE('',*,*,#15390,.T.);
#15410=EDGE_LOOP('',(#15400,#15340,#15330,#15320));
#15420=FACE_OUTER_BOUND('',#15410,.T.);
#15430=ADVANCED_FACE('',(#15420),#15240,.T.);
#15440=COLOUR_RGB('',5.0196081399917603E-01,1.0000000000000000E+00,
   5.0196081399917603E-01);
#15450=FILL_AREA_STYLE_COLOUR('',#15440);
#15460=FILL_AREA_STYLE('',(#15450));
#15470=SURFACE_STYLE_FILL_AREA(#15460);
#15480=SURFACE_SIDE_STYLE('',(#15470));
#15490=SURFACE_STYLE_USAGE(.BOTH.,#15480);
#15500=PRESENTATION_STYLE_ASSIGNMENT((#15490));
#15510=CARTESIAN_POINT('',(-9.5974620000000428E+00,
   5.2728449999999896E+00,-1.1558690699906602E+01));
#15520=DIRECTION('',(-7.6537089760043031E-01,0.0000000000000000E+00,
   6.4358945695708214E-01));
#15530=DIRECTION('',(6.4358945695708214E-01,0.0000000000000000E+00,
   7.6537089760043031E-01));
#15540=AXIS2_PLACEMENT_3D('',#15510,#15520,#15530);
#15550=PLANE('',#15540);
#15560=CARTESIAN_POINT('',(-9.7474213436161463E+00,
   5.2728449999999896E+00,-1.1737025686886792E+01));
#15570=DIRECTION('',(0.0000000000000000E+00,1.0000000000000000E+00,
   0.0000000000000000E+00));
#15580=VECTOR('',#15570,1.0000000000000000E+00);
#15590=LINE('',#15560,#15580);
#15600=CARTESIAN_POINT('',(-9.7474213436161463E+00,
   5.2728449999999896E+00,-1.1737025686886792E+01));
#15610=VERTEX_POINT('',#15600);
#15620=EDGE_CURVE('',#15610,#14680,#15590,.T.);
#15630=ORIENTED_EDGE('',*,*,#15620,.F.);
#15640=ORIENTED_EDGE('',*,*,#14690,.F.);
#15650=ORIENTED_EDGE('',*,*,#15310,.T.);
#15660=CARTESIAN_POINT('',(-9.7474213436161463E+00,
   5.2728449999999896E+00,-1.1737025686886792E+01));
#15670=DIRECTION('',(6.4358945695708214E-01,0.0000000000000000E+00,
   7.6537089760043031E-01));
#15680=VECTOR('',#15670,1.0000000000000000E+00);
#15690=LINE('',#15660,#15680);
#15700=EDGE_CURVE('',#15610,#15300,#15690,.T.);
#15710=ORIENTED_EDGE('',*,*,#15700,.T.);
#15720=EDGE_LOOP('',(#15710,#15650,#15640,#15630));
#15730=FACE_OUTER_BOUND('',#15720,.T.);
#15740=ADVANCED_FACE('',(#15730),#15550,.T.);
#15750=COLOUR_RGB('',5.0196081399917603E-01,1.0000000000000000E+00,
   5.0196081399917603E-01);
#15760=FILL_AREA_STYLE_COLOUR('',#15750);
#15770=FILL_AREA_STYLE('',(#15760));
#15780=SURFACE_STYLE_FILL_AREA(#15770);
#15790=SURFACE_SIDE_STYLE('',(#15780));
#15800=SURFACE_STYLE_USAGE(.BOTH.,#15790);
#15810=PRESENTATION_STYLE_ASSIGNMENT((#15800));
#15820=CARTESIAN_POINT('',(-9.1834619999999987E+00,
   5.2728449999999896E+00,-1.1558690699906602E+01));
#15830=DIRECTION('',(1.0000000000000000E+00,-0.0000000000000000E+00,
   0.0000000000000000E+00));
#15840=DIRECTION('',(0.0000000000000000E+00,0.0000000000000000E+00,
   -1.0000000000000000E+00));
#15850=AXIS2_PLACEMENT_3D('',#15820,#15830,#15840);
#15860=PLANE('',#15850);
#15870=ORIENTED_EDGE('',*,*,#5150,.F.);
#15880=ORIENTED_EDGE('',*,*,#15070,.F.);
#15890=CARTESIAN_POINT('',(-9.1834619999999987E+00,
   5.2728449999999896E+00,-1.1558690699906602E+01));
#15900=DIRECTION('',(0.0000000000000000E+00,1.0000000000000000E+00,
   0.0000000000000000E+00));
#15910=VECTOR('',#15900,1.0000000000000000E+00);
#15920=LINE('',#15890,#15910);
#15930=CARTESIAN_POINT('',(-9.1834619999999987E+00,
   5.2728449999999896E+00,-1.1558690699906602E+01));
#15940=VERTEX_POINT('',#15930);
#15950=EDGE_CURVE('',#15940,#15000,#15920,.T.);
#15960=ORIENTED_EDGE('',*,*,#15950,.T.);
#15970=CARTESIAN_POINT('',(-9.1834619999999987E+00,
   5.2728449999999896E+00,-1.1430000000000003E+01));
#15980=DIRECTION('',(0.0000000000000000E+00,0.0000000000000000E+00,
   -1.0000000000000000E+00));
#15990=VECTOR('',#15980,1.0000000000000000E+00);
#16000=LINE('',#15970,#15990);
#16010=EDGE_CURVE('',#5140,#15940,#16000,.T.);
#16020=ORIENTED_EDGE('',*,*,#16010,.T.);
#16030=EDGE_LOOP('',(#16020,#15960,#15880,#15870));
#16040=FACE_OUTER_BOUND('',#16030,.T.);
#16050=ADVANCED_FACE('',(#16040),#15860,.T.);
#16060=COLOUR_RGB('',5.0196081399917603E-01,1.0000000000000000E+00,
   5.0196081399917603E-01);
#16070=FILL_AREA_STYLE_COLOUR('',#16060);
#16080=FILL_AREA_STYLE('',(#16070));
#16090=SURFACE_STYLE_FILL_AREA(#16080);
#16100=SURFACE_SIDE_STYLE('',(#16090));
#16110=SURFACE_STYLE_USAGE(.BOTH.,#16100);
#16120=PRESENTATION_STYLE_ASSIGNMENT((#16110));
#16130=CARTESIAN_POINT('',(-9.0335026563840088E+00,
   5.2728449999999896E+00,-1.1737025686886792E+01));
#16140=DIRECTION('',(7.6537089760067067E-01,-0.0000000000000000E+00,
   6.4358945695679626E-01));
#16150=DIRECTION('',(6.4358945695679626E-01,0.0000000000000000E+00,
   -7.6537089760067067E-01));
#16160=AXIS2_PLACEMENT_3D('',#16130,#16140,#16150);
#16170=PLANE('',#16160);
#16180=ORIENTED_EDGE('',*,*,#15950,.F.);
#16190=ORIENTED_EDGE('',*,*,#15010,.F.);
#16200=CARTESIAN_POINT('',(-9.0335026563840088E+00,
   5.2728449999999896E+00,-1.1737025686886792E+01));
#16210=DIRECTION('',(0.0000000000000000E+00,1.0000000000000000E+00,
   0.0000000000000000E+00));
#16220=VECTOR('',#16210,1.0000000000000000E+00);
#16230=LINE('',#16200,#16220);
#16240=CARTESIAN_POINT('',(-9.0335026563840088E+00,
   5.2728449999999896E+00,-1.1737025686886792E+01));
#16250=VERTEX_POINT('',#16240);
#16260=EDGE_CURVE('',#16250,#14920,#16230,.T.);
#16270=ORIENTED_EDGE('',*,*,#16260,.T.);
#16280=CARTESIAN_POINT('',(-9.1834619999999987E+00,
   5.2728449999999896E+00,-1.1558690699906602E+01));
#16290=DIRECTION('',(6.4358945695679626E-01,0.0000000000000000E+00,
   -7.6537089760067067E-01));
#16300=VECTOR('',#16290,1.0000000000000000E+00);
#16310=LINE('',#16280,#16300);
#16320=EDGE_CURVE('',#15940,#16250,#16310,.T.);
#16330=ORIENTED_EDGE('',*,*,#16320,.T.);
#16340=EDGE_LOOP('',(#16330,#16270,#16190,#16180));
#16350=FACE_OUTER_BOUND('',#16340,.T.);
#16360=ADVANCED_FACE('',(#16350),#16170,.T.);
#16370=COLOUR_RGB('',5.0196081399917603E-01,1.0000000000000000E+00,
   5.0196081399917603E-01);
#16380=FILL_AREA_STYLE_COLOUR('',#16370);
#16390=FILL_AREA_STYLE('',(#16380));
#16400=SURFACE_STYLE_FILL_AREA(#16390);
#16410=SURFACE_SIDE_STYLE('',(#16400));
#16420=SURFACE_STYLE_USAGE(.BOTH.,#16410);
#16430=PRESENTATION_STYLE_ASSIGNMENT((#16420));
#16440=CARTESIAN_POINT('',(-9.0335026563840088E+00,
   5.2728449999999896E+00,-1.1999999999999883E+01));
#16450=DIRECTION('',(1.0000000000000000E+00,-0.0000000000000000E+00,
   0.0000000000000000E+00));
#16460=DIRECTION('',(0.0000000000000000E+00,0.0000000000000000E+00,
   -1.0000000000000000E+00));
#16470=AXIS2_PLACEMENT_3D('',#16440,#16450,#16460);
#16480=PLANE('',#16470);
#16490=ORIENTED_EDGE('',*,*,#16260,.F.);
#16500=ORIENTED_EDGE('',*,*,#14930,.F.);
#16510=CARTESIAN_POINT('',(-9.0335026563840088E+00,
   5.2728449999999896E+00,-1.1999999999999883E+01));
#16520=DIRECTION('',(0.0000000000000000E+00,1.0000000000000000E+00,
   0.0000000000000000E+00));
#16530=VECTOR('',#16520,1.0000000000000000E+00);
#16540=LINE('',#16510,#16530);
#16550=CARTESIAN_POINT('',(-9.0335026563840088E+00,
   5.2728449999999896E+00,-1.1999999999999883E+01));
#16560=VERTEX_POINT('',#16550);
#16570=EDGE_CURVE('',#16560,#14840,#16540,.T.);
#16580=ORIENTED_EDGE('',*,*,#16570,.T.);
#16590=CARTESIAN_POINT('',(-9.0335026563840088E+00,
   5.2728449999999896E+00,-1.1737025686886792E+01));
#16600=DIRECTION('',(0.0000000000000000E+00,0.0000000000000000E+00,
   -1.0000000000000000E+00));
#16610=VECTOR('',#16600,1.0000000000000000E+00);
#16620=LINE('',#16590,#16610);
#16630=EDGE_CURVE('',#16250,#16560,#16620,.T.);
#16640=ORIENTED_EDGE('',*,*,#16630,.T.);
#16650=EDGE_LOOP('',(#16640,#16580,#16500,#16490));
#16660=FACE_OUTER_BOUND('',#16650,.T.);
#16670=ADVANCED_FACE('',(#16660),#16480,.T.);
#16680=COLOUR_RGB('',5.0196081399917603E-01,1.0000000000000000E+00,
   5.0196081399917603E-01);
#16690=FILL_AREA_STYLE_COLOUR('',#16680);
#16700=FILL_AREA_STYLE('',(#16690));
#16710=SURFACE_STYLE_FILL_AREA(#16700);
#16720=SURFACE_SIDE_STYLE('',(#16710));
#16730=SURFACE_STYLE_USAGE(.BOTH.,#16720);
#16740=PRESENTATION_STYLE_ASSIGNMENT((#16730));
#16750=CARTESIAN_POINT('',(-9.7474213436161463E+00,
   5.2728449999999896E+00,-1.1999999999999883E+01));
#16760=DIRECTION('',(0.0000000000000000E+00,0.0000000000000000E+00,
   -1.0000000000000000E+00));
#16770=DIRECTION('',(-1.0000000000000000E+00,0.0000000000000000E+00,
   0.0000000000000000E+00));
#16780=AXIS2_PLACEMENT_3D('',#16750,#16760,#16770);
#16790=PLANE('',#16780);
#16800=ORIENTED_EDGE('',*,*,#16570,.F.);
#16810=ORIENTED_EDGE('',*,*,#14850,.F.);
#16820=CARTESIAN_POINT('',(-9.7474213436161463E+00,
   5.2728449999999896E+00,-1.1999999999999883E+01));
#16830=DIRECTION('',(0.0000000000000000E+00,1.0000000000000000E+00,
   0.0000000000000000E+00));
#16840=VECTOR('',#16830,1.0000000000000000E+00);
#16850=LINE('',#16820,#16840);
#16860=CARTESIAN_POINT('',(-9.7474213436161463E+00,
   5.2728449999999896E+00,-1.1999999999999883E+01));
#16870=VERTEX_POINT('',#16860);
#16880=EDGE_CURVE('',#16870,#14760,#16850,.T.);
#16890=ORIENTED_EDGE('',*,*,#16880,.T.);
#16900=CARTESIAN_POINT('',(-9.0335026563840088E+00,
   5.2728449999999896E+00,-1.1999999999999883E+01));
#16910=DIRECTION('',(-1.0000000000000000E+00,0.0000000000000000E+00,
   0.0000000000000000E+00));
#16920=VECTOR('',#16910,1.0000000000000000E+00);
#16930=LINE('',#16900,#16920);
#16940=EDGE_CURVE('',#16560,#16870,#16930,.T.);
#16950=ORIENTED_EDGE('',*,*,#16940,.T.);
#16960=EDGE_LOOP('',(#16950,#16890,#16810,#16800));
#16970=FACE_OUTER_BOUND('',#16960,.T.);
#16980=ADVANCED_FACE('',(#16970),#16790,.T.);
#16990=COLOUR_RGB('',5.0196081399917603E-01,1.0000000000000000E+00,
   5.0196081399917603E-01);
#17000=FILL_AREA_STYLE_COLOUR('',#16990);
#17010=FILL_AREA_STYLE('',(#17000));
#17020=SURFACE_STYLE_FILL_AREA(#17010);
#17030=SURFACE_SIDE_STYLE('',(#17020));
#17040=SURFACE_STYLE_USAGE(.BOTH.,#17030);
#17050=PRESENTATION_STYLE_ASSIGNMENT((#17040));
#17060=CARTESIAN_POINT('',(-9.7474213436161463E+00,
   5.2728449999999896E+00,-1.1737025686886792E+01));
#17070=DIRECTION('',(-1.0000000000000000E+00,0.0000000000000000E+00,
   0.0000000000000000E+00));
#17080=DIRECTION('',(0.0000000000000000E+00,0.0000000000000000E+00,
   1.0000000000000000E+00));
#17090=AXIS2_PLACEMENT_3D('',#17060,#17070,#17080);
#17100=PLANE('',#17090);
#17110=ORIENTED_EDGE('',*,*,#16880,.F.);
#17120=ORIENTED_EDGE('',*,*,#14770,.F.);
#17130=ORIENTED_EDGE('',*,*,#15620,.T.);
#17140=CARTESIAN_POINT('',(-9.7474213436161463E+00,
   5.2728449999999896E+00,-1.1999999999999883E+01));
#17150=DIRECTION('',(0.0000000000000000E+00,0.0000000000000000E+00,
   1.0000000000000000E+00));
#17160=VECTOR('',#17150,1.0000000000000000E+00);
#17170=LINE('',#17140,#17160);
#17180=EDGE_CURVE('',#16870,#15610,#17170,.T.);
#17190=ORIENTED_EDGE('',*,*,#17180,.T.);
#17200=EDGE_LOOP('',(#17190,#17130,#17120,#17110));
#17210=FACE_OUTER_BOUND('',#17200,.T.);
#17220=ADVANCED_FACE('',(#17210),#17100,.T.);
#17230=COLOUR_RGB('',5.0196081399917603E-01,1.0000000000000000E+00,
   5.0196081399917603E-01);
#17240=FILL_AREA_STYLE_COLOUR('',#17230);
#17250=FILL_AREA_STYLE('',(#17240));
#17260=SURFACE_STYLE_FILL_AREA(#17250);
#17270=SURFACE_SIDE_STYLE('',(#17260));
#17280=SURFACE_STYLE_USAGE(.BOTH.,#17270);
#17290=PRESENTATION_STYLE_ASSIGNMENT((#17280));
#17300=CARTESIAN_POINT('',(-3.8404620000000023E+00,
   1.4172844999999995E+01,-7.6200000000000001E+00));
#17310=DIRECTION('',(-2.5881904510247727E-01,9.6592582628907997E-01,
   0.0000000000000000E+00));
#17320=DIRECTION('',(1.0000000000000000E+00,0.0000000000000000E+00,
   0.0000000000000000E+00));
#17330=AXIS2_PLACEMENT_3D('',#17300,#17310,#17320);
#17340=SPHERICAL_SURFACE('',#17330,5.0179934775627544E-01);
#17350=CARTESIAN_POINT('',(-3.8404620000000023E+00,
   1.4172844999999995E+01,-7.6200000000000001E+00));
#17360=DIRECTION('',(0.0000000000000000E+00,0.0000000000000000E+00,
   -1.0000000000000000E+00));
#17370=DIRECTION('',(1.0000000000000000E+00,-0.0000000000000000E+00,
   0.0000000000000000E+00));
#17380=AXIS2_PLACEMENT_3D('',#17350,#17360,#17370);
#17390=CIRCLE('',#17380,5.0179934775627544E-01);
#17400=EDGE_CURVE('',#13470,#10670,#17390,.T.);
#17410=ORIENTED_EDGE('',*,*,#17400,.F.);
#17420=EDGE_CURVE('',#13370,#10670,#10740,.T.);
#17430=ORIENTED_EDGE('',*,*,#17420,.T.);
#17440=ORIENTED_EDGE('',*,*,#13500,.T.);
#17450=EDGE_LOOP('',(#17440,#17430,#17410));
#17460=FACE_OUTER_BOUND('',#17450,.T.);
#17470=ADVANCED_FACE('',(#17460),#17340,.T.);
#17480=COLOUR_RGB('',5.0196081399917603E-01,1.0000000000000000E+00,
   5.0196081399917603E-01);
#17490=FILL_AREA_STYLE_COLOUR('',#17480);
#17500=FILL_AREA_STYLE('',(#17490));
#17510=SURFACE_STYLE_FILL_AREA(#17500);
#17520=SURFACE_SIDE_STYLE('',(#17510));
#17530=SURFACE_STYLE_USAGE(.BOTH.,#17520);
#17540=PRESENTATION_STYLE_ASSIGNMENT((#17530));
#17550=CARTESIAN_POINT('',(-9.2434024190612618E+00,
   4.7728449999999896E+00,-1.9200113465742472E+00));
#17560=DIRECTION('',(0.0000000000000000E+00,-1.0000000000000000E+00,
   0.0000000000000000E+00));
#17570=DIRECTION('',(1.0000000000000000E+00,0.0000000000000000E+00,
   0.0000000000000000E+00));
#17580=AXIS2_PLACEMENT_3D('',#17550,#17560,#17570);
#17590=PLANE('',#17580);
#17600=ORIENTED_EDGE('',*,*,#9090,.F.);
#17610=ORIENTED_EDGE('',*,*,#3770,.F.);
#17620=CARTESIAN_POINT('',(-5.9337133240731973E+01,
   4.7728449999999896E+00,-8.1200000000000010E+00));
#17630=DIRECTION('',(1.0000000000000000E+00,0.0000000000000000E+00,
   0.0000000000000000E+00));
#17640=VECTOR('',#17630,1.0000000000000000E+00);
#17650=LINE('',#17620,#17640);
#17660=CARTESIAN_POINT('',(-5.9904619999999937E+00,
   4.7728449999999896E+00,-8.1200000000000010E+00));
#17670=VERTEX_POINT('',#17660);
#17680=EDGE_CURVE('',#3680,#17670,#17650,.T.);
#17690=ORIENTED_EDGE('',*,*,#17680,.F.);
#17700=CARTESIAN_POINT('',(-5.9904619999999937E+00,
   4.7728449999999896E+00,-2.6200000000000001E+00));
#17710=DIRECTION('',(0.0000000000000000E+00,0.0000000000000000E+00,
   1.0000000000000000E+00));
#17720=VECTOR('',#17710,1.0000000000000000E+00);
#17730=LINE('',#17700,#17720);
#17740=EDGE_CURVE('',#17670,#9210,#17730,.T.);
#17750=ORIENTED_EDGE('',*,*,#17740,.F.);
#17760=ORIENTED_EDGE('',*,*,#9220,.F.);
#17770=CARTESIAN_POINT('',(-6.2404619999999937E+00,
   4.7728449999999896E+00,-7.6199999999999992E+00));
#17780=DIRECTION('',(0.0000000000000000E+00,-1.0000000000000000E+00,
   0.0000000000000000E+00));
#17790=DIRECTION('',(1.0000000000000000E+00,0.0000000000000000E+00,
   0.0000000000000000E+00));
#17800=AXIS2_PLACEMENT_3D('',#17770,#17780,#17790);
#17810=CIRCLE('',#17800,6.5000000000000002E-01);
#17820=EDGE_CURVE('',#9080,#9170,#17810,.T.);
#17830=ORIENTED_EDGE('',*,*,#17820,.T.);
#17840=EDGE_LOOP('',(#17830,#17760,#17750,#17690,#17610,#17600));
#17850=FACE_OUTER_BOUND('',#17840,.T.);
#17860=ADVANCED_FACE('',(#17850),#17590,.T.);
#17870=COLOUR_RGB('',9.4901967048645020E-01,9.4901967048645020E-01,
   1.0000000000000000E+00);
#17880=FILL_AREA_STYLE_COLOUR('',#17870);
#17890=FILL_AREA_STYLE('',(#17880));
#17900=SURFACE_STYLE_FILL_AREA(#17890);
#17910=SURFACE_SIDE_STYLE('',(#17900));
#17920=SURFACE_STYLE_USAGE(.BOTH.,#17910);
#17930=PRESENTATION_STYLE_ASSIGNMENT((#17920));
#17940=CARTESIAN_POINT('',(-9.2434024190612618E+00,
   1.7728449999999896E+00,-1.9200113465742472E+00));
#17950=DIRECTION('',(0.0000000000000000E+00,-1.0000000000000000E+00,
   0.0000000000000000E+00));
#17960=DIRECTION('',(1.0000000000000000E+00,0.0000000000000000E+00,
   0.0000000000000000E+00));
#17970=AXIS2_PLACEMENT_3D('',#17940,#17950,#17960);
#17980=PLANE('',#17970);
#17990=CARTESIAN_POINT('',(-6.4904619999999937E+00,
   1.7728449999999896E+00,5.0000000000000000E-01));
#18000=DIRECTION('',(0.0000000000000000E+00,0.0000000000000000E+00,
   -1.0000000000000000E+00));
#18010=VECTOR('',#18000,1.0000000000000000E+00);
#18020=LINE('',#17990,#18010);
#18030=CARTESIAN_POINT('',(-6.4904619999999937E+00,
   1.7728449999999967E+00,-2.3205080756887941E-01));
#18040=VERTEX_POINT('',#18030);
#18050=EDGE_CURVE('',#3130,#18040,#18020,.T.);
#18060=ORIENTED_EDGE('',*,*,#18050,.T.);
#18070=ORIENTED_EDGE('',*,*,#3360,.F.);
#18080=CARTESIAN_POINT('',(-5.9904619999999937E+00,
   1.7728449999999896E+00,-5.0000000000000000E-01));
#18090=DIRECTION('',(0.0000000000000000E+00,0.0000000000000000E+00,
   1.0000000000000000E+00));
#18100=VECTOR('',#18090,1.0000000000000000E+00);
#18110=LINE('',#18080,#18100);
#18120=CARTESIAN_POINT('',(-5.9904619999999937E+00,
   1.7728449999999967E+00,-2.3205080756887941E-01));
#18130=VERTEX_POINT('',#18120);
#18140=EDGE_CURVE('',#18130,#3290,#18110,.T.);
#18150=ORIENTED_EDGE('',*,*,#18140,.T.);
#18160=CARTESIAN_POINT('',(-5.9337133240731973E+01,
   1.7728449999999896E+00,-2.3205080756887719E-01));
#18170=DIRECTION('',(-1.0000000000000000E+00,0.0000000000000000E+00,
   0.0000000000000000E+00));
#18180=VECTOR('',#18170,1.0000000000000000E+00);
#18190=LINE('',#18160,#18180);
#18200=EDGE_CURVE('',#18130,#18040,#18190,.T.);
#18210=ORIENTED_EDGE('',*,*,#18200,.F.);
#18220=EDGE_LOOP('',(#18210,#18150,#18070,#18060));
#18230=FACE_OUTER_BOUND('',#18220,.T.);
#18240=ADVANCED_FACE('',(#18230),#17980,.T.);
#18250=COLOUR_RGB('',9.4901967048645020E-01,9.4901967048645020E-01,
   1.0000000000000000E+00);
#18260=FILL_AREA_STYLE_COLOUR('',#18250);
#18270=FILL_AREA_STYLE('',(#18260));
#18280=SURFACE_STYLE_FILL_AREA(#18270);
#18290=SURFACE_SIDE_STYLE('',(#18280));
#18300=SURFACE_STYLE_USAGE(.BOTH.,#18290);
#18310=PRESENTATION_STYLE_ASSIGNMENT((#18300));
#18320=CARTESIAN_POINT('',(-9.3986680170464183E+00,
   1.0972845000000007E+01,0.0000000000000000E+00));
#18330=DIRECTION('',(-0.0000000000000000E+00,1.0000000000000000E+00,
   0.0000000000000000E+00));
#18340=DIRECTION('',(1.0000000000000000E+00,0.0000000000000000E+00,
   0.0000000000000000E+00));
#18350=AXIS2_PLACEMENT_3D('',#18320,#18330,#18340);
#18360=PLANE('',#18350);
#18370=ORIENTED_EDGE('',*,*,#4660,.T.);
#18380=CARTESIAN_POINT('',(-9.3986680170464183E+00,
   1.0972845000000007E+01,0.0000000000000000E+00));
#18390=DIRECTION('',(0.0000000000000000E+00,0.0000000000000000E+00,
   -1.0000000000000000E+00));
#18400=VECTOR('',#18390,1.0000000000000000E+00);
#18410=LINE('',#18380,#18400);
#18420=CARTESIAN_POINT('',(-9.3986680170464183E+00,
   1.0972845000000007E+01,3.8099999999999996E+00));
#18430=VERTEX_POINT('',#18420);
#18440=EDGE_CURVE('',#18430,#4570,#18410,.T.);
#18450=ORIENTED_EDGE('',*,*,#18440,.T.);
#18460=CARTESIAN_POINT('',(-9.3986680170464183E+00,
   1.0972845000000007E+01,3.8099999999999996E+00));
#18470=DIRECTION('',(-1.0000000000000000E+00,0.0000000000000000E+00,
   0.0000000000000000E+00));
#18480=VECTOR('',#18470,1.0000000000000000E+00);
#18490=LINE('',#18460,#18480);
#18500=CARTESIAN_POINT('',(-9.9904619999999795E+00,
   1.0972845000000007E+01,3.8099999999999996E+00));
#18510=VERTEX_POINT('',#18500);
#18520=EDGE_CURVE('',#18430,#18510,#18490,.T.);
#18530=ORIENTED_EDGE('',*,*,#18520,.F.);
#18540=CARTESIAN_POINT('',(-9.9904619999999795E+00,
   1.0972845000000007E+01,0.0000000000000000E+00));
#18550=DIRECTION('',(0.0000000000000000E+00,0.0000000000000000E+00,
   1.0000000000000000E+00));
#18560=VECTOR('',#18550,1.0000000000000000E+00);
#18570=LINE('',#18540,#18560);
#18580=EDGE_CURVE('',#4650,#18510,#18570,.T.);
#18590=ORIENTED_EDGE('',*,*,#18580,.T.);
#18600=EDGE_LOOP('',(#18590,#18530,#18450,#18370));
#18610=FACE_OUTER_BOUND('',#18600,.T.);
#18620=ADVANCED_FACE('',(#18610),#18360,.T.);
#18630=COLOUR_RGB('',5.0196081399917603E-01,1.0000000000000000E+00,
   5.0196081399917603E-01);
#18640=FILL_AREA_STYLE_COLOUR('',#18630);
#18650=FILL_AREA_STYLE('',(#18640));
#18660=SURFACE_STYLE_FILL_AREA(#18650);
#18670=SURFACE_SIDE_STYLE('',(#18660));
#18680=SURFACE_STYLE_USAGE(.BOTH.,#18670);
#18690=PRESENTATION_STYLE_ASSIGNMENT((#18680));
#18700=CARTESIAN_POINT('',(-5.9904619999999937E+00,
   4.7728449999999896E+00,-8.1200000000000010E+00));
#18710=DIRECTION('',(0.0000000000000000E+00,0.0000000000000000E+00,
   -1.0000000000000000E+00));
#18720=DIRECTION('',(-1.0000000000000000E+00,0.0000000000000000E+00,
   0.0000000000000000E+00));
#18730=AXIS2_PLACEMENT_3D('',#18700,#18710,#18720);
#18740=PLANE('',#18730);
#18750=ORIENTED_EDGE('',*,*,#3690,.F.);
#18760=CARTESIAN_POINT('',(-5.9337133240731973E+01,
   2.7728449999999825E+00,-8.1200000000000010E+00));
#18770=DIRECTION('',(-1.0000000000000000E+00,0.0000000000000000E+00,
   0.0000000000000000E+00));
#18780=VECTOR('',#18770,1.0000000000000000E+00);
#18790=LINE('',#18760,#18780);
#18800=CARTESIAN_POINT('',(-5.9904619999999937E+00,
   2.7728449999999896E+00,-8.1200000000000010E+00));
#18810=VERTEX_POINT('',#18800);
#18820=EDGE_CURVE('',#18810,#3580,#18790,.T.);
#18830=ORIENTED_EDGE('',*,*,#18820,.T.);
#18840=CARTESIAN_POINT('',(-5.9904619999999937E+00,
   4.7728449999999896E+00,-8.1200000000000010E+00));
#18850=DIRECTION('',(0.0000000000000000E+00,-1.0000000000000000E+00,
   0.0000000000000000E+00));
#18860=VECTOR('',#18850,1.0000000000000000E+00);
#18870=LINE('',#18840,#18860);
#18880=EDGE_CURVE('',#17670,#18810,#18870,.T.);
#18890=ORIENTED_EDGE('',*,*,#18880,.T.);
#18900=ORIENTED_EDGE('',*,*,#17680,.T.);
#18910=EDGE_LOOP('',(#18900,#18890,#18830,#18750));
#18920=FACE_OUTER_BOUND('',#18910,.T.);
#18930=ADVANCED_FACE('',(#18920),#18740,.T.);
#18940=COLOUR_RGB('',9.4901967048645020E-01,9.4901967048645020E-01,
   1.0000000000000000E+00);
#18950=FILL_AREA_STYLE_COLOUR('',#18940);
#18960=FILL_AREA_STYLE('',(#18950));
#18970=SURFACE_STYLE_FILL_AREA(#18960);
#18980=SURFACE_SIDE_STYLE('',(#18970));
#18990=SURFACE_STYLE_USAGE(.BOTH.,#18980);
#19000=PRESENTATION_STYLE_ASSIGNMENT((#18990));
#19010=CARTESIAN_POINT('',(-5.9929746265846688E+00,
   1.3222844999999985E+01,-2.4748737341531779E-01));
#19020=DIRECTION('',(0.0000000000000000E+00,1.0000000000000000E+00,
   0.0000000000000000E+00));
#19030=DIRECTION('',(7.0710678118654746E-01,0.0000000000000000E+00,
   -7.0710678118654757E-01));
#19040=AXIS2_PLACEMENT_3D('',#19010,#19020,#19030);
#19050=PLANE('',#19040);
#19060=EDGE_CURVE('',#8000,#5980,#6040,.T.);
#19070=ORIENTED_EDGE('',*,*,#19060,.T.);
#19080=ORIENTED_EDGE('',*,*,#8010,.F.);
#19090=CARTESIAN_POINT('',(-5.9337133240731973E+01,
   1.3222844999999985E+01,-5.2601696493901422E+01));
#19100=DIRECTION('',(-7.0710678118654757E-01,0.0000000000000000E+00,
   -7.0710678118654746E-01));
#19110=VECTOR('',#19100,1.0000000000000000E+00);
#19120=LINE('',#19090,#19110);
#19130=CARTESIAN_POINT('',(-6.1006510387945170E+00,
   1.3222844999999985E+01,6.3478570803602841E-01));
#19140=VERTEX_POINT('',#19130);
#19150=EDGE_CURVE('',#7910,#19140,#19120,.T.);
#19160=ORIENTED_EDGE('',*,*,#19150,.F.);
#19170=CARTESIAN_POINT('',(-6.2404619999999937E+00,
   1.3222844999999985E+01,8.8817841970012523E-16));
#19180=DIRECTION('',(0.0000000000000000E+00,-1.0000000000000000E+00,
   0.0000000000000000E+00));
#19190=DIRECTION('',(1.0000000000000000E+00,0.0000000000000000E+00,
   0.0000000000000000E+00));
#19200=AXIS2_PLACEMENT_3D('',#19170,#19180,#19190);
#19210=CIRCLE('',#19200,6.5000000000000002E-01);
#19220=EDGE_CURVE('',#5980,#19140,#19210,.T.);
#19230=ORIENTED_EDGE('',*,*,#19220,.T.);
#19240=EDGE_LOOP('',(#19230,#19160,#19080,#19070));
#19250=FACE_OUTER_BOUND('',#19240,.T.);
#19260=ADVANCED_FACE('',(#19250),#19050,.T.);
#19270=COLOUR_RGB('',9.4901967048645020E-01,9.4901967048645020E-01,
   1.0000000000000000E+00);
#19280=FILL_AREA_STYLE_COLOUR('',#19270);
#19290=FILL_AREA_STYLE('',(#19280));
#19300=SURFACE_STYLE_FILL_AREA(#19290);
#19310=SURFACE_SIDE_STYLE('',(#19300));
#19320=SURFACE_STYLE_USAGE(.BOTH.,#19310);
#19330=PRESENTATION_STYLE_ASSIGNMENT((#19320));
#19340=CARTESIAN_POINT('',(-6.2404619999999937E+00,
   2.2728449999999896E+00,-7.9860254037844394E+00));
#19350=DIRECTION('',(0.0000000000000000E+00,2.5881904510252046E-01,
   9.6592582628906842E-01));
#19360=DIRECTION('',(0.0000000000000000E+00,9.6592582628906842E-01,
   -2.5881904510252046E-01));
#19370=AXIS2_PLACEMENT_3D('',#19340,#19350,#19360);
#19380=PLANE('',#19370);
#19390=CARTESIAN_POINT('',(-5.9904619999999937E+00,
   -3.7032246989143843E+01,2.5457422531376270E+00));
#19400=DIRECTION('',(0.0000000000000000E+00,9.6592582628906842E-01,
   -2.5881904510252046E-01));
#19410=VECTOR('',#19400,1.0000000000000000E+00);
#19420=LINE('',#19390,#19410);
#19430=CARTESIAN_POINT('',(-5.9904619999999937E+00,
   1.7728449999999896E+00,-7.8520508075688786E+00));
#19440=VERTEX_POINT('',#19430);
#19450=EDGE_CURVE('',#19440,#18810,#19420,.T.);
#19460=ORIENTED_EDGE('',*,*,#19450,.F.);
#19470=ORIENTED_EDGE('',*,*,#18820,.F.);
#19480=ORIENTED_EDGE('',*,*,#3610,.F.);
#19490=CARTESIAN_POINT('',(-5.9337133240731973E+01,
   1.7728449999999896E+00,-7.8520508075688786E+00));
#19500=DIRECTION('',(1.0000000000000000E+00,0.0000000000000000E+00,
   0.0000000000000000E+00));
#19510=VECTOR('',#19500,1.0000000000000000E+00);
#19520=LINE('',#19490,#19510);
#19530=EDGE_CURVE('',#3600,#19440,#19520,.T.);
#19540=ORIENTED_EDGE('',*,*,#19530,.F.);
#19550=EDGE_LOOP('',(#19540,#19480,#19470,#19460));
#19560=FACE_OUTER_BOUND('',#19550,.T.);
#19570=ADVANCED_FACE('',(#19560),#19380,.F.);
#19580=COLOUR_RGB('',9.4901967048645020E-01,9.4901967048645020E-01,
   1.0000000000000000E+00);
#19590=FILL_AREA_STYLE_COLOUR('',#19580);
#19600=FILL_AREA_STYLE('',(#19590));
#19610=SURFACE_STYLE_FILL_AREA(#19600);
#19620=SURFACE_SIDE_STYLE('',(#19610));
#19630=SURFACE_STYLE_USAGE(.BOTH.,#19620);
#19640=PRESENTATION_STYLE_ASSIGNMENT((#19630));
#19650=CARTESIAN_POINT('',(-6.2404619999999937E+00,
   5.2728449999999896E+00,-7.6200000000000001E+00));
#19660=DIRECTION('',(0.0000000000000000E+00,-1.0000000000000000E+00,
   0.0000000000000000E+00));
#19670=DIRECTION('',(1.0000000000000000E+00,0.0000000000000000E+00,
   0.0000000000000000E+00));
#19680=AXIS2_PLACEMENT_3D('',#19650,#19660,#19670);
#19690=CYLINDRICAL_SURFACE('',#19680,6.5000000000000002E-01);
#19700=CARTESIAN_POINT('',(-5.5904619999999934E+00,
   5.2728449999999896E+00,-7.6200000000000001E+00));
#19710=DIRECTION('',(0.0000000000000000E+00,-1.0000000000000000E+00,
   0.0000000000000000E+00));
#19720=VECTOR('',#19710,1.0000000000000000E+00);
#19730=LINE('',#19700,#19720);
#19740=CARTESIAN_POINT('',(-5.5904619999999934E+00,
   5.2728449999999896E+00,-7.6200000000000001E+00));
#19750=VERTEX_POINT('',#19740);
#19760=EDGE_CURVE('',#19750,#9170,#19730,.T.);
#19770=ORIENTED_EDGE('',*,*,#19760,.T.);
#19780=CARTESIAN_POINT('',(-6.2404619999999937E+00,
   5.2728449999999896E+00,-7.6199999999999992E+00));
#19790=DIRECTION('',(0.0000000000000000E+00,-1.0000000000000000E+00,
   0.0000000000000000E+00));
#19800=DIRECTION('',(1.0000000000000000E+00,0.0000000000000000E+00,
   0.0000000000000000E+00));
#19810=AXIS2_PLACEMENT_3D('',#19780,#19790,#19800);
#19820=CIRCLE('',#19810,6.5000000000000002E-01);
#19830=CARTESIAN_POINT('',(-6.8904619999999941E+00,
   5.2728449999999896E+00,-7.6200000000000001E+00));
#19840=VERTEX_POINT('',#19830);
#19850=EDGE_CURVE('',#19840,#19750,#19820,.T.);
#19860=ORIENTED_EDGE('',*,*,#19850,.T.);
#19870=CARTESIAN_POINT('',(-6.8904619999999941E+00,
   5.2728449999999896E+00,-7.6200000000000001E+00));
#19880=DIRECTION('',(0.0000000000000000E+00,-1.0000000000000000E+00,
   0.0000000000000000E+00));
#19890=VECTOR('',#19880,1.0000000000000000E+00);
#19900=LINE('',#19870,#19890);
#19910=EDGE_CURVE('',#19840,#9080,#19900,.T.);
#19920=ORIENTED_EDGE('',*,*,#19910,.F.);
#19930=ORIENTED_EDGE('',*,*,#17820,.F.);
#19940=EDGE_LOOP('',(#19930,#19920,#19860,#19770));
#19950=FACE_OUTER_BOUND('',#19940,.T.);
#19960=ADVANCED_FACE('',(#19950),#19690,.T.);
#19970=COLOUR_RGB('',9.4901967048645020E-01,9.4901967048645020E-01,
   1.0000000000000000E+00);
#19980=FILL_AREA_STYLE_COLOUR('',#19970);
#19990=FILL_AREA_STYLE('',(#19980));
#20000=SURFACE_STYLE_FILL_AREA(#19990);
#20010=SURFACE_SIDE_STYLE('',(#20000));
#20020=SURFACE_STYLE_USAGE(.BOTH.,#20010);
#20030=PRESENTATION_STYLE_ASSIGNMENT((#20020));
#20040=CARTESIAN_POINT('',(-5.9929746265846688E+00,
   1.3222844999999985E+01,-7.8674873734153179E+00));
#20050=DIRECTION('',(0.0000000000000000E+00,1.0000000000000000E+00,
   0.0000000000000000E+00));
#20060=DIRECTION('',(7.0710678118654746E-01,0.0000000000000000E+00,
   -7.0710678118654757E-01));
#20070=AXIS2_PLACEMENT_3D('',#20040,#20050,#20060);
#20080=PLANE('',#20070);
#20090=CARTESIAN_POINT('',(-5.9337133240731973E+01,
   1.3222844999999985E+01,-6.1211645987562612E+01));
#20100=DIRECTION('',(-7.0710678118654757E-01,0.0000000000000000E+00,
   -7.0710678118654746E-01));
#20110=VECTOR('',#20100,1.0000000000000000E+00);
#20120=LINE('',#20090,#20110);
#20130=CARTESIAN_POINT('',(-6.3802729612059323E+00,
   1.3222844999999985E+01,-8.2547857080359250E+00));
#20140=VERTEX_POINT('',#20130);
#20150=CARTESIAN_POINT('',(-7.3134858912091119E+00,
   1.3222844999999985E+01,-9.1879986380397600E+00));
#20160=VERTEX_POINT('',#20150);
#20170=EDGE_CURVE('',#20140,#20160,#20120,.T.);
#20180=ORIENTED_EDGE('',*,*,#20170,.T.);
#20190=CARTESIAN_POINT('',(-6.2404619999999937E+00,
   1.3222844999999985E+01,-7.6199999999999992E+00));
#20200=DIRECTION('',(0.0000000000000000E+00,-1.0000000000000000E+00,
   0.0000000000000000E+00));
#20210=DIRECTION('',(1.0000000000000000E+00,0.0000000000000000E+00,
   0.0000000000000000E+00));
#20220=AXIS2_PLACEMENT_3D('',#20190,#20200,#20210);
#20230=CIRCLE('',#20220,6.5000000000000002E-01);
#20240=EDGE_CURVE('',#680,#20140,#20230,.T.);
#20250=ORIENTED_EDGE('',*,*,#20240,.T.);
#20260=CARTESIAN_POINT('',(-7.8084606380397119E+00,
   1.3222844999999985E+01,-8.6930238912091706E+00));
#20270=VERTEX_POINT('',#20260);
#20280=EDGE_CURVE('',#680,#20270,#740,.T.);
#20290=ORIENTED_EDGE('',*,*,#20280,.F.);
#20300=CARTESIAN_POINT('',(-6.2404619999999795E+00,
   1.3222844999999985E+01,-7.6200000000000001E+00));
#20310=DIRECTION('',(0.0000000000000000E+00,-1.0000000000000000E+00,
   0.0000000000000000E+00));
#20320=DIRECTION('',(-1.0000000000000000E+00,0.0000000000000000E+00,
   0.0000000000000000E+00));
#20330=AXIS2_PLACEMENT_3D('',#20300,#20310,#20320);
#20340=CIRCLE('',#20330,1.9000000000000341E+00);
#20350=EDGE_CURVE('',#20270,#20160,#20340,.T.);
#20360=ORIENTED_EDGE('',*,*,#20350,.F.);
#20370=EDGE_LOOP('',(#20360,#20290,#20250,#20180));
#20380=FACE_OUTER_BOUND('',#20370,.T.);
#20390=ADVANCED_FACE('',(#20380),#20080,.T.);
#20400=COLOUR_RGB('',9.4901967048645020E-01,9.4901967048645020E-01,
   1.0000000000000000E+00);
#20410=FILL_AREA_STYLE_COLOUR('',#20400);
#20420=FILL_AREA_STYLE('',(#20410));
#20430=SURFACE_STYLE_FILL_AREA(#20420);
#20440=SURFACE_SIDE_STYLE('',(#20430));
#20450=SURFACE_STYLE_USAGE(.BOTH.,#20440);
#20460=PRESENTATION_STYLE_ASSIGNMENT((#20450));
#20470=CARTESIAN_POINT('',(-5.9929746265846688E+00,
   1.3222844999999985E+01,-7.8674873734153179E+00));
#20480=DIRECTION('',(-7.0710678118654746E-01,0.0000000000000000E+00,
   7.0710678118654757E-01));
#20490=DIRECTION('',(0.0000000000000000E+00,1.0000000000000000E+00,
   0.0000000000000000E+00));
#20500=AXIS2_PLACEMENT_3D('',#20470,#20480,#20490);
#20510=PLANE('',#20500);
#20520=CARTESIAN_POINT('',(-5.9337133240731973E+01,
   1.4222844999999992E+01,-6.1211645987562612E+01));
#20530=DIRECTION('',(7.0710678118654757E-01,0.0000000000000000E+00,
   7.0710678118654746E-01));
#20540=VECTOR('',#20530,1.0000000000000000E+00);
#20550=LINE('',#20520,#20540);
#20560=CARTESIAN_POINT('',(-7.3134858912091048E+00,
   1.4222844999999992E+01,-9.1879986380397654E+00));
#20570=VERTEX_POINT('',#20560);
#20580=CARTESIAN_POINT('',(-6.3802729612053923E+00,
   1.4222844999999992E+01,-8.2547857080360441E+00));
#20590=VERTEX_POINT('',#20580);
#20600=EDGE_CURVE('',#20570,#20590,#20550,.T.);
#20610=ORIENTED_EDGE('',*,*,#20600,.F.);
#20620=CARTESIAN_POINT('',(-6.3802729612053923E+00,
   2.5272844999999990E+01,-8.2547857080360441E+00));
#20630=DIRECTION('',(0.0000000000000000E+00,-1.0000000000000000E+00,
   0.0000000000000000E+00));
#20640=VECTOR('',#20630,1.0000000000000000E+00);
#20650=LINE('',#20620,#20640);
#20660=EDGE_CURVE('',#20590,#20140,#20650,.T.);
#20670=ORIENTED_EDGE('',*,*,#20660,.F.);
#20680=ORIENTED_EDGE('',*,*,#20170,.F.);
#20690=CARTESIAN_POINT('',(-7.3134858912091119E+00,
   1.4097844999999992E+01,-9.1879986380397600E+00));
#20700=DIRECTION('',(0.0000000000000000E+00,-1.0000000000000000E+00,
   0.0000000000000000E+00));
#20710=VECTOR('',#20700,1.0000000000000000E+00);
#20720=LINE('',#20690,#20710);
#20730=EDGE_CURVE('',#20570,#20160,#20720,.T.);
#20740=ORIENTED_EDGE('',*,*,#20730,.T.);
#20750=EDGE_LOOP('',(#20740,#20680,#20670,#20610));
#20760=FACE_OUTER_BOUND('',#20750,.T.);
#20770=ADVANCED_FACE('',(#20760),#20510,.T.);
#20780=COLOUR_RGB('',9.4901967048645020E-01,9.4901967048645020E-01,
   1.0000000000000000E+00);
#20790=FILL_AREA_STYLE_COLOUR('',#20780);
#20800=FILL_AREA_STYLE('',(#20790));
#20810=SURFACE_STYLE_FILL_AREA(#20800);
#20820=SURFACE_SIDE_STYLE('',(#20810));
#20830=SURFACE_STYLE_USAGE(.BOTH.,#20820);
#20840=PRESENTATION_STYLE_ASSIGNMENT((#20830));
#20850=CARTESIAN_POINT('',(-6.9092030840471850E+00,
   1.4222844999999992E+01,-6.9512589159527947E+00));
#20860=DIRECTION('',(0.0000000000000000E+00,1.0000000000000000E+00,
   0.0000000000000000E+00));
#20870=DIRECTION('',(7.0710678118654746E-01,0.0000000000000000E+00,
   -7.0710678118654757E-01));
#20880=AXIS2_PLACEMENT_3D('',#20850,#20860,#20870);
#20890=PLANE('',#20880);
#20900=CARTESIAN_POINT('',(-5.7454872531693510E+00,
   1.4222844999999992E+01,-7.6200000000000001E+00));
#20910=VERTEX_POINT('',#20900);
#20920=EDGE_CURVE('',#20590,#20910,#20550,.T.);
#20930=ORIENTED_EDGE('',*,*,#20920,.T.);
#20940=CARTESIAN_POINT('',(-6.2404619999999937E+00,
   1.4222844999999992E+01,-7.6199999999999992E+00));
#20950=DIRECTION('',(0.0000000000000000E+00,-1.0000000000000000E+00,
   0.0000000000000000E+00));
#20960=DIRECTION('',(1.0000000000000000E+00,0.0000000000000000E+00,
   0.0000000000000000E+00));
#20970=AXIS2_PLACEMENT_3D('',#20940,#20950,#20960);
#20980=CIRCLE('',#20970,6.5000000000000002E-01);
#20990=CARTESIAN_POINT('',(-5.5904619999999952E+00,
   1.4222844999999992E+01,-7.6200000000000001E+00));
#21000=VERTEX_POINT('',#20990);
#21010=EDGE_CURVE('',#20590,#21000,#20980,.T.);
#21020=ORIENTED_EDGE('',*,*,#21010,.F.);
#21030=CARTESIAN_POINT('',(-5.9337133240731973E+01,
   1.4222844999999992E+01,-7.6200000000000001E+00));
#21040=DIRECTION('',(-1.0000000000000000E+00,0.0000000000000000E+00,
   -0.0000000000000000E+00));
#21050=VECTOR('',#21040,1.0000000000000000E+00);
#21060=LINE('',#21030,#21050);
#21070=EDGE_CURVE('',#21000,#20910,#21060,.T.);
#21080=ORIENTED_EDGE('',*,*,#21070,.F.);
#21090=EDGE_LOOP('',(#21080,#21020,#20930));
#21100=FACE_OUTER_BOUND('',#21090,.T.);
#21110=ADVANCED_FACE('',(#21100),#20890,.T.);
#21120=COLOUR_RGB('',9.4901967048645020E-01,9.4901967048645020E-01,
   1.0000000000000000E+00);
#21130=FILL_AREA_STYLE_COLOUR('',#21120);
#21140=FILL_AREA_STYLE('',(#21130));
#21150=SURFACE_STYLE_FILL_AREA(#21140);
#21160=SURFACE_SIDE_STYLE('',(#21150));
#21170=SURFACE_STYLE_USAGE(.BOTH.,#21160);
#21180=PRESENTATION_STYLE_ASSIGNMENT((#21170));
#21190=ORIENTED_EDGE('',*,*,#20920,.F.);
#21200=CARTESIAN_POINT('',(-5.7454872531693510E+00,
   -3.7032246989143843E+01,-7.6200000000000001E+00));
#21210=DIRECTION('',(0.0000000000000000E+00,-1.0000000000000000E+00,
   -0.0000000000000000E+00));
#21220=VECTOR('',#21210,1.0000000000000000E+00);
#21230=LINE('',#21200,#21220);
#21240=CARTESIAN_POINT('',(-5.7454872531693510E+00,
   1.3222844999999985E+01,-7.6200000000000001E+00));
#21250=VERTEX_POINT('',#21240);
#21260=EDGE_CURVE('',#20910,#21250,#21230,.T.);
#21270=ORIENTED_EDGE('',*,*,#21260,.F.);
#21280=EDGE_CURVE('',#21250,#20140,#20120,.T.);
#21290=ORIENTED_EDGE('',*,*,#21280,.F.);
#21300=ORIENTED_EDGE('',*,*,#20660,.T.);
#21310=EDGE_LOOP('',(#21300,#21290,#21270,#21190));
#21320=FACE_OUTER_BOUND('',#21310,.T.);
#21330=ADVANCED_FACE('',(#21320),#20510,.T.);
#21340=COLOUR_RGB('',9.4901967048645020E-01,9.4901967048645020E-01,
   1.0000000000000000E+00);
#21350=FILL_AREA_STYLE_COLOUR('',#21340);
#21360=FILL_AREA_STYLE('',(#21350));
#21370=SURFACE_STYLE_FILL_AREA(#21360);
#21380=SURFACE_SIDE_STYLE('',(#21370));
#21390=SURFACE_STYLE_USAGE(.BOTH.,#21380);
#21400=PRESENTATION_STYLE_ASSIGNMENT((#21390));
#21410=CARTESIAN_POINT('',(-5.9929746265846688E+00,
   1.3222844999999985E+01,-2.4748737341531779E-01));
#21420=DIRECTION('',(-7.0710678118654746E-01,0.0000000000000000E+00,
   7.0710678118654757E-01));
#21430=DIRECTION('',(0.0000000000000000E+00,1.0000000000000000E+00,
   0.0000000000000000E+00));
#21440=AXIS2_PLACEMENT_3D('',#21410,#21420,#21430);
#21450=PLANE('',#21440);
#21460=EDGE_CURVE('',#1670,#5900,#1730,.T.);
#21470=ORIENTED_EDGE('',*,*,#21460,.F.);
#21480=ORIENTED_EDGE('',*,*,#6130,.F.);
#21490=CARTESIAN_POINT('',(-5.9337133240731973E+01,
   1.3222844999999985E+01,-5.3591645987562615E+01));
#21500=DIRECTION('',(-7.0710678118654757E-01,0.0000000000000000E+00,
   -7.0710678118654746E-01));
#21510=VECTOR('',#21500,1.0000000000000000E+00);
#21520=LINE('',#21490,#21510);
#21530=CARTESIAN_POINT('',(-6.3802729612053923E+00,
   1.3222844999999985E+01,-6.3478570803604373E-01));
#21540=VERTEX_POINT('',#21530);
#21550=EDGE_CURVE('',#6060,#21540,#21520,.T.);
#21560=ORIENTED_EDGE('',*,*,#21550,.F.);
#21570=CARTESIAN_POINT('',(-6.3802729612053923E+00,
   2.5272844999999990E+01,-6.3478570803604373E-01));
#21580=DIRECTION('',(0.0000000000000000E+00,-1.0000000000000000E+00,
   0.0000000000000000E+00));
#21590=VECTOR('',#21580,1.0000000000000000E+00);
#21600=LINE('',#21570,#21590);
#21610=EDGE_CURVE('',#1670,#21540,#21600,.T.);
#21620=ORIENTED_EDGE('',*,*,#21610,.T.);
#21630=EDGE_LOOP('',(#21620,#21560,#21480,#21470));
#21640=FACE_OUTER_BOUND('',#21630,.T.);
#21650=ADVANCED_FACE('',(#21640),#21450,.T.);
#21660=COLOUR_RGB('',9.4901967048645020E-01,9.4901967048645020E-01,
   1.0000000000000000E+00);
#21670=FILL_AREA_STYLE_COLOUR('',#21660);
#21680=FILL_AREA_STYLE('',(#21670));
#21690=SURFACE_STYLE_FILL_AREA(#21680);
#21700=SURFACE_SIDE_STYLE('',(#21690));
#21710=SURFACE_STYLE_USAGE(.BOTH.,#21700);
#21720=PRESENTATION_STYLE_ASSIGNMENT((#21710));
#21730=ORIENTED_EDGE('',*,*,#21280,.T.);
#21740=CARTESIAN_POINT('',(-5.9337133240731973E+01,
   1.3222844999999985E+01,-7.6200000000000001E+00));
#21750=DIRECTION('',(-1.0000000000000000E+00,0.0000000000000000E+00,
   -0.0000000000000000E+00));
#21760=VECTOR('',#21750,1.0000000000000000E+00);
#21770=LINE('',#21740,#21760);
#21780=EDGE_CURVE('',#21250,#760,#21770,.T.);
#21790=ORIENTED_EDGE('',*,*,#21780,.F.);
#21800=ORIENTED_EDGE('',*,*,#770,.F.);
#21810=ORIENTED_EDGE('',*,*,#20240,.F.);
#21820=EDGE_LOOP('',(#21810,#21800,#21790,#21730));
#21830=FACE_OUTER_BOUND('',#21820,.T.);
#21840=ADVANCED_FACE('',(#21830),#20080,.T.);
#21850=COLOUR_RGB('',9.4901967048645020E-01,9.4901967048645020E-01,
   1.0000000000000000E+00);
#21860=FILL_AREA_STYLE_COLOUR('',#21850);
#21870=FILL_AREA_STYLE('',(#21860));
#21880=SURFACE_STYLE_FILL_AREA(#21870);
#21890=SURFACE_SIDE_STYLE('',(#21880));
#21900=SURFACE_STYLE_USAGE(.BOTH.,#21890);
#21910=PRESENTATION_STYLE_ASSIGNMENT((#21900));
#21920=CARTESIAN_POINT('',(-7.8084606380397119E+00,
   1.4222844999999992E+01,-8.6930238912091706E+00));
#21930=VERTEX_POINT('',#21920);
#21940=EDGE_CURVE('',#600,#21930,#560,.T.);
#21950=ORIENTED_EDGE('',*,*,#21940,.F.);
#21960=CARTESIAN_POINT('',(-7.8084606380397119E+00,
   1.4097844999999992E+01,-8.6930238912091706E+00));
#21970=DIRECTION('',(0.0000000000000000E+00,-1.0000000000000000E+00,
   0.0000000000000000E+00));
#21980=VECTOR('',#21970,1.0000000000000000E+00);
#21990=LINE('',#21960,#21980);
#22000=EDGE_CURVE('',#21930,#20270,#21990,.T.);
#22010=ORIENTED_EDGE('',*,*,#22000,.F.);
#22020=ORIENTED_EDGE('',*,*,#20280,.T.);
#22030=ORIENTED_EDGE('',*,*,#690,.T.);
#22040=EDGE_LOOP('',(#22030,#22020,#22010,#21950));
#22050=FACE_OUTER_BOUND('',#22040,.T.);
#22060=ADVANCED_FACE('',(#22050),#520,.T.);
#22070=COLOUR_RGB('',9.4901967048645020E-01,9.4901967048645020E-01,
   1.0000000000000000E+00);
#22080=FILL_AREA_STYLE_COLOUR('',#22070);
#22090=FILL_AREA_STYLE('',(#22080));
#22100=SURFACE_STYLE_FILL_AREA(#22090);
#22110=SURFACE_SIDE_STYLE('',(#22100));
#22120=SURFACE_STYLE_USAGE(.BOTH.,#22110);
#22130=PRESENTATION_STYLE_ASSIGNMENT((#22120));
#22140=ORIENTED_EDGE('',*,*,#610,.T.);
#22150=CARTESIAN_POINT('',(-5.9337133240731973E+01,
   1.4222844999999992E+01,-7.6200000000000001E+00));
#22160=DIRECTION('',(-1.0000000000000000E+00,0.0000000000000000E+00,
   -0.0000000000000000E+00));
#22170=VECTOR('',#22160,1.0000000000000000E+00);
#22180=LINE('',#22150,#22170);
#22190=CARTESIAN_POINT('',(-6.8904619999999923E+00,
   1.4222844999999992E+01,-7.6200000000000001E+00));
#22200=VERTEX_POINT('',#22190);
#22210=EDGE_CURVE('',#580,#22200,#22180,.T.);
#22220=ORIENTED_EDGE('',*,*,#22210,.F.);
#22230=CARTESIAN_POINT('',(-6.2404619999999937E+00,
   1.4222844999999992E+01,-7.6199999999999992E+00));
#22240=DIRECTION('',(0.0000000000000000E+00,-1.0000000000000000E+00,
   0.0000000000000000E+00));
#22250=DIRECTION('',(1.0000000000000000E+00,0.0000000000000000E+00,
   0.0000000000000000E+00));
#22260=AXIS2_PLACEMENT_3D('',#22230,#22240,#22250);
#22270=CIRCLE('',#22260,6.5000000000000002E-01);
#22280=EDGE_CURVE('',#22200,#600,#22270,.T.);
#22290=ORIENTED_EDGE('',*,*,#22280,.F.);
#22300=EDGE_LOOP('',(#22290,#22220,#22140));
#22310=FACE_OUTER_BOUND('',#22300,.T.);
#22320=ADVANCED_FACE('',(#22310),#20890,.T.);
#22330=COLOUR_RGB('',9.4901967048645020E-01,9.4901967048645020E-01,
   1.0000000000000000E+00);
#22340=FILL_AREA_STYLE_COLOUR('',#22330);
#22350=FILL_AREA_STYLE('',(#22340));
#22360=SURFACE_STYLE_FILL_AREA(#22350);
#22370=SURFACE_SIDE_STYLE('',(#22360));
#22380=SURFACE_STYLE_USAGE(.BOTH.,#22370);
#22390=PRESENTATION_STYLE_ASSIGNMENT((#22380));
#22400=CARTESIAN_POINT('',(-6.9092030840471850E+00,
   1.4222844999999992E+01,-6.9512589159527947E+00));
#22410=DIRECTION('',(0.0000000000000000E+00,1.0000000000000000E+00,
   0.0000000000000000E+00));
#22420=DIRECTION('',(7.0710678118654746E-01,0.0000000000000000E+00,
   -7.0710678118654757E-01));
#22430=AXIS2_PLACEMENT_3D('',#22400,#22410,#22420);
#22440=PLANE('',#22430);
#22450=ORIENTED_EDGE('',*,*,#22210,.T.);
#22460=CARTESIAN_POINT('',(-5.9337133240731973E+01,
   1.4222844999999992E+01,-6.0221696493901419E+01));
#22470=DIRECTION('',(-7.0710678118654757E-01,0.0000000000000000E+00,
   -7.0710678118654746E-01));
#22480=VECTOR('',#22470,1.0000000000000000E+00);
#22490=LINE('',#22460,#22480);
#22500=CARTESIAN_POINT('',(-6.1006510387945170E+00,
   1.4222844999999992E+01,-6.9852142919639721E+00));
#22510=VERTEX_POINT('',#22500);
#22520=EDGE_CURVE('',#22510,#580,#22490,.T.);
#22530=ORIENTED_EDGE('',*,*,#22520,.T.);
#22540=CARTESIAN_POINT('',(-6.2404619999999937E+00,
   1.4222844999999992E+01,-7.6199999999999992E+00));
#22550=DIRECTION('',(0.0000000000000000E+00,-1.0000000000000000E+00,
   0.0000000000000000E+00));
#22560=DIRECTION('',(1.0000000000000000E+00,0.0000000000000000E+00,
   0.0000000000000000E+00));
#22570=AXIS2_PLACEMENT_3D('',#22540,#22550,#22560);
#22580=CIRCLE('',#22570,6.5000000000000002E-01);
#22590=EDGE_CURVE('',#22510,#22200,#22580,.T.);
#22600=ORIENTED_EDGE('',*,*,#22590,.F.);
#22610=EDGE_LOOP('',(#22600,#22530,#22450));
#22620=FACE_OUTER_BOUND('',#22610,.T.);
#22630=ADVANCED_FACE('',(#22620),#22440,.T.);
#22640=COLOUR_RGB('',9.4901967048645020E-01,9.4901967048645020E-01,
   1.0000000000000000E+00);
#22650=FILL_AREA_STYLE_COLOUR('',#22640);
#22660=FILL_AREA_STYLE('',(#22650));
#22670=SURFACE_STYLE_FILL_AREA(#22660);
#22680=SURFACE_SIDE_STYLE('',(#22670));
#22690=SURFACE_STYLE_USAGE(.BOTH.,#22680);
#22700=PRESENTATION_STYLE_ASSIGNMENT((#22690));
#22710=CARTESIAN_POINT('',(-6.2404619999999795E+00,
   1.4097844999999992E+01,-7.6200000000000001E+00));
#22720=DIRECTION('',(0.0000000000000000E+00,-1.0000000000000000E+00,
   0.0000000000000000E+00));
#22730=DIRECTION('',(-1.0000000000000000E+00,0.0000000000000000E+00,
   0.0000000000000000E+00));
#22740=AXIS2_PLACEMENT_3D('',#22710,#22720,#22730);
#22750=CYLINDRICAL_SURFACE('',#22740,1.9000000000000341E+00);
#22760=CARTESIAN_POINT('',(-8.1404620000000136E+00,
   1.4097844999999992E+01,-7.6200000000000001E+00));
#22770=DIRECTION('',(0.0000000000000000E+00,-1.0000000000000000E+00,
   0.0000000000000000E+00));
#22780=VECTOR('',#22770,1.0000000000000000E+00);
#22790=LINE('',#22760,#22780);
#22800=CARTESIAN_POINT('',(-8.1404620000000136E+00,
   1.5272844999999990E+01,-7.6200000000000001E+00));
#22810=VERTEX_POINT('',#22800);
#22820=CARTESIAN_POINT('',(-8.1404620000000136E+00,
   1.4222844999999992E+01,-7.6200000000000001E+00));
#22830=VERTEX_POINT('',#22820);
#22840=EDGE_CURVE('',#22810,#22830,#22790,.T.);
#22850=ORIENTED_EDGE('',*,*,#22840,.F.);
#22860=CARTESIAN_POINT('',(-6.2404619999999795E+00,
   1.4222844999999992E+01,-7.6200000000000001E+00));
#22870=DIRECTION('',(0.0000000000000000E+00,-1.0000000000000000E+00,
   0.0000000000000000E+00));
#22880=DIRECTION('',(-1.0000000000000000E+00,0.0000000000000000E+00,
   0.0000000000000000E+00));
#22890=AXIS2_PLACEMENT_3D('',#22860,#22870,#22880);
#22900=CIRCLE('',#22890,1.9000000000000341E+00);
#22910=CARTESIAN_POINT('',(-5.1674381087908117E+00,
   1.4222844999999992E+01,-6.0520013619602659E+00));
#22920=VERTEX_POINT('',#22910);
#22930=EDGE_CURVE('',#22920,#22830,#22900,.T.);
#22940=ORIENTED_EDGE('',*,*,#22930,.T.);
#22950=CARTESIAN_POINT('',(-5.1674381087908117E+00,
   1.4097844999999992E+01,-6.0520013619602659E+00));
#22960=DIRECTION('',(0.0000000000000000E+00,-1.0000000000000000E+00,
   0.0000000000000000E+00));
#22970=VECTOR('',#22960,1.0000000000000000E+00);
#22980=LINE('',#22950,#22970);
#22990=CARTESIAN_POINT('',(-5.1674381087908117E+00,
   1.3222844999999985E+01,-6.0520013619602659E+00));
#23000=VERTEX_POINT('',#22990);
#23010=EDGE_CURVE('',#22920,#23000,#22980,.T.);
#23020=ORIENTED_EDGE('',*,*,#23010,.F.);
#23030=CARTESIAN_POINT('',(-6.2404619999999795E+00,
   1.3222844999999985E+01,-7.6200000000000001E+00));
#23040=DIRECTION('',(0.0000000000000000E+00,-1.0000000000000000E+00,
   0.0000000000000000E+00));
#23050=DIRECTION('',(-1.0000000000000000E+00,0.0000000000000000E+00,
   0.0000000000000000E+00));
#23060=AXIS2_PLACEMENT_3D('',#23030,#23040,#23050);
#23070=CIRCLE('',#23060,1.9000000000000341E+00);
#23080=CARTESIAN_POINT('',(-4.6724633619602187E+00,
   1.3222844999999985E+01,-6.5469761087908696E+00));
#23090=VERTEX_POINT('',#23080);
#23100=EDGE_CURVE('',#23090,#23000,#23070,.T.);
#23110=ORIENTED_EDGE('',*,*,#23100,.T.);
#23120=CARTESIAN_POINT('',(-4.6724633619602187E+00,
   1.4097844999999992E+01,-6.5469761087908696E+00));
#23130=DIRECTION('',(0.0000000000000000E+00,-1.0000000000000000E+00,
   0.0000000000000000E+00));
#23140=VECTOR('',#23130,1.0000000000000000E+00);
#23150=LINE('',#23120,#23140);
#23160=CARTESIAN_POINT('',(-4.6724633619602187E+00,
   1.4222844999999992E+01,-6.5469761087908713E+00));
#23170=VERTEX_POINT('',#23160);
#23180=EDGE_CURVE('',#23170,#23090,#23150,.T.);
#23190=ORIENTED_EDGE('',*,*,#23180,.T.);
#23200=CARTESIAN_POINT('',(-6.2404619999999795E+00,
   1.4222844999999992E+01,-7.6200000000000001E+00));
#23210=DIRECTION('',(0.0000000000000000E+00,-1.0000000000000000E+00,
   0.0000000000000000E+00));
#23220=DIRECTION('',(-1.0000000000000000E+00,0.0000000000000000E+00,
   0.0000000000000000E+00));
#23230=AXIS2_PLACEMENT_3D('',#23200,#23210,#23220);
#23240=CIRCLE('',#23230,1.9000000000000341E+00);
#23250=CARTESIAN_POINT('',(-4.3404619999999454E+00,
   1.4222844999999992E+01,-7.6200000000000001E+00));
#23260=VERTEX_POINT('',#23250);
#23270=EDGE_CURVE('',#23260,#23170,#23240,.T.);
#23280=ORIENTED_EDGE('',*,*,#23270,.T.);
#23290=CARTESIAN_POINT('',(-4.3404619999999454E+00,
   1.4097844999999992E+01,-7.6200000000000001E+00));
#23300=DIRECTION('',(0.0000000000000000E+00,-1.0000000000000000E+00,
   0.0000000000000000E+00));
#23310=VECTOR('',#23300,1.0000000000000000E+00);
#23320=LINE('',#23290,#23310);
#23330=CARTESIAN_POINT('',(-4.3404619999999454E+00,
   1.5272844999999990E+01,-7.6200000000000001E+00));
#23340=VERTEX_POINT('',#23330);
#23350=EDGE_CURVE('',#23340,#23260,#23320,.T.);
#23360=ORIENTED_EDGE('',*,*,#23350,.T.);
#23370=CARTESIAN_POINT('',(-6.2404619999999795E+00,
   1.5272844999999990E+01,-7.6200000000000001E+00));
#23380=DIRECTION('',(0.0000000000000000E+00,-1.0000000000000000E+00,
   0.0000000000000000E+00));
#23390=DIRECTION('',(-1.0000000000000000E+00,0.0000000000000000E+00,
   0.0000000000000000E+00));
#23400=AXIS2_PLACEMENT_3D('',#23370,#23380,#23390);
#23410=CIRCLE('',#23400,1.9000000000000341E+00);
#23420=EDGE_CURVE('',#23340,#22810,#23410,.T.);
#23430=ORIENTED_EDGE('',*,*,#23420,.F.);
#23440=EDGE_LOOP('',(#23430,#23360,#23280,#23190,#23110,#23020,#22940,
   #22850));
#23450=FACE_OUTER_BOUND('',#23440,.T.);
#23460=ADVANCED_FACE('',(#23450),#22750,.F.);
#23470=COLOUR_RGB('',5.0196081399917603E-01,1.0000000000000000E+00,
   5.0196081399917603E-01);
#23480=FILL_AREA_STYLE_COLOUR('',#23470);
#23490=FILL_AREA_STYLE('',(#23480));
#23500=SURFACE_STYLE_FILL_AREA(#23490);
#23510=SURFACE_SIDE_STYLE('',(#23500));
#23520=SURFACE_STYLE_USAGE(.BOTH.,#23510);
#23530=PRESENTATION_STYLE_ASSIGNMENT((#23520));
#23540=ORIENTED_EDGE('',*,*,#21940,.T.);
#23550=ORIENTED_EDGE('',*,*,#22280,.T.);
#23560=ORIENTED_EDGE('',*,*,#22590,.T.);
#23570=EDGE_CURVE('',#22920,#22510,#22490,.T.);
#23580=ORIENTED_EDGE('',*,*,#23570,.T.);
#23590=ORIENTED_EDGE('',*,*,#22930,.F.);
#23600=EDGE_CURVE('',#22830,#21930,#22900,.T.);
#23610=ORIENTED_EDGE('',*,*,#23600,.F.);
#23620=EDGE_LOOP('',(#23610,#23590,#23580,#23560,#23550,#23540));
#23630=FACE_OUTER_BOUND('',#23620,.T.);
#23640=ADVANCED_FACE('',(#23630),#22440,.T.);
#23650=COLOUR_RGB('',9.4901967048645020E-01,9.4901967048645020E-01,
   1.0000000000000000E+00);
#23660=FILL_AREA_STYLE_COLOUR('',#23650);
#23670=FILL_AREA_STYLE('',(#23660));
#23680=SURFACE_STYLE_FILL_AREA(#23670);
#23690=SURFACE_SIDE_STYLE('',(#23680));
#23700=SURFACE_STYLE_USAGE(.BOTH.,#23690);
#23710=PRESENTATION_STYLE_ASSIGNMENT((#23700));
#23720=CARTESIAN_POINT('',(-6.4879493734152618E+00,
   1.4222844999999985E+01,-7.3725126265847178E+00));
#23730=DIRECTION('',(7.0710678118654746E-01,0.0000000000000000E+00,
   -7.0710678118654757E-01));
#23740=DIRECTION('',(0.0000000000000000E+00,-1.0000000000000000E+00,
   0.0000000000000000E+00));
#23750=AXIS2_PLACEMENT_3D('',#23720,#23730,#23740);
#23760=PLANE('',#23750);
#23770=ORIENTED_EDGE('',*,*,#23570,.F.);
#23780=CARTESIAN_POINT('',(-6.1006510387945170E+00,
   2.5272844999999990E+01,-6.9852142919639721E+00));
#23790=DIRECTION('',(0.0000000000000000E+00,-1.0000000000000000E+00,
   0.0000000000000000E+00));
#23800=VECTOR('',#23790,1.0000000000000000E+00);
#23810=LINE('',#23780,#23800);
#23820=CARTESIAN_POINT('',(-6.1006510387945170E+00,
   1.3222844999999985E+01,-6.9852142919639721E+00));
#23830=VERTEX_POINT('',#23820);
#23840=EDGE_CURVE('',#22510,#23830,#23810,.T.);
#23850=ORIENTED_EDGE('',*,*,#23840,.F.);
#23860=CARTESIAN_POINT('',(-5.9337133240731973E+01,
   1.3222844999999985E+01,-6.0221696493901419E+01));
#23870=DIRECTION('',(-7.0710678118654757E-01,0.0000000000000000E+00,
   -7.0710678118654746E-01));
#23880=VECTOR('',#23870,1.0000000000000000E+00);
#23890=LINE('',#23860,#23880);
#23900=EDGE_CURVE('',#23000,#23830,#23890,.T.);
#23910=ORIENTED_EDGE('',*,*,#23900,.T.);
#23920=ORIENTED_EDGE('',*,*,#23010,.T.);
#23930=EDGE_LOOP('',(#23920,#23910,#23850,#23770));
#23940=FACE_OUTER_BOUND('',#23930,.T.);
#23950=ADVANCED_FACE('',(#23940),#23760,.T.);
#23960=COLOUR_RGB('',9.4901967048645020E-01,9.4901967048645020E-01,
   1.0000000000000000E+00);
#23970=FILL_AREA_STYLE_COLOUR('',#23960);
#23980=FILL_AREA_STYLE('',(#23970));
#23990=SURFACE_STYLE_FILL_AREA(#23980);
#24000=SURFACE_SIDE_STYLE('',(#23990));
#24010=SURFACE_STYLE_USAGE(.BOTH.,#24000);
#24020=PRESENTATION_STYLE_ASSIGNMENT((#24010));
#24030=CARTESIAN_POINT('',(-5.9929746265846688E+00,
   1.3222844999999985E+01,-7.8674873734153179E+00));
#24040=DIRECTION('',(0.0000000000000000E+00,1.0000000000000000E+00,
   0.0000000000000000E+00));
#24050=DIRECTION('',(7.0710678118654746E-01,0.0000000000000000E+00,
   -7.0710678118654757E-01));
#24060=AXIS2_PLACEMENT_3D('',#24030,#24040,#24050);
#24070=PLANE('',#24060);
#24080=CARTESIAN_POINT('',(-5.9337133240731973E+01,
   1.3222844999999985E+01,-6.1211645987562612E+01));
#24090=DIRECTION('',(-7.0710678118654757E-01,0.0000000000000000E+00,
   -7.0710678118654746E-01));
#24100=VECTOR('',#24090,1.0000000000000000E+00);
#24110=LINE('',#24080,#24100);
#24120=CARTESIAN_POINT('',(-5.6056762919639525E+00,
   1.3222844999999985E+01,-7.4801890387945980E+00));
#24130=VERTEX_POINT('',#24120);
#24140=EDGE_CURVE('',#24130,#21250,#24110,.T.);
#24150=ORIENTED_EDGE('',*,*,#24140,.T.);
#24160=CARTESIAN_POINT('',(-6.2404619999999937E+00,
   1.3222844999999985E+01,-7.6199999999999992E+00));
#24170=DIRECTION('',(0.0000000000000000E+00,-1.0000000000000000E+00,
   0.0000000000000000E+00));
#24180=DIRECTION('',(1.0000000000000000E+00,0.0000000000000000E+00,
   0.0000000000000000E+00));
#24190=AXIS2_PLACEMENT_3D('',#24160,#24170,#24180);
#24200=CIRCLE('',#24190,6.5000000000000002E-01);
#24210=EDGE_CURVE('',#24130,#23830,#24200,.T.);
#24220=ORIENTED_EDGE('',*,*,#24210,.F.);
#24230=EDGE_CURVE('',#23830,#760,#23890,.T.);
#24240=ORIENTED_EDGE('',*,*,#24230,.F.);
#24250=ORIENTED_EDGE('',*,*,#21780,.T.);
#24260=EDGE_LOOP('',(#24250,#24240,#24220,#24150));
#24270=FACE_OUTER_BOUND('',#24260,.T.);
#24280=ADVANCED_FACE('',(#24270),#24070,.T.);
#24290=COLOUR_RGB('',9.4901967048645020E-01,9.4901967048645020E-01,
   1.0000000000000000E+00);
#24300=FILL_AREA_STYLE_COLOUR('',#24290);
#24310=FILL_AREA_STYLE('',(#24300));
#24320=SURFACE_STYLE_FILL_AREA(#24310);
#24330=SURFACE_SIDE_STYLE('',(#24320));
#24340=SURFACE_STYLE_USAGE(.BOTH.,#24330);
#24350=PRESENTATION_STYLE_ASSIGNMENT((#24340));
#24360=CARTESIAN_POINT('',(-5.9337133240731973E+01,
   1.4222844999999992E+01,-6.1211645987562612E+01));
#24370=DIRECTION('',(7.0710678118654757E-01,0.0000000000000000E+00,
   7.0710678118654746E-01));
#24380=VECTOR('',#24370,1.0000000000000000E+00);
#24390=LINE('',#24360,#24380);
#24400=CARTESIAN_POINT('',(-5.6056762919639738E+00,
   1.4222844999999992E+01,-7.4801890387944949E+00));
#24410=VERTEX_POINT('',#24400);
#24420=EDGE_CURVE('',#24410,#23170,#24390,.T.);
#24430=ORIENTED_EDGE('',*,*,#24420,.T.);
#24440=CARTESIAN_POINT('',(-6.2404619999999937E+00,
   1.4222844999999992E+01,-7.6199999999999992E+00));
#24450=DIRECTION('',(0.0000000000000000E+00,-1.0000000000000000E+00,
   0.0000000000000000E+00));
#24460=DIRECTION('',(1.0000000000000000E+00,0.0000000000000000E+00,
   0.0000000000000000E+00));
#24470=AXIS2_PLACEMENT_3D('',#24440,#24450,#24460);
#24480=CIRCLE('',#24470,6.5000000000000002E-01);
#24490=EDGE_CURVE('',#21000,#24410,#24480,.T.);
#24500=ORIENTED_EDGE('',*,*,#24490,.T.);
#24510=ORIENTED_EDGE('',*,*,#21010,.T.);
#24520=ORIENTED_EDGE('',*,*,#20600,.T.);
#24530=EDGE_CURVE('',#20570,#23260,#23240,.T.);
#24540=ORIENTED_EDGE('',*,*,#24530,.F.);
#24550=ORIENTED_EDGE('',*,*,#23270,.F.);
#24560=EDGE_LOOP('',(#24550,#24540,#24520,#24510,#24500,#24430));
#24570=FACE_OUTER_BOUND('',#24560,.T.);
#24580=ADVANCED_FACE('',(#24570),#22440,.T.);
#24590=COLOUR_RGB('',9.4901967048645020E-01,9.4901967048645020E-01,
   1.0000000000000000E+00);
#24600=FILL_AREA_STYLE_COLOUR('',#24590);
#24610=FILL_AREA_STYLE('',(#24600));
#24620=SURFACE_STYLE_FILL_AREA(#24610);
#24630=SURFACE_SIDE_STYLE('',(#24620));
#24640=SURFACE_STYLE_USAGE(.BOTH.,#24630);
#24650=PRESENTATION_STYLE_ASSIGNMENT((#24640));
#24660=CARTESIAN_POINT('',(-5.9929746265846688E+00,
   1.3222844999999985E+01,-7.8674873734153179E+00));
#24670=DIRECTION('',(-7.0710678118654746E-01,0.0000000000000000E+00,
   7.0710678118654757E-01));
#24680=DIRECTION('',(0.0000000000000000E+00,1.0000000000000000E+00,
   0.0000000000000000E+00));
#24690=AXIS2_PLACEMENT_3D('',#24660,#24670,#24680);
#24700=PLANE('',#24690);
#24710=ORIENTED_EDGE('',*,*,#24420,.F.);
#24720=ORIENTED_EDGE('',*,*,#23180,.F.);
#24730=EDGE_CURVE('',#23090,#24130,#24110,.T.);
#24740=ORIENTED_EDGE('',*,*,#24730,.F.);
#24750=CARTESIAN_POINT('',(-5.6056762919639525E+00,
   2.5272844999999990E+01,-7.4801890387945980E+00));
#24760=DIRECTION('',(0.0000000000000000E+00,-1.0000000000000000E+00,
   0.0000000000000000E+00));
#24770=VECTOR('',#24760,1.0000000000000000E+00);
#24780=LINE('',#24750,#24770);
#24790=EDGE_CURVE('',#24410,#24130,#24780,.T.);
#24800=ORIENTED_EDGE('',*,*,#24790,.T.);
#24810=EDGE_LOOP('',(#24800,#24740,#24720,#24710));
#24820=FACE_OUTER_BOUND('',#24810,.T.);
#24830=ADVANCED_FACE('',(#24820),#24700,.T.);
#24840=COLOUR_RGB('',9.4901967048645020E-01,9.4901967048645020E-01,
   1.0000000000000000E+00);
#24850=FILL_AREA_STYLE_COLOUR('',#24840);
#24860=FILL_AREA_STYLE('',(#24850));
#24870=SURFACE_STYLE_FILL_AREA(#24860);
#24880=SURFACE_SIDE_STYLE('',(#24870));
#24890=SURFACE_STYLE_USAGE(.BOTH.,#24880);
#24900=PRESENTATION_STYLE_ASSIGNMENT((#24890));
#24910=EDGE_CURVE('',#20910,#24410,#24390,.T.);
#24920=ORIENTED_EDGE('',*,*,#24910,.F.);
#24930=ORIENTED_EDGE('',*,*,#24790,.F.);
#24940=ORIENTED_EDGE('',*,*,#24140,.F.);
#24950=ORIENTED_EDGE('',*,*,#21260,.T.);
#24960=EDGE_LOOP('',(#24950,#24940,#24930,#24920));
#24970=FACE_OUTER_BOUND('',#24960,.T.);
#24980=ADVANCED_FACE('',(#24970),#24700,.T.);
#24990=COLOUR_RGB('',9.4901967048645020E-01,9.4901967048645020E-01,
   1.0000000000000000E+00);
#25000=FILL_AREA_STYLE_COLOUR('',#24990);
#25010=FILL_AREA_STYLE('',(#25000));
#25020=SURFACE_STYLE_FILL_AREA(#25010);
#25030=SURFACE_SIDE_STYLE('',(#25020));
#25040=SURFACE_STYLE_USAGE(.BOTH.,#25030);
#25050=PRESENTATION_STYLE_ASSIGNMENT((#25040));
#25060=ORIENTED_EDGE('',*,*,#24910,.T.);
#25070=ORIENTED_EDGE('',*,*,#21070,.T.);
#25080=ORIENTED_EDGE('',*,*,#24490,.F.);
#25090=EDGE_LOOP('',(#25080,#25070,#25060));
#25100=FACE_OUTER_BOUND('',#25090,.T.);
#25110=ADVANCED_FACE('',(#25100),#22440,.T.);
#25120=COLOUR_RGB('',9.4901967048645020E-01,9.4901967048645020E-01,
   1.0000000000000000E+00);
#25130=FILL_AREA_STYLE_COLOUR('',#25120);
#25140=FILL_AREA_STYLE('',(#25130));
#25150=SURFACE_STYLE_FILL_AREA(#25140);
#25160=SURFACE_SIDE_STYLE('',(#25150));
#25170=SURFACE_STYLE_USAGE(.BOTH.,#25160);
#25180=PRESENTATION_STYLE_ASSIGNMENT((#25170));
#25190=ORIENTED_EDGE('',*,*,#24730,.T.);
#25200=ORIENTED_EDGE('',*,*,#23100,.F.);
#25210=ORIENTED_EDGE('',*,*,#23900,.F.);
#25220=ORIENTED_EDGE('',*,*,#24210,.T.);
#25230=EDGE_LOOP('',(#25220,#25210,#25200,#25190));
#25240=FACE_OUTER_BOUND('',#25230,.T.);
#25250=ADVANCED_FACE('',(#25240),#24070,.T.);
#25260=COLOUR_RGB('',9.4901967048645020E-01,9.4901967048645020E-01,
   1.0000000000000000E+00);
#25270=FILL_AREA_STYLE_COLOUR('',#25260);
#25280=FILL_AREA_STYLE('',(#25270));
#25290=SURFACE_STYLE_FILL_AREA(#25280);
#25300=SURFACE_SIDE_STYLE('',(#25290));
#25310=SURFACE_STYLE_USAGE(.BOTH.,#25300);
#25320=PRESENTATION_STYLE_ASSIGNMENT((#25310));
#25330=CARTESIAN_POINT('',(-6.4879493734152618E+00,
   1.4222844999999985E+01,2.4748737341528226E-01));
#25340=DIRECTION('',(7.0710678118654746E-01,0.0000000000000000E+00,
   -7.0710678118654757E-01));
#25350=DIRECTION('',(0.0000000000000000E+00,-1.0000000000000000E+00,
   0.0000000000000000E+00));
#25360=AXIS2_PLACEMENT_3D('',#25330,#25340,#25350);
#25370=PLANE('',#25360);
#25380=CARTESIAN_POINT('',(-5.9337133240731973E+01,
   1.4222844999999992E+01,-5.2601696493901422E+01));
#25390=DIRECTION('',(-7.0710678118654757E-01,0.0000000000000000E+00,
   -7.0710678118654746E-01));
#25400=VECTOR('',#25390,1.0000000000000000E+00);
#25410=LINE('',#25380,#25400);
#25420=CARTESIAN_POINT('',(-6.7354367468305441E+00,
   1.4222844999999992E+01,4.4408920985006262E-15));
#25430=VERTEX_POINT('',#25420);
#25440=CARTESIAN_POINT('',(-6.8752477080360208E+00,
   1.4222844999999992E+01,-1.3981096120547676E-01));
#25450=VERTEX_POINT('',#25440);
#25460=EDGE_CURVE('',#25430,#25450,#25410,.T.);
#25470=ORIENTED_EDGE('',*,*,#25460,.F.);
#25480=CARTESIAN_POINT('',(-6.8752477080360208E+00,
   2.5272844999999990E+01,-1.3981096120547676E-01));
#25490=DIRECTION('',(0.0000000000000000E+00,-1.0000000000000000E+00,
   0.0000000000000000E+00));
#25500=VECTOR('',#25490,1.0000000000000000E+00);
#25510=LINE('',#25480,#25500);
#25520=CARTESIAN_POINT('',(-6.8752477080360208E+00,
   1.3222844999999985E+01,-1.3981096120547676E-01));
#25530=VERTEX_POINT('',#25520);
#25540=EDGE_CURVE('',#25450,#25530,#25510,.T.);
#25550=ORIENTED_EDGE('',*,*,#25540,.F.);
#25560=CARTESIAN_POINT('',(-5.9337133240731973E+01,
   1.3222844999999985E+01,-5.2601696493901422E+01));
#25570=DIRECTION('',(-7.0710678118654757E-01,0.0000000000000000E+00,
   -7.0710678118654746E-01));
#25580=VECTOR('',#25570,1.0000000000000000E+00);
#25590=LINE('',#25560,#25580);
#25600=CARTESIAN_POINT('',(-6.7354367468305441E+00,
   1.3222844999999985E+01,4.4408920985006262E-15));
#25610=VERTEX_POINT('',#25600);
#25620=EDGE_CURVE('',#25610,#25530,#25590,.T.);
#25630=ORIENTED_EDGE('',*,*,#25620,.T.);
#25640=CARTESIAN_POINT('',(-6.7354367468305441E+00,
   -3.7032246989143843E+01,0.0000000000000000E+00));
#25650=DIRECTION('',(-0.0000000000000000E+00,1.0000000000000000E+00,
   0.0000000000000000E+00));
#25660=VECTOR('',#25650,1.0000000000000000E+00);
#25670=LINE('',#25640,#25660);
#25680=EDGE_CURVE('',#25610,#25430,#25670,.T.);
#25690=ORIENTED_EDGE('',*,*,#25680,.F.);
#25700=EDGE_LOOP('',(#25690,#25630,#25550,#25470));
#25710=FACE_OUTER_BOUND('',#25700,.T.);
#25720=ADVANCED_FACE('',(#25710),#25370,.T.);
#25730=COLOUR_RGB('',9.4901967048645020E-01,9.4901967048645020E-01,
   1.0000000000000000E+00);
#25740=FILL_AREA_STYLE_COLOUR('',#25730);
#25750=FILL_AREA_STYLE('',(#25740));
#25760=SURFACE_STYLE_FILL_AREA(#25750);
#25770=SURFACE_SIDE_STYLE('',(#25760));
#25780=SURFACE_STYLE_USAGE(.BOTH.,#25770);
#25790=PRESENTATION_STYLE_ASSIGNMENT((#25780));
#25800=ORIENTED_EDGE('',*,*,#25460,.T.);
#25810=CARTESIAN_POINT('',(-5.9337133240731973E+01,
   1.4222844999999992E+01,0.0000000000000000E+00));
#25820=DIRECTION('',(-1.0000000000000000E+00,0.0000000000000000E+00,
   0.0000000000000000E+00));
#25830=VECTOR('',#25820,1.0000000000000000E+00);
#25840=LINE('',#25810,#25830);
#25850=CARTESIAN_POINT('',(-6.8904619999999923E+00,
   1.4222844999999992E+01,0.0000000000000000E+00));
#25860=VERTEX_POINT('',#25850);
#25870=EDGE_CURVE('',#25430,#25860,#25840,.T.);
#25880=ORIENTED_EDGE('',*,*,#25870,.F.);
#25890=CARTESIAN_POINT('',(-6.2404619999999937E+00,
   1.4222844999999992E+01,8.8817841970012523E-16));
#25900=DIRECTION('',(0.0000000000000000E+00,-1.0000000000000000E+00,
   0.0000000000000000E+00));
#25910=DIRECTION('',(1.0000000000000000E+00,0.0000000000000000E+00,
   0.0000000000000000E+00));
#25920=AXIS2_PLACEMENT_3D('',#25890,#25900,#25910);
#25930=CIRCLE('',#25920,6.5000000000000002E-01);
#25940=EDGE_CURVE('',#25860,#25450,#25930,.T.);
#25950=ORIENTED_EDGE('',*,*,#25940,.F.);
#25960=EDGE_LOOP('',(#25950,#25880,#25800));
#25970=FACE_OUTER_BOUND('',#25960,.T.);
#25980=ADVANCED_FACE('',(#25970),#1410,.T.);
#25990=COLOUR_RGB('',9.4901967048645020E-01,9.4901967048645020E-01,
   1.0000000000000000E+00);
#26000=FILL_AREA_STYLE_COLOUR('',#25990);
#26010=FILL_AREA_STYLE('',(#26000));
#26020=SURFACE_STYLE_FILL_AREA(#26010);
#26030=SURFACE_SIDE_STYLE('',(#26020));
#26040=SURFACE_STYLE_USAGE(.BOTH.,#26030);
#26050=PRESENTATION_STYLE_ASSIGNMENT((#26040));
#26060=CARTESIAN_POINT('',(-6.9092030840471850E+00,
   1.4222844999999992E+01,6.6874108404720545E-01));
#26070=DIRECTION('',(0.0000000000000000E+00,1.0000000000000000E+00,
   0.0000000000000000E+00));
#26080=DIRECTION('',(7.0710678118654746E-01,0.0000000000000000E+00,
   -7.0710678118654757E-01));
#26090=AXIS2_PLACEMENT_3D('',#26060,#26070,#26080);
#26100=PLANE('',#26090);
#26110=CARTESIAN_POINT('',(-5.9337133240731973E+01,
   1.4222844999999992E+01,-5.2601696493901422E+01));
#26120=DIRECTION('',(-7.0710678118654757E-01,0.0000000000000000E+00,
   -7.0710678118654746E-01));
#26130=VECTOR('',#26120,1.0000000000000000E+00);
#26140=LINE('',#26110,#26130);
#26150=CARTESIAN_POINT('',(-6.1006510387945170E+00,
   1.4222844999999992E+01,6.3478570803602841E-01));
#26160=VERTEX_POINT('',#26150);
#26170=EDGE_CURVE('',#26160,#25430,#26140,.T.);
#26180=ORIENTED_EDGE('',*,*,#26170,.T.);
#26190=CARTESIAN_POINT('',(-6.2404619999999937E+00,
   1.4222844999999992E+01,8.8817841970012523E-16));
#26200=DIRECTION('',(0.0000000000000000E+00,-1.0000000000000000E+00,
   0.0000000000000000E+00));
#26210=DIRECTION('',(1.0000000000000000E+00,0.0000000000000000E+00,
   0.0000000000000000E+00));
#26220=AXIS2_PLACEMENT_3D('',#26190,#26200,#26210);
#26230=CIRCLE('',#26220,6.5000000000000002E-01);
#26240=EDGE_CURVE('',#26160,#25860,#26230,.T.);
#26250=ORIENTED_EDGE('',*,*,#26240,.F.);
#26260=ORIENTED_EDGE('',*,*,#25870,.T.);
#26270=EDGE_LOOP('',(#26260,#26250,#26180));
#26280=FACE_OUTER_BOUND('',#26270,.T.);
#26290=ADVANCED_FACE('',(#26280),#26100,.T.);
#26300=COLOUR_RGB('',9.4901967048645020E-01,9.4901967048645020E-01,
   1.0000000000000000E+00);
#26310=FILL_AREA_STYLE_COLOUR('',#26300);
#26320=FILL_AREA_STYLE('',(#26310));
#26330=SURFACE_STYLE_FILL_AREA(#26320);
#26340=SURFACE_SIDE_STYLE('',(#26330));
#26350=SURFACE_STYLE_USAGE(.BOTH.,#26340);
#26360=PRESENTATION_STYLE_ASSIGNMENT((#26350));
#26370=CARTESIAN_POINT('',(-6.4879493734152618E+00,
   1.4222844999999985E+01,2.4748737341528226E-01));
#26380=DIRECTION('',(7.0710678118654746E-01,0.0000000000000000E+00,
   -7.0710678118654757E-01));
#26390=DIRECTION('',(0.0000000000000000E+00,-1.0000000000000000E+00,
   0.0000000000000000E+00));
#26400=AXIS2_PLACEMENT_3D('',#26370,#26380,#26390);
#26410=PLANE('',#26400);
#26420=EDGE_CURVE('',#7830,#26160,#26140,.T.);
#26430=ORIENTED_EDGE('',*,*,#26420,.F.);
#26440=CARTESIAN_POINT('',(-6.1006510387945170E+00,
   2.5272844999999990E+01,6.3478570803602841E-01));
#26450=DIRECTION('',(0.0000000000000000E+00,-1.0000000000000000E+00,
   0.0000000000000000E+00));
#26460=VECTOR('',#26450,1.0000000000000000E+00);
#26470=LINE('',#26440,#26460);
#26480=EDGE_CURVE('',#26160,#19140,#26470,.T.);
#26490=ORIENTED_EDGE('',*,*,#26480,.F.);
#26500=ORIENTED_EDGE('',*,*,#19150,.T.);
#26510=ORIENTED_EDGE('',*,*,#7920,.T.);
#26520=EDGE_LOOP('',(#26510,#26500,#26490,#26430));
#26530=FACE_OUTER_BOUND('',#26520,.T.);
#26540=ADVANCED_FACE('',(#26530),#26410,.T.);
#26550=COLOUR_RGB('',9.4901967048645020E-01,9.4901967048645020E-01,
   1.0000000000000000E+00);
#26560=FILL_AREA_STYLE_COLOUR('',#26550);
#26570=FILL_AREA_STYLE('',(#26560));
#26580=SURFACE_STYLE_FILL_AREA(#26570);
#26590=SURFACE_SIDE_STYLE('',(#26580));
#26600=SURFACE_STYLE_USAGE(.BOTH.,#26590);
#26610=PRESENTATION_STYLE_ASSIGNMENT((#26600));
#26620=ORIENTED_EDGE('',*,*,#6070,.T.);
#26630=ORIENTED_EDGE('',*,*,#19220,.F.);
#26640=EDGE_CURVE('',#19140,#25610,#19120,.T.);
#26650=ORIENTED_EDGE('',*,*,#26640,.F.);
#26660=CARTESIAN_POINT('',(-5.9337133240731973E+01,
   1.3222844999999985E+01,0.0000000000000000E+00));
#26670=DIRECTION('',(-1.0000000000000000E+00,0.0000000000000000E+00,
   0.0000000000000000E+00));
#26680=VECTOR('',#26670,1.0000000000000000E+00);
#26690=LINE('',#26660,#26680);
#26700=EDGE_CURVE('',#6060,#25610,#26690,.T.);
#26710=ORIENTED_EDGE('',*,*,#26700,.T.);
#26720=EDGE_LOOP('',(#26710,#26650,#26630,#26620));
#26730=FACE_OUTER_BOUND('',#26720,.T.);
#26740=ADVANCED_FACE('',(#26730),#19050,.T.);
#26750=COLOUR_RGB('',9.4901967048645020E-01,9.4901967048645020E-01,
   1.0000000000000000E+00);
#26760=FILL_AREA_STYLE_COLOUR('',#26750);
#26770=FILL_AREA_STYLE('',(#26760));
#26780=SURFACE_STYLE_FILL_AREA(#26770);
#26790=SURFACE_SIDE_STYLE('',(#26780));
#26800=SURFACE_STYLE_USAGE(.BOTH.,#26790);
#26810=PRESENTATION_STYLE_ASSIGNMENT((#26800));
#26820=CARTESIAN_POINT('',(-5.9929746265846688E+00,
   1.3222844999999985E+01,-2.4748737341531779E-01));
#26830=DIRECTION('',(0.0000000000000000E+00,1.0000000000000000E+00,
   0.0000000000000000E+00));
#26840=DIRECTION('',(7.0710678118654746E-01,0.0000000000000000E+00,
   -7.0710678118654757E-01));
#26850=AXIS2_PLACEMENT_3D('',#26820,#26830,#26840);
#26860=PLANE('',#26850);
#26870=ORIENTED_EDGE('',*,*,#21550,.T.);
#26880=ORIENTED_EDGE('',*,*,#26700,.F.);
#26890=ORIENTED_EDGE('',*,*,#25620,.F.);
#26900=CARTESIAN_POINT('',(-6.2404619999999937E+00,
   1.3222844999999985E+01,8.8817841970012523E-16));
#26910=DIRECTION('',(0.0000000000000000E+00,-1.0000000000000000E+00,
   0.0000000000000000E+00));
#26920=DIRECTION('',(1.0000000000000000E+00,0.0000000000000000E+00,
   0.0000000000000000E+00));
#26930=AXIS2_PLACEMENT_3D('',#26900,#26910,#26920);
#26940=CIRCLE('',#26930,6.5000000000000002E-01);
#26950=EDGE_CURVE('',#25530,#21540,#26940,.T.);
#26960=ORIENTED_EDGE('',*,*,#26950,.F.);
#26970=EDGE_LOOP('',(#26960,#26890,#26880,#26870));
#26980=FACE_OUTER_BOUND('',#26970,.T.);
#26990=ADVANCED_FACE('',(#26980),#26860,.T.);
#27000=COLOUR_RGB('',9.4901967048645020E-01,9.4901967048645020E-01,
   1.0000000000000000E+00);
#27010=FILL_AREA_STYLE_COLOUR('',#27000);
#27020=FILL_AREA_STYLE('',(#27010));
#27030=SURFACE_STYLE_FILL_AREA(#27020);
#27040=SURFACE_SIDE_STYLE('',(#27030));
#27050=SURFACE_STYLE_USAGE(.BOTH.,#27040);
#27060=PRESENTATION_STYLE_ASSIGNMENT((#27050));
#27070=CARTESIAN_POINT('',(-7.3134858912091119E+00,
   1.3222844999999985E+01,-1.5679986380397599E+00));
#27080=VERTEX_POINT('',#27070);
#27090=EDGE_CURVE('',#21540,#27080,#21520,.T.);
#27100=ORIENTED_EDGE('',*,*,#27090,.T.);
#27110=ORIENTED_EDGE('',*,*,#26950,.T.);
#27120=CARTESIAN_POINT('',(-7.8084606380397119E+00,
   1.3222844999999985E+01,-1.0730238912091705E+00));
#27130=VERTEX_POINT('',#27120);
#27140=EDGE_CURVE('',#25530,#27130,#25590,.T.);
#27150=ORIENTED_EDGE('',*,*,#27140,.F.);
#27160=CARTESIAN_POINT('',(-6.2404619999999795E+00,
   1.3222844999999985E+01,0.0000000000000000E+00));
#27170=DIRECTION('',(0.0000000000000000E+00,-1.0000000000000000E+00,
   0.0000000000000000E+00));
#27180=DIRECTION('',(-1.0000000000000000E+00,0.0000000000000000E+00,
   0.0000000000000000E+00));
#27190=AXIS2_PLACEMENT_3D('',#27160,#27170,#27180);
#27200=CIRCLE('',#27190,1.9000000000000341E+00);
#27210=EDGE_CURVE('',#27130,#27080,#27200,.T.);
#27220=ORIENTED_EDGE('',*,*,#27210,.F.);
#27230=EDGE_LOOP('',(#27220,#27150,#27110,#27100));
#27240=FACE_OUTER_BOUND('',#27230,.T.);
#27250=ADVANCED_FACE('',(#27240),#26860,.T.);
#27260=COLOUR_RGB('',9.4901967048645020E-01,9.4901967048645020E-01,
   1.0000000000000000E+00);
#27270=FILL_AREA_STYLE_COLOUR('',#27260);
#27280=FILL_AREA_STYLE('',(#27270));
#27290=SURFACE_STYLE_FILL_AREA(#27280);
#27300=SURFACE_SIDE_STYLE('',(#27290));
#27310=SURFACE_STYLE_USAGE(.BOTH.,#27300);
#27320=PRESENTATION_STYLE_ASSIGNMENT((#27310));
#27330=ORIENTED_EDGE('',*,*,#1760,.F.);
#27340=ORIENTED_EDGE('',*,*,#21610,.F.);
#27350=ORIENTED_EDGE('',*,*,#27090,.F.);
#27360=CARTESIAN_POINT('',(-7.3134858912091119E+00,
   1.4097844999999992E+01,-1.5679986380397599E+00));
#27370=DIRECTION('',(0.0000000000000000E+00,-1.0000000000000000E+00,
   0.0000000000000000E+00));
#27380=VECTOR('',#27370,1.0000000000000000E+00);
#27390=LINE('',#27360,#27380);
#27400=EDGE_CURVE('',#1750,#27080,#27390,.T.);
#27410=ORIENTED_EDGE('',*,*,#27400,.T.);
#27420=EDGE_LOOP('',(#27410,#27350,#27340,#27330));
#27430=FACE_OUTER_BOUND('',#27420,.T.);
#27440=ADVANCED_FACE('',(#27430),#21450,.T.);
#27450=COLOUR_RGB('',9.4901967048645020E-01,9.4901967048645020E-01,
   1.0000000000000000E+00);
#27460=FILL_AREA_STYLE_COLOUR('',#27450);
#27470=FILL_AREA_STYLE('',(#27460));
#27480=SURFACE_STYLE_FILL_AREA(#27470);
#27490=SURFACE_SIDE_STYLE('',(#27480));
#27500=SURFACE_STYLE_USAGE(.BOTH.,#27490);
#27510=PRESENTATION_STYLE_ASSIGNMENT((#27500));
#27520=CARTESIAN_POINT('',(-5.9337133240731973E+01,
   1.4222844999999992E+01,0.0000000000000000E+00));
#27530=DIRECTION('',(-1.0000000000000000E+00,0.0000000000000000E+00,
   0.0000000000000000E+00));
#27540=VECTOR('',#27530,1.0000000000000000E+00);
#27550=LINE('',#27520,#27540);
#27560=EDGE_CURVE('',#1580,#5900,#27550,.T.);
#27570=ORIENTED_EDGE('',*,*,#27560,.F.);
#27580=ORIENTED_EDGE('',*,*,#21460,.T.);
#27590=ORIENTED_EDGE('',*,*,#1680,.F.);
#27600=EDGE_LOOP('',(#27590,#27580,#27570));
#27610=FACE_OUTER_BOUND('',#27600,.T.);
#27620=ADVANCED_FACE('',(#27610),#1410,.T.);
#27630=COLOUR_RGB('',9.4901967048645020E-01,9.4901967048645020E-01,
   1.0000000000000000E+00);
#27640=FILL_AREA_STYLE_COLOUR('',#27630);
#27650=FILL_AREA_STYLE('',(#27640));
#27660=SURFACE_STYLE_FILL_AREA(#27650);
#27670=SURFACE_SIDE_STYLE('',(#27660));
#27680=SURFACE_STYLE_USAGE(.BOTH.,#27670);
#27690=PRESENTATION_STYLE_ASSIGNMENT((#27680));
#27700=CARTESIAN_POINT('',(-9.3986680170464183E+00,
   1.0972845000000007E+01,0.0000000000000000E+00));
#27710=DIRECTION('',(-9.8480775301220502E-01,1.7364817766694784E-01,
   0.0000000000000000E+00));
#27720=DIRECTION('',(1.7364817766694784E-01,9.8480775301220502E-01,
   0.0000000000000000E+00));
#27730=AXIS2_PLACEMENT_3D('',#27700,#27710,#27720);
#27740=PLANE('',#27730);
#27750=ORIENTED_EDGE('',*,*,#4580,.T.);
#27760=ORIENTED_EDGE('',*,*,#7280,.F.);
#27770=CARTESIAN_POINT('',(-8.7133160609174070E+00,
   1.4859669088833499E+01,3.8099999999999996E+00));
#27780=DIRECTION('',(-1.7364817766694784E-01,-9.8480775301220502E-01,
   0.0000000000000000E+00));
#27790=VECTOR('',#27780,1.0000000000000000E+00);
#27800=LINE('',#27770,#27790);
#27810=EDGE_CURVE('',#7210,#18430,#27800,.T.);
#27820=ORIENTED_EDGE('',*,*,#27810,.F.);
#27830=ORIENTED_EDGE('',*,*,#18440,.F.);
#27840=EDGE_LOOP('',(#27830,#27820,#27760,#27750));
#27850=FACE_OUTER_BOUND('',#27840,.T.);
#27860=ADVANCED_FACE('',(#27850),#27740,.T.);
#27870=COLOUR_RGB('',5.0196081399917603E-01,1.0000000000000000E+00,
   5.0196081399917603E-01);
#27880=FILL_AREA_STYLE_COLOUR('',#27870);
#27890=FILL_AREA_STYLE('',(#27880));
#27900=SURFACE_STYLE_FILL_AREA(#27890);
#27910=SURFACE_SIDE_STYLE('',(#27900));
#27920=SURFACE_STYLE_USAGE(.BOTH.,#27910);
#27930=PRESENTATION_STYLE_ASSIGNMENT((#27920));
#27940=ORIENTED_EDGE('',*,*,#1500,.F.);
#27950=ORIENTED_EDGE('',*,*,#8070,.F.);
#27960=ORIENTED_EDGE('',*,*,#19060,.F.);
#27970=ORIENTED_EDGE('',*,*,#5990,.T.);
#27980=EDGE_LOOP('',(#27970,#27960,#27950,#27940));
#27990=FACE_OUTER_BOUND('',#27980,.T.);
#28000=ADVANCED_FACE('',(#27990),#5880,.T.);
#28010=COLOUR_RGB('',9.4901967048645020E-01,9.4901967048645020E-01,
   1.0000000000000000E+00);
#28020=FILL_AREA_STYLE_COLOUR('',#28010);
#28030=FILL_AREA_STYLE('',(#28020));
#28040=SURFACE_STYLE_FILL_AREA(#28030);
#28050=SURFACE_SIDE_STYLE('',(#28040));
#28060=SURFACE_STYLE_USAGE(.BOTH.,#28050);
#28070=PRESENTATION_STYLE_ASSIGNMENT((#28060));
#28080=CARTESIAN_POINT('',(-7.8084606380397119E+00,
   1.4222844999999992E+01,-1.0730238912091705E+00));
#28090=VERTEX_POINT('',#28080);
#28100=EDGE_CURVE('',#25450,#28090,#25410,.T.);
#28110=ORIENTED_EDGE('',*,*,#28100,.T.);
#28120=ORIENTED_EDGE('',*,*,#25940,.T.);
#28130=ORIENTED_EDGE('',*,*,#26240,.T.);
#28140=ORIENTED_EDGE('',*,*,#26420,.T.);
#28150=ORIENTED_EDGE('',*,*,#7840,.F.);
#28160=EDGE_CURVE('',#7740,#28090,#7810,.T.);
#28170=ORIENTED_EDGE('',*,*,#28160,.F.);
#28180=EDGE_LOOP('',(#28170,#28150,#28140,#28130,#28120,#28110));
#28190=FACE_OUTER_BOUND('',#28180,.T.);
#28200=ADVANCED_FACE('',(#28190),#1410,.T.);
#28210=COLOUR_RGB('',9.4901967048645020E-01,9.4901967048645020E-01,
   1.0000000000000000E+00);
#28220=FILL_AREA_STYLE_COLOUR('',#28210);
#28230=FILL_AREA_STYLE('',(#28220));
#28240=SURFACE_STYLE_FILL_AREA(#28230);
#28250=SURFACE_SIDE_STYLE('',(#28240));
#28260=SURFACE_STYLE_USAGE(.BOTH.,#28250);
#28270=PRESENTATION_STYLE_ASSIGNMENT((#28260));
#28280=ORIENTED_EDGE('',*,*,#22520,.F.);
#28290=ORIENTED_EDGE('',*,*,#830,.T.);
#28300=ORIENTED_EDGE('',*,*,#24230,.T.);
#28310=ORIENTED_EDGE('',*,*,#23840,.T.);
#28320=EDGE_LOOP('',(#28310,#28300,#28290,#28280));
#28330=FACE_OUTER_BOUND('',#28320,.T.);
#28340=ADVANCED_FACE('',(#28330),#23760,.T.);
#28350=COLOUR_RGB('',9.4901967048645020E-01,9.4901967048645020E-01,
   1.0000000000000000E+00);
#28360=FILL_AREA_STYLE_COLOUR('',#28350);
#28370=FILL_AREA_STYLE('',(#28360));
#28380=SURFACE_STYLE_FILL_AREA(#28370);
#28390=SURFACE_SIDE_STYLE('',(#28380));
#28400=SURFACE_STYLE_USAGE(.BOTH.,#28390);
#28410=PRESENTATION_STYLE_ASSIGNMENT((#28400));
#28420=CARTESIAN_POINT('',(-9.9904619999999795E+00,
   1.0672844999999995E+01,0.0000000000000000E+00));
#28430=DIRECTION('',(0.0000000000000000E+00,0.0000000000000000E+00,
   1.0000000000000000E+00));
#28440=DIRECTION('',(1.0000000000000000E+00,0.0000000000000000E+00,
   0.0000000000000000E+00));
#28450=AXIS2_PLACEMENT_3D('',#28420,#28430,#28440);
#28460=CYLINDRICAL_SURFACE('',#28450,3.0000000000001137E-01);
#28470=ORIENTED_EDGE('',*,*,#4750,.T.);
#28480=ORIENTED_EDGE('',*,*,#18580,.F.);
#28490=CARTESIAN_POINT('',(-9.9904619999999795E+00,
   1.0672844999999995E+01,3.8099999999999996E+00));
#28500=DIRECTION('',(0.0000000000000000E+00,0.0000000000000000E+00,
   1.0000000000000000E+00));
#28510=DIRECTION('',(1.0000000000000000E+00,0.0000000000000000E+00,
   0.0000000000000000E+00));
#28520=AXIS2_PLACEMENT_3D('',#28490,#28500,#28510);
#28530=CIRCLE('',#28520,3.0000000000001137E-01);
#28540=CARTESIAN_POINT('',(-1.0290461999999991E+01,
   1.0672844999999995E+01,3.8099999999999996E+00));
#28550=VERTEX_POINT('',#28540);
#28560=EDGE_CURVE('',#18510,#28550,#28530,.T.);
#28570=ORIENTED_EDGE('',*,*,#28560,.F.);
#28580=CARTESIAN_POINT('',(-1.0290461999999991E+01,
   1.0672844999999995E+01,0.0000000000000000E+00));
#28590=DIRECTION('',(0.0000000000000000E+00,0.0000000000000000E+00,
   1.0000000000000000E+00));
#28600=VECTOR('',#28590,1.0000000000000000E+00);
#28610=LINE('',#28580,#28600);
#28620=EDGE_CURVE('',#4740,#28550,#28610,.T.);
#28630=ORIENTED_EDGE('',*,*,#28620,.T.);
#28640=EDGE_LOOP('',(#28630,#28570,#28480,#28470));
#28650=FACE_OUTER_BOUND('',#28640,.T.);
#28660=ADVANCED_FACE('',(#28650),#28460,.T.);
#28670=COLOUR_RGB('',5.0196081399917603E-01,1.0000000000000000E+00,
   5.0196081399917603E-01);
#28680=FILL_AREA_STYLE_COLOUR('',#28670);
#28690=FILL_AREA_STYLE('',(#28680));
#28700=SURFACE_STYLE_FILL_AREA(#28690);
#28710=SURFACE_SIDE_STYLE('',(#28700));
#28720=SURFACE_STYLE_USAGE(.BOTH.,#28710);
#28730=PRESENTATION_STYLE_ASSIGNMENT((#28720));
#28740=CARTESIAN_POINT('',(-5.9904619999999937E+00,
   4.7728449999999896E+00,-7.1200000000000001E+00));
#28750=DIRECTION('',(1.0000000000000000E+00,-0.0000000000000000E+00,
   0.0000000000000000E+00));
#28760=DIRECTION('',(0.0000000000000000E+00,0.0000000000000000E+00,
   -1.0000000000000000E+00));
#28770=AXIS2_PLACEMENT_3D('',#28740,#28750,#28760);
#28780=PLANE('',#28770);
#28790=ORIENTED_EDGE('',*,*,#17740,.T.);
#28800=ORIENTED_EDGE('',*,*,#18880,.F.);
#28810=ORIENTED_EDGE('',*,*,#19450,.T.);
#28820=CARTESIAN_POINT('',(-5.9904619999999937E+00,
   1.7728449999999896E+00,-7.1200000000000001E+00));
#28830=DIRECTION('',(0.0000000000000000E+00,0.0000000000000000E+00,
   -1.0000000000000000E+00));
#28840=VECTOR('',#28830,1.0000000000000000E+00);
#28850=LINE('',#28820,#28840);
#28860=CARTESIAN_POINT('',(-5.9904619999999937E+00,
   1.7728449999999896E+00,-7.3879491924311216E+00));
#28870=VERTEX_POINT('',#28860);
#28880=EDGE_CURVE('',#28870,#19440,#28850,.T.);
#28890=ORIENTED_EDGE('',*,*,#28880,.T.);
#28900=CARTESIAN_POINT('',(-5.9904619999999937E+00,
   -3.7032246989143843E+01,-1.7785742253137627E+01));
#28910=DIRECTION('',(0.0000000000000000E+00,-9.6592582628906842E-01,
   -2.5881904510252046E-01));
#28920=VECTOR('',#28910,1.0000000000000000E+00);
#28930=LINE('',#28900,#28920);
#28940=EDGE_CURVE('',#6370,#28870,#28930,.T.);
#28950=ORIENTED_EDGE('',*,*,#28940,.T.);
#28960=ORIENTED_EDGE('',*,*,#6380,.T.);
#28970=ORIENTED_EDGE('',*,*,#9280,.T.);
#28980=EDGE_LOOP('',(#28970,#28960,#28950,#28890,#28810,#28800,#28790));
#28990=FACE_OUTER_BOUND('',#28980,.T.);
#29000=ADVANCED_FACE('',(#28990),#28780,.T.);
#29010=COLOUR_RGB('',9.4901967048645020E-01,9.4901967048645020E-01,
   1.0000000000000000E+00);
#29020=FILL_AREA_STYLE_COLOUR('',#29010);
#29030=FILL_AREA_STYLE('',(#29020));
#29040=SURFACE_STYLE_FILL_AREA(#29030);
#29050=SURFACE_SIDE_STYLE('',(#29040));
#29060=SURFACE_STYLE_USAGE(.BOTH.,#29050);
#29070=PRESENTATION_STYLE_ASSIGNMENT((#29060));
#29080=CARTESIAN_POINT('',(-6.2404619999999937E+00,
   2.2728449999999896E+00,-7.2539745962155608E+00));
#29090=DIRECTION('',(0.0000000000000000E+00,2.5881904510252046E-01,
   -9.6592582628906842E-01));
#29100=DIRECTION('',(0.0000000000000000E+00,9.6592582628906842E-01,
   2.5881904510252046E-01));
#29110=AXIS2_PLACEMENT_3D('',#29080,#29090,#29100);
#29120=PLANE('',#29110);
#29130=ORIENTED_EDGE('',*,*,#4010,.F.);
#29140=ORIENTED_EDGE('',*,*,#6440,.F.);
#29150=ORIENTED_EDGE('',*,*,#28940,.F.);
#29160=CARTESIAN_POINT('',(-5.9337133240731973E+01,
   1.7728449999999896E+00,-7.3879491924311216E+00));
#29170=DIRECTION('',(-1.0000000000000000E+00,0.0000000000000000E+00,
   0.0000000000000000E+00));
#29180=VECTOR('',#29170,1.0000000000000000E+00);
#29190=LINE('',#29160,#29180);
#29200=EDGE_CURVE('',#28870,#4000,#29190,.T.);
#29210=ORIENTED_EDGE('',*,*,#29200,.F.);
#29220=EDGE_LOOP('',(#29210,#29150,#29140,#29130));
#29230=FACE_OUTER_BOUND('',#29220,.T.);
#29240=ADVANCED_FACE('',(#29230),#29120,.F.);
#29250=COLOUR_RGB('',9.4901967048645020E-01,9.4901967048645020E-01,
   1.0000000000000000E+00);
#29260=FILL_AREA_STYLE_COLOUR('',#29250);
#29270=FILL_AREA_STYLE('',(#29260));
#29280=SURFACE_STYLE_FILL_AREA(#29270);
#29290=SURFACE_SIDE_STYLE('',(#29280));
#29300=SURFACE_STYLE_USAGE(.BOTH.,#29290);
#29310=PRESENTATION_STYLE_ASSIGNMENT((#29300));
#29320=CARTESIAN_POINT('',(-8.9904619999999582E+00,
   7.0728449999999867E+00,1.4000000000000110E+00));
#29330=DIRECTION('',(3.2711056388315635E-01,-0.0000000000000000E+00,
   9.4498607344026164E-01));
#29340=DIRECTION('',(9.4498607344026164E-01,0.0000000000000000E+00,
   -3.2711056388315635E-01));
#29350=AXIS2_PLACEMENT_3D('',#29320,#29330,#29340);
#29360=PLANE('',#29350);
#29370=CARTESIAN_POINT('',(-8.9904619999999227E+00,
   0.0000000000000000E+00,1.4000000000000004E+00));
#29380=DIRECTION('',(0.0000000000000000E+00,1.0000000000000000E+00,
   0.0000000000000000E+00));
#29390=VECTOR('',#29380,1.0000000000000000E+00);
#29400=LINE('',#29370,#29390);
#29410=CARTESIAN_POINT('',(-8.9904619999999937E+00,
   7.0728449999999867E+00,1.4000000000000083E+00));
#29420=VERTEX_POINT('',#29410);
#29430=CARTESIAN_POINT('',(-8.9904619999999795E+00,
   8.9728449999999924E+00,1.4000000000000004E+00));
#29440=VERTEX_POINT('',#29430);
#29450=EDGE_CURVE('',#29420,#29440,#29400,.T.);
#29460=ORIENTED_EDGE('',*,*,#29450,.F.);
#29470=CARTESIAN_POINT('',(-5.9407053897954754E+00,
   0.0000000000000000E+00,3.4431501954465027E-01));
#29480=DIRECTION('',(-3.1982890758865701E-01,9.4098499687157400E-01,
   1.1071000647299284E-01));
#29490=VECTOR('',#29480,1.0000000000000000E+00);
#29500=LINE('',#29470,#29490);
#29510=CARTESIAN_POINT('',(-9.3850384503517716E+00,
   1.0133748567783215E+01,1.5365841558910187E+00));
#29520=VERTEX_POINT('',#29510);
#29530=EDGE_CURVE('',#29440,#29520,#29500,.T.);
#29540=ORIENTED_EDGE('',*,*,#29530,.F.);
#29550=CARTESIAN_POINT('',(-9.8584410716738375E+00,
   9.9728450000000066E+00,1.7004542940409593E+00));
#29560=DIRECTION('',(3.2711056388315635E-01,0.0000000000000000E+00,
   9.4498607344026164E-01));
#29570=DIRECTION('',(9.4498607344026164E-01,0.0000000000000000E+00,
   -3.2711056388315640E-01));
#29580=AXIS2_PLACEMENT_3D('',#29550,#29560,#29570);
#29590=ELLIPSE('',#29580,5.2910832662294982E-01,4.9999999999996880E-01);
#29600=CARTESIAN_POINT('',(-9.8584410716738375E+00,
   1.0472845000000007E+01,1.7004542940409593E+00));
#29610=VERTEX_POINT('',#29600);
#29620=EDGE_CURVE('',#29520,#29610,#29590,.T.);
#29630=ORIENTED_EDGE('',*,*,#29620,.F.);
#29640=CARTESIAN_POINT('',(0.0000000000000000E+00,1.0472845000000007E+01
   ,-1.7120829999998683E+00));
#29650=DIRECTION('',(-9.4498607344026164E-01,0.0000000000000000E+00,
   3.2711056388315635E-01));
#29660=VECTOR('',#29650,1.0000000000000000E+00);
#29670=LINE('',#29640,#29660);
#29680=CARTESIAN_POINT('',(-1.0290461999999991E+01,
   1.0472845000000007E+01,1.8500000000000076E+00));
#29690=VERTEX_POINT('',#29680);
#29700=EDGE_CURVE('',#29610,#29690,#29670,.T.);
#29710=ORIENTED_EDGE('',*,*,#29700,.F.);
#29720=CARTESIAN_POINT('',(-1.0290461999999991E+01,
   0.0000000000000000E+00,1.8500000000000068E+00));
#29730=DIRECTION('',(0.0000000000000000E+00,-1.0000000000000000E+00,
   0.0000000000000000E+00));
#29740=VECTOR('',#29730,1.0000000000000000E+00);
#29750=LINE('',#29720,#29740);
#29760=CARTESIAN_POINT('',(-1.0290461999999991E+01,
   6.1625752003274101E+00,1.8500000000000076E+00));
#29770=VERTEX_POINT('',#29760);
#29780=EDGE_CURVE('',#29690,#29770,#29750,.T.);
#29790=ORIENTED_EDGE('',*,*,#29780,.F.);
#29800=CARTESIAN_POINT('',(0.0000000000000000E+00,1.3368034264387660E+01
   ,-1.7120829999998683E+00));
#29810=DIRECTION('',(7.8808273039207011E-01,5.5182146855339376E-01,
   -2.7279786821263036E-01));
#29820=VECTOR('',#29810,1.0000000000000000E+00);
#29830=LINE('',#29800,#29820);
#29840=EDGE_CURVE('',#29770,#29420,#29830,.T.);
#29850=ORIENTED_EDGE('',*,*,#29840,.F.);
#29860=EDGE_LOOP('',(#29850,#29790,#29710,#29630,#29540,#29460));
#29870=FACE_OUTER_BOUND('',#29860,.T.);
#29880=ADVANCED_FACE('',(#29870),#29360,.F.);
#29890=COLOUR_RGB('',5.0196081399917603E-01,1.0000000000000000E+00,
   5.0196081399917603E-01);
#29900=FILL_AREA_STYLE_COLOUR('',#29890);
#29910=FILL_AREA_STYLE('',(#29900));
#29920=SURFACE_STYLE_FILL_AREA(#29910);
#29930=SURFACE_SIDE_STYLE('',(#29920));
#29940=SURFACE_STYLE_USAGE(.BOTH.,#29930);
#29950=PRESENTATION_STYLE_ASSIGNMENT((#29940));
#29960=CARTESIAN_POINT('',(-8.5904619999999809E+00,
   7.0728449999999867E+00,1.4000000000000110E+00));
#29970=DIRECTION('',(0.0000000000000000E+00,0.0000000000000000E+00,
   1.0000000000000000E+00));
#29980=DIRECTION('',(1.0000000000000000E+00,0.0000000000000000E+00,
   0.0000000000000000E+00));
#29990=AXIS2_PLACEMENT_3D('',#29960,#29970,#29980);
#30000=PLANE('',#29990);
#30010=CARTESIAN_POINT('',(0.0000000000000000E+00,7.0728450000000009E+00
   ,1.4000000000000110E+00));
#30020=DIRECTION('',(-1.0000000000000000E+00,0.0000000000000000E+00,
   0.0000000000000000E+00));
#30030=VECTOR('',#30020,1.0000000000000000E+00);
#30040=LINE('',#30010,#30030);
#30050=CARTESIAN_POINT('',(-8.5904619999999809E+00,
   7.0728449999999867E+00,1.3999999999999995E+00));
#30060=VERTEX_POINT('',#30050);
#30070=EDGE_CURVE('',#30060,#29420,#30040,.T.);
#30080=ORIENTED_EDGE('',*,*,#30070,.T.);
#30090=CARTESIAN_POINT('',(-8.5904619999999809E+00,
   0.0000000000000000E+00,1.3999999999999995E+00));
#30100=DIRECTION('',(0.0000000000000000E+00,1.0000000000000000E+00,
   0.0000000000000000E+00));
#30110=VECTOR('',#30100,1.0000000000000000E+00);
#30120=LINE('',#30090,#30110);
#30130=CARTESIAN_POINT('',(-8.5904619999999809E+00,
   8.9728449999999924E+00,1.3999999999999995E+00));
#30140=VERTEX_POINT('',#30130);
#30150=EDGE_CURVE('',#30060,#30140,#30120,.T.);
#30160=ORIENTED_EDGE('',*,*,#30150,.F.);
#30170=CARTESIAN_POINT('',(0.0000000000000000E+00,8.9728450000000066E+00
   ,1.4000000000000110E+00));
#30180=DIRECTION('',(1.0000000000000000E+00,0.0000000000000000E+00,
   0.0000000000000000E+00));
#30190=VECTOR('',#30180,1.0000000000000000E+00);
#30200=LINE('',#30170,#30190);
#30210=EDGE_CURVE('',#29440,#30140,#30200,.T.);
#30220=ORIENTED_EDGE('',*,*,#30210,.T.);
#30230=ORIENTED_EDGE('',*,*,#29450,.T.);
#30240=EDGE_LOOP('',(#30230,#30220,#30160,#30080));
#30250=FACE_OUTER_BOUND('',#30240,.T.);
#30260=ADVANCED_FACE('',(#30250),#30000,.F.);
#30270=COLOUR_RGB('',5.0196081399917603E-01,1.0000000000000000E+00,
   5.0196081399917603E-01);
#30280=FILL_AREA_STYLE_COLOUR('',#30270);
#30290=FILL_AREA_STYLE('',(#30280));
#30300=SURFACE_STYLE_FILL_AREA(#30290);
#30310=SURFACE_SIDE_STYLE('',(#30300));
#30320=SURFACE_STYLE_USAGE(.BOTH.,#30310);
#30330=PRESENTATION_STYLE_ASSIGNMENT((#30320));
#30340=CARTESIAN_POINT('',(-7.3485817023526252E+00,
   7.0728449999999867E+00,-1.1533082614301637E+00));
#30350=DIRECTION('',(0.0000000000000000E+00,-1.0000000000000000E+00,
   0.0000000000000000E+00));
#30360=DIRECTION('',(1.0000000000000000E+00,0.0000000000000000E+00,
   0.0000000000000000E+00));
#30370=AXIS2_PLACEMENT_3D('',#30340,#30350,#30360);
#30380=PLANE('',#30370);
#30390=CARTESIAN_POINT('',(-8.9904619999999937E+00,
   7.0728449999999867E+00,0.0000000000000000E+00));
#30400=DIRECTION('',(0.0000000000000000E+00,0.0000000000000000E+00,
   1.0000000000000000E+00));
#30410=VECTOR('',#30400,1.0000000000000000E+00);
#30420=LINE('',#30390,#30410);
#30430=CARTESIAN_POINT('',(-8.9904619999999937E+00,
   7.0728449999999867E+00,-1.4000000000000077E+00));
#30440=VERTEX_POINT('',#30430);
#30450=EDGE_CURVE('',#30440,#29420,#30420,.T.);
#30460=ORIENTED_EDGE('',*,*,#30450,.T.);
#30470=CARTESIAN_POINT('',(0.0000000000000000E+00,7.0728450000000009E+00
   ,-1.4000000000000004E+00));
#30480=DIRECTION('',(1.0000000000000000E+00,0.0000000000000000E+00,
   0.0000000000000000E+00));
#30490=VECTOR('',#30480,1.0000000000000000E+00);
#30500=LINE('',#30470,#30490);
#30510=CARTESIAN_POINT('',(-8.5904619999999809E+00,
   7.0728450000000009E+00,-1.4000000000000004E+00));
#30520=VERTEX_POINT('',#30510);
#30530=EDGE_CURVE('',#30440,#30520,#30500,.T.);
#30540=ORIENTED_EDGE('',*,*,#30530,.F.);
#30550=CARTESIAN_POINT('',(-8.5904619999999809E+00,
   7.0728450000000009E+00,0.0000000000000000E+00));
#30560=DIRECTION('',(0.0000000000000000E+00,0.0000000000000000E+00,
   1.0000000000000000E+00));
#30570=VECTOR('',#30560,1.0000000000000000E+00);
#30580=LINE('',#30550,#30570);
#30590=EDGE_CURVE('',#30520,#30060,#30580,.T.);
#30600=ORIENTED_EDGE('',*,*,#30590,.F.);
#30610=ORIENTED_EDGE('',*,*,#30070,.F.);
#30620=EDGE_LOOP('',(#30610,#30600,#30540,#30460));
#30630=FACE_OUTER_BOUND('',#30620,.T.);
#30640=ADVANCED_FACE('',(#30630),#30380,.F.);
#30650=COLOUR_RGB('',5.0196081399917603E-01,1.0000000000000000E+00,
   5.0196081399917603E-01);
#30660=FILL_AREA_STYLE_COLOUR('',#30650);
#30670=FILL_AREA_STYLE('',(#30660));
#30680=SURFACE_STYLE_FILL_AREA(#30670);
#30690=SURFACE_SIDE_STYLE('',(#30680));
#30700=SURFACE_STYLE_USAGE(.BOTH.,#30690);
#30710=PRESENTATION_STYLE_ASSIGNMENT((#30700));
#30720=ORIENTED_EDGE('',*,*,#5910,.T.);
#30730=ORIENTED_EDGE('',*,*,#27560,.T.);
#30740=ORIENTED_EDGE('',*,*,#1590,.F.);
#30750=EDGE_LOOP('',(#30740,#30730,#30720));
#30760=FACE_OUTER_BOUND('',#30750,.T.);
#30770=ADVANCED_FACE('',(#30760),#26100,.T.);
#30780=COLOUR_RGB('',9.4901967048645020E-01,9.4901967048645020E-01,
   1.0000000000000000E+00);
#30790=FILL_AREA_STYLE_COLOUR('',#30780);
#30800=FILL_AREA_STYLE('',(#30790));
#30810=SURFACE_STYLE_FILL_AREA(#30800);
#30820=SURFACE_SIDE_STYLE('',(#30810));
#30830=SURFACE_STYLE_USAGE(.BOTH.,#30820);
#30840=PRESENTATION_STYLE_ASSIGNMENT((#30830));
#30850=CARTESIAN_POINT('',(-8.5904619999999809E+00,
   7.0728449999999867E+00,-1.4000000000000004E+00));
#30860=DIRECTION('',(1.0000000000000000E+00,-0.0000000000000000E+00,
   0.0000000000000000E+00));
#30870=DIRECTION('',(0.0000000000000000E+00,0.0000000000000000E+00,
   -1.0000000000000000E+00));
#30880=AXIS2_PLACEMENT_3D('',#30850,#30860,#30870);
#30890=PLANE('',#30880);
#30900=ORIENTED_EDGE('',*,*,#30150,.T.);
#30910=ORIENTED_EDGE('',*,*,#30590,.T.);
#30920=CARTESIAN_POINT('',(-8.5904619999999809E+00,
   0.0000000000000000E+00,-1.3999999999999999E+00));
#30930=DIRECTION('',(0.0000000000000000E+00,1.0000000000000000E+00,
   0.0000000000000000E+00));
#30940=VECTOR('',#30930,1.0000000000000000E+00);
#30950=LINE('',#30920,#30940);
#30960=CARTESIAN_POINT('',(-8.5904619999999809E+00,
   8.9728450000000066E+00,-1.3999999999999999E+00));
#30970=VERTEX_POINT('',#30960);
#30980=EDGE_CURVE('',#30520,#30970,#30950,.T.);
#30990=ORIENTED_EDGE('',*,*,#30980,.F.);
#31000=CARTESIAN_POINT('',(-8.5904619999999809E+00,
   8.9728450000000066E+00,0.0000000000000000E+00));
#31010=DIRECTION('',(0.0000000000000000E+00,0.0000000000000000E+00,
   -1.0000000000000000E+00));
#31020=VECTOR('',#31010,1.0000000000000000E+00);
#31030=LINE('',#31000,#31020);
#31040=EDGE_CURVE('',#30140,#30970,#31030,.T.);
#31050=ORIENTED_EDGE('',*,*,#31040,.T.);
#31060=EDGE_LOOP('',(#31050,#30990,#30910,#30900));
#31070=FACE_OUTER_BOUND('',#31060,.T.);
#31080=ADVANCED_FACE('',(#31070),#30890,.F.);
#31090=COLOUR_RGB('',5.0196081399917603E-01,1.0000000000000000E+00,
   5.0196081399917603E-01);
#31100=FILL_AREA_STYLE_COLOUR('',#31090);
#31110=FILL_AREA_STYLE('',(#31100));
#31120=SURFACE_STYLE_FILL_AREA(#31110);
#31130=SURFACE_SIDE_STYLE('',(#31120));
#31140=SURFACE_STYLE_USAGE(.BOTH.,#31130);
#31150=PRESENTATION_STYLE_ASSIGNMENT((#31140));
#31160=CARTESIAN_POINT('',(-6.2404619999999795E+00,
   1.5272844999999990E+01,0.0000000000000000E+00));
#31170=DIRECTION('',(-0.0000000000000000E+00,1.0000000000000000E+00,
   0.0000000000000000E+00));
#31180=DIRECTION('',(1.0000000000000000E+00,0.0000000000000000E+00,
   0.0000000000000000E+00));
#31190=AXIS2_PLACEMENT_3D('',#31160,#31170,#31180);
#31200=PLANE('',#31190);
#31210=EDGE_CURVE('',#22810,#23340,#23410,.T.);
#31220=ORIENTED_EDGE('',*,*,#31210,.T.);
#31230=ORIENTED_EDGE('',*,*,#23420,.T.);
#31240=EDGE_LOOP('',(#31230,#31220));
#31250=FACE_BOUND('',#31240,.T.);
#31260=ORIENTED_EDGE('',*,*,#7670,.T.);
#31270=EDGE_CURVE('',#7660,#7570,#7640,.T.);
#31280=ORIENTED_EDGE('',*,*,#31270,.T.);
#31290=EDGE_LOOP('',(#31280,#31260));
#31300=FACE_BOUND('',#31290,.T.);
#31310=CARTESIAN_POINT('',(-8.1404620000000136E+00,
   1.5272844999999990E+01,3.8099999999999996E+00));
#31320=DIRECTION('',(-1.0000000000000000E+00,0.0000000000000000E+00,
   0.0000000000000000E+00));
#31330=VECTOR('',#31320,1.0000000000000000E+00);
#31340=LINE('',#31310,#31330);
#31350=EDGE_CURVE('',#14310,#7190,#31340,.T.);
#31360=ORIENTED_EDGE('',*,*,#31350,.F.);
#31370=ORIENTED_EDGE('',*,*,#7350,.F.);
#31380=ORIENTED_EDGE('',*,*,#4410,.T.);
#31390=ORIENTED_EDGE('',*,*,#14380,.F.);
#31400=EDGE_LOOP('',(#31390,#31380,#31370,#31360));
#31410=FACE_OUTER_BOUND('',#31400,.T.);
#31420=ADVANCED_FACE('',(#31250,#31300,#31410),#31200,.T.);
#31430=COLOUR_RGB('',5.0196081399917603E-01,1.0000000000000000E+00,
   5.0196081399917603E-01);
#31440=FILL_AREA_STYLE_COLOUR('',#31430);
#31450=FILL_AREA_STYLE('',(#31440));
#31460=SURFACE_STYLE_FILL_AREA(#31450);
#31470=SURFACE_SIDE_STYLE('',(#31460));
#31480=SURFACE_STYLE_USAGE(.BOTH.,#31470);
#31490=PRESENTATION_STYLE_ASSIGNMENT((#31480));
#31500=CARTESIAN_POINT('',(-8.9904619999999582E+00,
   7.0728449999999867E+00,-1.4000000000000004E+00));
#31510=DIRECTION('',(0.0000000000000000E+00,0.0000000000000000E+00,
   -1.0000000000000000E+00));
#31520=DIRECTION('',(-1.0000000000000000E+00,0.0000000000000000E+00,
   0.0000000000000000E+00));
#31530=AXIS2_PLACEMENT_3D('',#31500,#31510,#31520);
#31540=PLANE('',#31530);
#31550=ORIENTED_EDGE('',*,*,#30530,.T.);
#31560=CARTESIAN_POINT('',(-8.9904619999999582E+00,
   0.0000000000000000E+00,-1.4000000000000001E+00));
#31570=DIRECTION('',(0.0000000000000000E+00,1.0000000000000000E+00,
   0.0000000000000000E+00));
#31580=VECTOR('',#31570,1.0000000000000000E+00);
#31590=LINE('',#31560,#31580);
#31600=CARTESIAN_POINT('',(-8.9904619999999724E+00,
   8.9728449999999924E+00,-1.4000000000000059E+00));
#31610=VERTEX_POINT('',#31600);
#31620=EDGE_CURVE('',#30440,#31610,#31590,.T.);
#31630=ORIENTED_EDGE('',*,*,#31620,.F.);
#31640=CARTESIAN_POINT('',(0.0000000000000000E+00,8.9728450000000066E+00
   ,-1.4000000000000004E+00));
#31650=DIRECTION('',(-1.0000000000000000E+00,0.0000000000000000E+00,
   0.0000000000000000E+00));
#31660=VECTOR('',#31650,1.0000000000000000E+00);
#31670=LINE('',#31640,#31660);
#31680=EDGE_CURVE('',#30970,#31610,#31670,.T.);
#31690=ORIENTED_EDGE('',*,*,#31680,.T.);
#31700=ORIENTED_EDGE('',*,*,#30980,.T.);
#31710=EDGE_LOOP('',(#31700,#31690,#31630,#31550));
#31720=FACE_OUTER_BOUND('',#31710,.T.);
#31730=ADVANCED_FACE('',(#31720),#31540,.F.);
#31740=COLOUR_RGB('',5.0196081399917603E-01,1.0000000000000000E+00,
   5.0196081399917603E-01);
#31750=FILL_AREA_STYLE_COLOUR('',#31740);
#31760=FILL_AREA_STYLE('',(#31750));
#31770=SURFACE_STYLE_FILL_AREA(#31760);
#31780=SURFACE_SIDE_STYLE('',(#31770));
#31790=SURFACE_STYLE_USAGE(.BOTH.,#31780);
#31800=PRESENTATION_STYLE_ASSIGNMENT((#31790));
#31810=CARTESIAN_POINT('',(-9.8584410716738375E+00,
   1.0472845000000007E+01,-7.6200000000000001E+00));
#31820=DIRECTION('',(-0.0000000000000000E+00,1.0000000000000000E+00,
   0.0000000000000000E+00));
#31830=DIRECTION('',(1.0000000000000000E+00,0.0000000000000000E+00,
   0.0000000000000000E+00));
#31840=AXIS2_PLACEMENT_3D('',#31810,#31820,#31830);
#31850=PLANE('',#31840);
#31860=ORIENTED_EDGE('',*,*,#6740,.F.);
#31870=CARTESIAN_POINT('',(-1.0290461999999991E+01,
   1.0472845000000007E+01,0.0000000000000000E+00));
#31880=DIRECTION('',(0.0000000000000000E+00,0.0000000000000000E+00,
   -1.0000000000000000E+00));
#31890=VECTOR('',#31880,1.0000000000000000E+00);
#31900=LINE('',#31870,#31890);
#31910=EDGE_CURVE('',#2810,#6730,#31900,.T.);
#31920=ORIENTED_EDGE('',*,*,#31910,.T.);
#31930=ORIENTED_EDGE('',*,*,#2820,.T.);
#31940=ORIENTED_EDGE('',*,*,#5650,.F.);
#31950=EDGE_LOOP('',(#31940,#31930,#31920,#31860));
#31960=FACE_OUTER_BOUND('',#31950,.T.);
#31970=ADVANCED_FACE('',(#31960),#31850,.F.);
#31980=COLOUR_RGB('',5.0196081399917603E-01,1.0000000000000000E+00,
   5.0196081399917603E-01);
#31990=FILL_AREA_STYLE_COLOUR('',#31980);
#32000=FILL_AREA_STYLE('',(#31990));
#32010=SURFACE_STYLE_FILL_AREA(#32000);
#32020=SURFACE_SIDE_STYLE('',(#32010));
#32030=SURFACE_STYLE_USAGE(.BOTH.,#32020);
#32040=PRESENTATION_STYLE_ASSIGNMENT((#32030));
#32050=CARTESIAN_POINT('',(-8.9904619999999795E+00,
   7.0728450000000009E+00,0.0000000000000000E+00));
#32060=DIRECTION('',(5.7357643635102928E-01,-8.1915204428900368E-01,
   0.0000000000000000E+00));
#32070=DIRECTION('',(-8.1915204428900368E-01,-5.7357643635102928E-01,
   0.0000000000000000E+00));
#32080=AXIS2_PLACEMENT_3D('',#32050,#32060,#32070);
#32090=PLANE('',#32080);
#32100=CARTESIAN_POINT('',(0.0000000000000000E+00,1.3368034264387660E+01
   ,1.7120829999998790E+00));
#32110=DIRECTION('',(-7.8808273039207011E-01,-5.5182146855339376E-01,
   -2.7279786821263036E-01));
#32120=VECTOR('',#32110,1.0000000000000000E+00);
#32130=LINE('',#32100,#32120);
#32140=CARTESIAN_POINT('',(-1.0290461999999991E+01,
   6.1625752003274101E+00,-1.8499999999999970E+00));
#32150=VERTEX_POINT('',#32140);
#32160=EDGE_CURVE('',#30440,#32150,#32130,.T.);
#32170=ORIENTED_EDGE('',*,*,#32160,.T.);
#32180=ORIENTED_EDGE('',*,*,#30450,.F.);
#32190=ORIENTED_EDGE('',*,*,#29840,.T.);
#32200=CARTESIAN_POINT('',(-1.0290461999999991E+01,
   6.1625752003274101E+00,0.0000000000000000E+00));
#32210=DIRECTION('',(0.0000000000000000E+00,0.0000000000000000E+00,
   -1.0000000000000000E+00));
#32220=VECTOR('',#32210,1.0000000000000000E+00);
#32230=LINE('',#32200,#32220);
#32240=EDGE_CURVE('',#29770,#32150,#32230,.T.);
#32250=ORIENTED_EDGE('',*,*,#32240,.F.);
#32260=EDGE_LOOP('',(#32250,#32190,#32180,#32170));
#32270=FACE_OUTER_BOUND('',#32260,.T.);
#32280=ADVANCED_FACE('',(#32270),#32090,.F.);
#32290=COLOUR_RGB('',5.0196081399917603E-01,1.0000000000000000E+00,
   5.0196081399917603E-01);
#32300=FILL_AREA_STYLE_COLOUR('',#32290);
#32310=FILL_AREA_STYLE('',(#32300));
#32320=SURFACE_STYLE_FILL_AREA(#32310);
#32330=SURFACE_SIDE_STYLE('',(#32320));
#32340=SURFACE_STYLE_USAGE(.BOTH.,#32330);
#32350=PRESENTATION_STYLE_ASSIGNMENT((#32340));
#32360=CARTESIAN_POINT('',(-1.0290461999999970E+01,
   7.0728449999999867E+00,-1.8499999999999890E+00));
#32370=DIRECTION('',(3.2711056388315635E-01,0.0000000000000000E+00,
   -9.4498607344026164E-01));
#32380=DIRECTION('',(-9.4498607344026164E-01,0.0000000000000000E+00,
   -3.2711056388315635E-01));
#32390=AXIS2_PLACEMENT_3D('',#32360,#32370,#32380);
#32400=PLANE('',#32390);
#32410=CARTESIAN_POINT('',(0.0000000000000000E+00,1.0472845000000007E+01
   ,1.7120829999998790E+00));
#32420=DIRECTION('',(-9.4498607344026164E-01,0.0000000000000000E+00,
   -3.2711056388315635E-01));
#32430=VECTOR('',#32420,1.0000000000000000E+00);
#32440=LINE('',#32410,#32430);
#32450=CARTESIAN_POINT('',(-9.8584410716738375E+00,
   1.0472845000000007E+01,-1.7004542940409484E+00));
#32460=VERTEX_POINT('',#32450);
#32470=CARTESIAN_POINT('',(-1.0290461999999991E+01,
   1.0472845000000007E+01,-1.8499999999999961E+00));
#32480=VERTEX_POINT('',#32470);
#32490=EDGE_CURVE('',#32460,#32480,#32440,.T.);
#32500=ORIENTED_EDGE('',*,*,#32490,.T.);
#32510=CARTESIAN_POINT('',(-9.8584410716738375E+00,
   9.9728450000000066E+00,-1.7004542940409484E+00));
#32520=DIRECTION('',(3.2711056388315635E-01,0.0000000000000000E+00,
   -9.4498607344026164E-01));
#32530=DIRECTION('',(-9.4498607344026164E-01,0.0000000000000000E+00,
   -3.2711056388315640E-01));
#32540=AXIS2_PLACEMENT_3D('',#32510,#32520,#32530);
#32550=ELLIPSE('',#32540,5.2910832662294982E-01,4.9999999999996880E-01);
#32560=CARTESIAN_POINT('',(-9.3850384503517716E+00,
   1.0133748567783215E+01,-1.5365841558910081E+00));
#32570=VERTEX_POINT('',#32560);
#32580=EDGE_CURVE('',#32460,#32570,#32550,.T.);
#32590=ORIENTED_EDGE('',*,*,#32580,.F.);
#32600=CARTESIAN_POINT('',(-5.9407053897954754E+00,
   0.0000000000000000E+00,-3.4431501954463961E-01));
#32610=DIRECTION('',(-3.1982890758865701E-01,9.4098499687157400E-01,
   -1.1071000647299284E-01));
#32620=VECTOR('',#32610,1.0000000000000000E+00);
#32630=LINE('',#32600,#32620);
#32640=EDGE_CURVE('',#31610,#32570,#32630,.T.);
#32650=ORIENTED_EDGE('',*,*,#32640,.T.);
#32660=ORIENTED_EDGE('',*,*,#31620,.T.);
#32670=ORIENTED_EDGE('',*,*,#32160,.F.);
#32680=CARTESIAN_POINT('',(-1.0290461999999991E+01,
   0.0000000000000000E+00,-1.8499999999999961E+00));
#32690=DIRECTION('',(0.0000000000000000E+00,1.0000000000000000E+00,
   0.0000000000000000E+00));
#32700=VECTOR('',#32690,1.0000000000000000E+00);
#32710=LINE('',#32680,#32700);
#32720=EDGE_CURVE('',#32150,#32480,#32710,.T.);
#32730=ORIENTED_EDGE('',*,*,#32720,.F.);
#32740=EDGE_LOOP('',(#32730,#32670,#32660,#32650,#32590,#32500));
#32750=FACE_OUTER_BOUND('',#32740,.T.);
#32760=ADVANCED_FACE('',(#32750),#32400,.F.);
#32770=COLOUR_RGB('',5.0196081399917603E-01,1.0000000000000000E+00,
   5.0196081399917603E-01);
#32780=FILL_AREA_STYLE_COLOUR('',#32770);
#32790=FILL_AREA_STYLE('',(#32780));
#32800=SURFACE_STYLE_FILL_AREA(#32790);
#32810=SURFACE_SIDE_STYLE('',(#32800));
#32820=SURFACE_STYLE_USAGE(.BOTH.,#32810);
#32830=PRESENTATION_STYLE_ASSIGNMENT((#32820));
#32840=CARTESIAN_POINT('',(-1.0290461999999991E+01,
   1.0472845000000007E+01,0.0000000000000000E+00));
#32850=DIRECTION('',(-1.0000000000000000E+00,0.0000000000000000E+00,
   0.0000000000000000E+00));
#32860=DIRECTION('',(0.0000000000000000E+00,1.0000000000000000E+00,
   0.0000000000000000E+00));
#32870=AXIS2_PLACEMENT_3D('',#32840,#32850,#32860);
#32880=PLANE('',#32870);
#32890=ORIENTED_EDGE('',*,*,#32720,.T.);
#32900=ORIENTED_EDGE('',*,*,#32240,.T.);
#32910=ORIENTED_EDGE('',*,*,#29780,.T.);
#32920=CARTESIAN_POINT('',(-1.0290461999999991E+01,
   1.0472845000000007E+01,0.0000000000000000E+00));
#32930=DIRECTION('',(0.0000000000000000E+00,0.0000000000000000E+00,
   1.0000000000000000E+00));
#32940=VECTOR('',#32930,1.0000000000000000E+00);
#32950=LINE('',#32920,#32940);
#32960=EDGE_CURVE('',#32480,#29690,#32950,.T.);
#32970=ORIENTED_EDGE('',*,*,#32960,.T.);
#32980=EDGE_LOOP('',(#32970,#32910,#32900,#32890));
#32990=FACE_BOUND('',#32980,.T.);
#33000=ORIENTED_EDGE('',*,*,#2880,.F.);
#33010=ORIENTED_EDGE('',*,*,#31910,.F.);
#33020=ORIENTED_EDGE('',*,*,#6960,.F.);
#33030=ORIENTED_EDGE('',*,*,#2200,.F.);
#33040=EDGE_LOOP('',(#33030,#33020,#33010,#33000));
#33050=FACE_BOUND('',#33040,.T.);
#33060=ORIENTED_EDGE('',*,*,#4830,.T.);
#33070=ORIENTED_EDGE('',*,*,#28620,.F.);
#33080=CARTESIAN_POINT('',(-1.0290461999999991E+01,
   0.0000000000000000E+00,3.8099999999999996E+00));
#33090=DIRECTION('',(0.0000000000000000E+00,-1.0000000000000000E+00,
   0.0000000000000000E+00));
#33100=VECTOR('',#33090,1.0000000000000000E+00);
#33110=LINE('',#33080,#33100);
#33120=CARTESIAN_POINT('',(-1.0290461999999991E+01,
   5.2728449999999896E+00,3.8099999999999996E+00));
#33130=VERTEX_POINT('',#33120);
#33140=EDGE_CURVE('',#28550,#33130,#33110,.T.);
#33150=ORIENTED_EDGE('',*,*,#33140,.F.);
#33160=CARTESIAN_POINT('',(-1.0290461999999991E+01,
   5.2728449999999896E+00,0.0000000000000000E+00));
#33170=DIRECTION('',(0.0000000000000000E+00,0.0000000000000000E+00,
   -1.0000000000000000E+00));
#33180=VECTOR('',#33170,1.0000000000000000E+00);
#33190=LINE('',#33160,#33180);
#33200=EDGE_CURVE('',#33130,#4820,#33190,.T.);
#33210=ORIENTED_EDGE('',*,*,#33200,.F.);
#33220=EDGE_LOOP('',(#33210,#33150,#33070,#33060));
#33230=FACE_OUTER_BOUND('',#33220,.T.);
#33240=ADVANCED_FACE('',(#32990,#33050,#33230),#32880,.T.);
#33250=COLOUR_RGB('',5.0196081399917603E-01,1.0000000000000000E+00,
   5.0196081399917603E-01);
#33260=FILL_AREA_STYLE_COLOUR('',#33250);
#33270=FILL_AREA_STYLE('',(#33260));
#33280=SURFACE_STYLE_FILL_AREA(#33270);
#33290=SURFACE_SIDE_STYLE('',(#33280));
#33300=SURFACE_STYLE_USAGE(.BOTH.,#33290);
#33310=PRESENTATION_STYLE_ASSIGNMENT((#33300));
#33320=CARTESIAN_POINT('',(-9.8584410716738375E+00,
   1.0472845000000007E+01,0.0000000000000000E+00));
#33330=DIRECTION('',(-0.0000000000000000E+00,1.0000000000000000E+00,
   0.0000000000000000E+00));
#33340=DIRECTION('',(1.0000000000000000E+00,0.0000000000000000E+00,
   0.0000000000000000E+00));
#33350=AXIS2_PLACEMENT_3D('',#33320,#33330,#33340);
#33360=PLANE('',#33350);
#33370=ORIENTED_EDGE('',*,*,#29700,.T.);
#33380=CARTESIAN_POINT('',(-9.8584410716738375E+00,
   1.0472845000000007E+01,0.0000000000000000E+00));
#33390=DIRECTION('',(0.0000000000000000E+00,0.0000000000000000E+00,
   -1.0000000000000000E+00));
#33400=VECTOR('',#33390,1.0000000000000000E+00);
#33410=LINE('',#33380,#33400);
#33420=EDGE_CURVE('',#29610,#32460,#33410,.T.);
#33430=ORIENTED_EDGE('',*,*,#33420,.F.);
#33440=ORIENTED_EDGE('',*,*,#32490,.F.);
#33450=ORIENTED_EDGE('',*,*,#32960,.F.);
#33460=EDGE_LOOP('',(#33450,#33440,#33430,#33370));
#33470=FACE_OUTER_BOUND('',#33460,.T.);
#33480=ADVANCED_FACE('',(#33470),#33360,.F.);
#33490=COLOUR_RGB('',5.0196081399917603E-01,1.0000000000000000E+00,
   5.0196081399917603E-01);
#33500=FILL_AREA_STYLE_COLOUR('',#33490);
#33510=FILL_AREA_STYLE('',(#33500));
#33520=SURFACE_STYLE_FILL_AREA(#33510);
#33530=SURFACE_SIDE_STYLE('',(#33520));
#33540=SURFACE_STYLE_USAGE(.BOTH.,#33530);
#33550=PRESENTATION_STYLE_ASSIGNMENT((#33540));
#33560=CARTESIAN_POINT('',(-9.2434024190612618E+00,
   1.7728449999999896E+00,-1.9200113465742472E+00));
#33570=DIRECTION('',(0.0000000000000000E+00,-1.0000000000000000E+00,
   0.0000000000000000E+00));
#33580=DIRECTION('',(1.0000000000000000E+00,0.0000000000000000E+00,
   0.0000000000000000E+00));
#33590=AXIS2_PLACEMENT_3D('',#33560,#33570,#33580);
#33600=PLANE('',#33590);
#33610=ORIENTED_EDGE('',*,*,#19530,.T.);
#33620=ORIENTED_EDGE('',*,*,#4070,.F.);
#33630=ORIENTED_EDGE('',*,*,#29200,.T.);
#33640=ORIENTED_EDGE('',*,*,#28880,.F.);
#33650=EDGE_LOOP('',(#33640,#33630,#33620,#33610));
#33660=FACE_OUTER_BOUND('',#33650,.T.);
#33670=ADVANCED_FACE('',(#33660),#33600,.T.);
#33680=COLOUR_RGB('',9.4901967048645020E-01,9.4901967048645020E-01,
   1.0000000000000000E+00);
#33690=FILL_AREA_STYLE_COLOUR('',#33680);
#33700=FILL_AREA_STYLE('',(#33690));
#33710=SURFACE_STYLE_FILL_AREA(#33700);
#33720=SURFACE_SIDE_STYLE('',(#33710));
#33730=SURFACE_STYLE_USAGE(.BOTH.,#33720);
#33740=PRESENTATION_STYLE_ASSIGNMENT((#33730));
#33750=CARTESIAN_POINT('',(-8.5904619999999809E+00,
   7.0728449999999867E+00,-6.2199999999999891E+00));
#33760=DIRECTION('',(0.0000000000000000E+00,0.0000000000000000E+00,
   1.0000000000000000E+00));
#33770=DIRECTION('',(1.0000000000000000E+00,0.0000000000000000E+00,
   0.0000000000000000E+00));
#33780=AXIS2_PLACEMENT_3D('',#33750,#33760,#33770);
#33790=PLANE('',#33780);
#33800=ORIENTED_EDGE('',*,*,#9530,.T.);
#33810=ORIENTED_EDGE('',*,*,#360,.F.);
#33820=ORIENTED_EDGE('',*,*,#8530,.T.);
#33830=ORIENTED_EDGE('',*,*,#2570,.T.);
#33840=EDGE_LOOP('',(#33830,#33820,#33810,#33800));
#33850=FACE_OUTER_BOUND('',#33840,.T.);
#33860=ADVANCED_FACE('',(#33850),#33790,.F.);
#33870=COLOUR_RGB('',5.0196081399917603E-01,1.0000000000000000E+00,
   5.0196081399917603E-01);
#33880=FILL_AREA_STYLE_COLOUR('',#33870);
#33890=FILL_AREA_STYLE('',(#33880));
#33900=SURFACE_STYLE_FILL_AREA(#33890);
#33910=SURFACE_SIDE_STYLE('',(#33900));
#33920=SURFACE_STYLE_USAGE(.BOTH.,#33910);
#33930=PRESENTATION_STYLE_ASSIGNMENT((#33920));
#33940=CARTESIAN_POINT('',(-9.8584410716738375E+00,
   9.9728450000000066E+00,0.0000000000000000E+00));
#33950=DIRECTION('',(0.0000000000000000E+00,0.0000000000000000E+00,
   1.0000000000000000E+00));
#33960=DIRECTION('',(1.0000000000000000E+00,0.0000000000000000E+00,
   0.0000000000000000E+00));
#33970=AXIS2_PLACEMENT_3D('',#33940,#33950,#33960);
#33980=CYLINDRICAL_SURFACE('',#33970,4.9999999999996880E-01);
#33990=ORIENTED_EDGE('',*,*,#32580,.T.);
#34000=ORIENTED_EDGE('',*,*,#33420,.T.);
#34010=ORIENTED_EDGE('',*,*,#29620,.T.);
#34020=CARTESIAN_POINT('',(-9.3850384503517716E+00,
   1.0133748567783215E+01,0.0000000000000000E+00));
#34030=DIRECTION('',(0.0000000000000000E+00,0.0000000000000000E+00,
   -1.0000000000000000E+00));
#34040=VECTOR('',#34030,1.0000000000000000E+00);
#34050=LINE('',#34020,#34040);
#34060=EDGE_CURVE('',#29520,#32570,#34050,.T.);
#34070=ORIENTED_EDGE('',*,*,#34060,.F.);
#34080=EDGE_LOOP('',(#34070,#34010,#34000,#33990));
#34090=FACE_OUTER_BOUND('',#34080,.T.);
#34100=ADVANCED_FACE('',(#34090),#33980,.F.);
#34110=COLOUR_RGB('',5.0196081399917603E-01,1.0000000000000000E+00,
   5.0196081399917603E-01);
#34120=FILL_AREA_STYLE_COLOUR('',#34110);
#34130=FILL_AREA_STYLE('',(#34120));
#34140=SURFACE_STYLE_FILL_AREA(#34130);
#34150=SURFACE_SIDE_STYLE('',(#34140));
#34160=SURFACE_STYLE_USAGE(.BOTH.,#34150);
#34170=PRESENTATION_STYLE_ASSIGNMENT((#34160));
#34180=CARTESIAN_POINT('',(-3.8068478175015770E+00,
   1.4047395163060948E+01,0.0000000000000000E+00));
#34190=DIRECTION('',(-2.5881904510247805E-01,9.6592582628907986E-01,
   0.0000000000000000E+00));
#34200=DIRECTION('',(9.6592582628907997E-01,2.5881904510247739E-01,
   0.0000000000000000E+00));
#34210=AXIS2_PLACEMENT_3D('',#34180,#34190,#34200);
#34220=CONICAL_SURFACE('',#34210,4.8470094961280280E-01,
   2.6179938779910411E-01);
#34230=ORIENTED_EDGE('',*,*,#12570,.T.);
#34240=CARTESIAN_POINT('',(-3.3386626522437286E+00,
   1.4172844999999997E+01,3.2553001174294822E-32));
#34250=DIRECTION('',(-9.4853327871978885E-16,1.0000000000000000E+00,
   1.7382546260495825E-32));
#34260=VECTOR('',#34250,1.0000000000000000E+00);
#34270=LINE('',#34240,#34260);
#34280=EDGE_CURVE('',#11730,#1080,#34270,.T.);
#34290=ORIENTED_EDGE('',*,*,#34280,.F.);
#34300=ORIENTED_EDGE('',*,*,#1250,.F.);
#34310=EDGE_LOOP('',(#34300,#34290,#34230));
#34320=FACE_OUTER_BOUND('',#34310,.T.);
#34330=ADVANCED_FACE('',(#34320),#34220,.T.);
#34340=COLOUR_RGB('',5.0196081399917603E-01,1.0000000000000000E+00,
   5.0196081399917603E-01);
#34350=FILL_AREA_STYLE_COLOUR('',#34340);
#34360=FILL_AREA_STYLE('',(#34350));
#34370=SURFACE_STYLE_FILL_AREA(#34360);
#34380=SURFACE_SIDE_STYLE('',(#34370));
#34390=SURFACE_STYLE_USAGE(.BOTH.,#34380);
#34400=PRESENTATION_STYLE_ASSIGNMENT((#34390));
#34410=CARTESIAN_POINT('',(-8.9904619999999795E+00,
   8.9728450000000066E+00,0.0000000000000000E+00));
#34420=DIRECTION('',(9.4680524264423249E-01,3.2180713556631402E-01,
   0.0000000000000000E+00));
#34430=DIRECTION('',(3.2180713556631402E-01,-9.4680524264423249E-01,
   0.0000000000000000E+00));
#34440=AXIS2_PLACEMENT_3D('',#34410,#34420,#34430);
#34450=PLANE('',#34440);
#34460=ORIENTED_EDGE('',*,*,#29530,.T.);
#34470=CARTESIAN_POINT('',(-8.9904619999999795E+00,
   8.9728449999999924E+00,0.0000000000000000E+00));
#34480=DIRECTION('',(0.0000000000000000E+00,0.0000000000000000E+00,
   1.0000000000000000E+00));
#34490=VECTOR('',#34480,1.0000000000000000E+00);
#34500=LINE('',#34470,#34490);
#34510=EDGE_CURVE('',#31610,#29440,#34500,.T.);
#34520=ORIENTED_EDGE('',*,*,#34510,.T.);
#34530=ORIENTED_EDGE('',*,*,#32640,.F.);
#34540=ORIENTED_EDGE('',*,*,#34060,.T.);
#34550=EDGE_LOOP('',(#34540,#34530,#34520,#34460));
#34560=FACE_OUTER_BOUND('',#34550,.T.);
#34570=ADVANCED_FACE('',(#34560),#34450,.F.);
#34580=COLOUR_RGB('',5.0196081399917603E-01,1.0000000000000000E+00,
   5.0196081399917603E-01);
#34590=FILL_AREA_STYLE_COLOUR('',#34580);
#34600=FILL_AREA_STYLE('',(#34590));
#34610=SURFACE_STYLE_FILL_AREA(#34600);
#34620=SURFACE_SIDE_STYLE('',(#34610));
#34630=SURFACE_STYLE_USAGE(.BOTH.,#34620);
#34640=PRESENTATION_STYLE_ASSIGNMENT((#34630));
#34650=CARTESIAN_POINT('',(-7.3485817023526252E+00,
   8.9728449999999924E+00,-1.1533082614301637E+00));
#34660=DIRECTION('',(0.0000000000000000E+00,-1.0000000000000000E+00,
   0.0000000000000000E+00));
#34670=DIRECTION('',(1.0000000000000000E+00,0.0000000000000000E+00,
   0.0000000000000000E+00));
#34680=AXIS2_PLACEMENT_3D('',#34650,#34660,#34670);
#34690=PLANE('',#34680);
#34700=ORIENTED_EDGE('',*,*,#30210,.F.);
#34710=ORIENTED_EDGE('',*,*,#31040,.F.);
#34720=ORIENTED_EDGE('',*,*,#31680,.F.);
#34730=ORIENTED_EDGE('',*,*,#34510,.F.);
#34740=EDGE_LOOP('',(#34730,#34720,#34710,#34700));
#34750=FACE_OUTER_BOUND('',#34740,.T.);
#34760=ADVANCED_FACE('',(#34750),#34690,.T.);
#34770=COLOUR_RGB('',5.0196081399917603E-01,1.0000000000000000E+00,
   5.0196081399917603E-01);
#34780=FILL_AREA_STYLE_COLOUR('',#34770);
#34790=FILL_AREA_STYLE('',(#34780));
#34800=SURFACE_STYLE_FILL_AREA(#34790);
#34810=SURFACE_SIDE_STYLE('',(#34800));
#34820=SURFACE_STYLE_USAGE(.BOTH.,#34810);
#34830=PRESENTATION_STYLE_ASSIGNMENT((#34820));
#34840=ORIENTED_EDGE('',*,*,#26170,.F.);
#34850=ORIENTED_EDGE('',*,*,#25680,.T.);
#34860=ORIENTED_EDGE('',*,*,#26640,.T.);
#34870=ORIENTED_EDGE('',*,*,#26480,.T.);
#34880=EDGE_LOOP('',(#34870,#34860,#34850,#34840));
#34890=FACE_OUTER_BOUND('',#34880,.T.);
#34900=ADVANCED_FACE('',(#34890),#26410,.T.);
#34910=COLOUR_RGB('',9.4901967048645020E-01,9.4901967048645020E-01,
   1.0000000000000000E+00);
#34920=FILL_AREA_STYLE_COLOUR('',#34910);
#34930=FILL_AREA_STYLE('',(#34920));
#34940=SURFACE_STYLE_FILL_AREA(#34930);
#34950=SURFACE_SIDE_STYLE('',(#34940));
#34960=SURFACE_STYLE_USAGE(.BOTH.,#34950);
#34970=PRESENTATION_STYLE_ASSIGNMENT((#34960));
#34980=CARTESIAN_POINT('',(-9.1834619999999987E+00,
   5.2728449999999896E+00,3.6813093000933996E+00));
#34990=DIRECTION('',(1.0000000000000000E+00,-0.0000000000000000E+00,
   0.0000000000000000E+00));
#35000=DIRECTION('',(0.0000000000000000E+00,0.0000000000000000E+00,
   -1.0000000000000000E+00));
#35010=AXIS2_PLACEMENT_3D('',#34980,#34990,#35000);
#35020=PLANE('',#35010);
#35030=CARTESIAN_POINT('',(-9.1834619999999987E+00,
   5.2728449999999896E+00,0.0000000000000000E+00));
#35040=DIRECTION('',(0.0000000000000000E+00,0.0000000000000000E+00,
   1.0000000000000000E+00));
#35050=VECTOR('',#35040,1.0000000000000000E+00);
#35060=LINE('',#35030,#35050);
#35070=CARTESIAN_POINT('',(-9.1834619999999987E+00,
   5.2728449999999896E+00,3.6813093000933996E+00));
#35080=VERTEX_POINT('',#35070);
#35090=CARTESIAN_POINT('',(-9.1834619999999987E+00,
   5.2728449999999896E+00,3.8099999999999987E+00));
#35100=VERTEX_POINT('',#35090);
#35110=EDGE_CURVE('',#35080,#35100,#35060,.T.);
#35120=ORIENTED_EDGE('',*,*,#35110,.T.);
#35130=CARTESIAN_POINT('',(-9.1834619999999987E+00,
   5.2728449999999896E+00,3.6813093000933996E+00));
#35140=DIRECTION('',(0.0000000000000000E+00,1.0000000000000000E+00,
   0.0000000000000000E+00));
#35150=VECTOR('',#35140,1.0000000000000000E+00);
#35160=LINE('',#35130,#35150);
#35170=CARTESIAN_POINT('',(-9.1834619999999987E+00,
   9.7728449999999896E+00,3.6813093000933996E+00));
#35180=VERTEX_POINT('',#35170);
#35190=EDGE_CURVE('',#35080,#35180,#35160,.T.);
#35200=ORIENTED_EDGE('',*,*,#35190,.F.);
#35210=CARTESIAN_POINT('',(-9.1834619999999987E+00,
   9.7728449999999896E+00,3.8099999999999987E+00));
#35220=DIRECTION('',(0.0000000000000000E+00,0.0000000000000000E+00,
   -1.0000000000000000E+00));
#35230=VECTOR('',#35220,1.0000000000000000E+00);
#35240=LINE('',#35210,#35230);
#35250=CARTESIAN_POINT('',(-9.1834619999999987E+00,
   9.7728449999999896E+00,3.8099999999999996E+00));
#35260=VERTEX_POINT('',#35250);
#35270=EDGE_CURVE('',#35260,#35180,#35240,.T.);
#35280=ORIENTED_EDGE('',*,*,#35270,.T.);
#35290=CARTESIAN_POINT('',(-9.1834619999999987E+00,
   0.0000000000000000E+00,3.8099999999999996E+00));
#35300=DIRECTION('',(0.0000000000000000E+00,1.0000000000000000E+00,
   0.0000000000000000E+00));
#35310=VECTOR('',#35300,1.0000000000000000E+00);
#35320=LINE('',#35290,#35310);
#35330=EDGE_CURVE('',#35100,#35260,#35320,.T.);
#35340=ORIENTED_EDGE('',*,*,#35330,.T.);
#35350=EDGE_LOOP('',(#35340,#35280,#35200,#35120));
#35360=FACE_OUTER_BOUND('',#35350,.T.);
#35370=ADVANCED_FACE('',(#35360),#35020,.F.);
#35380=COLOUR_RGB('',5.0196081399917603E-01,1.0000000000000000E+00,
   5.0196081399917603E-01);
#35390=FILL_AREA_STYLE_COLOUR('',#35380);
#35400=FILL_AREA_STYLE('',(#35390));
#35410=SURFACE_STYLE_FILL_AREA(#35400);
#35420=SURFACE_SIDE_STYLE('',(#35410));
#35430=SURFACE_STYLE_USAGE(.BOTH.,#35420);
#35440=PRESENTATION_STYLE_ASSIGNMENT((#35430));
#35450=CARTESIAN_POINT('',(-9.0335026563840088E+00,
   5.2728449999999896E+00,3.5029743131132101E+00));
#35460=DIRECTION('',(7.6537089760067067E-01,-0.0000000000000000E+00,
   6.4358945695679626E-01));
#35470=DIRECTION('',(6.4358945695679626E-01,0.0000000000000000E+00,
   -7.6537089760067067E-01));
#35480=AXIS2_PLACEMENT_3D('',#35450,#35460,#35470);
#35490=PLANE('',#35480);
#35500=CARTESIAN_POINT('',(-6.0879015850895470E+00,
   5.2728449999999896E+00,0.0000000000000000E+00));
#35510=DIRECTION('',(-6.4358945695679626E-01,0.0000000000000000E+00,
   7.6537089760067067E-01));
#35520=VECTOR('',#35510,1.0000000000000000E+00);
#35530=LINE('',#35500,#35520);
#35540=CARTESIAN_POINT('',(-9.0335026563840088E+00,
   5.2728449999999896E+00,3.5029743131132109E+00));
#35550=VERTEX_POINT('',#35540);
#35560=EDGE_CURVE('',#35550,#35080,#35530,.T.);
#35570=ORIENTED_EDGE('',*,*,#35560,.T.);
#35580=CARTESIAN_POINT('',(-9.0335026563840088E+00,
   5.2728449999999896E+00,3.5029743131132101E+00));
#35590=DIRECTION('',(0.0000000000000000E+00,1.0000000000000000E+00,
   0.0000000000000000E+00));
#35600=VECTOR('',#35590,1.0000000000000000E+00);
#35610=LINE('',#35580,#35600);
#35620=CARTESIAN_POINT('',(-9.0335026563840088E+00,
   9.7728449999999896E+00,3.5029743131132101E+00));
#35630=VERTEX_POINT('',#35620);
#35640=EDGE_CURVE('',#35550,#35630,#35610,.T.);
#35650=ORIENTED_EDGE('',*,*,#35640,.F.);
#35660=CARTESIAN_POINT('',(-9.1834619999999987E+00,
   9.7728449999999896E+00,3.6813093000933996E+00));
#35670=DIRECTION('',(6.4358945695679626E-01,0.0000000000000000E+00,
   -7.6537089760067067E-01));
#35680=VECTOR('',#35670,1.0000000000000000E+00);
#35690=LINE('',#35660,#35680);
#35700=EDGE_CURVE('',#35180,#35630,#35690,.T.);
#35710=ORIENTED_EDGE('',*,*,#35700,.T.);
#35720=ORIENTED_EDGE('',*,*,#35190,.T.);
#35730=EDGE_LOOP('',(#35720,#35710,#35650,#35570));
#35740=FACE_OUTER_BOUND('',#35730,.T.);
#35750=ADVANCED_FACE('',(#35740),#35490,.F.);
#35760=COLOUR_RGB('',5.0196081399917603E-01,1.0000000000000000E+00,
   5.0196081399917603E-01);
#35770=FILL_AREA_STYLE_COLOUR('',#35760);
#35780=FILL_AREA_STYLE('',(#35770));
#35790=SURFACE_STYLE_FILL_AREA(#35780);
#35800=SURFACE_SIDE_STYLE('',(#35790));
#35810=SURFACE_STYLE_USAGE(.BOTH.,#35800);
#35820=PRESENTATION_STYLE_ASSIGNMENT((#35810));
#35830=CARTESIAN_POINT('',(-9.0335026563840088E+00,
   5.2728449999999896E+00,3.2400000000001192E+00));
#35840=DIRECTION('',(1.0000000000000000E+00,-0.0000000000000000E+00,
   0.0000000000000000E+00));
#35850=DIRECTION('',(0.0000000000000000E+00,0.0000000000000000E+00,
   -1.0000000000000000E+00));
#35860=AXIS2_PLACEMENT_3D('',#35830,#35840,#35850);
#35870=PLANE('',#35860);
#35880=CARTESIAN_POINT('',(-9.0335026563840088E+00,
   5.2728449999999896E+00,0.0000000000000000E+00));
#35890=DIRECTION('',(0.0000000000000000E+00,0.0000000000000000E+00,
   1.0000000000000000E+00));
#35900=VECTOR('',#35890,1.0000000000000000E+00);
#35910=LINE('',#35880,#35900);
#35920=CARTESIAN_POINT('',(-9.0335026563840088E+00,
   5.2728449999999896E+00,3.2400000000001192E+00));
#35930=VERTEX_POINT('',#35920);
#35940=EDGE_CURVE('',#35930,#35550,#35910,.T.);
#35950=ORIENTED_EDGE('',*,*,#35940,.T.);
#35960=CARTESIAN_POINT('',(-9.0335026563840088E+00,
   5.2728449999999896E+00,3.2400000000001192E+00));
#35970=DIRECTION('',(0.0000000000000000E+00,1.0000000000000000E+00,
   0.0000000000000000E+00));
#35980=VECTOR('',#35970,1.0000000000000000E+00);
#35990=LINE('',#35960,#35980);
#36000=CARTESIAN_POINT('',(-9.0335026563840088E+00,
   9.7728449999999896E+00,3.2400000000001192E+00));
#36010=VERTEX_POINT('',#36000);
#36020=EDGE_CURVE('',#35930,#36010,#35990,.T.);
#36030=ORIENTED_EDGE('',*,*,#36020,.F.);
#36040=CARTESIAN_POINT('',(-9.0335026563840088E+00,
   9.7728449999999896E+00,3.5029743131132101E+00));
#36050=DIRECTION('',(0.0000000000000000E+00,0.0000000000000000E+00,
   -1.0000000000000000E+00));
#36060=VECTOR('',#36050,1.0000000000000000E+00);
#36070=LINE('',#36040,#36060);
#36080=EDGE_CURVE('',#35630,#36010,#36070,.T.);
#36090=ORIENTED_EDGE('',*,*,#36080,.T.);
#36100=ORIENTED_EDGE('',*,*,#35640,.T.);
#36110=EDGE_LOOP('',(#36100,#36090,#36030,#35950));
#36120=FACE_OUTER_BOUND('',#36110,.T.);
#36130=ADVANCED_FACE('',(#36120),#35870,.F.);
#36140=COLOUR_RGB('',5.0196081399917603E-01,1.0000000000000000E+00,
   5.0196081399917603E-01);
#36150=FILL_AREA_STYLE_COLOUR('',#36140);
#36160=FILL_AREA_STYLE('',(#36150));
#36170=SURFACE_STYLE_FILL_AREA(#36160);
#36180=SURFACE_SIDE_STYLE('',(#36170));
#36190=SURFACE_STYLE_USAGE(.BOTH.,#36180);
#36200=PRESENTATION_STYLE_ASSIGNMENT((#36190));
#36210=CARTESIAN_POINT('',(-9.7474213436161463E+00,
   5.2728449999999896E+00,3.2400000000001192E+00));
#36220=DIRECTION('',(0.0000000000000000E+00,0.0000000000000000E+00,
   -1.0000000000000000E+00));
#36230=DIRECTION('',(-1.0000000000000000E+00,0.0000000000000000E+00,
   0.0000000000000000E+00));
#36240=AXIS2_PLACEMENT_3D('',#36210,#36220,#36230);
#36250=PLANE('',#36240);
#36260=CARTESIAN_POINT('',(0.0000000000000000E+00,5.2728449999999896E+00
   ,3.2400000000001192E+00));
#36270=DIRECTION('',(1.0000000000000000E+00,0.0000000000000000E+00,
   0.0000000000000000E+00));
#36280=VECTOR('',#36270,1.0000000000000000E+00);
#36290=LINE('',#36260,#36280);
#36300=CARTESIAN_POINT('',(-9.7474213436161463E+00,
   5.2728449999999896E+00,3.2400000000001192E+00));
#36310=VERTEX_POINT('',#36300);
#36320=EDGE_CURVE('',#36310,#35930,#36290,.T.);
#36330=ORIENTED_EDGE('',*,*,#36320,.T.);
#36340=CARTESIAN_POINT('',(-9.7474213436161463E+00,
   5.2728449999999896E+00,3.2400000000001192E+00));
#36350=DIRECTION('',(0.0000000000000000E+00,1.0000000000000000E+00,
   0.0000000000000000E+00));
#36360=VECTOR('',#36350,1.0000000000000000E+00);
#36370=LINE('',#36340,#36360);
#36380=CARTESIAN_POINT('',(-9.7474213436161463E+00,
   9.7728449999999896E+00,3.2400000000001192E+00));
#36390=VERTEX_POINT('',#36380);
#36400=EDGE_CURVE('',#36310,#36390,#36370,.T.);
#36410=ORIENTED_EDGE('',*,*,#36400,.F.);
#36420=CARTESIAN_POINT('',(-9.0335026563840088E+00,
   9.7728449999999896E+00,3.2400000000001192E+00));
#36430=DIRECTION('',(-1.0000000000000000E+00,0.0000000000000000E+00,
   0.0000000000000000E+00));
#36440=VECTOR('',#36430,1.0000000000000000E+00);
#36450=LINE('',#36420,#36440);
#36460=EDGE_CURVE('',#36010,#36390,#36450,.T.);
#36470=ORIENTED_EDGE('',*,*,#36460,.T.);
#36480=ORIENTED_EDGE('',*,*,#36020,.T.);
#36490=EDGE_LOOP('',(#36480,#36470,#36410,#36330));
#36500=FACE_OUTER_BOUND('',#36490,.T.);
#36510=ADVANCED_FACE('',(#36500),#36250,.F.);
#36520=COLOUR_RGB('',5.0196081399917603E-01,1.0000000000000000E+00,
   5.0196081399917603E-01);
#36530=FILL_AREA_STYLE_COLOUR('',#36520);
#36540=FILL_AREA_STYLE('',(#36530));
#36550=SURFACE_STYLE_FILL_AREA(#36540);
#36560=SURFACE_SIDE_STYLE('',(#36550));
#36570=SURFACE_STYLE_USAGE(.BOTH.,#36560);
#36580=PRESENTATION_STYLE_ASSIGNMENT((#36570));
#36590=CARTESIAN_POINT('',(-9.7474213436161463E+00,
   5.2728449999999896E+00,3.5029743131132101E+00));
#36600=DIRECTION('',(-1.0000000000000000E+00,0.0000000000000000E+00,
   0.0000000000000000E+00));
#36610=DIRECTION('',(0.0000000000000000E+00,0.0000000000000000E+00,
   1.0000000000000000E+00));
#36620=AXIS2_PLACEMENT_3D('',#36590,#36600,#36610);
#36630=PLANE('',#36620);
#36640=CARTESIAN_POINT('',(-9.7474213436161463E+00,
   5.2728449999999896E+00,0.0000000000000000E+00));
#36650=DIRECTION('',(0.0000000000000000E+00,0.0000000000000000E+00,
   -1.0000000000000000E+00));
#36660=VECTOR('',#36650,1.0000000000000000E+00);
#36670=LINE('',#36640,#36660);
#36680=CARTESIAN_POINT('',(-9.7474213436161463E+00,
   5.2728449999999896E+00,3.5029743131132101E+00));
#36690=VERTEX_POINT('',#36680);
#36700=EDGE_CURVE('',#36690,#36310,#36670,.T.);
#36710=ORIENTED_EDGE('',*,*,#36700,.T.);
#36720=CARTESIAN_POINT('',(-9.7474213436161463E+00,
   5.2728449999999896E+00,3.5029743131132101E+00));
#36730=DIRECTION('',(0.0000000000000000E+00,1.0000000000000000E+00,
   0.0000000000000000E+00));
#36740=VECTOR('',#36730,1.0000000000000000E+00);
#36750=LINE('',#36720,#36740);
#36760=CARTESIAN_POINT('',(-9.7474213436161463E+00,
   9.7728449999999896E+00,3.5029743131132101E+00));
#36770=VERTEX_POINT('',#36760);
#36780=EDGE_CURVE('',#36690,#36770,#36750,.T.);
#36790=ORIENTED_EDGE('',*,*,#36780,.F.);
#36800=CARTESIAN_POINT('',(-9.7474213436161463E+00,
   9.7728449999999896E+00,3.2400000000001192E+00));
#36810=DIRECTION('',(0.0000000000000000E+00,0.0000000000000000E+00,
   1.0000000000000000E+00));
#36820=VECTOR('',#36810,1.0000000000000000E+00);
#36830=LINE('',#36800,#36820);
#36840=EDGE_CURVE('',#36390,#36770,#36830,.T.);
#36850=ORIENTED_EDGE('',*,*,#36840,.T.);
#36860=ORIENTED_EDGE('',*,*,#36400,.T.);
#36870=EDGE_LOOP('',(#36860,#36850,#36790,#36710));
#36880=FACE_OUTER_BOUND('',#36870,.T.);
#36890=ADVANCED_FACE('',(#36880),#36630,.F.);
#36900=COLOUR_RGB('',5.0196081399917603E-01,1.0000000000000000E+00,
   5.0196081399917603E-01);
#36910=FILL_AREA_STYLE_COLOUR('',#36900);
#36920=FILL_AREA_STYLE('',(#36910));
#36930=SURFACE_STYLE_FILL_AREA(#36920);
#36940=SURFACE_SIDE_STYLE('',(#36930));
#36950=SURFACE_STYLE_USAGE(.BOTH.,#36940);
#36960=PRESENTATION_STYLE_ASSIGNMENT((#36950));
#36970=CARTESIAN_POINT('',(-9.5974620000000428E+00,
   5.2728449999999896E+00,3.8099999999999987E+00));
#36980=DIRECTION('',(-1.0000000000000000E+00,0.0000000000000000E+00,
   0.0000000000000000E+00));
#36990=DIRECTION('',(0.0000000000000000E+00,0.0000000000000000E+00,
   1.0000000000000000E+00));
#37000=AXIS2_PLACEMENT_3D('',#36970,#36980,#36990);
#37010=PLANE('',#37000);
#37020=CARTESIAN_POINT('',(-9.5974620000000428E+00,
   5.2728449999999896E+00,0.0000000000000000E+00));
#37030=DIRECTION('',(0.0000000000000000E+00,0.0000000000000000E+00,
   -1.0000000000000000E+00));
#37040=VECTOR('',#37030,1.0000000000000000E+00);
#37050=LINE('',#37020,#37040);
#37060=CARTESIAN_POINT('',(-9.5974620000000428E+00,
   5.2728449999999896E+00,3.8099999999999996E+00));
#37070=VERTEX_POINT('',#37060);
#37080=CARTESIAN_POINT('',(-9.5974620000000428E+00,
   5.2728449999999896E+00,3.6813093000933996E+00));
#37090=VERTEX_POINT('',#37080);
#37100=EDGE_CURVE('',#37070,#37090,#37050,.T.);
#37110=ORIENTED_EDGE('',*,*,#37100,.T.);
#37120=CARTESIAN_POINT('',(-9.5974620000000428E+00,
   0.0000000000000000E+00,3.8099999999999996E+00));
#37130=DIRECTION('',(0.0000000000000000E+00,-1.0000000000000000E+00,
   0.0000000000000000E+00));
#37140=VECTOR('',#37130,1.0000000000000000E+00);
#37150=LINE('',#37120,#37140);
#37160=CARTESIAN_POINT('',(-9.5974620000000428E+00,
   9.7728449999999896E+00,3.8099999999999996E+00));
#37170=VERTEX_POINT('',#37160);
#37180=EDGE_CURVE('',#37170,#37070,#37150,.T.);
#37190=ORIENTED_EDGE('',*,*,#37180,.T.);
#37200=CARTESIAN_POINT('',(-9.5974620000000428E+00,
   9.7728449999999896E+00,3.6813093000933996E+00));
#37210=DIRECTION('',(0.0000000000000000E+00,0.0000000000000000E+00,
   1.0000000000000000E+00));
#37220=VECTOR('',#37210,1.0000000000000000E+00);
#37230=LINE('',#37200,#37220);
#37240=CARTESIAN_POINT('',(-9.5974620000000428E+00,
   9.7728449999999896E+00,3.6813093000933996E+00));
#37250=VERTEX_POINT('',#37240);
#37260=EDGE_CURVE('',#37250,#37170,#37230,.T.);
#37270=ORIENTED_EDGE('',*,*,#37260,.T.);
#37280=CARTESIAN_POINT('',(-9.5974620000000428E+00,
   5.2728449999999896E+00,3.6813093000933996E+00));
#37290=DIRECTION('',(0.0000000000000000E+00,1.0000000000000000E+00,
   0.0000000000000000E+00));
#37300=VECTOR('',#37290,1.0000000000000000E+00);
#37310=LINE('',#37280,#37300);
#37320=EDGE_CURVE('',#37090,#37250,#37310,.T.);
#37330=ORIENTED_EDGE('',*,*,#37320,.T.);
#37340=EDGE_LOOP('',(#37330,#37270,#37190,#37110));
#37350=FACE_OUTER_BOUND('',#37340,.T.);
#37360=ADVANCED_FACE('',(#37350),#37010,.F.);
#37370=COLOUR_RGB('',5.0196081399917603E-01,1.0000000000000000E+00,
   5.0196081399917603E-01);
#37380=FILL_AREA_STYLE_COLOUR('',#37370);
#37390=FILL_AREA_STYLE('',(#37380));
#37400=SURFACE_STYLE_FILL_AREA(#37390);
#37410=SURFACE_SIDE_STYLE('',(#37400));
#37420=SURFACE_STYLE_USAGE(.BOTH.,#37410);
#37430=PRESENTATION_STYLE_ASSIGNMENT((#37420));
#37440=CARTESIAN_POINT('',(-9.5974620000000428E+00,
   5.2728449999999896E+00,3.6813093000933996E+00));
#37450=DIRECTION('',(-7.6537089760043031E-01,0.0000000000000000E+00,
   6.4358945695708214E-01));
#37460=DIRECTION('',(6.4358945695708214E-01,0.0000000000000000E+00,
   7.6537089760043031E-01));
#37470=AXIS2_PLACEMENT_3D('',#37440,#37450,#37460);
#37480=PLANE('',#37470);
#37490=CARTESIAN_POINT('',(-1.2693022414912839E+01,
   5.2728449999999896E+00,0.0000000000000000E+00));
#37500=DIRECTION('',(-6.4358945695708214E-01,0.0000000000000000E+00,
   -7.6537089760043031E-01));
#37510=VECTOR('',#37500,1.0000000000000000E+00);
#37520=LINE('',#37490,#37510);
#37530=EDGE_CURVE('',#37090,#36690,#37520,.T.);
#37540=ORIENTED_EDGE('',*,*,#37530,.T.);
#37550=ORIENTED_EDGE('',*,*,#37320,.F.);
#37560=CARTESIAN_POINT('',(-9.7474213436161463E+00,
   9.7728449999999896E+00,3.5029743131132101E+00));
#37570=DIRECTION('',(6.4358945695708214E-01,0.0000000000000000E+00,
   7.6537089760043031E-01));
#37580=VECTOR('',#37570,1.0000000000000000E+00);
#37590=LINE('',#37560,#37580);
#37600=EDGE_CURVE('',#36770,#37250,#37590,.T.);
#37610=ORIENTED_EDGE('',*,*,#37600,.T.);
#37620=ORIENTED_EDGE('',*,*,#36780,.T.);
#37630=EDGE_LOOP('',(#37620,#37610,#37550,#37540));
#37640=FACE_OUTER_BOUND('',#37630,.T.);
#37650=ADVANCED_FACE('',(#37640),#37480,.F.);
#37660=COLOUR_RGB('',5.0196081399917603E-01,1.0000000000000000E+00,
   5.0196081399917603E-01);
#37670=FILL_AREA_STYLE_COLOUR('',#37660);
#37680=FILL_AREA_STYLE('',(#37670));
#37690=SURFACE_STYLE_FILL_AREA(#37680);
#37700=SURFACE_SIDE_STYLE('',(#37690));
#37710=SURFACE_STYLE_USAGE(.BOTH.,#37700);
#37720=PRESENTATION_STYLE_ASSIGNMENT((#37710));
#37730=CARTESIAN_POINT('',(-7.2271199603191008E+00,
   9.7728449999999896E+00,-4.7968718412656788E+00));
#37740=DIRECTION('',(0.0000000000000000E+00,-1.0000000000000000E+00,
   0.0000000000000000E+00));
#37750=DIRECTION('',(1.0000000000000000E+00,0.0000000000000000E+00,
   0.0000000000000000E+00));
#37760=AXIS2_PLACEMENT_3D('',#37730,#37740,#37750);
#37770=PLANE('',#37760);
#37780=ORIENTED_EDGE('',*,*,#35270,.F.);
#37790=ORIENTED_EDGE('',*,*,#35700,.F.);
#37800=ORIENTED_EDGE('',*,*,#36080,.F.);
#37810=ORIENTED_EDGE('',*,*,#36460,.F.);
#37820=ORIENTED_EDGE('',*,*,#36840,.F.);
#37830=ORIENTED_EDGE('',*,*,#37600,.F.);
#37840=ORIENTED_EDGE('',*,*,#37260,.F.);
#37850=CARTESIAN_POINT('',(0.0000000000000000E+00,9.7728449999999896E+00
   ,3.8099999999999996E+00));
#37860=DIRECTION('',(1.0000000000000000E+00,0.0000000000000000E+00,
   0.0000000000000000E+00));
#37870=VECTOR('',#37860,1.0000000000000000E+00);
#37880=LINE('',#37850,#37870);
#37890=EDGE_CURVE('',#37170,#35260,#37880,.T.);
#37900=ORIENTED_EDGE('',*,*,#37890,.F.);
#37910=EDGE_LOOP('',(#37900,#37840,#37830,#37820,#37810,#37800,#37790,
   #37780));
#37920=FACE_OUTER_BOUND('',#37910,.T.);
#37930=ADVANCED_FACE('',(#37920),#37770,.T.);
#37940=COLOUR_RGB('',5.0196081399917603E-01,1.0000000000000000E+00,
   5.0196081399917603E-01);
#37950=FILL_AREA_STYLE_COLOUR('',#37940);
#37960=FILL_AREA_STYLE('',(#37950));
#37970=SURFACE_STYLE_FILL_AREA(#37960);
#37980=SURFACE_SIDE_STYLE('',(#37970));
#37990=SURFACE_STYLE_USAGE(.BOTH.,#37980);
#38000=PRESENTATION_STYLE_ASSIGNMENT((#37990));
#38010=CARTESIAN_POINT('',(0.0000000000000000E+00,0.0000000000000000E+00
   ,3.8099999999999996E+00));
#38020=DIRECTION('',(0.0000000000000000E+00,0.0000000000000000E+00,
   1.0000000000000000E+00));
#38030=DIRECTION('',(1.0000000000000000E+00,0.0000000000000000E+00,
   0.0000000000000000E+00));
#38040=AXIS2_PLACEMENT_3D('',#38010,#38020,#38030);
#38050=PLANE('',#38040);
#38060=ORIENTED_EDGE('',*,*,#14050,.T.);
#38070=CARTESIAN_POINT('',(-1.0290461999999991E+01,
   5.2728449999999896E+00,3.8099999999999996E+00));
#38080=DIRECTION('',(1.0000000000000000E+00,0.0000000000000000E+00,
   0.0000000000000000E+00));
#38090=VECTOR('',#38080,1.0000000000000000E+00);
#38100=LINE('',#38070,#38090);
#38110=EDGE_CURVE('',#35100,#13980,#38100,.T.);
#38120=ORIENTED_EDGE('',*,*,#38110,.T.);
#38130=ORIENTED_EDGE('',*,*,#35330,.F.);
#38140=ORIENTED_EDGE('',*,*,#37890,.T.);
#38150=ORIENTED_EDGE('',*,*,#37180,.F.);
#38160=EDGE_CURVE('',#33130,#37070,#38100,.T.);
#38170=ORIENTED_EDGE('',*,*,#38160,.T.);
#38180=ORIENTED_EDGE('',*,*,#33140,.T.);
#38190=ORIENTED_EDGE('',*,*,#28560,.T.);
#38200=ORIENTED_EDGE('',*,*,#18520,.T.);
#38210=ORIENTED_EDGE('',*,*,#27810,.T.);
#38220=ORIENTED_EDGE('',*,*,#7220,.T.);
#38230=ORIENTED_EDGE('',*,*,#31350,.T.);
#38240=ORIENTED_EDGE('',*,*,#14320,.T.);
#38250=ORIENTED_EDGE('',*,*,#13690,.T.);
#38260=EDGE_LOOP('',(#38250,#38240,#38230,#38220,#38210,#38200,#38190,
   #38180,#38170,#38150,#38140,#38130,#38120,#38060));
#38270=FACE_OUTER_BOUND('',#38260,.T.);
#38280=CARTESIAN_POINT('',(-2.6904620000000108E+00,
   0.0000000000000000E+00,3.8099999999999996E+00));
#38290=DIRECTION('',(0.0000000000000000E+00,1.0000000000000000E+00,
   0.0000000000000000E+00));
#38300=VECTOR('',#38290,1.0000000000000000E+00);
#38310=LINE('',#38280,#38300);
#38320=CARTESIAN_POINT('',(-2.6904620000000889E+00,
   5.9836408125779101E+00,3.8099999999999996E+00));
#38330=VERTEX_POINT('',#38320);
#38340=CARTESIAN_POINT('',(-2.6904620000000108E+00,
   8.5620491874220690E+00,3.8099999999999996E+00));
#38350=VERTEX_POINT('',#38340);
#38360=EDGE_CURVE('',#38330,#38350,#38310,.T.);
#38370=ORIENTED_EDGE('',*,*,#38360,.F.);
#38380=CARTESIAN_POINT('',(-2.9012578125780095E+00,
   8.5620491874220690E+00,3.8099999999999996E+00));
#38390=DIRECTION('',(0.0000000000000000E+00,0.0000000000000000E+00,
   1.0000000000000000E+00));
#38400=DIRECTION('',(1.0000000000000000E+00,0.0000000000000000E+00,
   0.0000000000000000E+00));
#38410=AXIS2_PLACEMENT_3D('',#38380,#38390,#38400);
#38420=CIRCLE('',#38410,2.1079581257799873E-01);
#38430=CARTESIAN_POINT('',(-2.9012578125780095E+00,
   8.7728449999999896E+00,3.8099999999999996E+00));
#38440=VERTEX_POINT('',#38430);
#38450=EDGE_CURVE('',#38350,#38440,#38420,.T.);
#38460=ORIENTED_EDGE('',*,*,#38450,.F.);
#38470=CARTESIAN_POINT('',(0.0000000000000000E+00,8.7728449999999896E+00
   ,3.8099999999999996E+00));
#38480=DIRECTION('',(-1.0000000000000000E+00,0.0000000000000000E+00,
   0.0000000000000000E+00));
#38490=VECTOR('',#38480,1.0000000000000000E+00);
#38500=LINE('',#38470,#38490);
#38510=CARTESIAN_POINT('',(-5.4796661874220121E+00,
   8.7728449999999896E+00,3.8099999999999996E+00));
#38520=VERTEX_POINT('',#38510);
#38530=EDGE_CURVE('',#38440,#38520,#38500,.T.);
#38540=ORIENTED_EDGE('',*,*,#38530,.F.);
#38550=CARTESIAN_POINT('',(-5.4796661874220121E+00,
   8.5620491874220690E+00,3.8099999999999996E+00));
#38560=DIRECTION('',(0.0000000000000000E+00,0.0000000000000000E+00,
   1.0000000000000000E+00));
#38570=DIRECTION('',(1.0000000000000000E+00,0.0000000000000000E+00,
   0.0000000000000000E+00));
#38580=AXIS2_PLACEMENT_3D('',#38550,#38560,#38570);
#38590=CIRCLE('',#38580,2.1079581257792057E-01);
#38600=CARTESIAN_POINT('',(-5.6904619999999326E+00,
   8.5620491874220690E+00,3.8099999999999996E+00));
#38610=VERTEX_POINT('',#38600);
#38620=EDGE_CURVE('',#38520,#38610,#38590,.T.);
#38630=ORIENTED_EDGE('',*,*,#38620,.F.);
#38640=CARTESIAN_POINT('',(-5.6904620000000108E+00,
   0.0000000000000000E+00,3.8099999999999996E+00));
#38650=DIRECTION('',(0.0000000000000000E+00,-1.0000000000000000E+00,
   0.0000000000000000E+00));
#38660=VECTOR('',#38650,1.0000000000000000E+00);
#38670=LINE('',#38640,#38660);
#38680=CARTESIAN_POINT('',(-5.6904620000000108E+00,
   5.9836408125779101E+00,3.8099999999999996E+00));
#38690=VERTEX_POINT('',#38680);
#38700=EDGE_CURVE('',#38610,#38690,#38670,.T.);
#38710=ORIENTED_EDGE('',*,*,#38700,.F.);
#38720=CARTESIAN_POINT('',(-5.4796661874220121E+00,
   5.9836408125779101E+00,3.8099999999999996E+00));
#38730=DIRECTION('',(0.0000000000000000E+00,0.0000000000000000E+00,
   1.0000000000000000E+00));
#38740=DIRECTION('',(1.0000000000000000E+00,0.0000000000000000E+00,
   0.0000000000000000E+00));
#38750=AXIS2_PLACEMENT_3D('',#38720,#38730,#38740);
#38760=CIRCLE('',#38750,2.1079581257799873E-01);
#38770=CARTESIAN_POINT('',(-5.4796661874220121E+00,
   5.7728449999999896E+00,3.8099999999999996E+00));
#38780=VERTEX_POINT('',#38770);
#38790=EDGE_CURVE('',#38690,#38780,#38760,.T.);
#38800=ORIENTED_EDGE('',*,*,#38790,.F.);
#38810=CARTESIAN_POINT('',(0.0000000000000000E+00,5.7728449999999896E+00
   ,3.8099999999999996E+00));
#38820=DIRECTION('',(1.0000000000000000E+00,0.0000000000000000E+00,
   0.0000000000000000E+00));
#38830=VECTOR('',#38820,1.0000000000000000E+00);
#38840=LINE('',#38810,#38830);
#38850=CARTESIAN_POINT('',(-2.9012578125780095E+00,
   5.7728449999999896E+00,3.8099999999999996E+00));
#38860=VERTEX_POINT('',#38850);
#38870=EDGE_CURVE('',#38780,#38860,#38840,.T.);
#38880=ORIENTED_EDGE('',*,*,#38870,.F.);
#38890=CARTESIAN_POINT('',(-2.9012578125780095E+00,
   5.9836408125779101E+00,3.8099999999999996E+00));
#38900=DIRECTION('',(0.0000000000000000E+00,0.0000000000000000E+00,
   1.0000000000000000E+00));
#38910=DIRECTION('',(1.0000000000000000E+00,0.0000000000000000E+00,
   0.0000000000000000E+00));
#38920=AXIS2_PLACEMENT_3D('',#38890,#38900,#38910);
#38930=CIRCLE('',#38920,2.1079581257792057E-01);
#38940=EDGE_CURVE('',#38860,#38330,#38930,.T.);
#38950=ORIENTED_EDGE('',*,*,#38940,.F.);
#38960=EDGE_LOOP('',(#38950,#38880,#38800,#38710,#38630,#38540,#38460,
   #38370));
#38970=FACE_BOUND('',#38960,.T.);
#38980=ADVANCED_FACE('',(#38270,#38970),#38050,.T.);
#38990=COLOUR_RGB('',5.0196081399917603E-01,1.0000000000000000E+00,
   5.0196081399917603E-01);
#39000=FILL_AREA_STYLE_COLOUR('',#38990);
#39010=FILL_AREA_STYLE('',(#39000));
#39020=SURFACE_STYLE_FILL_AREA(#39010);
#39030=SURFACE_SIDE_STYLE('',(#39020));
#39040=SURFACE_STYLE_USAGE(.BOTH.,#39030);
#39050=PRESENTATION_STYLE_ASSIGNMENT((#39040));
#39060=CARTESIAN_POINT('',(-5.4796661874220121E+00,
   5.7728449999999896E+00,3.8099999999999996E+00));
#39070=DIRECTION('',(-0.0000000000000000E+00,-1.0000000000000000E+00,
   -0.0000000000000000E+00));
#39080=DIRECTION('',(-1.0000000000000000E+00,0.0000000000000000E+00,
   0.0000000000000000E+00));
#39090=AXIS2_PLACEMENT_3D('',#39060,#39070,#39080);
#39100=PLANE('',#39090);
#39110=ORIENTED_EDGE('',*,*,#38870,.T.);
#39120=CARTESIAN_POINT('',(-5.4796661874220121E+00,
   5.7728449999999896E+00,3.8099999999999996E+00));
#39130=DIRECTION('',(0.0000000000000000E+00,0.0000000000000000E+00,
   -1.0000000000000000E+00));
#39140=VECTOR('',#39130,1.0000000000000000E+00);
#39150=LINE('',#39120,#39140);
#39160=CARTESIAN_POINT('',(-5.4796661874220121E+00,
   5.7728449999999896E+00,3.7100000000000000E+00));
#39170=VERTEX_POINT('',#39160);
#39180=EDGE_CURVE('',#38780,#39170,#39150,.T.);
#39190=ORIENTED_EDGE('',*,*,#39180,.F.);
#39200=CARTESIAN_POINT('',(-2.9012578125780095E+00,
   5.7728449999999896E+00,3.7100000000000000E+00));
#39210=DIRECTION('',(-1.0000000000000000E+00,0.0000000000000000E+00,
   0.0000000000000000E+00));
#39220=VECTOR('',#39210,1.0000000000000000E+00);
#39230=LINE('',#39200,#39220);
#39240=CARTESIAN_POINT('',(-2.9012578125780095E+00,
   5.7728449999999896E+00,3.7100000000000000E+00));
#39250=VERTEX_POINT('',#39240);
#39260=EDGE_CURVE('',#39250,#39170,#39230,.T.);
#39270=ORIENTED_EDGE('',*,*,#39260,.T.);
#39280=CARTESIAN_POINT('',(-2.9012578125780095E+00,
   5.7728449999999896E+00,3.8099999999999996E+00));
#39290=DIRECTION('',(0.0000000000000000E+00,0.0000000000000000E+00,
   -1.0000000000000000E+00));
#39300=VECTOR('',#39290,1.0000000000000000E+00);
#39310=LINE('',#39280,#39300);
#39320=EDGE_CURVE('',#38860,#39250,#39310,.T.);
#39330=ORIENTED_EDGE('',*,*,#39320,.T.);
#39340=EDGE_LOOP('',(#39330,#39270,#39190,#39110));
#39350=FACE_OUTER_BOUND('',#39340,.T.);
#39360=ADVANCED_FACE('',(#39350),#39100,.F.);
#39370=COLOUR_RGB('',5.0196081399917603E-01,1.0000000000000000E+00,
   5.0196081399917603E-01);
#39380=FILL_AREA_STYLE_COLOUR('',#39370);
#39390=FILL_AREA_STYLE('',(#39380));
#39400=SURFACE_STYLE_FILL_AREA(#39390);
#39410=SURFACE_SIDE_STYLE('',(#39400));
#39420=SURFACE_STYLE_USAGE(.BOTH.,#39410);
#39430=PRESENTATION_STYLE_ASSIGNMENT((#39420));
#39440=CARTESIAN_POINT('',(-5.4796661874220121E+00,
   5.9836408125779101E+00,3.8099999999999996E+00));
#39450=DIRECTION('',(0.0000000000000000E+00,0.0000000000000000E+00,
   1.0000000000000000E+00));
#39460=DIRECTION('',(1.0000000000000000E+00,0.0000000000000000E+00,
   0.0000000000000000E+00));
#39470=AXIS2_PLACEMENT_3D('',#39440,#39450,#39460);
#39480=CYLINDRICAL_SURFACE('',#39470,2.1079581257799873E-01);
#39490=ORIENTED_EDGE('',*,*,#38790,.T.);
#39500=CARTESIAN_POINT('',(-5.6904620000000108E+00,
   5.9836408125779101E+00,3.8099999999999996E+00));
#39510=DIRECTION('',(0.0000000000000000E+00,0.0000000000000000E+00,
   1.0000000000000000E+00));
#39520=VECTOR('',#39510,1.0000000000000000E+00);
#39530=LINE('',#39500,#39520);
#39540=CARTESIAN_POINT('',(-5.6904620000000108E+00,
   5.9836408125779101E+00,3.7100000000000000E+00));
#39550=VERTEX_POINT('',#39540);
#39560=EDGE_CURVE('',#39550,#38690,#39530,.T.);
#39570=ORIENTED_EDGE('',*,*,#39560,.T.);
#39580=CARTESIAN_POINT('',(-5.4796661874220121E+00,
   5.9836408125779101E+00,3.7100000000000000E+00));
#39590=DIRECTION('',(0.0000000000000000E+00,0.0000000000000000E+00,
   1.0000000000000000E+00));
#39600=DIRECTION('',(1.0000000000000000E+00,0.0000000000000000E+00,
   0.0000000000000000E+00));
#39610=AXIS2_PLACEMENT_3D('',#39580,#39590,#39600);
#39620=CIRCLE('',#39610,2.1079581257799873E-01);
#39630=EDGE_CURVE('',#39550,#39170,#39620,.T.);
#39640=ORIENTED_EDGE('',*,*,#39630,.F.);
#39650=ORIENTED_EDGE('',*,*,#39180,.T.);
#39660=EDGE_LOOP('',(#39650,#39640,#39570,#39490));
#39670=FACE_OUTER_BOUND('',#39660,.T.);
#39680=ADVANCED_FACE('',(#39670),#39480,.F.);
#39690=COLOUR_RGB('',5.0196081399917603E-01,1.0000000000000000E+00,
   5.0196081399917603E-01);
#39700=FILL_AREA_STYLE_COLOUR('',#39690);
#39710=FILL_AREA_STYLE('',(#39700));
#39720=SURFACE_STYLE_FILL_AREA(#39710);
#39730=SURFACE_SIDE_STYLE('',(#39720));
#39740=SURFACE_STYLE_USAGE(.BOTH.,#39730);
#39750=PRESENTATION_STYLE_ASSIGNMENT((#39740));
#39760=CARTESIAN_POINT('',(-5.6904620000000108E+00,
   8.5620491874220690E+00,3.8099999999999996E+00));
#39770=DIRECTION('',(-1.0000000000000000E+00,0.0000000000000000E+00,
   0.0000000000000000E+00));
#39780=DIRECTION('',(0.0000000000000000E+00,1.0000000000000000E+00,
   0.0000000000000000E+00));
#39790=AXIS2_PLACEMENT_3D('',#39760,#39770,#39780);
#39800=PLANE('',#39790);
#39810=ORIENTED_EDGE('',*,*,#38700,.T.);
#39820=CARTESIAN_POINT('',(-5.6904619999999326E+00,
   8.5620491874220690E+00,3.8099999999999996E+00));
#39830=DIRECTION('',(0.0000000000000000E+00,0.0000000000000000E+00,
   1.0000000000000000E+00));
#39840=VECTOR('',#39830,1.0000000000000000E+00);
#39850=LINE('',#39820,#39840);
#39860=CARTESIAN_POINT('',(-5.6904619999999326E+00,
   8.5620491874220690E+00,3.7100000000000000E+00));
#39870=VERTEX_POINT('',#39860);
#39880=EDGE_CURVE('',#39870,#38610,#39850,.T.);
#39890=ORIENTED_EDGE('',*,*,#39880,.T.);
#39900=CARTESIAN_POINT('',(-5.6904620000000108E+00,
   8.5620491874220690E+00,3.7100000000000000E+00));
#39910=DIRECTION('',(0.0000000000000000E+00,-1.0000000000000000E+00,
   0.0000000000000000E+00));
#39920=VECTOR('',#39910,1.0000000000000000E+00);
#39930=LINE('',#39900,#39920);
#39940=EDGE_CURVE('',#39870,#39550,#39930,.T.);
#39950=ORIENTED_EDGE('',*,*,#39940,.F.);
#39960=ORIENTED_EDGE('',*,*,#39560,.F.);
#39970=EDGE_LOOP('',(#39960,#39950,#39890,#39810));
#39980=FACE_OUTER_BOUND('',#39970,.T.);
#39990=ADVANCED_FACE('',(#39980),#39800,.F.);
#40000=COLOUR_RGB('',5.0196081399917603E-01,1.0000000000000000E+00,
   5.0196081399917603E-01);
#40010=FILL_AREA_STYLE_COLOUR('',#40000);
#40020=FILL_AREA_STYLE('',(#40010));
#40030=SURFACE_STYLE_FILL_AREA(#40020);
#40040=SURFACE_SIDE_STYLE('',(#40030));
#40050=SURFACE_STYLE_USAGE(.BOTH.,#40040);
#40060=PRESENTATION_STYLE_ASSIGNMENT((#40050));
#40070=CARTESIAN_POINT('',(-5.4796661874220121E+00,
   8.5620491874220690E+00,3.8099999999999996E+00));
#40080=DIRECTION('',(0.0000000000000000E+00,0.0000000000000000E+00,
   1.0000000000000000E+00));
#40090=DIRECTION('',(1.0000000000000000E+00,0.0000000000000000E+00,
   0.0000000000000000E+00));
#40100=AXIS2_PLACEMENT_3D('',#40070,#40080,#40090);
#40110=CYLINDRICAL_SURFACE('',#40100,2.1079581257792057E-01);
#40120=ORIENTED_EDGE('',*,*,#38620,.T.);
#40130=CARTESIAN_POINT('',(-5.4796661874220121E+00,
   8.7728449999999896E+00,3.8099999999999996E+00));
#40140=DIRECTION('',(0.0000000000000000E+00,0.0000000000000000E+00,
   -1.0000000000000000E+00));
#40150=VECTOR('',#40140,1.0000000000000000E+00);
#40160=LINE('',#40130,#40150);
#40170=CARTESIAN_POINT('',(-5.4796661874220121E+00,
   8.7728449999999896E+00,3.7100000000000000E+00));
#40180=VERTEX_POINT('',#40170);
#40190=EDGE_CURVE('',#38520,#40180,#40160,.T.);
#40200=ORIENTED_EDGE('',*,*,#40190,.F.);
#40210=CARTESIAN_POINT('',(-5.4796661874220121E+00,
   8.5620491874220690E+00,3.7100000000000000E+00));
#40220=DIRECTION('',(0.0000000000000000E+00,0.0000000000000000E+00,
   1.0000000000000000E+00));
#40230=DIRECTION('',(1.0000000000000000E+00,0.0000000000000000E+00,
   0.0000000000000000E+00));
#40240=AXIS2_PLACEMENT_3D('',#40210,#40220,#40230);
#40250=CIRCLE('',#40240,2.1079581257792057E-01);
#40260=EDGE_CURVE('',#40180,#39870,#40250,.T.);
#40270=ORIENTED_EDGE('',*,*,#40260,.F.);
#40280=ORIENTED_EDGE('',*,*,#39880,.F.);
#40290=EDGE_LOOP('',(#40280,#40270,#40200,#40120));
#40300=FACE_OUTER_BOUND('',#40290,.T.);
#40310=ADVANCED_FACE('',(#40300),#40110,.F.);
#40320=COLOUR_RGB('',5.0196081399917603E-01,1.0000000000000000E+00,
   5.0196081399917603E-01);
#40330=FILL_AREA_STYLE_COLOUR('',#40320);
#40340=FILL_AREA_STYLE('',(#40330));
#40350=SURFACE_STYLE_FILL_AREA(#40340);
#40360=SURFACE_SIDE_STYLE('',(#40350));
#40370=SURFACE_STYLE_USAGE(.BOTH.,#40360);
#40380=PRESENTATION_STYLE_ASSIGNMENT((#40370));
#40390=CARTESIAN_POINT('',(-2.9012578125780095E+00,
   8.7728449999999896E+00,3.8099999999999996E+00));
#40400=DIRECTION('',(-0.0000000000000000E+00,1.0000000000000000E+00,
   0.0000000000000000E+00));
#40410=DIRECTION('',(1.0000000000000000E+00,0.0000000000000000E+00,
   0.0000000000000000E+00));
#40420=AXIS2_PLACEMENT_3D('',#40390,#40400,#40410);
#40430=PLANE('',#40420);
#40440=ORIENTED_EDGE('',*,*,#38530,.T.);
#40450=CARTESIAN_POINT('',(-2.9012578125780095E+00,
   8.7728449999999896E+00,3.8099999999999996E+00));
#40460=DIRECTION('',(0.0000000000000000E+00,0.0000000000000000E+00,
   -1.0000000000000000E+00));
#40470=VECTOR('',#40460,1.0000000000000000E+00);
#40480=LINE('',#40450,#40470);
#40490=CARTESIAN_POINT('',(-2.9012578125780095E+00,
   8.7728449999999896E+00,3.7100000000000000E+00));
#40500=VERTEX_POINT('',#40490);
#40510=EDGE_CURVE('',#38440,#40500,#40480,.T.);
#40520=ORIENTED_EDGE('',*,*,#40510,.F.);
#40530=CARTESIAN_POINT('',(-5.4796661874220121E+00,
   8.7728449999999896E+00,3.7100000000000000E+00));
#40540=DIRECTION('',(1.0000000000000000E+00,0.0000000000000000E+00,
   0.0000000000000000E+00));
#40550=VECTOR('',#40540,1.0000000000000000E+00);
#40560=LINE('',#40530,#40550);
#40570=EDGE_CURVE('',#40180,#40500,#40560,.T.);
#40580=ORIENTED_EDGE('',*,*,#40570,.T.);
#40590=ORIENTED_EDGE('',*,*,#40190,.T.);
#40600=EDGE_LOOP('',(#40590,#40580,#40520,#40440));
#40610=FACE_OUTER_BOUND('',#40600,.T.);
#40620=ADVANCED_FACE('',(#40610),#40430,.F.);
#40630=COLOUR_RGB('',5.0196081399917603E-01,1.0000000000000000E+00,
   5.0196081399917603E-01);
#40640=FILL_AREA_STYLE_COLOUR('',#40630);
#40650=FILL_AREA_STYLE('',(#40640));
#40660=SURFACE_STYLE_FILL_AREA(#40650);
#40670=SURFACE_SIDE_STYLE('',(#40660));
#40680=SURFACE_STYLE_USAGE(.BOTH.,#40670);
#40690=PRESENTATION_STYLE_ASSIGNMENT((#40680));
#40700=CARTESIAN_POINT('',(-2.9012578125780095E+00,
   8.5620491874220690E+00,3.8099999999999996E+00));
#40710=DIRECTION('',(0.0000000000000000E+00,0.0000000000000000E+00,
   1.0000000000000000E+00));
#40720=DIRECTION('',(1.0000000000000000E+00,0.0000000000000000E+00,
   0.0000000000000000E+00));
#40730=AXIS2_PLACEMENT_3D('',#40700,#40710,#40720);
#40740=CYLINDRICAL_SURFACE('',#40730,2.1079581257799873E-01);
#40750=ORIENTED_EDGE('',*,*,#38450,.T.);
#40760=CARTESIAN_POINT('',(-2.6904620000000108E+00,
   8.5620491874220690E+00,3.8099999999999996E+00));
#40770=DIRECTION('',(0.0000000000000000E+00,0.0000000000000000E+00,
   1.0000000000000000E+00));
#40780=VECTOR('',#40770,1.0000000000000000E+00);
#40790=LINE('',#40760,#40780);
#40800=CARTESIAN_POINT('',(-2.6904620000000108E+00,
   8.5620491874220690E+00,3.7100000000000000E+00));
#40810=VERTEX_POINT('',#40800);
#40820=EDGE_CURVE('',#40810,#38350,#40790,.T.);
#40830=ORIENTED_EDGE('',*,*,#40820,.T.);
#40840=CARTESIAN_POINT('',(-2.9012578125780095E+00,
   8.5620491874220690E+00,3.7100000000000000E+00));
#40850=DIRECTION('',(0.0000000000000000E+00,0.0000000000000000E+00,
   1.0000000000000000E+00));
#40860=DIRECTION('',(1.0000000000000000E+00,0.0000000000000000E+00,
   0.0000000000000000E+00));
#40870=AXIS2_PLACEMENT_3D('',#40840,#40850,#40860);
#40880=CIRCLE('',#40870,2.1079581257799873E-01);
#40890=EDGE_CURVE('',#40810,#40500,#40880,.T.);
#40900=ORIENTED_EDGE('',*,*,#40890,.F.);
#40910=ORIENTED_EDGE('',*,*,#40510,.T.);
#40920=EDGE_LOOP('',(#40910,#40900,#40830,#40750));
#40930=FACE_OUTER_BOUND('',#40920,.T.);
#40940=ADVANCED_FACE('',(#40930),#40740,.F.);
#40950=COLOUR_RGB('',5.0196081399917603E-01,1.0000000000000000E+00,
   5.0196081399917603E-01);
#40960=FILL_AREA_STYLE_COLOUR('',#40950);
#40970=FILL_AREA_STYLE('',(#40960));
#40980=SURFACE_STYLE_FILL_AREA(#40970);
#40990=SURFACE_SIDE_STYLE('',(#40980));
#41000=SURFACE_STYLE_USAGE(.BOTH.,#40990);
#41010=PRESENTATION_STYLE_ASSIGNMENT((#41000));
#41020=CARTESIAN_POINT('',(-2.6904620000000108E+00,
   5.9836408125779101E+00,3.8099999999999996E+00));
#41030=DIRECTION('',(1.0000000000000000E+00,0.0000000000000000E+00,
   0.0000000000000000E+00));
#41040=DIRECTION('',(0.0000000000000000E+00,-1.0000000000000000E+00,
   0.0000000000000000E+00));
#41050=AXIS2_PLACEMENT_3D('',#41020,#41030,#41040);
#41060=PLANE('',#41050);
#41070=ORIENTED_EDGE('',*,*,#38360,.T.);
#41080=CARTESIAN_POINT('',(-2.6904620000000889E+00,
   5.9836408125779101E+00,3.8099999999999996E+00));
#41090=DIRECTION('',(0.0000000000000000E+00,0.0000000000000000E+00,
   1.0000000000000000E+00));
#41100=VECTOR('',#41090,1.0000000000000000E+00);
#41110=LINE('',#41080,#41100);
#41120=CARTESIAN_POINT('',(-2.6904620000000889E+00,
   5.9836408125779101E+00,3.7100000000000000E+00));
#41130=VERTEX_POINT('',#41120);
#41140=EDGE_CURVE('',#41130,#38330,#41110,.T.);
#41150=ORIENTED_EDGE('',*,*,#41140,.T.);
#41160=CARTESIAN_POINT('',(-2.6904620000000108E+00,
   8.5620491874220690E+00,3.7100000000000000E+00));
#41170=DIRECTION('',(0.0000000000000000E+00,-1.0000000000000000E+00,
   0.0000000000000000E+00));
#41180=VECTOR('',#41170,1.0000000000000000E+00);
#41190=LINE('',#41160,#41180);
#41200=EDGE_CURVE('',#40810,#41130,#41190,.T.);
#41210=ORIENTED_EDGE('',*,*,#41200,.T.);
#41220=ORIENTED_EDGE('',*,*,#40820,.F.);
#41230=EDGE_LOOP('',(#41220,#41210,#41150,#41070));
#41240=FACE_OUTER_BOUND('',#41230,.T.);
#41250=ADVANCED_FACE('',(#41240),#41060,.F.);
#41260=COLOUR_RGB('',5.0196081399917603E-01,1.0000000000000000E+00,
   5.0196081399917603E-01);
#41270=FILL_AREA_STYLE_COLOUR('',#41260);
#41280=FILL_AREA_STYLE('',(#41270));
#41290=SURFACE_STYLE_FILL_AREA(#41280);
#41300=SURFACE_SIDE_STYLE('',(#41290));
#41310=SURFACE_STYLE_USAGE(.BOTH.,#41300);
#41320=PRESENTATION_STYLE_ASSIGNMENT((#41310));
#41330=CARTESIAN_POINT('',(-2.9012578125780095E+00,
   5.9836408125779101E+00,3.8099999999999996E+00));
#41340=DIRECTION('',(0.0000000000000000E+00,0.0000000000000000E+00,
   1.0000000000000000E+00));
#41350=DIRECTION('',(1.0000000000000000E+00,0.0000000000000000E+00,
   0.0000000000000000E+00));
#41360=AXIS2_PLACEMENT_3D('',#41330,#41340,#41350);
#41370=CYLINDRICAL_SURFACE('',#41360,2.1079581257792057E-01);
#41380=ORIENTED_EDGE('',*,*,#38940,.T.);
#41390=ORIENTED_EDGE('',*,*,#39320,.F.);
#41400=CARTESIAN_POINT('',(-2.9012578125780095E+00,
   5.9836408125779101E+00,3.7100000000000000E+00));
#41410=DIRECTION('',(0.0000000000000000E+00,0.0000000000000000E+00,
   1.0000000000000000E+00));
#41420=DIRECTION('',(1.0000000000000000E+00,0.0000000000000000E+00,
   0.0000000000000000E+00));
#41430=AXIS2_PLACEMENT_3D('',#41400,#41410,#41420);
#41440=CIRCLE('',#41430,2.1079581257792057E-01);
#41450=EDGE_CURVE('',#39250,#41130,#41440,.T.);
#41460=ORIENTED_EDGE('',*,*,#41450,.F.);
#41470=ORIENTED_EDGE('',*,*,#41140,.F.);
#41480=EDGE_LOOP('',(#41470,#41460,#41390,#41380));
#41490=FACE_OUTER_BOUND('',#41480,.T.);
#41500=ADVANCED_FACE('',(#41490),#41370,.F.);
#41510=COLOUR_RGB('',5.0196081399917603E-01,1.0000000000000000E+00,
   5.0196081399917603E-01);
#41520=FILL_AREA_STYLE_COLOUR('',#41510);
#41530=FILL_AREA_STYLE('',(#41520));
#41540=SURFACE_STYLE_FILL_AREA(#41530);
#41550=SURFACE_SIDE_STYLE('',(#41540));
#41560=SURFACE_STYLE_USAGE(.BOTH.,#41550);
#41570=PRESENTATION_STYLE_ASSIGNMENT((#41560));
#41580=CARTESIAN_POINT('',(-3.8803994142696894E+00,
   7.9423641699319063E+00,3.7100000000000000E+00));
#41590=DIRECTION('',(0.0000000000000000E+00,0.0000000000000000E+00,
   1.0000000000000000E+00));
#41600=DIRECTION('',(1.0000000000000000E+00,0.0000000000000000E+00,
   0.0000000000000000E+00));
#41610=AXIS2_PLACEMENT_3D('',#41580,#41590,#41600);
#41620=PLANE('',#41610);
#41630=ORIENTED_EDGE('',*,*,#39260,.F.);
#41640=ORIENTED_EDGE('',*,*,#39630,.T.);
#41650=ORIENTED_EDGE('',*,*,#39940,.T.);
#41660=ORIENTED_EDGE('',*,*,#40260,.T.);
#41670=ORIENTED_EDGE('',*,*,#40570,.F.);
#41680=ORIENTED_EDGE('',*,*,#40890,.T.);
#41690=ORIENTED_EDGE('',*,*,#41200,.F.);
#41700=ORIENTED_EDGE('',*,*,#41450,.T.);
#41710=EDGE_LOOP('',(#41700,#41690,#41680,#41670,#41660,#41650,#41640,
   #41630));
#41720=FACE_OUTER_BOUND('',#41710,.T.);
#41730=CARTESIAN_POINT('',(-4.2456182870946151E+00,
   7.4966528997741690E+00,3.7100000000000000E+00));
#41740=DIRECTION('',(0.0000000000000000E+00,0.0000000000000000E+00,
   1.0000000000000000E+00));
#41750=DIRECTION('',(1.0000000000000000E+00,0.0000000000000000E+00,
   0.0000000000000000E+00));
#41760=AXIS2_PLACEMENT_3D('',#41730,#41740,#41750);
#41770=CIRCLE('',#41760,4.5672426058546239E-01);
#41780=CARTESIAN_POINT('',(-4.0462284221174087E+00,
   7.0857505610710305E+00,3.7100000000000000E+00));
#41790=VERTEX_POINT('',#41780);
#41800=CARTESIAN_POINT('',(-3.7888940265091526E+00,
   7.4966528997741690E+00,3.7100000000000000E+00));
#41810=VERTEX_POINT('',#41800);
#41820=EDGE_CURVE('',#41790,#41810,#41770,.T.);
#41830=ORIENTED_EDGE('',*,*,#41820,.T.);
#41840=CARTESIAN_POINT('',(-3.9772088534714243E+00,
   6.9435151361353320E+00,3.7100000000000000E+00));
#41850=DIRECTION('',(0.0000000000000000E+00,0.0000000000000000E+00,
   1.0000000000000000E+00));
#41860=DIRECTION('',(1.0000000000000000E+00,0.0000000000000000E+00,
   0.0000000000000000E+00));
#41870=AXIS2_PLACEMENT_3D('',#41840,#41850,#41860);
#41880=CIRCLE('',#41870,1.5809685943344035E-01);
#41890=CARTESIAN_POINT('',(-4.1353057129048647E+00,
   6.9435151361353320E+00,3.7100000000000000E+00));
#41900=VERTEX_POINT('',#41890);
#41910=EDGE_CURVE('',#41790,#41900,#41880,.T.);
#41920=ORIENTED_EDGE('',*,*,#41910,.F.);
#41930=CARTESIAN_POINT('',(-4.1353057129048096E+00,
   6.7035661851624724E+00,3.7100000000000000E+00));
#41940=DIRECTION('',(0.0000000000000000E+00,1.0000000000000000E+00,
   0.0000000000000000E+00));
#41950=VECTOR('',#41940,1.0000000000000000E+00);
#41960=LINE('',#41930,#41950);
#41970=CARTESIAN_POINT('',(-4.1353057129048096E+00,
   6.7035661851624084E+00,3.7100000000000000E+00));
#41980=VERTEX_POINT('',#41970);
#41990=EDGE_CURVE('',#41980,#41900,#41960,.T.);
#42000=ORIENTED_EDGE('',*,*,#41990,.T.);
#42010=CARTESIAN_POINT('',(-3.9772088534714243E+00,
   6.7035661851624084E+00,3.7100000000000000E+00));
#42020=DIRECTION('',(0.0000000000000000E+00,0.0000000000000000E+00,
   1.0000000000000000E+00));
#42030=DIRECTION('',(1.0000000000000000E+00,0.0000000000000000E+00,
   0.0000000000000000E+00));
#42040=AXIS2_PLACEMENT_3D('',#42010,#42020,#42030);
#42050=CIRCLE('',#42040,1.5809685943338536E-01);
#42060=CARTESIAN_POINT('',(-3.9772088534714243E+00,
   6.5454693257289733E+00,3.7100000000000000E+00));
#42070=VERTEX_POINT('',#42060);
#42080=EDGE_CURVE('',#41980,#42070,#42050,.T.);
#42090=ORIENTED_EDGE('',*,*,#42080,.F.);
#42100=CARTESIAN_POINT('',(-3.9645572036574066E+00,
   6.5454693257289733E+00,3.7100000000000000E+00));
#42110=DIRECTION('',(-1.0000000000000000E+00,0.0000000000000000E+00,
   0.0000000000000000E+00));
#42120=VECTOR('',#42110,1.0000000000000000E+00);
#42130=LINE('',#42100,#42120);
#42140=CARTESIAN_POINT('',(-3.9645572036574066E+00,
   6.5454693257289733E+00,3.7100000000000000E+00));
#42150=VERTEX_POINT('',#42140);
#42160=EDGE_CURVE('',#42150,#42070,#42130,.T.);
#42170=ORIENTED_EDGE('',*,*,#42160,.T.);
#42180=CARTESIAN_POINT('',(-3.9645572036574066E+00,
   7.4966528997741690E+00,3.7100000000000000E+00));
#42190=DIRECTION('',(0.0000000000000000E+00,0.0000000000000000E+00,
   1.0000000000000000E+00));
#42200=DIRECTION('',(1.0000000000000000E+00,0.0000000000000000E+00,
   0.0000000000000000E+00));
#42210=AXIS2_PLACEMENT_3D('',#42180,#42190,#42200);
#42220=CIRCLE('',#42210,9.5118357404519926E-01);
#42230=CARTESIAN_POINT('',(-3.0133736296122073E+00,
   7.4966528997741690E+00,3.7100000000000000E+00));
#42240=VERTEX_POINT('',#42230);
#42250=EDGE_CURVE('',#42150,#42240,#42220,.T.);
#42260=ORIENTED_EDGE('',*,*,#42250,.F.);
#42270=CARTESIAN_POINT('',(-3.9645572036574066E+00,
   8.4478364738193505E+00,3.7100000000000000E+00));
#42280=VERTEX_POINT('',#42270);
#42290=EDGE_CURVE('',#42240,#42280,#42220,.T.);
#42300=ORIENTED_EDGE('',*,*,#42290,.F.);
#42310=CARTESIAN_POINT('',(-3.9645572036574066E+00,
   8.4478364738193505E+00,3.7100000000000000E+00));
#42320=DIRECTION('',(-1.0000000000000000E+00,0.0000000000000000E+00,
   0.0000000000000000E+00));
#42330=VECTOR('',#42320,1.0000000000000000E+00);
#42340=LINE('',#42310,#42330);
#42350=CARTESIAN_POINT('',(-3.9772088534714243E+00,
   8.4478364738193505E+00,3.7100000000000000E+00));
#42360=VERTEX_POINT('',#42350);
#42370=EDGE_CURVE('',#42280,#42360,#42340,.T.);
#42380=ORIENTED_EDGE('',*,*,#42370,.F.);
#42390=CARTESIAN_POINT('',(-3.9772088534714243E+00,
   8.2897396143859083E+00,3.7100000000000000E+00));
#42400=DIRECTION('',(0.0000000000000000E+00,0.0000000000000000E+00,
   1.0000000000000000E+00));
#42410=DIRECTION('',(1.0000000000000000E+00,0.0000000000000000E+00,
   0.0000000000000000E+00));
#42420=AXIS2_PLACEMENT_3D('',#42390,#42400,#42410);
#42430=CIRCLE('',#42420,1.5809685943344043E-01);
#42440=CARTESIAN_POINT('',(-4.1353057129048647E+00,
   8.2897396143859083E+00,3.7100000000000000E+00));
#42450=VERTEX_POINT('',#42440);
#42460=EDGE_CURVE('',#42360,#42450,#42430,.T.);
#42470=ORIENTED_EDGE('',*,*,#42460,.F.);
#42480=CARTESIAN_POINT('',(-4.1353057129050086E+00,
   8.0497906634130914E+00,3.7100000000000000E+00));
#42490=DIRECTION('',(0.0000000000000000E+00,1.0000000000000000E+00,
   0.0000000000000000E+00));
#42500=VECTOR('',#42490,1.0000000000000000E+00);
#42510=LINE('',#42480,#42500);
#42520=CARTESIAN_POINT('',(-4.1353057129050086E+00,
   8.0497906634130914E+00,3.7100000000000000E+00));
#42530=VERTEX_POINT('',#42520);
#42540=EDGE_CURVE('',#42530,#42450,#42510,.T.);
#42550=ORIENTED_EDGE('',*,*,#42540,.T.);
#42560=CARTESIAN_POINT('',(-3.9772088534714243E+00,
   8.0497906634130914E+00,3.7100000000000000E+00));
#42570=DIRECTION('',(0.0000000000000000E+00,0.0000000000000000E+00,
   1.0000000000000000E+00));
#42580=DIRECTION('',(1.0000000000000000E+00,0.0000000000000000E+00,
   0.0000000000000000E+00));
#42590=AXIS2_PLACEMENT_3D('',#42560,#42570,#42580);
#42600=CIRCLE('',#42590,1.5809685943358431E-01);
#42610=CARTESIAN_POINT('',(-4.0462284221174087E+00,
   7.9075552384773715E+00,3.7100000000000000E+00));
#42620=VERTEX_POINT('',#42610);
#42630=EDGE_CURVE('',#42530,#42620,#42600,.T.);
#42640=ORIENTED_EDGE('',*,*,#42630,.F.);
#42650=EDGE_CURVE('',#41810,#42620,#41770,.T.);
#42660=ORIENTED_EDGE('',*,*,#42650,.T.);
#42670=EDGE_LOOP('',(#42660,#42640,#42550,#42470,#42380,#42300,#42260,
   #42170,#42090,#42000,#41920,#41830));
#42680=FACE_BOUND('',#42670,.T.);
#42690=CARTESIAN_POINT('',(-4.5140277207177206E+00,
   8.2897396143859083E+00,3.7100000000000000E+00));
#42700=DIRECTION('',(0.0000000000000000E+00,0.0000000000000000E+00,
   1.0000000000000000E+00));
#42710=DIRECTION('',(1.0000000000000000E+00,0.0000000000000000E+00,
   0.0000000000000000E+00));
#42720=AXIS2_PLACEMENT_3D('',#42690,#42700,#42710);
#42730=CIRCLE('',#42720,1.5809685943361274E-01);
#42740=CARTESIAN_POINT('',(-4.3559308612841079E+00,
   8.2897396143859083E+00,3.7100000000000000E+00));
#42750=VERTEX_POINT('',#42740);
#42760=CARTESIAN_POINT('',(-4.5140277207177206E+00,
   8.4478364738193505E+00,3.7100000000000000E+00));
#42770=VERTEX_POINT('',#42760);
#42780=EDGE_CURVE('',#42750,#42770,#42730,.T.);
#42790=ORIENTED_EDGE('',*,*,#42780,.F.);
#42800=CARTESIAN_POINT('',(-5.1906471695588294E+00,
   8.4478364738193719E+00,3.7100000000000000E+00));
#42810=DIRECTION('',(1.0000000000000000E+00,-2.8878751958534577E-14,
   0.0000000000000000E+00));
#42820=VECTOR('',#42810,1.0000000000000000E+00);
#42830=LINE('',#42800,#42820);
#42840=CARTESIAN_POINT('',(-5.1906471695588294E+00,
   8.4478364738193719E+00,3.7100000000000000E+00));
#42850=VERTEX_POINT('',#42840);
#42860=EDGE_CURVE('',#42850,#42770,#42830,.T.);
#42870=ORIENTED_EDGE('',*,*,#42860,.T.);
#42880=CARTESIAN_POINT('',(-5.1906471695588294E+00,
   8.2897396143859297E+00,3.7100000000000000E+00));
#42890=DIRECTION('',(0.0000000000000000E+00,0.0000000000000000E+00,
   1.0000000000000000E+00));
#42900=DIRECTION('',(1.0000000000000000E+00,0.0000000000000000E+00,
   0.0000000000000000E+00));
#42910=AXIS2_PLACEMENT_3D('',#42880,#42890,#42900);
#42920=CIRCLE('',#42910,1.5809685943344043E-01);
#42930=CARTESIAN_POINT('',(-5.3487440289922699E+00,
   8.2897396143859297E+00,3.7100000000000000E+00));
#42940=VERTEX_POINT('',#42930);
#42950=EDGE_CURVE('',#42850,#42940,#42920,.T.);
#42960=ORIENTED_EDGE('',*,*,#42950,.F.);
#42970=CARTESIAN_POINT('',(-5.3487440289923285E+00,
   8.2897396143859297E+00,3.7100000000000000E+00));
#42980=DIRECTION('',(0.0000000000000000E+00,-1.0000000000000000E+00,
   0.0000000000000000E+00));
#42990=VECTOR('',#42980,1.0000000000000000E+00);
#43000=LINE('',#42970,#42990);
#43010=CARTESIAN_POINT('',(-5.3487440289923285E+00,
   6.2559503856218726E+00,3.7100000000000000E+00));
#43020=VERTEX_POINT('',#43010);
#43030=EDGE_CURVE('',#42940,#43020,#43000,.T.);
#43040=ORIENTED_EDGE('',*,*,#43030,.F.);
#43050=CARTESIAN_POINT('',(-5.1906471695588294E+00,
   6.2559503856218726E+00,3.7100000000000000E+00));
#43060=DIRECTION('',(0.0000000000000000E+00,0.0000000000000000E+00,
   1.0000000000000000E+00));
#43070=DIRECTION('',(1.0000000000000000E+00,0.0000000000000000E+00,
   0.0000000000000000E+00));
#43080=AXIS2_PLACEMENT_3D('',#43050,#43060,#43070);
#43090=CIRCLE('',#43080,1.5809685943349905E-01);
#43100=CARTESIAN_POINT('',(-5.1906471695588294E+00,
   6.0978535261884304E+00,3.7100000000000000E+00));
#43110=VERTEX_POINT('',#43100);
#43120=EDGE_CURVE('',#43020,#43110,#43090,.T.);
#43130=ORIENTED_EDGE('',*,*,#43120,.F.);
#43140=CARTESIAN_POINT('',(-4.5140277207177206E+00,
   6.0978535261884304E+00,3.7100000000000000E+00));
#43150=DIRECTION('',(-1.0000000000000000E+00,0.0000000000000000E+00,
   0.0000000000000000E+00));
#43160=VECTOR('',#43150,1.0000000000000000E+00);
#43170=LINE('',#43140,#43160);
#43180=CARTESIAN_POINT('',(-4.5140277207177206E+00,
   6.0978535261884304E+00,3.7100000000000000E+00));
#43190=VERTEX_POINT('',#43180);
#43200=EDGE_CURVE('',#43190,#43110,#43170,.T.);
#43210=ORIENTED_EDGE('',*,*,#43200,.T.);
#43220=CARTESIAN_POINT('',(-4.5140277207177206E+00,
   6.2559503856218726E+00,3.7100000000000000E+00));
#43230=DIRECTION('',(0.0000000000000000E+00,0.0000000000000000E+00,
   1.0000000000000000E+00));
#43240=DIRECTION('',(1.0000000000000000E+00,0.0000000000000000E+00,
   0.0000000000000000E+00));
#43250=AXIS2_PLACEMENT_3D('',#43220,#43230,#43240);
#43260=CIRCLE('',#43250,1.5809685943343865E-01);
#43270=CARTESIAN_POINT('',(-4.3559308612842820E+00,
   6.2559503856218726E+00,3.7100000000000000E+00));
#43280=VERTEX_POINT('',#43270);
#43290=EDGE_CURVE('',#43190,#43280,#43260,.T.);
#43300=ORIENTED_EDGE('',*,*,#43290,.F.);
#43310=CARTESIAN_POINT('',(-4.3559308612844205E+00,
   6.9435151361353320E+00,3.7100000000000000E+00));
#43320=DIRECTION('',(0.0000000000000000E+00,-1.0000000000000000E+00,
   0.0000000000000000E+00));
#43330=VECTOR('',#43320,1.0000000000000000E+00);
#43340=LINE('',#43310,#43330);
#43350=CARTESIAN_POINT('',(-4.3559308612844205E+00,
   6.9435151361353320E+00,3.7100000000000000E+00));
#43360=VERTEX_POINT('',#43350);
#43370=EDGE_CURVE('',#43360,#43280,#43340,.T.);
#43380=ORIENTED_EDGE('',*,*,#43370,.T.);
#43390=CARTESIAN_POINT('',(-4.5140277207177206E+00,
   6.9435151361353320E+00,3.7100000000000000E+00));
#43400=DIRECTION('',(0.0000000000000000E+00,0.0000000000000000E+00,
   1.0000000000000000E+00));
#43410=DIRECTION('',(1.0000000000000000E+00,0.0000000000000000E+00,
   0.0000000000000000E+00));
#43420=AXIS2_PLACEMENT_3D('',#43390,#43400,#43410);
#43430=CIRCLE('',#43420,1.5809685943330010E-01);
#43440=CARTESIAN_POINT('',(-4.4450081520718214E+00,
   7.0857505610710305E+00,3.7100000000000000E+00));
#43450=VERTEX_POINT('',#43440);
#43460=EDGE_CURVE('',#43360,#43450,#43430,.T.);
#43470=ORIENTED_EDGE('',*,*,#43460,.F.);
#43480=CARTESIAN_POINT('',(-4.2456182870946151E+00,
   7.4966528997741690E+00,3.7100000000000000E+00));
#43490=DIRECTION('',(0.0000000000000000E+00,0.0000000000000000E+00,
   1.0000000000000000E+00));
#43500=DIRECTION('',(1.0000000000000000E+00,0.0000000000000000E+00,
   0.0000000000000000E+00));
#43510=AXIS2_PLACEMENT_3D('',#43480,#43490,#43500);
#43520=CIRCLE('',#43510,4.5672426058551835E-01);
#43530=CARTESIAN_POINT('',(-4.7023425476801330E+00,
   7.4966528997741690E+00,3.7100000000000000E+00));
#43540=VERTEX_POINT('',#43530);
#43550=EDGE_CURVE('',#43540,#43450,#43520,.T.);
#43560=ORIENTED_EDGE('',*,*,#43550,.T.);
#43570=CARTESIAN_POINT('',(-4.4450081520718214E+00,
   7.9075552384773715E+00,3.7100000000000000E+00));
#43580=VERTEX_POINT('',#43570);
#43590=EDGE_CURVE('',#43580,#43540,#43520,.T.);
#43600=ORIENTED_EDGE('',*,*,#43590,.T.);
#43610=CARTESIAN_POINT('',(-4.5140277207177206E+00,
   8.0497906634130914E+00,3.7100000000000000E+00));
#43620=DIRECTION('',(0.0000000000000000E+00,0.0000000000000000E+00,
   1.0000000000000000E+00));
#43630=DIRECTION('',(1.0000000000000000E+00,0.0000000000000000E+00,
   0.0000000000000000E+00));
#43640=AXIS2_PLACEMENT_3D('',#43610,#43620,#43630);
#43650=CIRCLE('',#43640,1.5809685943342069E-01);
#43660=CARTESIAN_POINT('',(-4.3559308612842997E+00,
   8.0497906634130914E+00,3.7100000000000000E+00));
#43670=VERTEX_POINT('',#43660);
#43680=EDGE_CURVE('',#43580,#43670,#43650,.T.);
#43690=ORIENTED_EDGE('',*,*,#43680,.F.);
#43700=CARTESIAN_POINT('',(-4.3559308612841079E+00,
   8.2897396143858302E+00,3.7100000000000000E+00));
#43710=DIRECTION('',(0.0000000000000000E+00,-1.0000000000000000E+00,
   0.0000000000000000E+00));
#43720=VECTOR('',#43710,1.0000000000000000E+00);
#43730=LINE('',#43700,#43720);
#43740=EDGE_CURVE('',#42750,#43670,#43730,.T.);
#43750=ORIENTED_EDGE('',*,*,#43740,.T.);
#43760=EDGE_LOOP('',(#43750,#43690,#43600,#43560,#43470,#43380,#43300,
   #43210,#43130,#43040,#42960,#42870,#42790));
#43770=FACE_BOUND('',#43760,.T.);
#43780=CARTESIAN_POINT('',(-4.2456182870946151E+00,
   7.4966528997741690E+00,3.7100000000000000E+00));
#43790=DIRECTION('',(0.0000000000000000E+00,0.0000000000000000E+00,
   1.0000000000000000E+00));
#43800=DIRECTION('',(1.0000000000000000E+00,0.0000000000000000E+00,
   0.0000000000000000E+00));
#43810=AXIS2_PLACEMENT_3D('',#43780,#43790,#43800);
#43820=CIRCLE('',#43810,2.2836213029279406E-01);
#43830=CARTESIAN_POINT('',(-4.0172561568018210E+00,
   7.4966528997741690E+00,3.7100000000000000E+00));
#43840=VERTEX_POINT('',#43830);
#43850=CARTESIAN_POINT('',(-4.4739804173874091E+00,
   7.4966528997741690E+00,3.7100000000000000E+00));
#43860=VERTEX_POINT('',#43850);
#43870=EDGE_CURVE('',#43840,#43860,#43820,.T.);
#43880=ORIENTED_EDGE('',*,*,#43870,.F.);
#43890=EDGE_CURVE('',#43860,#43840,#43820,.T.);
#43900=ORIENTED_EDGE('',*,*,#43890,.F.);
#43910=EDGE_LOOP('',(#43900,#43880));
#43920=FACE_BOUND('',#43910,.T.);
#43930=ADVANCED_FACE('',(#41720,#42680,#43770,#43920),#41620,.T.);
#43940=COLOUR_RGB('',5.0196081399917603E-01,1.0000000000000000E+00,
   5.0196081399917603E-01);
#43950=FILL_AREA_STYLE_COLOUR('',#43940);
#43960=FILL_AREA_STYLE('',(#43950));
#43970=SURFACE_STYLE_FILL_AREA(#43960);
#43980=SURFACE_SIDE_STYLE('',(#43970));
#43990=SURFACE_STYLE_USAGE(.BOTH.,#43980);
#44000=PRESENTATION_STYLE_ASSIGNMENT((#43990));
#44010=CARTESIAN_POINT('',(-4.2456182870946151E+00,
   7.4966528997741690E+00,3.8099999999999996E+00));
#44020=DIRECTION('',(0.0000000000000000E+00,0.0000000000000000E+00,
   1.0000000000000000E+00));
#44030=DIRECTION('',(1.0000000000000000E+00,0.0000000000000000E+00,
   0.0000000000000000E+00));
#44040=AXIS2_PLACEMENT_3D('',#44010,#44020,#44030);
#44050=CYLINDRICAL_SURFACE('',#44040,4.5672426058546239E-01);
#44060=CARTESIAN_POINT('',(-4.2456182870946151E+00,
   7.4966528997741690E+00,3.8099999999999996E+00));
#44070=DIRECTION('',(0.0000000000000000E+00,0.0000000000000000E+00,
   1.0000000000000000E+00));
#44080=DIRECTION('',(1.0000000000000000E+00,0.0000000000000000E+00,
   0.0000000000000000E+00));
#44090=AXIS2_PLACEMENT_3D('',#44060,#44070,#44080);
#44100=CIRCLE('',#44090,4.5672426058546239E-01);
#44110=CARTESIAN_POINT('',(-3.7888940265091526E+00,
   7.4966528997741690E+00,3.8099999999999996E+00));
#44120=VERTEX_POINT('',#44110);
#44130=CARTESIAN_POINT('',(-4.0462284221174656E+00,
   7.9075552384772578E+00,3.8099999999999996E+00));
#44140=VERTEX_POINT('',#44130);
#44150=EDGE_CURVE('',#44120,#44140,#44100,.T.);
#44160=ORIENTED_EDGE('',*,*,#44150,.T.);
#44170=CARTESIAN_POINT('',(-3.7888940265091526E+00,
   7.4966528997741690E+00,3.8099999999999996E+00));
#44180=DIRECTION('',(0.0000000000000000E+00,0.0000000000000000E+00,
   1.0000000000000000E+00));
#44190=VECTOR('',#44180,1.0000000000000000E+00);
#44200=LINE('',#44170,#44190);
#44210=EDGE_CURVE('',#41810,#44120,#44200,.T.);
#44220=ORIENTED_EDGE('',*,*,#44210,.T.);
#44230=ORIENTED_EDGE('',*,*,#42650,.F.);
#44240=CARTESIAN_POINT('',(-4.0462284221174087E+00,
   7.9075552384773715E+00,3.8099999999999996E+00));
#44250=DIRECTION('',(0.0000000000000000E+00,0.0000000000000000E+00,
   -1.0000000000000000E+00));
#44260=VECTOR('',#44250,1.0000000000000000E+00);
#44270=LINE('',#44240,#44260);
#44280=EDGE_CURVE('',#44140,#42620,#44270,.T.);
#44290=ORIENTED_EDGE('',*,*,#44280,.T.);
#44300=EDGE_LOOP('',(#44290,#44230,#44220,#44160));
#44310=FACE_OUTER_BOUND('',#44300,.T.);
#44320=ADVANCED_FACE('',(#44310),#44050,.F.);
#44330=COLOUR_RGB('',5.0196081399917603E-01,1.0000000000000000E+00,
   5.0196081399917603E-01);
#44340=FILL_AREA_STYLE_COLOUR('',#44330);
#44350=FILL_AREA_STYLE('',(#44340));
#44360=SURFACE_STYLE_FILL_AREA(#44350);
#44370=SURFACE_SIDE_STYLE('',(#44360));
#44380=SURFACE_STYLE_USAGE(.BOTH.,#44370);
#44390=PRESENTATION_STYLE_ASSIGNMENT((#44380));
#44400=CARTESIAN_POINT('',(-3.9772088534714243E+00,
   8.0497906634130914E+00,3.8099999999999996E+00));
#44410=DIRECTION('',(0.0000000000000000E+00,0.0000000000000000E+00,
   1.0000000000000000E+00));
#44420=DIRECTION('',(1.0000000000000000E+00,0.0000000000000000E+00,
   0.0000000000000000E+00));
#44430=AXIS2_PLACEMENT_3D('',#44400,#44410,#44420);
#44440=CYLINDRICAL_SURFACE('',#44430,1.5809685943358431E-01);
#44450=CARTESIAN_POINT('',(-3.9772088534714243E+00,
   8.0497906634130914E+00,3.8099999999999996E+00));
#44460=DIRECTION('',(0.0000000000000000E+00,0.0000000000000000E+00,
   1.0000000000000000E+00));
#44470=DIRECTION('',(1.0000000000000000E+00,0.0000000000000000E+00,
   0.0000000000000000E+00));
#44480=AXIS2_PLACEMENT_3D('',#44450,#44460,#44470);
#44490=CIRCLE('',#44480,1.5809685943358431E-01);
#44500=CARTESIAN_POINT('',(-4.1353057129050086E+00,
   8.0497906634130914E+00,3.8099999999999996E+00));
#44510=VERTEX_POINT('',#44500);
#44520=EDGE_CURVE('',#44510,#44140,#44490,.T.);
#44530=ORIENTED_EDGE('',*,*,#44520,.F.);
#44540=ORIENTED_EDGE('',*,*,#44280,.F.);
#44550=ORIENTED_EDGE('',*,*,#42630,.T.);
#44560=CARTESIAN_POINT('',(-4.1353057129050086E+00,
   8.0497906634130914E+00,3.8099999999999996E+00));
#44570=DIRECTION('',(0.0000000000000000E+00,0.0000000000000000E+00,
   1.0000000000000000E+00));
#44580=VECTOR('',#44570,1.0000000000000000E+00);
#44590=LINE('',#44560,#44580);
#44600=EDGE_CURVE('',#42530,#44510,#44590,.T.);
#44610=ORIENTED_EDGE('',*,*,#44600,.F.);
#44620=EDGE_LOOP('',(#44610,#44550,#44540,#44530));
#44630=FACE_OUTER_BOUND('',#44620,.T.);
#44640=ADVANCED_FACE('',(#44630),#44440,.T.);
#44650=COLOUR_RGB('',5.0196081399917603E-01,1.0000000000000000E+00,
   5.0196081399917603E-01);
#44660=FILL_AREA_STYLE_COLOUR('',#44650);
#44670=FILL_AREA_STYLE('',(#44660));
#44680=SURFACE_STYLE_FILL_AREA(#44670);
#44690=SURFACE_SIDE_STYLE('',(#44680));
#44700=SURFACE_STYLE_USAGE(.BOTH.,#44690);
#44710=PRESENTATION_STYLE_ASSIGNMENT((#44700));
#44720=CARTESIAN_POINT('',(-3.9772088534714243E+00,
   6.9435151361353320E+00,3.8099999999999996E+00));
#44730=DIRECTION('',(0.0000000000000000E+00,0.0000000000000000E+00,
   1.0000000000000000E+00));
#44740=DIRECTION('',(1.0000000000000000E+00,0.0000000000000000E+00,
   0.0000000000000000E+00));
#44750=AXIS2_PLACEMENT_3D('',#44720,#44730,#44740);
#44760=CYLINDRICAL_SURFACE('',#44750,1.5809685943344035E-01);
#44770=CARTESIAN_POINT('',(-3.9772088534714243E+00,
   6.9435151361353320E+00,3.8099999999999996E+00));
#44780=DIRECTION('',(0.0000000000000000E+00,0.0000000000000000E+00,
   1.0000000000000000E+00));
#44790=DIRECTION('',(1.0000000000000000E+00,0.0000000000000000E+00,
   0.0000000000000000E+00));
#44800=AXIS2_PLACEMENT_3D('',#44770,#44780,#44790);
#44810=CIRCLE('',#44800,1.5809685943344035E-01);
#44820=CARTESIAN_POINT('',(-4.0462284221174087E+00,
   7.0857505610710305E+00,3.8099999999999996E+00));
#44830=VERTEX_POINT('',#44820);
#44840=CARTESIAN_POINT('',(-4.1353057129048647E+00,
   6.9435151361353320E+00,3.8099999999999996E+00));
#44850=VERTEX_POINT('',#44840);
#44860=EDGE_CURVE('',#44830,#44850,#44810,.T.);
#44870=ORIENTED_EDGE('',*,*,#44860,.F.);
#44880=CARTESIAN_POINT('',(-4.1353057129048647E+00,
   6.9435151361353320E+00,3.8099999999999996E+00));
#44890=DIRECTION('',(0.0000000000000000E+00,0.0000000000000000E+00,
   1.0000000000000000E+00));
#44900=VECTOR('',#44890,1.0000000000000000E+00);
#44910=LINE('',#44880,#44900);
#44920=EDGE_CURVE('',#41900,#44850,#44910,.T.);
#44930=ORIENTED_EDGE('',*,*,#44920,.T.);
#44940=ORIENTED_EDGE('',*,*,#41910,.T.);
#44950=CARTESIAN_POINT('',(-4.0462284221174087E+00,
   7.0857505610710305E+00,3.8099999999999996E+00));
#44960=DIRECTION('',(0.0000000000000000E+00,0.0000000000000000E+00,
   -1.0000000000000000E+00));
#44970=VECTOR('',#44960,1.0000000000000000E+00);
#44980=LINE('',#44950,#44970);
#44990=EDGE_CURVE('',#44830,#41790,#44980,.T.);
#45000=ORIENTED_EDGE('',*,*,#44990,.T.);
#45010=EDGE_LOOP('',(#45000,#44940,#44930,#44870));
#45020=FACE_OUTER_BOUND('',#45010,.T.);
#45030=ADVANCED_FACE('',(#45020),#44760,.T.);
#45040=COLOUR_RGB('',5.0196081399917603E-01,1.0000000000000000E+00,
   5.0196081399917603E-01);
#45050=FILL_AREA_STYLE_COLOUR('',#45040);
#45060=FILL_AREA_STYLE('',(#45050));
#45070=SURFACE_STYLE_FILL_AREA(#45060);
#45080=SURFACE_SIDE_STYLE('',(#45070));
#45090=SURFACE_STYLE_USAGE(.BOTH.,#45080);
#45100=PRESENTATION_STYLE_ASSIGNMENT((#45090));
#45110=CARTESIAN_POINT('',(-4.1353057129048096E+00,
   6.7035661851624724E+00,3.8099999999999996E+00));
#45120=DIRECTION('',(1.0000000000000000E+00,0.0000000000000000E+00,
   0.0000000000000000E+00));
#45130=DIRECTION('',(0.0000000000000000E+00,-1.0000000000000000E+00,
   0.0000000000000000E+00));
#45140=AXIS2_PLACEMENT_3D('',#45110,#45120,#45130);
#45150=PLANE('',#45140);
#45160=CARTESIAN_POINT('',(-4.1353057129048096E+00,
   0.0000000000000000E+00,3.8099999999999996E+00));
#45170=DIRECTION('',(0.0000000000000000E+00,1.0000000000000000E+00,
   0.0000000000000000E+00));
#45180=VECTOR('',#45170,1.0000000000000000E+00);
#45190=LINE('',#45160,#45180);
#45200=CARTESIAN_POINT('',(-4.1353057129048096E+00,
   6.7035661851624084E+00,3.8099999999999996E+00));
#45210=VERTEX_POINT('',#45200);
#45220=EDGE_CURVE('',#45210,#44850,#45190,.T.);
#45230=ORIENTED_EDGE('',*,*,#45220,.T.);
#45240=CARTESIAN_POINT('',(-4.1353057129048096E+00,
   6.7035661851624084E+00,3.8099999999999996E+00));
#45250=DIRECTION('',(0.0000000000000000E+00,0.0000000000000000E+00,
   1.0000000000000000E+00));
#45260=VECTOR('',#45250,1.0000000000000000E+00);
#45270=LINE('',#45240,#45260);
#45280=EDGE_CURVE('',#41980,#45210,#45270,.T.);
#45290=ORIENTED_EDGE('',*,*,#45280,.T.);
#45300=ORIENTED_EDGE('',*,*,#41990,.F.);
#45310=ORIENTED_EDGE('',*,*,#44920,.F.);
#45320=EDGE_LOOP('',(#45310,#45300,#45290,#45230));
#45330=FACE_OUTER_BOUND('',#45320,.T.);
#45340=ADVANCED_FACE('',(#45330),#45150,.F.);
#45350=COLOUR_RGB('',5.0196081399917603E-01,1.0000000000000000E+00,
   5.0196081399917603E-01);
#45360=FILL_AREA_STYLE_COLOUR('',#45350);
#45370=FILL_AREA_STYLE('',(#45360));
#45380=SURFACE_STYLE_FILL_AREA(#45370);
#45390=SURFACE_SIDE_STYLE('',(#45380));
#45400=SURFACE_STYLE_USAGE(.BOTH.,#45390);
#45410=PRESENTATION_STYLE_ASSIGNMENT((#45400));
#45420=CARTESIAN_POINT('',(-3.9772088534714243E+00,
   6.7035661851624084E+00,3.8099999999999996E+00));
#45430=DIRECTION('',(0.0000000000000000E+00,0.0000000000000000E+00,
   1.0000000000000000E+00));
#45440=DIRECTION('',(1.0000000000000000E+00,0.0000000000000000E+00,
   0.0000000000000000E+00));
#45450=AXIS2_PLACEMENT_3D('',#45420,#45430,#45440);
#45460=CYLINDRICAL_SURFACE('',#45450,1.5809685943338536E-01);
#45470=CARTESIAN_POINT('',(-3.9772088534714243E+00,
   6.7035661851624084E+00,3.8099999999999996E+00));
#45480=DIRECTION('',(0.0000000000000000E+00,0.0000000000000000E+00,
   1.0000000000000000E+00));
#45490=DIRECTION('',(1.0000000000000000E+00,0.0000000000000000E+00,
   0.0000000000000000E+00));
#45500=AXIS2_PLACEMENT_3D('',#45470,#45480,#45490);
#45510=CIRCLE('',#45500,1.5809685943338536E-01);
#45520=CARTESIAN_POINT('',(-3.9772088534714243E+00,
   6.5454693257290231E+00,3.8099999999999996E+00));
#45530=VERTEX_POINT('',#45520);
#45540=EDGE_CURVE('',#45210,#45530,#45510,.T.);
#45550=ORIENTED_EDGE('',*,*,#45540,.F.);
#45560=CARTESIAN_POINT('',(-3.9772088534714243E+00,
   6.5454693257289733E+00,3.8099999999999996E+00));
#45570=DIRECTION('',(0.0000000000000000E+00,0.0000000000000000E+00,
   -1.0000000000000000E+00));
#45580=VECTOR('',#45570,1.0000000000000000E+00);
#45590=LINE('',#45560,#45580);
#45600=EDGE_CURVE('',#45530,#42070,#45590,.T.);
#45610=ORIENTED_EDGE('',*,*,#45600,.F.);
#45620=ORIENTED_EDGE('',*,*,#42080,.T.);
#45630=ORIENTED_EDGE('',*,*,#45280,.F.);
#45640=EDGE_LOOP('',(#45630,#45620,#45610,#45550));
#45650=FACE_OUTER_BOUND('',#45640,.T.);
#45660=ADVANCED_FACE('',(#45650),#45460,.T.);
#45670=COLOUR_RGB('',5.0196081399917603E-01,1.0000000000000000E+00,
   5.0196081399917603E-01);
#45680=FILL_AREA_STYLE_COLOUR('',#45670);
#45690=FILL_AREA_STYLE('',(#45680));
#45700=SURFACE_STYLE_FILL_AREA(#45690);
#45710=SURFACE_SIDE_STYLE('',(#45700));
#45720=SURFACE_STYLE_USAGE(.BOTH.,#45710);
#45730=PRESENTATION_STYLE_ASSIGNMENT((#45720));
#45740=CARTESIAN_POINT('',(-3.9645572036574066E+00,
   6.5454693257289733E+00,3.8099999999999996E+00));
#45750=DIRECTION('',(-0.0000000000000000E+00,1.0000000000000000E+00,
   0.0000000000000000E+00));
#45760=DIRECTION('',(1.0000000000000000E+00,0.0000000000000000E+00,
   0.0000000000000000E+00));
#45770=AXIS2_PLACEMENT_3D('',#45740,#45750,#45760);
#45780=PLANE('',#45770);
#45790=CARTESIAN_POINT('',(0.0000000000000000E+00,6.5454693257289733E+00
   ,3.8099999999999996E+00));
#45800=DIRECTION('',(-1.0000000000000000E+00,0.0000000000000000E+00,
   0.0000000000000000E+00));
#45810=VECTOR('',#45800,1.0000000000000000E+00);
#45820=LINE('',#45790,#45810);
#45830=CARTESIAN_POINT('',(-3.9645572036574066E+00,
   6.5454693257289733E+00,3.8099999999999996E+00));
#45840=VERTEX_POINT('',#45830);
#45850=EDGE_CURVE('',#45840,#45530,#45820,.T.);
#45860=ORIENTED_EDGE('',*,*,#45850,.T.);
#45870=CARTESIAN_POINT('',(-3.9645572036574066E+00,
   6.5454693257289733E+00,3.8099999999999996E+00));
#45880=DIRECTION('',(0.0000000000000000E+00,0.0000000000000000E+00,
   -1.0000000000000000E+00));
#45890=VECTOR('',#45880,1.0000000000000000E+00);
#45900=LINE('',#45870,#45890);
#45910=EDGE_CURVE('',#45840,#42150,#45900,.T.);
#45920=ORIENTED_EDGE('',*,*,#45910,.F.);
#45930=ORIENTED_EDGE('',*,*,#42160,.F.);
#45940=ORIENTED_EDGE('',*,*,#45600,.T.);
#45950=EDGE_LOOP('',(#45940,#45930,#45920,#45860));
#45960=FACE_OUTER_BOUND('',#45950,.T.);
#45970=ADVANCED_FACE('',(#45960),#45780,.F.);
#45980=COLOUR_RGB('',5.0196081399917603E-01,1.0000000000000000E+00,
   5.0196081399917603E-01);
#45990=FILL_AREA_STYLE_COLOUR('',#45980);
#46000=FILL_AREA_STYLE('',(#45990));
#46010=SURFACE_STYLE_FILL_AREA(#46000);
#46020=SURFACE_SIDE_STYLE('',(#46010));
#46030=SURFACE_STYLE_USAGE(.BOTH.,#46020);
#46040=PRESENTATION_STYLE_ASSIGNMENT((#46030));
#46050=CARTESIAN_POINT('',(-3.9645572036574066E+00,
   7.4966528997741690E+00,3.8099999999999996E+00));
#46060=DIRECTION('',(0.0000000000000000E+00,0.0000000000000000E+00,
   1.0000000000000000E+00));
#46070=DIRECTION('',(1.0000000000000000E+00,0.0000000000000000E+00,
   0.0000000000000000E+00));
#46080=AXIS2_PLACEMENT_3D('',#46050,#46060,#46070);
#46090=CYLINDRICAL_SURFACE('',#46080,9.5118357404519926E-01);
#46100=CARTESIAN_POINT('',(-3.9645572036574066E+00,
   7.4966528997741690E+00,3.8099999999999996E+00));
#46110=DIRECTION('',(0.0000000000000000E+00,0.0000000000000000E+00,
   1.0000000000000000E+00));
#46120=DIRECTION('',(1.0000000000000000E+00,0.0000000000000000E+00,
   0.0000000000000000E+00));
#46130=AXIS2_PLACEMENT_3D('',#46100,#46110,#46120);
#46140=CIRCLE('',#46130,9.5118357404519926E-01);
#46150=CARTESIAN_POINT('',(-3.0133736296122073E+00,
   7.4966528997741690E+00,3.8099999999999996E+00));
#46160=VERTEX_POINT('',#46150);
#46170=EDGE_CURVE('',#45840,#46160,#46140,.T.);
#46180=ORIENTED_EDGE('',*,*,#46170,.F.);
#46190=CARTESIAN_POINT('',(-3.0133736296122073E+00,
   7.4966528997741690E+00,3.8099999999999996E+00));
#46200=DIRECTION('',(0.0000000000000000E+00,0.0000000000000000E+00,
   1.0000000000000000E+00));
#46210=VECTOR('',#46200,1.0000000000000000E+00);
#46220=LINE('',#46190,#46210);
#46230=EDGE_CURVE('',#42240,#46160,#46220,.T.);
#46240=ORIENTED_EDGE('',*,*,#46230,.T.);
#46250=ORIENTED_EDGE('',*,*,#42250,.T.);
#46260=ORIENTED_EDGE('',*,*,#45910,.T.);
#46270=EDGE_LOOP('',(#46260,#46250,#46240,#46180));
#46280=FACE_OUTER_BOUND('',#46270,.T.);
#46290=ADVANCED_FACE('',(#46280),#46090,.T.);
#46300=COLOUR_RGB('',5.0196081399917603E-01,1.0000000000000000E+00,
   5.0196081399917603E-01);
#46310=FILL_AREA_STYLE_COLOUR('',#46300);
#46320=FILL_AREA_STYLE('',(#46310));
#46330=SURFACE_STYLE_FILL_AREA(#46320);
#46340=SURFACE_SIDE_STYLE('',(#46330));
#46350=SURFACE_STYLE_USAGE(.BOTH.,#46340);
#46360=PRESENTATION_STYLE_ASSIGNMENT((#46350));
#46370=CARTESIAN_POINT('',(-3.9772088534714243E+00,
   8.4478364738193505E+00,3.8099999999999996E+00));
#46380=DIRECTION('',(-0.0000000000000000E+00,-1.0000000000000000E+00,
   -0.0000000000000000E+00));
#46390=DIRECTION('',(-1.0000000000000000E+00,0.0000000000000000E+00,
   0.0000000000000000E+00));
#46400=AXIS2_PLACEMENT_3D('',#46370,#46380,#46390);
#46410=PLANE('',#46400);
#46420=CARTESIAN_POINT('',(0.0000000000000000E+00,8.4478364738193505E+00
   ,3.8099999999999996E+00));
#46430=DIRECTION('',(1.0000000000000000E+00,0.0000000000000000E+00,
   0.0000000000000000E+00));
#46440=VECTOR('',#46430,1.0000000000000000E+00);
#46450=LINE('',#46420,#46440);
#46460=CARTESIAN_POINT('',(-3.9772088534714243E+00,
   8.4478364738193505E+00,3.8099999999999996E+00));
#46470=VERTEX_POINT('',#46460);
#46480=CARTESIAN_POINT('',(-3.9645572036574066E+00,
   8.4478364738193648E+00,3.8099999999999996E+00));
#46490=VERTEX_POINT('',#46480);
#46500=EDGE_CURVE('',#46470,#46490,#46450,.T.);
#46510=ORIENTED_EDGE('',*,*,#46500,.T.);
#46520=CARTESIAN_POINT('',(-3.9772088534714243E+00,
   8.4478364738193505E+00,3.8099999999999996E+00));
#46530=DIRECTION('',(0.0000000000000000E+00,0.0000000000000000E+00,
   -1.0000000000000000E+00));
#46540=VECTOR('',#46530,1.0000000000000000E+00);
#46550=LINE('',#46520,#46540);
#46560=EDGE_CURVE('',#46470,#42360,#46550,.T.);
#46570=ORIENTED_EDGE('',*,*,#46560,.F.);
#46580=ORIENTED_EDGE('',*,*,#42370,.T.);
#46590=CARTESIAN_POINT('',(-3.9645572036574066E+00,
   8.4478364738193505E+00,3.8099999999999996E+00));
#46600=DIRECTION('',(0.0000000000000000E+00,0.0000000000000000E+00,
   -1.0000000000000000E+00));
#46610=VECTOR('',#46600,1.0000000000000000E+00);
#46620=LINE('',#46590,#46610);
#46630=EDGE_CURVE('',#46490,#42280,#46620,.T.);
#46640=ORIENTED_EDGE('',*,*,#46630,.T.);
#46650=EDGE_LOOP('',(#46640,#46580,#46570,#46510));
#46660=FACE_OUTER_BOUND('',#46650,.T.);
#46670=ADVANCED_FACE('',(#46660),#46410,.F.);
#46680=COLOUR_RGB('',5.0196081399917603E-01,1.0000000000000000E+00,
   5.0196081399917603E-01);
#46690=FILL_AREA_STYLE_COLOUR('',#46680);
#46700=FILL_AREA_STYLE('',(#46690));
#46710=SURFACE_STYLE_FILL_AREA(#46700);
#46720=SURFACE_SIDE_STYLE('',(#46710));
#46730=SURFACE_STYLE_USAGE(.BOTH.,#46720);
#46740=PRESENTATION_STYLE_ASSIGNMENT((#46730));
#46750=CARTESIAN_POINT('',(-3.9772088534714243E+00,
   8.2897396143859083E+00,3.8099999999999996E+00));
#46760=DIRECTION('',(0.0000000000000000E+00,0.0000000000000000E+00,
   1.0000000000000000E+00));
#46770=DIRECTION('',(1.0000000000000000E+00,0.0000000000000000E+00,
   0.0000000000000000E+00));
#46780=AXIS2_PLACEMENT_3D('',#46750,#46760,#46770);
#46790=CYLINDRICAL_SURFACE('',#46780,1.5809685943344043E-01);
#46800=CARTESIAN_POINT('',(-3.9772088534714243E+00,
   8.2897396143859083E+00,3.8099999999999996E+00));
#46810=DIRECTION('',(0.0000000000000000E+00,0.0000000000000000E+00,
   1.0000000000000000E+00));
#46820=DIRECTION('',(1.0000000000000000E+00,0.0000000000000000E+00,
   0.0000000000000000E+00));
#46830=AXIS2_PLACEMENT_3D('',#46800,#46810,#46820);
#46840=CIRCLE('',#46830,1.5809685943344043E-01);
#46850=CARTESIAN_POINT('',(-4.1353057129048647E+00,
   8.2897396143859083E+00,3.8099999999999996E+00));
#46860=VERTEX_POINT('',#46850);
#46870=EDGE_CURVE('',#46470,#46860,#46840,.T.);
#46880=ORIENTED_EDGE('',*,*,#46870,.F.);
#46890=CARTESIAN_POINT('',(-4.1353057129048647E+00,
   8.2897396143859083E+00,3.8099999999999996E+00));
#46900=DIRECTION('',(0.0000000000000000E+00,0.0000000000000000E+00,
   1.0000000000000000E+00));
#46910=VECTOR('',#46900,1.0000000000000000E+00);
#46920=LINE('',#46890,#46910);
#46930=EDGE_CURVE('',#42450,#46860,#46920,.T.);
#46940=ORIENTED_EDGE('',*,*,#46930,.T.);
#46950=ORIENTED_EDGE('',*,*,#42460,.T.);
#46960=ORIENTED_EDGE('',*,*,#46560,.T.);
#46970=EDGE_LOOP('',(#46960,#46950,#46940,#46880));
#46980=FACE_OUTER_BOUND('',#46970,.T.);
#46990=ADVANCED_FACE('',(#46980),#46790,.T.);
#47000=COLOUR_RGB('',5.0196081399917603E-01,1.0000000000000000E+00,
   5.0196081399917603E-01);
#47010=FILL_AREA_STYLE_COLOUR('',#47000);
#47020=FILL_AREA_STYLE('',(#47010));
#47030=SURFACE_STYLE_FILL_AREA(#47020);
#47040=SURFACE_SIDE_STYLE('',(#47030));
#47050=SURFACE_STYLE_USAGE(.BOTH.,#47040);
#47060=PRESENTATION_STYLE_ASSIGNMENT((#47050));
#47070=CARTESIAN_POINT('',(-4.1353057129050086E+00,
   8.0497906634130914E+00,3.8099999999999996E+00));
#47080=DIRECTION('',(1.0000000000000000E+00,0.0000000000000000E+00,
   0.0000000000000000E+00));
#47090=DIRECTION('',(0.0000000000000000E+00,-1.0000000000000000E+00,
   0.0000000000000000E+00));
#47100=AXIS2_PLACEMENT_3D('',#47070,#47080,#47090);
#47110=PLANE('',#47100);
#47120=CARTESIAN_POINT('',(-4.1353057129050086E+00,
   0.0000000000000000E+00,3.8099999999999996E+00));
#47130=DIRECTION('',(0.0000000000000000E+00,1.0000000000000000E+00,
   0.0000000000000000E+00));
#47140=VECTOR('',#47130,1.0000000000000000E+00);
#47150=LINE('',#47120,#47140);
#47160=EDGE_CURVE('',#44510,#46860,#47150,.T.);
#47170=ORIENTED_EDGE('',*,*,#47160,.T.);
#47180=ORIENTED_EDGE('',*,*,#44600,.T.);
#47190=ORIENTED_EDGE('',*,*,#42540,.F.);
#47200=ORIENTED_EDGE('',*,*,#46930,.F.);
#47210=EDGE_LOOP('',(#47200,#47190,#47180,#47170));
#47220=FACE_OUTER_BOUND('',#47210,.T.);
#47230=ADVANCED_FACE('',(#47220),#47110,.F.);
#47240=COLOUR_RGB('',5.0196081399917603E-01,1.0000000000000000E+00,
   5.0196081399917603E-01);
#47250=FILL_AREA_STYLE_COLOUR('',#47240);
#47260=FILL_AREA_STYLE('',(#47250));
#47270=SURFACE_STYLE_FILL_AREA(#47260);
#47280=SURFACE_SIDE_STYLE('',(#47270));
#47290=SURFACE_STYLE_USAGE(.BOTH.,#47280);
#47300=PRESENTATION_STYLE_ASSIGNMENT((#47290));
#47310=ORIENTED_EDGE('',*,*,#44860,.T.);
#47320=EDGE_CURVE('',#44830,#44120,#44100,.T.);
#47330=ORIENTED_EDGE('',*,*,#47320,.F.);
#47340=ORIENTED_EDGE('',*,*,#44150,.F.);
#47350=ORIENTED_EDGE('',*,*,#44520,.T.);
#47360=ORIENTED_EDGE('',*,*,#47160,.F.);
#47370=ORIENTED_EDGE('',*,*,#46870,.T.);
#47380=ORIENTED_EDGE('',*,*,#46500,.F.);
#47390=EDGE_CURVE('',#46160,#46490,#46140,.T.);
#47400=ORIENTED_EDGE('',*,*,#47390,.T.);
#47410=ORIENTED_EDGE('',*,*,#46170,.T.);
#47420=ORIENTED_EDGE('',*,*,#45850,.F.);
#47430=ORIENTED_EDGE('',*,*,#45540,.T.);
#47440=ORIENTED_EDGE('',*,*,#45220,.F.);
#47450=EDGE_LOOP('',(#47440,#47430,#47420,#47410,#47400,#47380,#47370,
   #47360,#47350,#47340,#47330,#47310));
#47460=FACE_OUTER_BOUND('',#47450,.T.);
#47470=ADVANCED_FACE('',(#47460),#38050,.T.);
#47480=COLOUR_RGB('',5.0196081399917603E-01,1.0000000000000000E+00,
   5.0196081399917603E-01);
#47490=FILL_AREA_STYLE_COLOUR('',#47480);
#47500=FILL_AREA_STYLE('',(#47490));
#47510=SURFACE_STYLE_FILL_AREA(#47500);
#47520=SURFACE_SIDE_STYLE('',(#47510));
#47530=SURFACE_STYLE_USAGE(.BOTH.,#47520);
#47540=PRESENTATION_STYLE_ASSIGNMENT((#47530));
#47550=CARTESIAN_POINT('',(-4.3559308612841079E+00,
   8.2897396143858302E+00,3.8099999999999996E+00));
#47560=DIRECTION('',(-1.0000000000000000E+00,0.0000000000000000E+00,
   0.0000000000000000E+00));
#47570=DIRECTION('',(0.0000000000000000E+00,1.0000000000000000E+00,
   0.0000000000000000E+00));
#47580=AXIS2_PLACEMENT_3D('',#47550,#47560,#47570);
#47590=PLANE('',#47580);
#47600=CARTESIAN_POINT('',(-4.3559308612841079E+00,
   0.0000000000000000E+00,3.8099999999999996E+00));
#47610=DIRECTION('',(0.0000000000000000E+00,-1.0000000000000000E+00,
   0.0000000000000000E+00));
#47620=VECTOR('',#47610,1.0000000000000000E+00);
#47630=LINE('',#47600,#47620);
#47640=CARTESIAN_POINT('',(-4.3559308612841079E+00,
   8.2897396143859083E+00,3.8099999999999996E+00));
#47650=VERTEX_POINT('',#47640);
#47660=CARTESIAN_POINT('',(-4.3559308612842997E+00,
   8.0497906634130914E+00,3.8099999999999996E+00));
#47670=VERTEX_POINT('',#47660);
#47680=EDGE_CURVE('',#47650,#47670,#47630,.T.);
#47690=ORIENTED_EDGE('',*,*,#47680,.T.);
#47700=CARTESIAN_POINT('',(-4.3559308612841079E+00,
   8.2897396143859083E+00,3.8099999999999996E+00));
#47710=DIRECTION('',(0.0000000000000000E+00,0.0000000000000000E+00,
   1.0000000000000000E+00));
#47720=VECTOR('',#47710,1.0000000000000000E+00);
#47730=LINE('',#47700,#47720);
#47740=EDGE_CURVE('',#42750,#47650,#47730,.T.);
#47750=ORIENTED_EDGE('',*,*,#47740,.T.);
#47760=ORIENTED_EDGE('',*,*,#43740,.F.);
#47770=CARTESIAN_POINT('',(-4.3559308612842997E+00,
   8.0497906634130914E+00,3.8099999999999996E+00));
#47780=DIRECTION('',(0.0000000000000000E+00,0.0000000000000000E+00,
   1.0000000000000000E+00));
#47790=VECTOR('',#47780,1.0000000000000000E+00);
#47800=LINE('',#47770,#47790);
#47810=EDGE_CURVE('',#43670,#47670,#47800,.T.);
#47820=ORIENTED_EDGE('',*,*,#47810,.F.);
#47830=EDGE_LOOP('',(#47820,#47760,#47750,#47690));
#47840=FACE_OUTER_BOUND('',#47830,.T.);
#47850=ADVANCED_FACE('',(#47840),#47590,.F.);
#47860=COLOUR_RGB('',5.0196081399917603E-01,1.0000000000000000E+00,
   5.0196081399917603E-01);
#47870=FILL_AREA_STYLE_COLOUR('',#47860);
#47880=FILL_AREA_STYLE('',(#47870));
#47890=SURFACE_STYLE_FILL_AREA(#47880);
#47900=SURFACE_SIDE_STYLE('',(#47890));
#47910=SURFACE_STYLE_USAGE(.BOTH.,#47900);
#47920=PRESENTATION_STYLE_ASSIGNMENT((#47910));
#47930=CARTESIAN_POINT('',(-4.5140277207177206E+00,
   8.0497906634130914E+00,3.8099999999999996E+00));
#47940=DIRECTION('',(0.0000000000000000E+00,0.0000000000000000E+00,
   1.0000000000000000E+00));
#47950=DIRECTION('',(1.0000000000000000E+00,0.0000000000000000E+00,
   0.0000000000000000E+00));
#47960=AXIS2_PLACEMENT_3D('',#47930,#47940,#47950);
#47970=CYLINDRICAL_SURFACE('',#47960,1.5809685943342069E-01);
#47980=CARTESIAN_POINT('',(-4.5140277207177206E+00,
   8.0497906634130914E+00,3.8099999999999996E+00));
#47990=DIRECTION('',(0.0000000000000000E+00,0.0000000000000000E+00,
   1.0000000000000000E+00));
#48000=DIRECTION('',(1.0000000000000000E+00,0.0000000000000000E+00,
   0.0000000000000000E+00));
#48010=AXIS2_PLACEMENT_3D('',#47980,#47990,#48000);
#48020=CIRCLE('',#48010,1.5809685943342069E-01);
#48030=CARTESIAN_POINT('',(-4.4450081520718214E+00,
   7.9075552384773715E+00,3.8099999999999996E+00));
#48040=VERTEX_POINT('',#48030);
#48050=EDGE_CURVE('',#48040,#47670,#48020,.T.);
#48060=ORIENTED_EDGE('',*,*,#48050,.F.);
#48070=ORIENTED_EDGE('',*,*,#47810,.T.);
#48080=ORIENTED_EDGE('',*,*,#43680,.T.);
#48090=CARTESIAN_POINT('',(-4.4450081520718214E+00,
   7.9075552384773715E+00,3.8099999999999996E+00));
#48100=DIRECTION('',(0.0000000000000000E+00,0.0000000000000000E+00,
   -1.0000000000000000E+00));
#48110=VECTOR('',#48100,1.0000000000000000E+00);
#48120=LINE('',#48090,#48110);
#48130=EDGE_CURVE('',#48040,#43580,#48120,.T.);
#48140=ORIENTED_EDGE('',*,*,#48130,.T.);
#48150=EDGE_LOOP('',(#48140,#48080,#48070,#48060));
#48160=FACE_OUTER_BOUND('',#48150,.T.);
#48170=ADVANCED_FACE('',(#48160),#47970,.T.);
#48180=COLOUR_RGB('',5.0196081399917603E-01,1.0000000000000000E+00,
   5.0196081399917603E-01);
#48190=FILL_AREA_STYLE_COLOUR('',#48180);
#48200=FILL_AREA_STYLE('',(#48190));
#48210=SURFACE_STYLE_FILL_AREA(#48200);
#48220=SURFACE_SIDE_STYLE('',(#48210));
#48230=SURFACE_STYLE_USAGE(.BOTH.,#48220);
#48240=PRESENTATION_STYLE_ASSIGNMENT((#48230));
#48250=CARTESIAN_POINT('',(-4.5140277207177206E+00,
   8.2897396143859083E+00,3.8099999999999996E+00));
#48260=DIRECTION('',(0.0000000000000000E+00,0.0000000000000000E+00,
   1.0000000000000000E+00));
#48270=DIRECTION('',(1.0000000000000000E+00,0.0000000000000000E+00,
   0.0000000000000000E+00));
#48280=AXIS2_PLACEMENT_3D('',#48250,#48260,#48270);
#48290=CYLINDRICAL_SURFACE('',#48280,1.5809685943361274E-01);
#48300=CARTESIAN_POINT('',(-4.5140277207177206E+00,
   8.2897396143859083E+00,3.8099999999999996E+00));
#48310=DIRECTION('',(0.0000000000000000E+00,0.0000000000000000E+00,
   1.0000000000000000E+00));
#48320=DIRECTION('',(1.0000000000000000E+00,0.0000000000000000E+00,
   0.0000000000000000E+00));
#48330=AXIS2_PLACEMENT_3D('',#48300,#48310,#48320);
#48340=CIRCLE('',#48330,1.5809685943361274E-01);
#48350=CARTESIAN_POINT('',(-4.5140277207177206E+00,
   8.4478364738195211E+00,3.8099999999999996E+00));
#48360=VERTEX_POINT('',#48350);
#48370=EDGE_CURVE('',#47650,#48360,#48340,.T.);
#48380=ORIENTED_EDGE('',*,*,#48370,.F.);
#48390=CARTESIAN_POINT('',(-4.5140277207177206E+00,
   8.4478364738193505E+00,3.8099999999999996E+00));
#48400=DIRECTION('',(0.0000000000000000E+00,0.0000000000000000E+00,
   -1.0000000000000000E+00));
#48410=VECTOR('',#48400,1.0000000000000000E+00);
#48420=LINE('',#48390,#48410);
#48430=EDGE_CURVE('',#48360,#42770,#48420,.T.);
#48440=ORIENTED_EDGE('',*,*,#48430,.F.);
#48450=ORIENTED_EDGE('',*,*,#42780,.T.);
#48460=ORIENTED_EDGE('',*,*,#47740,.F.);
#48470=EDGE_LOOP('',(#48460,#48450,#48440,#48380));
#48480=FACE_OUTER_BOUND('',#48470,.T.);
#48490=ADVANCED_FACE('',(#48480),#48290,.T.);
#48500=COLOUR_RGB('',5.0196081399917603E-01,1.0000000000000000E+00,
   5.0196081399917603E-01);
#48510=FILL_AREA_STYLE_COLOUR('',#48500);
#48520=FILL_AREA_STYLE('',(#48510));
#48530=SURFACE_STYLE_FILL_AREA(#48520);
#48540=SURFACE_SIDE_STYLE('',(#48530));
#48550=SURFACE_STYLE_USAGE(.BOTH.,#48540);
#48560=PRESENTATION_STYLE_ASSIGNMENT((#48550));
#48570=CARTESIAN_POINT('',(-5.1906471695588294E+00,
   8.4478364738193719E+00,3.8099999999999996E+00));
#48580=DIRECTION('',(-2.8878751958534577E-14,-1.0000000000000000E+00,
   -0.0000000000000000E+00));
#48590=DIRECTION('',(-1.0000000000000000E+00,2.8878751958534577E-14,
   0.0000000000000000E+00));
#48600=AXIS2_PLACEMENT_3D('',#48570,#48580,#48590);
#48610=PLANE('',#48600);
#48620=CARTESIAN_POINT('',(0.0000000000000000E+00,8.4478364738192226E+00
   ,3.8099999999999996E+00));
#48630=DIRECTION('',(1.0000000000000000E+00,-2.8878751958534577E-14,
   0.0000000000000000E+00));
#48640=VECTOR('',#48630,1.0000000000000000E+00);
#48650=LINE('',#48620,#48640);
#48660=CARTESIAN_POINT('',(-5.1906471695588294E+00,
   8.4478364738193719E+00,3.8099999999999996E+00));
#48670=VERTEX_POINT('',#48660);
#48680=EDGE_CURVE('',#48670,#48360,#48650,.T.);
#48690=ORIENTED_EDGE('',*,*,#48680,.T.);
#48700=CARTESIAN_POINT('',(-5.1906471695588294E+00,
   8.4478364738193719E+00,3.8099999999999996E+00));
#48710=DIRECTION('',(0.0000000000000000E+00,0.0000000000000000E+00,
   -1.0000000000000000E+00));
#48720=VECTOR('',#48710,1.0000000000000000E+00);
#48730=LINE('',#48700,#48720);
#48740=EDGE_CURVE('',#48670,#42850,#48730,.T.);
#48750=ORIENTED_EDGE('',*,*,#48740,.F.);
#48760=ORIENTED_EDGE('',*,*,#42860,.F.);
#48770=ORIENTED_EDGE('',*,*,#48430,.T.);
#48780=EDGE_LOOP('',(#48770,#48760,#48750,#48690));
#48790=FACE_OUTER_BOUND('',#48780,.T.);
#48800=ADVANCED_FACE('',(#48790),#48610,.F.);
#48810=COLOUR_RGB('',5.0196081399917603E-01,1.0000000000000000E+00,
   5.0196081399917603E-01);
#48820=FILL_AREA_STYLE_COLOUR('',#48810);
#48830=FILL_AREA_STYLE('',(#48820));
#48840=SURFACE_STYLE_FILL_AREA(#48830);
#48850=SURFACE_SIDE_STYLE('',(#48840));
#48860=SURFACE_STYLE_USAGE(.BOTH.,#48850);
#48870=PRESENTATION_STYLE_ASSIGNMENT((#48860));
#48880=CARTESIAN_POINT('',(-5.1906471695588294E+00,
   8.2897396143859297E+00,3.8099999999999996E+00));
#48890=DIRECTION('',(0.0000000000000000E+00,0.0000000000000000E+00,
   1.0000000000000000E+00));
#48900=DIRECTION('',(1.0000000000000000E+00,0.0000000000000000E+00,
   0.0000000000000000E+00));
#48910=AXIS2_PLACEMENT_3D('',#48880,#48890,#48900);
#48920=CYLINDRICAL_SURFACE('',#48910,1.5809685943344043E-01);
#48930=CARTESIAN_POINT('',(-5.1906471695588294E+00,
   8.2897396143859297E+00,3.8099999999999996E+00));
#48940=DIRECTION('',(0.0000000000000000E+00,0.0000000000000000E+00,
   1.0000000000000000E+00));
#48950=DIRECTION('',(1.0000000000000000E+00,0.0000000000000000E+00,
   0.0000000000000000E+00));
#48960=AXIS2_PLACEMENT_3D('',#48930,#48940,#48950);
#48970=CIRCLE('',#48960,1.5809685943344043E-01);
#48980=CARTESIAN_POINT('',(-5.3487440289922699E+00,
   8.2897396143859297E+00,3.8099999999999996E+00));
#48990=VERTEX_POINT('',#48980);
#49000=EDGE_CURVE('',#48670,#48990,#48970,.T.);
#49010=ORIENTED_EDGE('',*,*,#49000,.F.);
#49020=CARTESIAN_POINT('',(-5.3487440289922699E+00,
   8.2897396143859297E+00,3.8099999999999996E+00));
#49030=DIRECTION('',(0.0000000000000000E+00,0.0000000000000000E+00,
   1.0000000000000000E+00));
#49040=VECTOR('',#49030,1.0000000000000000E+00);
#49050=LINE('',#49020,#49040);
#49060=EDGE_CURVE('',#42940,#48990,#49050,.T.);
#49070=ORIENTED_EDGE('',*,*,#49060,.T.);
#49080=ORIENTED_EDGE('',*,*,#42950,.T.);
#49090=ORIENTED_EDGE('',*,*,#48740,.T.);
#49100=EDGE_LOOP('',(#49090,#49080,#49070,#49010));
#49110=FACE_OUTER_BOUND('',#49100,.T.);
#49120=ADVANCED_FACE('',(#49110),#48920,.T.);
#49130=COLOUR_RGB('',5.0196081399917603E-01,1.0000000000000000E+00,
   5.0196081399917603E-01);
#49140=FILL_AREA_STYLE_COLOUR('',#49130);
#49150=FILL_AREA_STYLE('',(#49140));
#49160=SURFACE_STYLE_FILL_AREA(#49150);
#49170=SURFACE_SIDE_STYLE('',(#49160));
#49180=SURFACE_STYLE_USAGE(.BOTH.,#49170);
#49190=PRESENTATION_STYLE_ASSIGNMENT((#49180));
#49200=CARTESIAN_POINT('',(-5.3487440289923285E+00,
   6.2559503856218726E+00,3.8099999999999996E+00));
#49210=DIRECTION('',(1.0000000000000000E+00,0.0000000000000000E+00,
   0.0000000000000000E+00));
#49220=DIRECTION('',(0.0000000000000000E+00,-1.0000000000000000E+00,
   0.0000000000000000E+00));
#49230=AXIS2_PLACEMENT_3D('',#49200,#49210,#49220);
#49240=PLANE('',#49230);
#49250=CARTESIAN_POINT('',(-5.3487440289923285E+00,
   0.0000000000000000E+00,3.8099999999999996E+00));
#49260=DIRECTION('',(0.0000000000000000E+00,1.0000000000000000E+00,
   0.0000000000000000E+00));
#49270=VECTOR('',#49260,1.0000000000000000E+00);
#49280=LINE('',#49250,#49270);
#49290=CARTESIAN_POINT('',(-5.3487440289923285E+00,
   6.2559503856218726E+00,3.8099999999999996E+00));
#49300=VERTEX_POINT('',#49290);
#49310=EDGE_CURVE('',#49300,#48990,#49280,.T.);
#49320=ORIENTED_EDGE('',*,*,#49310,.T.);
#49330=CARTESIAN_POINT('',(-5.3487440289923285E+00,
   6.2559503856218726E+00,3.8099999999999996E+00));
#49340=DIRECTION('',(0.0000000000000000E+00,0.0000000000000000E+00,
   1.0000000000000000E+00));
#49350=VECTOR('',#49340,1.0000000000000000E+00);
#49360=LINE('',#49330,#49350);
#49370=EDGE_CURVE('',#43020,#49300,#49360,.T.);
#49380=ORIENTED_EDGE('',*,*,#49370,.T.);
#49390=ORIENTED_EDGE('',*,*,#43030,.T.);
#49400=ORIENTED_EDGE('',*,*,#49060,.F.);
#49410=EDGE_LOOP('',(#49400,#49390,#49380,#49320));
#49420=FACE_OUTER_BOUND('',#49410,.T.);
#49430=ADVANCED_FACE('',(#49420),#49240,.F.);
#49440=COLOUR_RGB('',5.0196081399917603E-01,1.0000000000000000E+00,
   5.0196081399917603E-01);
#49450=FILL_AREA_STYLE_COLOUR('',#49440);
#49460=FILL_AREA_STYLE('',(#49450));
#49470=SURFACE_STYLE_FILL_AREA(#49460);
#49480=SURFACE_SIDE_STYLE('',(#49470));
#49490=SURFACE_STYLE_USAGE(.BOTH.,#49480);
#49500=PRESENTATION_STYLE_ASSIGNMENT((#49490));
#49510=CARTESIAN_POINT('',(-5.1906471695588294E+00,
   6.2559503856218726E+00,3.8099999999999996E+00));
#49520=DIRECTION('',(0.0000000000000000E+00,0.0000000000000000E+00,
   1.0000000000000000E+00));
#49530=DIRECTION('',(1.0000000000000000E+00,0.0000000000000000E+00,
   0.0000000000000000E+00));
#49540=AXIS2_PLACEMENT_3D('',#49510,#49520,#49530);
#49550=CYLINDRICAL_SURFACE('',#49540,1.5809685943349905E-01);
#49560=CARTESIAN_POINT('',(-5.1906471695588294E+00,
   6.2559503856218726E+00,3.8099999999999996E+00));
#49570=DIRECTION('',(0.0000000000000000E+00,0.0000000000000000E+00,
   1.0000000000000000E+00));
#49580=DIRECTION('',(1.0000000000000000E+00,0.0000000000000000E+00,
   0.0000000000000000E+00));
#49590=AXIS2_PLACEMENT_3D('',#49560,#49570,#49580);
#49600=CIRCLE('',#49590,1.5809685943349905E-01);
#49610=CARTESIAN_POINT('',(-5.1906471695588294E+00,
   6.0978535261883735E+00,3.8099999999999996E+00));
#49620=VERTEX_POINT('',#49610);
#49630=EDGE_CURVE('',#49300,#49620,#49600,.T.);
#49640=ORIENTED_EDGE('',*,*,#49630,.F.);
#49650=CARTESIAN_POINT('',(-5.1906471695588294E+00,
   6.0978535261884304E+00,3.8099999999999996E+00));
#49660=DIRECTION('',(0.0000000000000000E+00,0.0000000000000000E+00,
   -1.0000000000000000E+00));
#49670=VECTOR('',#49660,1.0000000000000000E+00);
#49680=LINE('',#49650,#49670);
#49690=EDGE_CURVE('',#49620,#43110,#49680,.T.);
#49700=ORIENTED_EDGE('',*,*,#49690,.F.);
#49710=ORIENTED_EDGE('',*,*,#43120,.T.);
#49720=ORIENTED_EDGE('',*,*,#49370,.F.);
#49730=EDGE_LOOP('',(#49720,#49710,#49700,#49640));
#49740=FACE_OUTER_BOUND('',#49730,.T.);
#49750=ADVANCED_FACE('',(#49740),#49550,.T.);
#49760=COLOUR_RGB('',5.0196081399917603E-01,1.0000000000000000E+00,
   5.0196081399917603E-01);
#49770=FILL_AREA_STYLE_COLOUR('',#49760);
#49780=FILL_AREA_STYLE('',(#49770));
#49790=SURFACE_STYLE_FILL_AREA(#49780);
#49800=SURFACE_SIDE_STYLE('',(#49790));
#49810=SURFACE_STYLE_USAGE(.BOTH.,#49800);
#49820=PRESENTATION_STYLE_ASSIGNMENT((#49810));
#49830=CARTESIAN_POINT('',(-4.5140277207177206E+00,
   6.0978535261884304E+00,3.8099999999999996E+00));
#49840=DIRECTION('',(-0.0000000000000000E+00,1.0000000000000000E+00,
   0.0000000000000000E+00));
#49850=DIRECTION('',(1.0000000000000000E+00,0.0000000000000000E+00,
   0.0000000000000000E+00));
#49860=AXIS2_PLACEMENT_3D('',#49830,#49840,#49850);
#49870=PLANE('',#49860);
#49880=CARTESIAN_POINT('',(0.0000000000000000E+00,6.0978535261884304E+00
   ,3.8099999999999996E+00));
#49890=DIRECTION('',(-1.0000000000000000E+00,0.0000000000000000E+00,
   0.0000000000000000E+00));
#49900=VECTOR('',#49890,1.0000000000000000E+00);
#49910=LINE('',#49880,#49900);
#49920=CARTESIAN_POINT('',(-4.5140277207177206E+00,
   6.0978535261884304E+00,3.8099999999999996E+00));
#49930=VERTEX_POINT('',#49920);
#49940=EDGE_CURVE('',#49930,#49620,#49910,.T.);
#49950=ORIENTED_EDGE('',*,*,#49940,.T.);
#49960=CARTESIAN_POINT('',(-4.5140277207177206E+00,
   6.0978535261884304E+00,3.8099999999999996E+00));
#49970=DIRECTION('',(0.0000000000000000E+00,0.0000000000000000E+00,
   -1.0000000000000000E+00));
#49980=VECTOR('',#49970,1.0000000000000000E+00);
#49990=LINE('',#49960,#49980);
#50000=EDGE_CURVE('',#49930,#43190,#49990,.T.);
#50010=ORIENTED_EDGE('',*,*,#50000,.F.);
#50020=ORIENTED_EDGE('',*,*,#43200,.F.);
#50030=ORIENTED_EDGE('',*,*,#49690,.T.);
#50040=EDGE_LOOP('',(#50030,#50020,#50010,#49950));
#50050=FACE_OUTER_BOUND('',#50040,.T.);
#50060=ADVANCED_FACE('',(#50050),#49870,.F.);
#50070=COLOUR_RGB('',5.0196081399917603E-01,1.0000000000000000E+00,
   5.0196081399917603E-01);
#50080=FILL_AREA_STYLE_COLOUR('',#50070);
#50090=FILL_AREA_STYLE('',(#50080));
#50100=SURFACE_STYLE_FILL_AREA(#50090);
#50110=SURFACE_SIDE_STYLE('',(#50100));
#50120=SURFACE_STYLE_USAGE(.BOTH.,#50110);
#50130=PRESENTATION_STYLE_ASSIGNMENT((#50120));
#50140=CARTESIAN_POINT('',(-4.5140277207177206E+00,
   6.2559503856218726E+00,3.8099999999999996E+00));
#50150=DIRECTION('',(0.0000000000000000E+00,0.0000000000000000E+00,
   1.0000000000000000E+00));
#50160=DIRECTION('',(1.0000000000000000E+00,0.0000000000000000E+00,
   0.0000000000000000E+00));
#50170=AXIS2_PLACEMENT_3D('',#50140,#50150,#50160);
#50180=CYLINDRICAL_SURFACE('',#50170,1.5809685943343865E-01);
#50190=CARTESIAN_POINT('',(-4.5140277207177206E+00,
   6.2559503856218726E+00,3.8099999999999996E+00));
#50200=DIRECTION('',(0.0000000000000000E+00,0.0000000000000000E+00,
   1.0000000000000000E+00));
#50210=DIRECTION('',(1.0000000000000000E+00,0.0000000000000000E+00,
   0.0000000000000000E+00));
#50220=AXIS2_PLACEMENT_3D('',#50190,#50200,#50210);
#50230=CIRCLE('',#50220,1.5809685943343865E-01);
#50240=CARTESIAN_POINT('',(-4.3559308612842820E+00,
   6.2559503856218726E+00,3.8099999999999996E+00));
#50250=VERTEX_POINT('',#50240);
#50260=EDGE_CURVE('',#49930,#50250,#50230,.T.);
#50270=ORIENTED_EDGE('',*,*,#50260,.F.);
#50280=CARTESIAN_POINT('',(-4.3559308612842820E+00,
   6.2559503856218726E+00,3.8099999999999996E+00));
#50290=DIRECTION('',(0.0000000000000000E+00,0.0000000000000000E+00,
   1.0000000000000000E+00));
#50300=VECTOR('',#50290,1.0000000000000000E+00);
#50310=LINE('',#50280,#50300);
#50320=EDGE_CURVE('',#43280,#50250,#50310,.T.);
#50330=ORIENTED_EDGE('',*,*,#50320,.T.);
#50340=ORIENTED_EDGE('',*,*,#43290,.T.);
#50350=ORIENTED_EDGE('',*,*,#50000,.T.);
#50360=EDGE_LOOP('',(#50350,#50340,#50330,#50270));
#50370=FACE_OUTER_BOUND('',#50360,.T.);
#50380=ADVANCED_FACE('',(#50370),#50180,.T.);
#50390=COLOUR_RGB('',5.0196081399917603E-01,1.0000000000000000E+00,
   5.0196081399917603E-01);
#50400=FILL_AREA_STYLE_COLOUR('',#50390);
#50410=FILL_AREA_STYLE('',(#50400));
#50420=SURFACE_STYLE_FILL_AREA(#50410);
#50430=SURFACE_SIDE_STYLE('',(#50420));
#50440=SURFACE_STYLE_USAGE(.BOTH.,#50430);
#50450=PRESENTATION_STYLE_ASSIGNMENT((#50440));
#50460=CARTESIAN_POINT('',(-4.3559308612844205E+00,
   6.9435151361353320E+00,3.8099999999999996E+00));
#50470=DIRECTION('',(-1.0000000000000000E+00,0.0000000000000000E+00,
   0.0000000000000000E+00));
#50480=DIRECTION('',(0.0000000000000000E+00,1.0000000000000000E+00,
   0.0000000000000000E+00));
#50490=AXIS2_PLACEMENT_3D('',#50460,#50470,#50480);
#50500=PLANE('',#50490);
#50510=CARTESIAN_POINT('',(-4.3559308612844205E+00,
   0.0000000000000000E+00,3.8099999999999996E+00));
#50520=DIRECTION('',(0.0000000000000000E+00,-1.0000000000000000E+00,
   0.0000000000000000E+00));
#50530=VECTOR('',#50520,1.0000000000000000E+00);
#50540=LINE('',#50510,#50530);
#50550=CARTESIAN_POINT('',(-4.3559308612844205E+00,
   6.9435151361353320E+00,3.8099999999999996E+00));
#50560=VERTEX_POINT('',#50550);
#50570=EDGE_CURVE('',#50560,#50250,#50540,.T.);
#50580=ORIENTED_EDGE('',*,*,#50570,.T.);
#50590=CARTESIAN_POINT('',(-4.3559308612844205E+00,
   6.9435151361353320E+00,3.8099999999999996E+00));
#50600=DIRECTION('',(0.0000000000000000E+00,0.0000000000000000E+00,
   1.0000000000000000E+00));
#50610=VECTOR('',#50600,1.0000000000000000E+00);
#50620=LINE('',#50590,#50610);
#50630=EDGE_CURVE('',#43360,#50560,#50620,.T.);
#50640=ORIENTED_EDGE('',*,*,#50630,.T.);
#50650=ORIENTED_EDGE('',*,*,#43370,.F.);
#50660=ORIENTED_EDGE('',*,*,#50320,.F.);
#50670=EDGE_LOOP('',(#50660,#50650,#50640,#50580));
#50680=FACE_OUTER_BOUND('',#50670,.T.);
#50690=ADVANCED_FACE('',(#50680),#50500,.F.);
#50700=COLOUR_RGB('',5.0196081399917603E-01,1.0000000000000000E+00,
   5.0196081399917603E-01);
#50710=FILL_AREA_STYLE_COLOUR('',#50700);
#50720=FILL_AREA_STYLE('',(#50710));
#50730=SURFACE_STYLE_FILL_AREA(#50720);
#50740=SURFACE_SIDE_STYLE('',(#50730));
#50750=SURFACE_STYLE_USAGE(.BOTH.,#50740);
#50760=PRESENTATION_STYLE_ASSIGNMENT((#50750));
#50770=CARTESIAN_POINT('',(-4.5140277207177206E+00,
   6.9435151361353320E+00,3.8099999999999996E+00));
#50780=DIRECTION('',(0.0000000000000000E+00,0.0000000000000000E+00,
   1.0000000000000000E+00));
#50790=DIRECTION('',(1.0000000000000000E+00,0.0000000000000000E+00,
   0.0000000000000000E+00));
#50800=AXIS2_PLACEMENT_3D('',#50770,#50780,#50790);
#50810=CYLINDRICAL_SURFACE('',#50800,1.5809685943330010E-01);
#50820=CARTESIAN_POINT('',(-4.5140277207177206E+00,
   6.9435151361353320E+00,3.8099999999999996E+00));
#50830=DIRECTION('',(0.0000000000000000E+00,0.0000000000000000E+00,
   1.0000000000000000E+00));
#50840=DIRECTION('',(1.0000000000000000E+00,0.0000000000000000E+00,
   0.0000000000000000E+00));
#50850=AXIS2_PLACEMENT_3D('',#50820,#50830,#50840);
#50860=CIRCLE('',#50850,1.5809685943330010E-01);
#50870=CARTESIAN_POINT('',(-4.4450081520718712E+00,
   7.0857505610709381E+00,3.8099999999999996E+00));
#50880=VERTEX_POINT('',#50870);
#50890=EDGE_CURVE('',#50560,#50880,#50860,.T.);
#50900=ORIENTED_EDGE('',*,*,#50890,.F.);
#50910=CARTESIAN_POINT('',(-4.4450081520718214E+00,
   7.0857505610710305E+00,3.8099999999999996E+00));
#50920=DIRECTION('',(0.0000000000000000E+00,0.0000000000000000E+00,
   -1.0000000000000000E+00));
#50930=VECTOR('',#50920,1.0000000000000000E+00);
#50940=LINE('',#50910,#50930);
#50950=EDGE_CURVE('',#50880,#43450,#50940,.T.);
#50960=ORIENTED_EDGE('',*,*,#50950,.F.);
#50970=ORIENTED_EDGE('',*,*,#43460,.T.);
#50980=ORIENTED_EDGE('',*,*,#50630,.F.);
#50990=EDGE_LOOP('',(#50980,#50970,#50960,#50900));
#51000=FACE_OUTER_BOUND('',#50990,.T.);
#51010=ADVANCED_FACE('',(#51000),#50810,.T.);
#51020=COLOUR_RGB('',5.0196081399917603E-01,1.0000000000000000E+00,
   5.0196081399917603E-01);
#51030=FILL_AREA_STYLE_COLOUR('',#51020);
#51040=FILL_AREA_STYLE('',(#51030));
#51050=SURFACE_STYLE_FILL_AREA(#51040);
#51060=SURFACE_SIDE_STYLE('',(#51050));
#51070=SURFACE_STYLE_USAGE(.BOTH.,#51060);
#51080=PRESENTATION_STYLE_ASSIGNMENT((#51070));
#51090=CARTESIAN_POINT('',(-4.2456182870946151E+00,
   7.4966528997741690E+00,3.8099999999999996E+00));
#51100=DIRECTION('',(0.0000000000000000E+00,0.0000000000000000E+00,
   1.0000000000000000E+00));
#51110=DIRECTION('',(1.0000000000000000E+00,0.0000000000000000E+00,
   0.0000000000000000E+00));
#51120=AXIS2_PLACEMENT_3D('',#51090,#51100,#51110);
#51130=CYLINDRICAL_SURFACE('',#51120,4.5672426058551835E-01);
#51140=CARTESIAN_POINT('',(-4.2456182870946151E+00,
   7.4966528997741690E+00,3.8099999999999996E+00));
#51150=DIRECTION('',(0.0000000000000000E+00,0.0000000000000000E+00,
   1.0000000000000000E+00));
#51160=DIRECTION('',(1.0000000000000000E+00,0.0000000000000000E+00,
   0.0000000000000000E+00));
#51170=AXIS2_PLACEMENT_3D('',#51140,#51150,#51160);
#51180=CIRCLE('',#51170,4.5672426058551835E-01);
#51190=CARTESIAN_POINT('',(-4.7023425476801330E+00,
   7.4966528997741690E+00,3.8099999999999996E+00));
#51200=VERTEX_POINT('',#51190);
#51210=EDGE_CURVE('',#51200,#50880,#51180,.T.);
#51220=ORIENTED_EDGE('',*,*,#51210,.T.);
#51230=CARTESIAN_POINT('',(-4.7023425476801330E+00,
   7.4966528997741690E+00,3.8099999999999996E+00));
#51240=DIRECTION('',(0.0000000000000000E+00,0.0000000000000000E+00,
   1.0000000000000000E+00));
#51250=VECTOR('',#51240,1.0000000000000000E+00);
#51260=LINE('',#51230,#51250);
#51270=EDGE_CURVE('',#43540,#51200,#51260,.T.);
#51280=ORIENTED_EDGE('',*,*,#51270,.T.);
#51290=ORIENTED_EDGE('',*,*,#43550,.F.);
#51300=ORIENTED_EDGE('',*,*,#50950,.T.);
#51310=EDGE_LOOP('',(#51300,#51290,#51280,#51220));
#51320=FACE_OUTER_BOUND('',#51310,.T.);
#51330=ADVANCED_FACE('',(#51320),#51130,.F.);
#51340=COLOUR_RGB('',5.0196081399917603E-01,1.0000000000000000E+00,
   5.0196081399917603E-01);
#51350=FILL_AREA_STYLE_COLOUR('',#51340);
#51360=FILL_AREA_STYLE('',(#51350));
#51370=SURFACE_STYLE_FILL_AREA(#51360);
#51380=SURFACE_SIDE_STYLE('',(#51370));
#51390=SURFACE_STYLE_USAGE(.BOTH.,#51380);
#51400=PRESENTATION_STYLE_ASSIGNMENT((#51390));
#51410=ORIENTED_EDGE('',*,*,#50260,.T.);
#51420=ORIENTED_EDGE('',*,*,#49940,.F.);
#51430=ORIENTED_EDGE('',*,*,#49630,.T.);
#51440=ORIENTED_EDGE('',*,*,#49310,.F.);
#51450=ORIENTED_EDGE('',*,*,#49000,.T.);
#51460=ORIENTED_EDGE('',*,*,#48680,.F.);
#51470=ORIENTED_EDGE('',*,*,#48370,.T.);
#51480=ORIENTED_EDGE('',*,*,#47680,.F.);
#51490=ORIENTED_EDGE('',*,*,#48050,.T.);
#51500=EDGE_CURVE('',#48040,#51200,#51180,.T.);
#51510=ORIENTED_EDGE('',*,*,#51500,.F.);
#51520=ORIENTED_EDGE('',*,*,#51210,.F.);
#51530=ORIENTED_EDGE('',*,*,#50890,.T.);
#51540=ORIENTED_EDGE('',*,*,#50570,.F.);
#51550=EDGE_LOOP('',(#51540,#51530,#51520,#51510,#51490,#51480,#51470,
   #51460,#51450,#51440,#51430,#51420,#51410));
#51560=FACE_OUTER_BOUND('',#51550,.T.);
#51570=ADVANCED_FACE('',(#51560),#38050,.T.);
#51580=COLOUR_RGB('',5.0196081399917603E-01,1.0000000000000000E+00,
   5.0196081399917603E-01);
#51590=FILL_AREA_STYLE_COLOUR('',#51580);
#51600=FILL_AREA_STYLE('',(#51590));
#51610=SURFACE_STYLE_FILL_AREA(#51600);
#51620=SURFACE_SIDE_STYLE('',(#51610));
#51630=SURFACE_STYLE_USAGE(.BOTH.,#51620);
#51640=PRESENTATION_STYLE_ASSIGNMENT((#51630));
#51650=CARTESIAN_POINT('',(-4.2456182870946151E+00,
   7.4966528997741690E+00,3.8099999999999996E+00));
#51660=DIRECTION('',(0.0000000000000000E+00,0.0000000000000000E+00,
   1.0000000000000000E+00));
#51670=DIRECTION('',(1.0000000000000000E+00,0.0000000000000000E+00,
   0.0000000000000000E+00));
#51680=AXIS2_PLACEMENT_3D('',#51650,#51660,#51670);
#51690=CYLINDRICAL_SURFACE('',#51680,2.2836213029279406E-01);
#51700=CARTESIAN_POINT('',(-4.0172561568018210E+00,
   7.4966528997741690E+00,3.8099999999999996E+00));
#51710=DIRECTION('',(0.0000000000000000E+00,0.0000000000000000E+00,
   1.0000000000000000E+00));
#51720=VECTOR('',#51710,1.0000000000000000E+00);
#51730=LINE('',#51700,#51720);
#51740=CARTESIAN_POINT('',(-4.0172561568018210E+00,
   7.4966528997741690E+00,3.8099999999999996E+00));
#51750=VERTEX_POINT('',#51740);
#51760=EDGE_CURVE('',#43840,#51750,#51730,.T.);
#51770=ORIENTED_EDGE('',*,*,#51760,.T.);
#51780=ORIENTED_EDGE('',*,*,#43890,.T.);
#51790=CARTESIAN_POINT('',(-4.4739804173874091E+00,
   7.4966528997741690E+00,3.8099999999999996E+00));
#51800=DIRECTION('',(0.0000000000000000E+00,0.0000000000000000E+00,
   1.0000000000000000E+00));
#51810=VECTOR('',#51800,1.0000000000000000E+00);
#51820=LINE('',#51790,#51810);
#51830=CARTESIAN_POINT('',(-4.4739804173874091E+00,
   7.4966528997741690E+00,3.8099999999999996E+00));
#51840=VERTEX_POINT('',#51830);
#51850=EDGE_CURVE('',#43860,#51840,#51820,.T.);
#51860=ORIENTED_EDGE('',*,*,#51850,.F.);
#51870=CARTESIAN_POINT('',(-4.2456182870946151E+00,
   7.4966528997741690E+00,3.8099999999999996E+00));
#51880=DIRECTION('',(0.0000000000000000E+00,0.0000000000000000E+00,
   1.0000000000000000E+00));
#51890=DIRECTION('',(1.0000000000000000E+00,0.0000000000000000E+00,
   0.0000000000000000E+00));
#51900=AXIS2_PLACEMENT_3D('',#51870,#51880,#51890);
#51910=CIRCLE('',#51900,2.2836213029279406E-01);
#51920=EDGE_CURVE('',#51840,#51750,#51910,.T.);
#51930=ORIENTED_EDGE('',*,*,#51920,.F.);
#51940=EDGE_LOOP('',(#51930,#51860,#51780,#51770));
#51950=FACE_OUTER_BOUND('',#51940,.T.);
#51960=ADVANCED_FACE('',(#51950),#51690,.T.);
#51970=COLOUR_RGB('',5.0196081399917603E-01,1.0000000000000000E+00,
   5.0196081399917603E-01);
#51980=FILL_AREA_STYLE_COLOUR('',#51970);
#51990=FILL_AREA_STYLE('',(#51980));
#52000=SURFACE_STYLE_FILL_AREA(#51990);
#52010=SURFACE_SIDE_STYLE('',(#52000));
#52020=SURFACE_STYLE_USAGE(.BOTH.,#52010);
#52030=PRESENTATION_STYLE_ASSIGNMENT((#52020));
#52040=EDGE_CURVE('',#51750,#51840,#51910,.T.);
#52050=ORIENTED_EDGE('',*,*,#52040,.T.);
#52060=ORIENTED_EDGE('',*,*,#51920,.T.);
#52070=EDGE_LOOP('',(#52060,#52050));
#52080=FACE_OUTER_BOUND('',#52070,.T.);
#52090=ADVANCED_FACE('',(#52080),#38050,.T.);
#52100=COLOUR_RGB('',5.0196081399917603E-01,1.0000000000000000E+00,
   5.0196081399917603E-01);
#52110=FILL_AREA_STYLE_COLOUR('',#52100);
#52120=FILL_AREA_STYLE('',(#52110));
#52130=SURFACE_STYLE_FILL_AREA(#52120);
#52140=SURFACE_SIDE_STYLE('',(#52130));
#52150=SURFACE_STYLE_USAGE(.BOTH.,#52140);
#52160=PRESENTATION_STYLE_ASSIGNMENT((#52150));
#52170=CARTESIAN_POINT('',(-7.2271199603191008E+00,
   5.2728449999999896E+00,-4.7968718412656788E+00));
#52180=DIRECTION('',(0.0000000000000000E+00,-1.0000000000000000E+00,
   0.0000000000000000E+00));
#52190=DIRECTION('',(1.0000000000000000E+00,0.0000000000000000E+00,
   0.0000000000000000E+00));
#52200=AXIS2_PLACEMENT_3D('',#52170,#52180,#52190);
#52210=PLANE('',#52200);
#52220=ORIENTED_EDGE('',*,*,#5190,.T.);
#52230=ORIENTED_EDGE('',*,*,#16010,.F.);
#52240=ORIENTED_EDGE('',*,*,#16320,.F.);
#52250=ORIENTED_EDGE('',*,*,#16630,.F.);
#52260=ORIENTED_EDGE('',*,*,#16940,.F.);
#52270=ORIENTED_EDGE('',*,*,#17180,.F.);
#52280=ORIENTED_EDGE('',*,*,#15700,.F.);
#52290=ORIENTED_EDGE('',*,*,#15390,.F.);
#52300=ORIENTED_EDGE('',*,*,#4910,.T.);
#52310=ORIENTED_EDGE('',*,*,#33200,.T.);
#52320=ORIENTED_EDGE('',*,*,#38160,.F.);
#52330=ORIENTED_EDGE('',*,*,#37100,.F.);
#52340=ORIENTED_EDGE('',*,*,#37530,.F.);
#52350=ORIENTED_EDGE('',*,*,#36700,.F.);
#52360=ORIENTED_EDGE('',*,*,#36320,.F.);
#52370=ORIENTED_EDGE('',*,*,#35940,.F.);
#52380=ORIENTED_EDGE('',*,*,#35560,.F.);
#52390=ORIENTED_EDGE('',*,*,#35110,.F.);
#52400=ORIENTED_EDGE('',*,*,#38110,.F.);
#52410=ORIENTED_EDGE('',*,*,#13990,.F.);
#52420=EDGE_LOOP('',(#52410,#52400,#52390,#52380,#52370,#52360,#52350,
   #52340,#52330,#52320,#52310,#52300,#52290,#52280,#52270,#52260,#52250
   ,#52240,#52230,#52220));
#52430=FACE_OUTER_BOUND('',#52420,.T.);
#52440=ORIENTED_EDGE('',*,*,#19850,.F.);
#52450=EDGE_CURVE('',#19750,#19840,#19820,.T.);
#52460=ORIENTED_EDGE('',*,*,#52450,.F.);
#52470=EDGE_LOOP('',(#52460,#52440));
#52480=FACE_BOUND('',#52470,.T.);
#52490=CARTESIAN_POINT('',(-6.2404619999999937E+00,
   5.2728449999999896E+00,8.8817841970012523E-16));
#52500=DIRECTION('',(0.0000000000000000E+00,-1.0000000000000000E+00,
   0.0000000000000000E+00));
#52510=DIRECTION('',(1.0000000000000000E+00,0.0000000000000000E+00,
   0.0000000000000000E+00));
#52520=AXIS2_PLACEMENT_3D('',#52490,#52500,#52510);
#52530=CIRCLE('',#52520,6.5000000000000002E-01);
#52540=CARTESIAN_POINT('',(-5.5904619999999934E+00,
   5.2728449999999896E+00,0.0000000000000000E+00));
#52550=VERTEX_POINT('',#52540);
#52560=CARTESIAN_POINT('',(-6.8904619999999941E+00,
   5.2728449999999896E+00,7.9602041944577967E-17));
#52570=VERTEX_POINT('',#52560);
#52580=EDGE_CURVE('',#52550,#52570,#52530,.T.);
#52590=ORIENTED_EDGE('',*,*,#52580,.F.);
#52600=EDGE_CURVE('',#52570,#52550,#52530,.T.);
#52610=ORIENTED_EDGE('',*,*,#52600,.F.);
#52620=EDGE_LOOP('',(#52610,#52590));
#52630=FACE_BOUND('',#52620,.T.);
#52640=ADVANCED_FACE('',(#52430,#52480,#52630),#52210,.T.);
#52650=COLOUR_RGB('',5.0196081399917603E-01,1.0000000000000000E+00,
   5.0196081399917603E-01);
#52660=FILL_AREA_STYLE_COLOUR('',#52650);
#52670=FILL_AREA_STYLE('',(#52660));
#52680=SURFACE_STYLE_FILL_AREA(#52670);
#52690=SURFACE_SIDE_STYLE('',(#52680));
#52700=SURFACE_STYLE_USAGE(.BOTH.,#52690);
#52710=PRESENTATION_STYLE_ASSIGNMENT((#52700));
#52720=CARTESIAN_POINT('',(-6.2404619999999937E+00,
   5.2728449999999896E+00,0.0000000000000000E+00));
#52730=DIRECTION('',(0.0000000000000000E+00,-1.0000000000000000E+00,
   0.0000000000000000E+00));
#52740=DIRECTION('',(1.0000000000000000E+00,0.0000000000000000E+00,
   0.0000000000000000E+00));
#52750=AXIS2_PLACEMENT_3D('',#52720,#52730,#52740);
#52760=CYLINDRICAL_SURFACE('',#52750,6.5000000000000002E-01);
#52770=CARTESIAN_POINT('',(-5.5904619999999934E+00,
   5.2728449999999896E+00,0.0000000000000000E+00));
#52780=DIRECTION('',(0.0000000000000000E+00,-1.0000000000000000E+00,
   0.0000000000000000E+00));
#52790=VECTOR('',#52780,1.0000000000000000E+00);
#52800=LINE('',#52770,#52790);
#52810=CARTESIAN_POINT('',(-5.5904619999999934E+00,
   4.7728449999999896E+00,0.0000000000000000E+00));
#52820=VERTEX_POINT('',#52810);
#52830=EDGE_CURVE('',#52550,#52820,#52800,.T.);
#52840=ORIENTED_EDGE('',*,*,#52830,.T.);
#52850=ORIENTED_EDGE('',*,*,#52600,.T.);
#52860=CARTESIAN_POINT('',(-6.8904619999999941E+00,
   5.2728449999999896E+00,7.9602041944577967E-17));
#52870=DIRECTION('',(0.0000000000000000E+00,-1.0000000000000000E+00,
   0.0000000000000000E+00));
#52880=VECTOR('',#52870,1.0000000000000000E+00);
#52890=LINE('',#52860,#52880);
#52900=CARTESIAN_POINT('',(-6.8904619999999941E+00,
   4.7728449999999896E+00,7.9602041944577967E-17));
#52910=VERTEX_POINT('',#52900);
#52920=EDGE_CURVE('',#52570,#52910,#52890,.T.);
#52930=ORIENTED_EDGE('',*,*,#52920,.F.);
#52940=CARTESIAN_POINT('',(-6.2404619999999937E+00,
   4.7728449999999896E+00,8.8817841970012523E-16));
#52950=DIRECTION('',(0.0000000000000000E+00,-1.0000000000000000E+00,
   0.0000000000000000E+00));
#52960=DIRECTION('',(1.0000000000000000E+00,0.0000000000000000E+00,
   0.0000000000000000E+00));
#52970=AXIS2_PLACEMENT_3D('',#52940,#52950,#52960);
#52980=CIRCLE('',#52970,6.5000000000000002E-01);
#52990=EDGE_CURVE('',#52910,#52820,#52980,.T.);
#53000=ORIENTED_EDGE('',*,*,#52990,.F.);
#53010=EDGE_LOOP('',(#53000,#52930,#52850,#52840));
#53020=FACE_OUTER_BOUND('',#53010,.T.);
#53030=ADVANCED_FACE('',(#53020),#52760,.T.);
#53040=COLOUR_RGB('',9.4901967048645020E-01,9.4901967048645020E-01,
   1.0000000000000000E+00);
#53050=FILL_AREA_STYLE_COLOUR('',#53040);
#53060=FILL_AREA_STYLE('',(#53050));
#53070=SURFACE_STYLE_FILL_AREA(#53060);
#53080=SURFACE_SIDE_STYLE('',(#53070));
#53090=SURFACE_STYLE_USAGE(.BOTH.,#53080);
#53100=PRESENTATION_STYLE_ASSIGNMENT((#53090));
#53110=ORIENTED_EDGE('',*,*,#28100,.F.);
#53120=CARTESIAN_POINT('',(-7.8084606380397119E+00,
   1.4097844999999992E+01,-1.0730238912091705E+00));
#53130=DIRECTION('',(0.0000000000000000E+00,-1.0000000000000000E+00,
   0.0000000000000000E+00));
#53140=VECTOR('',#53130,1.0000000000000000E+00);
#53150=LINE('',#53120,#53140);
#53160=EDGE_CURVE('',#28090,#27130,#53150,.T.);
#53170=ORIENTED_EDGE('',*,*,#53160,.F.);
#53180=ORIENTED_EDGE('',*,*,#27140,.T.);
#53190=ORIENTED_EDGE('',*,*,#25540,.T.);
#53200=EDGE_LOOP('',(#53190,#53180,#53170,#53110));
#53210=FACE_OUTER_BOUND('',#53200,.T.);
#53220=ADVANCED_FACE('',(#53210),#25370,.T.);
#53230=COLOUR_RGB('',9.4901967048645020E-01,9.4901967048645020E-01,
   1.0000000000000000E+00);
#53240=FILL_AREA_STYLE_COLOUR('',#53230);
#53250=FILL_AREA_STYLE('',(#53240));
#53260=SURFACE_STYLE_FILL_AREA(#53250);
#53270=SURFACE_SIDE_STYLE('',(#53260));
#53280=SURFACE_STYLE_USAGE(.BOTH.,#53270);
#53290=PRESENTATION_STYLE_ASSIGNMENT((#53280));
#53300=CARTESIAN_POINT('',(-9.2434024190612618E+00,
   4.7728449999999896E+00,-1.9200113465742472E+00));
#53310=DIRECTION('',(0.0000000000000000E+00,-1.0000000000000000E+00,
   0.0000000000000000E+00));
#53320=DIRECTION('',(1.0000000000000000E+00,0.0000000000000000E+00,
   0.0000000000000000E+00));
#53330=AXIS2_PLACEMENT_3D('',#53300,#53310,#53320);
#53340=PLANE('',#53330);
#53350=CARTESIAN_POINT('',(-5.9337133240731973E+01,
   4.7728449999999896E+00,5.0000000000000000E-01));
#53360=DIRECTION('',(-1.0000000000000000E+00,0.0000000000000000E+00,
   0.0000000000000000E+00));
#53370=VECTOR('',#53360,1.0000000000000000E+00);
#53380=LINE('',#53350,#53370);
#53390=CARTESIAN_POINT('',(-5.9904619999999937E+00,
   4.7728449999999896E+00,5.0000000000000000E-01));
#53400=VERTEX_POINT('',#53390);
#53410=CARTESIAN_POINT('',(-6.4904619999999937E+00,
   4.7728449999999896E+00,5.0000000000000000E-01));
#53420=VERTEX_POINT('',#53410);
#53430=EDGE_CURVE('',#53400,#53420,#53380,.T.);
#53440=ORIENTED_EDGE('',*,*,#53430,.F.);
#53450=CARTESIAN_POINT('',(-6.4904619999999937E+00,
   4.7728449999999896E+00,-2.6200000000000001E+00));
#53460=DIRECTION('',(0.0000000000000000E+00,0.0000000000000000E+00,
   -1.0000000000000000E+00));
#53470=VECTOR('',#53460,1.0000000000000000E+00);
#53480=LINE('',#53450,#53470);
#53490=CARTESIAN_POINT('',(-6.4904619999999937E+00,
   4.7728449999999896E+00,0.0000000000000000E+00));
#53500=VERTEX_POINT('',#53490);
#53510=EDGE_CURVE('',#53420,#53500,#53480,.T.);
#53520=ORIENTED_EDGE('',*,*,#53510,.F.);
#53530=CARTESIAN_POINT('',(-5.9337133240731973E+01,
   4.7728449999999896E+00,0.0000000000000000E+00));
#53540=DIRECTION('',(1.0000000000000000E+00,0.0000000000000000E+00,
   0.0000000000000000E+00));
#53550=VECTOR('',#53540,1.0000000000000000E+00);
#53560=LINE('',#53530,#53550);
#53570=EDGE_CURVE('',#52910,#53500,#53560,.T.);
#53580=ORIENTED_EDGE('',*,*,#53570,.T.);
#53590=CARTESIAN_POINT('',(-6.2404619999999937E+00,
   4.7728449999999896E+00,8.8817841970012523E-16));
#53600=DIRECTION('',(0.0000000000000000E+00,-1.0000000000000000E+00,
   0.0000000000000000E+00));
#53610=DIRECTION('',(1.0000000000000000E+00,0.0000000000000000E+00,
   0.0000000000000000E+00));
#53620=AXIS2_PLACEMENT_3D('',#53590,#53600,#53610);
#53630=CIRCLE('',#53620,6.5000000000000002E-01);
#53640=EDGE_CURVE('',#52820,#52910,#53630,.T.);
#53650=ORIENTED_EDGE('',*,*,#53640,.T.);
#53660=CARTESIAN_POINT('',(-5.9904619999999937E+00,
   4.7728449999999896E+00,0.0000000000000000E+00));
#53670=VERTEX_POINT('',#53660);
#53680=EDGE_CURVE('',#53670,#52820,#53560,.T.);
#53690=ORIENTED_EDGE('',*,*,#53680,.T.);
#53700=CARTESIAN_POINT('',(-5.9904619999999937E+00,
   4.7728449999999896E+00,-2.6200000000000001E+00));
#53710=DIRECTION('',(0.0000000000000000E+00,0.0000000000000000E+00,
   1.0000000000000000E+00));
#53720=VECTOR('',#53710,1.0000000000000000E+00);
#53730=LINE('',#53700,#53720);
#53740=EDGE_CURVE('',#53670,#53400,#53730,.T.);
#53750=ORIENTED_EDGE('',*,*,#53740,.F.);
#53760=EDGE_LOOP('',(#53750,#53690,#53650,#53580,#53520,#53440));
#53770=FACE_OUTER_BOUND('',#53760,.T.);
#53780=ADVANCED_FACE('',(#53770),#53340,.T.);
#53790=COLOUR_RGB('',9.4901967048645020E-01,9.4901967048645020E-01,
   1.0000000000000000E+00);
#53800=FILL_AREA_STYLE_COLOUR('',#53790);
#53810=FILL_AREA_STYLE('',(#53800));
#53820=SURFACE_STYLE_FILL_AREA(#53810);
#53830=SURFACE_SIDE_STYLE('',(#53820));
#53840=SURFACE_STYLE_USAGE(.BOTH.,#53830);
#53850=PRESENTATION_STYLE_ASSIGNMENT((#53840));
#53860=CARTESIAN_POINT('',(-6.2404619999999937E+00,
   2.2728449999999896E+00,-3.6602540378443837E-01));
#53870=DIRECTION('',(0.0000000000000000E+00,-2.5881904510252085E-01,
   -9.6592582628906820E-01));
#53880=DIRECTION('',(0.0000000000000000E+00,9.6592582628906842E-01,
   -2.5881904510252091E-01));
#53890=AXIS2_PLACEMENT_3D('',#53860,#53870,#53880);
#53900=PLANE('',#53890);
#53910=CARTESIAN_POINT('',(-5.9904619999999937E+00,
   -3.7032246989143843E+01,1.0165742253137648E+01));
#53920=DIRECTION('',(0.0000000000000000E+00,-9.6592582628906831E-01,
   2.5881904510252091E-01));
#53930=VECTOR('',#53920,1.0000000000000000E+00);
#53940=LINE('',#53910,#53930);
#53950=CARTESIAN_POINT('',(-5.9904619999999937E+00,
   2.7728449999999967E+00,-5.0000000000000266E-01));
#53960=VERTEX_POINT('',#53950);
#53970=EDGE_CURVE('',#53960,#18130,#53940,.T.);
#53980=ORIENTED_EDGE('',*,*,#53970,.T.);
#53990=CARTESIAN_POINT('',(-5.9337133240731973E+01,
   2.7728449999999967E+00,-5.0000000000000000E-01));
#54000=DIRECTION('',(1.0000000000000000E+00,0.0000000000000000E+00,
   0.0000000000000000E+00));
#54010=VECTOR('',#54000,1.0000000000000000E+00);
#54020=LINE('',#53990,#54010);
#54030=CARTESIAN_POINT('',(-6.4904619999999937E+00,
   2.7728449999999967E+00,-5.0000000000000266E-01));
#54040=VERTEX_POINT('',#54030);
#54050=EDGE_CURVE('',#54040,#53960,#54020,.T.);
#54060=ORIENTED_EDGE('',*,*,#54050,.T.);
#54070=CARTESIAN_POINT('',(-6.4904619999999937E+00,
   -3.7032246989143843E+01,1.0165742253137648E+01));
#54080=DIRECTION('',(0.0000000000000000E+00,9.6592582628906831E-01,
   -2.5881904510252091E-01));
#54090=VECTOR('',#54080,1.0000000000000000E+00);
#54100=LINE('',#54070,#54090);
#54110=EDGE_CURVE('',#18040,#54040,#54100,.T.);
#54120=ORIENTED_EDGE('',*,*,#54110,.T.);
#54130=ORIENTED_EDGE('',*,*,#18200,.T.);
#54140=EDGE_LOOP('',(#54130,#54120,#54060,#53980));
#54150=FACE_OUTER_BOUND('',#54140,.T.);
#54160=ADVANCED_FACE('',(#54150),#53900,.T.);
#54170=COLOUR_RGB('',9.4901967048645020E-01,9.4901967048645020E-01,
   1.0000000000000000E+00);
#54180=FILL_AREA_STYLE_COLOUR('',#54170);
#54190=FILL_AREA_STYLE('',(#54180));
#54200=SURFACE_STYLE_FILL_AREA(#54190);
#54210=SURFACE_SIDE_STYLE('',(#54200));
#54220=SURFACE_STYLE_USAGE(.BOTH.,#54210);
#54230=PRESENTATION_STYLE_ASSIGNMENT((#54220));
#54240=CARTESIAN_POINT('',(-5.9904619999999937E+00,
   4.7728449999999896E+00,5.0000000000000000E-01));
#54250=DIRECTION('',(1.0000000000000000E+00,-0.0000000000000000E+00,
   0.0000000000000000E+00));
#54260=DIRECTION('',(0.0000000000000000E+00,0.0000000000000000E+00,
   -1.0000000000000000E+00));
#54270=AXIS2_PLACEMENT_3D('',#54240,#54250,#54260);
#54280=PLANE('',#54270);
#54290=ORIENTED_EDGE('',*,*,#3300,.F.);
#54300=CARTESIAN_POINT('',(-5.9904619999999937E+00,
   4.7728449999999896E+00,5.0000000000000000E-01));
#54310=DIRECTION('',(0.0000000000000000E+00,-1.0000000000000000E+00,
   0.0000000000000000E+00));
#54320=VECTOR('',#54310,1.0000000000000000E+00);
#54330=LINE('',#54300,#54320);
#54340=EDGE_CURVE('',#53400,#3210,#54330,.T.);
#54350=ORIENTED_EDGE('',*,*,#54340,.T.);
#54360=ORIENTED_EDGE('',*,*,#53740,.T.);
#54370=CARTESIAN_POINT('',(-5.9904619999999937E+00,
   4.7728449999999896E+00,-2.6200000000000001E+00));
#54380=DIRECTION('',(0.0000000000000000E+00,0.0000000000000000E+00,
   1.0000000000000000E+00));
#54390=VECTOR('',#54380,1.0000000000000000E+00);
#54400=LINE('',#54370,#54390);
#54410=CARTESIAN_POINT('',(-5.9904619999999937E+00,
   4.7728449999999896E+00,-5.0000000000000000E-01));
#54420=VERTEX_POINT('',#54410);
#54430=EDGE_CURVE('',#54420,#53670,#54400,.T.);
#54440=ORIENTED_EDGE('',*,*,#54430,.T.);
#54450=CARTESIAN_POINT('',(-5.9904619999999937E+00,
   4.7728449999999896E+00,-5.0000000000000000E-01));
#54460=DIRECTION('',(0.0000000000000000E+00,-1.0000000000000000E+00,
   0.0000000000000000E+00));
#54470=VECTOR('',#54460,1.0000000000000000E+00);
#54480=LINE('',#54450,#54470);
#54490=EDGE_CURVE('',#54420,#53960,#54480,.T.);
#54500=ORIENTED_EDGE('',*,*,#54490,.F.);
#54510=ORIENTED_EDGE('',*,*,#53970,.F.);
#54520=ORIENTED_EDGE('',*,*,#18140,.F.);
#54530=EDGE_LOOP('',(#54520,#54510,#54500,#54440,#54360,#54350,#54290));
#54540=FACE_OUTER_BOUND('',#54530,.T.);
#54550=ADVANCED_FACE('',(#54540),#54280,.T.);
#54560=COLOUR_RGB('',9.4901967048645020E-01,9.4901967048645020E-01,
   1.0000000000000000E+00);
#54570=FILL_AREA_STYLE_COLOUR('',#54560);
#54580=FILL_AREA_STYLE('',(#54570));
#54590=SURFACE_STYLE_FILL_AREA(#54580);
#54600=SURFACE_SIDE_STYLE('',(#54590));
#54610=SURFACE_STYLE_USAGE(.BOTH.,#54600);
#54620=PRESENTATION_STYLE_ASSIGNMENT((#54610));
#54630=CARTESIAN_POINT('',(-9.2434024190612618E+00,
   4.7728449999999896E+00,-1.9200113465742472E+00));
#54640=DIRECTION('',(0.0000000000000000E+00,-1.0000000000000000E+00,
   0.0000000000000000E+00));
#54650=DIRECTION('',(1.0000000000000000E+00,0.0000000000000000E+00,
   0.0000000000000000E+00));
#54660=AXIS2_PLACEMENT_3D('',#54630,#54640,#54650);
#54670=PLANE('',#54660);
#54680=ORIENTED_EDGE('',*,*,#53570,.F.);
#54690=CARTESIAN_POINT('',(-6.4904619999999937E+00,
   4.7728449999999896E+00,-2.6200000000000001E+00));
#54700=DIRECTION('',(0.0000000000000000E+00,0.0000000000000000E+00,
   -1.0000000000000000E+00));
#54710=VECTOR('',#54700,1.0000000000000000E+00);
#54720=LINE('',#54690,#54710);
#54730=CARTESIAN_POINT('',(-6.4904619999999937E+00,
   4.7728449999999896E+00,-5.0000000000000000E-01));
#54740=VERTEX_POINT('',#54730);
#54750=EDGE_CURVE('',#53500,#54740,#54720,.T.);
#54760=ORIENTED_EDGE('',*,*,#54750,.F.);
#54770=CARTESIAN_POINT('',(-5.9337133240731973E+01,
   4.7728449999999896E+00,-5.0000000000000000E-01));
#54780=DIRECTION('',(1.0000000000000000E+00,0.0000000000000000E+00,
   0.0000000000000000E+00));
#54790=VECTOR('',#54780,1.0000000000000000E+00);
#54800=LINE('',#54770,#54790);
#54810=EDGE_CURVE('',#54740,#54420,#54800,.T.);
#54820=ORIENTED_EDGE('',*,*,#54810,.F.);
#54830=ORIENTED_EDGE('',*,*,#54430,.F.);
#54840=ORIENTED_EDGE('',*,*,#53680,.F.);
#54850=ORIENTED_EDGE('',*,*,#52990,.T.);
#54860=EDGE_LOOP('',(#54850,#54840,#54830,#54820,#54760,#54680));
#54870=FACE_OUTER_BOUND('',#54860,.T.);
#54880=ADVANCED_FACE('',(#54870),#54670,.T.);
#54890=COLOUR_RGB('',9.4901967048645020E-01,9.4901967048645020E-01,
   1.0000000000000000E+00);
#54900=FILL_AREA_STYLE_COLOUR('',#54890);
#54910=FILL_AREA_STYLE('',(#54900));
#54920=SURFACE_STYLE_FILL_AREA(#54910);
#54930=SURFACE_SIDE_STYLE('',(#54920));
#54940=SURFACE_STYLE_USAGE(.BOTH.,#54930);
#54950=PRESENTATION_STYLE_ASSIGNMENT((#54940));
#54960=CARTESIAN_POINT('',(-5.9904619999999937E+00,
   4.7728449999999896E+00,-5.0000000000000000E-01));
#54970=DIRECTION('',(0.0000000000000000E+00,0.0000000000000000E+00,
   -1.0000000000000000E+00));
#54980=DIRECTION('',(-1.0000000000000000E+00,0.0000000000000000E+00,
   0.0000000000000000E+00));
#54990=AXIS2_PLACEMENT_3D('',#54960,#54970,#54980);
#55000=PLANE('',#54990);
#55010=CARTESIAN_POINT('',(-6.4904619999999937E+00,
   4.7728449999999896E+00,-5.0000000000000000E-01));
#55020=DIRECTION('',(0.0000000000000000E+00,-1.0000000000000000E+00,
   0.0000000000000000E+00));
#55030=VECTOR('',#55020,1.0000000000000000E+00);
#55040=LINE('',#55010,#55030);
#55050=EDGE_CURVE('',#54740,#54040,#55040,.T.);
#55060=ORIENTED_EDGE('',*,*,#55050,.F.);
#55070=ORIENTED_EDGE('',*,*,#54050,.F.);
#55080=ORIENTED_EDGE('',*,*,#54490,.T.);
#55090=ORIENTED_EDGE('',*,*,#54810,.T.);
#55100=EDGE_LOOP('',(#55090,#55080,#55070,#55060));
#55110=FACE_OUTER_BOUND('',#55100,.T.);
#55120=ADVANCED_FACE('',(#55110),#55000,.T.);
#55130=COLOUR_RGB('',9.4901967048645020E-01,9.4901967048645020E-01,
   1.0000000000000000E+00);
#55140=FILL_AREA_STYLE_COLOUR('',#55130);
#55150=FILL_AREA_STYLE('',(#55140));
#55160=SURFACE_STYLE_FILL_AREA(#55150);
#55170=SURFACE_SIDE_STYLE('',(#55160));
#55180=SURFACE_STYLE_USAGE(.BOTH.,#55170);
#55190=PRESENTATION_STYLE_ASSIGNMENT((#55180));
#55200=CARTESIAN_POINT('',(-6.4904619999999937E+00,
   4.7728449999999896E+00,-5.0000000000000000E-01));
#55210=DIRECTION('',(-1.0000000000000000E+00,0.0000000000000000E+00,
   0.0000000000000000E+00));
#55220=DIRECTION('',(0.0000000000000000E+00,0.0000000000000000E+00,
   1.0000000000000000E+00));
#55230=AXIS2_PLACEMENT_3D('',#55200,#55210,#55220);
#55240=PLANE('',#55230);
#55250=ORIENTED_EDGE('',*,*,#53510,.T.);
#55260=CARTESIAN_POINT('',(-6.4904619999999937E+00,
   4.7728449999999896E+00,5.0000000000000000E-01));
#55270=DIRECTION('',(0.0000000000000000E+00,-1.0000000000000000E+00,
   0.0000000000000000E+00));
#55280=VECTOR('',#55270,1.0000000000000000E+00);
#55290=LINE('',#55260,#55280);
#55300=EDGE_CURVE('',#53420,#3110,#55290,.T.);
#55310=ORIENTED_EDGE('',*,*,#55300,.F.);
#55320=ORIENTED_EDGE('',*,*,#3140,.F.);
#55330=ORIENTED_EDGE('',*,*,#18050,.F.);
#55340=ORIENTED_EDGE('',*,*,#54110,.F.);
#55350=ORIENTED_EDGE('',*,*,#55050,.T.);
#55360=ORIENTED_EDGE('',*,*,#54750,.T.);
#55370=EDGE_LOOP('',(#55360,#55350,#55340,#55330,#55320,#55310,#55250));
#55380=FACE_OUTER_BOUND('',#55370,.T.);
#55390=ADVANCED_FACE('',(#55380),#55240,.T.);
#55400=COLOUR_RGB('',9.4901967048645020E-01,9.4901967048645020E-01,
   1.0000000000000000E+00);
#55410=FILL_AREA_STYLE_COLOUR('',#55400);
#55420=FILL_AREA_STYLE('',(#55410));
#55430=SURFACE_STYLE_FILL_AREA(#55420);
#55440=SURFACE_SIDE_STYLE('',(#55430));
#55450=SURFACE_STYLE_USAGE(.BOTH.,#55440);
#55460=PRESENTATION_STYLE_ASSIGNMENT((#55450));
#55470=CARTESIAN_POINT('',(-6.4904619999999937E+00,
   4.7728449999999896E+00,5.0000000000000000E-01));
#55480=DIRECTION('',(0.0000000000000000E+00,0.0000000000000000E+00,
   1.0000000000000000E+00));
#55490=DIRECTION('',(1.0000000000000000E+00,0.0000000000000000E+00,
   0.0000000000000000E+00));
#55500=AXIS2_PLACEMENT_3D('',#55470,#55480,#55490);
#55510=PLANE('',#55500);
#55520=ORIENTED_EDGE('',*,*,#54340,.F.);
#55530=ORIENTED_EDGE('',*,*,#3220,.F.);
#55540=ORIENTED_EDGE('',*,*,#55300,.T.);
#55550=ORIENTED_EDGE('',*,*,#53430,.T.);
#55560=EDGE_LOOP('',(#55550,#55540,#55530,#55520));
#55570=FACE_OUTER_BOUND('',#55560,.T.);
#55580=ADVANCED_FACE('',(#55570),#55510,.T.);
#55590=COLOUR_RGB('',9.4901967048645020E-01,9.4901967048645020E-01,
   1.0000000000000000E+00);
#55600=FILL_AREA_STYLE_COLOUR('',#55590);
#55610=FILL_AREA_STYLE('',(#55600));
#55620=SURFACE_STYLE_FILL_AREA(#55610);
#55630=SURFACE_SIDE_STYLE('',(#55620));
#55640=SURFACE_STYLE_USAGE(.BOTH.,#55630);
#55650=PRESENTATION_STYLE_ASSIGNMENT((#55640));
#55660=ORIENTED_EDGE('',*,*,#47390,.F.);
#55670=ORIENTED_EDGE('',*,*,#46630,.F.);
#55680=ORIENTED_EDGE('',*,*,#42290,.T.);
#55690=ORIENTED_EDGE('',*,*,#46230,.F.);
#55700=EDGE_LOOP('',(#55690,#55680,#55670,#55660));
#55710=FACE_OUTER_BOUND('',#55700,.T.);
#55720=ADVANCED_FACE('',(#55710),#46090,.T.);
#55730=COLOUR_RGB('',5.0196081399917603E-01,1.0000000000000000E+00,
   5.0196081399917603E-01);
#55740=FILL_AREA_STYLE_COLOUR('',#55730);
#55750=FILL_AREA_STYLE('',(#55740));
#55760=SURFACE_STYLE_FILL_AREA(#55750);
#55770=SURFACE_SIDE_STYLE('',(#55760));
#55780=SURFACE_STYLE_USAGE(.BOTH.,#55770);
#55790=PRESENTATION_STYLE_ASSIGNMENT((#55780));
#55800=ORIENTED_EDGE('',*,*,#11740,.T.);
#55810=EDGE_CURVE('',#10890,#1080,#1240,.T.);
#55820=ORIENTED_EDGE('',*,*,#55810,.F.);
#55830=ORIENTED_EDGE('',*,*,#34280,.T.);
#55840=EDGE_LOOP('',(#55830,#55820,#55800));
#55850=FACE_OUTER_BOUND('',#55840,.T.);
#55860=ADVANCED_FACE('',(#55850),#34220,.T.);
#55870=COLOUR_RGB('',5.0196081399917603E-01,1.0000000000000000E+00,
   5.0196081399917603E-01);
#55880=FILL_AREA_STYLE_COLOUR('',#55870);
#55890=FILL_AREA_STYLE('',(#55880));
#55900=SURFACE_STYLE_FILL_AREA(#55890);
#55910=SURFACE_SIDE_STYLE('',(#55900));
#55920=SURFACE_STYLE_USAGE(.BOTH.,#55910);
#55930=PRESENTATION_STYLE_ASSIGNMENT((#55920));
#55940=ORIENTED_EDGE('',*,*,#19760,.F.);
#55950=ORIENTED_EDGE('',*,*,#9180,.F.);
#55960=ORIENTED_EDGE('',*,*,#19910,.T.);
#55970=ORIENTED_EDGE('',*,*,#52450,.T.);
#55980=EDGE_LOOP('',(#55970,#55960,#55950,#55940));
#55990=FACE_OUTER_BOUND('',#55980,.T.);
#56000=ADVANCED_FACE('',(#55990),#19690,.T.);
#56010=COLOUR_RGB('',9.4901967048645020E-01,9.4901967048645020E-01,
   1.0000000000000000E+00);
#56020=FILL_AREA_STYLE_COLOUR('',#56010);
#56030=FILL_AREA_STYLE('',(#56020));
#56040=SURFACE_STYLE_FILL_AREA(#56030);
#56050=SURFACE_SIDE_STYLE('',(#56040));
#56060=SURFACE_STYLE_USAGE(.BOTH.,#56050);
#56070=PRESENTATION_STYLE_ASSIGNMENT((#56060));
#56080=ORIENTED_EDGE('',*,*,#13380,.T.);
#56090=ORIENTED_EDGE('',*,*,#17420,.F.);
#56100=ORIENTED_EDGE('',*,*,#10680,.T.);
#56110=EDGE_LOOP('',(#56100,#56090,#56080));
#56120=FACE_OUTER_BOUND('',#56110,.T.);
#56130=ADVANCED_FACE('',(#56120),#9690,.T.);
#56140=COLOUR_RGB('',5.0196081399917603E-01,1.0000000000000000E+00,
   5.0196081399917603E-01);
#56150=FILL_AREA_STYLE_COLOUR('',#56140);
#56160=FILL_AREA_STYLE('',(#56150));
#56170=SURFACE_STYLE_FILL_AREA(#56160);
#56180=SURFACE_SIDE_STYLE('',(#56170));
#56190=SURFACE_STYLE_USAGE(.BOTH.,#56180);
#56200=PRESENTATION_STYLE_ASSIGNMENT((#56190));
#56210=ORIENTED_EDGE('',*,*,#43870,.T.);
#56220=ORIENTED_EDGE('',*,*,#51760,.F.);
#56230=ORIENTED_EDGE('',*,*,#52040,.F.);
#56240=ORIENTED_EDGE('',*,*,#51850,.T.);
#56250=EDGE_LOOP('',(#56240,#56230,#56220,#56210));
#56260=FACE_OUTER_BOUND('',#56250,.T.);
#56270=ADVANCED_FACE('',(#56260),#51690,.T.);
#56280=COLOUR_RGB('',5.0196081399917603E-01,1.0000000000000000E+00,
   5.0196081399917603E-01);
#56290=FILL_AREA_STYLE_COLOUR('',#56280);
#56300=FILL_AREA_STYLE('',(#56290));
#56310=SURFACE_STYLE_FILL_AREA(#56300);
#56320=SURFACE_SIDE_STYLE('',(#56310));
#56330=SURFACE_STYLE_USAGE(.BOTH.,#56320);
#56340=PRESENTATION_STYLE_ASSIGNMENT((#56330));
#56350=ORIENTED_EDGE('',*,*,#53640,.F.);
#56360=ORIENTED_EDGE('',*,*,#52920,.T.);
#56370=ORIENTED_EDGE('',*,*,#52580,.T.);
#56380=ORIENTED_EDGE('',*,*,#52830,.F.);
#56390=EDGE_LOOP('',(#56380,#56370,#56360,#56350));
#56400=FACE_OUTER_BOUND('',#56390,.T.);
#56410=ADVANCED_FACE('',(#56400),#52760,.T.);
#56420=COLOUR_RGB('',9.4901967048645020E-01,9.4901967048645020E-01,
   1.0000000000000000E+00);
#56430=FILL_AREA_STYLE_COLOUR('',#56420);
#56440=FILL_AREA_STYLE('',(#56430));
#56450=SURFACE_STYLE_FILL_AREA(#56440);
#56460=SURFACE_SIDE_STYLE('',(#56450));
#56470=SURFACE_STYLE_USAGE(.BOTH.,#56460);
#56480=PRESENTATION_STYLE_ASSIGNMENT((#56470));
#56490=ORIENTED_EDGE('',*,*,#22840,.T.);
#56500=ORIENTED_EDGE('',*,*,#31210,.F.);
#56510=ORIENTED_EDGE('',*,*,#23350,.F.);
#56520=ORIENTED_EDGE('',*,*,#24530,.T.);
#56530=ORIENTED_EDGE('',*,*,#20730,.F.);
#56540=ORIENTED_EDGE('',*,*,#20350,.T.);
#56550=ORIENTED_EDGE('',*,*,#22000,.T.);
#56560=ORIENTED_EDGE('',*,*,#23600,.T.);
#56570=EDGE_LOOP('',(#56560,#56550,#56540,#56530,#56520,#56510,#56500,
   #56490));
#56580=FACE_OUTER_BOUND('',#56570,.T.);
#56590=ADVANCED_FACE('',(#56580),#22750,.F.);
#56600=COLOUR_RGB('',5.0196081399917603E-01,1.0000000000000000E+00,
   5.0196081399917603E-01);
#56610=FILL_AREA_STYLE_COLOUR('',#56600);
#56620=FILL_AREA_STYLE('',(#56610));
#56630=SURFACE_STYLE_FILL_AREA(#56620);
#56640=SURFACE_SIDE_STYLE('',(#56630));
#56650=SURFACE_STYLE_USAGE(.BOTH.,#56640);
#56660=PRESENTATION_STYLE_ASSIGNMENT((#56650));
#56670=ORIENTED_EDGE('',*,*,#47320,.T.);
#56680=ORIENTED_EDGE('',*,*,#44990,.F.);
#56690=ORIENTED_EDGE('',*,*,#41820,.F.);
#56700=ORIENTED_EDGE('',*,*,#44210,.F.);
#56710=EDGE_LOOP('',(#56700,#56690,#56680,#56670));
#56720=FACE_OUTER_BOUND('',#56710,.T.);
#56730=ADVANCED_FACE('',(#56720),#44050,.F.);
#56740=COLOUR_RGB('',5.0196081399917603E-01,1.0000000000000000E+00,
   5.0196081399917603E-01);
#56750=FILL_AREA_STYLE_COLOUR('',#56740);
#56760=FILL_AREA_STYLE('',(#56750));
#56770=SURFACE_STYLE_FILL_AREA(#56760);
#56780=SURFACE_SIDE_STYLE('',(#56770));
#56790=SURFACE_STYLE_USAGE(.BOTH.,#56780);
#56800=PRESENTATION_STYLE_ASSIGNMENT((#56790));
#56810=ORIENTED_EDGE('',*,*,#51500,.T.);
#56820=ORIENTED_EDGE('',*,*,#48130,.F.);
#56830=ORIENTED_EDGE('',*,*,#43590,.F.);
#56840=ORIENTED_EDGE('',*,*,#51270,.F.);
#56850=EDGE_LOOP('',(#56840,#56830,#56820,#56810));
#56860=FACE_OUTER_BOUND('',#56850,.T.);
#56870=ADVANCED_FACE('',(#56860),#51130,.F.);
#56880=COLOUR_RGB('',5.0196081399917603E-01,1.0000000000000000E+00,
   5.0196081399917603E-01);
#56890=FILL_AREA_STYLE_COLOUR('',#56880);
#56900=FILL_AREA_STYLE('',(#56890));
#56910=SURFACE_STYLE_FILL_AREA(#56900);
#56920=SURFACE_SIDE_STYLE('',(#56910));
#56930=SURFACE_STYLE_USAGE(.BOTH.,#56920);
#56940=PRESENTATION_STYLE_ASSIGNMENT((#56930));
#56950=ORIENTED_EDGE('',*,*,#7580,.F.);
#56960=ORIENTED_EDGE('',*,*,#1850,.T.);
#56970=ORIENTED_EDGE('',*,*,#27400,.F.);
#56980=ORIENTED_EDGE('',*,*,#27210,.T.);
#56990=ORIENTED_EDGE('',*,*,#53160,.T.);
#57000=ORIENTED_EDGE('',*,*,#28160,.T.);
#57010=ORIENTED_EDGE('',*,*,#7750,.T.);
#57020=ORIENTED_EDGE('',*,*,#31270,.F.);
#57030=EDGE_LOOP('',(#57020,#57010,#57000,#56990,#56980,#56970,#56960,
   #56950));
#57040=FACE_OUTER_BOUND('',#57030,.T.);
#57050=ADVANCED_FACE('',(#57040),#7510,.F.);
#57060=COLOUR_RGB('',5.0196081399917603E-01,1.0000000000000000E+00,
   5.0196081399917603E-01);
#57070=FILL_AREA_STYLE_COLOUR('',#57060);
#57080=FILL_AREA_STYLE('',(#57070));
#57090=SURFACE_STYLE_FILL_AREA(#57080);
#57100=SURFACE_SIDE_STYLE('',(#57090));
#57110=SURFACE_STYLE_USAGE(.BOTH.,#57100);
#57120=PRESENTATION_STYLE_ASSIGNMENT((#57110));
#57130=ORIENTED_EDGE('',*,*,#13480,.T.);
#57140=ORIENTED_EDGE('',*,*,#10750,.T.);
#57150=ORIENTED_EDGE('',*,*,#17400,.T.);
#57160=EDGE_LOOP('',(#57150,#57140,#57130));
#57170=FACE_OUTER_BOUND('',#57160,.T.);
#57180=ADVANCED_FACE('',(#57170),#17340,.T.);
#57190=COLOUR_RGB('',5.0196081399917603E-01,1.0000000000000000E+00,
   5.0196081399917603E-01);
#57200=FILL_AREA_STYLE_COLOUR('',#57190);
#57210=FILL_AREA_STYLE('',(#57200));
#57220=SURFACE_STYLE_FILL_AREA(#57210);
#57230=SURFACE_SIDE_STYLE('',(#57220));
#57240=SURFACE_STYLE_USAGE(.BOTH.,#57230);
#57250=PRESENTATION_STYLE_ASSIGNMENT((#57240));
#57260=ORIENTED_EDGE('',*,*,#55810,.T.);
#57270=ORIENTED_EDGE('',*,*,#10900,.T.);
#57280=ORIENTED_EDGE('',*,*,#1090,.F.);
#57290=EDGE_LOOP('',(#57280,#57270,#57260));
#57300=FACE_OUTER_BOUND('',#57290,.T.);
#57310=ADVANCED_FACE('',(#57300),#990,.T.);
#57320=COLOUR_RGB('',5.0196081399917603E-01,1.0000000000000000E+00,
   5.0196081399917603E-01);
#57330=FILL_AREA_STYLE_COLOUR('',#57320);
#57340=FILL_AREA_STYLE('',(#57330));
#57350=SURFACE_STYLE_FILL_AREA(#57340);
#57360=SURFACE_SIDE_STYLE('',(#57350));
#57370=SURFACE_STYLE_USAGE(.BOTH.,#57360);
#57380=PRESENTATION_STYLE_ASSIGNMENT((#57370));
#57390=CLOSED_SHELL('',(#400,#870,#1290,#1910,#2380,#2930,#3400,#4110,
   #5370,#5760,#6170,#6550,#7000,#7390,#8120,#8360,#8650,#8890,#9330,
   #9570,#10790,#13790,#14100,#14420,#15120,#15430,#15740,#16050,#16360,
   #16670,#16980,#17220,#17470,#17860,#18240,#18620,#18930,#19260,#19570
   ,#19960,#20390,#20770,#21110,#21330,#21650,#21840,#22060,#22320,
   #22630,#23460,#23640,#23950,#24280,#24580,#24830,#24980,#25110,#25250
   ,#25720,#25980,#26290,#26540,#26740,#26990,#27250,#27440,#27620,
   #27860,#28000,#28200,#28340,#28660,#29000,#29240,#29880,#30260,#30640
   ,#30770,#31080,#31420,#31730,#31970,#32280,#32760,#33240,#33480,
   #33670,#33860,#34100,#34330,#34570,#34760,#34900,#35370,#35750,#36130
   ,#36510,#36890,#37360,#37650,#37930,#38980,#39360,#39680,#39990,
   #40310,#40620,#40940,#41250,#41500,#43930,#44320,#44640,#45030,#45340
   ,#45660,#45970,#46290,#46670,#46990,#47230,#47470,#47850,#48170,
   #48490,#48800,#49120,#49430,#49750,#50060,#50380,#50690,#51010,#51330
   ,#51570,#51960,#52090,#52640,#53030,#53220,#53780,#54160,#54550,
   #54880,#55120,#55390,#55580,#55720,#55860,#56000,#56130,#56270,#56410
   ,#56590,#56730,#56870,#57050,#57180,#57310));
#57400=MANIFOLD_SOLID_BREP('',#57390);
#57410=CARTESIAN_POINT('',(0.0000000000000000E+00,0.0000000000000000E+00
   ,0.0000000000000000E+00));
#57420=DIRECTION('',(0.0000000000000000E+00,0.0000000000000000E+00,
   1.0000000000000000E+00));
#57430=DIRECTION('',(1.0000000000000000E+00,0.0000000000000000E+00,
   0.0000000000000000E+00));
#57440=AXIS2_PLACEMENT_3D('',#57410,#57420,#57430);
#57450=APPLICATION_CONTEXT(' ');
#57460=APPLICATION_PROTOCOL_DEFINITION(' ','automotive_design',1998,
   #57450);
#57470=MECHANICAL_CONTEXT('',#57450,'mechanical');
#57480=PRODUCT_DEFINITION_CONTEXT('',#57450,'design');
#57490=PRODUCT('gmkdsn_1.5-2-7.62','gmkdsn_1.5-2-7.62','',(#57470));
#57500=PRODUCT_TYPE('part',' ',(#57490));
#57510=PRODUCT_DEFINITION_FORMATION_WITH_SPECIFIED_SOURCE('','',#57490,
   .BOUGHT.);
#57520=PRODUCT_DEFINITION('',' ',#57510,#57480);
#57530=PRODUCT_DEFINITION_SHAPE('','',#57520);
#57540=DIMENSIONAL_EXPONENTS(1.0000000000000000E+00,
   0.0000000000000000E+00,0.0000000000000000E+00,0.0000000000000000E+00,
   0.0000000000000000E+00,0.0000000000000000E+00,0.0000000000000000E+00)
   ;
#57550=DIMENSIONAL_EXPONENTS(0.0000000000000000E+00,
   0.0000000000000000E+00,0.0000000000000000E+00,0.0000000000000000E+00,
   0.0000000000000000E+00,0.0000000000000000E+00,0.0000000000000000E+00)
   ;
#57560=DIMENSIONAL_EXPONENTS(0.0000000000000000E+00,
   0.0000000000000000E+00,0.0000000000000000E+00,0.0000000000000000E+00,
   0.0000000000000000E+00,0.0000000000000000E+00,0.0000000000000000E+00)
   ;
#57570=(LENGTH_UNIT() NAMED_UNIT(*) SI_UNIT(.MILLI.,.METRE.));
#57580=(NAMED_UNIT(*) PLANE_ANGLE_UNIT() SI_UNIT($,.RADIAN.));
#57590=(NAMED_UNIT(*) SI_UNIT($,.STERADIAN.) SOLID_ANGLE_UNIT());
#57600=(GEOMETRIC_REPRESENTATION_CONTEXT(3) 
   GLOBAL_UNCERTAINTY_ASSIGNED_CONTEXT((#57610)) 
   GLOBAL_UNIT_ASSIGNED_CONTEXT((#57570,#57580,#57590)) 
   REPRESENTATION_CONTEXT('',''));
#57610=UNCERTAINTY_MEASURE_WITH_UNIT(LENGTH_MEASURE(
   9.9999999999999995E-07),#57570,'distance_accuracy_value',
   'maximum gap value');
#57620=ADVANCED_BREP_SHAPE_REPRESENTATION('',(#57440,#57400),#57600);
#57630=SHAPE_DEFINITION_REPRESENTATION(#57530,#57620);
#57640=COLOUR_RGB('',6.0000002384185791E-01,6.0000002384185791E-01,
   6.0000002384185791E-01);
#57650=FILL_AREA_STYLE_COLOUR('',#57640);
#57660=FILL_AREA_STYLE('',(#57650));
#57670=SURFACE_STYLE_FILL_AREA(#57660);
#57680=SURFACE_SIDE_STYLE('',(#57670));
#57690=SURFACE_STYLE_USAGE(.BOTH.,#57680);
#57700=PRESENTATION_STYLE_ASSIGNMENT((#57690));
#57710=STYLED_ITEM('',(#57700),#57400);
#57720=OVER_RIDING_STYLED_ITEM('',(#470),#400,#57710);
#57730=OVER_RIDING_STYLED_ITEM('',(#940),#870,#57710);
#57740=OVER_RIDING_STYLED_ITEM('',(#1360),#1290,#57710);
#57750=OVER_RIDING_STYLED_ITEM('',(#1980),#1910,#57710);
#57760=OVER_RIDING_STYLED_ITEM('',(#2450),#2380,#57710);
#57770=OVER_RIDING_STYLED_ITEM('',(#3000),#2930,#57710);
#57780=OVER_RIDING_STYLED_ITEM('',(#3470),#3400,#57710);
#57790=OVER_RIDING_STYLED_ITEM('',(#4180),#4110,#57710);
#57800=OVER_RIDING_STYLED_ITEM('',(#5440),#5370,#57710);
#57810=OVER_RIDING_STYLED_ITEM('',(#5830),#5760,#57710);
#57820=OVER_RIDING_STYLED_ITEM('',(#6240),#6170,#57710);
#57830=OVER_RIDING_STYLED_ITEM('',(#6620),#6550,#57710);
#57840=OVER_RIDING_STYLED_ITEM('',(#7070),#7000,#57710);
#57850=OVER_RIDING_STYLED_ITEM('',(#7460),#7390,#57710);
#57860=OVER_RIDING_STYLED_ITEM('',(#8190),#8120,#57710);
#57870=OVER_RIDING_STYLED_ITEM('',(#8430),#8360,#57710);
#57880=OVER_RIDING_STYLED_ITEM('',(#8720),#8650,#57710);
#57890=OVER_RIDING_STYLED_ITEM('',(#8960),#8890,#57710);
#57900=OVER_RIDING_STYLED_ITEM('',(#9400),#9330,#57710);
#57910=OVER_RIDING_STYLED_ITEM('',(#9640),#9570,#57710);
#57920=OVER_RIDING_STYLED_ITEM('',(#10860),#10790,#57710);
#57930=OVER_RIDING_STYLED_ITEM('',(#13860),#13790,#57710);
#57940=OVER_RIDING_STYLED_ITEM('',(#14170),#14100,#57710);
#57950=OVER_RIDING_STYLED_ITEM('',(#14490),#14420,#57710);
#57960=OVER_RIDING_STYLED_ITEM('',(#15190),#15120,#57710);
#57970=OVER_RIDING_STYLED_ITEM('',(#15500),#15430,#57710);
#57980=OVER_RIDING_STYLED_ITEM('',(#15810),#15740,#57710);
#57990=OVER_RIDING_STYLED_ITEM('',(#16120),#16050,#57710);
#58000=OVER_RIDING_STYLED_ITEM('',(#16430),#16360,#57710);
#58010=OVER_RIDING_STYLED_ITEM('',(#16740),#16670,#57710);
#58020=OVER_RIDING_STYLED_ITEM('',(#17050),#16980,#57710);
#58030=OVER_RIDING_STYLED_ITEM('',(#17290),#17220,#57710);
#58040=OVER_RIDING_STYLED_ITEM('',(#17540),#17470,#57710);
#58050=OVER_RIDING_STYLED_ITEM('',(#17930),#17860,#57710);
#58060=OVER_RIDING_STYLED_ITEM('',(#18310),#18240,#57710);
#58070=OVER_RIDING_STYLED_ITEM('',(#18690),#18620,#57710);
#58080=OVER_RIDING_STYLED_ITEM('',(#19000),#18930,#57710);
#58090=OVER_RIDING_STYLED_ITEM('',(#19330),#19260,#57710);
#58100=OVER_RIDING_STYLED_ITEM('',(#19640),#19570,#57710);
#58110=OVER_RIDING_STYLED_ITEM('',(#20030),#19960,#57710);
#58120=OVER_RIDING_STYLED_ITEM('',(#20460),#20390,#57710);
#58130=OVER_RIDING_STYLED_ITEM('',(#20840),#20770,#57710);
#58140=OVER_RIDING_STYLED_ITEM('',(#21180),#21110,#57710);
#58150=OVER_RIDING_STYLED_ITEM('',(#21400),#21330,#57710);
#58160=OVER_RIDING_STYLED_ITEM('',(#21720),#21650,#57710);
#58170=OVER_RIDING_STYLED_ITEM('',(#21910),#21840,#57710);
#58180=OVER_RIDING_STYLED_ITEM('',(#22130),#22060,#57710);
#58190=OVER_RIDING_STYLED_ITEM('',(#22390),#22320,#57710);
#58200=OVER_RIDING_STYLED_ITEM('',(#22700),#22630,#57710);
#58210=OVER_RIDING_STYLED_ITEM('',(#23530),#23460,#57710);
#58220=OVER_RIDING_STYLED_ITEM('',(#23710),#23640,#57710);
#58230=OVER_RIDING_STYLED_ITEM('',(#24020),#23950,#57710);
#58240=OVER_RIDING_STYLED_ITEM('',(#24350),#24280,#57710);
#58250=OVER_RIDING_STYLED_ITEM('',(#24650),#24580,#57710);
#58260=OVER_RIDING_STYLED_ITEM('',(#24900),#24830,#57710);
#58270=OVER_RIDING_STYLED_ITEM('',(#25050),#24980,#57710);
#58280=OVER_RIDING_STYLED_ITEM('',(#25180),#25110,#57710);
#58290=OVER_RIDING_STYLED_ITEM('',(#25320),#25250,#57710);
#58300=OVER_RIDING_STYLED_ITEM('',(#25790),#25720,#57710);
#58310=OVER_RIDING_STYLED_ITEM('',(#26050),#25980,#57710);
#58320=OVER_RIDING_STYLED_ITEM('',(#26360),#26290,#57710);
#58330=OVER_RIDING_STYLED_ITEM('',(#26610),#26540,#57710);
#58340=OVER_RIDING_STYLED_ITEM('',(#26810),#26740,#57710);
#58350=OVER_RIDING_STYLED_ITEM('',(#27060),#26990,#57710);
#58360=OVER_RIDING_STYLED_ITEM('',(#27320),#27250,#57710);
#58370=OVER_RIDING_STYLED_ITEM('',(#27510),#27440,#57710);
#58380=OVER_RIDING_STYLED_ITEM('',(#27690),#27620,#57710);
#58390=OVER_RIDING_STYLED_ITEM('',(#27930),#27860,#57710);
#58400=OVER_RIDING_STYLED_ITEM('',(#28070),#28000,#57710);
#58410=OVER_RIDING_STYLED_ITEM('',(#28270),#28200,#57710);
#58420=OVER_RIDING_STYLED_ITEM('',(#28410),#28340,#57710);
#58430=OVER_RIDING_STYLED_ITEM('',(#28730),#28660,#57710);
#58440=OVER_RIDING_STYLED_ITEM('',(#29070),#29000,#57710);
#58450=OVER_RIDING_STYLED_ITEM('',(#29310),#29240,#57710);
#58460=OVER_RIDING_STYLED_ITEM('',(#29950),#29880,#57710);
#58470=OVER_RIDING_STYLED_ITEM('',(#30330),#30260,#57710);
#58480=OVER_RIDING_STYLED_ITEM('',(#30710),#30640,#57710);
#58490=OVER_RIDING_STYLED_ITEM('',(#30840),#30770,#57710);
#58500=OVER_RIDING_STYLED_ITEM('',(#31150),#31080,#57710);
#58510=OVER_RIDING_STYLED_ITEM('',(#31490),#31420,#57710);
#58520=OVER_RIDING_STYLED_ITEM('',(#31800),#31730,#57710);
#58530=OVER_RIDING_STYLED_ITEM('',(#32040),#31970,#57710);
#58540=OVER_RIDING_STYLED_ITEM('',(#32350),#32280,#57710);
#58550=OVER_RIDING_STYLED_ITEM('',(#32830),#32760,#57710);
#58560=OVER_RIDING_STYLED_ITEM('',(#33310),#33240,#57710);
#58570=OVER_RIDING_STYLED_ITEM('',(#33550),#33480,#57710);
#58580=OVER_RIDING_STYLED_ITEM('',(#33740),#33670,#57710);
#58590=OVER_RIDING_STYLED_ITEM('',(#33930),#33860,#57710);
#58600=OVER_RIDING_STYLED_ITEM('',(#34170),#34100,#57710);
#58610=OVER_RIDING_STYLED_ITEM('',(#34400),#34330,#57710);
#58620=OVER_RIDING_STYLED_ITEM('',(#34640),#34570,#57710);
#58630=OVER_RIDING_STYLED_ITEM('',(#34830),#34760,#57710);
#58640=OVER_RIDING_STYLED_ITEM('',(#34970),#34900,#57710);
#58650=OVER_RIDING_STYLED_ITEM('',(#35440),#35370,#57710);
#58660=OVER_RIDING_STYLED_ITEM('',(#35820),#35750,#57710);
#58670=OVER_RIDING_STYLED_ITEM('',(#36200),#36130,#57710);
#58680=OVER_RIDING_STYLED_ITEM('',(#36580),#36510,#57710);
#58690=OVER_RIDING_STYLED_ITEM('',(#36960),#36890,#57710);
#58700=OVER_RIDING_STYLED_ITEM('',(#37430),#37360,#57710);
#58710=OVER_RIDING_STYLED_ITEM('',(#37720),#37650,#57710);
#58720=OVER_RIDING_STYLED_ITEM('',(#38000),#37930,#57710);
#58730=OVER_RIDING_STYLED_ITEM('',(#39050),#38980,#57710);
#58740=OVER_RIDING_STYLED_ITEM('',(#39430),#39360,#57710);
#58750=OVER_RIDING_STYLED_ITEM('',(#39750),#39680,#57710);
#58760=OVER_RIDING_STYLED_ITEM('',(#40060),#39990,#57710);
#58770=OVER_RIDING_STYLED_ITEM('',(#40380),#40310,#57710);
#58780=OVER_RIDING_STYLED_ITEM('',(#40690),#40620,#57710);
#58790=OVER_RIDING_STYLED_ITEM('',(#41010),#40940,#57710);
#58800=OVER_RIDING_STYLED_ITEM('',(#41320),#41250,#57710);
#58810=OVER_RIDING_STYLED_ITEM('',(#41570),#41500,#57710);
#58820=OVER_RIDING_STYLED_ITEM('',(#44000),#43930,#57710);
#58830=OVER_RIDING_STYLED_ITEM('',(#44390),#44320,#57710);
#58840=OVER_RIDING_STYLED_ITEM('',(#44710),#44640,#57710);
#58850=OVER_RIDING_STYLED_ITEM('',(#45100),#45030,#57710);
#58860=OVER_RIDING_STYLED_ITEM('',(#45410),#45340,#57710);
#58870=OVER_RIDING_STYLED_ITEM('',(#45730),#45660,#57710);
#58880=OVER_RIDING_STYLED_ITEM('',(#46040),#45970,#57710);
#58890=OVER_RIDING_STYLED_ITEM('',(#46360),#46290,#57710);
#58900=OVER_RIDING_STYLED_ITEM('',(#46740),#46670,#57710);
#58910=OVER_RIDING_STYLED_ITEM('',(#47060),#46990,#57710);
#58920=OVER_RIDING_STYLED_ITEM('',(#47300),#47230,#57710);
#58930=OVER_RIDING_STYLED_ITEM('',(#47540),#47470,#57710);
#58940=OVER_RIDING_STYLED_ITEM('',(#47920),#47850,#57710);
#58950=OVER_RIDING_STYLED_ITEM('',(#48240),#48170,#57710);
#58960=OVER_RIDING_STYLED_ITEM('',(#48560),#48490,#57710);
#58970=OVER_RIDING_STYLED_ITEM('',(#48870),#48800,#57710);
#58980=OVER_RIDING_STYLED_ITEM('',(#49190),#49120,#57710);
#58990=OVER_RIDING_STYLED_ITEM('',(#49500),#49430,#57710);
#59000=OVER_RIDING_STYLED_ITEM('',(#49820),#49750,#57710);
#59010=OVER_RIDING_STYLED_ITEM('',(#50130),#50060,#57710);
#59020=OVER_RIDING_STYLED_ITEM('',(#50450),#50380,#57710);
#59030=OVER_RIDING_STYLED_ITEM('',(#50760),#50690,#57710);
#59040=OVER_RIDING_STYLED_ITEM('',(#51080),#51010,#57710);
#59050=OVER_RIDING_STYLED_ITEM('',(#51400),#51330,#57710);
#59060=OVER_RIDING_STYLED_ITEM('',(#51640),#51570,#57710);
#59070=OVER_RIDING_STYLED_ITEM('',(#52030),#51960,#57710);
#59080=OVER_RIDING_STYLED_ITEM('',(#52160),#52090,#57710);
#59090=OVER_RIDING_STYLED_ITEM('',(#52710),#52640,#57710);
#59100=OVER_RIDING_STYLED_ITEM('',(#53100),#53030,#57710);
#59110=OVER_RIDING_STYLED_ITEM('',(#53290),#53220,#57710);
#59120=OVER_RIDING_STYLED_ITEM('',(#53850),#53780,#57710);
#59130=OVER_RIDING_STYLED_ITEM('',(#54230),#54160,#57710);
#59140=OVER_RIDING_STYLED_ITEM('',(#54620),#54550,#57710);
#59150=OVER_RIDING_STYLED_ITEM('',(#54950),#54880,#57710);
#59160=OVER_RIDING_STYLED_ITEM('',(#55190),#55120,#57710);
#59170=OVER_RIDING_STYLED_ITEM('',(#55460),#55390,#57710);
#59180=OVER_RIDING_STYLED_ITEM('',(#55650),#55580,#57710);
#59190=OVER_RIDING_STYLED_ITEM('',(#55790),#55720,#57710);
#59200=OVER_RIDING_STYLED_ITEM('',(#55930),#55860,#57710);
#59210=OVER_RIDING_STYLED_ITEM('',(#56070),#56000,#57710);
#59220=OVER_RIDING_STYLED_ITEM('',(#56200),#56130,#57710);
#59230=OVER_RIDING_STYLED_ITEM('',(#56340),#56270,#57710);
#59240=OVER_RIDING_STYLED_ITEM('',(#56480),#56410,#57710);
#59250=OVER_RIDING_STYLED_ITEM('',(#56660),#56590,#57710);
#59260=OVER_RIDING_STYLED_ITEM('',(#56800),#56730,#57710);
#59270=OVER_RIDING_STYLED_ITEM('',(#56940),#56870,#57710);
#59280=OVER_RIDING_STYLED_ITEM('',(#57120),#57050,#57710);
#59290=OVER_RIDING_STYLED_ITEM('',(#57250),#57180,#57710);
#59300=OVER_RIDING_STYLED_ITEM('',(#57380),#57310,#57710);
#59310=MECHANICAL_DESIGN_GEOMETRIC_PRESENTATION_REPRESENTATION('',(
   #57710,#57720,#57730,#57740,#57750,#57760,#57770,#57780,#57790,#57800
   ,#57810,#57820,#57830,#57840,#57850,#57860,#57870,#57880,#57890,
   #57900,#57910,#57920,#57930,#57940,#57950,#57960,#57970,#57980,#57990
   ,#58000,#58010,#58020,#58030,#58040,#58050,#58060,#58070,#58080,
   #58090,#58100,#58110,#58120,#58130,#58140,#58150,#58160,#58170,#58180
   ,#58190,#58200,#58210,#58220,#58230,#58240,#58250,#58260,#58270,
   #58280,#58290,#58300,#58310,#58320,#58330,#58340,#58350,#58360,#58370
   ,#58380,#58390,#58400,#58410,#58420,#58430,#58440,#58450,#58460,
   #58470,#58480,#58490,#58500,#58510,#58520,#58530,#58540,#58550,#58560
   ,#58570,#58580,#58590,#58600,#58610,#58620,#58630,#58640,#58650,
   #58660,#58670,#58680,#58690,#58700,#58710,#58720,#58730,#58740,#58750
   ,#58760,#58770,#58780,#58790,#58800,#58810,#58820,#58830,#58840,
   #58850,#58860,#58870,#58880,#58890,#58900,#58910,#58920,#58930,#58940
   ,#58950,#58960,#58970,#58980,#58990,#59000,#59010,#59020,#59030,
   #59040,#59050,#59060,#59070,#59080,#59090,#59100,#59110,#59120,#59130
   ,#59140,#59150,#59160,#59170,#59180,#59190,#59200,#59210,#59220,
   #59230,#59240,#59250,#59260,#59270,#59280,#59290,#59300),#57600);
#59320=CARTESIAN_POINT('',(-9.7474213436161463E+00,
   -5.2728449999999896E+00,-1.1999999999999881E+01));
#59330=DIRECTION('',(-1.2246063538223773E-16,0.0000000000000000E+00,
   -1.0000000000000000E+00));
#59340=DIRECTION('',(-1.0000000000000000E+00,0.0000000000000000E+00,
   1.2246063538223773E-16));
#59350=AXIS2_PLACEMENT_3D('',#59320,#59330,#59340);
#59360=ITEM_DEFINED_TRANSFORMATION('gmkdsn_1.5-2-7.62','',#59350,#57440)
   ;
#59370=APPLICATION_CONTEXT(' ');
#59380=APPLICATION_PROTOCOL_DEFINITION(' ','automotive_design',1998,
   #59370);
#59390=MECHANICAL_CONTEXT('',#59370,'mechanical');
#59400=PRODUCT_DEFINITION_CONTEXT('',#59370,'design');
#59410=PRODUCT('gmkdsn_1.5-2-7.62','gmkdsn_1.5-2-7.62','',(#59390));
#59420=PRODUCT_TYPE('part',' ',(#59410));
#59430=PRODUCT_DEFINITION_FORMATION_WITH_SPECIFIED_SOURCE('','',#59410,
   .BOUGHT.);
#59440=PRODUCT_DEFINITION('',' ',#59430,#59400);
#59450=PRODUCT_DEFINITION_SHAPE('','',#59440);
#59460=DIMENSIONAL_EXPONENTS(1.0000000000000000E+00,
   0.0000000000000000E+00,0.0000000000000000E+00,0.0000000000000000E+00,
   0.0000000000000000E+00,0.0000000000000000E+00,0.0000000000000000E+00)
   ;
#59470=DIMENSIONAL_EXPONENTS(0.0000000000000000E+00,
   0.0000000000000000E+00,0.0000000000000000E+00,0.0000000000000000E+00,
   0.0000000000000000E+00,0.0000000000000000E+00,0.0000000000000000E+00)
   ;
#59480=DIMENSIONAL_EXPONENTS(0.0000000000000000E+00,
   0.0000000000000000E+00,0.0000000000000000E+00,0.0000000000000000E+00,
   0.0000000000000000E+00,0.0000000000000000E+00,0.0000000000000000E+00)
   ;
#59490=(LENGTH_UNIT() NAMED_UNIT(*) SI_UNIT(.MILLI.,.METRE.));
#59500=(NAMED_UNIT(*) PLANE_ANGLE_UNIT() SI_UNIT($,.RADIAN.));
#59510=(NAMED_UNIT(*) SI_UNIT($,.STERADIAN.) SOLID_ANGLE_UNIT());
#59520=(GEOMETRIC_REPRESENTATION_CONTEXT(3) 
   GLOBAL_UNCERTAINTY_ASSIGNED_CONTEXT((#59530)) 
   GLOBAL_UNIT_ASSIGNED_CONTEXT((#59490,#59500,#59510)) 
   REPRESENTATION_CONTEXT('',''));
#59530=UNCERTAINTY_MEASURE_WITH_UNIT(LENGTH_MEASURE(
   9.9999999999999995E-07),#59490,'distance_accuracy_value',
   'maximum gap value');
#59540=SHAPE_REPRESENTATION('',(#57440,#59350),#59520);
#59550=SHAPE_DEFINITION_REPRESENTATION(#59450,#59540);
#59560=(REPRESENTATION_RELATIONSHIP('','',#59540,#57620) 
   REPRESENTATION_RELATIONSHIP_WITH_TRANSFORMATION(#59360) 
   SHAPE_REPRESENTATION_RELATIONSHIP());
#59570=NEXT_ASSEMBLY_USAGE_OCCURRENCE('1','','gmkdsn_1.5-2-7.62',#59440,
   #57520,'');
#59580=PRODUCT_DEFINITION_SHAPE('','',#59570);
#59590=CONTEXT_DEPENDENT_SHAPE_REPRESENTATION(#59560,#59580);
ENDSEC;
END-ISO-10303-21;
                
                  
               
                   
                    
     
                
