ISO-10303-21;
HEADER;
FILE_DESCRIPTION (( 'STEP AP214' ),
    '1' );
FILE_NAME ('DG301-5.0-02P-12-00A(H).STEP',
    '2024-03-31T12:36:38',
    ( '' ),
    ( '' ),
    'SwSTEP 2.0',
    'SolidWorks 2016',
    '' );
FILE_SCHEMA (( 'AUTOMOTIVE_DESIGN' ));
ENDSEC;

DATA;
#1 = EDGE_CURVE ( 'NONE', #881, #819, #5344, .T. ) ;
#2 = VERTEX_POINT ( 'NONE', #1503 ) ;
#3 = SURFACE_STYLE_FILL_AREA ( #5503 ) ;
#4 =( NAMED_UNIT ( * ) PLANE_ANGLE_UNIT ( ) SI_UNIT ( $, .RADIAN. ) );
#5 = ORIENTED_EDGE ( 'NONE', *, *, #4561, .T. ) ;
#6 = UNCERTAINTY_MEASURE_WITH_UNIT (LENGTH_MEASURE( 1.000000000000000100E-005 ), #6078, 'distance_accuracy_value', 'NONE');
#7 = PLANE ( 'NONE',  #3046 ) ;
#8 = STYLED_ITEM ( 'NONE', ( #4001 ), #4185 ) ;
#9 = EDGE_CURVE ( 'NONE', #4637, #987, #1572, .T. ) ;
#10 = DIRECTION ( 'NONE',  ( 0.0000000000000000000, -0.08715574274766371700, 0.9961946980917451000 ) ) ;
#11 = ORIENTED_EDGE ( 'NONE', *, *, #399, .F. ) ;
#12 = ORIENTED_EDGE ( 'NONE', *, *, #3440, .T. ) ;
#13 = EDGE_CURVE ( 'NONE', #5558, #32, #2853, .T. ) ;
#14 = FACE_OUTER_BOUND ( 'NONE', #3388, .T. ) ;
#15 = CARTESIAN_POINT ( 'NONE',  ( 1.000000000000000000, 0.6912459284779619600, 1.549472632322330000 ) ) ;
#16 = ORIENTED_EDGE ( 'NONE', *, *, #1540, .F. ) ;
#17 = SURFACE_STYLE_USAGE ( .BOTH. , #2977 ) ;
#18 = LINE ( 'NONE', #1311, #5032 ) ;
#19 = MECHANICAL_DESIGN_GEOMETRIC_PRESENTATION_REPRESENTATION (  '', ( #5620 ), #368 ) ;
#20 = ORIENTED_EDGE ( 'NONE', *, *, #2669, .T. ) ;
#21 =( LENGTH_UNIT ( ) NAMED_UNIT ( * ) SI_UNIT ( .MILLI., .METRE. ) );
#22 = VECTOR ( 'NONE', #5734, 1000.000000000000000 ) ;
#23 = VECTOR ( 'NONE', #756, 1000.000000000000000 ) ;
#24 = CARTESIAN_POINT ( 'NONE',  ( -1.500000000000270000, 2.700000000000000200, 0.8000000000000000400 ) ) ;
#25 = ORIENTED_EDGE ( 'NONE', *, *, #3151, .F. ) ;
#26 = AXIS2_PLACEMENT_3D ( 'NONE', #4442, #3650, #4968 ) ;
#27 = MECHANICAL_DESIGN_GEOMETRIC_PRESENTATION_REPRESENTATION (  '', ( #5628 ), #378 ) ;
#28 = FACE_OUTER_BOUND ( 'NONE', #6084, .T. ) ;
#29 = CARTESIAN_POINT ( 'NONE',  ( 0.4999999999999683600, 2.000000000000000000, 10.57037001743049300 ) ) ;
#30 = ORIENTED_EDGE ( 'NONE', *, *, #4105, .T. ) ;
#31 = DIRECTION ( 'NONE',  ( 0.0000000000000000000, 0.0000000000000000000, 1.000000000000000000 ) ) ;
#32 = VERTEX_POINT ( 'NONE', #1332 ) ;
#33 = FACE_OUTER_BOUND ( 'NONE', #2690, .T. ) ;
#34 = CARTESIAN_POINT ( 'NONE',  ( 0.7999999999999962700, -1.599999999999991700, -3.930232875259953600E-016 ) ) ;
#35 = PRESENTATION_LAYER_ASSIGNMENT (  '', '', ( #387 ) ) ;
#36 = FACE_OUTER_BOUND ( 'NONE', #2003, .T. ) ;
#37 = CARTESIAN_POINT ( 'NONE',  ( -2.500000000000000400, 4.500000000000000900, 7.000000000000340200 ) ) ;
#38 = CARTESIAN_POINT ( 'NONE',  ( -1.250000000027284800, 1.530808498967606000E-016, 1.350000000002182800 ) ) ;
#39 = VECTOR ( 'NONE', #5238, 1000.000000000000000 ) ;
#40 = ORIENTED_EDGE ( 'NONE', *, *, #6143, .T. ) ;
#41 = FILL_AREA_STYLE ('',( #4883 ) ) ;
#42 = FACE_OUTER_BOUND ( 'NONE', #3698, .T. ) ;
#43 = CARTESIAN_POINT ( 'NONE',  ( -1.236931687685759900, 0.3999999999985610600, 5.799999999999999800 ) ) ;
#44 = SURFACE_STYLE_USAGE ( .BOTH. , #66 ) ;
#45 = ORIENTED_EDGE ( 'NONE', *, *, #323, .F. ) ;
#46 = ORIENTED_EDGE ( 'NONE', *, *, #4146, .T. ) ;
#47 = AXIS2_PLACEMENT_3D ( 'NONE', #508, #3918, #1015 ) ;
#48 = CARTESIAN_POINT ( 'NONE',  ( -0.6201339277048197900, 0.7946209848446456100, 3.364677991267266000 ) ) ;
#49 =( LENGTH_UNIT ( ) NAMED_UNIT ( * ) SI_UNIT ( .MILLI., .METRE. ) );
#50 = AXIS2_PLACEMENT_3D ( 'NONE', #3149, #197, #3623 ) ;
#51 = EDGE_CURVE ( 'NONE', #83, #5558, #5215, .T. ) ;
#52 = LINE ( 'NONE', #582, #1411 ) ;
#53 = VERTEX_POINT ( 'NONE', #1383 ) ;
#54 =( NAMED_UNIT ( * ) PLANE_ANGLE_UNIT ( ) SI_UNIT ( $, .RADIAN. ) );
#55 = B_SPLINE_CURVE_WITH_KNOTS ( 'NONE', 3,
 ( #5645, #6104, #3333, #391, #3803, #891, #4277, #1413, #4760, #1905 ),
 .UNSPECIFIED., .F., .F.,
 ( 4, 2, 2, 2, 4 ),
 ( 0.004857111843874138900, 0.005261088331952395000, 0.005665064820030650200, 0.006069041308108906300, 0.006473017796187162400 ),
 .UNSPECIFIED. ) ;
#56 = EDGE_CURVE ( 'NONE', #3420, #1114, #1733, .T. ) ;
#57 = CARTESIAN_POINT ( 'NONE',  ( -0.8999999999999955800, -1.799999999999991800, 0.09999999999999961700 ) ) ;
#58 = COLOUR_RGB ( '',0.0000000000000000000, 0.3686274509803921800, 0.7215686274509803800 ) ;
#59 = AXIS2_PLACEMENT_3D ( 'NONE', #1160, #4538, #1676 ) ;
#60 = DIRECTION ( 'NONE',  ( 0.0000000000000000000, -0.0000000000000000000, 1.000000000000000000 ) ) ;
#61 = FILL_AREA_STYLE ('',( #3014 ) ) ;
#62 = LINE ( 'NONE', #753, #2553 ) ;
#63 = VECTOR ( 'NONE', #1011, 1000.000000000000000 ) ;
#64 = CARTESIAN_POINT ( 'NONE',  ( 4.999999999999969800, 3.000000000000000000, 4.799999999999999800 ) ) ;
#65 = CIRCLE ( 'NONE', #5421, 1.300000000000000300 ) ;
#66 = SURFACE_SIDE_STYLE ('',( #5552 ) ) ;
#67 =( GEOMETRIC_REPRESENTATION_CONTEXT ( 3 ) GLOBAL_UNCERTAINTY_ASSIGNED_CONTEXT ( ( #1100 ) ) GLOBAL_UNIT_ASSIGNED_CONTEXT ( ( #21, #4, #73 ) ) REPRESENTATION_CONTEXT ( 'NONE', 'WORKASPACE' ) );
#68 =( GEOMETRIC_REPRESENTATION_CONTEXT ( 3 ) GLOBAL_UNCERTAINTY_ASSIGNED_CONTEXT ( ( #3703 ) ) GLOBAL_UNIT_ASSIGNED_CONTEXT ( ( #490, #3905, #1000 ) ) REPRESENTATION_CONTEXT ( 'NONE', 'WORKASPACE' ) );
#69 = ORIENTED_EDGE ( 'NONE', *, *, #3826, .F. ) ;
#70 = VERTEX_POINT ( 'NONE', #981 ) ;
#71 = ORIENTED_EDGE ( 'NONE', *, *, #2636, .T. ) ;
#72 = CARTESIAN_POINT ( 'NONE',  ( 1.500000000000000000, 0.0000000000000000000, 0.0000000000000000000 ) ) ;
#73 =( NAMED_UNIT ( * ) SI_UNIT ( $, .STERADIAN. ) SOLID_ANGLE_UNIT ( ) );
#74 = AXIS2_PLACEMENT_3D ( 'NONE', #5348, #5444, #5612 ) ;
#75 = DIRECTION ( 'NONE',  ( 0.0000000000000000000, 1.000000000000000000, 0.0000000000000000000 ) ) ;
#76 = STYLED_ITEM ( 'NONE', ( #502 ), #1363 ) ;
#77 = FILL_AREA_STYLE ('',( #5827 ) ) ;
#78 = COLOUR_RGB ( '',0.0000000000000000000, 0.3686274509803921800, 0.7215686274509803800 ) ;
#79 = COLOUR_RGB ( '',0.7921568627450980000, 0.8196078431372548800, 0.9333333333333333500 ) ;
#80 = DIRECTION ( 'NONE',  ( -0.9659258262890690900, 0.2588190451025180700, 0.0000000000000000000 ) ) ;
#81 = DIRECTION ( 'NONE',  ( 0.0000000000000000000, -2.309350627394123800E-014, -1.000000000000000000 ) ) ;
#82 = FILL_AREA_STYLE_COLOUR ( '', #2691 ) ;
#83 = VERTEX_POINT ( 'NONE', #990 ) ;
#84 = SURFACE_SIDE_STYLE ('',( #3415 ) ) ;
#85 = STYLED_ITEM ( 'NONE', ( #6043 ), #3661 ) ;
#86 =( NAMED_UNIT ( * ) SI_UNIT ( $, .STERADIAN. ) SOLID_ANGLE_UNIT ( ) );
#87 = PLANE ( 'NONE',  #2828 ) ;
#88 = COLOUR_RGB ( '',0.7921568627450980000, 0.8000000000000000400, 0.8078431372549019800 ) ;
#89 = EDGE_CURVE ( 'NONE', #491, #3708, #2700, .T. ) ;
#90 = VERTEX_POINT ( 'NONE', #935 ) ;
#91 = UNCERTAINTY_MEASURE_WITH_UNIT (LENGTH_MEASURE( 1.000000000000000100E-005 ), #2655, 'distance_accuracy_value', 'NONE');
#92 = VECTOR ( 'NONE', #6089, 1000.000000000000000 ) ;
#93 = LINE ( 'NONE', #2170, #2577 ) ;
#94 = DIRECTION ( 'NONE',  ( 1.000000000000000000, 0.0000000000000000000, -0.0000000000000000000 ) ) ;
#95 = AXIS2_PLACEMENT_3D ( 'NONE', #2811, #6074, #3311 ) ;
#96 = ORIENTED_EDGE ( 'NONE', *, *, #3515, .T. ) ;
#97 = EDGE_CURVE ( 'NONE', #4488, #1550, #5080, .T. ) ;
#98 = PRESENTATION_STYLE_ASSIGNMENT (( #544 ) ) ;
#99 = ORIENTED_EDGE ( 'NONE', *, *, #5874, .T. ) ;
#100 = ORIENTED_EDGE ( 'NONE', *, *, #4702, .T. ) ;
#101 = DIRECTION ( 'NONE',  ( 0.2588190451025180700, 0.9659258262890690900, 0.0000000000000000000 ) ) ;
#102 =( NAMED_UNIT ( * ) SI_UNIT ( $, .STERADIAN. ) SOLID_ANGLE_UNIT ( ) );
#103 = PLANE ( 'NONE',  #4428 ) ;
#104 = STYLED_ITEM ( 'NONE', ( #1481 ), #5607 ) ;
#105 = DIRECTION ( 'NONE',  ( -0.0000000000000000000, 0.9961946980917451000, 0.08715574274766371700 ) ) ;
#106 = ORIENTED_EDGE ( 'NONE', *, *, #3065, .T. ) ;
#107 =( NAMED_UNIT ( * ) PLANE_ANGLE_UNIT ( ) SI_UNIT ( $, .RADIAN. ) );
#108 = FILL_AREA_STYLE ('',( #222 ) ) ;
#109 = ORIENTED_EDGE ( 'NONE', *, *, #2794, .T. ) ;
#110 = PRESENTATION_STYLE_ASSIGNMENT (( #163 ) ) ;
#111 = CARTESIAN_POINT ( 'NONE',  ( -1.950000000000000000, 1.451517244269860100, 0.2000000000000000100 ) ) ;
#112 = VECTOR ( 'NONE', #4813, 999.9999999999998900 ) ;
#113 = CARTESIAN_POINT ( 'NONE',  ( -2.500000000000000000, 3.060769515458670000, 6.700000000000000200 ) ) ;
#114 =( LENGTH_UNIT ( ) NAMED_UNIT ( * ) SI_UNIT ( .MILLI., .METRE. ) );
#115 =( NAMED_UNIT ( * ) SI_UNIT ( $, .STERADIAN. ) SOLID_ANGLE_UNIT ( ) );
#116 = EDGE_LOOP ( 'NONE', ( #6133, #3580 ) ) ;
#117 = PRESENTATION_STYLE_ASSIGNMENT (( #4481 ) ) ;
#118 =( GEOMETRIC_REPRESENTATION_CONTEXT ( 3 ) GLOBAL_UNCERTAINTY_ASSIGNED_CONTEXT ( ( #5277 ) ) GLOBAL_UNIT_ASSIGNED_CONTEXT ( ( #3274, #3992, #3726 ) ) REPRESENTATION_CONTEXT ( 'NONE', 'WORKASPACE' ) );
#119 = CARTESIAN_POINT ( 'NONE',  ( 0.4999999999999680300, 3.000000000000000000, 9.142222010458430900 ) ) ;
#120 = DIRECTION ( 'NONE',  ( -1.000000000000000000, 0.0000000000000000000, 0.0000000000000000000 ) ) ;
#121 = DIRECTION ( 'NONE',  ( 5.286776307738839800E-017, 0.0000000000000000000, 1.000000000000000000 ) ) ;
#122 = STYLED_ITEM ( 'NONE', ( #927 ), #3199 ) ;
#123 =( GEOMETRIC_REPRESENTATION_CONTEXT ( 3 ) GLOBAL_UNCERTAINTY_ASSIGNED_CONTEXT ( ( #732 ) ) GLOBAL_UNIT_ASSIGNED_CONTEXT ( ( #4580, #4601, #4625 ) ) REPRESENTATION_CONTEXT ( 'NONE', 'WORKASPACE' ) );
#124 = PRODUCT_DEFINITION_CONTEXT ( 'detailed design', #2202, 'design' ) ;
#125 = CARTESIAN_POINT ( 'NONE',  ( 6.899999999999979900, 3.900000000000050100, 6.700000000000000200 ) ) ;
#126 = CIRCLE ( 'NONE', #5130, 1.300000000000000300 ) ;
#127 = SURFACE_STYLE_USAGE ( .BOTH. , #3077 ) ;
#128 = VERTEX_POINT ( 'NONE', #865 ) ;
#129 = SURFACE_STYLE_FILL_AREA ( #5022 ) ;
#130 = UNCERTAINTY_MEASURE_WITH_UNIT (LENGTH_MEASURE( 1.000000000000000100E-005 ), #1838, 'distance_accuracy_value', 'NONE');
#131 = VERTEX_POINT ( 'NONE', #955 ) ;
#132 = CARTESIAN_POINT ( 'NONE',  ( -1.000000000000000000, 2.036063597560350000, -2.348150417296989800 ) ) ;
#133 = DIRECTION ( 'NONE',  ( 0.0000000000000000000, -1.000000000000000000, 4.752667057923479000E-016 ) ) ;
#134 = PRESENTATION_STYLE_ASSIGNMENT (( #1270 ) ) ;
#135 = LINE ( 'NONE', #4195, #2611 ) ;
#136 = PLANE ( 'NONE',  #5478 ) ;
#137 = FILL_AREA_STYLE ('',( #3528 ) ) ;
#138 = SURFACE_STYLE_USAGE ( .BOTH. , #3083 ) ;
#139 =( GEOMETRIC_REPRESENTATION_CONTEXT ( 3 ) GLOBAL_UNCERTAINTY_ASSIGNED_CONTEXT ( ( #1139 ) ) GLOBAL_UNIT_ASSIGNED_CONTEXT ( ( #5288, #2470, #5740 ) ) REPRESENTATION_CONTEXT ( 'NONE', 'WORKASPACE' ) );
#140 = EDGE_CURVE ( 'NONE', #252, #5558, #4923, .T. ) ;
#141 = VECTOR ( 'NONE', #4810, 1000.000000000000000 ) ;
#142 = DIRECTION ( 'NONE',  ( 1.000000000000000000, 0.0000000000000000000, -0.0000000000000000000 ) ) ;
#143 = VECTOR ( 'NONE', #2791, 1000.000000000000100 ) ;
#144 = EDGE_CURVE ( 'NONE', #2454, #2578, #2554, .T. ) ;
#145 = CARTESIAN_POINT ( 'NONE',  ( 7.500000000000000000, 3.739230484541380000, 0.0000000000000000000 ) ) ;
#146 = EDGE_LOOP ( 'NONE', ( #4516, #4972, #3189, #5158 ) ) ;
#147 = VERTEX_POINT ( 'NONE', #632 ) ;
#148 = MECHANICAL_DESIGN_GEOMETRIC_PRESENTATION_REPRESENTATION (  '', ( #5149 ), #480 ) ;
#149 = ORIENTED_EDGE ( 'NONE', *, *, #2283, .T. ) ;
#150 = CARTESIAN_POINT ( 'NONE',  ( -1.558581953622689700, 0.3288329368897761100, 5.800000000000001600 ) ) ;
#151 =( LENGTH_UNIT ( ) NAMED_UNIT ( * ) SI_UNIT ( .MILLI., .METRE. ) );
#152 = LINE ( 'NONE', #995, #2783 ) ;
#153 = DIRECTION ( 'NONE',  ( -0.0000000000000000000, -1.000000000000000000, 0.0000000000000000000 ) ) ;
#154 = DIRECTION ( 'NONE',  ( 0.0000000000000000000, 2.376333528961739500E-016, 1.000000000000000000 ) ) ;
#155 = VERTEX_POINT ( 'NONE', #610 ) ;
#156 = AXIS2_PLACEMENT_3D ( 'NONE', #2186, #1191, #1446 ) ;
#157 = MECHANICAL_DESIGN_GEOMETRIC_PRESENTATION_REPRESENTATION (  '', ( #4838 ), #487 ) ;
#158 = CARTESIAN_POINT ( 'NONE',  ( 0.5499999999999992700, 4.500000000000000900, -1.456080807316840000E-018 ) ) ;
#159 = CARTESIAN_POINT ( 'NONE',  ( -1.255262969126040300E-016, -2.000000000000000000, 3.499999999999999600 ) ) ;
#160 = CARTESIAN_POINT ( 'NONE',  ( 5.000000000000000000, 0.0000000000000000000, 5.500000000000000000 ) ) ;
#161 = ADVANCED_FACE ( 'NONE', ( #2416 ), #769, .T. ) ;
#162 = CARTESIAN_POINT ( 'NONE',  ( 1.250000000027284800, 0.0000000000000000000, 1.350000000002182800 ) ) ;
#163 = SURFACE_STYLE_USAGE ( .BOTH. , #3114 ) ;
#164 =( GEOMETRIC_REPRESENTATION_CONTEXT ( 3 ) GLOBAL_UNCERTAINTY_ASSIGNED_CONTEXT ( ( #5024 ) ) GLOBAL_UNIT_ASSIGNED_CONTEXT ( ( #4328, #5375, #2074 ) ) REPRESENTATION_CONTEXT ( 'NONE', 'WORKASPACE' ) );
#165 = ORIENTED_EDGE ( 'NONE', *, *, #6167, .T. ) ;
#166 = COLOUR_RGB ( '',0.0000000000000000000, 0.3686274509803921800, 0.7215686274509803800 ) ;
#167 = CARTESIAN_POINT ( 'NONE',  ( 0.9999999999999993300, 1.555397397064010300, -2.590967228289169800 ) ) ;
#168 = FILL_AREA_STYLE ('',( #3123 ) ) ;
#169 = LINE ( 'NONE', #2852, #2801 ) ;
#170 = ORIENTED_EDGE ( 'NONE', *, *, #3981, .F. ) ;
#171 = DIRECTION ( 'NONE',  ( 2.323287528027560000E-019, 0.0000000000000000000, -1.000000000000000000 ) ) ;
#172 = PRESENTATION_LAYER_ASSIGNMENT (  '', '', ( #507 ) ) ;
#173 = ORIENTED_EDGE ( 'NONE', *, *, #5606, .T. ) ;
#174 = B_SPLINE_CURVE_WITH_KNOTS ( 'NONE', 3,
 ( #383, #4750, #2394, #5658, #2857, #6114 ),
 .UNSPECIFIED., .F., .F.,
 ( 4, 2, 4 ),
 ( 0.0000000000000000000, 0.0003979782131429423700, 0.0007959564262858847500 ),
 .UNSPECIFIED. ) ;
#175 =( NAMED_UNIT ( * ) SI_UNIT ( $, .STERADIAN. ) SOLID_ANGLE_UNIT ( ) );
#176 = PRESENTATION_STYLE_ASSIGNMENT (( #5408 ) ) ;
#177 = EDGE_CURVE ( 'NONE', #3620, #32, #6129, .T. ) ;
#178 = DIRECTION ( 'NONE',  ( 0.0000000000000000000, 1.000000000000000000, -0.0000000000000000000 ) ) ;
#179 = CARTESIAN_POINT ( 'NONE',  ( 0.0000000000000000000, 0.0000000000000000000, 0.0000000000000000000 ) ) ;
#180 = APPLICATION_CONTEXT ( 'automotive_design' ) ;
#181 = ORIENTED_EDGE ( 'NONE', *, *, #6082, .F. ) ;
#182 = EDGE_CURVE ( 'NONE', #3882, #4632, #607, .T. ) ;
#183 = CARTESIAN_POINT ( 'NONE',  ( 1.103127944101291800, -2.487565595057442000, 5.800000000000002500 ) ) ;
#184 = CIRCLE ( 'NONE', #4210, 1.800000000000000300 ) ;
#185 = AXIS2_PLACEMENT_3D ( 'NONE', #4908, #2055, #5353 ) ;
#186 = ORIENTED_EDGE ( 'NONE', *, *, #4240, .F. ) ;
#187 = SURFACE_SIDE_STYLE ('',( #3089 ) ) ;
#188 = VECTOR ( 'NONE', #3454, 1000.000000000000000 ) ;
#189 = CARTESIAN_POINT ( 'NONE',  ( 0.0000000000000000000, 0.0000000000000000000, -4.700000000000000200 ) ) ;
#190 =( NAMED_UNIT ( * ) SI_UNIT ( $, .STERADIAN. ) SOLID_ANGLE_UNIT ( ) );
#191 = ADVANCED_FACE ( 'NONE', ( #1957 ), #3742, .F. ) ;
#192 = EDGE_LOOP ( 'NONE', ( #6101, #2291, #5411, #3174 ) ) ;
#193 = DIRECTION ( 'NONE',  ( -0.0000000000000000000, -0.0000000000000000000, -1.000000000000000000 ) ) ;
#194 = EDGE_CURVE ( 'NONE', #4531, #615, #5151, .T. ) ;
#195 = MECHANICAL_DESIGN_GEOMETRIC_PRESENTATION_REPRESENTATION (  '', ( #5773 ), #530 ) ;
#196 = DIRECTION ( 'NONE',  ( -1.000000000000000000, 0.0000000000000000000, 0.0000000000000000000 ) ) ;
#197 = DIRECTION ( 'NONE',  ( -1.000000000000000000, 0.0000000000000000000, 0.0000000000000000000 ) ) ;
#198 = LINE ( 'NONE', #535, #2827 ) ;
#199 = CARTESIAN_POINT ( 'NONE',  ( -3.263448539181368300E-014, 0.0000000000000000000, 6.092571664851220700 ) ) ;
#200 = CARTESIAN_POINT ( 'NONE',  ( -2.050000000000269800, 0.0000000000000000000, 5.799999999999999800 ) ) ;
#201 = VECTOR ( 'NONE', #5690, 1000.000000000000000 ) ;
#202 = VERTEX_POINT ( 'NONE', #228 ) ;
#203 = FILL_AREA_STYLE ('',( #5932 ) ) ;
#204 = SURFACE_SIDE_STYLE ('',( #2382 ) ) ;
#205 = APPLICATION_PROTOCOL_DEFINITION ( 'draft international standard', 'automotive_design', 1998, #3156 ) ;
#206 =( GEOMETRIC_REPRESENTATION_CONTEXT ( 3 ) GLOBAL_UNCERTAINTY_ASSIGNED_CONTEXT ( ( #2628 ) ) GLOBAL_UNIT_ASSIGNED_CONTEXT ( ( #3574, #3536, #3533 ) ) REPRESENTATION_CONTEXT ( 'NONE', 'WORKASPACE' ) );
#207 = SURFACE_STYLE_FILL_AREA ( #2129 ) ;
#208 = VERTEX_POINT ( 'NONE', #240 ) ;
#209 = CARTESIAN_POINT ( 'NONE',  ( -0.5000000000000319700, 2.000000000000000000, 10.57037001743049300 ) ) ;
#210 = FACE_OUTER_BOUND ( 'NONE', #192, .T. ) ;
#211 = DIRECTION ( 'NONE',  ( 0.0000000000000000000, 0.0000000000000000000, -1.000000000000000000 ) ) ;
#212 = DIRECTION ( 'NONE',  ( -0.9659258262890690900, 0.2588190451025180700, 0.0000000000000000000 ) ) ;
#213 = PRESENTATION_LAYER_ASSIGNMENT (  '', '', ( #5788 ) ) ;
#214 = UNCERTAINTY_MEASURE_WITH_UNIT (LENGTH_MEASURE( 1.000000000000000100E-005 ), #2203, 'distance_accuracy_value', 'NONE');
#215 = ORIENTED_EDGE ( 'NONE', *, *, #3187, .F. ) ;
#216 =( GEOMETRIC_REPRESENTATION_CONTEXT ( 3 ) GLOBAL_UNCERTAINTY_ASSIGNED_CONTEXT ( ( #1021 ) ) GLOBAL_UNIT_ASSIGNED_CONTEXT ( ( #236, #217, #190 ) ) REPRESENTATION_CONTEXT ( 'NONE', 'WORKASPACE' ) );
#217 =( NAMED_UNIT ( * ) PLANE_ANGLE_UNIT ( ) SI_UNIT ( $, .RADIAN. ) );
#218 = CARTESIAN_POINT ( 'NONE',  ( -0.5500000000000000400, 6.773148839103479500E-017, 0.0000000000000000000 ) ) ;
#219 = CARTESIAN_POINT ( 'NONE',  ( 3.499999999999730000, 3.700000000000000200, 5.799999999999999800 ) ) ;
#220 = EDGE_CURVE ( 'NONE', #2440, #294, #2619, .T. ) ;
#221 = DIRECTION ( 'NONE',  ( 2.323287528027560000E-019, 0.0000000000000000000, -1.000000000000000000 ) ) ;
#222 = FILL_AREA_STYLE_COLOUR ( '', #3070 ) ;
#223 = VECTOR ( 'NONE', #1532, 1000.000000000000000 ) ;
#224 = CARTESIAN_POINT ( 'NONE',  ( -0.5000000000000319700, 3.000000000000000000, 9.142222010458430900 ) ) ;
#225 = FILL_AREA_STYLE_COLOUR ( '', #5481 ) ;
#226 =( REPRESENTATION_RELATIONSHIP ('NONE','NONE', #3198, #870 ) REPRESENTATION_RELATIONSHIP_WITH_TRANSFORMATION ( #2200 )SHAPE_REPRESENTATION_RELATIONSHIP( ) );
#227 = MECHANICAL_DESIGN_GEOMETRIC_PRESENTATION_REPRESENTATION (  '', ( #5801 ), #557 ) ;
#228 = CARTESIAN_POINT ( 'NONE',  ( 3.174999999999969600, 0.0000000000000000000, 10.00000000000000000 ) ) ;
#229 = ADVANCED_FACE ( 'NONE', ( #1333 ), #5625, .T. ) ;
#230 = EDGE_CURVE ( 'NONE', #4610, #1193, #4560, .T. ) ;
#231 = COLOUR_RGB ( '',0.7921568627450980000, 0.8000000000000000400, 0.8078431372549019800 ) ;
#232 = CARTESIAN_POINT ( 'NONE',  ( -1.000000000000000000, -2.250000000000000400, 0.0000000000000000000 ) ) ;
#233 =( NAMED_UNIT ( * ) PLANE_ANGLE_UNIT ( ) SI_UNIT ( $, .RADIAN. ) );
#234 = DIRECTION ( 'NONE',  ( 0.0000000000000000000, 1.000000000000000000, -0.0000000000000000000 ) ) ;
#235 = MECHANICAL_DESIGN_GEOMETRIC_PRESENTATION_REPRESENTATION (  '', ( #5505 ), #566 ) ;
#236 =( LENGTH_UNIT ( ) NAMED_UNIT ( * ) SI_UNIT ( .MILLI., .METRE. ) );
#237 = CARTESIAN_POINT ( 'NONE',  ( 5.000000000000000000, -3.100000000000000500, 0.8000000000000000400 ) ) ;
#238 = CARTESIAN_POINT ( 'NONE',  ( -0.5000000000000319700, 3.000000000000000000, 5.799999999999999800 ) ) ;
#239 =( NAMED_UNIT ( * ) SI_UNIT ( $, .STERADIAN. ) SOLID_ANGLE_UNIT ( ) );
#240 = CARTESIAN_POINT ( 'NONE',  ( -0.5000000000000000000, 0.0000000000000000000, 0.0000000000000000000 ) ) ;
#241 =( GEOMETRIC_REPRESENTATION_CONTEXT ( 3 ) GLOBAL_UNCERTAINTY_ASSIGNED_CONTEXT ( ( #2450 ) ) GLOBAL_UNIT_ASSIGNED_CONTEXT ( ( #3640, #3741, #4051 ) ) REPRESENTATION_CONTEXT ( 'NONE', 'WORKASPACE' ) );
#242 =( GEOMETRIC_REPRESENTATION_CONTEXT ( 3 ) GLOBAL_UNCERTAINTY_ASSIGNED_CONTEXT ( ( #5209 ) ) GLOBAL_UNIT_ASSIGNED_CONTEXT ( ( #1688, #5009, #2178 ) ) REPRESENTATION_CONTEXT ( 'NONE', 'WORKASPACE' ) );
#243 = VERTEX_POINT ( 'NONE', #464 ) ;
#244 = DIRECTION ( 'NONE',  ( 0.2588190451025241300, -0.9659258262890674200, 0.0000000000000000000 ) ) ;
#245 =( NAMED_UNIT ( * ) PLANE_ANGLE_UNIT ( ) SI_UNIT ( $, .RADIAN. ) );
#246 = VECTOR ( 'NONE', #4007, 1000.000000000000000 ) ;
#247 = SURFACE_STYLE_FILL_AREA ( #5522 ) ;
#248 =( NAMED_UNIT ( * ) PLANE_ANGLE_UNIT ( ) SI_UNIT ( $, .RADIAN. ) );
#249 = CYLINDRICAL_SURFACE ( 'NONE', #5406, 0.1000000000000000500 ) ;
#250 = PRODUCT ( 'DG301-5.0-wire-guard', 'DG301-5.0-wire-guard', '', ( #705 ) ) ;
#251 = CARTESIAN_POINT ( 'NONE',  ( -1.000000000000000000, 1.537966248514480000, -2.391728288670819300 ) ) ;
#252 = VERTEX_POINT ( 'NONE', #623 ) ;
#253 =( NAMED_UNIT ( * ) PLANE_ANGLE_UNIT ( ) SI_UNIT ( $, .RADIAN. ) );
#254 = AXIS2_PLACEMENT_3D ( 'NONE', #2101, #2193, #2437 ) ;
#255 = SURFACE_STYLE_USAGE ( .BOTH. , #3206 ) ;
#256 = VERTEX_POINT ( 'NONE', #346 ) ;
#257 = UNCERTAINTY_MEASURE_WITH_UNIT (LENGTH_MEASURE( 1.000000000000000100E-005 ), #1292, 'distance_accuracy_value', 'NONE');
#258 = ADVANCED_FACE ( 'NONE', ( #4405 ), #3957, .T. ) ;
#259 = COLOUR_RGB ( '',0.8274509803921568100, 0.8313725490196077800, 0.8352941176470588500 ) ;
#260 = DIRECTION ( 'NONE',  ( -0.0000000000000000000, -6.049014748177259600E-016, 1.000000000000000000 ) ) ;
#261 = VECTOR ( 'NONE', #5787, 1000.000000000000100 ) ;
#262 = ORIENTED_EDGE ( 'NONE', *, *, #937, .T. ) ;
#263 = CARTESIAN_POINT ( 'NONE',  ( 4.999999999999969800, 0.0000000000000000000, 6.000000000000000000 ) ) ;
#264 = VECTOR ( 'NONE', #290, 1000.000000000000000 ) ;
#265 = STYLED_ITEM ( 'NONE', ( #2825 ), #3847 ) ;
#266 = ORIENTED_EDGE ( 'NONE', *, *, #3096, .T. ) ;
#267 =( LENGTH_UNIT ( ) NAMED_UNIT ( * ) SI_UNIT ( .MILLI., .METRE. ) );
#268 = VECTOR ( 'NONE', #4483, 1000.000000000000000 ) ;
#269 = EDGE_CURVE ( 'NONE', #5140, #4594, #686, .T. ) ;
#270 = FACE_OUTER_BOUND ( 'NONE', #5931, .T. ) ;
#271 = SURFACE_SIDE_STYLE ('',( #2556 ) ) ;
#272 = DIRECTION ( 'NONE',  ( 0.0000000000000000000, 0.0000000000000000000, -1.000000000000000000 ) ) ;
#273 = SURFACE_STYLE_USAGE ( .BOTH. , #3222 ) ;
#274 = ORIENTED_EDGE ( 'NONE', *, *, #3363, .T. ) ;
#275 = DIRECTION ( 'NONE',  ( 0.0000000000000000000, -1.000000000000000000, -0.0000000000000000000 ) ) ;
#276 = ORIENTED_EDGE ( 'NONE', *, *, #2656, .T. ) ;
#277 = EDGE_CURVE ( 'NONE', #1887, #4163, #2696, .T. ) ;
#278 = VECTOR ( 'NONE', #3394, 1000.000000000000000 ) ;
#279 = PRESENTATION_LAYER_ASSIGNMENT (  '', '', ( #5542 ) ) ;
#280 = ORIENTED_EDGE ( 'NONE', *, *, #512, .F. ) ;
#281 = SURFACE_STYLE_FILL_AREA ( #4486 ) ;
#282 =( LENGTH_UNIT ( ) NAMED_UNIT ( * ) SI_UNIT ( .MILLI., .METRE. ) );
#283 = PRESENTATION_STYLE_ASSIGNMENT (( #3438 ) ) ;
#284 = FILL_AREA_STYLE ('',( #410 ) ) ;
#285 = VECTOR ( 'NONE', #1746, 1000.000000000000000 ) ;
#286 = FILL_AREA_STYLE ('',( #4644 ) ) ;
#287 = FACE_OUTER_BOUND ( 'NONE', #2370, .T. ) ;
#288 = ORIENTED_EDGE ( 'NONE', *, *, #2068, .T. ) ;
#289 = AXIS2_PLACEMENT_3D ( 'NONE', #2910, #803, #3178 ) ;
#290 = DIRECTION ( 'NONE',  ( 0.0000000000000000000, 1.000000000000000000, -6.643039201861150300E-030 ) ) ;
#291 = SURFACE_STYLE_USAGE ( .BOTH. , #469 ) ;
#292 = DIRECTION ( 'NONE',  ( -5.286776307738839800E-017, -0.0000000000000000000, -1.000000000000000000 ) ) ;
#293 = CARTESIAN_POINT ( 'NONE',  ( 0.4999999999999680300, 3.000000000000000000, 5.799999999999999800 ) ) ;
#294 = VERTEX_POINT ( 'NONE', #4642 ) ;
#295 = CARTESIAN_POINT ( 'NONE',  ( 4.499999999999968900, 3.000000000000000000, 9.142222010458430900 ) ) ;
#296 = DIRECTION ( 'NONE',  ( 2.323287528027560000E-019, 0.0000000000000000000, -1.000000000000000000 ) ) ;
#297 = ADVANCED_FACE ( 'NONE', ( #3146 ), #2813, .F. ) ;
#298 = AXIS2_PLACEMENT_3D ( 'NONE', #1120, #1249, #1387 ) ;
#299 = SURFACE_STYLE_FILL_AREA ( #2580 ) ;
#300 = SURFACE_STYLE_USAGE ( .BOTH. , #3249 ) ;
#301 = UNCERTAINTY_MEASURE_WITH_UNIT (LENGTH_MEASURE( 1.000000000000000100E-005 ), #4935, 'distance_accuracy_value', 'NONE');
#302 = FILL_AREA_STYLE ('',( #6047 ) ) ;
#303 = SURFACE_STYLE_USAGE ( .BOTH. , #3251 ) ;
#304 = VECTOR ( 'NONE', #1815, 1000.000000000000000 ) ;
#305 =( GEOMETRIC_REPRESENTATION_CONTEXT ( 3 ) GLOBAL_UNCERTAINTY_ASSIGNED_CONTEXT ( ( #4587 ) ) GLOBAL_UNIT_ASSIGNED_CONTEXT ( ( #282, #3696, #783 ) ) REPRESENTATION_CONTEXT ( 'NONE', 'WORKASPACE' ) );
#306 = PRESENTATION_STYLE_ASSIGNMENT (( #843 ) ) ;
#307 =( NAMED_UNIT ( * ) SI_UNIT ( $, .STERADIAN. ) SOLID_ANGLE_UNIT ( ) );
#308 = EDGE_CURVE ( 'NONE', #2976, #4074, #4636, .T. ) ;
#309 = VERTEX_POINT ( 'NONE', #3523 ) ;
#310 = VERTEX_POINT ( 'NONE', #2612 ) ;
#311 = ORIENTED_EDGE ( 'NONE', *, *, #5843, .T. ) ;
#312 = CARTESIAN_POINT ( 'NONE',  ( 0.5500000000000010400, -3.100000000000000500, -1.456080807266360200E-018 ) ) ;
#313 = FILL_AREA_STYLE_COLOUR ( '', #5609 ) ;
#314 = FILL_AREA_STYLE_COLOUR ( '', #5153 ) ;
#315 =( NAMED_UNIT ( * ) SI_UNIT ( $, .STERADIAN. ) SOLID_ANGLE_UNIT ( ) );
#316 = LINE ( 'NONE', #5287, #4042 ) ;
#317 = DIRECTION ( 'NONE',  ( -2.323287528027560000E-019, -0.0000000000000000000, 1.000000000000000000 ) ) ;
#318 =( LENGTH_UNIT ( ) NAMED_UNIT ( * ) SI_UNIT ( .MILLI., .METRE. ) );
#319 = PLANE ( 'NONE',  #5164 ) ;
#320 = CARTESIAN_POINT ( 'NONE',  ( -3.241851231905460900E-014, 0.0000000000000000000, 10.00000000000000000 ) ) ;
#321 = EDGE_LOOP ( 'NONE', ( #4504, #3550, #2145, #165, #5746, #2430, #4804, #46, #4156, #3537, #2659, #5964 ) ) ;
#322 = FILL_AREA_STYLE_COLOUR ( '', #1879 ) ;
#323 = EDGE_CURVE ( 'NONE', #4304, #3029, #5836, .T. ) ;
#324 = STYLED_ITEM ( 'NONE', ( #5829 ), #5698 ) ;
#325 = ORIENTED_EDGE ( 'NONE', *, *, #2361, .T. ) ;
#326 = ADVANCED_FACE ( 'NONE', ( #3375 ), #4130, .T. ) ;
#327 = ORIENTED_EDGE ( 'NONE', *, *, #4240, .T. ) ;
#328 = FILL_AREA_STYLE_COLOUR ( '', #5247 ) ;
#329 = DIRECTION ( 'NONE',  ( 0.0000000000000000000, -0.0000000000000000000, -1.000000000000000000 ) ) ;
#330 = SURFACE_STYLE_FILL_AREA ( #560 ) ;
#331 = MECHANICAL_DESIGN_GEOMETRIC_PRESENTATION_REPRESENTATION (  '', ( #5590 ), #662 ) ;
#332 = FILL_AREA_STYLE ('',( #314 ) ) ;
#333 = UNCERTAINTY_MEASURE_WITH_UNIT (LENGTH_MEASURE( 1.000000000000000100E-005 ), #3035, 'distance_accuracy_value', 'NONE');
#334 = ORIENTED_EDGE ( 'NONE', *, *, #5240, .F. ) ;
#335 = CARTESIAN_POINT ( 'NONE',  ( -0.5500000000000001600, 3.386574419551739700E-017, 0.0000000000000000000 ) ) ;
#336 = ORIENTED_EDGE ( 'NONE', *, *, #3794, .F. ) ;
#337 = DIRECTION ( 'NONE',  ( -1.000000000000000000, 0.0000000000000000000, 0.0000000000000000000 ) ) ;
#338 = LINE ( 'NONE', #4941, #2806 ) ;
#339 = SURFACE_STYLE_USAGE ( .BOTH. , #449 ) ;
#340 =( NAMED_UNIT ( * ) PLANE_ANGLE_UNIT ( ) SI_UNIT ( $, .RADIAN. ) );
#341 = MECHANICAL_DESIGN_GEOMETRIC_PRESENTATION_REPRESENTATION (  '', ( #5902 ), #671 ) ;
#342 = PRESENTATION_LAYER_ASSIGNMENT (  '', '', ( #5601 ) ) ;
#343 = ORIENTED_EDGE ( 'NONE', *, *, #51, .T. ) ;
#344 = UNCERTAINTY_MEASURE_WITH_UNIT (LENGTH_MEASURE( 1.000000000000000100E-005 ), #5533, 'distance_accuracy_value', 'NONE');
#345 =( NAMED_UNIT ( * ) SI_UNIT ( $, .STERADIAN. ) SOLID_ANGLE_UNIT ( ) );
#346 = CARTESIAN_POINT ( 'NONE',  ( -1.950000000000000000, -1.451517244269860300, 0.0000000000000000000 ) ) ;
#347 = EDGE_CURVE ( 'NONE', #1168, #5572, #2920, .T. ) ;
#348 = VERTEX_POINT ( 'NONE', #1816 ) ;
#349 = CARTESIAN_POINT ( 'NONE',  ( -2.000000000000000000, 2.000000000000000000, 0.0000000000000000000 ) ) ;
#350 = ORIENTED_EDGE ( 'NONE', *, *, #3509, .T. ) ;
#351 = LINE ( 'NONE', #4416, #5313 ) ;
#352 = DIRECTION ( 'NONE',  ( -5.286776307738839800E-017, -0.0000000000000000000, -1.000000000000000000 ) ) ;
#353 = ORIENTED_EDGE ( 'NONE', *, *, #4387, .T. ) ;
#354 = ORIENTED_EDGE ( 'NONE', *, *, #1583, .F. ) ;
#355 = LINE ( 'NONE', #5311, #5319 ) ;
#356 = DIRECTION ( 'NONE',  ( -0.9848077530133461100, 1.206041662503291400E-016, 0.1736481776604763500 ) ) ;
#357 = AXIS2_PLACEMENT_3D ( 'NONE', #2568, #5839, #3048 ) ;
#358 = EDGE_CURVE ( 'NONE', #4647, #5744, #1641, .T. ) ;
#359 = VERTEX_POINT ( 'NONE', #1858 ) ;
#361 = CIRCLE ( 'NONE', #5840, 1.825000000000000000 ) ;
#360 = CARTESIAN_POINT ( 'NONE',  ( 5.000000000000000000, 3.700000000000000200, 5.799999999999999800 ) ) ;
#362 = PLANE ( 'NONE',  #2439 ) ;
#363 = ADVANCED_FACE ( 'NONE', ( #1482 ), #2254, .F. ) ;
#364 = EDGE_CURVE ( 'NONE', #3353, #4597, #997, .T. ) ;
#365 = DIRECTION ( 'NONE',  ( -2.323287528027639900E-019, -0.0000000000000000000, 1.000000000000000000 ) ) ;
#366 = VERTEX_POINT ( 'NONE', #839 ) ;
#367 =( NAMED_UNIT ( * ) SI_UNIT ( $, .STERADIAN. ) SOLID_ANGLE_UNIT ( ) );
#368 =( GEOMETRIC_REPRESENTATION_CONTEXT ( 3 ) GLOBAL_UNCERTAINTY_ASSIGNED_CONTEXT ( ( #2866 ) ) GLOBAL_UNIT_ASSIGNED_CONTEXT ( ( #6094, #3327, #382 ) ) REPRESENTATION_CONTEXT ( 'NONE', 'WORKASPACE' ) );
#369 = CARTESIAN_POINT ( 'NONE',  ( -0.8999999999999960300, -2.204364238465226500E-016, 0.09999999999999961700 ) ) ;
#370 = CIRCLE ( 'NONE', #789, 1.300000000000000000 ) ;
#371 = ORIENTED_EDGE ( 'NONE', *, *, #723, .T. ) ;
#372 = SURFACE_STYLE_FILL_AREA ( #5095 ) ;
#373 = ORIENTED_EDGE ( 'NONE', *, *, #933, .F. ) ;
#374 = DIRECTION ( 'NONE',  ( 0.0000000000000000000, -1.000000000000000000, 0.0000000000000000000 ) ) ;
#375 = SURFACE_STYLE_FILL_AREA ( #1690 ) ;
#376 = STYLED_ITEM ( 'NONE', ( #2174 ), #683 ) ;
#377 = VECTOR ( 'NONE', #4981, 1000.000000000000000 ) ;
#378 =( GEOMETRIC_REPRESENTATION_CONTEXT ( 3 ) GLOBAL_UNCERTAINTY_ASSIGNED_CONTEXT ( ( #489 ) ) GLOBAL_UNIT_ASSIGNED_CONTEXT ( ( #318, #3734, #825 ) ) REPRESENTATION_CONTEXT ( 'NONE', 'WORKASPACE' ) );
#379 = FILL_AREA_STYLE ('',( #328 ) ) ;
#380 = DIRECTION ( 'NONE',  ( 0.0000000000000000000, 0.0000000000000000000, -1.000000000000000000 ) ) ;
#381 = CARTESIAN_POINT ( 'NONE',  ( 1.754992877478751500, -0.3999999999985610100, 4.799999999999999800 ) ) ;
#382 =( NAMED_UNIT ( * ) SI_UNIT ( $, .STERADIAN. ) SOLID_ANGLE_UNIT ( ) );
#383 = CARTESIAN_POINT ( 'NONE',  ( 1.754992877478751500, -0.3999999999985610100, 5.299999999999999800 ) ) ;
#384 = UNCERTAINTY_MEASURE_WITH_UNIT (LENGTH_MEASURE( 1.000000000000000100E-005 ), #1266, 'distance_accuracy_value', 'NONE');
#385 = CIRCLE ( 'NONE', #1028, 1.500000000000000000 ) ;
#386 = DIRECTION ( 'NONE',  ( 1.000000000000000000, 0.0000000000000000000, 0.0000000000000000000 ) ) ;
#387 = STYLED_ITEM ( 'NONE', ( #3626 ), #1817 ) ;
#388 =( NAMED_UNIT ( * ) SI_UNIT ( $, .STERADIAN. ) SOLID_ANGLE_UNIT ( ) );
#389 = COLOUR_RGB ( '',0.7921568627450980000, 0.8000000000000000400, 0.8078431372549019800 ) ;
#390 = DIRECTION ( 'NONE',  ( 1.000000000000000000, 0.0000000000000000000, 0.0000000000000000000 ) ) ;
#391 = CARTESIAN_POINT ( 'NONE',  ( 0.5143636652595450200, 0.8677086299953744600, 3.411576930179965700 ) ) ;
#392 = FILL_AREA_STYLE_COLOUR ( '', #4763 ) ;
#393 = AXIS2_PLACEMENT_3D ( 'NONE', #2452, #1966, #971 ) ;
#394 = ADVANCED_FACE ( 'NONE', ( #5900 ), #2985, .F. ) ;
#395 = CARTESIAN_POINT ( 'NONE',  ( 1.499999999999730000, 3.700000000000000200, 0.8000000000000000400 ) ) ;
#396 = AXIS2_PLACEMENT_3D ( 'NONE', #677, #4073, #1188 ) ;
#397 = LINE ( 'NONE', #5071, #1096 ) ;
#398 = FILL_AREA_STYLE ('',( #3764 ) ) ;
#399 = EDGE_CURVE ( 'NONE', #3569, #5807, #1873, .T. ) ;
#400 = SURFACE_SIDE_STYLE ('',( #3032 ) ) ;
#401 = ITEM_DEFINED_TRANSFORMATION ( 'NONE', 'NONE', #5514,  #3766 ) ;
#402 = CARTESIAN_POINT ( 'NONE',  ( 1.000000000000000000, 2.000000000000000000, 0.0000000000000000000 ) ) ;
#403 = EDGE_CURVE ( 'NONE', #966, #3129, #521, .T. ) ;
#404 = DIRECTION ( 'NONE',  ( 0.0000000000000000000, 0.0000000000000000000, -1.000000000000000000 ) ) ;
#405 = PRESENTATION_LAYER_ASSIGNMENT (  '', '', ( #5962 ) ) ;
#406 = CARTESIAN_POINT ( 'NONE',  ( 3.175000000178382500, 2.234980408225427400E-016, 6.092571664865433300 ) ) ;
#407 = EDGE_LOOP ( 'NONE', ( #1689, #3437, #5989, #5185, #5973, #3767, #2670, #5912, #6008, #3282, #5299, #5717, #1312, #5178, #1064, #6060, #5044, #757, #479, #1230 ) ) ;
#408 = SURFACE_SIDE_STYLE ('',( #4276 ) ) ;
#409 = CARTESIAN_POINT ( 'NONE',  ( 1.000000000000000000, -2.250000000000000400, 0.0000000000000000000 ) ) ;
#410 = FILL_AREA_STYLE_COLOUR ( '', #1161 ) ;
#411 = AXIS2_PLACEMENT_3D ( 'NONE', #199, #154, #133 ) ;
#412 = ORIENTED_EDGE ( 'NONE', *, *, #4301, .T. ) ;
#413 =( NAMED_UNIT ( * ) SI_UNIT ( $, .STERADIAN. ) SOLID_ANGLE_UNIT ( ) );
#414 = FACE_OUTER_BOUND ( 'NONE', #2029, .T. ) ;
#415 = SURFACE_STYLE_USAGE ( .BOTH. , #400 ) ;
#416 = MANIFOLD_SOLID_BREP ( 'Imported1', #1006 ) ;
#417 = ORIENTED_EDGE ( 'NONE', *, *, #5568, .T. ) ;
#418 = AXIS2_PLACEMENT_3D ( 'NONE', #5005, #5041, #4915 ) ;
#419 = LINE ( 'NONE', #4139, #4147 ) ;
#420 = DIRECTION ( 'NONE',  ( 1.000000000000000000, 0.0000000000000000000, 0.0000000000000000000 ) ) ;
#421 = DIRECTION ( 'NONE',  ( 0.9659258262890680900, 0.2588190451025210200, 0.0000000000000000000 ) ) ;
#422 = PRESENTATION_STYLE_ASSIGNMENT (( #415 ) ) ;
#423 =( NAMED_UNIT ( * ) SI_UNIT ( $, .STERADIAN. ) SOLID_ANGLE_UNIT ( ) );
#424 = ADVANCED_FACE ( 'NONE', ( #3810 ), #4473, .T. ) ;
#425 = ORIENTED_EDGE ( 'NONE', *, *, #1154, .F. ) ;
#426 = CARTESIAN_POINT ( 'NONE',  ( 2.949999999999730200, -3.100000000000000500, 0.8000000000000000400 ) ) ;
#427 = FILL_AREA_STYLE ('',( #313 ) ) ;
#428 = SURFACE_STYLE_FILL_AREA ( #1428 ) ;
#429 = EDGE_LOOP ( 'NONE', ( #2067, #1750, #4322, #2232 ) ) ;
#430 = STYLED_ITEM ( 'NONE', ( #5427 ), #2654 ) ;
#431 = FACE_OUTER_BOUND ( 'NONE', #2569, .T. ) ;
#432 = DIRECTION ( 'NONE',  ( -0.0000000000000000000, -0.9659258262890690900, 0.2588190451025180700 ) ) ;
#433 = CARTESIAN_POINT ( 'NONE',  ( 4.999999999999969800, 0.0000000000000000000, 5.799999999999999800 ) ) ;
#434 = ORIENTED_EDGE ( 'NONE', *, *, #2064, .F. ) ;
#435 = CIRCLE ( 'NONE', #4500, 1.300000000000000000 ) ;
#436 = EDGE_CURVE ( 'NONE', #90, #2440, #759, .T. ) ;
#437 = CARTESIAN_POINT ( 'NONE',  ( 4.999999999999969800, 0.0000000000000000000, 6.092571664871940100 ) ) ;
#438 =( LENGTH_UNIT ( ) NAMED_UNIT ( * ) SI_UNIT ( .MILLI., .METRE. ) );
#439 =( NAMED_UNIT ( * ) SI_UNIT ( $, .STERADIAN. ) SOLID_ANGLE_UNIT ( ) );
#440 = STYLED_ITEM ( 'NONE', ( #5252 ), #4535 ) ;
#441 = PRESENTATION_STYLE_ASSIGNMENT (( #5809 ) ) ;
#442 = EDGE_CURVE ( 'NONE', #294, #613, #3368, .T. ) ;
#443 = DIRECTION ( 'NONE',  ( 1.000000000000000000, 0.0000000000000000000, 0.0000000000000000000 ) ) ;
#444 = FACE_BOUND ( 'NONE', #556, .T. ) ;
#445 = VERTEX_POINT ( 'NONE', #1684 ) ;
#446 = CARTESIAN_POINT ( 'NONE',  ( -0.9999999999999995600, -2.550000000000000300, -0.1000000000000000100 ) ) ;
#447 = FACE_OUTER_BOUND ( 'NONE', #1268, .T. ) ;
#448 = DIRECTION ( 'NONE',  ( 0.0000000000000000000, 1.000000000000000000, -6.643039201861150300E-030 ) ) ;
#449 = SURFACE_SIDE_STYLE ('',( #4541 ) ) ;
#450 = CARTESIAN_POINT ( 'NONE',  ( 2.000000000000000000, -2.000000000000000000, 0.0000000000000000000 ) ) ;
#451 = PRESENTATION_STYLE_ASSIGNMENT (( #3446 ) ) ;
#452 = ADVANCED_FACE ( 'NONE', ( #5691 ), #1396, .F. ) ;
#453 = CARTESIAN_POINT ( 'NONE',  ( -3.100000000000000500, 3.899999999999999900, 6.700000000000000200 ) ) ;
#454 =( NAMED_UNIT ( * ) PLANE_ANGLE_UNIT ( ) SI_UNIT ( $, .RADIAN. ) );
#455 =( NAMED_UNIT ( * ) PLANE_ANGLE_UNIT ( ) SI_UNIT ( $, .RADIAN. ) );
#456 = UNCERTAINTY_MEASURE_WITH_UNIT (LENGTH_MEASURE( 1.000000000000000100E-005 ), #5976, 'distance_accuracy_value', 'NONE');
#457 = CARTESIAN_POINT ( 'NONE',  ( 1.000000000000000000, 3.000000000000000000, 0.2000000000000000100 ) ) ;
#458 = LINE ( 'NONE', #158, #3074 ) ;
#459 =( NAMED_UNIT ( * ) SI_UNIT ( $, .STERADIAN. ) SOLID_ANGLE_UNIT ( ) );
#460 = ORIENTED_EDGE ( 'NONE', *, *, #2214, .F. ) ;
#461 = VERTEX_POINT ( 'NONE', #2633 ) ;
#462 = ORIENTED_EDGE ( 'NONE', *, *, #1877, .F. ) ;
#463 = AXIS2_PLACEMENT_3D ( 'NONE', #1121, #4498, #1645 ) ;
#464 = CARTESIAN_POINT ( 'NONE',  ( 2.049999999995439900, -3.100000000000000500, 0.8000000000000000400 ) ) ;
#465 = PRESENTATION_LAYER_ASSIGNMENT (  '', '', ( #799 ) ) ;
#466 = DIRECTION ( 'NONE',  ( 1.000000000000000000, 0.0000000000000000000, -0.0000000000000000000 ) ) ;
#467 =( NAMED_UNIT ( * ) SI_UNIT ( $, .STERADIAN. ) SOLID_ANGLE_UNIT ( ) );
#468 = CARTESIAN_POINT ( 'NONE',  ( 2.249999999999969800, 2.000000000000000000, -1.000000000000000000 ) ) ;
#469 = SURFACE_SIDE_STYLE ('',( #4989 ) ) ;
#470 = DIRECTION ( 'NONE',  ( 1.000000000000000000, -0.0000000000000000000, -0.0000000000000000000 ) ) ;
#471 = EDGE_CURVE ( 'NONE', #155, #4129, #5544, .T. ) ;
#472 = ORIENTED_EDGE ( 'NONE', *, *, #4717, .T. ) ;
#473 =( NAMED_UNIT ( * ) SI_UNIT ( $, .STERADIAN. ) SOLID_ANGLE_UNIT ( ) );
#474 = ORIENTED_EDGE ( 'NONE', *, *, #6070, .F. ) ;
#475 =( LENGTH_UNIT ( ) NAMED_UNIT ( * ) SI_UNIT ( .MILLI., .METRE. ) );
#476 = FACE_OUTER_BOUND ( 'NONE', #2969, .T. ) ;
#477 = EDGE_CURVE ( 'NONE', #4300, #5529, #1484, .T. ) ;
#478 = CARTESIAN_POINT ( 'NONE',  ( -0.8999999999999960300, 0.0000000000000000000, 1.000000000000000000 ) ) ;
#479 = ORIENTED_EDGE ( 'NONE', *, *, #3590, .T. ) ;
#480 =( GEOMETRIC_REPRESENTATION_CONTEXT ( 3 ) GLOBAL_UNCERTAINTY_ASSIGNED_CONTEXT ( ( #6115 ) ) GLOBAL_UNIT_ASSIGNED_CONTEXT ( ( #772, #4168, #1291 ) ) REPRESENTATION_CONTEXT ( 'NONE', 'WORKASPACE' ) );
#481 = ORIENTED_EDGE ( 'NONE', *, *, #974, .T. ) ;
#482 = VERTEX_POINT ( 'NONE', #2864 ) ;
#483 = DIRECTION ( 'NONE',  ( 1.000000000000000000, -0.0000000000000000000, 0.0000000000000000000 ) ) ;
#484 = DIRECTION ( 'NONE',  ( 0.0000000000000000000, 0.9659258262890690900, -0.2588190451025180700 ) ) ;
#485 = COLOUR_RGB ( '',0.0000000000000000000, 0.3686274509803921800, 0.7215686274509803800 ) ;
#486 = PRESENTATION_LAYER_ASSIGNMENT (  '', '', ( #5742 ) ) ;
#487 =( GEOMETRIC_REPRESENTATION_CONTEXT ( 3 ) GLOBAL_UNCERTAINTY_ASSIGNED_CONTEXT ( ( #2138 ) ) GLOBAL_UNIT_ASSIGNED_CONTEXT ( ( #4106, #1233, #4592 ) ) REPRESENTATION_CONTEXT ( 'NONE', 'WORKASPACE' ) );
#488 = LINE ( 'NONE', #953, #3103 ) ;
#489 = UNCERTAINTY_MEASURE_WITH_UNIT (LENGTH_MEASURE( 1.000000000000000100E-005 ), #318, 'distance_accuracy_value', 'NONE');
#490 =( LENGTH_UNIT ( ) NAMED_UNIT ( * ) SI_UNIT ( .MILLI., .METRE. ) );
#491 = VERTEX_POINT ( 'NONE', #4673 ) ;
#492 = LINE ( 'NONE', #5895, #3109 ) ;
#493 = COLOUR_RGB ( '',0.7921568627450980000, 0.8000000000000000400, 0.8078431372549019800 ) ;
#494 = ORIENTED_EDGE ( 'NONE', *, *, #1421, .F. ) ;
#495 = VERTEX_POINT ( 'NONE', #2902 ) ;
#496 = DIRECTION ( 'NONE',  ( 0.7057575568079512700, 0.7084534360199485900, 0.0000000000000000000 ) ) ;
#497 =( LENGTH_UNIT ( ) NAMED_UNIT ( * ) SI_UNIT ( .MILLI., .METRE. ) );
#498 = CARTESIAN_POINT ( 'NONE',  ( -1.754992877478755800, -0.3999999999985327000, 5.300000000000013100 ) ) ;
#499 = FACE_OUTER_BOUND ( 'NONE', #858, .T. ) ;
#500 = CARTESIAN_POINT ( 'NONE',  ( -3.100000000000000500, 4.450836265246970600E-029, 6.700000000000000200 ) ) ;
#501 = VERTEX_POINT ( 'NONE', #4145 ) ;
#502 = PRESENTATION_STYLE_ASSIGNMENT (( #1174 ) ) ;
#503 = CARTESIAN_POINT ( 'NONE',  ( -1.754992877478751500, 0.3999999999985610100, 5.299999999999999800 ) ) ;
#504 = SURFACE_STYLE_USAGE ( .BOTH. , #527 ) ;
#505 = ORIENTED_EDGE ( 'NONE', *, *, #5139, .F. ) ;
#506 = COLOUR_RGB ( '',0.7921568627450980000, 0.8000000000000000400, 0.8078431372549019800 ) ;
#507 = STYLED_ITEM ( 'NONE', ( #5642 ), #2849 ) ;
#508 = CARTESIAN_POINT ( 'NONE',  ( 1.000000000000000000, -2.250000000000000400, -1.700000000000000000 ) ) ;
#509 = FILL_AREA_STYLE_COLOUR ( '', #3422 ) ;
#510 = AXIS2_PLACEMENT_3D ( 'NONE', #1615, #4943, #2104 ) ;
#511 = SURFACE_SIDE_STYLE ('',( #3308 ) ) ;
#512 = EDGE_CURVE ( 'NONE', #5807, #1653, #4026, .T. ) ;
#513 = ORIENTED_EDGE ( 'NONE', *, *, #4966, .T. ) ;
#514 = PRESENTATION_STYLE_ASSIGNMENT (( #4519 ) ) ;
#515 = FILL_AREA_STYLE ('',( #5745 ) ) ;
#516 = EDGE_CURVE ( 'NONE', #4594, #6150, #2768, .T. ) ;
#517 = DIRECTION ( 'NONE',  ( -1.000000000000000000, 0.0000000000000000000, 0.0000000000000000000 ) ) ;
#518 = ORIENTED_EDGE ( 'NONE', *, *, #1103, .F. ) ;
#519 = STYLED_ITEM ( 'NONE', ( #4674 ), #4723 ) ;
#520 = SURFACE_STYLE_USAGE ( .BOTH. , #541 ) ;
#521 = CIRCLE ( 'NONE', #6051, 1.300000000000000300 ) ;
#522 = CARTESIAN_POINT ( 'NONE',  ( -1.000000000000000000, 1.415948208667750000, -0.9970557113423710300 ) ) ;
#523 =( NAMED_UNIT ( * ) PLANE_ANGLE_UNIT ( ) SI_UNIT ( $, .RADIAN. ) );
#524 = SURFACE_STYLE_FILL_AREA ( #61 ) ;
#525 = FILL_AREA_STYLE_COLOUR ( '', #2300 ) ;
#526 = SURFACE_SIDE_STYLE ('',( #4772 ) ) ;
#527 = SURFACE_SIDE_STYLE ('',( #1088 ) ) ;
#528 = PRESENTATION_STYLE_ASSIGNMENT (( #555 ) ) ;
#529 = EDGE_CURVE ( 'NONE', #3248, #5604, #135, .T. ) ;
#530 =( GEOMETRIC_REPRESENTATION_CONTEXT ( 3 ) GLOBAL_UNCERTAINTY_ASSIGNED_CONTEXT ( ( #782 ) ) GLOBAL_UNIT_ASSIGNED_CONTEXT ( ( #6124, #3355, #413 ) ) REPRESENTATION_CONTEXT ( 'NONE', 'WORKASPACE' ) );
#531 = DIRECTION ( 'NONE',  ( 1.000000000000000000, 0.0000000000000000000, -0.0000000000000000000 ) ) ;
#532 = FILL_AREA_STYLE ('',( #322 ) ) ;
#533 = CONICAL_SURFACE ( 'NONE', #5599, 1.250000000027284800, 0.7853981633974482800 ) ;
#534 = VERTEX_POINT ( 'NONE', #3296 ) ;
#535 = CARTESIAN_POINT ( 'NONE',  ( 1.000000000000000000, -2.549999999999999800, -1.700000000000000000 ) ) ;
#536 = CARTESIAN_POINT ( 'NONE',  ( -2.500000000000001300, -2.462330315003928800, 10.00000000000000000 ) ) ;
#537 = UNCERTAINTY_MEASURE_WITH_UNIT (LENGTH_MEASURE( 1.000000000000000100E-005 ), #3175, 'distance_accuracy_value', 'NONE');
#538 = PRESENTATION_STYLE_ASSIGNMENT (( #898 ) ) ;
#539 = PRESENTATION_LAYER_ASSIGNMENT (  '', '', ( #877 ) ) ;
#540 = CARTESIAN_POINT ( 'NONE',  ( -0.7999999999999960500, -1.959434878635755400E-016, -3.933950135304797300E-016 ) ) ;
#541 = SURFACE_SIDE_STYLE ('',( #330 ) ) ;
#542 = CIRCLE ( 'NONE', #1759, 0.1000000000000000500 ) ;
#543 = DIRECTION ( 'NONE',  ( 0.0000000000000000000, 0.0000000000000000000, 1.000000000000000000 ) ) ;
#544 = SURFACE_STYLE_USAGE ( .BOTH. , #3484 ) ;
#545 = MECHANICAL_DESIGN_GEOMETRIC_PRESENTATION_REPRESENTATION (  '', ( #5788 ), #888 ) ;
#546 = CYLINDRICAL_SURFACE ( 'NONE', #850, 1.500000000000000000 ) ;
#547 = CONTEXT_DEPENDENT_SHAPE_REPRESENTATION ( #1253, #3428 ) ;
#548 = DIRECTION ( 'NONE',  ( 0.0000000000000000000, 0.0000000000000000000, 1.000000000000000000 ) ) ;
#549 = FILL_AREA_STYLE ('',( #586 ) ) ;
#550 = EDGE_CURVE ( 'NONE', #4383, #4018, #5146, .T. ) ;
#551 = CARTESIAN_POINT ( 'NONE',  ( 1.299999999999967600, 1.592040838891559300E-016, 6.000000000000000000 ) ) ;
#552 = CARTESIAN_POINT ( 'NONE',  ( -0.2712158470213389400, 0.9714375575620971500, 3.479926971945232200 ) ) ;
#553 = COLOUR_RGB ( '',0.8274509803921568100, 0.8313725490196077800, 0.8352941176470588500 ) ;
#554 =( NAMED_UNIT ( * ) SI_UNIT ( $, .STERADIAN. ) SOLID_ANGLE_UNIT ( ) );
#555 = SURFACE_STYLE_USAGE ( .BOTH. , #511 ) ;
#556 = EDGE_LOOP ( 'NONE', ( #5394, #106, #5037, #3290 ) ) ;
#557 =( GEOMETRIC_REPRESENTATION_CONTEXT ( 3 ) GLOBAL_UNCERTAINTY_ASSIGNED_CONTEXT ( ( #5747 ) ) GLOBAL_UNIT_ASSIGNED_CONTEXT ( ( #704, #4102, #1223 ) ) REPRESENTATION_CONTEXT ( 'NONE', 'WORKASPACE' ) );
#558 = EDGE_CURVE ( 'NONE', #70, #3097, #1328, .T. ) ;
#559 = ORIENTED_EDGE ( 'NONE', *, *, #5384, .F. ) ;
#560 = FILL_AREA_STYLE ('',( #604 ) ) ;
#561 = CYLINDRICAL_SURFACE ( 'NONE', #74, 0.2999999999999999300 ) ;
#562 = DIRECTION ( 'NONE',  ( 1.000000000000000000, 0.0000000000000000000, 0.0000000000000000000 ) ) ;
#563 = SURFACE_STYLE_USAGE ( .BOTH. , #3503 ) ;
#564 = CARTESIAN_POINT ( 'NONE',  ( -1.255262969126040300E-016, -2.000000000000000000, 2.049999999999999800 ) ) ;
#565 = VECTOR ( 'NONE', #1808, 1000.000000000000000 ) ;
#566 =( GEOMETRIC_REPRESENTATION_CONTEXT ( 3 ) GLOBAL_UNCERTAINTY_ASSIGNED_CONTEXT ( ( #5681 ) ) GLOBAL_UNIT_ASSIGNED_CONTEXT ( ( #1548, #4882, #2038 ) ) REPRESENTATION_CONTEXT ( 'NONE', 'WORKASPACE' ) );
#567 = ORIENTED_EDGE ( 'NONE', *, *, #860, .F. ) ;
#568 = FILL_AREA_STYLE ('',( #3507 ) ) ;
#569 = LINE ( 'NONE', #3970, #5520 ) ;
#570 = UNCERTAINTY_MEASURE_WITH_UNIT (LENGTH_MEASURE( 1.000000000000000100E-005 ), #497, 'distance_accuracy_value', 'NONE');
#571 = SURFACE_SIDE_STYLE ('',( #5774 ) ) ;
#572 = ORIENTED_EDGE ( 'NONE', *, *, #1454, .F. ) ;
#573 = CIRCLE ( 'NONE', #95, 1.500000000000000000 ) ;
#574 = FILL_AREA_STYLE_COLOUR ( '', #4465 ) ;
#575 = VECTOR ( 'NONE', #2311, 1000.000000000000000 ) ;
#576 = EDGE_LOOP ( 'NONE', ( #1782, #325, #1836, #280, #11 ) ) ;
#577 = SURFACE_STYLE_FILL_AREA ( #1129 ) ;
#578 = SURFACE_STYLE_USAGE ( .BOTH. , #3516 ) ;
#579 = CIRCLE ( 'NONE', #5136, 1.800000000000000300 ) ;
#580 = ORIENTED_EDGE ( 'NONE', *, *, #477, .F. ) ;
#581 = MECHANICAL_DESIGN_GEOMETRIC_PRESENTATION_REPRESENTATION (  '', ( #6134 ), #924 ) ;
#582 = CARTESIAN_POINT ( 'NONE',  ( 0.0000000000000000000, 3.700000000000000200, 0.8000000000000000400 ) ) ;
#583 =( LENGTH_UNIT ( ) NAMED_UNIT ( * ) SI_UNIT ( .MILLI., .METRE. ) );
#584 = CARTESIAN_POINT ( 'NONE',  ( 1.754992877478750000, 0.3999999999985610100, 4.799999999999999800 ) ) ;
#585 = DIRECTION ( 'NONE',  ( 0.0000000000000000000, 0.0000000000000000000, 1.000000000000000000 ) ) ;
#586 = FILL_AREA_STYLE_COLOUR ( '', #389 ) ;
#587 = SURFACE_SIDE_STYLE ('',( #4255 ) ) ;
#588 = ORIENTED_EDGE ( 'NONE', *, *, #2023, .T. ) ;
#589 = PLANE ( 'NONE',  #5896 ) ;
#590 = LINE ( 'NONE', #3488, #1792 ) ;
#591 = CARTESIAN_POINT ( 'NONE',  ( 1.950000000000000000, 0.0000000000000000000, 0.0000000000000000000 ) ) ;
#592 = CARTESIAN_POINT ( 'NONE',  ( -1.000000000000000200, -2.349999999999999200, -0.1000000000000000200 ) ) ;
#593 = PRESENTATION_LAYER_ASSIGNMENT (  '', '', ( #265 ) ) ;
#594 = COLOUR_RGB ( '',0.0000000000000000000, 0.3686274509803921800, 0.7215686274509803800 ) ;
#595 = LINE ( 'NONE', #3163, #4325 ) ;
#596 = EDGE_CURVE ( 'NONE', #2238, #2152, #3885, .T. ) ;
#597 = PRESENTATION_STYLE_ASSIGNMENT (( #127 ) ) ;
#598 = VERTEX_POINT ( 'NONE', #4311 ) ;
#599 = EDGE_CURVE ( 'NONE', #615, #6027, #6052, .T. ) ;
#600 = CARTESIAN_POINT ( 'NONE',  ( -1.000000000000000700, 1.555397397064010700, -2.590967228289160500 ) ) ;
#601 = ORIENTED_EDGE ( 'NONE', *, *, #182, .F. ) ;
#602 = MECHANICAL_DESIGN_GEOMETRIC_PRESENTATION_REPRESENTATION (  '', ( #5542 ), #939 ) ;
#603 = LINE ( 'NONE', #1997, #3226 ) ;
#604 = FILL_AREA_STYLE_COLOUR ( '', #166 ) ;
#605 = CARTESIAN_POINT ( 'NONE',  ( -1.255262969126040300E-016, 2.000000000000000000, 2.049999999999999800 ) ) ;
#606 = DIRECTION ( 'NONE',  ( -1.000000000000000000, 0.0000000000000000000, 0.0000000000000000000 ) ) ;
#607 = LINE ( 'NONE', #312, #4334 ) ;
#608 = UNCERTAINTY_MEASURE_WITH_UNIT (LENGTH_MEASURE( 1.000000000000000100E-005 ), #3169, 'distance_accuracy_value', 'NONE');
#609 = DIRECTION ( 'NONE',  ( -0.0000000000000000000, -0.0000000000000000000, -1.000000000000000000 ) ) ;
#610 = CARTESIAN_POINT ( 'NONE',  ( -2.500000000000000400, 4.500000000000000900, 7.000000000000341100 ) ) ;
#611 = STYLED_ITEM ( 'NONE', ( #765 ), #326 ) ;
#612 = AXIS2_PLACEMENT_3D ( 'NONE', #1628, #4953, #2114 ) ;
#613 = VERTEX_POINT ( 'NONE', #3224 ) ;
#614 = DIRECTION ( 'NONE',  ( -0.0000000000000000000, -1.000000000000000000, -0.0000000000000000000 ) ) ;
#615 = VERTEX_POINT ( 'NONE', #3838 ) ;
#616 =( NAMED_UNIT ( * ) SI_UNIT ( $, .STERADIAN. ) SOLID_ANGLE_UNIT ( ) );
#617 = CARTESIAN_POINT ( 'NONE',  ( 0.0000000000000000000, -2.000000000000000000, 0.0000000000000000000 ) ) ;
#618 = CARTESIAN_POINT ( 'NONE',  ( -1.000000000000000000, -6.723029547069799600, -3.114471770219790200 ) ) ;
#619 = DIRECTION ( 'NONE',  ( -1.000000000000000000, -0.0000000000000000000, -0.0000000000000000000 ) ) ;
#620 = AXIS2_PLACEMENT_3D ( 'NONE', #2647, #2776, #1647 ) ;
#621 = CARTESIAN_POINT ( 'NONE',  ( 0.7999999999999959400, 1.599999999999991900, -3.930232875259953600E-016 ) ) ;
#622 = ORIENTED_EDGE ( 'NONE', *, *, #5498, .T. ) ;
#623 = CARTESIAN_POINT ( 'NONE',  ( 6.824999999999970000, 2.234980408443919200E-016, 10.00000000000000000 ) ) ;
#624 = PLANE ( 'NONE',  #1237 ) ;
#625 =( NAMED_UNIT ( * ) PLANE_ANGLE_UNIT ( ) SI_UNIT ( $, .RADIAN. ) );
#626 = EDGE_LOOP ( 'NONE', ( #2120, #3563, #1480, #4287 ) ) ;
#627 = DIRECTION ( 'NONE',  ( 1.000000000000000000, -7.383365949283020400E-013, 0.0000000000000000000 ) ) ;
#628 = VERTEX_POINT ( 'NONE', #5011 ) ;
#629 = PLANE ( 'NONE',  #5043 ) ;
#630 = FILL_AREA_STYLE_COLOUR ( '', #5059 ) ;
#631 = VECTOR ( 'NONE', #5437, 1000.000000000000000 ) ;
#632 = CARTESIAN_POINT ( 'NONE',  ( 1.000000000000000000, -2.250000000000000400, 0.2000000000000000100 ) ) ;
#633 = DIRECTION ( 'NONE',  ( 0.0000000000000000000, 0.9961946980917453200, 0.08715574274766115000 ) ) ;
#634 = EDGE_CURVE ( 'NONE', #1784, #822, #3589, .T. ) ;
#635 = EDGE_LOOP ( 'NONE', ( #2052, #5197, #5291, #1128 ) ) ;
#636 = SURFACE_STYLE_USAGE ( .BOTH. , #3567 ) ;
#637 =( NAMED_UNIT ( * ) PLANE_ANGLE_UNIT ( ) SI_UNIT ( $, .RADIAN. ) );
#638 = COLOUR_RGB ( '',0.8274509803921568100, 0.8313725490196077800, 0.8352941176470588500 ) ;
#639 = VERTEX_POINT ( 'NONE', #4203 ) ;
#640 = CARTESIAN_POINT ( 'NONE',  ( -1.236931687685759900, -0.3999999999985614000, 5.799999999999999800 ) ) ;
#641 = STYLED_ITEM ( 'NONE', ( #1212 ), #4634 ) ;
#642 = EDGE_LOOP ( 'NONE', ( #3253, #3170 ) ) ;
#643 = DIRECTION ( 'NONE',  ( 0.0000000000000000000, -1.000000000000000000, -0.0000000000000000000 ) ) ;
#644 = CARTESIAN_POINT ( 'NONE',  ( -1.000000000000000000, -2.549999999999999800, -0.1000000000000000100 ) ) ;
#645 = PRODUCT_DEFINITION_SHAPE ( 'NONE', 'NONE',  #6196 ) ;
#646 = ORIENTED_EDGE ( 'NONE', *, *, #3110, .F. ) ;
#647 = CARTESIAN_POINT ( 'NONE',  ( 1.103127944101333100, 2.487565595057424700, 5.800000000000000700 ) ) ;
#648 =( NAMED_UNIT ( * ) SI_UNIT ( $, .STERADIAN. ) SOLID_ANGLE_UNIT ( ) );
#649 = COLOUR_RGB ( '',0.0000000000000000000, 0.3686274509803921800, 0.7215686274509803800 ) ;
#650 = EDGE_CURVE ( 'NONE', #2163, #4597, #1796, .T. ) ;
#651 = AXIS2_PLACEMENT_3D ( 'NONE', #3684, #763, #4158 ) ;
#652 = FILL_AREA_STYLE ('',( #525 ) ) ;
#653 = ORIENTED_EDGE ( 'NONE', *, *, #3874, .F. ) ;
#654 = PRESENTATION_STYLE_ASSIGNMENT (( #1801 ) ) ;
#655 = UNCERTAINTY_MEASURE_WITH_UNIT (LENGTH_MEASURE( 1.000000000000000100E-005 ), #5008, 'distance_accuracy_value', 'NONE');
#656 = CARTESIAN_POINT ( 'NONE',  ( -3.100000000000000500, 2.899999999999999000, 1.300678586780778900E-015 ) ) ;
#657 = ORIENTED_EDGE ( 'NONE', *, *, #5539, .F. ) ;
#658 = LINE ( 'NONE', #2223, #1857 ) ;
#659 = CARTESIAN_POINT ( 'NONE',  ( 2.000000000000000000, -2.000000000000000000, 4.699999999999999300 ) ) ;
#660 = ORIENTED_EDGE ( 'NONE', *, *, #4470, .T. ) ;
#661 = DIRECTION ( 'NONE',  ( 1.000000000000000000, 0.0000000000000000000, 0.0000000000000000000 ) ) ;
#662 =( GEOMETRIC_REPRESENTATION_CONTEXT ( 3 ) GLOBAL_UNCERTAINTY_ASSIGNED_CONTEXT ( ( #1980 ) ) GLOBAL_UNIT_ASSIGNED_CONTEXT ( ( #5849, #5733, #5655 ) ) REPRESENTATION_CONTEXT ( 'NONE', 'WORKASPACE' ) );
#663 = ORIENTED_EDGE ( 'NONE', *, *, #5985, .T. ) ;
#664 = COLOUR_RGB ( '',0.7921568627450980000, 0.8000000000000000400, 0.8078431372549019800 ) ;
#665 =( NAMED_UNIT ( * ) PLANE_ANGLE_UNIT ( ) SI_UNIT ( $, .RADIAN. ) );
#666 = FACE_OUTER_BOUND ( 'NONE', #2481, .T. ) ;
#667 = FILL_AREA_STYLE_COLOUR ( '', #3400 ) ;
#668 = COLOUR_RGB ( '',0.8274509803921568100, 0.8313725490196077800, 0.8352941176470588500 ) ;
#669 = ORIENTED_EDGE ( 'NONE', *, *, #3030, .T. ) ;
#670 = LINE ( 'NONE', #3991, #3131 ) ;
#671 =( GEOMETRIC_REPRESENTATION_CONTEXT ( 3 ) GLOBAL_UNCERTAINTY_ASSIGNED_CONTEXT ( ( #1442 ) ) GLOBAL_UNIT_ASSIGNED_CONTEXT ( ( #2246, #5516, #2713 ) ) REPRESENTATION_CONTEXT ( 'NONE', 'WORKASPACE' ) );
#672 = MECHANICAL_DESIGN_GEOMETRIC_PRESENTATION_REPRESENTATION (  '', ( #5601 ), #1009 ) ;
#673 = DIRECTION ( 'NONE',  ( -0.0000000000000000000, -1.000000000000000000, 0.0000000000000000000 ) ) ;
#674 = SURFACE_STYLE_USAGE ( .BOTH. , #3603 ) ;
#675 = EDGE_CURVE ( 'NONE', #294, #2517, #3732, .T. ) ;
#676 = SURFACE_SIDE_STYLE ('',( #4815 ) ) ;
#677 = CARTESIAN_POINT ( 'NONE',  ( 2.749999999999969800, -2.000000000000000000, -1.000000000000000000 ) ) ;
#678 = CARTESIAN_POINT ( 'NONE',  ( 6.899999999999979900, 3.900000000000050100, 6.700000000000000200 ) ) ;
#679 = DIRECTION ( 'NONE',  ( -0.0000000000000000000, 0.0000000000000000000, -1.000000000000000000 ) ) ;
#680 = VECTOR ( 'NONE', #1571, 1000.000000000000000 ) ;
#681 = APPLICATION_CONTEXT ( 'automotive_design' ) ;
#682 = PRESENTATION_LAYER_ASSIGNMENT (  '', '', ( #8 ) ) ;
#683 = ADVANCED_FACE ( 'NONE', ( #998, #1155, #5901 ), #4582, .T. ) ;
#684 = EDGE_CURVE ( 'NONE', #6091, #4637, #5710, .T. ) ;
#685 = VECTOR ( 'NONE', #466, 1000.000000000000000 ) ;
#686 = LINE ( 'NONE', #644, #1416 ) ;
#687 = CARTESIAN_POINT ( 'NONE',  ( 1.754992877478754400, 0.3999999999985319700, 5.300000000000013100 ) ) ;
#688 = CARTESIAN_POINT ( 'NONE',  ( -1.558581953622695200, -0.3288329368897507400, 5.800000000000002500 ) ) ;
#689 = EDGE_CURVE ( 'NONE', #4719, #2586, #4657, .T. ) ;
#690 =( LENGTH_UNIT ( ) NAMED_UNIT ( * ) SI_UNIT ( .MILLI., .METRE. ) );
#691 = VECTOR ( 'NONE', #2664, 1000.000000000000000 ) ;
#692 = FILL_AREA_STYLE ('',( #3374 ) ) ;
#693 = ORIENTED_EDGE ( 'NONE', *, *, #5486, .F. ) ;
#694 = ORIENTED_EDGE ( 'NONE', *, *, #1630, .T. ) ;
#695 = AXIS2_PLACEMENT_3D ( 'NONE', #906, #4286, #1427 ) ;
#696 = VECTOR ( 'NONE', #1895, 1000.000000000000000 ) ;
#697 = DIRECTION ( 'NONE',  ( -2.323287528027560000E-019, -0.0000000000000000000, 1.000000000000000000 ) ) ;
#698 = CARTESIAN_POINT ( 'NONE',  ( 2.000000000000000000, 2.000000000000000000, 0.0000000000000000000 ) ) ;
#699 = SURFACE_STYLE_USAGE ( .BOTH. , #676 ) ;
#700 = DIRECTION ( 'NONE',  ( 0.0000000000000000000, -1.000000000000000000, -0.0000000000000000000 ) ) ;
#701 =( GEOMETRIC_REPRESENTATION_CONTEXT ( 3 ) GLOBAL_UNCERTAINTY_ASSIGNED_CONTEXT ( ( #5598 ) ) GLOBAL_UNIT_ASSIGNED_CONTEXT ( ( #1343, #4697, #1842 ) ) REPRESENTATION_CONTEXT ( 'NONE', 'WORKASPACE' ) );
#702 = SURFACE_STYLE_USAGE ( .BOTH. , #3628 ) ;
#703 =( LENGTH_UNIT ( ) NAMED_UNIT ( * ) SI_UNIT ( .MILLI., .METRE. ) );
#704 =( LENGTH_UNIT ( ) NAMED_UNIT ( * ) SI_UNIT ( .MILLI., .METRE. ) );
#705 = PRODUCT_CONTEXT ( 'NONE', #3611, 'mechanical' ) ;
#706 = CARTESIAN_POINT ( 'NONE',  ( -1.500000000000270000, 2.700000000000000200, 0.8000000000000000400 ) ) ;
#707 = FILL_AREA_STYLE ('',( #3445 ) ) ;
#708 = SURFACE_STYLE_USAGE ( .BOTH. , #3636 ) ;
#709 = VECTOR ( 'NONE', #1761, 1000.000000000000000 ) ;
#710 = AXIS2_PLACEMENT_3D ( 'NONE', #1138, #1001, #1162 ) ;
#711 = FILL_AREA_STYLE_COLOUR ( '', #4871 ) ;
#712 = VERTEX_POINT ( 'NONE', #3667 ) ;
#713 =( LENGTH_UNIT ( ) NAMED_UNIT ( * ) SI_UNIT ( .MILLI., .METRE. ) );
#714 = ADVANCED_FACE ( 'NONE', ( #5473 ), #1624, .T. ) ;
#715 = SURFACE_STYLE_USAGE ( .BOTH. , #3644 ) ;
#716 = PRESENTATION_STYLE_ASSIGNMENT (( #3398 ) ) ;
#717 = EDGE_LOOP ( 'NONE', ( #3026, #1267, #71, #2313, #417, #3880, #1496, #1607, #1242, #3337 ) ) ;
#718 =( LENGTH_UNIT ( ) NAMED_UNIT ( * ) SI_UNIT ( .MILLI., .METRE. ) );
#719 = PRESENTATION_LAYER_ASSIGNMENT (  '', '', ( #5948 ) ) ;
#720 = DIRECTION ( 'NONE',  ( 0.9659258262890690900, -0.2588190451025180700, -0.0000000000000000000 ) ) ;
#721 = STYLED_ITEM ( 'NONE', ( #4467 ), #3756 ) ;
#722 =( NAMED_UNIT ( * ) SI_UNIT ( $, .STERADIAN. ) SOLID_ANGLE_UNIT ( ) );
#723 = EDGE_CURVE ( 'NONE', #4383, #4518, #6118, .T. ) ;
#724 = ORIENTED_EDGE ( 'NONE', *, *, #140, .F. ) ;
#725 = VECTOR ( 'NONE', #2144, 1000.000000000000000 ) ;
#726 = CARTESIAN_POINT ( 'NONE',  ( -1.000000000000000000, 2.000000000000000000, 0.0000000000000000000 ) ) ;
#727 =( REPRESENTATION_RELATIONSHIP ('NONE','NONE', #3198, #3183 ) REPRESENTATION_RELATIONSHIP_WITH_TRANSFORMATION ( #3324 )SHAPE_REPRESENTATION_RELATIONSHIP( ) );
#728 = ORIENTED_EDGE ( 'NONE', *, *, #3395, .F. ) ;
#729 =( NAMED_UNIT ( * ) PLANE_ANGLE_UNIT ( ) SI_UNIT ( $, .RADIAN. ) );
#730 = EDGE_CURVE ( 'NONE', #359, #3805, #2540, .T. ) ;
#731 = CYLINDRICAL_SURFACE ( 'NONE', #2950, 1.825000000000000200 ) ;
#732 = UNCERTAINTY_MEASURE_WITH_UNIT (LENGTH_MEASURE( 1.000000000000000100E-005 ), #4580, 'distance_accuracy_value', 'NONE');
#733 = DIRECTION ( 'NONE',  ( 0.0000000000000000000, 0.0000000000000000000, 1.000000000000000000 ) ) ;
#734 = MECHANICAL_DESIGN_GEOMETRIC_PRESENTATION_REPRESENTATION (  '', ( #5962 ), #1070 ) ;
#735 = ORIENTED_EDGE ( 'NONE', *, *, #894, .F. ) ;
#736 = LINE ( 'NONE', #2756, #5673 ) ;
#737 = EDGE_LOOP ( 'NONE', ( #2365, #109, #3086, #3019 ) ) ;
#738 = UNCERTAINTY_MEASURE_WITH_UNIT (LENGTH_MEASURE( 1.000000000000000100E-005 ), #1085, 'distance_accuracy_value', 'NONE');
#739 = CARTESIAN_POINT ( 'NONE',  ( -2.500000000000000000, 0.0000000000000000000, 10.00000000000000000 ) ) ;
#740 = DIRECTION ( 'NONE',  ( -7.383365949283020400E-013, -1.000000000000000000, 0.0000000000000000000 ) ) ;
#741 = ORIENTED_EDGE ( 'NONE', *, *, #4702, .F. ) ;
#742 = LINE ( 'NONE', #2587, #4459 ) ;
#743 = SURFACE_SIDE_STYLE ('',( #5351 ) ) ;
#744 = STYLED_ITEM ( 'NONE', ( #3892 ), #229 ) ;
#745 = STYLED_ITEM ( 'NONE', ( #3572 ), #5996 ) ;
#746 =( NAMED_UNIT ( * ) PLANE_ANGLE_UNIT ( ) SI_UNIT ( $, .RADIAN. ) );
#747 = DIRECTION ( 'NONE',  ( -1.000000000000000000, 0.0000000000000000000, 0.0000000000000000000 ) ) ;
#748 = FACE_OUTER_BOUND ( 'NONE', #3075, .T. ) ;
#749 = CARTESIAN_POINT ( 'NONE',  ( -8.133428825879440400E-019, 0.0000000000000000000, 4.299999999999999800 ) ) ;
#750 = CARTESIAN_POINT ( 'NONE',  ( 5.000000000000000000, 0.0000000000000000000, 0.8000000000000000400 ) ) ;
#751 = FACE_OUTER_BOUND ( 'NONE', #2802, .T. ) ;
#752 = COLOUR_RGB ( '',0.7921568627450980000, 0.8000000000000000400, 0.8078431372549019800 ) ;
#753 = CARTESIAN_POINT ( 'NONE',  ( 0.0000000000000000000, 2.000000000000000000, 2.000000000000000000 ) ) ;
#754 = ADVANCED_FACE ( 'NONE', ( #2405 ), #2736, .F. ) ;
#755 = PRESENTATION_LAYER_ASSIGNMENT (  '', '', ( #76 ) ) ;
#756 = DIRECTION ( 'NONE',  ( -0.0000000000000000000, -0.0000000000000000000, -1.000000000000000000 ) ) ;
#757 = ORIENTED_EDGE ( 'NONE', *, *, #4933, .F. ) ;
#758 =( NAMED_UNIT ( * ) PLANE_ANGLE_UNIT ( ) SI_UNIT ( $, .RADIAN. ) );
#759 = LINE ( 'NONE', #1967, #2087 ) ;
#760 =( NAMED_UNIT ( * ) SI_UNIT ( $, .STERADIAN. ) SOLID_ANGLE_UNIT ( ) );
#761 = LINE ( 'NONE', #4010, #3219 ) ;
#762 = PRESENTATION_LAYER_ASSIGNMENT (  '', '', ( #430 ) ) ;
#763 = DIRECTION ( 'NONE',  ( 0.0000000000000000000, -1.000000000000000000, -6.049014748177259600E-016 ) ) ;
#764 = CARTESIAN_POINT ( 'NONE',  ( 3.699999999999970000, 0.0000000000000000000, 5.799999999999999800 ) ) ;
#765 = PRESENTATION_STYLE_ASSIGNMENT (( #3207 ) ) ;
#766 = EDGE_CURVE ( 'NONE', #4018, #5167, #1946, .T. ) ;
#767 =( NAMED_UNIT ( * ) SI_UNIT ( $, .STERADIAN. ) SOLID_ANGLE_UNIT ( ) );
#768 = LINE ( 'NONE', #3875, #5697 ) ;
#769 = PLANE ( 'NONE',  #5355 ) ;
#770 = CIRCLE ( 'NONE', #3616, 1.500000000000000000 ) ;
#771 = FILL_AREA_STYLE_COLOUR ( '', #3277 ) ;
#772 =( LENGTH_UNIT ( ) NAMED_UNIT ( * ) SI_UNIT ( .MILLI., .METRE. ) );
#773 = SURFACE_SIDE_STYLE ('',( #1259 ) ) ;
#774 =( NAMED_UNIT ( * ) PLANE_ANGLE_UNIT ( ) SI_UNIT ( $, .RADIAN. ) );
#775 = PRESENTATION_LAYER_ASSIGNMENT (  '', '', ( #440 ) ) ;
#776 = FACE_OUTER_BOUND ( 'NONE', #4746, .T. ) ;
#777 = EDGE_CURVE ( 'NONE', #243, #2155, #595, .T. ) ;
#778 = FILL_AREA_STYLE ('',( #2109 ) ) ;
#779 = ORIENTED_EDGE ( 'NONE', *, *, #3200, .F. ) ;
#780 = DIRECTION ( 'NONE',  ( -2.323287528027560000E-019, -0.0000000000000000000, 1.000000000000000000 ) ) ;
#781 = ORIENTED_EDGE ( 'NONE', *, *, #1556, .T. ) ;
#782 = UNCERTAINTY_MEASURE_WITH_UNIT (LENGTH_MEASURE( 1.000000000000000100E-005 ), #6124, 'distance_accuracy_value', 'NONE');
#783 =( NAMED_UNIT ( * ) SI_UNIT ( $, .STERADIAN. ) SOLID_ANGLE_UNIT ( ) );
#784 = PRESENTATION_LAYER_ASSIGNMENT (  '', '', ( #104 ) ) ;
#785 = PRODUCT_DEFINITION_CONTEXT ( 'detailed design', #4103, 'design' ) ;
#786 = ADVANCED_FACE ( 'NONE', ( #3061 ), #4239, .F. ) ;
#787 = SURFACE_STYLE_USAGE ( .BOTH. , #3700 ) ;
#788 =( LENGTH_UNIT ( ) NAMED_UNIT ( * ) SI_UNIT ( .MILLI., .METRE. ) );
#789 = AXIS2_PLACEMENT_3D ( 'NONE', #2348, #2566, #1494 ) ;
#790 = ORIENTED_EDGE ( 'NONE', *, *, #4017, .T. ) ;
#791 = CARTESIAN_POINT ( 'NONE',  ( -0.5000000000000005600, 2.036063597560351400, -2.348150417296988900 ) ) ;
#792 = LINE ( 'NONE', #5881, #4507 ) ;
#793 = CONICAL_SURFACE ( 'NONE', #2808, 1.250000000027284800, 0.7853981633974482800 ) ;
#794 = DIRECTION ( 'NONE',  ( 1.000000000000000000, 0.0000000000000000000, -0.0000000000000000000 ) ) ;
#795 = FILL_AREA_STYLE_COLOUR ( '', #3041 ) ;
#796 = ORIENTED_EDGE ( 'NONE', *, *, #2622, .F. ) ;
#797 =( NAMED_UNIT ( * ) PLANE_ANGLE_UNIT ( ) SI_UNIT ( $, .RADIAN. ) );
#798 = PRESENTATION_LAYER_ASSIGNMENT (  '', '', ( #122 ) ) ;
#799 = STYLED_ITEM ( 'NONE', ( #3701 ), #2204 ) ;
#800 = SURFACE_SIDE_STYLE ('',( #940 ) ) ;
#801 = SURFACE_STYLE_FILL_AREA ( #1635 ) ;
#802 =( NAMED_UNIT ( * ) PLANE_ANGLE_UNIT ( ) SI_UNIT ( $, .RADIAN. ) );
#803 = DIRECTION ( 'NONE',  ( 0.0000000000000000000, 0.0000000000000000000, 1.000000000000000000 ) ) ;
#804 = SURFACE_STYLE_FILL_AREA ( #2597 ) ;
#805 = ORIENTED_EDGE ( 'NONE', *, *, #529, .T. ) ;
#806 = EDGE_LOOP ( 'NONE', ( #1394, #170, #4624, #3926 ) ) ;
#807 = SURFACE_SIDE_STYLE ('',( #2912 ) ) ;
#808 = CARTESIAN_POINT ( 'NONE',  ( -1.000000000000000000, 0.6912459284779619600, 1.549472632322330000 ) ) ;
#809 = COLOUR_RGB ( '',0.8274509803921568100, 0.8313725490196077800, 0.8352941176470588500 ) ;
#810 = ORIENTED_EDGE ( 'NONE', *, *, #1379, .T. ) ;
#811 = CARTESIAN_POINT ( 'NONE',  ( 0.5000000000000020000, 1.914045557713619900, -0.9534778399685409600 ) ) ;
#812 = DIRECTION ( 'NONE',  ( -5.286776307738839800E-017, -0.0000000000000000000, -1.000000000000000000 ) ) ;
#813 = AXIS2_PLACEMENT_3D ( 'NONE', #2005, #5300, #2489 ) ;
#814 = VERTEX_POINT ( 'NONE', #2770 ) ;
#815 = EDGE_CURVE ( 'NONE', #5631, #4647, #5138, .T. ) ;
#816 = SURFACE_SIDE_STYLE ('',( #3643 ) ) ;
#817 = B_SPLINE_CURVE_WITH_KNOTS ( 'NONE', 3,
 ( #5831, #2899, #5660, #5796, #5595, #687 ),
 .UNSPECIFIED., .F., .F.,
 ( 4, 2, 4 ),
 ( 0.0000000000000000000, 0.0003979859298400784700, 0.0007959718596801569500 ),
 .UNSPECIFIED. ) ;
#818 = PLANE ( 'NONE',  #1903 ) ;
#819 = VERTEX_POINT ( 'NONE', #1812 ) ;
#820 = SURFACE_STYLE_FILL_AREA ( #1570 ) ;
#821 = ADVANCED_FACE ( 'NONE', ( #2607 ), #4252, .T. ) ;
#822 = VERTEX_POINT ( 'NONE', #2196 ) ;
#823 = EDGE_CURVE ( 'NONE', #3620, #83, #840, .T. ) ;
#824 = LINE ( 'NONE', #996, #5743 ) ;
#825 =( NAMED_UNIT ( * ) SI_UNIT ( $, .STERADIAN. ) SOLID_ANGLE_UNIT ( ) );
#826 = CLOSED_SHELL ( 'NONE', ( #2423, #5547, #3270, #5063, #1487, #229, #6163, #3756, #1264, #5228, #3847, #5577, #6116, #2760, #5607, #3165, #2849, #2695, #2784 ) ) ;
#827 = SURFACE_SIDE_STYLE ('',( #2936 ) ) ;
#828 = DIRECTION ( 'NONE',  ( -1.000000000000000000, 0.0000000000000000000, 0.0000000000000000000 ) ) ;
#829 = ORIENTED_EDGE ( 'NONE', *, *, #1348, .T. ) ;
#830 = FILL_AREA_STYLE_COLOUR ( '', #2094 ) ;
#831 = PRESENTATION_STYLE_ASSIGNMENT (( #303 ) ) ;
#832 = CARTESIAN_POINT ( 'NONE',  ( 7.500000000000000000, 4.500000000000000900, -1.456080807316840000E-018 ) ) ;
#833 = LINE ( 'NONE', #162, #3288 ) ;
#834 = DIRECTION ( 'NONE',  ( 2.323287528027560000E-019, 0.0000000000000000000, -1.000000000000000000 ) ) ;
#835 = MECHANICAL_DESIGN_GEOMETRIC_PRESENTATION_REPRESENTATION (  '', ( #5742 ), #1165 ) ;
#836 = STYLED_ITEM ( 'NONE', ( #3843 ), #6163 ) ;
#837 = CIRCLE ( 'NONE', #5182, 1.300000000000000300 ) ;
#838 = ORIENTED_EDGE ( 'NONE', *, *, #4261, .F. ) ;
#839 = CARTESIAN_POINT ( 'NONE',  ( 6.899999999999979900, 2.900000000000059900, 6.700000000000000200 ) ) ;
#840 = CIRCLE ( 'NONE', #4798, 1.300000000000000000 ) ;
#841 = ORIENTED_EDGE ( 'NONE', *, *, #2590, .F. ) ;
#842 = CARTESIAN_POINT ( 'NONE',  ( -1.500000000000000000, 1.836970198721029900E-016, 0.2000000000000000100 ) ) ;
#843 = SURFACE_STYLE_USAGE ( .BOTH. , #3753 ) ;
#844 = VECTOR ( 'NONE', #2682, 1000.000000000000000 ) ;
#845 = AXIS2_PLACEMENT_3D ( 'NONE', #2704, #171, #196 ) ;
#846 = LINE ( 'NONE', #38, #4401 ) ;
#847 = DIRECTION ( 'NONE',  ( -1.000000000000000000, 0.0000000000000000000, -0.0000000000000000000 ) ) ;
#848 = CARTESIAN_POINT ( 'NONE',  ( -0.7999999999999964900, 1.599999999999992500, -3.930232875259953600E-016 ) ) ;
#849 = CIRCLE ( 'NONE', #2234, 0.5000000000000000000 ) ;
#850 = AXIS2_PLACEMENT_3D ( 'NONE', #1867, #3293, #3777 ) ;
#851 = PRESENTATION_STYLE_ASSIGNMENT (( #2837 ) ) ;
#852 = ADVANCED_FACE ( 'NONE', ( #5755 ), #1205, .T. ) ;
#853 = AXIS2_PLACEMENT_3D ( 'NONE', #64, #548, #5371 ) ;
#854 = CARTESIAN_POINT ( 'NONE',  ( 6.499999999999730000, 2.700000000000000200, 0.8000000000000000400 ) ) ;
#855 = EDGE_CURVE ( 'NONE', #5167, #2876, #2834, .T. ) ;
#856 = DIRECTION ( 'NONE',  ( -0.7071067811865501300, -0.7044160264027559100, -0.06162841671622298900 ) ) ;
#857 = ORIENTED_EDGE ( 'NONE', *, *, #5486, .T. ) ;
#858 = EDGE_LOOP ( 'NONE', ( #2897, #1252, #1202, #3869 ) ) ;
#859 = DIRECTION ( 'NONE',  ( 0.0000000000000000000, 0.2079116908133931700, 0.9781476007347337200 ) ) ;
#860 = EDGE_CURVE ( 'NONE', #4967, #2, #370, .T. ) ;
#861 = VECTOR ( 'NONE', #2060, 1000.000000000000000 ) ;
#862 = CARTESIAN_POINT ( 'NONE',  ( 4.450000000000000200, 3.386574419551739700E-017, 0.0000000000000000000 ) ) ;
#863 = PRESENTATION_LAYER_ASSIGNMENT (  '', '', ( #519 ) ) ;
#864 = UNCERTAINTY_MEASURE_WITH_UNIT (LENGTH_MEASURE( 1.000000000000000100E-005 ), #3464, 'distance_accuracy_value', 'NONE');
#865 = CARTESIAN_POINT ( 'NONE',  ( 7.049999999995439900, -3.100000000000000500, 5.799999999999999800 ) ) ;
#866 =( NAMED_UNIT ( * ) SI_UNIT ( $, .STERADIAN. ) SOLID_ANGLE_UNIT ( ) );
#867 = CARTESIAN_POINT ( 'NONE',  ( 0.0000000000000000000, 0.0000000000000000000, 0.0000000000000000000 ) ) ;
#868 = CARTESIAN_POINT ( 'NONE',  ( 0.8999999999999963600, 1.799999999999993400, 0.09999999999999961700 ) ) ;
#869 = EDGE_CURVE ( 'NONE', #3420, #3316, #4094, .T. ) ;
#870 = SHAPE_REPRESENTATION ( 'DG301-5.0-02', ( #3766 ), #3458 ) ;
#871 = SURFACE_STYLE_FILL_AREA ( #2778 ) ;
#872 = CARTESIAN_POINT ( 'NONE',  ( -3.262998337136410200E-014, 0.0000000000000000000, 6.000000000000000000 ) ) ;
#873 = ORIENTED_EDGE ( 'NONE', *, *, #3674, .T. ) ;
#874 = DIRECTION ( 'NONE',  ( 0.7057575568079492700, -0.7084534360199507000, 0.0000000000000000000 ) ) ;
#875 = CARTESIAN_POINT ( 'NONE',  ( 6.824999999999970000, 2.234980408443919700E-016, 10.00000000000000000 ) ) ;
#876 = SURFACE_STYLE_FILL_AREA ( #4170 ) ;
#877 = STYLED_ITEM ( 'NONE', ( #3205 ), #1264 ) ;
#878 = CYLINDRICAL_SURFACE ( 'NONE', #3858, 1.825000000000000000 ) ;
#879 = DIRECTION ( 'NONE',  ( -1.000000000000000000, 0.0000000000000000000, 0.0000000000000000000 ) ) ;
#880 = DIRECTION ( 'NONE',  ( -1.000000000000000000, 0.0000000000000000000, 0.0000000000000000000 ) ) ;
#881 = VERTEX_POINT ( 'NONE', #1891 ) ;
#882 = DIRECTION ( 'NONE',  ( 1.000000000000000000, -7.162729191142349500E-017, 0.0000000000000000000 ) ) ;
#883 = ORIENTED_EDGE ( 'NONE', *, *, #5373, .F. ) ;
#884 =( NAMED_UNIT ( * ) PLANE_ANGLE_UNIT ( ) SI_UNIT ( $, .RADIAN. ) );
#885 = ADVANCED_FACE ( 'NONE', ( #3946 ), #1347, .T. ) ;
#886 = CARTESIAN_POINT ( 'NONE',  ( -9.295072589893218000E-019, 0.0000000000000000000, 4.799999999999999800 ) ) ;
#887 = DIRECTION ( 'NONE',  ( -5.665538897647979600E-016, -1.224646799147350000E-016, 1.000000000000000000 ) ) ;
#888 =( GEOMETRIC_REPRESENTATION_CONTEXT ( 3 ) GLOBAL_UNCERTAINTY_ASSIGNED_CONTEXT ( ( #4316 ) ) GLOBAL_UNIT_ASSIGNED_CONTEXT ( ( #1944, #5250, #2428 ) ) REPRESENTATION_CONTEXT ( 'NONE', 'WORKASPACE' ) );
#889 = STYLED_ITEM ( 'NONE', ( #3334 ), #2423 ) ;
#890 = ORIENTED_EDGE ( 'NONE', *, *, #5001, .T. ) ;
#891 = CARTESIAN_POINT ( 'NONE',  ( 0.7988575277334889500, 0.6145787987046891200, 3.264365138790865700 ) ) ;
#892 = CARTESIAN_POINT ( 'NONE',  ( 7.500000000000000000, 4.500000000000000900, -1.092060605487629800E-018 ) ) ;
#893 = SURFACE_SIDE_STYLE ('',( #375 ) ) ;
#894 = EDGE_CURVE ( 'NONE', #5705, #5321, #3508, .T. ) ;
#895 = VECTOR ( 'NONE', #3733, 999.9999999999998900 ) ;
#896 = CARTESIAN_POINT ( 'NONE',  ( -1.000000000000000000, -2.000000000000000000, 0.2000000000000000100 ) ) ;
#897 = ORIENTED_EDGE ( 'NONE', *, *, #364, .T. ) ;
#898 = SURFACE_STYLE_USAGE ( .BOTH. , #3809 ) ;
#899 = VECTOR ( 'NONE', #1579, 1000.000000000000000 ) ;
#900 = FILL_AREA_STYLE_COLOUR ( '', #5439 ) ;
#901 = DIRECTION ( 'NONE',  ( -0.9659258262890695300, -0.2588190451025159100, 1.719510869244700000E-030 ) ) ;
#902 = STYLED_ITEM ( 'NONE', ( #5450 ), #4313 ) ;
#903 = EDGE_CURVE ( 'NONE', #4421, #4646, #4768, .T. ) ;
#904 = ORIENTED_EDGE ( 'NONE', *, *, #4382, .F. ) ;
#905 = CARTESIAN_POINT ( 'NONE',  ( -1.045671635390699900E-018, 0.0000000000000000000, 5.299999999999999800 ) ) ;
#906 = CARTESIAN_POINT ( 'NONE',  ( -0.7999999999999960500, 0.0000000000000000000, 0.09999999999999961700 ) ) ;
#907 = SURFACE_STYLE_USAGE ( .BOTH. , #1469 ) ;
#908 = VECTOR ( 'NONE', #5274, 1000.000000000000000 ) ;
#909 = ORIENTED_EDGE ( 'NONE', *, *, #4825, .T. ) ;
#911 = FACE_OUTER_BOUND ( 'NONE', #3099, .T. ) ;
#910 = FACE_OUTER_BOUND ( 'NONE', #4900, .T. ) ;
#912 =( LENGTH_UNIT ( ) NAMED_UNIT ( * ) SI_UNIT ( .MILLI., .METRE. ) );
#913 = DIRECTION ( 'NONE',  ( 5.861977570020730600E-014, 1.000000000000000000, 0.0000000000000000000 ) ) ;
#914 = FACE_OUTER_BOUND ( 'NONE', #626, .T. ) ;
#915 = COLOUR_RGB ( '',0.0000000000000000000, 0.3686274509803921800, 0.7215686274509803800 ) ;
#916 = ADVANCED_FACE ( 'NONE', ( #914 ), #589, .F. ) ;
#917 = CARTESIAN_POINT ( 'NONE',  ( 2.000000000000000000, -2.000000000000000000, 0.0000000000000000000 ) ) ;
#918 = CARTESIAN_POINT ( 'NONE',  ( 2.049999999998655100, 2.700000000000000200, 5.799999999999999800 ) ) ;
#919 = STYLED_ITEM ( 'NONE', ( #1793 ), #786 ) ;
#920 = AXIS2_PLACEMENT_3D ( 'NONE', #2643, #5916, #3133 ) ;
#921 = ORIENTED_EDGE ( 'NONE', *, *, #3938, .F. ) ;
#922 = CARTESIAN_POINT ( 'NONE',  ( -0.7999999999999960500, 0.0000000000000000000, -1.966045752641187900E-016 ) ) ;
#923 = VECTOR ( 'NONE', #3402, 1000.000000000000000 ) ;
#924 =( GEOMETRIC_REPRESENTATION_CONTEXT ( 3 ) GLOBAL_UNCERTAINTY_ASSIGNED_CONTEXT ( ( #4770 ) ) GLOBAL_UNIT_ASSIGNED_CONTEXT ( ( #2657, #2686, #2732 ) ) REPRESENTATION_CONTEXT ( 'NONE', 'WORKASPACE' ) );
#925 = FILL_AREA_STYLE_COLOUR ( '', #4934 ) ;
#926 = DIRECTION ( 'NONE',  ( -1.000000000000000000, 0.0000000000000000000, 0.0000000000000000000 ) ) ;
#927 = PRESENTATION_STYLE_ASSIGNMENT (( #636 ) ) ;
#928 = ORIENTED_EDGE ( 'NONE', *, *, #684, .F. ) ;
#929 = ORIENTED_EDGE ( 'NONE', *, *, #1066, .F. ) ;
#930 = DIRECTION ( 'NONE',  ( -1.000000000000000000, 0.0000000000000000000, 0.0000000000000000000 ) ) ;
#931 = MECHANICAL_DESIGN_GEOMETRIC_PRESENTATION_REPRESENTATION (  '', ( #265 ), #1285 ) ;
#932 = COLOUR_RGB ( '',0.7921568627450980000, 0.8000000000000000400, 0.8078431372549019800 ) ;
#933 = EDGE_CURVE ( 'NONE', #1666, #6091, #1788, .T. ) ;
#934 = CARTESIAN_POINT ( 'NONE',  ( -0.8999999999999960300, -2.204364238465226500E-016, 0.1000000000000000500 ) ) ;
#935 = CARTESIAN_POINT ( 'NONE',  ( -1.000000000000000400, -2.000000000000000900, 0.2000000000000000400 ) ) ;
#936 =( BOUNDED_CURVE ( )  B_SPLINE_CURVE ( 3, ( #43, #2998, #3956, #1053 ),
 .UNSPECIFIED., .F., .F. ) 
 B_SPLINE_CURVE_WITH_KNOTS ( ( 4, 4 ),
 ( 0.0000000000000000000, 1.000000000000000000 ),
 .UNSPECIFIED. ) 
 CURVE ( )  GEOMETRIC_REPRESENTATION_ITEM ( )  RATIONAL_B_SPLINE_CURVE ( ( 1.000000000000000000, 0.5384615384608011400, 0.5384615384608011400, 1.000000000000000000 ) ) 
 REPRESENTATION_ITEM ( '' )  );
#937 = EDGE_CURVE ( 'NONE', #1939, #4081, #5393, .T. ) ;
#938 = CARTESIAN_POINT ( 'NONE',  ( 0.4999999999999680300, 3.000000000000000000, 9.142222010458430900 ) ) ;
#939 =( GEOMETRIC_REPRESENTATION_CONTEXT ( 3 ) GLOBAL_UNCERTAINTY_ASSIGNED_CONTEXT ( ( #3338 ) ) GLOBAL_UNIT_ASSIGNED_CONTEXT ( ( #1854, #5165, #2342 ) ) REPRESENTATION_CONTEXT ( 'NONE', 'WORKASPACE' ) );
#940 = SURFACE_STYLE_FILL_AREA ( #3715 ) ;
#941 = SHAPE_DEFINITION_REPRESENTATION ( #3714, #3198 ) ;
#942 = ADVANCED_FACE ( 'NONE', ( #287 ), #5147, .F. ) ;
#943 = CARTESIAN_POINT ( 'NONE',  ( 1.499999999999730000, 3.700000000000000200, 5.799999999999999800 ) ) ;
#944 = VERTEX_POINT ( 'NONE', #5176 ) ;
#945 = ORIENTED_EDGE ( 'NONE', *, *, #3025, .F. ) ;
#946 = CARTESIAN_POINT ( 'NONE',  ( 1.000000000000000000, 3.000000000000000000, 0.0000000000000000000 ) ) ;
#947 = LINE ( 'NONE', #5864, #4659 ) ;
#948 = LINE ( 'NONE', #5541, #3401 ) ;
#949 = PRESENTATION_LAYER_ASSIGNMENT (  '', '', ( #611 ) ) ;
#950 = AXIS2_PLACEMENT_3D ( 'NONE', #5842, #3052, #94 ) ;
#951 = ORIENTED_EDGE ( 'NONE', *, *, #2656, .F. ) ;
#952 = DIRECTION ( 'NONE',  ( -0.9659258262890680900, 0.2588190451025210200, 0.0000000000000000000 ) ) ;
#953 = CARTESIAN_POINT ( 'NONE',  ( 5.000000000000000000, 2.700000000000000200, 0.8000000000000000400 ) ) ;
#954 = ORIENTED_EDGE ( 'NONE', *, *, #1958, .F. ) ;
#955 = CARTESIAN_POINT ( 'NONE',  ( 1.000000000000000000, -2.327645713530753100, -1.989777747886720200 ) ) ;
#956 = ORIENTED_EDGE ( 'NONE', *, *, #5794, .T. ) ;
#957 = STYLED_ITEM ( 'NONE', ( #3709 ), #1456 ) ;
#958 = FILL_AREA_STYLE_COLOUR ( '', #4588 ) ;
#959 = LINE ( 'NONE', #2541, #3554 ) ;
#960 = SURFACE_STYLE_USAGE ( .BOTH. , #816 ) ;
#961 = CARTESIAN_POINT ( 'NONE',  ( -0.1000000000000000100, 0.0000000000000000000, -4.700000000000000200 ) ) ;
#962 = CARTESIAN_POINT ( 'NONE',  ( 0.5500000000000001600, -1.969750527564147000E-017, 0.8000000000000000400 ) ) ;
#963 = PRESENTATION_STYLE_ASSIGNMENT (( #699 ) ) ;
#964 = DIRECTION ( 'NONE',  ( 4.440892098500630100E-016, 0.0000000000000000000, 1.000000000000000000 ) ) ;
#965 = PRODUCT_DEFINITION_SHAPE ( 'NONE', 'NONE',  #1272 ) ;
#966 = VERTEX_POINT ( 'NONE', #1794 ) ;
#967 = CARTESIAN_POINT ( 'NONE',  ( 0.0000000000000000000, 0.0000000000000000000, 0.8000000000000000400 ) ) ;
#968 = PRESENTATION_STYLE_ASSIGNMENT (( #138 ) ) ;
#969 = ORIENTED_EDGE ( 'NONE', *, *, #3116, .T. ) ;
#970 = STYLED_ITEM ( 'NONE', ( #5857 ), #2760 ) ;
#971 = DIRECTION ( 'NONE',  ( 0.0000000000000000000, 0.0000000000000000000, 1.000000000000000000 ) ) ;
#972 = PLANE ( 'NONE',  #1148 ) ;
#973 = VERTEX_POINT ( 'NONE', #3020 ) ;
#974 = EDGE_CURVE ( 'NONE', #4845, #4464, #6038, .T. ) ;
#975 = UNCERTAINTY_MEASURE_WITH_UNIT (LENGTH_MEASURE( 1.000000000000000100E-005 ), #3203, 'distance_accuracy_value', 'NONE');
#976 = ORIENTED_EDGE ( 'NONE', *, *, #5952, .F. ) ;
#977 = FILL_AREA_STYLE ('',( #1457 ) ) ;
#978 = SURFACE_STYLE_FILL_AREA ( #4732 ) ;
#979 = DIRECTION ( 'NONE',  ( -1.000000000000000000, -0.0000000000000000000, 0.0000000000000000000 ) ) ;
#980 = LINE ( 'NONE', #4140, #3573 ) ;
#981 = CARTESIAN_POINT ( 'NONE',  ( 2.949999999999730200, 2.700000000000000200, 5.799999999999999800 ) ) ;
#982 = AXIS2_PLACEMENT_3D ( 'NONE', #4348, #1485, #4827 ) ;
#983 = CIRCLE ( 'NONE', #2012, 0.5000000000000000000 ) ;
#984 = PLANE ( 'NONE',  #620 ) ;
#985 = DIRECTION ( 'NONE',  ( 2.323287528027560000E-019, 0.0000000000000000000, -1.000000000000000000 ) ) ;
#986 = CIRCLE ( 'NONE', #5469, 0.5000000000000000000 ) ;
#987 = VERTEX_POINT ( 'NONE', #2933 ) ;
#988 = SURFACE_SIDE_STYLE ('',( #1380 ) ) ;
#989 = CARTESIAN_POINT ( 'NONE',  ( 2.749999999999969800, 2.000000000000000000, -1.000000000000000000 ) ) ;
#990 = CARTESIAN_POINT ( 'NONE',  ( 6.299999999999969600, 0.0000000000000000000, 6.000000000000000000 ) ) ;
#991 = ORIENTED_EDGE ( 'NONE', *, *, #1917, .T. ) ;
#992 = EDGE_CURVE ( 'NONE', #6162, #4166, #1141, .T. ) ;
#993 = PRESENTATION_LAYER_ASSIGNMENT (  '', '', ( #324 ) ) ;
#994 = VECTOR ( 'NONE', #1703, 1000.000000000000000 ) ;
#995 = CARTESIAN_POINT ( 'NONE',  ( 1.000000000000000000, 3.000000000000000000, 0.2000000000000000100 ) ) ;
#996 = CARTESIAN_POINT ( 'NONE',  ( -1.000000000000000000, -2.350000000000000100, -0.09999999999999999200 ) ) ;
#997 = LINE ( 'NONE', #2360, #5271 ) ;
#998 = FACE_BOUND ( 'NONE', #4044, .T. ) ;
#999 = CARTESIAN_POINT ( 'NONE',  ( -1.500000000000270000, 3.700000000000000200, 5.799999999999999800 ) ) ;
#1000 =( NAMED_UNIT ( * ) SI_UNIT ( $, .STERADIAN. ) SOLID_ANGLE_UNIT ( ) );
#1001 = DIRECTION ( 'NONE',  ( 4.440892098500630100E-016, 0.0000000000000000000, 1.000000000000000000 ) ) ;
#1002 = VECTOR ( 'NONE', #3769, 1000.000000000000000 ) ;
#1003 = DIRECTION ( 'NONE',  ( -0.8660254037844404800, -0.4999999999999970000, 0.0000000000000000000 ) ) ;
#1004 =( NAMED_UNIT ( * ) SI_UNIT ( $, .STERADIAN. ) SOLID_ANGLE_UNIT ( ) );
#1005 = PLANE ( 'NONE',  #185 ) ;
#1006 = CLOSED_SHELL ( 'NONE', ( #2814, #1456, #4693, #5259, #5637, #2878, #161, #4598, #714, #2654, #3878, #1228, #1294, #326, #5457, #6028, #6055, #5668, #4661, #1969, #5484, #4157, #2265, #5021, #4058, #363, #424, #1183, #1755, #2332, #1397 ) ) ;
#1007 = ORIENTED_EDGE ( 'NONE', *, *, #4899, .T. ) ;
#1008 = FILL_AREA_STYLE ('',( #900 ) ) ;
#1009 =( GEOMETRIC_REPRESENTATION_CONTEXT ( 3 ) GLOBAL_UNCERTAINTY_ASSIGNED_CONTEXT ( ( #5456 ) ) GLOBAL_UNIT_ASSIGNED_CONTEXT ( ( #5889, #5909, #5926 ) ) REPRESENTATION_CONTEXT ( 'NONE', 'WORKASPACE' ) );
#1010 = CARTESIAN_POINT ( 'NONE',  ( -1.696908944073310300, 0.3999999999985609500, 5.565712903961067300 ) ) ;
#1011 = DIRECTION ( 'NONE',  ( -1.000000000000000000, -0.0000000000000000000, 0.0000000000000000000 ) ) ;
#1012 = EDGE_CURVE ( 'NONE', #4455, #4383, #3577, .T. ) ;
#1013 = UNCERTAINTY_MEASURE_WITH_UNIT (LENGTH_MEASURE( 1.000000000000000100E-005 ), #1734, 'distance_accuracy_value', 'NONE');
#1014 = LINE ( 'NONE', #4870, #5919 ) ;
#1015 = DIRECTION ( 'NONE',  ( 0.0000000000000000000, 0.0000000000000000000, 1.000000000000000000 ) ) ;
#1016 = FILL_AREA_STYLE ('',( #509 ) ) ;
#1017 = CARTESIAN_POINT ( 'NONE',  ( -1.161836011792080000E-018, -0.3999999999985610100, 5.799999999999999800 ) ) ;
#1018 = SHAPE_DEFINITION_REPRESENTATION ( #965, #1079 ) ;
#1019 = SURFACE_STYLE_USAGE ( .BOTH. , #3921 ) ;
#1020 = MECHANICAL_DESIGN_GEOMETRIC_PRESENTATION_REPRESENTATION (  '', ( #8 ), #1377 ) ;
#1021 = UNCERTAINTY_MEASURE_WITH_UNIT (LENGTH_MEASURE( 1.000000000000000100E-005 ), #236, 'distance_accuracy_value', 'NONE');
#1022 = EDGE_CURVE ( 'NONE', #309, #2238, #3721, .T. ) ;
#1023 = EDGE_CURVE ( 'NONE', #3710, #814, #817, .T. ) ;
#1024 = CARTESIAN_POINT ( 'NONE',  ( -1.500000000000270000, 3.700000000000000200, 0.8000000000000000400 ) ) ;
#1025 = CARTESIAN_POINT ( 'NONE',  ( 7.049999999995439900, -3.100000000000000500, 0.8000000000000000400 ) ) ;
#1026 = SURFACE_SIDE_STYLE ('',( #1331 ) ) ;
#1027 = ORIENTED_EDGE ( 'NONE', *, *, #5536, .F. ) ;
#1028 = AXIS2_PLACEMENT_3D ( 'NONE', #5656, #2855, #6113 ) ;
#1029 = SURFACE_SIDE_STYLE ('',( #4224 ) ) ;
#1030 =( LENGTH_UNIT ( ) NAMED_UNIT ( * ) SI_UNIT ( .MILLI., .METRE. ) );
#1031 = CARTESIAN_POINT ( 'NONE',  ( -2.500000000000000400, 3.060769515458670000, -1.456080807307279100E-018 ) ) ;
#1032 = ORIENTED_EDGE ( 'NONE', *, *, #675, .T. ) ;
#1033 = ORIENTED_EDGE ( 'NONE', *, *, #308, .F. ) ;
#1034 = DIRECTION ( 'NONE',  ( 1.000000000000000000, -0.0000000000000000000, 0.0000000000000000000 ) ) ;
#1035 = SURFACE_STYLE_FILL_AREA ( #2618 ) ;
#1036 = STYLED_ITEM ( 'NONE', ( #3837 ), #4545 ) ;
#1037 = ORIENTED_EDGE ( 'NONE', *, *, #2835, .F. ) ;
#1038 = DIRECTION ( 'NONE',  ( -2.323287528027560000E-019, -0.0000000000000000000, 1.000000000000000000 ) ) ;
#1039 = CARTESIAN_POINT ( 'NONE',  ( -1.255262969126040300E-016, -2.000000000000000000, 2.049999999999999800 ) ) ;
#1040 = ORIENTED_EDGE ( 'NONE', *, *, #1955, .T. ) ;
#1041 = VECTOR ( 'NONE', #5476, 1000.000000000000000 ) ;
#1042 = CARTESIAN_POINT ( 'NONE',  ( 0.8585786437626866700, -1.717157287525372200, -4.037567908068586300E-016 ) ) ;
#1043 = SURFACE_STYLE_USAGE ( .BOTH. , #1029 ) ;
#1044 = PRESENTATION_STYLE_ASSIGNMENT (( #4315 ) ) ;
#1045 = MECHANICAL_DESIGN_GEOMETRIC_PRESENTATION_REPRESENTATION (  '', ( #387 ), #1409 ) ;
#1046 = EDGE_LOOP ( 'NONE', ( #2898, #6032, #4583, #4681, #2463, #2903 ) ) ;
#1047 = CARTESIAN_POINT ( 'NONE',  ( 7.500000000000000000, -3.100000000000000500, -1.456080807266352900E-018 ) ) ;
#1048 = DIRECTION ( 'NONE',  ( -0.0000000000000000000, 1.000000000000000000, 0.0000000000000000000 ) ) ;
#1049 =( NAMED_UNIT ( * ) PLANE_ANGLE_UNIT ( ) SI_UNIT ( $, .RADIAN. ) );
#1050 =( LENGTH_UNIT ( ) NAMED_UNIT ( * ) SI_UNIT ( .MILLI., .METRE. ) );
#1051 = ORIENTED_EDGE ( 'NONE', *, *, #2675, .F. ) ;
#1052 = VECTOR ( 'NONE', #4461, 1000.000000000000000 ) ;
#1053 = CARTESIAN_POINT ( 'NONE',  ( 1.236931687685759700, 0.3999999999985610600, 5.799999999999999800 ) ) ;
#1054 = EDGE_LOOP ( 'NONE', ( #5675, #3772, #4004, #1283 ) ) ;
#1055 = CIRCLE ( 'NONE', #1623, 0.5000000000000000000 ) ;
#1056 = MECHANICAL_DESIGN_GEOMETRIC_PRESENTATION_REPRESENTATION (  '', ( #5948 ), #1417 ) ;
#1057 = DIRECTION ( 'NONE',  ( 2.323287528027560000E-019, 0.0000000000000000000, -1.000000000000000000 ) ) ;
#1058 = UNCERTAINTY_MEASURE_WITH_UNIT (LENGTH_MEASURE( 1.000000000000000100E-005 ), #4281, 'distance_accuracy_value', 'NONE');
#1059 = CARTESIAN_POINT ( 'NONE',  ( -1.255263332347661100E-016, 1.000000000000000000, 3.499999999999999600 ) ) ;
#1060 = DIRECTION ( 'NONE',  ( -0.0000000000000000000, 0.0000000000000000000, -1.000000000000000000 ) ) ;
#1061 = PRESENTATION_LAYER_ASSIGNMENT (  '', '', ( #721 ) ) ;
#1062 =( LENGTH_UNIT ( ) NAMED_UNIT ( * ) SI_UNIT ( .MILLI., .METRE. ) );
#1063 = EDGE_CURVE ( 'NONE', #4594, #5435, #4694, .T. ) ;
#1064 = ORIENTED_EDGE ( 'NONE', *, *, #182, .T. ) ;
#1065 = CARTESIAN_POINT ( 'NONE',  ( -1.000000000000000000, 2.000000000000000000, 0.0000000000000000000 ) ) ;
#1066 = EDGE_CURVE ( 'NONE', #3353, #1717, #983, .T. ) ;
#1067 = LINE ( 'NONE', #5114, #2399 ) ;
#1068 = VERTEX_POINT ( 'NONE', #3627 ) ;
#1069 = COLOUR_RGB ( '',0.0000000000000000000, 0.3686274509803921800, 0.7215686274509803800 ) ;
#1070 =( GEOMETRIC_REPRESENTATION_CONTEXT ( 3 ) GLOBAL_UNCERTAINTY_ASSIGNED_CONTEXT ( ( #1559 ) ) GLOBAL_UNIT_ASSIGNED_CONTEXT ( ( #4070, #1185, #4559 ) ) REPRESENTATION_CONTEXT ( 'NONE', 'WORKASPACE' ) );
#1071 = DIRECTION ( 'NONE',  ( -1.000000000000000000, 0.0000000000000000000, 0.0000000000000000000 ) ) ;
#1072 =( LENGTH_UNIT ( ) NAMED_UNIT ( * ) SI_UNIT ( .MILLI., .METRE. ) );
#1073 =( NAMED_UNIT ( * ) PLANE_ANGLE_UNIT ( ) SI_UNIT ( $, .RADIAN. ) );
#1074 = PRESENTATION_STYLE_ASSIGNMENT (( #3496 ) ) ;
#1075 = CARTESIAN_POINT ( 'NONE',  ( 6.899999999999979900, 3.900000000000050100, 6.700000000000000200 ) ) ;
#1076 = ORIENTED_EDGE ( 'NONE', *, *, #5502, .F. ) ;
#1077 =( NAMED_UNIT ( * ) PLANE_ANGLE_UNIT ( ) SI_UNIT ( $, .RADIAN. ) );
#1078 = SURFACE_STYLE_USAGE ( .BOTH. , #3971 ) ;
#1079 = SHAPE_REPRESENTATION ( 'DG301-5.0-screw', ( #3766 ), #2386 ) ;
#1080 = CARTESIAN_POINT ( 'NONE',  ( 0.0000000000000000000, 3.700000000000000200, 5.799999999999999800 ) ) ;
#1081 = PRESENTATION_LAYER_ASSIGNMENT (  '', '', ( #744 ) ) ;
#1082 = AXIS2_PLACEMENT_3D ( 'NONE', #1516, #4858, #2011 ) ;
#1083 = SURFACE_SIDE_STYLE ('',( #1701 ) ) ;
#1084 = CYLINDRICAL_SURFACE ( 'NONE', #3641, 1.500000000000000000 ) ;
#1085 =( LENGTH_UNIT ( ) NAMED_UNIT ( * ) SI_UNIT ( .MILLI., .METRE. ) );
#1086 = SURFACE_SIDE_STYLE ('',( #2233 ) ) ;
#1087 = CARTESIAN_POINT ( 'NONE',  ( 4.499999999999968000, 4.000000000000000000, 7.714074003486369500 ) ) ;
#1088 = SURFACE_STYLE_FILL_AREA ( #549 ) ;
#1089 = CARTESIAN_POINT ( 'NONE',  ( -1.045671635390699900E-018, 0.0000000000000000000, 5.299999999999999800 ) ) ;
#1090 = FILL_AREA_STYLE ('',( #3978 ) ) ;
#1091 = MECHANICAL_DESIGN_GEOMETRIC_PRESENTATION_REPRESENTATION (  '', ( #76 ), #1444 ) ;
#1092 =( NAMED_UNIT ( * ) PLANE_ANGLE_UNIT ( ) SI_UNIT ( $, .RADIAN. ) );
#1093 = LINE ( 'NONE', #5414, #2419 ) ;
#1094 = VERTEX_POINT ( 'NONE', #3855 ) ;
#1095 = ORIENTED_EDGE ( 'NONE', *, *, #3872, .T. ) ;
#1096 = VECTOR ( 'NONE', #2239, 1000.000000000000000 ) ;
#1097 = DIRECTION ( 'NONE',  ( 1.000000000000000000, 0.0000000000000000000, 0.0000000000000000000 ) ) ;
#1098 = CARTESIAN_POINT ( 'NONE',  ( -8.133428825879440400E-019, 0.0000000000000000000, 4.299999999999999800 ) ) ;
#1099 =( NAMED_UNIT ( * ) SI_UNIT ( $, .STERADIAN. ) SOLID_ANGLE_UNIT ( ) );
#1100 = UNCERTAINTY_MEASURE_WITH_UNIT (LENGTH_MEASURE( 1.000000000000000100E-005 ), #21, 'distance_accuracy_value', 'NONE');
#1101 =( NAMED_UNIT ( * ) SI_UNIT ( $, .STERADIAN. ) SOLID_ANGLE_UNIT ( ) );
#1102 = MECHANICAL_DESIGN_GEOMETRIC_PRESENTATION_REPRESENTATION (  '', ( #430 ), #1449 ) ;
#1103 = EDGE_CURVE ( 'NONE', #6157, #2666, #2159, .T. ) ;
#1104 = FILL_AREA_STYLE_COLOUR ( '', #231 ) ;
#1105 = ORIENTED_EDGE ( 'NONE', *, *, #894, .T. ) ;
#1106 = DIRECTION ( 'NONE',  ( 1.000000000000000000, 0.0000000000000000000, -0.0000000000000000000 ) ) ;
#1107 = MECHANICAL_DESIGN_GEOMETRIC_PRESENTATION_REPRESENTATION (  '', ( #440 ), #1462 ) ;
#1108 = EDGE_CURVE ( 'NONE', #944, #445, #2459, .T. ) ;
#1109 = DIRECTION ( 'NONE',  ( 0.7071067811865470200, 0.7044160264027588000, 0.06162841671622176800 ) ) ;
#1110 = ORIENTED_EDGE ( 'NONE', *, *, #1958, .T. ) ;
#1111 = CONICAL_SURFACE ( 'NONE', #1431, 1.824999999826137000, 1.396263401575766900 ) ;
#1112 = CARTESIAN_POINT ( 'NONE',  ( 6.824999999858469800, 0.0000000000000000000, 6.092571664871940100 ) ) ;
#1113 = CARTESIAN_POINT ( 'NONE',  ( -8.133428825879440400E-019, 0.0000000000000000000, 4.299999999999999800 ) ) ;
#1114 = VERTEX_POINT ( 'NONE', #999 ) ;
#1115 = ORIENTED_EDGE ( 'NONE', *, *, #2992, .F. ) ;
#1116 = DIRECTION ( 'NONE',  ( 0.0000000000000000000, -0.9781476007347336100, 0.2079116908133939500 ) ) ;
#1117 = DIRECTION ( 'NONE',  ( 0.0000000000000000000, 0.9961946980917453200, 0.08715574274766115000 ) ) ;
#1118 = LINE ( 'NONE', #4727, #2441 ) ;
#1119 = FACE_OUTER_BOUND ( 'NONE', #3108, .T. ) ;
#1120 = CARTESIAN_POINT ( 'NONE',  ( -3.262508931451803200E-014, 0.0000000000000000000, 6.092571664871940100 ) ) ;
#1121 = CARTESIAN_POINT ( 'NONE',  ( -1.161836011792080000E-018, 0.0000000000000000000, 5.799999999999999800 ) ) ;
#1122 = DIRECTION ( 'NONE',  ( 0.0000000000000000000, -0.0000000000000000000, 1.000000000000000000 ) ) ;
#1123 = VERTEX_POINT ( 'NONE', #3511 ) ;
#1124 = AXIS2_PLACEMENT_3D ( 'NONE', #3050, #3069, #4629 ) ;
#1125 = SURFACE_STYLE_FILL_AREA ( #5875 ) ;
#1126 = LINE ( 'NONE', #4730, #2449 ) ;
#1127 = CARTESIAN_POINT ( 'NONE',  ( -2.500000000000004000, 2.399377385709330100, 10.00000000000000000 ) ) ;
#1128 = ORIENTED_EDGE ( 'NONE', *, *, #347, .T. ) ;
#1129 = FILL_AREA_STYLE ('',( #3549 ) ) ;
#1130 = ORIENTED_EDGE ( 'NONE', *, *, #144, .F. ) ;
#1131 = CARTESIAN_POINT ( 'NONE',  ( -0.7999999999999960500, 1.599999999999991900, -3.930232875259953600E-016 ) ) ;
#1132 = CARTESIAN_POINT ( 'NONE',  ( 7.500000000000000000, 4.500000000000000900, -1.456080807316840000E-018 ) ) ;
#1133 = MECHANICAL_DESIGN_GEOMETRIC_PRESENTATION_REPRESENTATION (  '', ( #122 ), #1486 ) ;
#1134 = AXIS2_PLACEMENT_3D ( 'NONE', #4435, #4411, #4666 ) ;
#1135 =( NAMED_UNIT ( * ) SI_UNIT ( $, .STERADIAN. ) SOLID_ANGLE_UNIT ( ) );
#1136 = LINE ( 'NONE', #5302, #3717 ) ;
#1137 = FILL_AREA_STYLE_COLOUR ( '', #4744 ) ;
#1138 = CARTESIAN_POINT ( 'NONE',  ( -2.264854970235320000E-015, 0.0000000000000000000, -0.4000000000000000200 ) ) ;
#1139 = UNCERTAINTY_MEASURE_WITH_UNIT (LENGTH_MEASURE( 1.000000000000000100E-005 ), #5288, 'distance_accuracy_value', 'NONE');
#1140 = SURFACE_SIDE_STYLE ('',( #4392 ) ) ;
#1141 = CIRCLE ( 'NONE', #1356, 0.1000000000000000100 ) ;
#1142 = DIRECTION ( 'NONE',  ( 0.9848077530133462200, 0.0000000000000000000, 0.1736481776604759400 ) ) ;
#1143 =( NAMED_UNIT ( * ) SI_UNIT ( $, .STERADIAN. ) SOLID_ANGLE_UNIT ( ) );
#1144 = CIRCLE ( 'NONE', #4869, 1.300000000000000300 ) ;
#1145 = ORIENTED_EDGE ( 'NONE', *, *, #2830, .F. ) ;
#1146 = FACE_OUTER_BOUND ( 'NONE', #3015, .T. ) ;
#1147 =( NAMED_UNIT ( * ) PLANE_ANGLE_UNIT ( ) SI_UNIT ( $, .RADIAN. ) );
#1148 = AXIS2_PLACEMENT_3D ( 'NONE', #6184, #3433, #484 ) ;
#1149 =( NAMED_UNIT ( * ) SI_UNIT ( $, .STERADIAN. ) SOLID_ANGLE_UNIT ( ) );
#1150 = EDGE_CURVE ( 'NONE', #2666, #1845, #833, .T. ) ;
#1151 = ORIENTED_EDGE ( 'NONE', *, *, #1499, .F. ) ;
#1152 = CARTESIAN_POINT ( 'NONE',  ( 1.000000000000004700, -0.3957940609526190400, -2.507415838091759100 ) ) ;
#1153 = CARTESIAN_POINT ( 'NONE',  ( -2.500000000000000000, 0.0000000000000000000, 6.700000000000000200 ) ) ;
#1154 = EDGE_CURVE ( 'NONE', #4597, #2163, #5888, .T. ) ;
#1155 = FACE_BOUND ( 'NONE', #2111, .T. ) ;
#1156 = STYLED_ITEM ( 'NONE', ( #3232 ), #5175 ) ;
#1157 = VERTEX_POINT ( 'NONE', #381 ) ;
#1158 =( NAMED_UNIT ( * ) PLANE_ANGLE_UNIT ( ) SI_UNIT ( $, .RADIAN. ) );
#1159 = CARTESIAN_POINT ( 'NONE',  ( -1.271997718226699000, 0.2683687851186538600, 5.799999999999999800 ) ) ;
#1160 = CARTESIAN_POINT ( 'NONE',  ( 0.0000000000000000000, 2.000000000000000000, 0.0000000000000000000 ) ) ;
#1161 = COLOUR_RGB ( '',0.7921568627450980000, 0.8000000000000000400, 0.8078431372549019800 ) ;
#1162 = DIRECTION ( 'NONE',  ( 1.000000000000000000, 0.0000000000000000000, -4.336808689942017700E-016 ) ) ;
#1163 = DIRECTION ( 'NONE',  ( -1.000000000000000000, 0.0000000000000000000, 0.0000000000000000000 ) ) ;
#1164 = DIRECTION ( 'NONE',  ( 0.0000000000000000000, -0.0000000000000000000, -1.000000000000000000 ) ) ;
#1165 =( GEOMETRIC_REPRESENTATION_CONTEXT ( 3 ) GLOBAL_UNCERTAINTY_ASSIGNED_CONTEXT ( ( #2263 ) ) GLOBAL_UNIT_ASSIGNED_CONTEXT ( ( #1062, #1415, #1785 ) ) REPRESENTATION_CONTEXT ( 'NONE', 'WORKASPACE' ) );
#1166 = AXIS2_PLACEMENT_3D ( 'NONE', #3656, #733, #4127 ) ;
#1167 = CIRCLE ( 'NONE', #4045, 1.000000000000000000 ) ;
#1168 = VERTEX_POINT ( 'NONE', #113 ) ;
#1169 = ORIENTED_EDGE ( 'NONE', *, *, #3794, .T. ) ;
#1170 = FILL_AREA_STYLE ('',( #3104 ) ) ;
#1171 = FILL_AREA_STYLE ('',( #3594 ) ) ;
#1172 = DIRECTION ( 'NONE',  ( -5.665538897647979600E-016, -1.224646799147350000E-016, 1.000000000000000000 ) ) ;
#1173 = CYLINDRICAL_SURFACE ( 'NONE', #1963, 0.8999999999999960300 ) ;
#1174 = SURFACE_STYLE_USAGE ( .BOTH. , #1083 ) ;
#1175 = LINE ( 'NONE', #4415, #4861 ) ;
#1176 = AXIS2_PLACEMENT_3D ( 'NONE', #4526, #3391, #4875 ) ;
#1177 = DIRECTION ( 'NONE',  ( 0.0000000000000000000, 0.0000000000000000000, 1.000000000000000000 ) ) ;
#1178 = ORIENTED_EDGE ( 'NONE', *, *, #2527, .T. ) ;
#1179 =( NAMED_UNIT ( * ) PLANE_ANGLE_UNIT ( ) SI_UNIT ( $, .RADIAN. ) );
#1180 = ADVANCED_BREP_SHAPE_REPRESENTATION ( '', ( #5965, #3766 ), #2386 ) ;
#1181 = LINE ( 'NONE', #3762, #3761 ) ;
#1182 =( LENGTH_UNIT ( ) NAMED_UNIT ( * ) SI_UNIT ( .MILLI., .METRE. ) );
#1183 = ADVANCED_FACE ( 'NONE', ( #666 ), #136, .F. ) ;
#1184 = DIRECTION ( 'NONE',  ( 5.963111948670243600E-015, 0.08715574274765784700, -0.9961946980917456600 ) ) ;
#1185 =( NAMED_UNIT ( * ) PLANE_ANGLE_UNIT ( ) SI_UNIT ( $, .RADIAN. ) );
#1186 = ORIENTED_EDGE ( 'NONE', *, *, #2154, .T. ) ;
#1187 = MECHANICAL_DESIGN_GEOMETRIC_PRESENTATION_REPRESENTATION (  '', ( #507 ), #1533 ) ;
#1188 = DIRECTION ( 'NONE',  ( 0.0000000000000000000, 0.0000000000000000000, -1.000000000000000000 ) ) ;
#1189 = VECTOR ( 'NONE', #4109, 1000.000000000000000 ) ;
#1190 = PRESENTATION_LAYER_ASSIGNMENT (  '', '', ( #85 ) ) ;
#1191 = DIRECTION ( 'NONE',  ( 0.0000000000000000000, 0.0000000000000000000, 1.000000000000000000 ) ) ;
#1192 = EDGE_CURVE ( 'NONE', #5435, #2090, #198, .T. ) ;
#1193 = VERTEX_POINT ( 'NONE', #251 ) ;
#1194 = DIRECTION ( 'NONE',  ( -1.000000000000000000, 0.0000000000000000000, 0.0000000000000000000 ) ) ;
#1195 = DIRECTION ( 'NONE',  ( -0.0000000000000000000, 1.000000000000000000, 0.0000000000000000000 ) ) ;
#1196 =( NAMED_UNIT ( * ) SI_UNIT ( $, .STERADIAN. ) SOLID_ANGLE_UNIT ( ) );
#1197 = EDGE_CURVE ( 'NONE', #3397, #966, #5195, .T. ) ;
#1198 =( NAMED_UNIT ( * ) PLANE_ANGLE_UNIT ( ) SI_UNIT ( $, .RADIAN. ) );
#1199 = EDGE_LOOP ( 'NONE', ( #1130, #1638, #951, #3006 ) ) ;
#1200 = CARTESIAN_POINT ( 'NONE',  ( 0.9002903084739818400, -2.030164505304100400, 5.799999999999998000 ) ) ;
#1201 = MECHANICAL_DESIGN_GEOMETRIC_PRESENTATION_REPRESENTATION (  '', ( #519 ), #1545 ) ;
#1202 = ORIENTED_EDGE ( 'NONE', *, *, #5917, .T. ) ;
#1203 =( NAMED_UNIT ( * ) SI_UNIT ( $, .STERADIAN. ) SOLID_ANGLE_UNIT ( ) );
#1204 = CYLINDRICAL_SURFACE ( 'NONE', #4699, 0.5000000000000000000 ) ;
#1205 = PLANE ( 'NONE',  #1124 ) ;
#1206 = SURFACE_STYLE_FILL_AREA ( #1441 ) ;
#1207 = EDGE_LOOP ( 'NONE', ( #3495, #3677, #909, #2380 ) ) ;
#1208 = SURFACE_STYLE_USAGE ( .BOTH. , #1239 ) ;
#1210 = PRESENTATION_STYLE_ASSIGNMENT (( #3629 ) ) ;
#1209 = CARTESIAN_POINT ( 'NONE',  ( 2.249999999999969800, -2.000000000000000000, 9.999999999999998200 ) ) ;
#1211 = CARTESIAN_POINT ( 'NONE',  ( -1.825000000000032600, 0.0000000000000000000, 6.092571664871940100 ) ) ;
#1212 = PRESENTATION_STYLE_ASSIGNMENT (( #4367 ) ) ;
#1213 = EDGE_CURVE ( 'NONE', #3854, #819, #1546, .T. ) ;
#1214 = AXIS2_PLACEMENT_3D ( 'NONE', #437, #3848, #930 ) ;
#1215 = LINE ( 'NONE', #726, #4891 ) ;
#1216 = PLANE ( 'NONE',  #2708 ) ;
#1217 = DIRECTION ( 'NONE',  ( 5.286776307738839800E-017, 0.0000000000000000000, 1.000000000000000000 ) ) ;
#1218 = VERTEX_POINT ( 'NONE', #3364 ) ;
#1219 = DIRECTION ( 'NONE',  ( 0.0000000000000000000, 0.0000000000000000000, 1.000000000000000000 ) ) ;
#1220 = CONICAL_SURFACE ( 'NONE', #2870, 1.824999999821587300, 1.396263401602017500 ) ;
#1221 = ORIENTED_EDGE ( 'NONE', *, *, #4589, .T. ) ;
#1222 =( NAMED_UNIT ( * ) PLANE_ANGLE_UNIT ( ) SI_UNIT ( $, .RADIAN. ) );
#1223 =( NAMED_UNIT ( * ) SI_UNIT ( $, .STERADIAN. ) SOLID_ANGLE_UNIT ( ) );
#1224 = VERTEX_POINT ( 'NONE', #3007 ) ;
#1225 = APPLICATION_PROTOCOL_DEFINITION ( 'draft international standard', 'automotive_design', 1998, #4103 ) ;
#1226 = LINE ( 'NONE', #1619, #1052 ) ;
#1227 = FILL_AREA_STYLE_COLOUR ( '', #4550 ) ;
#1228 = ADVANCED_FACE ( 'NONE', ( #36 ), #2072, .F. ) ;
#1229 = AXIS2_PLACEMENT_3D ( 'NONE', #3592, #562, #3526 ) ;
#1230 = ORIENTED_EDGE ( 'NONE', *, *, #1877, .T. ) ;
#1231 = PRESENTATION_STYLE_ASSIGNMENT (( #1601 ) ) ;
#1232 = UNCERTAINTY_MEASURE_WITH_UNIT (LENGTH_MEASURE( 1.000000000000000100E-005 ), #2366, 'distance_accuracy_value', 'NONE');
#1233 =( NAMED_UNIT ( * ) PLANE_ANGLE_UNIT ( ) SI_UNIT ( $, .RADIAN. ) );
#1234 = CARTESIAN_POINT ( 'NONE',  ( 0.0000000000000000000, 2.000000000000000000, 0.0000000000000000000 ) ) ;
#1235 = ORIENTED_EDGE ( 'NONE', *, *, #6070, .T. ) ;
#1236 = DIRECTION ( 'NONE',  ( -1.000000000000000000, 0.0000000000000000000, 0.0000000000000000000 ) ) ;
#1237 = AXIS2_PLACEMENT_3D ( 'NONE', #125, #101, #80 ) ;
#1238 = UNCERTAINTY_MEASURE_WITH_UNIT (LENGTH_MEASURE( 1.000000000000000100E-005 ), #2821, 'distance_accuracy_value', 'NONE');
#1239 = SURFACE_SIDE_STYLE ('',( #801 ) ) ;
#1240 =( NAMED_UNIT ( * ) PLANE_ANGLE_UNIT ( ) SI_UNIT ( $, .RADIAN. ) );
#1241 = CARTESIAN_POINT ( 'NONE',  ( 7.500000000000000000, 3.060769515458740700, 6.700000000000000200 ) ) ;
#1242 = ORIENTED_EDGE ( 'NONE', *, *, #2409, .T. ) ;
#1243 = EDGE_CURVE ( 'NONE', #2976, #1845, #4616, .T. ) ;
#1244 = DIRECTION ( 'NONE',  ( -0.0000000000000000000, -0.0000000000000000000, -1.000000000000000000 ) ) ;
#1245 = DIRECTION ( 'NONE',  ( 0.7071067811865496800, 0.7044160264027564700, 0.06162841671622116400 ) ) ;
#1246 = CARTESIAN_POINT ( 'NONE',  ( 4.999999999999969800, 0.0000000000000000000, 6.092571664871940100 ) ) ;
#1247 = SURFACE_STYLE_FILL_AREA ( #1435 ) ;
#1248 = COLOUR_RGB ( '',0.0000000000000000000, 0.3686274509803921800, 0.7215686274509803800 ) ;
#1249 = DIRECTION ( 'NONE',  ( 5.286776307738839800E-017, 0.0000000000000000000, 1.000000000000000000 ) ) ;
#1250 = FACE_OUTER_BOUND ( 'NONE', #3429, .T. ) ;
#1251 = PLANE ( 'NONE',  #1698 ) ;
#1252 = ORIENTED_EDGE ( 'NONE', *, *, #177, .T. ) ;
#1253 =( REPRESENTATION_RELATIONSHIP ('NONE','NONE', #3198, #5225 ) REPRESENTATION_RELATIONSHIP_WITH_TRANSFORMATION ( #4423 )SHAPE_REPRESENTATION_RELATIONSHIP( ) );
#1254 = AXIS2_PLACEMENT_3D ( 'NONE', #1753, #5082, #2247 ) ;
#1255 = EDGE_CURVE ( 'NONE', #2823, #6022, #5817, .T. ) ;
#1256 = DIRECTION ( 'NONE',  ( 0.0000000000000000000, -0.5735764362890769500, 0.8191520443323829800 ) ) ;
#1257 = CARTESIAN_POINT ( 'NONE',  ( -1.000000000000000000, -2.250000000000000400, 0.2000000000000000100 ) ) ;
#1258 = DIRECTION ( 'NONE',  ( 0.0000000000000000000, -1.000000000000000000, 0.0000000000000000000 ) ) ;
#1259 = SURFACE_STYLE_FILL_AREA ( #3690 ) ;
#1260 = VECTOR ( 'NONE', #859, 1000.000000000000000 ) ;
#1261 = STYLED_ITEM ( 'NONE', ( #5474 ), #5519 ) ;
#1262 = CARTESIAN_POINT ( 'NONE',  ( -1.000000000000001100, -0.06748814758959938200, 3.099999999999999600 ) ) ;
#1263 = PRESENTATION_STYLE_ASSIGNMENT (( #3689 ) ) ;
#1264 = ADVANCED_FACE ( 'NONE', ( #748 ), #1471, .T. ) ;
#1265 = DIRECTION ( 'NONE',  ( -0.0000000000000000000, -0.0000000000000000000, -1.000000000000000000 ) ) ;
#1266 =( LENGTH_UNIT ( ) NAMED_UNIT ( * ) SI_UNIT ( .MILLI., .METRE. ) );
#1267 = ORIENTED_EDGE ( 'NONE', *, *, #2945, .T. ) ;
#1268 = EDGE_LOOP ( 'NONE', ( #45, #1915, #2451, #4078 ) ) ;
#1269 = LINE ( 'NONE', #237, #6135 ) ;
#1270 = SURFACE_STYLE_USAGE ( .BOTH. , #2179 ) ;
#1271 = AXIS2_PLACEMENT_3D ( 'NONE', #706, #4777, #4951 ) ;
#1272 = PRODUCT_DEFINITION ( 'UNKNOWN', '', #3851, #3538 ) ;
#1273 = CARTESIAN_POINT ( 'NONE',  ( 3.499999999999730000, 3.700000000000000200, 0.8000000000000000400 ) ) ;
#1274 = FILL_AREA_STYLE_COLOUR ( '', #1422 ) ;
#1275 = LINE ( 'NONE', #3372, #3831 ) ;
#1276 = DIRECTION ( 'NONE',  ( 0.0000000000000000000, -1.000000000000000000, -0.0000000000000000000 ) ) ;
#1277 = FILL_AREA_STYLE ('',( #1369 ) ) ;
#1278 = DIRECTION ( 'NONE',  ( 1.000000000000000000, 0.0000000000000000000, 0.0000000000000000000 ) ) ;
#1279 =( BOUNDED_SURFACE ( )  B_SPLINE_SURFACE ( 3, 3, ( 
 ( #5866, #1654, #4974, #2142 ),
 ( #5423, #2616, #5884, #3094 ),
 ( #150, #3582, #647, #4047 ),
 ( #1159, #4536, #1675, #5000 ) ),
 .UNSPECIFIED., .F., .F., .F. ) 
 B_SPLINE_SURFACE_WITH_KNOTS ( ( 4, 4 ),
 ( 4, 4 ),
 ( 0.0000000000000000000, 1.000000000000000000 ),
 ( 0.0000000000000000000, 1.000000000000000000 ),
 .UNSPECIFIED. ) 
 GEOMETRIC_REPRESENTATION_ITEM ( )  RATIONAL_B_SPLINE_SURFACE ( (
 ( 1.000000000000000000, 0.4709583513428943800, 0.4709583513428943800, 1.000000000000000000),
 ( 0.8047378541243632700, 0.3789980130416287800, 0.3789980130416287800, 0.8047378541243632700),
 ( 0.8047378541243632700, 0.3789980130416287800, 0.3789980130416287800, 0.8047378541243632700),
 ( 1.000000000000000000, 0.4709583513428943800, 0.4709583513428943800, 1.000000000000000000) ) ) 
 REPRESENTATION_ITEM ( '' )  SURFACE ( )  );
#1280 = ORIENTED_EDGE ( 'NONE', *, *, #4272, .T. ) ;
#1281 = CARTESIAN_POINT ( 'NONE',  ( 5.000000000000000000, 2.700000000000000200, 0.8000000000000000400 ) ) ;
#1282 = CARTESIAN_POINT ( 'NONE',  ( -1.236931687685759900, 0.3999999999985610600, 5.799999999999999800 ) ) ;
#1283 = ORIENTED_EDGE ( 'NONE', *, *, #5803, .F. ) ;
#1284 = CARTESIAN_POINT ( 'NONE',  ( 6.499999999999730000, 3.700000000000000200, 0.8000000000000000400 ) ) ;
#1285 =( GEOMETRIC_REPRESENTATION_CONTEXT ( 3 ) GLOBAL_UNCERTAINTY_ASSIGNED_CONTEXT ( ( #4506 ) ) GLOBAL_UNIT_ASSIGNED_CONTEXT ( ( #6063, #3294, #345 ) ) REPRESENTATION_CONTEXT ( 'NONE', 'WORKASPACE' ) );
#1286 = FACE_OUTER_BOUND ( 'NONE', #2741, .T. ) ;
#1287 = LINE ( 'NONE', #2191, #6009 ) ;
#1288 = EDGE_CURVE ( 'NONE', #252, #202, #4009, .T. ) ;
#1289 = COLOUR_RGB ( '',0.0000000000000000000, 0.3686274509803921800, 0.7215686274509803800 ) ;
#1290 = DIRECTION ( 'NONE',  ( -1.000000000000000000, 6.217248937900876600E-015, 0.0000000000000000000 ) ) ;
#1291 =( NAMED_UNIT ( * ) SI_UNIT ( $, .STERADIAN. ) SOLID_ANGLE_UNIT ( ) );
#1292 =( LENGTH_UNIT ( ) NAMED_UNIT ( * ) SI_UNIT ( .MILLI., .METRE. ) );
#1293 = ORIENTED_EDGE ( 'NONE', *, *, #4635, .F. ) ;
#1294 = ADVANCED_FACE ( 'NONE', ( #2751 ), #4270, .T. ) ;
#1295 = EDGE_CURVE ( 'NONE', #1777, #5242, #5883, .T. ) ;
#1296 =( NAMED_UNIT ( * ) SI_UNIT ( $, .STERADIAN. ) SOLID_ANGLE_UNIT ( ) );
#1297 =( NAMED_UNIT ( * ) PLANE_ANGLE_UNIT ( ) SI_UNIT ( $, .RADIAN. ) );
#1298 = PRESENTATION_LAYER_ASSIGNMENT (  '', '', ( #1634 ) ) ;
#1299 = VERTEX_POINT ( 'NONE', #4667 ) ;
#1300 = CARTESIAN_POINT ( 'NONE',  ( 7.500000000000000000, -3.100000000000000500, -1.456080807266360200E-018 ) ) ;
#1301 = CARTESIAN_POINT ( 'NONE',  ( 4.999999999999969800, 0.0000000000000000000, 6.000000000000000000 ) ) ;
#1302 = ORIENTED_EDGE ( 'NONE', *, *, #1677, .T. ) ;
#1303 = SURFACE_STYLE_FILL_AREA ( #2663 ) ;
#1304 =( NAMED_UNIT ( * ) PLANE_ANGLE_UNIT ( ) SI_UNIT ( $, .RADIAN. ) );
#1305 = EDGE_LOOP ( 'NONE', ( #5380, #474 ) ) ;
#1306 = COLOUR_RGB ( '',0.7921568627450980000, 0.8000000000000000400, 0.8078431372549019800 ) ;
#1307 = FILL_AREA_STYLE_COLOUR ( '', #932 ) ;
#1308 = MECHANICAL_DESIGN_GEOMETRIC_PRESENTATION_REPRESENTATION (  '', ( #611 ), #1642 ) ;
#1309 = COLOUR_RGB ( '',0.7921568627450980000, 0.8000000000000000400, 0.8078431372549019800 ) ;
#1310 = AXIS2_PLACEMENT_3D ( 'NONE', #5860, #3071, #120 ) ;
#1311 = CARTESIAN_POINT ( 'NONE',  ( -1.161836011792080000E-018, 0.3999999999985610100, 5.799999999999999800 ) ) ;
#1312 = ORIENTED_EDGE ( 'NONE', *, *, #4778, .T. ) ;
#1313 = CARTESIAN_POINT ( 'NONE',  ( -1.950000000000000000, 1.451517244269860100, 0.0000000000000000000 ) ) ;
#1314 = SURFACE_SIDE_STYLE ('',( #5702 ) ) ;
#1315 = UNCERTAINTY_MEASURE_WITH_UNIT (LENGTH_MEASURE( 1.000000000000000100E-005 ), #3731, 'distance_accuracy_value', 'NONE');
#1316 = DIRECTION ( 'NONE',  ( -0.0000000000000000000, -0.0000000000000000000, -1.000000000000000000 ) ) ;
#1317 = PRESENTATION_LAYER_ASSIGNMENT (  '', '', ( #957 ) ) ;
#1318 =( LENGTH_UNIT ( ) NAMED_UNIT ( * ) SI_UNIT ( .MILLI., .METRE. ) );
#1319 = ORIENTED_EDGE ( 'NONE', *, *, #650, .F. ) ;
#1320 = CIRCLE ( 'NONE', #510, 0.1000000000000000500 ) ;
#1321 =( LENGTH_UNIT ( ) NAMED_UNIT ( * ) SI_UNIT ( .MILLI., .METRE. ) );
#1322 = SURFACE_STYLE_FILL_AREA ( #3126 ) ;
#1323 = ORIENTED_EDGE ( 'NONE', *, *, #3914, .F. ) ;
#1324 = ORIENTED_EDGE ( 'NONE', *, *, #4664, .F. ) ;
#1325 = AXIS2_PLACEMENT_3D ( 'NONE', #1300, #4655, #1803 ) ;
#1326 = ADVANCED_FACE ( 'NONE', ( #3570 ), #4638, .T. ) ;
#1327 =( LENGTH_UNIT ( ) NAMED_UNIT ( * ) SI_UNIT ( .MILLI., .METRE. ) );
#1328 = LINE ( 'NONE', #4209, #4982 ) ;
#1329 = EDGE_CURVE ( 'NONE', #1922, #1653, #2970, .T. ) ;
#1330 = DIRECTION ( 'NONE',  ( 1.000000000000000000, 0.0000000000000000000, 2.323287528027560000E-019 ) ) ;
#1331 = SURFACE_STYLE_FILL_AREA ( #3928 ) ;
#1332 = CARTESIAN_POINT ( 'NONE',  ( 3.175000000141479100, 2.234980408270620800E-016, 6.092571664871940100 ) ) ;
#1333 = FACE_OUTER_BOUND ( 'NONE', #1207, .T. ) ;
#1334 = DIRECTION ( 'NONE',  ( 2.323287528027560000E-019, 0.0000000000000000000, -1.000000000000000000 ) ) ;
#1335 = CARTESIAN_POINT ( 'NONE',  ( 0.9999999999999993300, 1.537966248514479800, -2.391728288670819300 ) ) ;
#1336 = DIRECTION ( 'NONE',  ( 0.0000000000000000000, -6.643039201861150300E-030, -1.000000000000000000 ) ) ;
#1337 = CARTESIAN_POINT ( 'NONE',  ( -3.263448539181368300E-014, -1.824999999943638600, 6.092571664871940100 ) ) ;
#1338 = PRESENTATION_LAYER_ASSIGNMENT (  '', '', ( #641 ) ) ;
#1339 = DIRECTION ( 'NONE',  ( -5.286776307738839800E-017, -0.0000000000000000000, -1.000000000000000000 ) ) ;
#1340 =( NAMED_UNIT ( * ) SI_UNIT ( $, .STERADIAN. ) SOLID_ANGLE_UNIT ( ) );
#1341 = LINE ( 'NONE', #3609, #4992 ) ;
#1342 = VERTEX_POINT ( 'NONE', #4939 ) ;
#1343 =( LENGTH_UNIT ( ) NAMED_UNIT ( * ) SI_UNIT ( .MILLI., .METRE. ) );
#1344 = ORIENTED_EDGE ( 'NONE', *, *, #1463, .T. ) ;
#1345 =( LENGTH_UNIT ( ) NAMED_UNIT ( * ) SI_UNIT ( .MILLI., .METRE. ) );
#1346 = FILL_AREA_STYLE_COLOUR ( '', #4086 ) ;
#1347 = PLANE ( 'NONE',  #3418 ) ;
#1348 = EDGE_CURVE ( 'NONE', #1299, #495, #355, .T. ) ;
#1349 = MECHANICAL_DESIGN_GEOMETRIC_PRESENTATION_REPRESENTATION (  '', ( #324 ), #1678 ) ;
#1350 = LINE ( 'NONE', #1492, #5779 ) ;
#1351 = DIRECTION ( 'NONE',  ( 1.000000000000000000, 0.0000000000000000000, 0.0000000000000000000 ) ) ;
#1352 = SURFACE_SIDE_STYLE ('',( #5417 ) ) ;
#1353 = PLANE ( 'NONE',  #2396 ) ;
#1354 = CARTESIAN_POINT ( 'NONE',  ( 7.500000000000000000, -3.100000000000000500, 7.000000000000000000 ) ) ;
#1355 = CARTESIAN_POINT ( 'NONE',  ( 1.499999999999730000, 2.700000000000000200, 5.799999999999999800 ) ) ;
#1356 = AXIS2_PLACEMENT_3D ( 'NONE', #3284, #3241, #3192 ) ;
#1357 = FILL_AREA_STYLE ('',( #795 ) ) ;
#1358 =( NAMED_UNIT ( * ) PLANE_ANGLE_UNIT ( ) SI_UNIT ( $, .RADIAN. ) );
#1359 = ORIENTED_EDGE ( 'NONE', *, *, #2283, .F. ) ;
#1360 = DIRECTION ( 'NONE',  ( -5.286776307738839800E-017, -0.0000000000000000000, -1.000000000000000000 ) ) ;
#1361 = UNCERTAINTY_MEASURE_WITH_UNIT (LENGTH_MEASURE( 1.000000000000000100E-005 ), #5636, 'distance_accuracy_value', 'NONE');
#1362 = VECTOR ( 'NONE', #212, 1000.000000000000000 ) ;
#1363 = ADVANCED_FACE ( 'NONE', ( #4236 ), #2410, .F. ) ;
#1364 = ORIENTED_EDGE ( 'NONE', *, *, #194, .T. ) ;
#1365 =( NAMED_UNIT ( * ) PLANE_ANGLE_UNIT ( ) SI_UNIT ( $, .RADIAN. ) );
#1366 = AXIS2_PLACEMENT_3D ( 'NONE', #5993, #3220, #272 ) ;
#1367 = FILL_AREA_STYLE_COLOUR ( '', #6069 ) ;
#1368 = CARTESIAN_POINT ( 'NONE',  ( 0.7999999999999960500, -6.135613608468500800E-017, -3.926515615215109800E-016 ) ) ;
#1369 = FILL_AREA_STYLE_COLOUR ( '', #3588 ) ;
#1370 = PRESENTATION_STYLE_ASSIGNMENT (( #2990 ) ) ;
#1371 = EDGE_CURVE ( 'NONE', #5508, #4637, #4897, .T. ) ;
#1372 = ORIENTED_EDGE ( 'NONE', *, *, #5654, .F. ) ;
#1373 = ORIENTED_EDGE ( 'NONE', *, *, #2004, .T. ) ;
#1374 = DIRECTION ( 'NONE',  ( 0.0000000000000000000, -0.0000000000000000000, 1.000000000000000000 ) ) ;
#1375 = FILL_AREA_STYLE_COLOUR ( '', #2485 ) ;
#1376 = FILL_AREA_STYLE_COLOUR ( '', #3775 ) ;
#1377 =( GEOMETRIC_REPRESENTATION_CONTEXT ( 3 ) GLOBAL_UNCERTAINTY_ASSIGNED_CONTEXT ( ( #2942 ) ) GLOBAL_UNIT_ASSIGNED_CONTEXT ( ( #5858, #3068, #115 ) ) REPRESENTATION_CONTEXT ( 'NONE', 'WORKASPACE' ) );
#1378 = ORIENTED_EDGE ( 'NONE', *, *, #2036, .F. ) ;
#1379 = EDGE_CURVE ( 'NONE', #1538, #3248, #6103, .T. ) ;
#1380 = SURFACE_STYLE_FILL_AREA ( #3423 ) ;
#1381 = CARTESIAN_POINT ( 'NONE',  ( -1.045671635390699900E-018, 0.0000000000000000000, 5.299999999999999800 ) ) ;
#1382 = LINE ( 'NONE', #5388, #2515 ) ;
#1383 = CARTESIAN_POINT ( 'NONE',  ( -1.754992877478751500, 0.3999999999985610100, 5.299999999999999800 ) ) ;
#1384 =( NAMED_UNIT ( * ) PLANE_ANGLE_UNIT ( ) SI_UNIT ( $, .RADIAN. ) );
#1385 = ORIENTED_EDGE ( 'NONE', *, *, #5606, .F. ) ;
#1386 = EDGE_CURVE ( 'NONE', #1981, #6162, #1226, .T. ) ;
#1387 = DIRECTION ( 'NONE',  ( -1.000000000000000000, 8.881784197001252300E-016, 0.0000000000000000000 ) ) ;
#1388 = PRESENTATION_STYLE_ASSIGNMENT (( #273 ) ) ;
#1389 = DIRECTION ( 'NONE',  ( 1.000000000000000000, 0.0000000000000000000, 0.0000000000000000000 ) ) ;
#1390 = AXIS2_PLACEMENT_3D ( 'NONE', #1381, #3285, #880 ) ;
#1391 = ORIENTED_EDGE ( 'NONE', *, *, #5056, .T. ) ;
#1392 = ORIENTED_EDGE ( 'NONE', *, *, #6107, .F. ) ;
#1393 = DIRECTION ( 'NONE',  ( -5.286776307738839800E-017, -0.0000000000000000000, -1.000000000000000000 ) ) ;
#1394 = ORIENTED_EDGE ( 'NONE', *, *, #2512, .F. ) ;
#1395 = LINE ( 'NONE', #5824, #5049 ) ;
#1396 = PLANE ( 'NONE',  #5030 ) ;
#1397 = ADVANCED_FACE ( 'NONE', ( #5957 ), #2752, .T. ) ;
#1398 = DIRECTION ( 'NONE',  ( -1.000000000000000000, 0.0000000000000000000, 0.0000000000000000000 ) ) ;
#1399 = VECTOR ( 'NONE', #3986, 1000.000000000000000 ) ;
#1400 = PRESENTATION_LAYER_ASSIGNMENT (  '', '', ( #376 ) ) ;
#1401 = PRESENTATION_LAYER_ASSIGNMENT (  '', '', ( #1036 ) ) ;
#1402 = SURFACE_STYLE_FILL_AREA ( #1954 ) ;
#1403 = VERTEX_POINT ( 'NONE', #2429 ) ;
#1404 = PRESENTATION_STYLE_ASSIGNMENT (( #2639 ) ) ;
#1405 = CARTESIAN_POINT ( 'NONE',  ( -1.754992877478750000, -0.3999999999985610100, 4.799999999999999800 ) ) ;
#1406 = ORIENTED_EDGE ( 'NONE', *, *, #2527, .F. ) ;
#1407 = CARTESIAN_POINT ( 'NONE',  ( 0.0000000000000000000, 0.0000000000000000000, 0.0000000000000000000 ) ) ;
#1408 = PLANE ( 'NONE',  #4345 ) ;
#1409 =( GEOMETRIC_REPRESENTATION_CONTEXT ( 3 ) GLOBAL_UNCERTAINTY_ASSIGNED_CONTEXT ( ( #3924 ) ) GLOBAL_UNIT_ASSIGNED_CONTEXT ( ( #1501, #1519, #1529 ) ) REPRESENTATION_CONTEXT ( 'NONE', 'WORKASPACE' ) );
#1410 = CARTESIAN_POINT ( 'NONE',  ( 5.000000000000000000, 0.0000000000000000000, 0.8000000000000000400 ) ) ;
#1411 = VECTOR ( 'NONE', #4475, 1000.000000000000000 ) ;
#1412 = ORIENTED_EDGE ( 'NONE', *, *, #2669, .F. ) ;
#1413 = CARTESIAN_POINT ( 'NONE',  ( 0.9708072872920674400, 0.2719788618129542800, 3.128992233751438900 ) ) ;
#1414 = DIRECTION ( 'NONE',  ( -0.0000000000000000000, -0.0000000000000000000, 1.000000000000000000 ) ) ;
#1415 =( NAMED_UNIT ( * ) PLANE_ANGLE_UNIT ( ) SI_UNIT ( $, .RADIAN. ) );
#1416 = VECTOR ( 'NONE', #4564, 1000.000000000000000 ) ;
#1417 =( GEOMETRIC_REPRESENTATION_CONTEXT ( 3 ) GLOBAL_UNCERTAINTY_ASSIGNED_CONTEXT ( ( #738 ) ) GLOBAL_UNIT_ASSIGNED_CONTEXT ( ( #1085, #4462, #1596 ) ) REPRESENTATION_CONTEXT ( 'NONE', 'WORKASPACE' ) );
#1418 = CARTESIAN_POINT ( 'NONE',  ( -0.5500000000000007100, -3.100000000000000500, -1.456080807266352900E-018 ) ) ;
#1419 = MECHANICAL_DESIGN_GEOMETRIC_PRESENTATION_REPRESENTATION (  '', ( #721 ), #1747 ) ;
#1420 =( NAMED_UNIT ( * ) PLANE_ANGLE_UNIT ( ) SI_UNIT ( $, .RADIAN. ) );
#1421 = EDGE_CURVE ( 'NONE', #3378, #2152, #5527, .T. ) ;
#1422 = COLOUR_RGB ( '',0.0000000000000000000, 0.3686274509803921800, 0.7215686274509803800 ) ;
#1423 = CARTESIAN_POINT ( 'NONE',  ( -2.500000000000000400, 4.500000000000000900, -1.092060605487629800E-018 ) ) ;
#1424 = VECTOR ( 'NONE', #720, 1000.000000000000000 ) ;
#1425 = LINE ( 'NONE', #5671, #2701 ) ;
#1426 = EDGE_CURVE ( 'NONE', #4081, #131, #4305, .T. ) ;
#1427 = DIRECTION ( 'NONE',  ( -1.000000000000000000, 0.0000000000000000000, 0.0000000000000000000 ) ) ;
#1428 = FILL_AREA_STYLE ('',( #3817 ) ) ;
#1429 = VERTEX_POINT ( 'NONE', #842 ) ;
#1430 = ORIENTED_EDGE ( 'NONE', *, *, #3604, .F. ) ;
#1431 = AXIS2_PLACEMENT_3D ( 'NONE', #2143, #2167, #5023 ) ;
#1432 = ADVANCED_FACE ( 'NONE', ( #431 ), #984, .F. ) ;
#1433 = CARTESIAN_POINT ( 'NONE',  ( -4.665799833335414900E-020, 0.0000000000000000000, 0.9999999999763531400 ) ) ;
#1434 =( NAMED_UNIT ( * ) SI_UNIT ( $, .STERADIAN. ) SOLID_ANGLE_UNIT ( ) );
#1435 = FILL_AREA_STYLE ('',( #1869 ) ) ;
#1436 = MECHANICAL_DESIGN_GEOMETRIC_PRESENTATION_REPRESENTATION (  '', ( #744 ), #1768 ) ;
#1437 = PRESENTATION_LAYER_ASSIGNMENT (  '', '', ( #745 ) ) ;
#1438 = VECTOR ( 'NONE', #5108, 1000.000000000000000 ) ;
#1439 = DIRECTION ( 'NONE',  ( -1.000000000000000000, 0.0000000000000000000, -0.0000000000000000000 ) ) ;
#1440 = EDGE_LOOP ( 'NONE', ( #4376, #1293, #1555, #5828 ) ) ;
#1441 = FILL_AREA_STYLE ('',( #1376 ) ) ;
#1442 = UNCERTAINTY_MEASURE_WITH_UNIT (LENGTH_MEASURE( 1.000000000000000100E-005 ), #2246, 'distance_accuracy_value', 'NONE');
#1443 = VECTOR ( 'NONE', #2229, 1000.000000000000000 ) ;
#1444 =( GEOMETRIC_REPRESENTATION_CONTEXT ( 3 ) GLOBAL_UNCERTAINTY_ASSIGNED_CONTEXT ( ( #4386 ) ) GLOBAL_UNIT_ASSIGNED_CONTEXT ( ( #1318, #1448, #2609 ) ) REPRESENTATION_CONTEXT ( 'NONE', 'WORKASPACE' ) );
#1445 = EDGE_LOOP ( 'NONE', ( #2108, #5696, #2001, #5113 ) ) ;
#1446 = DIRECTION ( 'NONE',  ( 1.000000000000000000, 0.0000000000000000000, 0.0000000000000000000 ) ) ;
#1447 = SURFACE_SIDE_STYLE ('',( #3890 ) ) ;
#1448 =( NAMED_UNIT ( * ) PLANE_ANGLE_UNIT ( ) SI_UNIT ( $, .RADIAN. ) );
#1449 =( GEOMETRIC_REPRESENTATION_CONTEXT ( 3 ) GLOBAL_UNCERTAINTY_ASSIGNED_CONTEXT ( ( #1724 ) ) GLOBAL_UNIT_ASSIGNED_CONTEXT ( ( #690, #4089, #1203 ) ) REPRESENTATION_CONTEXT ( 'NONE', 'WORKASPACE' ) );
#1450 = ORIENTED_EDGE ( 'NONE', *, *, #675, .F. ) ;
#1451 = CARTESIAN_POINT ( 'NONE',  ( 0.1000000000000000100, 1.224646799147353300E-017, -4.700000000000000200 ) ) ;
#1452 = CARTESIAN_POINT ( 'NONE',  ( 1.950000000000000000, 1.451517244269860300, 0.0000000000000000000 ) ) ;
#1453 = SURFACE_STYLE_FILL_AREA ( #41 ) ;
#1454 = EDGE_CURVE ( 'NONE', #1068, #4857, #6158, .T. ) ;
#1455 = ORIENTED_EDGE ( 'NONE', *, *, #3395, .T. ) ;
#1456 = ADVANCED_FACE ( 'NONE', ( #4962 ), #1993, .F. ) ;
#1457 = FILL_AREA_STYLE_COLOUR ( '', #2076 ) ;
#1458 = ORIENTED_EDGE ( 'NONE', *, *, #442, .T. ) ;
#1459 = SURFACE_SIDE_STYLE ('',( #1206 ) ) ;
#1460 = ORIENTED_EDGE ( 'NONE', *, *, #2916, .F. ) ;
#1461 = CARTESIAN_POINT ( 'NONE',  ( -2.000000000000000000, -2.000000000000000000, 0.0000000000000000000 ) ) ;
#1462 =( GEOMETRIC_REPRESENTATION_CONTEXT ( 3 ) GLOBAL_UNCERTAINTY_ASSIGNED_CONTEXT ( ( #1361 ) ) GLOBAL_UNIT_ASSIGNED_CONTEXT ( ( #5636, #2839, #6095 ) ) REPRESENTATION_CONTEXT ( 'NONE', 'WORKASPACE' ) );
#1463 = EDGE_CURVE ( 'NONE', #2666, #6157, #4529, .T. ) ;
#1464 = ORIENTED_EDGE ( 'NONE', *, *, #5536, .T. ) ;
#1465 = LINE ( 'NONE', #1153, #2747 ) ;
#1467 = FACE_OUTER_BOUND ( 'NONE', #4238, .T. ) ;
#1466 = CARTESIAN_POINT ( 'NONE',  ( 1.000000000000000000, -2.550000000000000300, -0.1000000000000000300 ) ) ;
#1468 = CARTESIAN_POINT ( 'NONE',  ( -1.255262969126040300E-016, 2.000000000000000000, 2.049999999999999800 ) ) ;
#1469 = SURFACE_SIDE_STYLE ('',( #3447 ) ) ;
#1470 = ORIENTED_EDGE ( 'NONE', *, *, #3359, .F. ) ;
#1471 = CYLINDRICAL_SURFACE ( 'NONE', #2854, 0.8999999999999960300 ) ;
#1472 = CARTESIAN_POINT ( 'NONE',  ( 1.824999999999967500, 2.234980408443919700E-016, 10.00000000000000000 ) ) ;
#1473 = DIRECTION ( 'NONE',  ( -1.000000000000000000, 0.0000000000000000000, 0.0000000000000000000 ) ) ;
#1474 = PRESENTATION_STYLE_ASSIGNMENT (( #2707 ) ) ;
#1475 = DIRECTION ( 'NONE',  ( 0.0000000000000000000, 0.0000000000000000000, 1.000000000000000000 ) ) ;
#1476 = UNCERTAINTY_MEASURE_WITH_UNIT (LENGTH_MEASURE( 1.000000000000000100E-005 ), #3010, 'distance_accuracy_value', 'NONE');
#1477 = VECTOR ( 'NONE', #5050, 1000.000000000000000 ) ;
#1478 = STYLED_ITEM ( 'NONE', ( #2683 ), #885 ) ;
#1479 = SURFACE_STYLE_USAGE ( .BOTH. , #1459 ) ;
#1480 = ORIENTED_EDGE ( 'NONE', *, *, #1012, .F. ) ;
#1481 = PRESENTATION_STYLE_ASSIGNMENT (( #5465 ) ) ;
#1482 = FACE_OUTER_BOUND ( 'NONE', #4062, .T. ) ;
#1483 = DIRECTION ( 'NONE',  ( 0.0000000000000000000, 0.0000000000000000000, -1.000000000000000000 ) ) ;
#1484 = CIRCLE ( 'NONE', #4725, 4.000000000000000900 ) ;
#1485 = DIRECTION ( 'NONE',  ( 0.4999999999999998300, 0.8660254037844387100, -0.0000000000000000000 ) ) ;
#1486 =( GEOMETRIC_REPRESENTATION_CONTEXT ( 3 ) GLOBAL_UNCERTAINTY_ASSIGNED_CONTEXT ( ( #4775 ) ) GLOBAL_UNIT_ASSIGNED_CONTEXT ( ( #4038, #1147, #4523 ) ) REPRESENTATION_CONTEXT ( 'NONE', 'WORKASPACE' ) );
#1487 = ADVANCED_FACE ( 'NONE', ( #5739 ), #5183, .T. ) ;
#1488 = MECHANICAL_DESIGN_GEOMETRIC_PRESENTATION_REPRESENTATION (  '', ( #799 ), #1820 ) ;
#1489 = DIRECTION ( 'NONE',  ( 1.000000000000000000, 0.0000000000000000000, 0.0000000000000000000 ) ) ;
#1490 = VECTOR ( 'NONE', #2879, 1000.000000000000000 ) ;
#1491 = LINE ( 'NONE', #2328, #143 ) ;
#1492 = CARTESIAN_POINT ( 'NONE',  ( -2.500000000000000000, 0.0000000000000000000, -1.456080807316840000E-018 ) ) ;
#1493 = FILL_AREA_STYLE ('',( #5720 ) ) ;
#1494 = DIRECTION ( 'NONE',  ( -1.000000000000000000, 0.0000000000000000000, 0.0000000000000000000 ) ) ;
#1495 = ORIENTED_EDGE ( 'NONE', *, *, #269, .F. ) ;
#1496 = ORIENTED_EDGE ( 'NONE', *, *, #3545, .T. ) ;
#1497 = SURFACE_STYLE_USAGE ( .BOTH. , #4359 ) ;
#1498 = STYLED_ITEM ( 'NONE', ( #3279 ), #4092 ) ;
#1499 = EDGE_CURVE ( 'NONE', #2746, #2278, #1534, .T. ) ;
#1500 = VERTEX_POINT ( 'NONE', #1025 ) ;
#1501 =( LENGTH_UNIT ( ) NAMED_UNIT ( * ) SI_UNIT ( .MILLI., .METRE. ) );
#1502 = CYLINDRICAL_SURFACE ( 'NONE', #393, 1.450000000000000000 ) ;
#1503 = CARTESIAN_POINT ( 'NONE',  ( 6.299999999999969600, 1.592040838891559600E-016, 5.799999999999999800 ) ) ;
#1504 = EDGE_CURVE ( 'NONE', #3723, #1224, #3925, .T. ) ;
#1505 = FILL_AREA_STYLE_COLOUR ( '', #1802 ) ;
#1506 = VERTEX_POINT ( 'NONE', #1273 ) ;
#1507 =( LENGTH_UNIT ( ) NAMED_UNIT ( * ) SI_UNIT ( .MILLI., .METRE. ) );
#1508 = AXIS2_PLACEMENT_3D ( 'NONE', #1795, #5120, #2279 ) ;
#1509 = PRODUCT_DEFINITION_SHAPE ( 'NONE', 'NONE',  #6198 ) ;
#1510 = DIRECTION ( 'NONE',  ( -0.0000000000000000000, 0.0000000000000000000, 1.000000000000000000 ) ) ;
#1511 = UNCERTAINTY_MEASURE_WITH_UNIT (LENGTH_MEASURE( 1.000000000000000100E-005 ), #4182, 'distance_accuracy_value', 'NONE');
#1512 =( LENGTH_UNIT ( ) NAMED_UNIT ( * ) SI_UNIT ( .MILLI., .METRE. ) );
#1513 = STYLED_ITEM ( 'NONE', ( #6117 ), #424 ) ;
#1514 = AXIS2_PLACEMENT_3D ( 'NONE', #5938, #211, #5066 ) ;
#1515 = ORIENTED_EDGE ( 'NONE', *, *, #4375, .T. ) ;
#1516 = CARTESIAN_POINT ( 'NONE',  ( 1.499999999999730000, 3.700000000000000200, 0.8000000000000000400 ) ) ;
#1517 = UNCERTAINTY_MEASURE_WITH_UNIT (LENGTH_MEASURE( 1.000000000000000100E-005 ), #5241, 'distance_accuracy_value', 'NONE');
#1518 = CYLINDRICAL_SURFACE ( 'NONE', #5790, 0.5000000000000000000 ) ;
#1519 =( NAMED_UNIT ( * ) PLANE_ANGLE_UNIT ( ) SI_UNIT ( $, .RADIAN. ) );
#1520 = SURFACE_STYLE_FILL_AREA ( #2917 ) ;
#1521 = ORIENTED_EDGE ( 'NONE', *, *, #3200, .T. ) ;
#1522 = ORIENTED_EDGE ( 'NONE', *, *, #777, .T. ) ;
#1523 = STYLED_ITEM ( 'NONE', ( #422 ), #1726 ) ;
#1524 = CARTESIAN_POINT ( 'NONE',  ( 1.999999999999999600, -2.000000000000000000, 0.0000000000000000000 ) ) ;
#1525 = SURFACE_STYLE_FILL_AREA ( #4958 ) ;
#1526 = CARTESIAN_POINT ( 'NONE',  ( -1.950000000000000000, 1.451517244269860100, 0.0000000000000000000 ) ) ;
#1527 = EDGE_LOOP ( 'NONE', ( #5657, #5058 ) ) ;
#1528 = DIRECTION ( 'NONE',  ( 0.0000000000000000000, 0.0000000000000000000, 1.000000000000000000 ) ) ;
#1529 =( NAMED_UNIT ( * ) SI_UNIT ( $, .STERADIAN. ) SOLID_ANGLE_UNIT ( ) );
#1530 = VERTEX_POINT ( 'NONE', #2492 ) ;
#1531 = CARTESIAN_POINT ( 'NONE',  ( -1.371381178655499200, 0.3999999999985610600, 5.800000000000001600 ) ) ;
#1532 = DIRECTION ( 'NONE',  ( 0.0000000000000000000, -0.0000000000000000000, -1.000000000000000000 ) ) ;
#1533 =( GEOMETRIC_REPRESENTATION_CONTEXT ( 3 ) GLOBAL_UNCERTAINTY_ASSIGNED_CONTEXT ( ( #5216 ) ) GLOBAL_UNIT_ASSIGNED_CONTEXT ( ( #912, #4295, #1434 ) ) REPRESENTATION_CONTEXT ( 'NONE', 'WORKASPACE' ) );
#1534 = CIRCLE ( 'NONE', #4530, 1.825000000000000000 ) ;
#1535 = CARTESIAN_POINT ( 'NONE',  ( -3.100000000000000500, 3.899999999999999900, 6.700000000000000200 ) ) ;
#1536 = SURFACE_STYLE_USAGE ( .BOTH. , #4398 ) ;
#1537 = MECHANICAL_DESIGN_GEOMETRIC_PRESENTATION_REPRESENTATION (  '', ( #85 ), #1871 ) ;
#1538 = VERTEX_POINT ( 'NONE', #1152 ) ;
#1539 = CYLINDRICAL_SURFACE ( 'NONE', #3439, 1.825000000000000000 ) ;
#1540 = EDGE_CURVE ( 'NONE', #1157, #3679, #184, .T. ) ;
#1541 = EDGE_LOOP ( 'NONE', ( #5504, #741, #921, #954, #2377, #4740, #4917, #2066, #5802, #2468 ) ) ;
#1542 =( NAMED_UNIT ( * ) PLANE_ANGLE_UNIT ( ) SI_UNIT ( $, .RADIAN. ) );
#1543 = ORIENTED_EDGE ( 'NONE', *, *, #5181, .T. ) ;
#1544 = EDGE_CURVE ( 'NONE', #3040, #359, #2812, .T. ) ;
#1545 =( GEOMETRIC_REPRESENTATION_CONTEXT ( 3 ) GLOBAL_UNCERTAINTY_ASSIGNED_CONTEXT ( ( #4880 ) ) GLOBAL_UNIT_ASSIGNED_CONTEXT ( ( #583, #3988, #1099 ) ) REPRESENTATION_CONTEXT ( 'NONE', 'WORKASPACE' ) );
#1546 = LINE ( 'NONE', #4675, #2674 ) ;
#1547 = CARTESIAN_POINT ( 'NONE',  ( -4.665799833335414900E-020, 0.0000000000000000000, 0.9999999999763531400 ) ) ;
#1548 =( LENGTH_UNIT ( ) NAMED_UNIT ( * ) SI_UNIT ( .MILLI., .METRE. ) );
#1549 = CIRCLE ( 'NONE', #1214, 1.825000000000000200 ) ;
#1550 = VERTEX_POINT ( 'NONE', #2697 ) ;
#1551 = DIRECTION ( 'NONE',  ( -0.0000000000000000000, 0.0000000000000000000, -1.000000000000000000 ) ) ;
#1552 = CARTESIAN_POINT ( 'NONE',  ( 3.499999999999730000, 3.700000000000000200, 0.8000000000000000400 ) ) ;
#1553 =( NAMED_UNIT ( * ) SI_UNIT ( $, .STERADIAN. ) SOLID_ANGLE_UNIT ( ) );
#1554 = COLOUR_RGB ( '',0.0000000000000000000, 0.3686274509803921800, 0.7215686274509803800 ) ;
#1555 = ORIENTED_EDGE ( 'NONE', *, *, #4589, .F. ) ;
#1556 = EDGE_CURVE ( 'NONE', #1299, #3342, #1382, .T. ) ;
#1557 = AXIS2_PLACEMENT_3D ( 'NONE', #917, #4298, #1439 ) ;
#1558 = VECTOR ( 'NONE', #1265, 1000.000000000000000 ) ;
#1559 = UNCERTAINTY_MEASURE_WITH_UNIT (LENGTH_MEASURE( 1.000000000000000100E-005 ), #4070, 'distance_accuracy_value', 'NONE');
#1560 = CARTESIAN_POINT ( 'NONE',  ( 2.949999999999730200, 2.700000000000000200, 0.8000000000000000400 ) ) ;
#1561 = CARTESIAN_POINT ( 'NONE',  ( 0.0000000000000000000, 0.0000000000000000000, -4.700000000000000200 ) ) ;
#1562 = SURFACE_STYLE_USAGE ( .BOTH. , #893 ) ;
#1563 = CARTESIAN_POINT ( 'NONE',  ( 5.549999999999999800, 4.500000000000000900, -1.456080807316840000E-018 ) ) ;
#1564 = ORIENTED_EDGE ( 'NONE', *, *, #4420, .T. ) ;
#1565 = DIRECTION ( 'NONE',  ( 0.0000000000000000000, 0.0000000000000000000, 1.000000000000000000 ) ) ;
#1566 = MECHANICAL_DESIGN_GEOMETRIC_PRESENTATION_REPRESENTATION (  '', ( #877 ), #1899 ) ;
#1567 = CARTESIAN_POINT ( 'NONE',  ( -0.8585786437626864400, -2.102911175800499100E-016, -4.041557358178355900E-016 ) ) ;
#1568 = DIRECTION ( 'NONE',  ( -1.000000000000000000, 0.0000000000000000000, 0.0000000000000000000 ) ) ;
#1569 = CARTESIAN_POINT ( 'NONE',  ( -1.000000000000000700, 1.451242590906976900E-016, 3.099999999999999200 ) ) ;
#1570 = FILL_AREA_STYLE ('',( #771 ) ) ;
#1571 = DIRECTION ( 'NONE',  ( -5.286776307738839800E-017, -0.0000000000000000000, -1.000000000000000000 ) ) ;
#1572 = LINE ( 'NONE', #1405, #223 ) ;
#1573 = AXIS2_PLACEMENT_3D ( 'NONE', #967, #4352, #1489 ) ;
#1574 = DIRECTION ( 'NONE',  ( 0.0000000000000000000, 0.0000000000000000000, 1.000000000000000000 ) ) ;
#1575 = PRESENTATION_LAYER_ASSIGNMENT (  '', '', ( #889 ) ) ;
#1576 = SURFACE_STYLE_USAGE ( .BOTH. , #5098 ) ;
#1577 = EDGE_CURVE ( 'NONE', #1094, #1068, #5042, .T. ) ;
#1578 = FACE_OUTER_BOUND ( 'NONE', #5777, .T. ) ;
#1579 = DIRECTION ( 'NONE',  ( -1.000000000000000000, -0.0000000000000000000, 0.0000000000000000000 ) ) ;
#1580 = ITEM_DEFINED_TRANSFORMATION ( 'NONE', 'NONE', #5819,  #3766 ) ;
#1581 = DIRECTION ( 'NONE',  ( -0.8660254037844387100, -0.4999999999999998300, 0.0000000000000000000 ) ) ;
#1582 = AXIS2_PLACEMENT_3D ( 'NONE', #179, #2201, #1735 ) ;
#1583 = EDGE_CURVE ( 'NONE', #3805, #613, #1215, .T. ) ;
#1584 = FILL_AREA_STYLE_COLOUR ( '', #3407 ) ;
#1585 = DIRECTION ( 'NONE',  ( 1.000000000000000000, 0.0000000000000000000, 0.0000000000000000000 ) ) ;
#1586 = ORIENTED_EDGE ( 'NONE', *, *, #1022, .F. ) ;
#1587 = DIRECTION ( 'NONE',  ( -0.0000000000000000000, -0.0000000000000000000, 1.000000000000000000 ) ) ;
#1588 = AXIS2_PLACEMENT_3D ( 'NONE', #2518, #5785, #2994 ) ;
#1589 = CARTESIAN_POINT ( 'NONE',  ( 5.204748896376218700E-017, -2.000000000000000000, 0.5999999999999998700 ) ) ;
#1590 =( NAMED_UNIT ( * ) PLANE_ANGLE_UNIT ( ) SI_UNIT ( $, .RADIAN. ) );
#1591 = FACE_OUTER_BOUND ( 'NONE', #1445, .T. ) ;
#1592 = LINE ( 'NONE', #5500, #1443 ) ;
#1593 = SURFACE_SIDE_STYLE ('',( #1247 ) ) ;
#1594 = LINE ( 'NONE', #3768, #5793 ) ;
#1595 = CARTESIAN_POINT ( 'NONE',  ( 7.500000000000000000, 2.399377385709330100, 10.00000000000000000 ) ) ;
#1596 =( NAMED_UNIT ( * ) SI_UNIT ( $, .STERADIAN. ) SOLID_ANGLE_UNIT ( ) );
#1597 =( LENGTH_UNIT ( ) NAMED_UNIT ( * ) SI_UNIT ( .MILLI., .METRE. ) );
#1598 = PRESENTATION_LAYER_ASSIGNMENT (  '', '', ( #919 ) ) ;
#1599 = PRODUCT_DEFINITION ( 'UNKNOWN', '', #4484, #785 ) ;
#1600 = SURFACE_STYLE_USAGE ( .BOTH. , #2790 ) ;
#1601 = SURFACE_STYLE_USAGE ( .BOTH. , #4469 ) ;
#1602 = ORIENTED_EDGE ( 'NONE', *, *, #471, .F. ) ;
#1603 = VECTOR ( 'NONE', #4427, 1000.000000000000000 ) ;
#1604 = COLOUR_RGB ( '',0.7921568627450980000, 0.8000000000000000400, 0.8078431372549019800 ) ;
#1605 = LINE ( 'NONE', #500, #264 ) ;
#1606 = STYLED_ITEM ( 'NONE', ( #1370 ), #1942 ) ;
#1607 = ORIENTED_EDGE ( 'NONE', *, *, #1255, .T. ) ;
#1608 = DIRECTION ( 'NONE',  ( -1.000000000000000000, 0.0000000000000000000, -0.0000000000000000000 ) ) ;
#1609 = FILL_AREA_STYLE_COLOUR ( '', #4687 ) ;
#1611 = FACE_OUTER_BOUND ( 'NONE', #2995, .T. ) ;
#1610 = DIRECTION ( 'NONE',  ( 2.323287528027560000E-019, 0.0000000000000000000, -1.000000000000000000 ) ) ;
#1612 = DIRECTION ( 'NONE',  ( 0.0000000000000000000, 0.0000000000000000000, 1.000000000000000000 ) ) ;
#1613 = COLOUR_RGB ( '',0.0000000000000000000, 0.3686274509803921800, 0.7215686274509803800 ) ;
#1614 = EDGE_LOOP ( 'NONE', ( #5688, #4284, #928, #373, #1937, #4567 ) ) ;
#1615 = CARTESIAN_POINT ( 'NONE',  ( 0.7999999999999960500, 9.797174393178776800E-017, 0.09999999999999961700 ) ) ;
#1616 = ORIENTED_EDGE ( 'NONE', *, *, #516, .T. ) ;
#1617 = CARTESIAN_POINT ( 'NONE',  ( 0.9999999999999978900, 0.0000000000000000000, -0.4000000000000004700 ) ) ;
#1618 = LINE ( 'NONE', #4318, #278 ) ;
#1619 = CARTESIAN_POINT ( 'NONE',  ( -1.000000000000000000, 0.0000000000000000000, 0.0000000000000000000 ) ) ;
#1620 = DIRECTION ( 'NONE',  ( 2.323287528027560000E-019, 0.0000000000000000000, -1.000000000000000000 ) ) ;
#1621 = PLANE ( 'NONE',  #4268 ) ;
#1622 = ORIENTED_EDGE ( 'NONE', *, *, #2989, .T. ) ;
#1623 = AXIS2_PLACEMENT_3D ( 'NONE', #4278, #1414, #4761 ) ;
#1624 = PLANE ( 'NONE',  #5513 ) ;
#1625 = EDGE_CURVE ( 'NONE', #155, #3723, #4072, .T. ) ;
#1626 = SURFACE_STYLE_FILL_AREA ( #2947 ) ;
#1627 = SURFACE_STYLE_FILL_AREA ( #2242 ) ;
#1628 = CARTESIAN_POINT ( 'NONE',  ( -1.279730618198138000E-019, 0.0000000000000000000, 1.350000000000000100 ) ) ;
#1629 = COLOUR_RGB ( '',0.0000000000000000000, 0.3686274509803921800, 0.7215686274509803800 ) ;
#1630 = EDGE_CURVE ( 'NONE', #1717, #3353, #6096, .T. ) ;
#1631 = CARTESIAN_POINT ( 'NONE',  ( 0.5499999999999997100, 0.0000000000000000000, 0.0000000000000000000 ) ) ;
#1632 = PRESENTATION_STYLE_ASSIGNMENT (( #4197 ) ) ;
#1633 = ORIENTED_EDGE ( 'NONE', *, *, #4269, .F. ) ;
#1634 = STYLED_ITEM ( 'NONE', ( #4859 ), #5094 ) ;
#1635 = FILL_AREA_STYLE ('',( #1584 ) ) ;
#1636 = FILL_AREA_STYLE_COLOUR ( '', #1948 ) ;
#1637 = DIRECTION ( 'NONE',  ( -1.000000000000000000, 0.0000000000000000000, 0.0000000000000000000 ) ) ;
#1638 = ORIENTED_EDGE ( 'NONE', *, *, #4717, .F. ) ;
#1639 = UNCERTAINTY_MEASURE_WITH_UNIT (LENGTH_MEASURE( 1.000000000000000100E-005 ), #2220, 'distance_accuracy_value', 'NONE');
#1640 = PLANE ( 'NONE',  #4742 ) ;
#1641 = LINE ( 'NONE', #1672, #4025 ) ;
#1642 =( GEOMETRIC_REPRESENTATION_CONTEXT ( 3 ) GLOBAL_UNCERTAINTY_ASSIGNED_CONTEXT ( ( #3370 ) ) GLOBAL_UNIT_ASSIGNED_CONTEXT ( ( #4104, #4791, #2717 ) ) REPRESENTATION_CONTEXT ( 'NONE', 'WORKASPACE' ) );
#1643 = STYLED_ITEM ( 'NONE', ( #5530 ), #6086 ) ;
#1644 = DIRECTION ( 'NONE',  ( 0.0000000000000000000, 0.9961946980917453200, 0.08715574274766115000 ) ) ;
#1645 = DIRECTION ( 'NONE',  ( 1.000000000000000000, 0.0000000000000000000, 2.323287528027560000E-019 ) ) ;
#1646 = FILL_AREA_STYLE_COLOUR ( '', #4819 ) ;
#1647 = DIRECTION ( 'NONE',  ( 0.0000000000000000000, 0.0000000000000000000, 1.000000000000000000 ) ) ;
#1648 = SURFACE_STYLE_USAGE ( .BOTH. , #4505 ) ;
#1649 = MECHANICAL_DESIGN_GEOMETRIC_PRESENTATION_REPRESENTATION (  '', ( #957 ), #1975 ) ;
#1650 = ORIENTED_EDGE ( 'NONE', *, *, #471, .T. ) ;
#1651 = FILL_AREA_STYLE_COLOUR ( '', #2767 ) ;
#1652 = ORIENTED_EDGE ( 'NONE', *, *, #1, .T. ) ;
#1653 = VERTEX_POINT ( 'NONE', #2842 ) ;
#1654 = CARTESIAN_POINT ( 'NONE',  ( -1.246555811733209600, 2.810997007344147500, 5.299999999999999800 ) ) ;
#1655 = DIRECTION ( 'NONE',  ( 0.0000000000000000000, -0.0000000000000000000, -1.000000000000000000 ) ) ;
#1656 = FILL_AREA_STYLE_COLOUR ( '', #5515 ) ;
#1657 = PRESENTATION_LAYER_ASSIGNMENT (  '', '', ( #970 ) ) ;
#1658 =( LENGTH_UNIT ( ) NAMED_UNIT ( * ) SI_UNIT ( .MILLI., .METRE. ) );
#1659 = ORIENTED_EDGE ( 'NONE', *, *, #2982, .T. ) ;
#1660 = EDGE_CURVE ( 'NONE', #2876, #5467, #4751, .T. ) ;
#1661 = DIRECTION ( 'NONE',  ( 0.9659258262890697600, -0.2588190451025153000, 1.719510869244700700E-030 ) ) ;
#1662 = COLOUR_RGB ( '',0.7921568627450980000, 0.8000000000000000400, 0.8078431372549019800 ) ;
#1663 = DIRECTION ( 'NONE',  ( 0.0000000000000000000, 1.000000000000000000, -0.0000000000000000000 ) ) ;
#1664 = DIRECTION ( 'NONE',  ( -0.0000000000000000000, 1.000000000000000000, 0.0000000000000000000 ) ) ;
#1665 = ORIENTED_EDGE ( 'NONE', *, *, #2197, .T. ) ;
#1666 = VERTEX_POINT ( 'NONE', #5451 ) ;
#1667 = DIRECTION ( 'NONE',  ( 0.0000000000000000000, 1.000000000000000000, 0.0000000000000000000 ) ) ;
#1668 = MECHANICAL_DESIGN_GEOMETRIC_PRESENTATION_REPRESENTATION (  '', ( #641 ), #1994 ) ;
#1669 = PRESENTATION_STYLE_ASSIGNMENT (( #300 ) ) ;
#1670 = CARTESIAN_POINT ( 'NONE',  ( 7.500000000000000000, 3.739230484541379100, 6.700000000000000200 ) ) ;
#1671 = ORIENTED_EDGE ( 'NONE', *, *, #3472, .T. ) ;
#1672 = CARTESIAN_POINT ( 'NONE',  ( 1.000000000000000000, 0.0000000000000000000, 0.0000000000000000000 ) ) ;
#1673 = ADVANCED_BREP_SHAPE_REPRESENTATION ( '', ( #2712, #3766 ), #5325 ) ;
#1674 = CARTESIAN_POINT ( 'NONE',  ( 0.0000000000000000000, 0.0000000000000000000, 0.0000000000000000000 ) ) ;
#1675 = CARTESIAN_POINT ( 'NONE',  ( 0.9002903084740155900, 2.030164505304086700, 5.799999999999999800 ) ) ;
#1676 = DIRECTION ( 'NONE',  ( 0.0000000000000000000, -0.0000000000000000000, 1.000000000000000000 ) ) ;
#1677 = EDGE_CURVE ( 'NONE', #1403, #5604, #5949, .T. ) ;
#1678 =( GEOMETRIC_REPRESENTATION_CONTEXT ( 3 ) GLOBAL_UNCERTAINTY_ASSIGNED_CONTEXT ( ( #3059 ) ) GLOBAL_UNIT_ASSIGNED_CONTEXT ( ( #4178, #1304, #4662 ) ) REPRESENTATION_CONTEXT ( 'NONE', 'WORKASPACE' ) );
#1679 = ORIENTED_EDGE ( 'NONE', *, *, #5731, .T. ) ;
#1680 = CARTESIAN_POINT ( 'NONE',  ( -1.000000000000000000, -2.000000000000000000, 0.0000000000000000000 ) ) ;
#1681 = ORIENTED_EDGE ( 'NONE', *, *, #1831, .F. ) ;
#1682 = CARTESIAN_POINT ( 'NONE',  ( -2.500000000000001300, 2.399377385709330600, 10.00000000000000000 ) ) ;
#1683 = DIRECTION ( 'NONE',  ( -0.0000000000000000000, -1.000000000000000000, 0.0000000000000000000 ) ) ;
#1684 = CARTESIAN_POINT ( 'NONE',  ( 1.000000000000000000, 0.6912459284779619600, -2.450527367677671100 ) ) ;
#1685 = COLOUR_RGB ( '',0.0000000000000000000, 0.3686274509803921800, 0.7215686274509803800 ) ;
#1686 = SURFACE_STYLE_USAGE ( .BOTH. , #4546 ) ;
#1687 = SURFACE_STYLE_USAGE ( .BOTH. , #4547 ) ;
#1688 =( LENGTH_UNIT ( ) NAMED_UNIT ( * ) SI_UNIT ( .MILLI., .METRE. ) );
#1689 = ORIENTED_EDGE ( 'NONE', *, *, #3025, .T. ) ;
#1690 = FILL_AREA_STYLE ('',( #2599 ) ) ;
#1691 = ADVANCED_FACE ( 'NONE', ( #5806 ), #3711, .F. ) ;
#1692 = AXIS2_PLACEMENT_3D ( 'NONE', #5894, #2975, #2993 ) ;
#1693 = PRESENTATION_STYLE_ASSIGNMENT (( #1687 ) ) ;
#1694 = ORIENTED_EDGE ( 'NONE', *, *, #1386, .F. ) ;
#1695 = CARTESIAN_POINT ( 'NONE',  ( -1.246555811733255100, -2.810997007344125300, 5.299999999999998900 ) ) ;
#1696 = ORIENTED_EDGE ( 'NONE', *, *, #4711, .F. ) ;
#1697 = DIRECTION ( 'NONE',  ( 5.286776307738839800E-017, 0.0000000000000000000, 1.000000000000000000 ) ) ;
#1698 = AXIS2_PLACEMENT_3D ( 'NONE', #3193, #244, #3670 ) ;
#1699 = ORIENTED_EDGE ( 'NONE', *, *, #1426, .F. ) ;
#1700 = STYLED_ITEM ( 'NONE', ( #6147 ), #2332 ) ;
#1701 = SURFACE_STYLE_FILL_AREA ( #778 ) ;
#1702 = CARTESIAN_POINT ( 'NONE',  ( -0.2714023541217410200, -0.9713907753607330400, 3.479894267707450300 ) ) ;
#1703 = DIRECTION ( 'NONE',  ( -1.000000000000000000, -0.0000000000000000000, -0.0000000000000000000 ) ) ;
#1704 = ORIENTED_EDGE ( 'NONE', *, *, #4868, .F. ) ;
#1705 = SURFACE_STYLE_FILL_AREA ( #2336 ) ;
#1706 = EDGE_CURVE ( 'NONE', #53, #814, #1771, .T. ) ;
#1707 = CARTESIAN_POINT ( 'NONE',  ( -1.000000000000000000, 0.6912459284779619600, 1.549472632322330000 ) ) ;
#1708 = CARTESIAN_POINT ( 'NONE',  ( 6.824999999821557100, 0.0000000000000000000, 6.092571664865431600 ) ) ;
#1709 = ORIENTED_EDGE ( 'NONE', *, *, #4904, .F. ) ;
#1710 = SURFACE_SIDE_STYLE ('',( #820 ) ) ;
#1711 = DIRECTION ( 'NONE',  ( -4.440892098500630100E-016, -0.0000000000000000000, -1.000000000000000000 ) ) ;
#1712 = APPLICATION_PROTOCOL_DEFINITION ( 'draft international standard', 'automotive_design', 1998, #4569 ) ;
#1713 = EDGE_CURVE ( 'NONE', #70, #1964, #5374, .T. ) ;
#1714 = ORIENTED_EDGE ( 'NONE', *, *, #2406, .T. ) ;
#1715 = SURFACE_SIDE_STYLE ('',( #1928 ) ) ;
#1716 = UNCERTAINTY_MEASURE_WITH_UNIT (LENGTH_MEASURE( 1.000000000000000100E-005 ), #2997, 'distance_accuracy_value', 'NONE');
#1717 = VERTEX_POINT ( 'NONE', #238 ) ;
#1718 = CARTESIAN_POINT ( 'NONE',  ( -1.271997718226703000, -0.2683687851186331600, 5.799999999999998900 ) ) ;
#1719 = EDGE_CURVE ( 'NONE', #5572, #495, #1605, .T. ) ;
#1720 = CARTESIAN_POINT ( 'NONE',  ( 1.000000000000010000, -2.000000000000000000, 0.0000000000000000000 ) ) ;
#1721 = COLOUR_RGB ( '',0.7921568627450980000, 0.8000000000000000400, 0.8078431372549019800 ) ;
#1722 = DIRECTION ( 'NONE',  ( -0.8660254037844387100, 0.4999999999999998300, -0.0000000000000000000 ) ) ;
#1723 = STYLED_ITEM ( 'NONE', ( #2848 ), #5259 ) ;
#1724 = UNCERTAINTY_MEASURE_WITH_UNIT (LENGTH_MEASURE( 1.000000000000000100E-005 ), #690, 'distance_accuracy_value', 'NONE');
#1725 = CARTESIAN_POINT ( 'NONE',  ( -0.5130945854435670100, -0.8683278313328686200, 3.411980470136756400 ) ) ;
#1726 = ADVANCED_FACE ( 'NONE', ( #2890 ), #3555, .F. ) ;
#1727 = CARTESIAN_POINT ( 'NONE',  ( -2.000000000000000000, 2.000000000000000000, 4.700000000000000200 ) ) ;
#1728 = DIRECTION ( 'NONE',  ( -1.000000000000000000, 0.0000000000000000000, 0.0000000000000000000 ) ) ;
#1729 = SURFACE_SIDE_STYLE ('',( #4621 ) ) ;
#1730 = CIRCLE ( 'NONE', #695, 0.1000000000000000500 ) ;
#1731 = MECHANICAL_DESIGN_GEOMETRIC_PRESENTATION_REPRESENTATION (  '', ( #376 ), #2045 ) ;
#1732 = MECHANICAL_DESIGN_GEOMETRIC_PRESENTATION_REPRESENTATION (  '', ( #1036 ), #2046 ) ;
#1733 = LINE ( 'NONE', #1080, #63 ) ;
#1734 =( LENGTH_UNIT ( ) NAMED_UNIT ( * ) SI_UNIT ( .MILLI., .METRE. ) );
#1735 = DIRECTION ( 'NONE',  ( 1.000000000000000000, 0.0000000000000000000, 0.0000000000000000000 ) ) ;
#1736 = PRODUCT_CONTEXT ( 'NONE', #681, 'mechanical' ) ;
#1737 = CARTESIAN_POINT ( 'NONE',  ( 1.000000000000000000, 2.000000000000000000, 0.0000000000000000000 ) ) ;
#1738 = CARTESIAN_POINT ( 'NONE',  ( -1.000000000000002200, 1.224646799147353200E-016, -0.3999999999999995800 ) ) ;
#1739 = COLOUR_RGB ( '',0.0000000000000000000, 0.3686274509803921800, 0.7215686274509803800 ) ;
#1740 = CARTESIAN_POINT ( 'NONE',  ( -1.950000000000000000, -1.451517244269860100, 0.0000000000000000000 ) ) ;
#1741 = FACE_OUTER_BOUND ( 'NONE', #1046, .T. ) ;
#1742 = CONTEXT_DEPENDENT_SHAPE_REPRESENTATION ( #1754, #645 ) ;
#1743 = CARTESIAN_POINT ( 'NONE',  ( -0.6203865169665069300, -0.7945246525874301000, 3.364593740548806400 ) ) ;
#1744 = DIRECTION ( 'NONE',  ( -0.9659258262890673100, -0.2588190451025240700, -0.0000000000000000000 ) ) ;
#1745 = DIRECTION ( 'NONE',  ( 0.0000000000000000000, 0.0000000000000000000, 1.000000000000000000 ) ) ;
#1746 = DIRECTION ( 'NONE',  ( -0.0000000000000000000, 0.0000000000000000000, 1.000000000000000000 ) ) ;
#1747 =( GEOMETRIC_REPRESENTATION_CONTEXT ( 3 ) GLOBAL_UNCERTAINTY_ASSIGNED_CONTEXT ( ( #1639 ) ) GLOBAL_UNIT_ASSIGNED_CONTEXT ( ( #2220, #5489, #2687 ) ) REPRESENTATION_CONTEXT ( 'NONE', 'WORKASPACE' ) );
#1748 = SURFACE_SIDE_STYLE ('',( #3879 ) ) ;
#1749 = EDGE_CURVE ( 'NONE', #814, #2013, #2444, .T. ) ;
#1750 = ORIENTED_EDGE ( 'NONE', *, *, #3280, .T. ) ;
#1751 = CARTESIAN_POINT ( 'NONE',  ( 7.049999999999729800, 2.700000000000000200, 0.8000000000000000400 ) ) ;
#1752 = SURFACE_SIDE_STYLE ('',( #1886 ) ) ;
#1753 = CARTESIAN_POINT ( 'NONE',  ( 0.0000000000000000000, 0.0000000000000000000, -5.100000000000000500 ) ) ;
#1754 =( REPRESENTATION_RELATIONSHIP ('NONE','NONE', #3198, #1079 ) REPRESENTATION_RELATIONSHIP_WITH_TRANSFORMATION ( #5494 )SHAPE_REPRESENTATION_RELATIONSHIP( ) );
#1755 = ADVANCED_FACE ( 'NONE', ( #1119 ), #629, .F. ) ;
#1756 = EDGE_CURVE ( 'NONE', #1777, #1218, #488, .T. ) ;
#1757 = CARTESIAN_POINT ( 'NONE',  ( 1.000000000000000000, 0.6912459284779619600, 1.549472632322330000 ) ) ;
#1758 = ORIENTED_EDGE ( 'NONE', *, *, #5305, .T. ) ;
#1759 = AXIS2_PLACEMENT_3D ( 'NONE', #5507, #2703, #5969 ) ;
#1760 = UNCERTAINTY_MEASURE_WITH_UNIT (LENGTH_MEASURE( 1.000000000000000100E-005 ), #5679, 'distance_accuracy_value', 'NONE');
#1761 = DIRECTION ( 'NONE',  ( -0.0000000000000000000, -0.0000000000000000000, -1.000000000000000000 ) ) ;
#1762 = LINE ( 'NONE', #2635, #4291 ) ;
#1763 = SURFACE_STYLE_USAGE ( .BOTH. , #1748 ) ;
#1764 = ORIENTED_EDGE ( 'NONE', *, *, #230, .T. ) ;
#1765 = CARTESIAN_POINT ( 'NONE',  ( -0.7993921507230260500, -0.6141018184026371100, 3.264087444332718600 ) ) ;
#1766 = VECTOR ( 'NONE', #3621, 1000.000000000000000 ) ;
#1767 =( NAMED_UNIT ( * ) SI_UNIT ( $, .STERADIAN. ) SOLID_ANGLE_UNIT ( ) );
#1768 =( GEOMETRIC_REPRESENTATION_CONTEXT ( 3 ) GLOBAL_UNCERTAINTY_ASSIGNED_CONTEXT ( ( #5112 ) ) GLOBAL_UNIT_ASSIGNED_CONTEXT ( ( #267, #248, #423 ) ) REPRESENTATION_CONTEXT ( 'NONE', 'WORKASPACE' ) );
#1769 = MECHANICAL_DESIGN_GEOMETRIC_PRESENTATION_REPRESENTATION (  '', ( #745 ), #2083 ) ;
#1770 = CARTESIAN_POINT ( 'NONE',  ( 1.250000000025102100, 0.0000000000000000000, 1.350000000000000100 ) ) ;
#1771 = CIRCLE ( 'NONE', #845, 1.800000000000000300 ) ;
#1772 = ORIENTED_EDGE ( 'NONE', *, *, #2945, .F. ) ;
#1773 = FILL_AREA_STYLE_COLOUR ( '', #1554 ) ;
#1774 = VECTOR ( 'NONE', #2793, 1000.000000000000000 ) ;
#1775 = CARTESIAN_POINT ( 'NONE',  ( 2.249999999999969800, -2.000000000000000000, 2.000000000000000000 ) ) ;
#1776 = PLANE ( 'NONE',  #5104 ) ;
#1777 = VERTEX_POINT ( 'NONE', #1972 ) ;
#1778 = VECTOR ( 'NONE', #2460, 1000.000000000000000 ) ;
#1779 = DIRECTION ( 'NONE',  ( -0.0000000000000000000, -0.0000000000000000000, -1.000000000000000000 ) ) ;
#1780 = ORIENTED_EDGE ( 'NONE', *, *, #5418, .T. ) ;
#1781 = VECTOR ( 'NONE', #5254, 1000.000000000000000 ) ;
#1782 = ORIENTED_EDGE ( 'NONE', *, *, #2107, .T. ) ;
#1783 = PLANE ( 'NONE',  #1325 ) ;
#1784 = VERTEX_POINT ( 'NONE', #934 ) ;
#1785 =( NAMED_UNIT ( * ) SI_UNIT ( $, .STERADIAN. ) SOLID_ANGLE_UNIT ( ) );
#1786 = ADVANCED_FACE ( 'NONE', ( #4368 ), #2508, .F. ) ;
#1787 = DIRECTION ( 'NONE',  ( 0.0000000000000000000, 0.0000000000000000000, 1.000000000000000000 ) ) ;
#1788 = LINE ( 'NONE', #1017, #3054 ) ;
#1789 = EDGE_CURVE ( 'NONE', #4993, #3710, #18, .T. ) ;
#1790 = FACE_BOUND ( 'NONE', #3260, .T. ) ;
#1791 = ORIENTED_EDGE ( 'NONE', *, *, #1660, .T. ) ;
#1792 = VECTOR ( 'NONE', #2057, 1000.000000000000000 ) ;
#1793 = PRESENTATION_STYLE_ASSIGNMENT (( #4649 ) ) ;
#1794 = CARTESIAN_POINT ( 'NONE',  ( 1.299999999999967400, 1.592040838891559300E-016, 5.799999999999999800 ) ) ;
#1795 = CARTESIAN_POINT ( 'NONE',  ( 2.000000000000000000, -2.000000000000000000, 4.700000000000000200 ) ) ;
#1796 =( BOUNDED_CURVE ( )  B_SPLINE_CURVE ( 3, ( #4091, #3898, #2759, #3158 ),
 .UNSPECIFIED., .F., .F. ) 
 B_SPLINE_CURVE_WITH_KNOTS ( ( 4, 4 ),
 ( 1.570796326794896600, 4.712388980384689700 ),
 .UNSPECIFIED. ) 
 CURVE ( )  GEOMETRIC_REPRESENTATION_ITEM ( )  RATIONAL_B_SPLINE_CURVE ( ( 1.000000000000000000, 0.3333333333333333700, 0.3333333333333333700, 1.000000000000000000 ) ) 
 REPRESENTATION_ITEM ( '' )  );
#1797 =( NAMED_UNIT ( * ) SI_UNIT ( $, .STERADIAN. ) SOLID_ANGLE_UNIT ( ) );
#1798 = ORIENTED_EDGE ( 'NONE', *, *, #1892, .F. ) ;
#1799 = DIRECTION ( 'NONE',  ( -1.000000000000000000, 3.581364595565019800E-017, 0.0000000000000000000 ) ) ;
#1800 = EDGE_CURVE ( 'NONE', #5249, #598, #1843, .T. ) ;
#1801 = SURFACE_STYLE_USAGE ( .BOTH. , #1710 ) ;
#1802 = COLOUR_RGB ( '',0.7921568627450980000, 0.8000000000000000400, 0.8078431372549019800 ) ;
#1803 = DIRECTION ( 'NONE',  ( 0.0000000000000000000, -0.0000000000000000000, -1.000000000000000000 ) ) ;
#1804 = PRESENTATION_STYLE_ASSIGNMENT (( #44 ) ) ;
#1805 = MECHANICAL_DESIGN_GEOMETRIC_PRESENTATION_REPRESENTATION (  '', ( #104 ), #2122 ) ;
#1806 = DIRECTION ( 'NONE',  ( -5.286776307738839800E-017, -0.0000000000000000000, -1.000000000000000000 ) ) ;
#1807 = SURFACE_STYLE_FILL_AREA ( #1170 ) ;
#1808 = DIRECTION ( 'NONE',  ( -0.0000000000000000000, -0.0000000000000000000, -1.000000000000000000 ) ) ;
#1809 = ORIENTED_EDGE ( 'NONE', *, *, #1556, .F. ) ;
#1810 = ORIENTED_EDGE ( 'NONE', *, *, #2835, .T. ) ;
#1811 = FACE_OUTER_BOUND ( 'NONE', #737, .T. ) ;
#1812 = CARTESIAN_POINT ( 'NONE',  ( -2.000000000000000000, -2.000000000000000000, 0.0000000000000000000 ) ) ;
#1813 = PRESENTATION_LAYER_ASSIGNMENT (  '', '', ( #1478 ) ) ;
#1814 =( LENGTH_UNIT ( ) NAMED_UNIT ( * ) SI_UNIT ( .MILLI., .METRE. ) );
#1815 = DIRECTION ( 'NONE',  ( -6.505213034912993500E-015, 0.08715574274765569600, -0.9961946980917457700 ) ) ;
#1816 = CARTESIAN_POINT ( 'NONE',  ( 4.450000000000000200, -3.100000000000000500, -1.456080807266352900E-018 ) ) ;
#1817 = ADVANCED_FACE ( 'NONE', ( #4884 ), #1353, .F. ) ;
#1818 =( NAMED_UNIT ( * ) PLANE_ANGLE_UNIT ( ) SI_UNIT ( $, .RADIAN. ) );
#1819 = PRESENTATION_STYLE_ASSIGNMENT (( #2818 ) ) ;
#1820 =( GEOMETRIC_REPRESENTATION_CONTEXT ( 3 ) GLOBAL_UNCERTAINTY_ASSIGNED_CONTEXT ( ( #2634 ) ) GLOBAL_UNIT_ASSIGNED_CONTEXT ( ( #4877, #4886, #4902 ) ) REPRESENTATION_CONTEXT ( 'NONE', 'WORKASPACE' ) );
#1821 = PRODUCT_DEFINITION_CONTEXT ( 'detailed design', #5061, 'design' ) ;
#1822 =( NAMED_UNIT ( * ) SI_UNIT ( $, .STERADIAN. ) SOLID_ANGLE_UNIT ( ) );
#1823 = EDGE_LOOP ( 'NONE', ( #371, #4235, #6155, #5326 ) ) ;
#1824 =( LENGTH_UNIT ( ) NAMED_UNIT ( * ) SI_UNIT ( .MILLI., .METRE. ) );
#1825 = ORIENTED_EDGE ( 'NONE', *, *, #1987, .T. ) ;
#1826 = VECTOR ( 'NONE', #1177, 1000.000000000000000 ) ;
#1827 =( NAMED_UNIT ( * ) SI_UNIT ( $, .STERADIAN. ) SOLID_ANGLE_UNIT ( ) );
#1828 = CARTESIAN_POINT ( 'NONE',  ( 1.236931687685760100, -0.3999999999985609000, 5.799999999999999800 ) ) ;
#1829 = ORIENTED_EDGE ( 'NONE', *, *, #1706, .F. ) ;
#1830 = PRESENTATION_LAYER_ASSIGNMENT (  '', '', ( #1498 ) ) ;
#1831 = EDGE_CURVE ( 'NONE', #4738, #1939, #5661, .T. ) ;
#1832 = CARTESIAN_POINT ( 'NONE',  ( -3.241851231905460900E-014, 0.0000000000000000000, 10.00000000000000000 ) ) ;
#1833 = DIRECTION ( 'NONE',  ( 5.286776307738839800E-017, 0.0000000000000000000, 1.000000000000000000 ) ) ;
#1834 = VERTEX_POINT ( 'NONE', #1589 ) ;
#1835 = DIRECTION ( 'NONE',  ( 1.000000000000000000, 0.0000000000000000000, 0.0000000000000000000 ) ) ;
#1836 = ORIENTED_EDGE ( 'NONE', *, *, #1329, .T. ) ;
#1837 = UNCERTAINTY_MEASURE_WITH_UNIT (LENGTH_MEASURE( 1.000000000000000100E-005 ), #3568, 'distance_accuracy_value', 'NONE');
#1838 =( LENGTH_UNIT ( ) NAMED_UNIT ( * ) SI_UNIT ( .MILLI., .METRE. ) );
#1839 = EDGE_CURVE ( 'NONE', #90, #1981, #1913, .T. ) ;
#1840 = LINE ( 'NONE', #5051, #4364 ) ;
#1841 =( NAMED_UNIT ( * ) PLANE_ANGLE_UNIT ( ) SI_UNIT ( $, .RADIAN. ) );
#1842 =( NAMED_UNIT ( * ) SI_UNIT ( $, .STERADIAN. ) SOLID_ANGLE_UNIT ( ) );
#1843 = LINE ( 'NONE', #1284, #6090 ) ;
#1844 = PRESENTATION_LAYER_ASSIGNMENT (  '', '', ( #1156 ) ) ;
#1845 = VERTEX_POINT ( 'NONE', #1770 ) ;
#1846 =( NAMED_UNIT ( * ) SI_UNIT ( $, .STERADIAN. ) SOLID_ANGLE_UNIT ( ) );
#1847 = DIRECTION ( 'NONE',  ( -2.323287528027560000E-019, -0.0000000000000000000, 1.000000000000000000 ) ) ;
#1848 = COLOUR_RGB ( '',0.0000000000000000000, 0.3686274509803921800, 0.7215686274509803800 ) ;
#1849 = SURFACE_STYLE_FILL_AREA ( #3386 ) ;
#1850 = VERTEX_POINT ( 'NONE', #1423 ) ;
#1851 = ADVANCED_FACE ( 'NONE', ( #4293 ), #1875, .F. ) ;
#1852 = CARTESIAN_POINT ( 'NONE',  ( 1.000000000000000000, 3.000000000000000000, 0.0000000000000000000 ) ) ;
#1853 = VERTEX_POINT ( 'NONE', #2018 ) ;
#1854 =( LENGTH_UNIT ( ) NAMED_UNIT ( * ) SI_UNIT ( .MILLI., .METRE. ) );
#1855 = PRESENTATION_LAYER_ASSIGNMENT (  '', '', ( #1513 ) ) ;
#1856 = PRESENTATION_LAYER_ASSIGNMENT (  '', '', ( #836 ) ) ;
#1857 = VECTOR ( 'NONE', #3171, 1000.000000000000000 ) ;
#1858 = CARTESIAN_POINT ( 'NONE',  ( -1.000000000000000000, 3.000000000000000000, 0.0000000000000000000 ) ) ;
#1859 = ORIENTED_EDGE ( 'NONE', *, *, #5726, .F. ) ;
#1860 = FACE_OUTER_BOUND ( 'NONE', #2447, .T. ) ;
#1861 = DIRECTION ( 'NONE',  ( 4.440892098500630100E-016, 0.0000000000000000000, 1.000000000000000000 ) ) ;
#1862 = SURFACE_STYLE_USAGE ( .BOTH. , #2316 ) ;
#1863 = PRESENTATION_LAYER_ASSIGNMENT (  '', '', ( #1523 ) ) ;
#1864 = DIRECTION ( 'NONE',  ( 0.0000000000000000000, 1.000000000000000000, -0.0000000000000000000 ) ) ;
#1865 = ORIENTED_EDGE ( 'NONE', *, *, #1329, .F. ) ;
#1866 = FACE_OUTER_BOUND ( 'NONE', #321, .T. ) ;
#1867 = CARTESIAN_POINT ( 'NONE',  ( 0.0000000000000000000, 0.0000000000000000000, 0.0000000000000000000 ) ) ;
#1868 = CARTESIAN_POINT ( 'NONE',  ( -0.8585786437626868900, 1.717157287525373600, -4.037840098133511200E-016 ) ) ;
#1869 = FILL_AREA_STYLE_COLOUR ( '', #2538 ) ;
#1870 = CARTESIAN_POINT ( 'NONE',  ( 1.000000000000000000, 3.000000000000000000, 0.0000000000000000000 ) ) ;
#1871 =( GEOMETRIC_REPRESENTATION_CONTEXT ( 3 ) GLOBAL_UNCERTAINTY_ASSIGNED_CONTEXT ( ( #4955 ) ) GLOBAL_UNIT_ASSIGNED_CONTEXT ( ( #3064, #107, #3540 ) ) REPRESENTATION_CONTEXT ( 'NONE', 'WORKASPACE' ) );
#1872 = SURFACE_SIDE_STYLE ('',( #4999 ) ) ;
#1873 = LINE ( 'NONE', #1617, #5472 ) ;
#1874 = EDGE_CURVE ( 'NONE', #6041, #3378, #3179, .T. ) ;
#1875 = PLANE ( 'NONE',  #4615 ) ;
#1876 = COLOUR_RGB ( '',0.0000000000000000000, 0.3686274509803921800, 0.7215686274509803800 ) ;
#1877 = EDGE_CURVE ( 'NONE', #712, #128, #93, .T. ) ;
#1878 = LINE ( 'NONE', #5320, #2401 ) ;
#1879 = COLOUR_RGB ( '',0.8274509803921568100, 0.8313725490196077800, 0.8352941176470588500 ) ;
#1880 = DIRECTION ( 'NONE',  ( -1.000000000000000000, -0.0000000000000000000, -0.0000000000000000000 ) ) ;
#1881 = FILL_AREA_STYLE ('',( #4251 ) ) ;
#1882 = STYLED_ITEM ( 'NONE', ( #176 ), #4754 ) ;
#1883 =( NAMED_UNIT ( * ) PLANE_ANGLE_UNIT ( ) SI_UNIT ( $, .RADIAN. ) );
#1884 = ADVANCED_FACE ( 'NONE', ( #6149 ), #4515, .F. ) ;
#1885 = DIRECTION ( 'NONE',  ( 1.000000000000000000, -0.0000000000000000000, -0.0000000000000000000 ) ) ;
#1886 = SURFACE_STYLE_FILL_AREA ( #4609 ) ;
#1887 = VERTEX_POINT ( 'NONE', #2474 ) ;
#1888 = DIRECTION ( 'NONE',  ( 0.0000000000000000000, 0.0000000000000000000, 1.000000000000000000 ) ) ;
#1889 = FACE_OUTER_BOUND ( 'NONE', #2968, .T. ) ;
#1890 = CARTESIAN_POINT ( 'NONE',  ( -1.250000000025102100, 1.530808498964933000E-016, 1.350000000000000100 ) ) ;
#1891 = CARTESIAN_POINT ( 'NONE',  ( -2.000000000000000000, 2.000000000000000000, 0.0000000000000000000 ) ) ;
#1892 = EDGE_CURVE ( 'NONE', #2517, #3040, #5728, .T. ) ;
#1893 = STYLED_ITEM ( 'NONE', ( #3799 ), #5936 ) ;
#1894 = LINE ( 'NONE', #5984, #3680 ) ;
#1895 = DIRECTION ( 'NONE',  ( 1.000000000000000000, -0.0000000000000000000, 0.0000000000000000000 ) ) ;
#1896 = FILL_AREA_STYLE ('',( #1656 ) ) ;
#1897 = VECTOR ( 'NONE', #1393, 1000.000000000000000 ) ;
#1898 = PRESENTATION_LAYER_ASSIGNMENT (  '', '', ( #5902 ) ) ;
#1899 =( GEOMETRIC_REPRESENTATION_CONTEXT ( 3 ) GLOBAL_UNCERTAINTY_ASSIGNED_CONTEXT ( ( #1511 ) ) GLOBAL_UNIT_ASSIGNED_CONTEXT ( ( #4182, #4148, #4126 ) ) REPRESENTATION_CONTEXT ( 'NONE', 'WORKASPACE' ) );
#1900 = PRESENTATION_STYLE_ASSIGNMENT (( #3228 ) ) ;
#1901 = CARTESIAN_POINT ( 'NONE',  ( 1.000000000000000000, -2.327645713530750900, -1.989777747886722000 ) ) ;
#1902 = EDGE_LOOP ( 'NONE', ( #2110, #5377 ) ) ;
#1903 = AXIS2_PLACEMENT_3D ( 'NONE', #6146, #3390, #448 ) ;
#1904 = MECHANICAL_DESIGN_GEOMETRIC_PRESENTATION_REPRESENTATION (  '', ( #889 ), #2235 ) ;
#1905 = CARTESIAN_POINT ( 'NONE',  ( 0.9999999999999993300, -4.336808689941936900E-016, 3.100000000000000500 ) ) ;
#1906 = FILL_AREA_STYLE ('',( #392 ) ) ;
#1907 = EDGE_CURVE ( 'NONE', #2648, #2583, #3408, .T. ) ;
#1908 = ORIENTED_EDGE ( 'NONE', *, *, #3247, .T. ) ;
#1909 = ADVANCED_FACE ( 'NONE', ( #1979 ), #2564, .T. ) ;
#1910 = FILL_AREA_STYLE_COLOUR ( '', #668 ) ;
#1911 = PRESENTATION_STYLE_ASSIGNMENT (( #5869 ) ) ;
#1912 = SURFACE_SIDE_STYLE ('',( #4443 ) ) ;
#1913 = LINE ( 'NONE', #1680, #565 ) ;
#1914 = PRESENTATION_LAYER_ASSIGNMENT (  '', '', ( #902 ) ) ;
#1915 = ORIENTED_EDGE ( 'NONE', *, *, #5468, .T. ) ;
#1916 = B_SPLINE_CURVE_WITH_KNOTS ( 'NONE', 3,
 ( #4892, #2042, #2529, #5798, #3000, #48, #3493, #552, #3959, #1059 ),
 .UNSPECIFIED., .F., .F.,
 ( 4, 2, 2, 2, 4 ),
 ( 0.003238739642034693200, 0.003643332692494554700, 0.004047925742954415800, 0.004452518793414277800, 0.004857111843874138900 ),
 .UNSPECIFIED. ) ;
#1917 = EDGE_CURVE ( 'NONE', #3882, #243, #169, .T. ) ;
#1918 = FACE_OUTER_BOUND ( 'NONE', #1983, .T. ) ;
#1919 = FILL_AREA_STYLE ('',( #3816 ) ) ;
#1920 = SURFACE_STYLE_USAGE ( .BOTH. , #4771 ) ;
#1921 =( NAMED_UNIT ( * ) SI_UNIT ( $, .STERADIAN. ) SOLID_ANGLE_UNIT ( ) );
#1922 = VERTEX_POINT ( 'NONE', #2536 ) ;
#1923 = CARTESIAN_POINT ( 'NONE',  ( -0.9999999999999993300, 1.537966248514479400, -2.391728288670810400 ) ) ;
#1924 = DIRECTION ( 'NONE',  ( 1.000000000000000000, 0.0000000000000000000, -0.0000000000000000000 ) ) ;
#1925 = VECTOR ( 'NONE', #5574, 1000.000000000000000 ) ;
#1926 = PRESENTATION_LAYER_ASSIGNMENT (  '', '', ( #1261 ) ) ;
#1927 = EDGE_LOOP ( 'NONE', ( #3076, #2532, #4312, #1825 ) ) ;
#1928 = SURFACE_STYLE_FILL_AREA ( #1357 ) ;
#1929 = CARTESIAN_POINT ( 'NONE',  ( 2.049999999992630200, 0.3999999999985610100, 4.799999999999999800 ) ) ;
#1930 = ORIENTED_EDGE ( 'NONE', *, *, #9, .T. ) ;
#1931 = COLOUR_RGB ( '',0.0000000000000000000, 0.3686274509803921800, 0.7215686274509803800 ) ;
#1932 =( NAMED_UNIT ( * ) PLANE_ANGLE_UNIT ( ) SI_UNIT ( $, .RADIAN. ) );
#1933 = ORIENTED_EDGE ( 'NONE', *, *, #13, .T. ) ;
#1934 = MECHANICAL_DESIGN_GEOMETRIC_PRESENTATION_REPRESENTATION (  '', ( #919 ), #2260 ) ;
#1935 = PRODUCT_DEFINITION ( 'UNKNOWN', '', #5119, #1821 ) ;
#1936 = SURFACE_STYLE_USAGE ( .BOTH. , #1912 ) ;
#1937 = ORIENTED_EDGE ( 'NONE', *, *, #4542, .F. ) ;
#1938 = CARTESIAN_POINT ( 'NONE',  ( 1.000000000000000000, -2.250000000000000400, 0.0000000000000000000 ) ) ;
#1939 = VERTEX_POINT ( 'NONE', #2869 ) ;
#1940 = CARTESIAN_POINT ( 'NONE',  ( 0.7999999999999960500, 9.797174393178776800E-017, -1.962328492596343800E-016 ) ) ;
#1941 =( NAMED_UNIT ( * ) SI_UNIT ( $, .STERADIAN. ) SOLID_ANGLE_UNIT ( ) );
#1942 = ADVANCED_FACE ( 'NONE', ( #5169 ), #878, .F. ) ;
#1943 = AXIS2_PLACEMENT_3D ( 'NONE', #2769, #2809, #2832 ) ;
#1944 =( LENGTH_UNIT ( ) NAMED_UNIT ( * ) SI_UNIT ( .MILLI., .METRE. ) );
#1945 = VECTOR ( 'NONE', #1779, 1000.000000000000000 ) ;
#1946 = LINE ( 'NONE', #2724, #4476 ) ;
#1947 =( NAMED_UNIT ( * ) PLANE_ANGLE_UNIT ( ) SI_UNIT ( $, .RADIAN. ) );
#1948 = COLOUR_RGB ( '',0.7921568627450980000, 0.8000000000000000400, 0.8078431372549019800 ) ;
#1949 = ORIENTED_EDGE ( 'NONE', *, *, #1371, .T. ) ;
#1950 = DIRECTION ( 'NONE',  ( -1.000000000000000000, -1.224646799147353200E-016, 0.0000000000000000000 ) ) ;
#1951 = CARTESIAN_POINT ( 'NONE',  ( 6.499999999999730000, 2.700000000000000200, 0.8000000000000000400 ) ) ;
#1952 = UNCERTAINTY_MEASURE_WITH_UNIT (LENGTH_MEASURE( 1.000000000000000100E-005 ), #1327, 'distance_accuracy_value', 'NONE');
#1953 = VECTOR ( 'NONE', #6176, 1000.000000000000000 ) ;
#1954 = FILL_AREA_STYLE ('',( #3380 ) ) ;
#1955 = EDGE_CURVE ( 'NONE', #3949, #4647, #2215, .T. ) ;
#1956 =( LENGTH_UNIT ( ) NAMED_UNIT ( * ) SI_UNIT ( .MILLI., .METRE. ) );
#1957 = FACE_OUTER_BOUND ( 'NONE', #5632, .T. ) ;
#1958 = EDGE_CURVE ( 'NONE', #1550, #1224, #3479, .T. ) ;
#1959 = DIRECTION ( 'NONE',  ( 0.0000000000000000000, 1.000000000000000000, 0.0000000000000000000 ) ) ;
#1960 = DIRECTION ( 'NONE',  ( 0.0000000000000000000, 0.0000000000000000000, 1.000000000000000000 ) ) ;
#1961 = EDGE_LOOP ( 'NONE', ( #334, #4565 ) ) ;
#1962 = ORIENTED_EDGE ( 'NONE', *, *, #477, .T. ) ;
#1963 = AXIS2_PLACEMENT_3D ( 'NONE', #2321, #834, #2805 ) ;
#1964 = VERTEX_POINT ( 'NONE', #3341 ) ;
#1965 = CARTESIAN_POINT ( 'NONE',  ( 7.500000000000000000, -2.462330315003930200, 10.00000000000000000 ) ) ;
#1966 = DIRECTION ( 'NONE',  ( 0.0000000000000000000, 1.000000000000000000, 0.0000000000000000000 ) ) ;
#1967 = CARTESIAN_POINT ( 'NONE',  ( -1.950000000000000000, -1.451517244269860100, 0.2000000000000001200 ) ) ;
#1968 = PRESENTATION_LAYER_ASSIGNMENT (  '', '', ( #1643 ) ) ;
#1969 = ADVANCED_FACE ( 'NONE', ( #3336 ), #249, .F. ) ;
#1970 = CARTESIAN_POINT ( 'NONE',  ( -1.500000000000000000, 1.836970198721029900E-016, 0.0000000000000000000 ) ) ;
#1971 = EDGE_LOOP ( 'NONE', ( #3542, #3655, #3787, #3896 ) ) ;
#1972 = CARTESIAN_POINT ( 'NONE',  ( 7.049999999997583100, 2.700000000000000200, 0.8000000000000000400 ) ) ;
#1973 = ORIENTED_EDGE ( 'NONE', *, *, #2338, .F. ) ;
#1974 = LINE ( 'NONE', #3578, #631 ) ;
#1975 =( GEOMETRIC_REPRESENTATION_CONTEXT ( 3 ) GLOBAL_UNCERTAINTY_ASSIGNED_CONTEXT ( ( #1013 ) ) GLOBAL_UNIT_ASSIGNED_CONTEXT ( ( #1734, #1841, #1996 ) ) REPRESENTATION_CONTEXT ( 'NONE', 'WORKASPACE' ) );
#1976 = DIRECTION ( 'NONE',  ( 2.323287528027560000E-019, 0.0000000000000000000, -1.000000000000000000 ) ) ;
#1977 = VERTEX_POINT ( 'NONE', #3521 ) ;
#1978 = FILL_AREA_STYLE_COLOUR ( '', #649 ) ;
#1979 = FACE_OUTER_BOUND ( 'NONE', #1305, .T. ) ;
#1980 = UNCERTAINTY_MEASURE_WITH_UNIT (LENGTH_MEASURE( 1.000000000000000100E-005 ), #5849, 'distance_accuracy_value', 'NONE');
#1981 = VERTEX_POINT ( 'NONE', #3539 ) ;
#1982 = MECHANICAL_DESIGN_GEOMETRIC_PRESENTATION_REPRESENTATION (  '', ( #970 ), #2318 ) ;
#1983 = EDGE_LOOP ( 'NONE', ( #1865, #266, #1810, #6173, #5370 ) ) ;
#1984 = CARTESIAN_POINT ( 'NONE',  ( -1.000000000000000000, -2.275881904510250300, -1.796592582628906200 ) ) ;
#1985 = CARTESIAN_POINT ( 'NONE',  ( 0.7999999999999960500, 9.797174393178776800E-017, -3.930232875259953600E-016 ) ) ;
#1986 = SURFACE_STYLE_USAGE ( .BOTH. , #4834 ) ;
#1987 = EDGE_CURVE ( 'NONE', #2928, #3500, #5236, .T. ) ;
#1988 =( NAMED_UNIT ( * ) PLANE_ANGLE_UNIT ( ) SI_UNIT ( $, .RADIAN. ) );
#1989 = ORIENTED_EDGE ( 'NONE', *, *, #2846, .T. ) ;
#1990 =( NAMED_UNIT ( * ) PLANE_ANGLE_UNIT ( ) SI_UNIT ( $, .RADIAN. ) );
#1991 = LINE ( 'NONE', #4309, #3111 ) ;
#1992 = ORIENTED_EDGE ( 'NONE', *, *, #4854, .T. ) ;
#1993 = CYLINDRICAL_SURFACE ( 'NONE', #2932, 4.000000000000000900 ) ;
#1994 =( GEOMETRIC_REPRESENTATION_CONTEXT ( 3 ) GLOBAL_UNCERTAINTY_ASSIGNED_CONTEXT ( ( #2024 ) ) GLOBAL_UNIT_ASSIGNED_CONTEXT ( ( #1507, #4848, #1998 ) ) REPRESENTATION_CONTEXT ( 'NONE', 'WORKASPACE' ) );
#1995 = EDGE_LOOP ( 'NONE', ( #5463, #1458, #1169, #4977 ) ) ;
#1996 =( NAMED_UNIT ( * ) SI_UNIT ( $, .STERADIAN. ) SOLID_ANGLE_UNIT ( ) );
#1997 = CARTESIAN_POINT ( 'NONE',  ( 1.000000000000000000, -2.250000000000000400, 0.2000000000000000100 ) ) ;
#1998 =( NAMED_UNIT ( * ) SI_UNIT ( $, .STERADIAN. ) SOLID_ANGLE_UNIT ( ) );
#1999 = CIRCLE ( 'NONE', #1254, 0.1000000000000000300 ) ;
#2000 =( NAMED_UNIT ( * ) SI_UNIT ( $, .STERADIAN. ) SOLID_ANGLE_UNIT ( ) );
#2001 = ORIENTED_EDGE ( 'NONE', *, *, #1660, .F. ) ;
#2002 = CARTESIAN_POINT ( 'NONE',  ( 0.0000000000000000000, -2.250000000000000400, 0.2000000000000000100 ) ) ;
#2003 = EDGE_LOOP ( 'NONE', ( #5570, #4175, #3034, #2345 ) ) ;
#2004 = EDGE_CURVE ( 'NONE', #6017, #1114, #4136, .T. ) ;
#2005 = CARTESIAN_POINT ( 'NONE',  ( 1.624378791836315800E-019, 0.0000000000000000000, 0.1000000000000000500 ) ) ;
#2006 = PRESENTATION_STYLE_ASSIGNMENT (( #339 ) ) ;
#2007 = CARTESIAN_POINT ( 'NONE',  ( -1.950000000000000000, -1.451517244269860100, 0.0000000000000000000 ) ) ;
#2008 = VECTOR ( 'NONE', #4280, 1000.000000000000000 ) ;
#2009 = VERTEX_POINT ( 'NONE', #3664 ) ;
#2010 = VECTOR ( 'NONE', #2598, 1000.000000000000000 ) ;
#2011 = DIRECTION ( 'NONE',  ( 0.0000000000000000000, 0.0000000000000000000, 1.000000000000000000 ) ) ;
#2012 = AXIS2_PLACEMENT_3D ( 'NONE', #4990, #4928, #4910 ) ;
#2013 = VERTEX_POINT ( 'NONE', #3724 ) ;
#2014 = DIRECTION ( 'NONE',  ( 0.0000000000000000000, 0.0000000000000000000, 1.000000000000000000 ) ) ;
#2015 = CARTESIAN_POINT ( 'NONE',  ( 1.000000000000000900, 2.000000000000001800, 0.0000000000000000000 ) ) ;
#2016 = FACE_OUTER_BOUND ( 'NONE', #5721, .T. ) ;
#2017 = STYLED_ITEM ( 'NONE', ( #6128 ), #3328 ) ;
#2018 = CARTESIAN_POINT ( 'NONE',  ( 2.000000000000000000, 2.000000000000000000, 0.0000000000000000000 ) ) ;
#2019 = AXIS2_PLACEMENT_3D ( 'NONE', #5974, #5987, #6031 ) ;
#2020 = CARTESIAN_POINT ( 'NONE',  ( 0.9999999999999993300, -4.336808689941936900E-016, 3.100000000000000500 ) ) ;
#2021 = LINE ( 'NONE', #2958, #2729 ) ;
#2022 = VECTOR ( 'NONE', #633, 1000.000000000000000 ) ;
#2023 = EDGE_CURVE ( 'NONE', #3252, #1094, #126, .T. ) ;
#2024 = UNCERTAINTY_MEASURE_WITH_UNIT (LENGTH_MEASURE( 1.000000000000000100E-005 ), #1507, 'distance_accuracy_value', 'NONE');
#2025 = DIRECTION ( 'NONE',  ( 0.9659258262890697600, -0.2588190451025151900, 0.0000000000000000000 ) ) ;
#2026 =( NAMED_UNIT ( * ) PLANE_ANGLE_UNIT ( ) SI_UNIT ( $, .RADIAN. ) );
#2027 = ORIENTED_EDGE ( 'NONE', *, *, #4561, .F. ) ;
#2028 = LINE ( 'NONE', #3653, #691 ) ;
#2029 = EDGE_LOOP ( 'NONE', ( #4049, #4217, #660, #481, #4856, #1543 ) ) ;
#2030 = ORIENTED_EDGE ( 'NONE', *, *, #4578, .T. ) ;
#2031 = STYLED_ITEM ( 'NONE', ( #968 ), #4218 ) ;
#2032 = CIRCLE ( 'NONE', #3250, 0.5000000000000004400 ) ;
#2033 = EDGE_CURVE ( 'NONE', #4824, #3212, #1594, .T. ) ;
#2034 = CARTESIAN_POINT ( 'NONE',  ( -2.050000000000269800, 2.700000000000000200, 0.8000000000000000400 ) ) ;
#2035 = PRESENTATION_STYLE_ASSIGNMENT (( #3972 ) ) ;
#2036 = EDGE_CURVE ( 'NONE', #1403, #5880, #5137, .T. ) ;
#2037 = DIRECTION ( 'NONE',  ( 0.0000000000000000000, 0.0000000000000000000, 1.000000000000000000 ) ) ;
#2038 =( NAMED_UNIT ( * ) SI_UNIT ( $, .STERADIAN. ) SOLID_ANGLE_UNIT ( ) );
#2039 = PRESENTATION_LAYER_ASSIGNMENT (  '', '', ( #1723 ) ) ;
#2040 = DIRECTION ( 'NONE',  ( -1.000000000000000000, 7.383365949283020400E-013, 0.0000000000000000000 ) ) ;
#2041 = DIRECTION ( 'NONE',  ( 0.0000000000000000000, 0.0000000000000000000, 1.000000000000000000 ) ) ;
#2042 = CARTESIAN_POINT ( 'NONE',  ( -1.000000000000000700, 0.1350001336864204400, 3.099999999999999600 ) ) ;
#2043 = FILL_AREA_STYLE_COLOUR ( '', #3929 ) ;
#2044 = CARTESIAN_POINT ( 'NONE',  ( 0.0000000000000000000, -6.723029547069799600, -3.114471770219790200 ) ) ;
#2045 =( GEOMETRIC_REPRESENTATION_CONTEXT ( 3 ) GLOBAL_UNCERTAINTY_ASSIGNED_CONTEXT ( ( #608 ) ) GLOBAL_UNIT_ASSIGNED_CONTEXT ( ( #3169, #3230, #3405 ) ) REPRESENTATION_CONTEXT ( 'NONE', 'WORKASPACE' ) );
#2046 =( GEOMETRIC_REPRESENTATION_CONTEXT ( 3 ) GLOBAL_UNCERTAINTY_ASSIGNED_CONTEXT ( ( #3449 ) ) GLOBAL_UNIT_ASSIGNED_CONTEXT ( ( #3291, #340, #3759 ) ) REPRESENTATION_CONTEXT ( 'NONE', 'WORKASPACE' ) );
#2047 = VERTEX_POINT ( 'NONE', #3932 ) ;
#2048 = CARTESIAN_POINT ( 'NONE',  ( -1.000000000000000000, 0.6912459284779619600, 1.549472632322330000 ) ) ;
#2049 = CARTESIAN_POINT ( 'NONE',  ( 0.8999999999999962500, -1.799999999999991400, 0.04142135623730910900 ) ) ;
#2050 = DIRECTION ( 'NONE',  ( -7.383365949283020400E-013, -1.000000000000000000, 0.0000000000000000000 ) ) ;
#2051 = SURFACE_STYLE_FILL_AREA ( #3213 ) ;
#2052 = ORIENTED_EDGE ( 'NONE', *, *, #2160, .T. ) ;
#2053 = AXIS2_PLACEMENT_3D ( 'NONE', #1707, #1728, #1745 ) ;
#2054 = CARTESIAN_POINT ( 'NONE',  ( -0.8702468623094903300, -0.5095490768122507000, 3.211674474732914200 ) ) ;
#2055 = DIRECTION ( 'NONE',  ( 0.0000000000000000000, 0.0000000000000000000, 1.000000000000000000 ) ) ;
#2056 = ORIENTED_EDGE ( 'NONE', *, *, #1197, .T. ) ;
#2057 = DIRECTION ( 'NONE',  ( 0.0000000000000000000, 0.0000000000000000000, 1.000000000000000000 ) ) ;
#2058 = CIRCLE ( 'NONE', #2631, 0.5500000000000000400 ) ;
#2059 = AXIS2_PLACEMENT_3D ( 'NONE', #4949, #2112, #5398 ) ;
#2060 = DIRECTION ( 'NONE',  ( 0.0000000000000000000, -1.000000000000000000, -0.0000000000000000000 ) ) ;
#2061 = ORIENTED_EDGE ( 'NONE', *, *, #4339, .T. ) ;
#2062 = DIRECTION ( 'NONE',  ( 0.0000000000000000000, 0.0000000000000000000, 1.000000000000000000 ) ) ;
#2063 = PRESENTATION_STYLE_ASSIGNMENT (( #4463 ) ) ;
#2064 = EDGE_CURVE ( 'NONE', #2746, #4857, #569, .T. ) ;
#2065 = LINE ( 'NONE', #5617, #4154 ) ;
#2066 = ORIENTED_EDGE ( 'NONE', *, *, #3431, .F. ) ;
#2067 = ORIENTED_EDGE ( 'NONE', *, *, #4630, .T. ) ;
#2068 = EDGE_CURVE ( 'NONE', #1717, #2163, #3031, .T. ) ;
#2069 = CIRCLE ( 'NONE', #1310, 0.1000000000000000300 ) ;
#2070 = CARTESIAN_POINT ( 'NONE',  ( -1.000000000000000700, 1.555397397064010500, -2.590967228289160500 ) ) ;
#2071 = STYLED_ITEM ( 'NONE', ( #4118 ), #4916 ) ;
#2072 = CYLINDRICAL_SURFACE ( 'NONE', #1229, 0.1000000000000000100 ) ;
#2073 = CARTESIAN_POINT ( 'NONE',  ( -0.9659925053760862700, -0.2670954595193607000, 3.131523571418575200 ) ) ;
#2074 =( NAMED_UNIT ( * ) SI_UNIT ( $, .STERADIAN. ) SOLID_ANGLE_UNIT ( ) );
#2075 = DIRECTION ( 'NONE',  ( 0.0000000000000000000, 0.0000000000000000000, 1.000000000000000000 ) ) ;
#2076 = COLOUR_RGB ( '',0.7921568627450980000, 0.8000000000000000400, 0.8078431372549019800 ) ;
#2077 = ORIENTED_EDGE ( 'NONE', *, *, #1386, .T. ) ;
#2078 = DIRECTION ( 'NONE',  ( 0.0000000000000000000, 1.000000000000000000, 0.0000000000000000000 ) ) ;
#2079 = VECTOR ( 'NONE', #2195, 1000.000000000000000 ) ;
#2080 = CARTESIAN_POINT ( 'NONE',  ( 2.249999999999969800, 2.000000000000000000, 2.000000000000000000 ) ) ;
#2081 = ORIENTED_EDGE ( 'NONE', *, *, #2557, .F. ) ;
#2082 = PRESENTATION_LAYER_ASSIGNMENT (  '', '', ( #2418 ) ) ;
#2083 =( GEOMETRIC_REPRESENTATION_CONTEXT ( 3 ) GLOBAL_UNCERTAINTY_ASSIGNED_CONTEXT ( ( #2594 ) ) GLOBAL_UNIT_ASSIGNED_CONTEXT ( ( #4402, #1542, #4876 ) ) REPRESENTATION_CONTEXT ( 'NONE', 'WORKASPACE' ) );
#2084 = ORIENTED_EDGE ( 'NONE', *, *, #1955, .F. ) ;
#2085 = DIRECTION ( 'NONE',  ( 1.206041662497709000E-016, 0.9848077530087877600, 0.1736481776863276200 ) ) ;
#2086 =( NAMED_UNIT ( * ) SI_UNIT ( $, .STERADIAN. ) SOLID_ANGLE_UNIT ( ) );
#2087 = VECTOR ( 'NONE', #1722, 1000.000000000000100 ) ;
#2088 =( LENGTH_UNIT ( ) NAMED_UNIT ( * ) SI_UNIT ( .MILLI., .METRE. ) );
#2089 = FACE_OUTER_BOUND ( 'NONE', #2187, .T. ) ;
#2090 = VERTEX_POINT ( 'NONE', #4032 ) ;
#2091 =( NAMED_UNIT ( * ) PLANE_ANGLE_UNIT ( ) SI_UNIT ( $, .RADIAN. ) );
#2092 = AXIS2_PLACEMENT_3D ( 'NONE', #1089, #1334, #1473 ) ;
#2093 = PLANE ( 'NONE',  #5369 ) ;
#2094 = COLOUR_RGB ( '',0.7921568627450980000, 0.8000000000000000400, 0.8078431372549019800 ) ;
#2095 = ORIENTED_EDGE ( 'NONE', *, *, #5343, .F. ) ;
#2096 = LINE ( 'NONE', #478, #5551 ) ;
#2097 = CARTESIAN_POINT ( 'NONE',  ( -0.9463703372445537700, -0.3295840568714916700, 3.149073464986137200 ) ) ;
#2098 = FILL_AREA_STYLE ('',( #82 ) ) ;
#2099 = COLOUR_RGB ( '',0.0000000000000000000, 0.3686274509803921800, 0.7215686274509803800 ) ;
#2100 = CARTESIAN_POINT ( 'NONE',  ( -0.9999999999999954500, 1.057300048018180200, -2.634545099662997100 ) ) ;
#2101 = CARTESIAN_POINT ( 'NONE',  ( 5.000000000000000000, 0.0000000000000000000, 0.0000000000000000000 ) ) ;
#2102 = STYLED_ITEM ( 'NONE', ( #3613 ), #2695 ) ;
#2103 = UNCERTAINTY_MEASURE_WITH_UNIT (LENGTH_MEASURE( 1.000000000000000100E-005 ), #1030, 'distance_accuracy_value', 'NONE');
#2104 = DIRECTION ( 'NONE',  ( 1.000000000000000000, 1.224646799147352000E-016, 0.0000000000000000000 ) ) ;
#2105 = FACE_OUTER_BOUND ( 'NONE', #3747, .T. ) ;
#2106 = FILL_AREA_STYLE ('',( #2137 ) ) ;
#2107 = EDGE_CURVE ( 'NONE', #3569, #2583, #5814, .T. ) ;
#2108 = ORIENTED_EDGE ( 'NONE', *, *, #766, .F. ) ;
#2109 = FILL_AREA_STYLE_COLOUR ( '', #4083 ) ;
#2110 = ORIENTED_EDGE ( 'NONE', *, *, #5106, .T. ) ;
#2111 = EDGE_LOOP ( 'NONE', ( #1515, #6012 ) ) ;
#2112 = DIRECTION ( 'NONE',  ( -2.323287528027560000E-019, -0.0000000000000000000, 1.000000000000000000 ) ) ;
#2113 = FILL_AREA_STYLE ('',( #3998 ) ) ;
#2114 = DIRECTION ( 'NONE',  ( -1.000000000000000000, 0.0000000000000000000, 0.0000000000000000000 ) ) ;
#2115 = STYLED_ITEM ( 'NONE', ( #4822 ), #4570 ) ;
#2116 =( LENGTH_UNIT ( ) NAMED_UNIT ( * ) SI_UNIT ( .MILLI., .METRE. ) );
#2117 = COLOUR_RGB ( '',0.7921568627450980000, 0.8000000000000000400, 0.8078431372549019800 ) ;
#2118 = CARTESIAN_POINT ( 'NONE',  ( -0.9929742860612894600, -0.1359543017329678000, 3.106805007178631900 ) ) ;
#2119 = CARTESIAN_POINT ( 'NONE',  ( -3.100000000000000500, 2.899999999999999000, 6.700000000000000200 ) ) ;
#2120 = ORIENTED_EDGE ( 'NONE', *, *, #5418, .F. ) ;
#2121 = SURFACE_SIDE_STYLE ('',( #1525 ) ) ;
#2122 =( GEOMETRIC_REPRESENTATION_CONTEXT ( 3 ) GLOBAL_UNCERTAINTY_ASSIGNED_CONTEXT ( ( #91 ) ) GLOBAL_UNIT_ASSIGNED_CONTEXT ( ( #2655, #5924, #3143 ) ) REPRESENTATION_CONTEXT ( 'NONE', 'WORKASPACE' ) );
#2123 = VECTOR ( 'NONE', #3090, 1000.000000000000000 ) ;
#2124 = SHAPE_REPRESENTATION_RELATIONSHIP ( 'NONE' , 'NONE' ,  #3183, #1673 ) ;
#2125 = EDGE_LOOP ( 'NONE', ( #5585, #494, #2868, #2623 ) ) ;
#2126 = DIRECTION ( 'NONE',  ( 0.0000000000000000000, 0.0000000000000000000, 1.000000000000000000 ) ) ;
#2127 = CARTESIAN_POINT ( 'NONE',  ( -0.5500000000000001600, 4.500000000000000900, -1.456080807316840000E-018 ) ) ;
#2128 = VECTOR ( 'NONE', #5765, 1000.000000000000000 ) ;
#2129 = FILL_AREA_STYLE ('',( #1773 ) ) ;
#2130 = MECHANICAL_DESIGN_GEOMETRIC_PRESENTATION_REPRESENTATION (  '', ( #1478 ), #2456 ) ;
#2131 = VECTOR ( 'NONE', #2545, 1000.000000000000000 ) ;
#2132 = FILL_AREA_STYLE_COLOUR ( '', #2389 ) ;
#2133 = ORIENTED_EDGE ( 'NONE', *, *, #4186, .F. ) ;
#2134 =( NAMED_UNIT ( * ) PLANE_ANGLE_UNIT ( ) SI_UNIT ( $, .RADIAN. ) );
#2135 = ORIENTED_EDGE ( 'NONE', *, *, #3833, .F. ) ;
#2136 = VECTOR ( 'NONE', #5336, 1000.000000000000000 ) ;
#2137 = FILL_AREA_STYLE_COLOUR ( '', #594 ) ;
#2138 = UNCERTAINTY_MEASURE_WITH_UNIT (LENGTH_MEASURE( 1.000000000000000100E-005 ), #4106, 'distance_accuracy_value', 'NONE');
#2139 = STYLED_ITEM ( 'NONE', ( #4187 ), #3233 ) ;
#2140 = ORIENTED_EDGE ( 'NONE', *, *, #3950, .F. ) ;
#2141 = DIRECTION ( 'NONE',  ( 0.0000000000000000000, 0.0000000000000000000, -1.000000000000000000 ) ) ;
#2142 = CARTESIAN_POINT ( 'NONE',  ( 1.761227609852363200, 0.3715875486258004600, 5.299999999999999800 ) ) ;
#2143 = CARTESIAN_POINT ( 'NONE',  ( -3.263448539181368300E-014, 0.0000000000000000000, 6.092571664851220700 ) ) ;
#2144 = DIRECTION ( 'NONE',  ( -0.0000000000000000000, -1.000000000000000000, 0.0000000000000000000 ) ) ;
#2145 = ORIENTED_EDGE ( 'NONE', *, *, #766, .T. ) ;
#2146 =( NAMED_UNIT ( * ) SI_UNIT ( $, .STERADIAN. ) SOLID_ANGLE_UNIT ( ) );
#2147 = EDGE_LOOP ( 'NONE', ( #4894, #6187, #4544, #1378, #1302, #3792 ) ) ;
#2148 = CARTESIAN_POINT ( 'NONE',  ( 0.0000000000000000000, 0.0000000000000000000, 2.000000000000000000 ) ) ;
#2149 = CIRCLE ( 'NONE', #813, 0.8999999999999960300 ) ;
#2150 = DIRECTION ( 'NONE',  ( 4.440892098500630100E-016, -0.0000000000000000000, 1.000000000000000000 ) ) ;
#2151 = DIRECTION ( 'NONE',  ( 0.0000000000000000000, 0.0000000000000000000, -1.000000000000000000 ) ) ;
#2152 = VERTEX_POINT ( 'NONE', #4344 ) ;
#2153 = MECHANICAL_DESIGN_GEOMETRIC_PRESENTATION_REPRESENTATION (  '', ( #1498 ), #2472 ) ;
#2154 = EDGE_CURVE ( 'NONE', #2155, #5189, #419, .T. ) ;
#2155 = VERTEX_POINT ( 'NONE', #4302 ) ;
#2156 = FACE_OUTER_BOUND ( 'NONE', #4138, .T. ) ;
#2157 = DIRECTION ( 'NONE',  ( 0.7071067811865474600, 0.0000000000000000000, 0.7071067811865475700 ) ) ;
#2158 = CARTESIAN_POINT ( 'NONE',  ( 1.761227609852357200, -0.3715875486258298200, 5.299999999999999800 ) ) ;
#2159 = CIRCLE ( 'NONE', #2349, 0.9000000000014551900 ) ;
#2160 = EDGE_CURVE ( 'NONE', #5572, #3708, #5372, .T. ) ;
#2161 = CARTESIAN_POINT ( 'NONE',  ( -3.100000000000000500, 2.899999999999999900, 1.734723475976807100E-015 ) ) ;
#2162 = LINE ( 'NONE', #896, #2008 ) ;
#2163 = VERTEX_POINT ( 'NONE', #4404 ) ;
#2164 = CARTESIAN_POINT ( 'NONE',  ( -1.000000000000000000, -2.250000000000000400, -0.1000000000000000100 ) ) ;
#2165 = MECHANICAL_DESIGN_GEOMETRIC_PRESENTATION_REPRESENTATION (  '', ( #1156 ), #2482 ) ;
#2166 = ADVANCED_FACE ( 'NONE', ( #1918 ), #4814, .F. ) ;
#2167 = DIRECTION ( 'NONE',  ( 0.0000000000000000000, 2.376333528961739500E-016, 1.000000000000000000 ) ) ;
#2168 = ORIENTED_EDGE ( 'NONE', *, *, #3326, .T. ) ;
#2169 = SURFACE_STYLE_FILL_AREA ( #5945 ) ;
#2170 = CARTESIAN_POINT ( 'NONE',  ( 7.500000000000000000, -3.100000000000000500, 5.799999999999999800 ) ) ;
#2171 = FILL_AREA_STYLE ('',( #630 ) ) ;
#2172 = DIRECTION ( 'NONE',  ( -1.000000000000000000, 0.0000000000000000000, 0.0000000000000000000 ) ) ;
#2173 = MECHANICAL_DESIGN_GEOMETRIC_PRESENTATION_REPRESENTATION (  '', ( #1513 ), #2490 ) ;
#2174 = PRESENTATION_STYLE_ASSIGNMENT (( #907 ) ) ;
#2175 = MECHANICAL_DESIGN_GEOMETRIC_PRESENTATION_REPRESENTATION (  '', ( #836 ), #2491 ) ;
#2176 =( NAMED_UNIT ( * ) PLANE_ANGLE_UNIT ( ) SI_UNIT ( $, .RADIAN. ) );
#2177 =( NAMED_UNIT ( * ) PLANE_ANGLE_UNIT ( ) SI_UNIT ( $, .RADIAN. ) );
#2178 =( NAMED_UNIT ( * ) SI_UNIT ( $, .STERADIAN. ) SOLID_ANGLE_UNIT ( ) );
#2179 = SURFACE_SIDE_STYLE ('',( #299 ) ) ;
#2180 = VECTOR ( 'NONE', #2924, 1000.000000000000000 ) ;
#2181 = UNCERTAINTY_MEASURE_WITH_UNIT (LENGTH_MEASURE( 1.000000000000000100E-005 ), #2496, 'distance_accuracy_value', 'NONE');
#2182 = CARTESIAN_POINT ( 'NONE',  ( 1.761227609852357200, -0.3715875486258299300, 5.592893218813453700 ) ) ;
#2183 = COLOUR_RGB ( '',0.7921568627450980000, 0.8000000000000000400, 0.8078431372549019800 ) ;
#2184 = MECHANICAL_DESIGN_GEOMETRIC_PRESENTATION_REPRESENTATION (  '', ( #1523 ), #2495 ) ;
#2185 = CARTESIAN_POINT ( 'NONE',  ( -1.255262969126040300E-016, -2.000000000000000000, 3.499999999999999600 ) ) ;
#2186 = CARTESIAN_POINT ( 'NONE',  ( 4.999999999999969800, 3.000000000000000000, 4.799999999999999800 ) ) ;
#2187 = EDGE_LOOP ( 'NONE', ( #2836, #1829, #5171, #5292 ) ) ;
#2188 = ORIENTED_EDGE ( 'NONE', *, *, #364, .F. ) ;
#2189 = UNCERTAINTY_MEASURE_WITH_UNIT (LENGTH_MEASURE( 1.000000000000000100E-005 ), #1182, 'distance_accuracy_value', 'NONE');
#2190 = SURFACE_SIDE_STYLE ('',( #129 ) ) ;
#2191 = CARTESIAN_POINT ( 'NONE',  ( -1.250000000000000000, 0.0000000000000000000, 4.299999999999999800 ) ) ;
#2192 = LINE ( 'NONE', #5357, #3461 ) ;
#2193 = DIRECTION ( 'NONE',  ( 0.0000000000000000000, 0.0000000000000000000, 1.000000000000000000 ) ) ;
#2194 = AXIS2_PLACEMENT_3D ( 'NONE', #1451, #4795, #1950 ) ;
#2195 = DIRECTION ( 'NONE',  ( 0.0000000000000000000, 0.0000000000000000000, 1.000000000000000000 ) ) ;
#2196 = CARTESIAN_POINT ( 'NONE',  ( 0.8999999999999960300, 1.102182119232613200E-016, 0.1000000000000000500 ) ) ;
#2197 = EDGE_CURVE ( 'NONE', #1977, #53, #1118, .T. ) ;
#2198 =( NAMED_UNIT ( * ) PLANE_ANGLE_UNIT ( ) SI_UNIT ( $, .RADIAN. ) );
#2199 = CARTESIAN_POINT ( 'NONE',  ( -1.300000000000032700, 0.0000000000000000000, 6.000000000000000000 ) ) ;
#2200 = ITEM_DEFINED_TRANSFORMATION ( 'NONE', 'NONE', #4283,  #3766 ) ;
#2201 = DIRECTION ( 'NONE',  ( 0.0000000000000000000, 0.0000000000000000000, 1.000000000000000000 ) ) ;
#2202 = APPLICATION_CONTEXT ( 'automotive_design' ) ;
#2203 =( LENGTH_UNIT ( ) NAMED_UNIT ( * ) SI_UNIT ( .MILLI., .METRE. ) );
#2204 = ADVANCED_FACE ( 'NONE', ( #2295 ), #4781, .F. ) ;
#2205 = EDGE_CURVE ( 'NONE', #131, #1538, #1840, .T. ) ;
#2206 = AXIS2_PLACEMENT_3D ( 'NONE', #1113, #4493, #1637 ) ;
#2207 = COLOUR_RGB ( '',0.7921568627450980000, 0.8196078431372548800, 0.9333333333333333500 ) ;
#2208 = DIRECTION ( 'NONE',  ( 0.8660254037844387100, 0.4999999999999998300, 0.0000000000000000000 ) ) ;
#2209 = EDGE_LOOP ( 'NONE', ( #4489, #3652, #343, #1933 ) ) ;
#2210 = SURFACE_SIDE_STYLE ('',( #207 ) ) ;
#2211 = LINE ( 'NONE', #739, #5792 ) ;
#2212 = CARTESIAN_POINT ( 'NONE',  ( 7.500000000000000000, 0.0000000000000000000, 6.700000000000000200 ) ) ;
#2213 = CARTESIAN_POINT ( 'NONE',  ( 0.0000000000000000000, -2.549999999999997200, -1.700000000000000200 ) ) ;
#2214 = EDGE_CURVE ( 'NONE', #639, #3737, #3102, .T. ) ;
#2215 = LINE ( 'NONE', #3124, #3915 ) ;
#2216 = PRESENTATION_LAYER_ASSIGNMENT (  '', '', ( #1893 ) ) ;
#2217 = CLOSED_SHELL ( 'NONE', ( #2236, #3633, #4092, #3784, #5175, #1726, #191, #4313, #3328, #683, #5698, #885, #452, #5123, #394, #5722, #3661, #2726, #4570, #3389, #5936, #4343, #4279, #4535, #916, #1884, #2446, #2395, #3302, #3354, #5519, #6086, #3135, #3719, #1942, #4634, #2204, #942, #4754, #1851, #852, #1326, #3692, #297, #3818, #5966, #4253, #1691, #5094, #821, #4218, #4808, #3233, #1363, #1432, #3602, #754, #5996, #786, #2292, #1817 ) ) ;
#2218 = DIRECTION ( 'NONE',  ( 1.000000000000000000, 0.0000000000000000000, 0.0000000000000000000 ) ) ;
#2219 = ORIENTED_EDGE ( 'NONE', *, *, #2277, .F. ) ;
#2220 =( LENGTH_UNIT ( ) NAMED_UNIT ( * ) SI_UNIT ( .MILLI., .METRE. ) );
#2221 = SURFACE_STYLE_USAGE ( .BOTH. , #2210 ) ;
#2222 = PRESENTATION_STYLE_ASSIGNMENT (( #3095 ) ) ;
#2223 = CARTESIAN_POINT ( 'NONE',  ( 7.500000000000000000, -3.100000000000000500, 7.000000000000000000 ) ) ;
#2224 = APPLICATION_PROTOCOL_DEFINITION ( 'draft international standard', 'automotive_design', 1998, #5061 ) ;
#2225 = ORIENTED_EDGE ( 'NONE', *, *, #5420, .T. ) ;
#2226 = DIRECTION ( 'NONE',  ( 0.0000000000000000000, 0.0000000000000000000, 1.000000000000000000 ) ) ;
#2227 = STYLED_ITEM ( 'NONE', ( #117 ), #1294 ) ;
#2228 = DIRECTION ( 'NONE',  ( 0.0000000000000000000, 0.0000000000000000000, -1.000000000000000000 ) ) ;
#2229 = DIRECTION ( 'NONE',  ( -5.286776307738839800E-017, -0.0000000000000000000, -1.000000000000000000 ) ) ;
#2230 = SURFACE_STYLE_FILL_AREA ( #4019 ) ;
#2231 = UNCERTAINTY_MEASURE_WITH_UNIT (LENGTH_MEASURE( 1.000000000000000100E-005 ), #2364, 'distance_accuracy_value', 'NONE');
#2232 = ORIENTED_EDGE ( 'NONE', *, *, #2710, .F. ) ;
#2233 = SURFACE_STYLE_FILL_AREA ( #3973 ) ;
#2234 = AXIS2_PLACEMENT_3D ( 'NONE', #5284, #2467, #5737 ) ;
#2235 =( GEOMETRIC_REPRESENTATION_CONTEXT ( 3 ) GLOBAL_UNCERTAINTY_ASSIGNED_CONTEXT ( ( #6079 ) ) GLOBAL_UNIT_ASSIGNED_CONTEXT ( ( #2116, #6097, #5782 ) ) REPRESENTATION_CONTEXT ( 'NONE', 'WORKASPACE' ) );
#2236 = ADVANCED_FACE ( 'NONE', ( #4220 ), #1204, .F. ) ;
#2237 = CARTESIAN_POINT ( 'NONE',  ( -1.000000000000000000, 3.000000000000000000, 0.0000000000000000000 ) ) ;
#2238 = VERTEX_POINT ( 'NONE', #5317 ) ;
#2239 = DIRECTION ( 'NONE',  ( 1.000000000000000000, -0.0000000000000000000, 0.0000000000000000000 ) ) ;
#2240 = EDGE_CURVE ( 'NONE', #987, #1157, #2505, .T. ) ;
#2241 = FILL_AREA_STYLE_COLOUR ( '', #1289 ) ;
#2242 = FILL_AREA_STYLE ('',( #5077 ) ) ;
#2243 = ORIENTED_EDGE ( 'NONE', *, *, #3981, .T. ) ;
#2244 = DIRECTION ( 'NONE',  ( 0.0000000000000000000, -0.0000000000000000000, 1.000000000000000000 ) ) ;
#2245 = PRESENTATION_STYLE_ASSIGNMENT (( #708 ) ) ;
#2246 =( LENGTH_UNIT ( ) NAMED_UNIT ( * ) SI_UNIT ( .MILLI., .METRE. ) );
#2247 = DIRECTION ( 'NONE',  ( -1.000000000000000000, 0.0000000000000000000, 0.0000000000000000000 ) ) ;
#2248 =( REPRESENTATION_RELATIONSHIP ('NONE','NONE', #3198, #3183 ) REPRESENTATION_RELATIONSHIP_WITH_TRANSFORMATION ( #401 )SHAPE_REPRESENTATION_RELATIONSHIP( ) );
#2249 = MECHANICAL_DESIGN_GEOMETRIC_PRESENTATION_REPRESENTATION (  '', ( #902 ), #2555 ) ;
#2250 = COLOUR_RGB ( '',0.0000000000000000000, 0.3686274509803921800, 0.7215686274509803800 ) ;
#2251 = EDGE_CURVE ( 'NONE', #5529, #445, #3774, .T. ) ;
#2252 = VECTOR ( 'NONE', #2272, 1000.000000000000000 ) ;
#2253 = FILL_AREA_STYLE_COLOUR ( '', #553 ) ;
#2254 = PLANE ( 'NONE',  #4521 ) ;
#2255 = MECHANICAL_DESIGN_GEOMETRIC_PRESENTATION_REPRESENTATION (  '', ( #1261 ), #2562 ) ;
#2256 = SURFACE_SIDE_STYLE ('',( #372 ) ) ;
#2257 = CARTESIAN_POINT ( 'NONE',  ( -1.000000000000000000, 3.000000000000000000, 0.2000000000000000100 ) ) ;
#2258 = LINE ( 'NONE', #4826, #923 ) ;
#2259 = SURFACE_STYLE_USAGE ( .BOTH. , #2584 ) ;
#2260 =( GEOMETRIC_REPRESENTATION_CONTEXT ( 3 ) GLOBAL_UNCERTAINTY_ASSIGNED_CONTEXT ( ( #1315 ) ) GLOBAL_UNIT_ASSIGNED_CONTEXT ( ( #3731, #3101, #1149 ) ) REPRESENTATION_CONTEXT ( 'NONE', 'WORKASPACE' ) );
#2261 = PRODUCT_DEFINITION ( 'UNKNOWN', '', #5709, #5561 ) ;
#2262 = CARTESIAN_POINT ( 'NONE',  ( -3.264055692397958300E-014, 0.0000000000000000000, 5.799999999999999800 ) ) ;
#2263 = UNCERTAINTY_MEASURE_WITH_UNIT (LENGTH_MEASURE( 1.000000000000000100E-005 ), #1062, 'distance_accuracy_value', 'NONE');
#2264 = FILL_AREA_STYLE_COLOUR ( '', #2520 ) ;
#2265 = ADVANCED_FACE ( 'NONE', ( #14 ), #561, .T. ) ;
#2266 = SURFACE_STYLE_FILL_AREA ( #137 ) ;
#2267 = ORIENTED_EDGE ( 'NONE', *, *, #599, .F. ) ;
#2268 = VERTEX_POINT ( 'NONE', #5672 ) ;
#2269 = PRESENTATION_LAYER_ASSIGNMENT (  '', '', ( #1606 ) ) ;
#2270 = SURFACE_STYLE_FILL_AREA ( #2273 ) ;
#2271 = FILL_AREA_STYLE_COLOUR ( '', #78 ) ;
#2272 = DIRECTION ( 'NONE',  ( -1.000000000000000000, -0.0000000000000000000, 0.0000000000000000000 ) ) ;
#2273 = FILL_AREA_STYLE ('',( #1307 ) ) ;
#2274 = FILL_AREA_STYLE ('',( #2241 ) ) ;
#2275 = LINE ( 'NONE', #4641, #3396 ) ;
#2276 = STYLED_ITEM ( 'NONE', ( #3502 ), #3878 ) ;
#2277 = EDGE_CURVE ( 'NONE', #202, #252, #4441, .T. ) ;
#2278 = VERTEX_POINT ( 'NONE', #5630 ) ;
#2279 = DIRECTION ( 'NONE',  ( -4.724353296277260100E-017, 0.0000000000000000000, -1.000000000000000000 ) ) ;
#2280 = CARTESIAN_POINT ( 'NONE',  ( 7.500000000000000000, 4.500000000000000900, 7.000000000000340200 ) ) ;
#2281 = CARTESIAN_POINT ( 'NONE',  ( 5.499999999999969800, 2.000000000000000000, 10.57037001743049300 ) ) ;
#2282 = VECTOR ( 'NONE', #1109, 1000.000000000000100 ) ;
#2283 = EDGE_CURVE ( 'NONE', #256, #1981, #5511, .T. ) ;
#2284 = ORIENTED_EDGE ( 'NONE', *, *, #3431, .T. ) ;
#2285 = DIRECTION ( 'NONE',  ( 0.0000000000000000000, 0.0000000000000000000, 1.000000000000000000 ) ) ;
#2286 = MECHANICAL_DESIGN_GEOMETRIC_PRESENTATION_REPRESENTATION (  '', ( #1634 ), #2593 ) ;
#2287 = DIRECTION ( 'NONE',  ( -5.286776307738839800E-017, -0.0000000000000000000, -1.000000000000000000 ) ) ;
#2288 = ORIENTED_EDGE ( 'NONE', *, *, #5016, .F. ) ;
#2289 = DIRECTION ( 'NONE',  ( -5.286776307738839800E-017, -0.0000000000000000000, -1.000000000000000000 ) ) ;
#2290 = EDGE_LOOP ( 'NONE', ( #3713, #5868, #693, #6106 ) ) ;
#2291 = ORIENTED_EDGE ( 'NONE', *, *, #5305, .F. ) ;
#2292 = ADVANCED_FACE ( 'NONE', ( #3023 ), #5805, .F. ) ;
#2293 = PRODUCT ( 'DG301-5.0-02P-12-00A(H)', 'DG301-5.0-02P-12-00A(H)', '', ( #5036 ) ) ;
#2294 = DIRECTION ( 'NONE',  ( -1.000000000000000000, 0.0000000000000000000, 0.0000000000000000000 ) ) ;
#2295 = FACE_OUTER_BOUND ( 'NONE', #4811, .T. ) ;
#2296 = DIRECTION ( 'NONE',  ( 1.000000000000000000, 0.0000000000000000000, 0.0000000000000000000 ) ) ;
#2297 = LINE ( 'NONE', #1075, #2136 ) ;
#2298 = STYLED_ITEM ( 'NONE', ( #134 ), #363 ) ;
#2299 = MECHANICAL_DESIGN_GEOMETRIC_PRESENTATION_REPRESENTATION (  '', ( #1643 ), #2601 ) ;
#2300 = COLOUR_RGB ( '',0.7921568627450980000, 0.8000000000000000400, 0.8078431372549019800 ) ;
#2301 = ORIENTED_EDGE ( 'NONE', *, *, #347, .F. ) ;
#2302 =( LENGTH_UNIT ( ) NAMED_UNIT ( * ) SI_UNIT ( .MILLI., .METRE. ) );
#2303 = FACE_OUTER_BOUND ( 'NONE', #2501, .T. ) ;
#2304 =( NAMED_UNIT ( * ) SI_UNIT ( $, .STERADIAN. ) SOLID_ANGLE_UNIT ( ) );
#2305 = FILL_AREA_STYLE ('',( #3243 ) ) ;
#2306 = CARTESIAN_POINT ( 'NONE',  ( 5.204748896376218700E-017, 2.000000000000000000, 0.5999999999999998700 ) ) ;
#2307 = ORIENTED_EDGE ( 'NONE', *, *, #634, .T. ) ;
#2308 = UNCERTAINTY_MEASURE_WITH_UNIT (LENGTH_MEASURE( 1.000000000000000100E-005 ), #5664, 'distance_accuracy_value', 'NONE');
#2309 = STYLED_ITEM ( 'NONE', ( #654 ), #1487 ) ;
#2310 = ORIENTED_EDGE ( 'NONE', *, *, #5373, .T. ) ;
#2311 = DIRECTION ( 'NONE',  ( 1.000000000000000000, 0.0000000000000000000, 0.0000000000000000000 ) ) ;
#2312 = ORIENTED_EDGE ( 'NONE', *, *, #2919, .T. ) ;
#2313 = ORIENTED_EDGE ( 'NONE', *, *, #6107, .T. ) ;
#2314 = VECTOR ( 'NONE', #4631, 1000.000000000000000 ) ;
#2315 = CARTESIAN_POINT ( 'NONE',  ( 1.856707544639070000E-019, 0.0000000000000000000, 0.0000000000000000000 ) ) ;
#2316 = SURFACE_SIDE_STYLE ('',( #3214 ) ) ;
#2317 = LINE ( 'NONE', #5099, #3430 ) ;
#2318 =( GEOMETRIC_REPRESENTATION_CONTEXT ( 3 ) GLOBAL_UNCERTAINTY_ASSIGNED_CONTEXT ( ( #3487 ) ) GLOBAL_UNIT_ASSIGNED_CONTEXT ( ( #1321, #4678, #1822 ) ) REPRESENTATION_CONTEXT ( 'NONE', 'WORKASPACE' ) );
#2319 = CARTESIAN_POINT ( 'NONE',  ( 7.500000000000000000, -2.462330315003930200, 10.00000000000000000 ) ) ;
#2320 = VECTOR ( 'NONE', #2881, 1000.000000000000000 ) ;
#2321 = CARTESIAN_POINT ( 'NONE',  ( -4.665799833884880300E-020, 0.0000000000000000000, 1.000000000000000000 ) ) ;
#2322 = EDGE_CURVE ( 'NONE', #2152, #534, #5109, .T. ) ;
#2323 = VECTOR ( 'NONE', #6050, 1000.000000000000000 ) ;
#2324 = ORIENTED_EDGE ( 'NONE', *, *, #4387, .F. ) ;
#2325 = SURFACE_SIDE_STYLE ('',( #3853 ) ) ;
#2326 = ORIENTED_EDGE ( 'NONE', *, *, #4339, .F. ) ;
#2327 = FILL_AREA_STYLE_COLOUR ( '', #2588 ) ;
#2328 = CARTESIAN_POINT ( 'NONE',  ( -0.5000000000000024400, 2.053494746109882000, -2.547389356915330100 ) ) ;
#2329 = ORIENTED_EDGE ( 'NONE', *, *, #3280, .F. ) ;
#2330 = STYLED_ITEM ( 'NONE', ( #3343 ), #4661 ) ;
#2331 = DIRECTION ( 'NONE',  ( -1.000000000000000000, 0.0000000000000000000, 0.0000000000000000000 ) ) ;
#2332 = ADVANCED_FACE ( 'NONE', ( #1286 ), #6053, .T. ) ;
#2333 = SURFACE_STYLE_FILL_AREA ( #1277 ) ;
#2334 = FILL_AREA_STYLE_COLOUR ( '', #79 ) ;
#2335 = CARTESIAN_POINT ( 'NONE',  ( 2.323287528027560000E-019, 0.0000000000000000000, 4.799999999999999800 ) ) ;
#2336 = FILL_AREA_STYLE ('',( #1346 ) ) ;
#2337 = CARTESIAN_POINT ( 'NONE',  ( -2.500000000000000000, 3.060769515458670000, 6.700000000000000200 ) ) ;
#2338 = EDGE_CURVE ( 'NONE', #3854, #1853, #5725, .T. ) ;
#2339 = STYLED_ITEM ( 'NONE', ( #1632 ), #5722 ) ;
#2340 = CIRCLE ( 'NONE', #5020, 4.000000000000000900 ) ;
#2341 = CARTESIAN_POINT ( 'NONE',  ( 7.049999999995439900, -3.100000000000000500, 0.8000000000000000400 ) ) ;
#2342 =( NAMED_UNIT ( * ) SI_UNIT ( $, .STERADIAN. ) SOLID_ANGLE_UNIT ( ) );
#2343 = SURFACE_STYLE_USAGE ( .BOTH. , #2325 ) ;
#2344 = EDGE_LOOP ( 'NONE', ( #2288, #1280, #3371, #4458 ) ) ;
#2345 = ORIENTED_EDGE ( 'NONE', *, *, #4063, .F. ) ;
#2346 = ORIENTED_EDGE ( 'NONE', *, *, #3950, .T. ) ;
#2347 = UNCERTAINTY_MEASURE_WITH_UNIT (LENGTH_MEASURE( 1.000000000000000100E-005 ), #4234, 'distance_accuracy_value', 'NONE');
#2348 = CARTESIAN_POINT ( 'NONE',  ( 4.999999999999969800, 0.0000000000000000000, 5.799999999999999800 ) ) ;
#2349 = AXIS2_PLACEMENT_3D ( 'NONE', #1547, #365, #1585 ) ;
#2350 = DIRECTION ( 'NONE',  ( -1.000000000000000000, 0.0000000000000000000, 4.724353296277260100E-017 ) ) ;
#2351 = LINE ( 'NONE', #4439, #861 ) ;
#2352 = DIRECTION ( 'NONE',  ( 0.0000000000000000000, 0.08715574274766115000, -0.9961946980917453200 ) ) ;
#2353 =( NAMED_UNIT ( * ) SI_UNIT ( $, .STERADIAN. ) SOLID_ANGLE_UNIT ( ) );
#2354 = FILL_AREA_STYLE ('',( #5177 ) ) ;
#2355 = PRESENTATION_LAYER_ASSIGNMENT (  '', '', ( #2017 ) ) ;
#2356 = PRESENTATION_STYLE_ASSIGNMENT (( #5622 ) ) ;
#2357 = PRESENTATION_LAYER_ASSIGNMENT (  '', '', ( #1700 ) ) ;
#2358 = SURFACE_SIDE_STYLE ('',( #2493 ) ) ;
#2359 = CARTESIAN_POINT ( 'NONE',  ( 0.8585786437626864400, -6.584883513263490700E-017, -4.033850648023742100E-016 ) ) ;
#2360 = CARTESIAN_POINT ( 'NONE',  ( 0.4999999999999680300, 3.000000000000000000, 4.799999999999999800 ) ) ;
#2361 = EDGE_CURVE ( 'NONE', #2583, #1922, #3306, .T. ) ;
#2362 = ADVANCED_FACE ( 'NONE', ( #4513 ), #1518, .T. ) ;
#2363 = DIRECTION ( 'NONE',  ( -1.000000000000000000, 0.0000000000000000000, -0.0000000000000000000 ) ) ;
#2364 =( LENGTH_UNIT ( ) NAMED_UNIT ( * ) SI_UNIT ( .MILLI., .METRE. ) );
#2365 = ORIENTED_EDGE ( 'NONE', *, *, #1463, .F. ) ;
#2366 =( LENGTH_UNIT ( ) NAMED_UNIT ( * ) SI_UNIT ( .MILLI., .METRE. ) );
#2367 = AXIS2_PLACEMENT_3D ( 'NONE', #617, #4020, #1122 ) ;
#2368 = EDGE_CURVE ( 'NONE', #348, #4632, #2799, .T. ) ;
#2369 = FILL_AREA_STYLE ('',( #3310 ) ) ;
#2370 = EDGE_LOOP ( 'NONE', ( #4619, #4929, #2061, #2602 ) ) ;
#2371 = SURFACE_STYLE_USAGE ( .BOTH. , #5194 ) ;
#2372 = ORIENTED_EDGE ( 'NONE', *, *, #4890, .T. ) ;
#2373 = EDGE_CURVE ( 'NONE', #6017, #4096, #4057, .T. ) ;
#2374 = PRESENTATION_STYLE_ASSIGNMENT (( #5509 ) ) ;
#2375 = LINE ( 'NONE', #4976, #3625 ) ;
#2376 = CARTESIAN_POINT ( 'NONE',  ( -1.000000000000000000, 3.000000000000000000, 0.0000000000000000000 ) ) ;
#2377 = ORIENTED_EDGE ( 'NONE', *, *, #97, .F. ) ;
#2378 = CARTESIAN_POINT ( 'NONE',  ( 0.0000000000000000000, 0.0000000000000000000, 0.8000000000000000400 ) ) ;
#2379 = MECHANICAL_DESIGN_GEOMETRIC_PRESENTATION_REPRESENTATION (  '', ( #1723 ), #2681 ) ;
#2380 = ORIENTED_EDGE ( 'NONE', *, *, #6067, .T. ) ;
#2381 = CARTESIAN_POINT ( 'NONE',  ( 3.699999999999970000, 0.0000000000000000000, 6.000000000000000000 ) ) ;
#2382 = SURFACE_STYLE_FILL_AREA ( #3155 ) ;
#2383 = VECTOR ( 'NONE', #1256, 1000.000000000000100 ) ;
#2384 = CARTESIAN_POINT ( 'NONE',  ( 0.0000000000000000000, 0.0000000000000000000, 0.0000000000000000000 ) ) ;
#2385 = ORIENTED_EDGE ( 'NONE', *, *, #3826, .T. ) ;
#2386 =( GEOMETRIC_REPRESENTATION_CONTEXT ( 3 ) GLOBAL_UNCERTAINTY_ASSIGNED_CONTEXT ( ( #2347 ) ) GLOBAL_UNIT_ASSIGNED_CONTEXT ( ( #4234, #1365, #4720 ) ) REPRESENTATION_CONTEXT ( 'NONE', 'WORKASPACE' ) );
#2387 =( NAMED_UNIT ( * ) PLANE_ANGLE_UNIT ( ) SI_UNIT ( $, .RADIAN. ) );
#2388 = ORIENTED_EDGE ( 'NONE', *, *, #1243, .T. ) ;
#2389 = COLOUR_RGB ( '',0.7921568627450980000, 0.8000000000000000400, 0.8078431372549019800 ) ;
#2390 = UNCERTAINTY_MEASURE_WITH_UNIT (LENGTH_MEASURE( 1.000000000000000100E-005 ), #1345, 'distance_accuracy_value', 'NONE');
#2391 = ORIENTED_EDGE ( 'NONE', *, *, #2251, .T. ) ;
#2393 = LINE ( 'NONE', #2845, #3647 ) ;
#2392 = CARTESIAN_POINT ( 'NONE',  ( 6.499999999999730000, 3.700000000000000200, 5.799999999999999800 ) ) ;
#2394 = CARTESIAN_POINT ( 'NONE',  ( 1.696908944073310500, -0.3999999999985606700, 5.565712903961067300 ) ) ;
#2395 = ADVANCED_FACE ( 'NONE', ( #3912 ), #624, .F. ) ;
#2396 = AXIS2_PLACEMENT_3D ( 'NONE', #1552, #1568, #1574 ) ;
#2397 = ORIENTED_EDGE ( 'NONE', *, *, #5205, .F. ) ;
#2398 = SURFACE_STYLE_USAGE ( .BOTH. , #5217 ) ;
#2399 = VECTOR ( 'NONE', #1787, 1000.000000000000000 ) ;
#2400 = ORIENTED_EDGE ( 'NONE', *, *, #4593, .F. ) ;
#2401 = VECTOR ( 'NONE', #1510, 1000.000000000000000 ) ;
#2402 = FILL_AREA_STYLE ('',( #1910 ) ) ;
#2403 = STYLED_ITEM ( 'NONE', ( #1474 ), #3784 ) ;
#2404 = DIRECTION ( 'NONE',  ( 0.0000000000000000000, 0.0000000000000000000, -1.000000000000000000 ) ) ;
#2405 = FACE_OUTER_BOUND ( 'NONE', #1971, .T. ) ;
#2406 = EDGE_CURVE ( 'NONE', #1850, #155, #4736, .T. ) ;
#2407 =( NAMED_UNIT ( * ) SI_UNIT ( $, .STERADIAN. ) SOLID_ANGLE_UNIT ( ) );
#2408 = ORIENTED_EDGE ( 'NONE', *, *, #269, .T. ) ;
#2409 = EDGE_CURVE ( 'NONE', #6022, #3723, #2211, .T. ) ;
#2410 = PLANE ( 'NONE',  #2427 ) ;
#2411 = SURFACE_STYLE_USAGE ( .BOTH. , #5226 ) ;
#2412 =( NAMED_UNIT ( * ) PLANE_ANGLE_UNIT ( ) SI_UNIT ( $, .RADIAN. ) );
#2413 = PRESENTATION_LAYER_ASSIGNMENT (  '', '', ( #2071 ) ) ;
#2414 = LINE ( 'NONE', #3835, #4919 ) ;
#2415 = CARTESIAN_POINT ( 'NONE',  ( 1.000000000000000000, 0.6912459284779619600, 1.549472632322330000 ) ) ;
#2416 = FACE_OUTER_BOUND ( 'NONE', #1054, .T. ) ;
#2417 = DIRECTION ( 'NONE',  ( 0.0000000000000000000, 0.0000000000000000000, 1.000000000000000000 ) ) ;
#2418 = STYLED_ITEM ( 'NONE', ( #528 ), #258 ) ;
#2419 = VECTOR ( 'NONE', #1620, 1000.000000000000000 ) ;
#2420 = EDGE_LOOP ( 'NONE', ( #3638, #3965, #4766, #20 ) ) ;
#2421 = ORIENTED_EDGE ( 'NONE', *, *, #2064, .T. ) ;
#2422 = UNCERTAINTY_MEASURE_WITH_UNIT (LENGTH_MEASURE( 1.000000000000000100E-005 ), #3558, 'distance_accuracy_value', 'NONE');
#2423 = ADVANCED_FACE ( 'NONE', ( #3475 ), #5038, .T. ) ;
#2424 = CARTESIAN_POINT ( 'NONE',  ( 1.499999999999730000, 3.700000000000000200, 0.8000000000000000400 ) ) ;
#2425 = CIRCLE ( 'NONE', #3678, 1.300000000000000000 ) ;
#2426 = PRESENTATION_STYLE_ASSIGNMENT (( #5703 ) ) ;
#2427 = AXIS2_PLACEMENT_3D ( 'NONE', #1751, #1864, #2037 ) ;
#2428 =( NAMED_UNIT ( * ) SI_UNIT ( $, .STERADIAN. ) SOLID_ANGLE_UNIT ( ) );
#2429 = CARTESIAN_POINT ( 'NONE',  ( 0.5000000000000033300, 2.053494746109881600, -2.547389356915339900 ) ) ;
#2430 = ORIENTED_EDGE ( 'NONE', *, *, #1756, .T. ) ;
#2431 = AXIS2_PLACEMENT_3D ( 'NONE', #1720, #5045, #2208 ) ;
#2432 = SURFACE_SIDE_STYLE ('',( #3683 ) ) ;
#2433 = CARTESIAN_POINT ( 'NONE',  ( -8.133428825879440400E-019, 0.0000000000000000000, 4.299999999999999800 ) ) ;
#2434 = EDGE_CURVE ( 'NONE', #4018, #5467, #2871, .T. ) ;
#2435 = VERTEX_POINT ( 'NONE', #2070 ) ;
#2436 = SURFACE_STYLE_USAGE ( .BOTH. , #5260 ) ;
#2437 = DIRECTION ( 'NONE',  ( 1.000000000000000000, 0.0000000000000000000, 0.0000000000000000000 ) ) ;
#2438 = ORIENTED_EDGE ( 'NONE', *, *, #516, .F. ) ;
#2439 = AXIS2_PLACEMENT_3D ( 'NONE', #3796, #882, #4271 ) ;
#2440 = VERTEX_POINT ( 'NONE', #2558 ) ;
#2441 = VECTOR ( 'NONE', #4709, 1000.000000000000000 ) ;
#2442 = CARTESIAN_POINT ( 'NONE',  ( 1.000000000000010000, -2.000000000000000000, 0.2000000000000001200 ) ) ;
#2443 = PLANE ( 'NONE',  #982 ) ;
#2444 = LINE ( 'NONE', #584, #6020 ) ;
#2445 = SURFACE_STYLE_USAGE ( .BOTH. , #1593 ) ;
#2446 = ADVANCED_FACE ( 'NONE', ( #1591 ), #2093, .F. ) ;
#2447 = EDGE_LOOP ( 'NONE', ( #1032, #1412, #4964, #2571 ) ) ;
#2448 = CARTESIAN_POINT ( 'NONE',  ( 7.500000000000000000, 3.060769515458740700, 0.0000000000000000000 ) ) ;
#2449 = VECTOR ( 'NONE', #5213, 1000.000000000000100 ) ;
#2450 = UNCERTAINTY_MEASURE_WITH_UNIT (LENGTH_MEASURE( 1.000000000000000100E-005 ), #3640, 'distance_accuracy_value', 'NONE');
#2451 = ORIENTED_EDGE ( 'NONE', *, *, #4375, .F. ) ;
#2452 = CARTESIAN_POINT ( 'NONE',  ( -1.255262969126040300E-016, -2.000000000000000000, 2.049999999999999800 ) ) ;
#2453 = CARTESIAN_POINT ( 'NONE',  ( 5.550000000000000700, -7.879002110256599200E-017, 0.8000000000000000400 ) ) ;
#2454 = VERTEX_POINT ( 'NONE', #4937 ) ;
#2455 =( NAMED_UNIT ( * ) PLANE_ANGLE_UNIT ( ) SI_UNIT ( $, .RADIAN. ) );
#2456 =( GEOMETRIC_REPRESENTATION_CONTEXT ( 3 ) GLOBAL_UNCERTAINTY_ASSIGNED_CONTEXT ( ( #4196 ) ) GLOBAL_UNIT_ASSIGNED_CONTEXT ( ( #788, #884, #866 ) ) REPRESENTATION_CONTEXT ( 'NONE', 'WORKASPACE' ) );
#2457 = SURFACE_STYLE_FILL_AREA ( #515 ) ;
#2458 = CARTESIAN_POINT ( 'NONE',  ( -1.255262969126040300E-016, -2.000000000000000000, 3.499999999999999600 ) ) ;
#2459 = CIRCLE ( 'NONE', #2645, 4.000000000000000900 ) ;
#2460 = DIRECTION ( 'NONE',  ( 1.000000000000000000, -0.0000000000000000000, -0.0000000000000000000 ) ) ;
#2461 = CARTESIAN_POINT ( 'NONE',  ( 1.000000000000000000, -2.349999999999999200, -0.1000000000000000700 ) ) ;
#2462 = CIRCLE ( 'NONE', #4242, 0.1000000000000000500 ) ;
#2463 = ORIENTED_EDGE ( 'NONE', *, *, #3551, .F. ) ;
#2464 = SURFACE_STYLE_FILL_AREA ( #5392 ) ;
#2465 = AXIS2_PLACEMENT_3D ( 'NONE', #4985, #2150, #5432 ) ;
#2466 = STYLED_ITEM ( 'NONE', ( #2952 ), #2236 ) ;
#2467 = DIRECTION ( 'NONE',  ( -0.0000000000000000000, -0.0000000000000000000, 1.000000000000000000 ) ) ;
#2468 = ORIENTED_EDGE ( 'NONE', *, *, #2549, .F. ) ;
#2469 = DIRECTION ( 'NONE',  ( -1.000000000000000000, -0.0000000000000000000, 0.0000000000000000000 ) ) ;
#2470 =( NAMED_UNIT ( * ) PLANE_ANGLE_UNIT ( ) SI_UNIT ( $, .RADIAN. ) );
#2471 = VECTOR ( 'NONE', #2679, 1000.000000000000000 ) ;
#2472 =( GEOMETRIC_REPRESENTATION_CONTEXT ( 3 ) GLOBAL_UNCERTAINTY_ASSIGNED_CONTEXT ( ( #6175 ) ) GLOBAL_UNIT_ASSIGNED_CONTEXT ( ( #4872, #2026, #5323 ) ) REPRESENTATION_CONTEXT ( 'NONE', 'WORKASPACE' ) );
#2473 = EDGE_CURVE ( 'NONE', #4879, #5729, #6005, .T. ) ;
#2474 = CARTESIAN_POINT ( 'NONE',  ( -1.500000000000000000, 1.836970198721029900E-016, 0.0000000000000000000 ) ) ;
#2475 = VECTOR ( 'NONE', #234, 1000.000000000000000 ) ;
#2476 = EDGE_CURVE ( 'NONE', #2435, #5880, #4802, .T. ) ;
#2477 = DIRECTION ( 'NONE',  ( 0.0000000000000000000, 0.0000000000000000000, 1.000000000000000000 ) ) ;
#2478 = COLOUR_RGB ( '',0.7921568627450980000, 0.8000000000000000400, 0.8078431372549019800 ) ;
#2479 = CARTESIAN_POINT ( 'NONE',  ( 4.999999999999969800, 0.0000000000000000000, 10.00000000000000000 ) ) ;
#2480 = ORIENTED_EDGE ( 'NONE', *, *, #5214, .F. ) ;
#2481 = EDGE_LOOP ( 'NONE', ( #5846, #2397, #5304, #1470 ) ) ;
#2482 =( GEOMETRIC_REPRESENTATION_CONTEXT ( 3 ) GLOBAL_UNCERTAINTY_ASSIGNED_CONTEXT ( ( #5076 ) ) GLOBAL_UNIT_ASSIGNED_CONTEXT ( ( #1814, #5141, #2304 ) ) REPRESENTATION_CONTEXT ( 'NONE', 'WORKASPACE' ) );
#2483 = FILL_AREA_STYLE_COLOUR ( '', #638 ) ;
#2484 = DIRECTION ( 'NONE',  ( 0.0000000000000000000, 0.0000000000000000000, 1.000000000000000000 ) ) ;
#2485 = COLOUR_RGB ( '',0.0000000000000000000, 0.3686274509803921800, 0.7215686274509803800 ) ;
#2486 = VECTOR ( 'NONE', #5759, 1000.000000000000000 ) ;
#2487 =( BOUNDED_CURVE ( )  B_SPLINE_CURVE ( 3, ( #5556, #2281, #3245, #295 ),
 .UNSPECIFIED., .F., .F. ) 
 B_SPLINE_CURVE_WITH_KNOTS ( ( 4, 4 ),
 ( 4.712388980384689700, 7.853981633974482800 ),
 .UNSPECIFIED. ) 
 CURVE ( )  GEOMETRIC_REPRESENTATION_ITEM ( )  RATIONAL_B_SPLINE_CURVE ( ( 1.000000000000000000, 0.3333333333333333700, 0.3333333333333333700, 1.000000000000000000 ) ) 
 REPRESENTATION_ITEM ( '' )  );
#2488 = CARTESIAN_POINT ( 'NONE',  ( 7.049999999995439900, -3.100000000000000500, -1.456080807266360200E-018 ) ) ;
#2489 = DIRECTION ( 'NONE',  ( -1.000000000000000000, 0.0000000000000000000, 0.0000000000000000000 ) ) ;
#2490 =( GEOMETRIC_REPRESENTATION_CONTEXT ( 3 ) GLOBAL_UNCERTAINTY_ASSIGNED_CONTEXT ( ( #2521 ) ) GLOBAL_UNIT_ASSIGNED_CONTEXT ( ( #2302, #1883, #1143 ) ) REPRESENTATION_CONTEXT ( 'NONE', 'WORKASPACE' ) );
#2491 =( GEOMETRIC_REPRESENTATION_CONTEXT ( 3 ) GLOBAL_UNCERTAINTY_ASSIGNED_CONTEXT ( ( #975 ) ) GLOBAL_UNIT_ASSIGNED_CONTEXT ( ( #3203, #253, #3676 ) ) REPRESENTATION_CONTEXT ( 'NONE', 'WORKASPACE' ) );
#2492 = CARTESIAN_POINT ( 'NONE',  ( 1.824999999999967500, 2.234980408443919700E-016, 6.092571664871940100 ) ) ;
#2493 = SURFACE_STYLE_FILL_AREA ( #5179 ) ;
#2494 = LINE ( 'NONE', #5480, #1189 ) ;
#2495 =( GEOMETRIC_REPRESENTATION_CONTEXT ( 3 ) GLOBAL_UNCERTAINTY_ASSIGNED_CONTEXT ( ( #5526 ) ) GLOBAL_UNIT_ASSIGNED_CONTEXT ( ( #438, #454, #473 ) ) REPRESENTATION_CONTEXT ( 'NONE', 'WORKASPACE' ) );
#2496 =( LENGTH_UNIT ( ) NAMED_UNIT ( * ) SI_UNIT ( .MILLI., .METRE. ) );
#2497 = PLANE ( 'NONE',  #1588 ) ;
#2498 = VERTEX_POINT ( 'NONE', #1631 ) ;
#2499 = FILL_AREA_STYLE_COLOUR ( '', #2514 ) ;
#2500 = FILL_AREA_STYLE ('',( #3911 ) ) ;
#2501 = EDGE_LOOP ( 'NONE', ( #3846, #5135, #350, #2624 ) ) ;
#2502 = AXIS2_PLACEMENT_3D ( 'NONE', #1929, #5232, #2417 ) ;
#2503 = ORIENTED_EDGE ( 'NONE', *, *, #5468, .F. ) ;
#2504 = STYLED_ITEM ( 'NONE', ( #514 ), #3692 ) ;
#2505 = LINE ( 'NONE', #5003, #6088 ) ;
#2506 = CARTESIAN_POINT ( 'NONE',  ( -3.264055692397958300E-014, 0.0000000000000000000, 5.799999999999999800 ) ) ;
#2507 = EDGE_CURVE ( 'NONE', #4857, #4464, #3541, .T. ) ;
#2508 = CYLINDRICAL_SURFACE ( 'NONE', #710, 1.000000000000000000 ) ;
#2509 = DIRECTION ( 'NONE',  ( 1.000000000000000000, 0.0000000000000000000, 0.0000000000000000000 ) ) ;
#2510 = ORIENTED_EDGE ( 'NONE', *, *, #3247, .F. ) ;
#2511 = VECTOR ( 'NONE', #1195, 1000.000000000000000 ) ;
#2512 = EDGE_CURVE ( 'NONE', #4021, #5242, #947, .T. ) ;
#2513 = DIRECTION ( 'NONE',  ( 0.0000000000000000000, 1.000000000000000000, -0.0000000000000000000 ) ) ;
#2514 = COLOUR_RGB ( '',0.7921568627450980000, 0.8000000000000000400, 0.8078431372549019800 ) ;
#2515 = VECTOR ( 'NONE', #1661, 1000.000000000000000 ) ;
#2516 = AXIS2_PLACEMENT_3D ( 'NONE', #564, #2078, #1612 ) ;
#2517 = VERTEX_POINT ( 'NONE', #3055 ) ;
#2518 = CARTESIAN_POINT ( 'NONE',  ( 0.0000000000000000000, -2.549999999999999800, 2.432743338823080100 ) ) ;
#2519 = CARTESIAN_POINT ( 'NONE',  ( 0.5000000000000020000, 2.036063597560349600, -2.348150417296988900 ) ) ;
#2520 = COLOUR_RGB ( '',0.0000000000000000000, 0.3686274509803921800, 0.7215686274509803800 ) ;
#2521 = UNCERTAINTY_MEASURE_WITH_UNIT (LENGTH_MEASURE( 1.000000000000000100E-005 ), #2302, 'distance_accuracy_value', 'NONE');
#2522 = DIRECTION ( 'NONE',  ( 1.000000000000000000, 0.0000000000000000000, -0.0000000000000000000 ) ) ;
#2523 = EDGE_LOOP ( 'NONE', ( #505, #4874, #3361, #4379 ) ) ;
#2524 = DIRECTION ( 'NONE',  ( 0.0000000000000000000, 1.000000000000000000, -0.0000000000000000000 ) ) ;
#2525 = ORIENTED_EDGE ( 'NONE', *, *, #4783, .F. ) ;
#2526 = SURFACE_STYLE_FILL_AREA ( #1090 ) ;
#2527 = EDGE_CURVE ( 'NONE', #5865, #2940, #2833, .T. ) ;
#2528 = MECHANICAL_DESIGN_GEOMETRIC_PRESENTATION_REPRESENTATION (  '', ( #1893 ), #2847 ) ;
#2529 = CARTESIAN_POINT ( 'NONE',  ( -0.9714948706066044400, 0.2704784927628197700, 3.128437914997439500 ) ) ;
#2530 = FILL_AREA_STYLE ('',( #2043 ) ) ;
#2531 = PRESENTATION_STYLE_ASSIGNMENT (( #3566 ) ) ;
#2532 = ORIENTED_EDGE ( 'NONE', *, *, #5921, .F. ) ;
#2533 = SURFACE_SIDE_STYLE ('',( #5605 ) ) ;
#2534 = AXIS2_PLACEMENT_3D ( 'NONE', #4431, #4406, #4365 ) ;
#2535 = CARTESIAN_POINT ( 'NONE',  ( -0.8999999999999960300, -2.204364238465226000E-016, 0.04142135623730910200 ) ) ;
#2536 = CARTESIAN_POINT ( 'NONE',  ( -1.000000000000000700, 1.451242590906976900E-016, 3.099999999999999200 ) ) ;
#2537 = ORIENTED_EDGE ( 'NONE', *, *, #5726, .T. ) ;
#2538 = COLOUR_RGB ( '',0.7921568627450980000, 0.8000000000000000400, 0.8078431372549019800 ) ;
#2539 = CARTESIAN_POINT ( 'NONE',  ( -1.000000000000000000, 0.6912459284779619600, -2.450527367677671100 ) ) ;
#2540 = LINE ( 'NONE', #4555, #3659 ) ;
#2541 = CARTESIAN_POINT ( 'NONE',  ( 7.500000000000000000, 4.500000000000000900, 7.000000000000340200 ) ) ;
#2542 = VECTOR ( 'NONE', #2561, 1000.000000000000000 ) ;
#2543 = STYLED_ITEM ( 'NONE', ( #3512 ), #3602 ) ;
#2544 = ORIENTED_EDGE ( 'NONE', *, *, #1544, .F. ) ;
#2545 = DIRECTION ( 'NONE',  ( 0.0000000000000000000, 1.000000000000000000, 0.0000000000000000000 ) ) ;
#2546 = STYLED_ITEM ( 'NONE', ( #3979 ), #2446 ) ;
#2547 = CARTESIAN_POINT ( 'NONE',  ( 3.699999999999970000, 1.913510623667739900E-016, 6.000000000000000000 ) ) ;
#2548 = PRESENTATION_STYLE_ASSIGNMENT (( #4912 ) ) ;
#2549 = EDGE_CURVE ( 'NONE', #973, #2578, #5861, .T. ) ;
#2550 = FILL_AREA_STYLE ('',( #2132 ) ) ;
#2551 = DIRECTION ( 'NONE',  ( -0.0000000000000000000, -1.000000000000000000, 6.643039201861150300E-030 ) ) ;
#2552 = FILL_AREA_STYLE_COLOUR ( '', #4975 ) ;
#2553 = VECTOR ( 'NONE', #4120, 1000.000000000000000 ) ;
#2554 = LINE ( 'NONE', #678, #1424 ) ;
#2555 =( GEOMETRIC_REPRESENTATION_CONTEXT ( 3 ) GLOBAL_UNCERTAINTY_ASSIGNED_CONTEXT ( ( #4704 ) ) GLOBAL_UNIT_ASSIGNED_CONTEXT ( ( #3194, #245, #3671 ) ) REPRESENTATION_CONTEXT ( 'NONE', 'WORKASPACE' ) );
#2556 = SURFACE_STYLE_FILL_AREA ( #3218 ) ;
#2557 = EDGE_CURVE ( 'NONE', #5249, #4021, #792, .T. ) ;
#2558 = CARTESIAN_POINT ( 'NONE',  ( -1.950000000000000000, -1.451517244269860300, 0.2000000000000000400 ) ) ;
#2559 = ORIENTED_EDGE ( 'NONE', *, *, #1831, .T. ) ;
#2560 = EDGE_LOOP ( 'NONE', ( #2844, #1406 ) ) ;
#2561 = DIRECTION ( 'NONE',  ( 0.0000000000000000000, 1.000000000000000000, -0.0000000000000000000 ) ) ;
#2562 =( GEOMETRIC_REPRESENTATION_CONTEXT ( 3 ) GLOBAL_UNCERTAINTY_ASSIGNED_CONTEXT ( ( #4626 ) ) GLOBAL_UNIT_ASSIGNED_CONTEXT ( ( #3967, #1073, #4451 ) ) REPRESENTATION_CONTEXT ( 'NONE', 'WORKASPACE' ) );
#2563 = SURFACE_STYLE_FILL_AREA ( #6137 ) ;
#2564 = PLANE ( 'NONE',  #1943 ) ;
#2565 = UNCERTAINTY_MEASURE_WITH_UNIT (LENGTH_MEASURE( 1.000000000000000100E-005 ), #4101, 'distance_accuracy_value', 'NONE');
#2566 = DIRECTION ( 'NONE',  ( -5.286776307738839800E-017, -0.0000000000000000000, -1.000000000000000000 ) ) ;
#2567 = DIRECTION ( 'NONE',  ( -1.000000000000000000, 0.0000000000000000000, 0.0000000000000000000 ) ) ;
#2568 = CARTESIAN_POINT ( 'NONE',  ( 0.0000000000000000000, -6.495396339887260100, -0.6659770972181831000 ) ) ;
#2569 = EDGE_LOOP ( 'NONE', ( #2803, #3113, #6002, #3459 ) ) ;
#2570 = DIRECTION ( 'NONE',  ( 1.000000000000000000, -2.865091676456939800E-016, 0.0000000000000000000 ) ) ;
#2571 = ORIENTED_EDGE ( 'NONE', *, *, #442, .F. ) ;
#2572 = MECHANICAL_DESIGN_GEOMETRIC_PRESENTATION_REPRESENTATION (  '', ( #1606 ), #2904 ) ;
#2573 = SURFACE_STYLE_FILL_AREA ( #6156 ) ;
#2574 = LINE ( 'NONE', #3145, #3697 ) ;
#2575 = SURFACE_STYLE_USAGE ( .BOTH. , #1715 ) ;
#2576 = SURFACE_STYLE_USAGE ( .BOTH. , #5389 ) ;
#2577 = VECTOR ( 'NONE', #2218, 1000.000000000000000 ) ;
#2578 = VERTEX_POINT ( 'NONE', #1670 ) ;
#2579 = SURFACE_SIDE_STYLE ('',( #2464 ) ) ;
#2580 = FILL_AREA_STYLE ('',( #1651 ) ) ;
#2581 = FILL_AREA_STYLE ('',( #1104 ) ) ;
#2582 = SURFACE_STYLE_USAGE ( .BOTH. , #5399 ) ;
#2583 = VERTEX_POINT ( 'NONE', #4991 ) ;
#2584 = SURFACE_SIDE_STYLE ('',( #2333 ) ) ;
#2585 = EDGE_CURVE ( 'NONE', #1939, #1538, #1974, .T. ) ;
#2586 = VERTEX_POINT ( 'NONE', #4532 ) ;
#2587 = CARTESIAN_POINT ( 'NONE',  ( 0.0000000000000000000, -2.250000000000000400, 0.0000000000000000000 ) ) ;
#2588 = COLOUR_RGB ( '',0.7921568627450980000, 0.8000000000000000400, 0.8078431372549019800 ) ;
#2589 = ORIENTED_EDGE ( 'NONE', *, *, #1154, .T. ) ;
#2590 = EDGE_CURVE ( 'NONE', #1299, #3708, #3254, .T. ) ;
#2591 = VECTOR ( 'NONE', #1667, 1000.000000000000000 ) ;
#2592 = VECTOR ( 'NONE', #3883, 1000.000000000000000 ) ;
#2593 =( GEOMETRIC_REPRESENTATION_CONTEXT ( 3 ) GLOBAL_UNCERTAINTY_ASSIGNED_CONTEXT ( ( #2231 ) ) GLOBAL_UNIT_ASSIGNED_CONTEXT ( ( #2364, #5626, #2829 ) ) REPRESENTATION_CONTEXT ( 'NONE', 'WORKASPACE' ) );
#2594 = UNCERTAINTY_MEASURE_WITH_UNIT (LENGTH_MEASURE( 1.000000000000000100E-005 ), #4402, 'distance_accuracy_value', 'NONE');
#2595 = ORIENTED_EDGE ( 'NONE', *, *, #4059, .F. ) ;
#2596 =( LENGTH_UNIT ( ) NAMED_UNIT ( * ) SI_UNIT ( .MILLI., .METRE. ) );
#2597 = FILL_AREA_STYLE ('',( #2483 ) ) ;
#2598 = DIRECTION ( 'NONE',  ( 1.000000000000000000, -0.0000000000000000000, 0.0000000000000000000 ) ) ;
#2599 = FILL_AREA_STYLE_COLOUR ( '', #1721 ) ;
#2600 = AXIS2_PLACEMENT_3D ( 'NONE', #2007, #3319, #4357 ) ;
#2601 =( GEOMETRIC_REPRESENTATION_CONTEXT ( 3 ) GLOBAL_UNCERTAINTY_ASSIGNED_CONTEXT ( ( #5413 ) ) GLOBAL_UNIT_ASSIGNED_CONTEXT ( ( #4969, #2134, #5419 ) ) REPRESENTATION_CONTEXT ( 'NONE', 'WORKASPACE' ) );
#2602 = ORIENTED_EDGE ( 'NONE', *, *, #3590, .F. ) ;
#2603 = DIRECTION ( 'NONE',  ( -2.323287528027639900E-019, -0.0000000000000000000, 1.000000000000000000 ) ) ;
#2604 = LINE ( 'NONE', #3522, #6169 ) ;
#2605 = PLANE ( 'NONE',  #2465 ) ;
#2606 = DIRECTION ( 'NONE',  ( 0.0000000000000000000, 1.000000000000000000, -6.643039201861150300E-030 ) ) ;
#2607 = FACE_OUTER_BOUND ( 'NONE', #4060, .T. ) ;
#2608 = ORIENTED_EDGE ( 'NONE', *, *, #1066, .T. ) ;
#2609 =( NAMED_UNIT ( * ) SI_UNIT ( $, .STERADIAN. ) SOLID_ANGLE_UNIT ( ) );
#2610 = AXIS2_PLACEMENT_3D ( 'NONE', #1433, #2603, #2719 ) ;
#2611 = VECTOR ( 'NONE', #3755, 1000.000000000000100 ) ;
#2612 = CARTESIAN_POINT ( 'NONE',  ( -1.500000000000270000, 2.700000000000000200, 5.799999999999999800 ) ) ;
#2613 = LINE ( 'NONE', #5312, #4984 ) ;
#2614 = EDGE_LOOP ( 'NONE', ( #4788, #4995, #2820, #1602 ) ) ;
#2615 = PRODUCT_DEFINITION_SHAPE ( 'NONE', 'NONE',  #2261 ) ;
#2616 = CARTESIAN_POINT ( 'NONE',  ( -1.246555811733209600, 2.810997007344147500, 5.592893218813453700 ) ) ;
#2617 = PRESENTATION_STYLE_ASSIGNMENT (( #4792 ) ) ;
#2618 = FILL_AREA_STYLE ('',( #1137 ) ) ;
#2619 = LINE ( 'NONE', #111, #2475 ) ;
#2620 = SURFACE_SIDE_STYLE ('',( #804 ) ) ;
#2621 = CARTESIAN_POINT ( 'NONE',  ( 5.000000000000000000, 0.0000000000000000000, 0.8000000000000000400 ) ) ;
#2622 = EDGE_CURVE ( 'NONE', #4464, #1530, #5576, .T. ) ;
#2623 = ORIENTED_EDGE ( 'NONE', *, *, #5615, .F. ) ;
#2624 = ORIENTED_EDGE ( 'NONE', *, *, #3065, .F. ) ;
#2625 = DIRECTION ( 'NONE',  ( 2.376333528967664300E-016, -0.0000000000000000000, 1.000000000000000000 ) ) ;
#2626 = DIRECTION ( 'NONE',  ( 0.0000000000000000000, 1.000000000000000000, 0.0000000000000000000 ) ) ;
#2627 = CARTESIAN_POINT ( 'NONE',  ( -1.000000000000000000, -2.000000000000000000, 0.0000000000000000000 ) ) ;
#2628 = UNCERTAINTY_MEASURE_WITH_UNIT (LENGTH_MEASURE( 1.000000000000000100E-005 ), #3574, 'distance_accuracy_value', 'NONE');
#2629 = LINE ( 'NONE', #1535, #6064 ) ;
#2630 = FILL_AREA_STYLE ('',( #3575 ) ) ;
#2631 = AXIS2_PLACEMENT_3D ( 'NONE', #4391, #1528, #4864 ) ;
#2632 = DIRECTION ( 'NONE',  ( -0.0000000000000000000, -1.000000000000000000, 0.0000000000000000000 ) ) ;
#2633 = CARTESIAN_POINT ( 'NONE',  ( 1.950000000000000000, 1.451517244269860300, 0.2000000000000000400 ) ) ;
#2634 = UNCERTAINTY_MEASURE_WITH_UNIT (LENGTH_MEASURE( 1.000000000000000100E-005 ), #4877, 'distance_accuracy_value', 'NONE');
#2635 = CARTESIAN_POINT ( 'NONE',  ( 0.0000000000000000000, 3.000000000000000000, 0.0000000000000000000 ) ) ;
#2636 = EDGE_CURVE ( 'NONE', #3342, #5593, #4356, .T. ) ;
#2637 = AXIS2_PLACEMENT_3D ( 'NONE', #5133, #2294, #5566 ) ;
#2638 = SURFACE_STYLE_USAGE ( .BOTH. , #2620 ) ;
#2639 = SURFACE_STYLE_USAGE ( .BOTH. , #5447 ) ;
#2640 = VECTOR ( 'NONE', #2676, 1000.000000000000000 ) ;
#2641 = ORIENTED_EDGE ( 'NONE', *, *, #5985, .F. ) ;
#2642 = CARTESIAN_POINT ( 'NONE',  ( 0.0000000000000000000, -6.705598398520270300, -3.313710709838140200 ) ) ;
#2643 = CARTESIAN_POINT ( 'NONE',  ( 0.0000000000000000000, 0.0000000000000000000, 0.0000000000000000000 ) ) ;
#2644 = PRESENTATION_STYLE_ASSIGNMENT (( #520 ) ) ;
#2645 = AXIS2_PLACEMENT_3D ( 'NONE', #15, #5464, #81 ) ;
#2646 = COLOUR_RGB ( '',0.0000000000000000000, 0.3686274509803921800, 0.7215686274509803800 ) ;
#2647 = CARTESIAN_POINT ( 'NONE',  ( 3.499999999999730000, 2.700000000000000200, 0.8000000000000000400 ) ) ;
#2648 = VERTEX_POINT ( 'NONE', #2185 ) ;
#2649 = CARTESIAN_POINT ( 'NONE',  ( -1.246555811733255400, -2.810997007344126200, 5.592893218813452800 ) ) ;
#2650 = ORIENTED_EDGE ( 'NONE', *, *, #3476, .F. ) ;
#2651 = MECHANICAL_DESIGN_GEOMETRIC_PRESENTATION_REPRESENTATION (  '', ( #2017 ), #2978 ) ;
#2652 = MECHANICAL_DESIGN_GEOMETRIC_PRESENTATION_REPRESENTATION (  '', ( #1700 ), #2980 ) ;
#2653 = EDGE_LOOP ( 'NONE', ( #883, #16, #873, #1949, #1930, #5578, #3057, #735 ) ) ;
#2654 = ADVANCED_FACE ( 'NONE', ( #476 ), #5462, .T. ) ;
#2655 =( LENGTH_UNIT ( ) NAMED_UNIT ( * ) SI_UNIT ( .MILLI., .METRE. ) );
#2656 = EDGE_CURVE ( 'NONE', #973, #639, #5014, .T. ) ;
#2657 =( LENGTH_UNIT ( ) NAMED_UNIT ( * ) SI_UNIT ( .MILLI., .METRE. ) );
#2658 = VECTOR ( 'NONE', #1924, 1000.000000000000000 ) ;
#2659 = ORIENTED_EDGE ( 'NONE', *, *, #5652, .T. ) ;
#2660 = CARTESIAN_POINT ( 'NONE',  ( 7.500000000000000000, 4.500000000000000900, 7.000000000000340200 ) ) ;
#2661 = FACE_OUTER_BOUND ( 'NONE', #5677, .T. ) ;
#2662 = SURFACE_STYLE_FILL_AREA ( #5994 ) ;
#2663 = FILL_AREA_STYLE ('',( #2327 ) ) ;
#2664 = DIRECTION ( 'NONE',  ( 0.0000000000000000000, -0.0000000000000000000, -1.000000000000000000 ) ) ;
#2665 = FILL_AREA_STYLE_COLOUR ( '', #5946 ) ;
#2666 = VERTEX_POINT ( 'NONE', #5941 ) ;
#2667 = APPLICATION_PROTOCOL_DEFINITION ( 'draft international standard', 'automotive_design', 1998, #180 ) ;
#2668 = PRESENTATION_LAYER_ASSIGNMENT (  '', '', ( #2031 ) ) ;
#2669 = EDGE_CURVE ( 'NONE', #3805, #2517, #2494, .T. ) ;
#2670 = ORIENTED_EDGE ( 'NONE', *, *, #3545, .F. ) ;
#2671 = VECTOR ( 'NONE', #31, 1000.000000000000000 ) ;
#2672 = DIRECTION ( 'NONE',  ( -1.000000000000000000, 0.0000000000000000000, 0.0000000000000000000 ) ) ;
#2673 = UNCERTAINTY_MEASURE_WITH_UNIT (LENGTH_MEASURE( 1.000000000000000100E-005 ), #151, 'distance_accuracy_value', 'NONE');
#2674 = VECTOR ( 'NONE', #619, 1000.000000000000000 ) ;
#2675 = EDGE_CURVE ( 'NONE', #1853, #881, #3763, .T. ) ;
#2676 = DIRECTION ( 'NONE',  ( -1.000000000000000000, -0.0000000000000000000, -0.0000000000000000000 ) ) ;
#2677 = FACE_OUTER_BOUND ( 'NONE', #6141, .T. ) ;
#2678 = ORIENTED_EDGE ( 'NONE', *, *, #2338, .T. ) ;
#2679 = DIRECTION ( 'NONE',  ( 0.0000000000000000000, 0.0000000000000000000, -1.000000000000000000 ) ) ;
#2680 = LINE ( 'NONE', #3587, #3943 ) ;
#2681 =( GEOMETRIC_REPRESENTATION_CONTEXT ( 3 ) GLOBAL_UNCERTAINTY_ASSIGNED_CONTEXT ( ( #1760 ) ) GLOBAL_UNIT_ASSIGNED_CONTEXT ( ( #5679, #2875, #6130 ) ) REPRESENTATION_CONTEXT ( 'NONE', 'WORKASPACE' ) );
#2682 = DIRECTION ( 'NONE',  ( -0.0000000000000000000, -1.000000000000000000, 0.0000000000000000000 ) ) ;
#2683 = PRESENTATION_STYLE_ASSIGNMENT (( #2221 ) ) ;
#2684 = CARTESIAN_POINT ( 'NONE',  ( 2.049999999995439900, 0.0000000000000000000, 5.799999999999999800 ) ) ;
#2685 = ORIENTED_EDGE ( 'NONE', *, *, #5874, .F. ) ;
#2686 =( NAMED_UNIT ( * ) PLANE_ANGLE_UNIT ( ) SI_UNIT ( $, .RADIAN. ) );
#2687 =( NAMED_UNIT ( * ) SI_UNIT ( $, .STERADIAN. ) SOLID_ANGLE_UNIT ( ) );
#2688 = STYLED_ITEM ( 'NONE', ( #5335 ), #714 ) ;
#2689 = STYLED_ITEM ( 'NONE', ( #1819 ), #1180 ) ;
#2690 = EDGE_LOOP ( 'NONE', ( #5741, #1798, #1450, #5756, #5955, #2685, #96, #5047, #2095, #5845, #3758, #646 ) ) ;
#2691 = COLOUR_RGB ( '',0.7921568627450980000, 0.8000000000000000400, 0.8078431372549019800 ) ;
#2692 = CARTESIAN_POINT ( 'NONE',  ( 1.950000000000000000, -1.451517244269860100, 0.0000000000000000000 ) ) ;
#2693 = CARTESIAN_POINT ( 'NONE',  ( -1.000000000000000200, -0.3440302519321114000, -2.314230672833943900 ) ) ;
#2694 = PRODUCT_CONTEXT ( 'NONE', #4082, 'mechanical' ) ;
#2695 = ADVANCED_FACE ( 'NONE', ( #6076 ), #5068, .F. ) ;
#2696 = CIRCLE ( 'NONE', #3685, 1.500000000000000000 ) ;
#2697 = CARTESIAN_POINT ( 'NONE',  ( 7.500000000000000000, -2.462330315003928800, 9.999999999999998200 ) ) ;
#2698 = STYLED_ITEM ( 'NONE', ( #3027 ), #1851 ) ;
#2699 = SURFACE_SIDE_STYLE ('',( #3 ) ) ;
#2700 = LINE ( 'NONE', #1031, #3821 ) ;
#2701 = VECTOR ( 'NONE', #2404, 1000.000000000000000 ) ;
#2702 = DIRECTION ( 'NONE',  ( 0.0000000000000000000, 0.0000000000000000000, 1.000000000000000000 ) ) ;
#2703 = DIRECTION ( 'NONE',  ( -1.000000000000000000, -0.0000000000000000000, -0.0000000000000000000 ) ) ;
#2704 = CARTESIAN_POINT ( 'NONE',  ( -1.045671635390699900E-018, 0.0000000000000000000, 5.299999999999999800 ) ) ;
#2705 = ORIENTED_EDGE ( 'NONE', *, *, #4186, .T. ) ;
#2706 = ORIENTED_EDGE ( 'NONE', *, *, #3789, .F. ) ;
#2707 = SURFACE_STYLE_USAGE ( .BOTH. , #5510 ) ;
#2708 = AXIS2_PLACEMENT_3D ( 'NONE', #3167, #221, #3649 ) ;
#2709 = FILL_AREA_STYLE_COLOUR ( '', #1248 ) ;
#2710 = EDGE_CURVE ( 'NONE', #461, #3949, #5648, .T. ) ;
#2711 = CARTESIAN_POINT ( 'NONE',  ( -3.241098735099058700E-014, 1.824999999826137000, 6.092571664851219800 ) ) ;
#2712 = MANIFOLD_SOLID_BREP ( 'Imported1', #4006 ) ;
#2713 =( NAMED_UNIT ( * ) SI_UNIT ( $, .STERADIAN. ) SOLID_ANGLE_UNIT ( ) );
#2714 = ITEM_DEFINED_TRANSFORMATION ( 'NONE', 'NONE', #6127,  #3766 ) ;
#2715 = SURFACE_SIDE_STYLE ('',( #4380 ) ) ;
#2716 =( REPRESENTATION_RELATIONSHIP ('NONE','NONE', #3198, #5225 ) REPRESENTATION_RELATIONSHIP_WITH_TRANSFORMATION ( #1580 )SHAPE_REPRESENTATION_RELATIONSHIP( ) );
#2717 =( NAMED_UNIT ( * ) SI_UNIT ( $, .STERADIAN. ) SOLID_ANGLE_UNIT ( ) );
#2718 = EDGE_CURVE ( 'NONE', #2440, #256, #2722, .T. ) ;
#2719 = DIRECTION ( 'NONE',  ( 1.000000000000000000, 0.0000000000000000000, 0.0000000000000000000 ) ) ;
#2720 = SURFACE_SIDE_STYLE ('',( #247 ) ) ;
#2721 = MECHANICAL_DESIGN_GEOMETRIC_PRESENTATION_REPRESENTATION (  '', ( #2071 ), #3033 ) ;
#2722 = LINE ( 'NONE', #1740, #1438 ) ;
#2723 = EDGE_LOOP ( 'NONE', ( #2510, #969, #3358, #1373 ) ) ;
#2724 = CARTESIAN_POINT ( 'NONE',  ( 5.549999999999999800, -3.100000000000000500, 0.8000000000000000400 ) ) ;
#2725 = CYLINDRICAL_SURFACE ( 'NONE', #1514, 0.5000000000000000000 ) ;
#2726 = ADVANCED_FACE ( 'NONE', ( #5100 ), #1783, .T. ) ;
#2727 =( LENGTH_UNIT ( ) NAMED_UNIT ( * ) SI_UNIT ( .MILLI., .METRE. ) );
#2728 = AXIS2_PLACEMENT_3D ( 'NONE', #749, #296, #337 ) ;
#2729 = VECTOR ( 'NONE', #2484, 1000.000000000000000 ) ;
#2730 = AXIS2_PLACEMENT_3D ( 'NONE', #1039, #4424, #1565 ) ;
#2731 = EDGE_LOOP ( 'NONE', ( #2503, #6048, #5318, #5944 ) ) ;
#2732 =( NAMED_UNIT ( * ) SI_UNIT ( $, .STERADIAN. ) SOLID_ANGLE_UNIT ( ) );
#2733 = DIRECTION ( 'NONE',  ( 0.0000000000000000000, 0.0000000000000000000, 1.000000000000000000 ) ) ;
#2734 = DIRECTION ( 'NONE',  ( -1.000000000000000000, 0.0000000000000000000, 0.0000000000000000000 ) ) ;
#2735 = ORIENTED_EDGE ( 'NONE', *, *, #5056, .F. ) ;
#2736 = PLANE ( 'NONE',  #1271 ) ;
#2737 = AXIS2_PLACEMENT_3D ( 'NONE', #1757, #1885, #2041 ) ;
#2738 = FACE_BOUND ( 'NONE', #1961, .T. ) ;
#2739 = ORIENTED_EDGE ( 'NONE', *, *, #2512, .T. ) ;
#2740 = DIRECTION ( 'NONE',  ( 1.000000000000000000, 0.0000000000000000000, -0.0000000000000000000 ) ) ;
#2741 = EDGE_LOOP ( 'NONE', ( #173, #3425, #5937, #5768 ) ) ;
#2742 = FILL_AREA_STYLE ('',( #2271 ) ) ;
#2743 = CARTESIAN_POINT ( 'NONE',  ( -1.754992877478752200, -0.3999999999985032200, 5.434673719074402800 ) ) ;
#2744 = ORIENTED_EDGE ( 'NONE', *, *, #144, .T. ) ;
#2745 = PRESENTATION_LAYER_ASSIGNMENT (  '', '', ( #2102 ) ) ;
#2746 = VERTEX_POINT ( 'NONE', #5543 ) ;
#2747 = VECTOR ( 'NONE', #4023, 1000.000000000000000 ) ;
#2748 = CARTESIAN_POINT ( 'NONE',  ( 1.000000000000000000, -2.250000000000000400, -0.1000000000000000100 ) ) ;
#2749 = VECTOR ( 'NONE', #4337, 1000.000000000000000 ) ;
#2750 = EDGE_CURVE ( 'NONE', #2928, #4300, #2275, .T. ) ;
#2751 = FACE_OUTER_BOUND ( 'NONE', #3557, .T. ) ;
#2752 = PLANE ( 'NONE',  #4956 ) ;
#2754 = FACE_OUTER_BOUND ( 'NONE', #146, .T. ) ;
#2753 = CARTESIAN_POINT ( 'NONE',  ( 7.500000000000000000, -3.100000000000000500, -1.456080807266352900E-018 ) ) ;
#2755 = DIRECTION ( 'NONE',  ( 0.0000000000000000000, -0.0000000000000000000, 1.000000000000000000 ) ) ;
#2756 = CARTESIAN_POINT ( 'NONE',  ( 3.499999999999730000, 3.700000000000000200, 0.8000000000000000400 ) ) ;
#2757 = PRESENTATION_LAYER_ASSIGNMENT (  '', '', ( #2115 ) ) ;
#2758 = UNCERTAINTY_MEASURE_WITH_UNIT (LENGTH_MEASURE( 1.000000000000000100E-005 ), #5910, 'distance_accuracy_value', 'NONE');
#2759 = CARTESIAN_POINT ( 'NONE',  ( 0.4999999999999679700, 4.000000000000000000, 7.714074003486369500 ) ) ;
#2760 = ADVANCED_FACE ( 'NONE', ( #4654 ), #5131, .T. ) ;
#2761 = DIRECTION ( 'NONE',  ( 0.0000000000000000000, 0.08715574274766115000, -0.9961946980917453200 ) ) ;
#2762 = FILL_AREA_STYLE_COLOUR ( '', #4208 ) ;
#2763 = DIRECTION ( 'NONE',  ( 1.000000000000000000, 0.0000000000000000000, -8.673617379884035500E-016 ) ) ;
#2764 = STYLED_ITEM ( 'NONE', ( #3300 ), #5637 ) ;
#2765 = LINE ( 'NONE', #5407, #5142 ) ;
#2766 = SURFACE_STYLE_USAGE ( .BOTH. , #5567 ) ;
#2767 = COLOUR_RGB ( '',0.7921568627450980000, 0.8000000000000000400, 0.8078431372549019800 ) ;
#2768 = CIRCLE ( 'NONE', #5627, 0.2999999999999999900 ) ;
#2769 = CARTESIAN_POINT ( 'NONE',  ( 0.0000000000000000000, 0.0000000000000000000, -5.099999999999999600 ) ) ;
#2770 = CARTESIAN_POINT ( 'NONE',  ( 1.754992877478754400, 0.3999999999985319700, 5.300000000000013100 ) ) ;
#2771 = LINE ( 'NONE', #3406, #3307 ) ;
#2772 = CARTESIAN_POINT ( 'NONE',  ( -3.262998337136410200E-014, 0.0000000000000000000, 6.000000000000000000 ) ) ;
#2773 = SURFACE_STYLE_USAGE ( .BOTH. , #5573 ) ;
#2774 = CYLINDRICAL_SURFACE ( 'NONE', #3448, 1.300000000000000300 ) ;
#2775 = CARTESIAN_POINT ( 'NONE',  ( 5.499999999999969800, 3.000000000000000000, 9.142222010458430900 ) ) ;
#2776 = DIRECTION ( 'NONE',  ( 0.0000000000000000000, 1.000000000000000000, -0.0000000000000000000 ) ) ;
#2777 = ORIENTED_EDGE ( 'NONE', *, *, #1706, .T. ) ;
#2778 = FILL_AREA_STYLE ('',( #5579 ) ) ;
#2779 = EDGE_LOOP ( 'NONE', ( #5752, #3922, #1460, #1186 ) ) ;
#2780 = PRESENTATION_LAYER_ASSIGNMENT (  '', '', ( #2139 ) ) ;
#2781 = AXIS2_PLACEMENT_3D ( 'NONE', #4924, #4942, #4959 ) ;
#2782 = DIRECTION ( 'NONE',  ( -1.000000000000000000, 0.0000000000000000000, -2.323287528027560000E-019 ) ) ;
#2783 = VECTOR ( 'NONE', #483, 1000.000000000000000 ) ;
#2784 = ADVANCED_FACE ( 'NONE', ( #5422 ), #319, .T. ) ;
#2785 = DIRECTION ( 'NONE',  ( 1.000000000000000000, 0.0000000000000000000, -0.0000000000000000000 ) ) ;
#2786 = CARTESIAN_POINT ( 'NONE',  ( -1.236931687685759900, -0.3999999999985614000, 5.799999999999999800 ) ) ;
#2787 = UNCERTAINTY_MEASURE_WITH_UNIT (LENGTH_MEASURE( 1.000000000000000100E-005 ), #4676, 'distance_accuracy_value', 'NONE');
#2788 = PRESENTATION_LAYER_ASSIGNMENT (  '', '', ( #3107 ) ) ;
#2789 = EDGE_CURVE ( 'NONE', #5893, #5018, #1181, .T. ) ;
#2790 = SURFACE_SIDE_STYLE ('',( #1303 ) ) ;
#2791 = DIRECTION ( 'NONE',  ( 7.047314121155773300E-015, -0.08715574274765605600, 0.9961946980917456600 ) ) ;
#2792 = ORIENTED_EDGE ( 'NONE', *, *, #2585, .F. ) ;
#2793 = DIRECTION ( 'NONE',  ( 0.0000000000000000000, -0.0000000000000000000, -1.000000000000000000 ) ) ;
#2794 = EDGE_CURVE ( 'NONE', #2666, #822, #5007, .T. ) ;
#2795 = ORIENTED_EDGE ( 'NONE', *, *, #1288, .T. ) ;
#2796 = SURFACE_SIDE_STYLE ('',( #5101 ) ) ;
#2797 = STYLED_ITEM ( 'NONE', ( #306 ), #5207 ) ;
#2798 = DIRECTION ( 'NONE',  ( 1.000000000000000000, 0.0000000000000000000, 2.323287528027560000E-019 ) ) ;
#2799 = LINE ( 'NONE', #1047, #5296 ) ;
#2800 = SURFACE_STYLE_USAGE ( .BOTH. , #5603 ) ;
#2801 = VECTOR ( 'NONE', #2522, 1000.000000000000000 ) ;
#2802 = EDGE_LOOP ( 'NONE', ( #4472, #4789, #657, #5795 ) ) ;
#2803 = ORIENTED_EDGE ( 'NONE', *, *, #1713, .F. ) ;
#2804 = DIRECTION ( 'NONE',  ( -5.286776307738839800E-017, -0.0000000000000000000, -1.000000000000000000 ) ) ;
#2805 = DIRECTION ( 'NONE',  ( -1.000000000000000000, 0.0000000000000000000, 0.0000000000000000000 ) ) ;
#2806 = VECTOR ( 'NONE', #5833, 1000.000000000000000 ) ;
#2807 = PRESENTATION_LAYER_ASSIGNMENT (  '', '', ( #3127 ) ) ;
#2808 = AXIS2_PLACEMENT_3D ( 'NONE', #4149, #5961, #1278 ) ;
#2809 = DIRECTION ( 'NONE',  ( 0.0000000000000000000, 0.0000000000000000000, -1.000000000000000000 ) ) ;
#2810 = EDGE_LOOP ( 'NONE', ( #4957, #3675, #311, #3443, #3237, #5812 ) ) ;
#2811 = CARTESIAN_POINT ( 'NONE',  ( 0.0000000000000000000, 0.0000000000000000000, 0.2000000000000000100 ) ) ;
#2812 = LINE ( 'NONE', #2376, #23 ) ;
#2813 = PLANE ( 'NONE',  #6152 ) ;
#2814 = ADVANCED_FACE ( 'NONE', ( #3610 ), #546, .F. ) ;
#2815 = PRESENTATION_LAYER_ASSIGNMENT (  '', '', ( #3139 ) ) ;
#2816 = EDGE_LOOP ( 'NONE', ( #2525, #3615, #2084, #25, #5769, #838, #181, #1694, #1359, #336, #354, #6015 ) ) ;
#2817 = PRESENTATION_STYLE_ASSIGNMENT (( #3001 ) ) ;
#2818 = SURFACE_STYLE_USAGE ( .BOTH. , #5619 ) ;
#2819 = ORIENTED_EDGE ( 'NONE', *, *, #2789, .T. ) ;
#2820 = ORIENTED_EDGE ( 'NONE', *, *, #3938, .T. ) ;
#2821 =( LENGTH_UNIT ( ) NAMED_UNIT ( * ) SI_UNIT ( .MILLI., .METRE. ) );
#2822 = CARTESIAN_POINT ( 'NONE',  ( -0.8999999999999963600, 1.799999999999992500, 0.04142135623730909500 ) ) ;
#2823 = VERTEX_POINT ( 'NONE', #4735 ) ;
#2824 = DIRECTION ( 'NONE',  ( 2.323287528027560000E-019, 0.0000000000000000000, -1.000000000000000000 ) ) ;
#2825 = PRESENTATION_STYLE_ASSIGNMENT (( #2800 ) ) ;
#2826 = STYLED_ITEM ( 'NONE', ( #2426 ), #2878 ) ;
#2827 = VECTOR ( 'NONE', #404, 1000.000000000000000 ) ;
#2828 = AXIS2_PLACEMENT_3D ( 'NONE', #4014, #1116, #4496 ) ;
#2829 =( NAMED_UNIT ( * ) SI_UNIT ( $, .STERADIAN. ) SOLID_ANGLE_UNIT ( ) );
#2830 = EDGE_CURVE ( 'NONE', #3908, #1850, #4422, .T. ) ;
#2831 = VERTEX_POINT ( 'NONE', #1890 ) ;
#2832 = DIRECTION ( 'NONE',  ( -1.000000000000000000, 0.0000000000000000000, 0.0000000000000000000 ) ) ;
#2833 =( BOUNDED_CURVE ( )  B_SPLINE_CURVE ( 3, ( #4509, #621, #1131, #4970 ),
 .UNSPECIFIED., .F., .F. ) 
 B_SPLINE_CURVE_WITH_KNOTS ( ( 4, 4 ),
 ( 0.5000000000000000000, 1.000000000000000000 ),
 .UNSPECIFIED. ) 
 CURVE ( )  GEOMETRIC_REPRESENTATION_ITEM ( )  RATIONAL_B_SPLINE_CURVE ( ( 1.000000000000000000, 0.3333333333333333700, 0.3333333333333333700, 1.000000000000000000 ) ) 
 REPRESENTATION_ITEM ( '' )  );
#2834 = LINE ( 'NONE', #4319, #5329 ) ;
#2835 = EDGE_CURVE ( 'NONE', #3504, #3569, #55, .T. ) ;
#2836 = ORIENTED_EDGE ( 'NONE', *, *, #1023, .T. ) ;
#2837 = SURFACE_STYLE_USAGE ( .BOTH. , #5635 ) ;
#2838 = COLOUR_RGB ( '',0.7921568627450980000, 0.8000000000000000400, 0.8078431372549019800 ) ;
#2839 =( NAMED_UNIT ( * ) PLANE_ANGLE_UNIT ( ) SI_UNIT ( $, .RADIAN. ) );
#2840 = PRESENTATION_LAYER_ASSIGNMENT (  '', '', ( #1882 ) ) ;
#2841 = DIRECTION ( 'NONE',  ( 0.0000000000000000000, 0.0000000000000000000, 1.000000000000000000 ) ) ;
#2842 = CARTESIAN_POINT ( 'NONE',  ( -1.000000000000000000, 1.224646799147353200E-016, 4.700000000000002000 ) ) ;
#2843 = DIRECTION ( 'NONE',  ( 1.000000000000000000, 0.0000000000000000000, 0.0000000000000000000 ) ) ;
#2844 = ORIENTED_EDGE ( 'NONE', *, *, #4578, .F. ) ;
#2845 = CARTESIAN_POINT ( 'NONE',  ( 1.950000000000000000, 1.451517244269860100, 0.2000000000000001200 ) ) ;
#2846 = EDGE_CURVE ( 'NONE', #3620, #4967, #3164, .T. ) ;
#2847 =( GEOMETRIC_REPRESENTATION_CONTEXT ( 3 ) GLOBAL_UNCERTAINTY_ASSIGNED_CONTEXT ( ( #5855 ) ) GLOBAL_UNIT_ASSIGNED_CONTEXT ( ( #5707, #2915, #6154 ) ) REPRESENTATION_CONTEXT ( 'NONE', 'WORKASPACE' ) );
#2848 = PRESENTATION_STYLE_ASSIGNMENT (( #2411 ) ) ;
#2849 = ADVANCED_FACE ( 'NONE', ( #1741 ), #5663, .F. ) ;
#2850 = DIRECTION ( 'NONE',  ( -1.000000000000000000, 0.0000000000000000000, 0.0000000000000000000 ) ) ;
#2851 = CARTESIAN_POINT ( 'NONE',  ( 4.999999999999969800, 3.000000000000000000, 5.799999999999999800 ) ) ;
#2852 = CARTESIAN_POINT ( 'NONE',  ( 0.0000000000000000000, -3.100000000000000500, 0.8000000000000000400 ) ) ;
#2853 = CIRCLE ( 'NONE', #3166, 1.825000000000000200 ) ;
#2854 = AXIS2_PLACEMENT_3D ( 'NONE', #3920, #3951, #4233 ) ;
#2855 = DIRECTION ( 'NONE',  ( -0.0000000000000000000, -0.0000000000000000000, -1.000000000000000000 ) ) ;
#2856 = LINE ( 'NONE', #591, #3321 ) ;
#2857 = CARTESIAN_POINT ( 'NONE',  ( 1.371381178655500800, -0.3999999999985613400, 5.800000000000001600 ) ) ;
#2858 = DIRECTION ( 'NONE',  ( 1.000000000000000000, 0.0000000000000000000, -0.0000000000000000000 ) ) ;
#2859 = CARTESIAN_POINT ( 'NONE',  ( -3.197442310920450200E-014, 3.000000000000000000, 5.799999999999999800 ) ) ;
#2860 = PRESENTATION_LAYER_ASSIGNMENT (  '', '', ( #2543 ) ) ;
#2861 = CONTEXT_DEPENDENT_SHAPE_REPRESENTATION ( #2248, #4212 ) ;
#2862 = FILL_AREA_STYLE_COLOUR ( '', #3008 ) ;
#2863 =( NAMED_UNIT ( * ) PLANE_ANGLE_UNIT ( ) SI_UNIT ( $, .RADIAN. ) );
#2864 = CARTESIAN_POINT ( 'NONE',  ( 1.000000000000014700, -2.000000000000002700, 0.2000000000000000100 ) ) ;
#2865 = EDGE_CURVE ( 'NONE', #2268, #3500, #1275, .T. ) ;
#2866 = UNCERTAINTY_MEASURE_WITH_UNIT (LENGTH_MEASURE( 1.000000000000000100E-005 ), #6094, 'distance_accuracy_value', 'NONE');
#2867 = SURFACE_STYLE_USAGE ( .BOTH. , #5669 ) ;
#2868 = ORIENTED_EDGE ( 'NONE', *, *, #6034, .T. ) ;
#2869 = CARTESIAN_POINT ( 'NONE',  ( -1.000000000000000000, -0.3957940609526180400, -2.507415838091757300 ) ) ;
#2870 = AXIS2_PLACEMENT_3D ( 'NONE', #5495, #3654, #4142 ) ;
#2871 = LINE ( 'NONE', #4448, #5360 ) ;
#2872 = EDGE_CURVE ( 'NONE', #5289, #628, #5091, .T. ) ;
#2873 = VECTOR ( 'NONE', #3585, 1000.000000000000000 ) ;
#2874 = DIRECTION ( 'NONE',  ( 0.0000000000000000000, 0.0000000000000000000, 1.000000000000000000 ) ) ;
#2875 =( NAMED_UNIT ( * ) PLANE_ANGLE_UNIT ( ) SI_UNIT ( $, .RADIAN. ) );
#2876 = VERTEX_POINT ( 'NONE', #6121 ) ;
#2877 = CARTESIAN_POINT ( 'NONE',  ( -1.754992877478755800, -0.3999999999985327000, 5.300000000000013100 ) ) ;
#2878 = ADVANCED_FACE ( 'NONE', ( #6136 ), #2884, .T. ) ;
#2879 = DIRECTION ( 'NONE',  ( 1.000000000000000000, -0.0000000000000000000, -0.0000000000000000000 ) ) ;
#2880 = EDGE_LOOP ( 'NONE', ( #2030, #3460, #4151, #3729 ) ) ;
#2881 = DIRECTION ( 'NONE',  ( 0.0000000000000000000, 1.000000000000000000, -0.0000000000000000000 ) ) ;
#2882 = ORIENTED_EDGE ( 'NONE', *, *, #4460, .T. ) ;
#2883 = ORIENTED_EDGE ( 'NONE', *, *, #436, .T. ) ;
#2884 = PLANE ( 'NONE',  #4739 ) ;
#2885 = CARTESIAN_POINT ( 'NONE',  ( 7.500000000000000000, 2.399377385709330100, 10.00000000000000000 ) ) ;
#2886 = PRESENTATION_STYLE_ASSIGNMENT (( #4539 ) ) ;
#2887 =( NAMED_UNIT ( * ) SI_UNIT ( $, .STERADIAN. ) SOLID_ANGLE_UNIT ( ) );
#2888 = LINE ( 'NONE', #2519, #261 ) ;
#2889 = ORIENTED_EDGE ( 'NONE', *, *, #6034, .F. ) ;
#2890 = FACE_OUTER_BOUND ( 'NONE', #2344, .T. ) ;
#2891 = CARTESIAN_POINT ( 'NONE',  ( 0.0000000000000000000, -0.3440302519321101200, -2.314230672833941700 ) ) ;
#2892 = ORIENTED_EDGE ( 'NONE', *, *, #2750, .T. ) ;
#2893 = STYLED_ITEM ( 'NONE', ( #3728 ), #821 ) ;
#2894 = SURFACE_STYLE_FILL_AREA ( #2113 ) ;
#2895 = PRODUCT_DEFINITION ( 'UNKNOWN', '', #3217, #124 ) ;
#2896 = COLOUR_RGB ( '',0.0000000000000000000, 0.3686274509803921800, 0.7215686274509803800 ) ;
#2897 = ORIENTED_EDGE ( 'NONE', *, *, #5016, .T. ) ;
#2898 = ORIENTED_EDGE ( 'NONE', *, *, #5843, .F. ) ;
#2899 = CARTESIAN_POINT ( 'NONE',  ( 1.371439721503577600, 0.3999999999985611200, 5.800000000000001600 ) ) ;
#2900 = LINE ( 'NONE', #1951, #2749 ) ;
#2901 = DIRECTION ( 'NONE',  ( -0.0000000000000000000, -0.0000000000000000000, -1.000000000000000000 ) ) ;
#2902 = CARTESIAN_POINT ( 'NONE',  ( -3.100000000000000500, 3.899999999999999900, 6.700000000000000200 ) ) ;
#2903 = ORIENTED_EDGE ( 'NONE', *, *, #2197, .F. ) ;
#2904 =( GEOMETRIC_REPRESENTATION_CONTEXT ( 3 ) GLOBAL_UNCERTAINTY_ASSIGNED_CONTEXT ( ( #1716 ) ) GLOBAL_UNIT_ASSIGNED_CONTEXT ( ( #2997, #3016, #3039 ) ) REPRESENTATION_CONTEXT ( 'NONE', 'WORKASPACE' ) );
#2905 = COLOUR_RGB ( '',0.0000000000000000000, 0.3686274509803921800, 0.7215686274509803800 ) ;
#2906 = UNCERTAINTY_MEASURE_WITH_UNIT (LENGTH_MEASURE( 1.000000000000000100E-005 ), #713, 'distance_accuracy_value', 'NONE');
#2907 =( LENGTH_UNIT ( ) NAMED_UNIT ( * ) SI_UNIT ( .MILLI., .METRE. ) );
#2908 = DIRECTION ( 'NONE',  ( -1.000000000000000000, 0.0000000000000000000, 0.0000000000000000000 ) ) ;
#2909 = VECTOR ( 'NONE', #5192, 999.9999999999998900 ) ;
#2910 = CARTESIAN_POINT ( 'NONE',  ( 4.999999999999969800, 3.000000000000000000, 5.799999999999999800 ) ) ;
#2911 = ORIENTED_EDGE ( 'NONE', *, *, #1677, .F. ) ;
#2912 = SURFACE_STYLE_FILL_AREA ( #3720 ) ;
#2913 = ORIENTED_EDGE ( 'NONE', *, *, #6067, .F. ) ;
#2914 = ADVANCED_FACE ( 'NONE', ( #3244 ), #1502, .F. ) ;
#2915 =( NAMED_UNIT ( * ) PLANE_ANGLE_UNIT ( ) SI_UNIT ( $, .RADIAN. ) );
#2916 = EDGE_CURVE ( 'NONE', #2155, #4022, #316, .T. ) ;
#2917 = FILL_AREA_STYLE ('',( #2956 ) ) ;
#2918 = ORIENTED_EDGE ( 'NONE', *, *, #2277, .T. ) ;
#2919 = EDGE_CURVE ( 'NONE', #2435, #4738, #5286, .T. ) ;
#2920 = LINE ( 'NONE', #2337, #4180 ) ;
#2921 = DIRECTION ( 'NONE',  ( -0.8660254037844387100, -0.4999999999999998300, -0.0000000000000000000 ) ) ;
#2922 = SURFACE_STYLE_USAGE ( .BOTH. , #5713 ) ;
#2923 = PRODUCT_DEFINITION_SHAPE ( 'NONE', 'NONE',  #6193 ) ;
#2924 = DIRECTION ( 'NONE',  ( -0.0000000000000000000, -0.0000000000000000000, -1.000000000000000000 ) ) ;
#2925 = SURFACE_STYLE_USAGE ( .BOTH. , #5718 ) ;
#2926 = CARTESIAN_POINT ( 'NONE',  ( 6.499999999999730000, 2.700000000000000200, 5.799999999999999800 ) ) ;
#2927 = PRESENTATION_LAYER_ASSIGNMENT (  '', '', ( #2298 ) ) ;
#2928 = VERTEX_POINT ( 'NONE', #1984 ) ;
#2929 = VERTEX_POINT ( 'NONE', #2943 ) ;
#2930 = FILL_AREA_STYLE_COLOUR ( '', #2905 ) ;
#2931 = PRESENTATION_STYLE_ASSIGNMENT (( #4706 ) ) ;
#2932 = AXIS2_PLACEMENT_3D ( 'NONE', #2048, #1097, #2228 ) ;
#2933 = CARTESIAN_POINT ( 'NONE',  ( -1.754992877478751300, -0.3999999999985610100, 4.799999999999999800 ) ) ;
#2934 = CARTESIAN_POINT ( 'NONE',  ( 4.450000000000000200, 4.500000000000000900, -1.456080807316840000E-018 ) ) ;
#2935 = CARTESIAN_POINT ( 'NONE',  ( 1.950000000000000000, -1.451517244269860100, 0.2000000000000000100 ) ) ;
#2936 = SURFACE_STYLE_FILL_AREA ( #302 ) ;
#2937 = CARTESIAN_POINT ( 'NONE',  ( 7.500000000000000000, -3.100000000000000500, 5.799999999999999800 ) ) ;
#2938 = CARTESIAN_POINT ( 'NONE',  ( 1.000000000000000000, -2.275881904510250300, -1.796592582628906200 ) ) ;
#2939 = EDGE_LOOP ( 'NONE', ( #1115, #5307, #2301, #1392 ) ) ;
#2940 = VERTEX_POINT ( 'NONE', #3432 ) ;
#2941 = STYLED_ITEM ( 'NONE', ( #4202 ), #2784 ) ;
#2942 = UNCERTAINTY_MEASURE_WITH_UNIT (LENGTH_MEASURE( 1.000000000000000100E-005 ), #5858, 'distance_accuracy_value', 'NONE');
#2943 = CARTESIAN_POINT ( 'NONE',  ( 7.500000000000000000, 3.060769515458740700, 6.700000000000000200 ) ) ;
#2944 = SURFACE_STYLE_FILL_AREA ( #6019 ) ;
#2945 = EDGE_CURVE ( 'NONE', #1850, #3342, #1350, .T. ) ;
#2946 = ORIENTED_EDGE ( 'NONE', *, *, #5346, .T. ) ;
#2947 = FILL_AREA_STYLE ('',( #2930 ) ) ;
#2948 = DIRECTION ( 'NONE',  ( -0.8660254037844404800, 0.4999999999999970000, 0.0000000000000000000 ) ) ;
#2949 = ORIENTED_EDGE ( 'NONE', *, *, #1063, .F. ) ;
#2950 = AXIS2_PLACEMENT_3D ( 'NONE', #2479, #6178, #5753 ) ;
#2951 = EDGE_LOOP ( 'NONE', ( #4665, #4537 ) ) ;
#2952 = PRESENTATION_STYLE_ASSIGNMENT (( #5223 ) ) ;
#2953 = FACE_OUTER_BOUND ( 'NONE', #3548, .T. ) ;
#2954 = FILL_AREA_STYLE ('',( #1505 ) ) ;
#2955 = PRESENTATION_STYLE_ASSIGNMENT (( #1043 ) ) ;
#2956 = FILL_AREA_STYLE_COLOUR ( '', #2646 ) ;
#2957 = ORIENTED_EDGE ( 'NONE', *, *, #1907, .F. ) ;
#2958 = CARTESIAN_POINT ( 'NONE',  ( -2.500000000000000000, -3.100000000000000500, 0.0000000000000000000 ) ) ;
#2959 = FACE_OUTER_BOUND ( 'NONE', #4591, .T. ) ;
#2960 = EDGE_CURVE ( 'NONE', #3040, #5359, #152, .T. ) ;
#2961 = PRESENTATION_LAYER_ASSIGNMENT (  '', '', ( #2339 ) ) ;
#2962 = ORIENTED_EDGE ( 'NONE', *, *, #815, .F. ) ;
#2963 = DIRECTION ( 'NONE',  ( 0.0000000000000000000, -0.0000000000000000000, -1.000000000000000000 ) ) ;
#2964 = CARTESIAN_POINT ( 'NONE',  ( -1.250000000000000000, 0.0000000000000000000, 4.299999999999999800 ) ) ;
#2965 = ORIENTED_EDGE ( 'NONE', *, *, #1426, .T. ) ;
#2966 = FILL_AREA_STYLE ('',( #2709 ) ) ;
#2967 = DIRECTION ( 'NONE',  ( 0.7071067811865480200, -0.7044160264027579100, -0.06162841671622309300 ) ) ;
#2968 = EDGE_LOOP ( 'NONE', ( #5821, #929, #897, #1319 ) ) ;
#2969 = EDGE_LOOP ( 'NONE', ( #5939, #2882, #790, #2329 ) ) ;
#2970 = LINE ( 'NONE', #1738, #5455 ) ;
#2971 = STYLED_ITEM ( 'NONE', ( #2006 ), #1183 ) ;
#2972 = ORIENTED_EDGE ( 'NONE', *, *, #5211, .T. ) ;
#2973 = DIRECTION ( 'NONE',  ( -5.286776307738839800E-017, -0.0000000000000000000, -1.000000000000000000 ) ) ;
#2974 = CIRCLE ( 'NONE', #5535, 1.800000000000000300 ) ;
#2975 = DIRECTION ( 'NONE',  ( -1.000000000000000000, 7.383365949283020400E-013, 0.0000000000000000000 ) ) ;
#2976 = VERTEX_POINT ( 'NONE', #4852 ) ;
#2977 = SURFACE_SIDE_STYLE ('',( #5665 ) ) ;
#2978 =( GEOMETRIC_REPRESENTATION_CONTEXT ( 3 ) GLOBAL_UNCERTAINTY_ASSIGNED_CONTEXT ( ( #257 ) ) GLOBAL_UNIT_ASSIGNED_CONTEXT ( ( #1292, #4650, #1797 ) ) REPRESENTATION_CONTEXT ( 'NONE', 'WORKASPACE' ) );
#2979 = SURFACE_SIDE_STYLE ('',( #1520 ) ) ;
#2980 =( GEOMETRIC_REPRESENTATION_CONTEXT ( 3 ) GLOBAL_UNCERTAINTY_ASSIGNED_CONTEXT ( ( #4395 ) ) GLOBAL_UNIT_ASSIGNED_CONTEXT ( ( #703, #3873, #86 ) ) REPRESENTATION_CONTEXT ( 'NONE', 'WORKASPACE' ) );
#2981 = VERTEX_POINT ( 'NONE', #4377 ) ;
#2982 = EDGE_CURVE ( 'NONE', #2090, #131, #3900, .T. ) ;
#2983 = ORIENTED_EDGE ( 'NONE', *, *, #5211, .F. ) ;
#2984 = CARTESIAN_POINT ( 'NONE',  ( 0.0000000000000000000, 2.700000000000000200, 0.8000000000000000400 ) ) ;
#2985 = CYLINDRICAL_SURFACE ( 'NONE', #156, 0.5000000000000004400 ) ;
#2986 = COLOUR_RGB ( '',0.7921568627450980000, 0.8000000000000000400, 0.8078431372549019800 ) ;
#2987 = PLANE ( 'NONE',  #5258 ) ;
#2988 = MECHANICAL_DESIGN_GEOMETRIC_PRESENTATION_REPRESENTATION (  '', ( #2031 ), #3325 ) ;
#2989 = EDGE_CURVE ( 'NONE', #4603, #3882, #5002, .T. ) ;
#2990 = SURFACE_STYLE_USAGE ( .BOTH. , #2979 ) ;
#2991 = SURFACE_STYLE_FILL_AREA ( #1919 ) ;
#2992 = EDGE_CURVE ( 'NONE', #495, #5593, #2629, .T. ) ;
#2993 = DIRECTION ( 'NONE',  ( -7.383365949283020400E-013, -1.000000000000000000, 0.0000000000000000000 ) ) ;
#2994 = DIRECTION ( 'NONE',  ( 0.0000000000000000000, 6.049014748177259600E-016, -1.000000000000000000 ) ) ;
#2995 = EDGE_LOOP ( 'NONE', ( #5122, #2641, #3049, #4954 ) ) ;
#2996 = AXIS2_PLACEMENT_3D ( 'NONE', #961, #4347, #1483 ) ;
#2997 =( LENGTH_UNIT ( ) NAMED_UNIT ( * ) SI_UNIT ( .MILLI., .METRE. ) );
#2998 = CARTESIAN_POINT ( 'NONE',  ( -0.7657196161874714200, 1.857142857144505000, 5.799999999999999800 ) ) ;
#2999 = DIRECTION ( 'NONE',  ( 0.0000000000000000000, -0.9848077530087877600, 0.1736481776863280600 ) ) ;
#3000 = CARTESIAN_POINT ( 'NONE',  ( -0.7984067843808223500, 0.6152521470915456300, 3.264697870117427400 ) ) ;
#3001 = SURFACE_STYLE_USAGE ( .BOTH. , #5799 ) ;
#3002 = VECTOR ( 'NONE', #4112, 1000.000000000000000 ) ;
#3003 = FILL_AREA_STYLE ('',( #4419 ) ) ;
#3004 = AXIS2_PLACEMENT_3D ( 'NONE', #3825, #3903, #4084 ) ;
#3005 = PRESENTATION_LAYER_ASSIGNMENT (  '', '', ( #2689 ) ) ;
#3006 = ORIENTED_EDGE ( 'NONE', *, *, #2549, .T. ) ;
#3007 = CARTESIAN_POINT ( 'NONE',  ( 7.500000000000000000, 2.399377385709330600, 10.00000000000000000 ) ) ;
#3008 = COLOUR_RGB ( '',0.7921568627450980000, 0.8000000000000000400, 0.8078431372549019800 ) ;
#3009 = DIRECTION ( 'NONE',  ( -1.000000000000000000, 0.0000000000000000000, 0.0000000000000000000 ) ) ;
#3010 =( LENGTH_UNIT ( ) NAMED_UNIT ( * ) SI_UNIT ( .MILLI., .METRE. ) );
#3011 = CARTESIAN_POINT ( 'NONE',  ( 0.8999999999999962500, -1.799999999999991400, 0.09999999999999961700 ) ) ;
#3012 = UNCERTAINTY_MEASURE_WITH_UNIT (LENGTH_MEASURE( 1.000000000000000100E-005 ), #1956, 'distance_accuracy_value', 'NONE');
#3013 = PRESENTATION_LAYER_ASSIGNMENT (  '', '', ( #2698 ) ) ;
#3014 = FILL_AREA_STYLE_COLOUR ( '', #1876 ) ;
#3015 = EDGE_LOOP ( 'NONE', ( #3314, #412, #3642, #2650 ) ) ;
#3016 =( NAMED_UNIT ( * ) PLANE_ANGLE_UNIT ( ) SI_UNIT ( $, .RADIAN. ) );
#3017 = UNCERTAINTY_MEASURE_WITH_UNIT (LENGTH_MEASURE( 1.000000000000000100E-005 ), #6165, 'distance_accuracy_value', 'NONE');
#3018 = CARTESIAN_POINT ( 'NONE',  ( -0.5500000000000000400, 4.371449683332120900E-017, 0.8000000000000000400 ) ) ;
#3019 = ORIENTED_EDGE ( 'NONE', *, *, #5420, .F. ) ;
#3020 = CARTESIAN_POINT ( 'NONE',  ( 7.499999999999999100, 3.739230484541377300, -2.602813254368867900E-015 ) ) ;
#3021 = FILL_AREA_STYLE ('',( #3939 ) ) ;
#3022 = PRESENTATION_LAYER_ASSIGNMENT (  '', '', ( #2403 ) ) ;
#3023 = FACE_OUTER_BOUND ( 'NONE', #3238, .T. ) ;
#3024 = COLOUR_RGB ( '',0.0000000000000000000, 0.3686274509803921800, 0.7215686274509803800 ) ;
#3025 = EDGE_CURVE ( 'NONE', #128, #1500, #3754, .T. ) ;
#3026 = ORIENTED_EDGE ( 'NONE', *, *, #2406, .F. ) ;
#3027 = PRESENTATION_STYLE_ASSIGNMENT (( #1936 ) ) ;
#3028 = CARTESIAN_POINT ( 'NONE',  ( 2.249999999999969800, 2.000000000000000000, 2.000000000000000000 ) ) ;
#3029 = VERTEX_POINT ( 'NONE', #5775 ) ;
#3030 = EDGE_CURVE ( 'NONE', #5534, #2047, #1014, .T. ) ;
#3031 = LINE ( 'NONE', #3989, #1766 ) ;
#3032 = SURFACE_STYLE_FILL_AREA ( #379 ) ;
#3033 =( GEOMETRIC_REPRESENTATION_CONTEXT ( 3 ) GLOBAL_UNCERTAINTY_ASSIGNED_CONTEXT ( ( #384 ) ) GLOBAL_UNIT_ASSIGNED_CONTEXT ( ( #1266, #4623, #1767 ) ) REPRESENTATION_CONTEXT ( 'NONE', 'WORKASPACE' ) );
#3034 = ORIENTED_EDGE ( 'NONE', *, *, #5001, .F. ) ;
#3035 =( LENGTH_UNIT ( ) NAMED_UNIT ( * ) SI_UNIT ( .MILLI., .METRE. ) );
#3036 = CARTESIAN_POINT ( 'NONE',  ( -2.050000000000269800, -3.100000000000000500, 0.8000000000000000400 ) ) ;
#3037 = FILL_AREA_STYLE ('',( #5366 ) ) ;
#3038 = CIRCLE ( 'NONE', #5995, 1.300000000000000300 ) ;
#3039 =( NAMED_UNIT ( * ) SI_UNIT ( $, .STERADIAN. ) SOLID_ANGLE_UNIT ( ) );
#3040 = VERTEX_POINT ( 'NONE', #3469 ) ;
#3041 = COLOUR_RGB ( '',0.0000000000000000000, 0.3686274509803921800, 0.7215686274509803800 ) ;
#3042 = ORIENTED_EDGE ( 'NONE', *, *, #5384, .T. ) ;
#3043 = DIRECTION ( 'NONE',  ( -1.000000000000000000, 0.0000000000000000000, 0.0000000000000000000 ) ) ;
#3044 = MECHANICAL_DESIGN_GEOMETRIC_PRESENTATION_REPRESENTATION (  '', ( #2418 ), #3376 ) ;
#3045 = LINE ( 'NONE', #2885, #5387 ) ;
#3046 = AXIS2_PLACEMENT_3D ( 'NONE', #5328, #2509, #5780 ) ;
#3047 = PLANE ( 'NONE',  #463 ) ;
#3048 = DIRECTION ( 'NONE',  ( 0.0000000000000000000, 0.9659258262890690900, -0.2588190451025180700 ) ) ;
#3049 = ORIENTED_EDGE ( 'NONE', *, *, #1213, .F. ) ;
#3050 = CARTESIAN_POINT ( 'NONE',  ( -3.100000000000000500, 2.899999999999999900, 6.700000000000000200 ) ) ;
#3051 = CARTESIAN_POINT ( 'NONE',  ( 1.000000000000000000, -2.550000000000000300, -0.1000000000000000600 ) ) ;
#3052 = DIRECTION ( 'NONE',  ( 0.0000000000000000000, 0.0000000000000000000, 1.000000000000000000 ) ) ;
#3053 = STYLED_ITEM ( 'NONE', ( #4759 ), #1397 ) ;
#3054 = VECTOR ( 'NONE', #5479, 1000.000000000000000 ) ;
#3055 = CARTESIAN_POINT ( 'NONE',  ( -1.000000000000000000, 2.000000000000000000, 0.2000000000000000900 ) ) ;
#3056 = FACE_OUTER_BOUND ( 'NONE', #3330, .T. ) ;
#3057 = ORIENTED_EDGE ( 'NONE', *, *, #3187, .T. ) ;
#3058 = PRESENTATION_STYLE_ASSIGNMENT (( #1078 ) ) ;
#3059 = UNCERTAINTY_MEASURE_WITH_UNIT (LENGTH_MEASURE( 1.000000000000000100E-005 ), #4178, 'distance_accuracy_value', 'NONE');
#3060 =( NAMED_UNIT ( * ) PLANE_ANGLE_UNIT ( ) SI_UNIT ( $, .RADIAN. ) );
#3061 = FACE_OUTER_BOUND ( 'NONE', #2723, .T. ) ;
#3062 = FILL_AREA_STYLE_COLOUR ( '', #1685 ) ;
#3063 = MECHANICAL_DESIGN_GEOMETRIC_PRESENTATION_REPRESENTATION (  '', ( #2102 ), #3392 ) ;
#3064 =( LENGTH_UNIT ( ) NAMED_UNIT ( * ) SI_UNIT ( .MILLI., .METRE. ) );
#3065 = EDGE_CURVE ( 'NONE', #4888, #309, #1175, .T. ) ;
#3066 = FACE_OUTER_BOUND ( 'NONE', #1995, .T. ) ;
#3067 = SURFACE_STYLE_USAGE ( .BOTH. , #5856 ) ;
#3068 =( NAMED_UNIT ( * ) PLANE_ANGLE_UNIT ( ) SI_UNIT ( $, .RADIAN. ) );
#3069 = DIRECTION ( 'NONE',  ( -1.000000000000000000, 0.0000000000000000000, 0.0000000000000000000 ) ) ;
#3070 = COLOUR_RGB ( '',0.0000000000000000000, 0.3686274509803921800, 0.7215686274509803800 ) ;
#3071 = DIRECTION ( 'NONE',  ( 0.0000000000000000000, -0.0000000000000000000, 1.000000000000000000 ) ) ;
#3072 = MECHANICAL_DESIGN_GEOMETRIC_PRESENTATION_REPRESENTATION (  '', ( #2115 ), #3399 ) ;
#3073 = CARTESIAN_POINT ( 'NONE',  ( -3.262508931451803200E-014, 0.0000000000000000000, 6.092571664871940100 ) ) ;
#3074 = VECTOR ( 'NONE', #3593, 1000.000000000000000 ) ;
#3075 = EDGE_LOOP ( 'NONE', ( #5706, #518, #2225, #2307 ) ) ;
#3076 = ORIENTED_EDGE ( 'NONE', *, *, #2865, .F. ) ;
#3077 = SURFACE_SIDE_STYLE ('',( #3369 ) ) ;
#3078 =( NAMED_UNIT ( * ) SI_UNIT ( $, .STERADIAN. ) SOLID_ANGLE_UNIT ( ) );
#3079 = AXIS2_PLACEMENT_3D ( 'NONE', #3618, #697, #4093 ) ;
#3080 = CARTESIAN_POINT ( 'NONE',  ( -3.241851231905460900E-014, 0.0000000000000000000, 10.00000000000000000 ) ) ;
#3081 = DIRECTION ( 'NONE',  ( -0.0000000000000000000, 0.0000000000000000000, 1.000000000000000000 ) ) ;
#3082 = SURFACE_STYLE_FILL_AREA ( #2354 ) ;
#3083 = SURFACE_SIDE_STYLE ('',( #1125 ) ) ;
#3084 = AXIS2_PLACEMENT_3D ( 'NONE', #4292, #3705, #5265 ) ;
#3085 = EDGE_LOOP ( 'NONE', ( #5282, #4449, #1791, #4510, #1780, #4326, #1521, #3177, #2705, #2819, #4823, #3182, #841, #781, #1772, #1145, #4052, #276, #4774, #5 ) ) ;
#3086 = ORIENTED_EDGE ( 'NONE', *, *, #4059, .T. ) ;
#3087 = UNCERTAINTY_MEASURE_WITH_UNIT (LENGTH_MEASURE( 1.000000000000000100E-005 ), #5712, 'distance_accuracy_value', 'NONE');
#3088 = DIRECTION ( 'NONE',  ( 0.0000000000000000000, 0.0000000000000000000, 1.000000000000000000 ) ) ;
#3089 = SURFACE_STYLE_FILL_AREA ( #3140 ) ;
#3090 = DIRECTION ( 'NONE',  ( 0.0000000000000000000, 0.0000000000000000000, 1.000000000000000000 ) ) ;
#3091 = ORIENTED_EDGE ( 'NONE', *, *, #1213, .T. ) ;
#3092 = MECHANICAL_DESIGN_GEOMETRIC_PRESENTATION_REPRESENTATION (  '', ( #2139 ), #3424 ) ;
#3093 = PRESENTATION_LAYER_ASSIGNMENT (  '', '', ( #2466 ) ) ;
#3094 = CARTESIAN_POINT ( 'NONE',  ( 1.761227609852363200, 0.3715875486258004600, 5.592893218813454600 ) ) ;
#3095 = SURFACE_STYLE_USAGE ( .BOTH. , #5885 ) ;
#3096 = EDGE_CURVE ( 'NONE', #1922, #3504, #1916, .T. ) ;
#3097 = VERTEX_POINT ( 'NONE', #1560 ) ;
#3098 = DIRECTION ( 'NONE',  ( -1.000000000000000000, 0.0000000000000000000, 0.0000000000000000000 ) ) ;
#3099 = EDGE_LOOP ( 'NONE', ( #3862, #1105 ) ) ;
#3100 = DIRECTION ( 'NONE',  ( 1.000000000000000000, 0.0000000000000000000, -0.0000000000000000000 ) ) ;
#3101 =( NAMED_UNIT ( * ) PLANE_ANGLE_UNIT ( ) SI_UNIT ( $, .RADIAN. ) );
#3102 = LINE ( 'NONE', #4821, #5438 ) ;
#3103 = VECTOR ( 'NONE', #979, 1000.000000000000000 ) ;
#3104 = FILL_AREA_STYLE_COLOUR ( '', #4340 ) ;
#3105 = DIRECTION ( 'NONE',  ( -0.0000000000000000000, -0.0000000000000000000, -1.000000000000000000 ) ) ;
#3106 = DIRECTION ( 'NONE',  ( 1.000000000000000000, 0.0000000000000000000, 0.0000000000000000000 ) ) ;
#3107 = STYLED_ITEM ( 'NONE', ( #2817 ), #4125 ) ;
#3108 = EDGE_LOOP ( 'NONE', ( #5048, #3688, #2911, #1385 ) ) ;
#3109 = VECTOR ( 'NONE', #3105, 1000.000000000000000 ) ;
#3110 = EDGE_CURVE ( 'NONE', #5359, #5631, #2351, .T. ) ;
#3111 = VECTOR ( 'NONE', #2901, 1000.000000000000000 ) ;
#3112 = DIRECTION ( 'NONE',  ( 1.000000000000000000, -0.0000000000000000000, 0.0000000000000000000 ) ) ;
#3113 = ORIENTED_EDGE ( 'NONE', *, *, #558, .T. ) ;
#3114 = SURFACE_SIDE_STYLE ('',( #3866 ) ) ;
#3115 = EDGE_LOOP ( 'NONE', ( #1076, #3351, #5237, #2913 ) ) ;
#3116 = EDGE_CURVE ( 'NONE', #310, #4096, #2192, .T. ) ;
#3117 = SURFACE_SIDE_STYLE ('',( #1322 ) ) ;
#3118 = CYLINDRICAL_SURFACE ( 'NONE', #1582, 0.5500000000000000400 ) ;
#3119 = AXIS2_PLACEMENT_3D ( 'NONE', #4690, #1833, #5159 ) ;
#3120 = CARTESIAN_POINT ( 'NONE',  ( -1.800000000000000300, 0.0000000000000000000, 4.799999999999999800 ) ) ;
#3121 = EDGE_LOOP ( 'NONE', ( #1095, #5611, #1040, #2962 ) ) ;
#3122 = LINE ( 'NONE', #4918, #2671 ) ;
#3123 = FILL_AREA_STYLE_COLOUR ( '', #3024 ) ;
#3124 = CARTESIAN_POINT ( 'NONE',  ( 1.950000000000000000, 1.451517244269860100, 0.0000000000000000000 ) ) ;
#3125 =( NAMED_UNIT ( * ) PLANE_ANGLE_UNIT ( ) SI_UNIT ( $, .RADIAN. ) );
#3126 = FILL_AREA_STYLE ('',( #1227 ) ) ;
#3127 = STYLED_ITEM ( 'NONE', ( #4324 ), #452 ) ;
#3128 = AXIS2_PLACEMENT_3D ( 'NONE', #3695, #780, #4176 ) ;
#3129 = VERTEX_POINT ( 'NONE', #4911 ) ;
#3130 = DIRECTION ( 'NONE',  ( 1.000000000000000000, 0.0000000000000000000, 0.0000000000000000000 ) ) ;
#3131 = VECTOR ( 'NONE', #3081, 1000.000000000000000 ) ;
#3132 = CARTESIAN_POINT ( 'NONE',  ( -0.5000000000000000000, 0.0000000000000000000, 0.0000000000000000000 ) ) ;
#3133 = DIRECTION ( 'NONE',  ( 1.000000000000000000, 0.0000000000000000000, 0.0000000000000000000 ) ) ;
#3134 = SURFACE_SIDE_STYLE ('',( #4913 ) ) ;
#3135 = ADVANCED_FACE ( 'NONE', ( #4722 ), #5815, .F. ) ;
#3136 = DIRECTION ( 'NONE',  ( 0.0000000000000000000, 1.000000000000000000, -6.643039201861150300E-030 ) ) ;
#3137 = CARTESIAN_POINT ( 'NONE',  ( 1.558581953622689500, -0.3288329368897764900, 5.800000000000002500 ) ) ;
#3138 = UNCERTAINTY_MEASURE_WITH_UNIT (LENGTH_MEASURE( 1.000000000000000100E-005 ), #6161, 'distance_accuracy_value', 'NONE');
#3139 = STYLED_ITEM ( 'NONE', ( #963 ), #1755 ) ;
#3140 = FILL_AREA_STYLE ('',( #667 ) ) ;
#3141 = CARTESIAN_POINT ( 'NONE',  ( -1.000000000000000000, 0.6912459284779619600, 1.549472632322330000 ) ) ;
#3142 = FACE_BOUND ( 'NONE', #5653, .T. ) ;
#3143 =( NAMED_UNIT ( * ) SI_UNIT ( $, .STERADIAN. ) SOLID_ANGLE_UNIT ( ) );
#3144 = VECTOR ( 'NONE', #4849, 1000.000000000000000 ) ;
#3145 = CARTESIAN_POINT ( 'NONE',  ( 3.499999999999730000, 2.700000000000000200, 0.8000000000000000400 ) ) ;
#3146 = FACE_OUTER_BOUND ( 'NONE', #4037, .T. ) ;
#3147 = CARTESIAN_POINT ( 'NONE',  ( 7.500000000000000000, 0.0000000000000000000, 10.00000000000000000 ) ) ;
#3148 = PRESENTATION_LAYER_ASSIGNMENT (  '', '', ( #2826 ) ) ;
#3149 = CARTESIAN_POINT ( 'NONE',  ( -1.000000000000000000, -2.250000000000000400, -1.700000000000000000 ) ) ;
#3150 = PRESENTATION_LAYER_ASSIGNMENT (  '', '', ( #2504 ) ) ;
#3151 = EDGE_CURVE ( 'NONE', #5943, #3949, #2856, .T. ) ;
#3152 = LINE ( 'NONE', #2692, #4408 ) ;
#3153 = ORIENTED_EDGE ( 'NONE', *, *, #3326, .F. ) ;
#3154 = DIRECTION ( 'NONE',  ( 0.0000000000000000000, -0.0000000000000000000, 1.000000000000000000 ) ) ;
#3155 = FILL_AREA_STYLE ('',( #2665 ) ) ;
#3156 = APPLICATION_CONTEXT ( 'automotive_design' ) ;
#3157 = COLOUR_RGB ( '',0.0000000000000000000, 0.3686274509803921800, 0.7215686274509803800 ) ;
#3158 = CARTESIAN_POINT ( 'NONE',  ( 0.4999999999999680300, 3.000000000000000000, 9.142222010458430900 ) ) ;
#3159 = EDGE_CURVE ( 'NONE', #5584, #987, #5349, .T. ) ;
#3160 = MECHANICAL_DESIGN_GEOMETRIC_PRESENTATION_REPRESENTATION (  '', ( #1882 ), #3481 ) ;
#3161 = VECTOR ( 'NONE', #1744, 1000.000000000000100 ) ;
#3162 = CARTESIAN_POINT ( 'NONE',  ( 6.899999999999979900, 3.900000000000050100, -3.469446951953614200E-015 ) ) ;
#3163 = CARTESIAN_POINT ( 'NONE',  ( 2.049999999995439900, -3.100000000000000500, 0.8000000000000000400 ) ) ;
#3164 = LINE ( 'NONE', #2381, #1897 ) ;
#3165 = ADVANCED_FACE ( 'NONE', ( #1578 ), #3047, .T. ) ;
#3166 = AXIS2_PLACEMENT_3D ( 'NONE', #1246, #1217, #1163 ) ;
#3167 = CARTESIAN_POINT ( 'NONE',  ( -8.133428825879440400E-019, 0.0000000000000000000, 4.299999999999999800 ) ) ;
#3168 = SURFACE_STYLE_FILL_AREA ( #5980 ) ;
#3169 =( LENGTH_UNIT ( ) NAMED_UNIT ( * ) SI_UNIT ( .MILLI., .METRE. ) );
#3170 = ORIENTED_EDGE ( 'NONE', *, *, #5310, .T. ) ;
#3171 = DIRECTION ( 'NONE',  ( 1.000000000000000000, 0.0000000000000000000, 0.0000000000000000000 ) ) ;
#3172 = APPLICATION_PROTOCOL_DEFINITION ( 'draft international standard', 'automotive_design', 1998, #5956 ) ;
#3173 = PRESENTATION_LAYER_ASSIGNMENT (  '', '', ( #2227 ) ) ;
#3174 = ORIENTED_EDGE ( 'NONE', *, *, #4063, .T. ) ;
#3175 =( LENGTH_UNIT ( ) NAMED_UNIT ( * ) SI_UNIT ( .MILLI., .METRE. ) );
#3176 = COLOUR_RGB ( '',0.0000000000000000000, 0.3686274509803921800, 0.7215686274509803800 ) ;
#3177 = ORIENTED_EDGE ( 'NONE', *, *, #4635, .T. ) ;
#3178 = DIRECTION ( 'NONE',  ( 1.000000000000000000, 0.0000000000000000000, 0.0000000000000000000 ) ) ;
#3179 = LINE ( 'NONE', #2080, #725 ) ;
#3180 = MECHANICAL_DESIGN_GEOMETRIC_PRESENTATION_REPRESENTATION (  '', ( #2543 ), #3505 ) ;
#3181 = PRESENTATION_LAYER_ASSIGNMENT (  '', '', ( #2546 ) ) ;
#3182 = ORIENTED_EDGE ( 'NONE', *, *, #89, .T. ) ;
#3183 = SHAPE_REPRESENTATION ( 'DG301-5.0-pin', ( #3766 ), #5325 ) ;
#3184 = CARTESIAN_POINT ( 'NONE',  ( 1.800000000000000300, 2.204364238465236100E-016, 4.299999999999999800 ) ) ;
#3185 = VECTOR ( 'NONE', #3910, 1000.000000000000000 ) ;
#3186 = FILL_AREA_STYLE_COLOUR ( '', #1739 ) ;
#3187 = EDGE_CURVE ( 'NONE', #5584, #5321, #1093, .T. ) ;
#3188 =( NAMED_UNIT ( * ) PLANE_ANGLE_UNIT ( ) SI_UNIT ( $, .RADIAN. ) );
#3189 = ORIENTED_EDGE ( 'NONE', *, *, #5917, .F. ) ;
#3190 = DIRECTION ( 'NONE',  ( 0.0000000000000000000, 0.0000000000000000000, 1.000000000000000000 ) ) ;
#3191 = CIRCLE ( 'NONE', #4782, 1.250000000000000000 ) ;
#3192 = DIRECTION ( 'NONE',  ( 0.0000000000000000000, 0.0000000000000000000, -1.000000000000000000 ) ) ;
#3193 = CARTESIAN_POINT ( 'NONE',  ( 7.500000000000000000, 3.060769515458740700, 6.700000000000000200 ) ) ;
#3194 =( LENGTH_UNIT ( ) NAMED_UNIT ( * ) SI_UNIT ( .MILLI., .METRE. ) );
#3195 = ORIENTED_EDGE ( 'NONE', *, *, #5297, .F. ) ;
#3196 =( REPRESENTATION_RELATIONSHIP ('NONE','NONE', #3198, #1079 ) REPRESENTATION_RELATIONSHIP_WITH_TRANSFORMATION ( #2714 )SHAPE_REPRESENTATION_RELATIONSHIP( ) );
#3197 = STYLED_ITEM ( 'NONE', ( #1388 ), #4343 ) ;
#3198 = SHAPE_REPRESENTATION ( 'DG301-5.0-02P-12-00A(H)', ( #920, #4283, #4607, #4914, #5222, #5514, #5819, #6127 ), #242 ) ;
#3199 = ADVANCED_FACE ( 'NONE', ( #5986, #3524 ), #2605, .T. ) ;
#3200 = EDGE_CURVE ( 'NONE', #4632, #2498, #458, .T. ) ;
#3201 = ORIENTED_EDGE ( 'NONE', *, *, #1295, .F. ) ;
#3202 = FACE_OUTER_BOUND ( 'NONE', #4733, .T. ) ;
#3203 =( LENGTH_UNIT ( ) NAMED_UNIT ( * ) SI_UNIT ( .MILLI., .METRE. ) );
#3204 = EDGE_LOOP ( 'NONE', ( #4840, #1178, #4346, #2595 ) ) ;
#3205 = PRESENTATION_STYLE_ASSIGNMENT (( #4167 ) ) ;
#3206 = SURFACE_SIDE_STYLE ('',( #3168 ) ) ;
#3207 = SURFACE_STYLE_USAGE ( .BOTH. , #4027 ) ;
#3208 = STYLED_ITEM ( 'NONE', ( #6120 ), #5547 ) ;
#3209 =( NAMED_UNIT ( * ) SI_UNIT ( $, .STERADIAN. ) SOLID_ANGLE_UNIT ( ) );
#3210 = CARTESIAN_POINT ( 'NONE',  ( 4.450000000000000200, -3.100000000000000500, -1.456080807266360200E-018 ) ) ;
#3211 = ORIENTED_EDGE ( 'NONE', *, *, #1719, .T. ) ;
#3212 = VERTEX_POINT ( 'NONE', #659 ) ;
#3213 = FILL_AREA_STYLE ('',( #3281 ) ) ;
#3214 = SURFACE_STYLE_FILL_AREA ( #2106 ) ;
#3215 = AXIS2_PLACEMENT_3D ( 'NONE', #4796, #5062, #2733 ) ;
#3216 = SURFACE_STYLE_FILL_AREA ( #692 ) ;
#3217 = PRODUCT_DEFINITION_FORMATION_WITH_SPECIFIED_SOURCE ( 'ANY', '', #2293, .NOT_KNOWN. ) ;
#3218 = FILL_AREA_STYLE ('',( #5992 ) ) ;
#3219 = VECTOR ( 'NONE', #3987, 1000.000000000000000 ) ;
#3220 = DIRECTION ( 'NONE',  ( 1.000000000000000000, 0.0000000000000000000, 0.0000000000000000000 ) ) ;
#3221 = ORIENTED_EDGE ( 'NONE', *, *, #4854, .F. ) ;
#3222 = SURFACE_SIDE_STYLE ('',( #2662 ) ) ;
#3223 = B_SPLINE_CURVE_WITH_KNOTS ( 'NONE', 3,
 ( #503, #6192, #1010, #4396, #1531, #4867 ),
 .UNSPECIFIED., .F., .F.,
 ( 4, 2, 4 ),
 ( 0.0000000000000000000, 0.0003979782131429427500, 0.0007959564262858855000 ),
 .UNSPECIFIED. ) ;
#3224 = CARTESIAN_POINT ( 'NONE',  ( -1.949999999999999100, 1.451517244269858500, 0.0000000000000000000 ) ) ;
#3225 = FILL_AREA_STYLE ('',( #5991 ) ) ;
#3226 = VECTOR ( 'NONE', #4366, 1000.000000000000000 ) ;
#3227 = PRESENTATION_LAYER_ASSIGNMENT (  '', '', ( #3535 ) ) ;
#3228 = SURFACE_STYLE_USAGE ( .BOTH. , #6001 ) ;
#3229 = PRESENTATION_STYLE_ASSIGNMENT (( #2773 ) ) ;
#3230 =( NAMED_UNIT ( * ) PLANE_ANGLE_UNIT ( ) SI_UNIT ( $, .RADIAN. ) );
#3231 = VECTOR ( 'NONE', #356, 1000.000000000000000 ) ;
#3232 = PRESENTATION_STYLE_ASSIGNMENT (( #4668 ) ) ;
#3233 = ADVANCED_FACE ( 'NONE', ( #5410 ), #6057, .F. ) ;
#3234 = PLANE ( 'NONE',  #2637 ) ;
#3235 = DIRECTION ( 'NONE',  ( 0.0000000000000000000, 0.0000000000000000000, -1.000000000000000000 ) ) ;
#3236 = DIRECTION ( 'NONE',  ( 0.0000000000000000000, 1.000000000000000000, -0.0000000000000000000 ) ) ;
#3237 = ORIENTED_EDGE ( 'NONE', *, *, #3159, .T. ) ;
#3238 = EDGE_LOOP ( 'NONE', ( #2081, #5950, #3748, #2243 ) ) ;
#3239 = PRESENTATION_LAYER_ASSIGNMENT (  '', '', ( #2276 ) ) ;
#3240 = EDGE_CURVE ( 'NONE', #1653, #5807, #1167, .T. ) ;
#3241 = DIRECTION ( 'NONE',  ( 1.000000000000000000, 0.0000000000000000000, 0.0000000000000000000 ) ) ;
#3242 = CARTESIAN_POINT ( 'NONE',  ( 3.499999999999730000, 2.700000000000000200, 0.8000000000000000400 ) ) ;
#3243 = FILL_AREA_STYLE_COLOUR ( '', #2099 ) ;
#3244 = FACE_OUTER_BOUND ( 'NONE', #5124, .T. ) ;
#3245 = CARTESIAN_POINT ( 'NONE',  ( 4.499999999999968000, 2.000000000000000000, 10.57037001743049300 ) ) ;
#3246 = DIRECTION ( 'NONE',  ( -0.9659258262890680900, -0.2588190451025210200, -0.0000000000000000000 ) ) ;
#3247 = EDGE_CURVE ( 'NONE', #310, #1114, #1341, .T. ) ;
#3248 = VERTEX_POINT ( 'NONE', #4079 ) ;
#3249 = SURFACE_SIDE_STYLE ('',( #2944 ) ) ;
#3250 = AXIS2_PLACEMENT_3D ( 'NONE', #2851, #6108, #3339 ) ;
#3251 = SURFACE_SIDE_STYLE ('',( #4691 ) ) ;
#3252 = VERTEX_POINT ( 'NONE', #2199 ) ;
#3253 = ORIENTED_EDGE ( 'NONE', *, *, #5997, .T. ) ;
#3254 = LINE ( 'NONE', #2161, #5719 ) ;
#3255 = PRODUCT ( 'DG301-5.0-screw', 'DG301-5.0-screw', '', ( #5934 ) ) ;
#3256 = PLANE ( 'NONE',  #4562 ) ;
#3257 =( NAMED_UNIT ( * ) PLANE_ANGLE_UNIT ( ) SI_UNIT ( $, .RADIAN. ) );
#3258 = MECHANICAL_DESIGN_GEOMETRIC_PRESENTATION_REPRESENTATION (  '', ( #2298 ), #3564 ) ;
#3259 = STYLED_ITEM ( 'NONE', ( #110 ), #6116 ) ;
#3260 = EDGE_LOOP ( 'NONE', ( #2918, #2795 ) ) ;
#3261 =( BOUNDED_SURFACE ( )  B_SPLINE_SURFACE ( 3, 3, ( 
 ( #2158, #4552, #1695, #5013 ),
 ( #2182, #5460, #2649, #5920 ),
 ( #3137, #183, #3612, #688 ),
 ( #4087, #1200, #4573, #1718 ) ),
 .UNSPECIFIED., .F., .F., .F. ) 
 B_SPLINE_SURFACE_WITH_KNOTS ( ( 4, 4 ),
 ( 4, 4 ),
 ( 0.0000000000000000000, 1.000000000000000000 ),
 ( 0.0000000000000000000, 1.000000000000000000 ),
 .UNSPECIFIED. ) 
 GEOMETRIC_REPRESENTATION_ITEM ( )  RATIONAL_B_SPLINE_SURFACE ( (
 ( 1.000000000000000000, 0.4709583513428945400, 0.4709583513428945400, 1.000000000000000000),
 ( 0.8047378541243631600, 0.3789980130416288300, 0.3789980130416288300, 0.8047378541243631600),
 ( 0.8047378541243631600, 0.3789980130416288300, 0.3789980130416288300, 0.8047378541243631600),
 ( 1.000000000000000000, 0.4709583513428945400, 0.4709583513428945400, 1.000000000000000000) ) ) 
 REPRESENTATION_ITEM ( '' )  SURFACE ( )  );
#3262 = DIRECTION ( 'NONE',  ( -1.000000000000000000, 0.0000000000000000000, 0.0000000000000000000 ) ) ;
#3263 = PRESENTATION_STYLE_ASSIGNMENT (( #1208 ) ) ;
#3264 = VECTOR ( 'NONE', #2513, 1000.000000000000000 ) ;
#3265 =( NAMED_UNIT ( * ) PLANE_ANGLE_UNIT ( ) SI_UNIT ( $, .RADIAN. ) );
#3266 = ORIENTED_EDGE ( 'NONE', *, *, #2636, .F. ) ;
#3267 = CARTESIAN_POINT ( 'NONE',  ( -1.279730618198138000E-019, 0.0000000000000000000, 1.350000000000000100 ) ) ;
#3268 = ORIENTED_EDGE ( 'NONE', *, *, #2872, .F. ) ;
#3269 = SURFACE_STYLE_USAGE ( .BOTH. , #3117 ) ;
#3270 = ADVANCED_FACE ( 'NONE', ( #6185 ), #533, .T. ) ;
#3271 = PRESENTATION_LAYER_ASSIGNMENT (  '', '', ( #2309 ) ) ;
#3272 = SURFACE_STYLE_USAGE ( .BOTH. , #6042 ) ;
#3273 = ORIENTED_EDGE ( 'NONE', *, *, #2989, .F. ) ;
#3274 =( LENGTH_UNIT ( ) NAMED_UNIT ( * ) SI_UNIT ( .MILLI., .METRE. ) );
#3275 = ORIENTED_EDGE ( 'NONE', *, *, #5145, .F. ) ;
#3276 = AXIS2_PLACEMENT_3D ( 'NONE', #2315, #5580, #2782 ) ;
#3277 = COLOUR_RGB ( '',0.7921568627450980000, 0.8000000000000000400, 0.8078431372549019800 ) ;
#3278 = ORIENTED_EDGE ( 'NONE', *, *, #4420, .F. ) ;
#3279 = PRESENTATION_STYLE_ASSIGNMENT (( #1536 ) ) ;
#3280 = EDGE_CURVE ( 'NONE', #3601, #5943, #3152, .T. ) ;
#3281 = FILL_AREA_STYLE_COLOUR ( '', #4737 ) ;
#3282 = ORIENTED_EDGE ( 'NONE', *, *, #3030, .F. ) ;
#3283 = ORIENTED_EDGE ( 'NONE', *, *, #5273, .T. ) ;
#3284 = CARTESIAN_POINT ( 'NONE',  ( -1.000000000000000000, -2.250000000000000400, -0.1000000000000000100 ) ) ;
#3285 = DIRECTION ( 'NONE',  ( 2.323287528027560000E-019, 0.0000000000000000000, -1.000000000000000000 ) ) ;
#3286 = DIRECTION ( 'NONE',  ( 0.0000000000000000000, 6.049014748177259600E-016, -1.000000000000000000 ) ) ;
#3287 = PRESENTATION_LAYER_ASSIGNMENT (  '', '', ( #2330 ) ) ;
#3288 = VECTOR ( 'NONE', #2157, 1000.000000000000000 ) ;
#3289 = SURFACE_STYLE_FILL_AREA ( #2402 ) ;
#3290 = ORIENTED_EDGE ( 'NONE', *, *, #5615, .T. ) ;
#3291 =( LENGTH_UNIT ( ) NAMED_UNIT ( * ) SI_UNIT ( .MILLI., .METRE. ) );
#3292 = COLOUR_RGB ( '',0.0000000000000000000, 0.3686274509803921800, 0.7215686274509803800 ) ;
#3293 = DIRECTION ( 'NONE',  ( 0.0000000000000000000, 0.0000000000000000000, 1.000000000000000000 ) ) ;
#3294 =( NAMED_UNIT ( * ) PLANE_ANGLE_UNIT ( ) SI_UNIT ( $, .RADIAN. ) );
#3295 = PRESENTATION_STYLE_ASSIGNMENT (( #3269 ) ) ;
#3296 = CARTESIAN_POINT ( 'NONE',  ( 2.749999999999969800, 2.000000000000000000, 2.000000000000000000 ) ) ;
#3297 = ORIENTED_EDGE ( 'NONE', *, *, #4904, .T. ) ;
#3298 = EDGE_CURVE ( 'NONE', #366, #3737, #2028, .T. ) ;
#3299 = MECHANICAL_DESIGN_GEOMETRIC_PRESENTATION_REPRESENTATION (  '', ( #2339 ), #3605 ) ;
#3300 = PRESENTATION_STYLE_ASSIGNMENT (( #715 ) ) ;
#3301 = UNCERTAINTY_MEASURE_WITH_UNIT (LENGTH_MEASURE( 1.000000000000000100E-005 ), #4474, 'distance_accuracy_value', 'NONE');
#3302 = ADVANCED_FACE ( 'NONE', ( #5629 ), #1251, .F. ) ;
#3303 = DIRECTION ( 'NONE',  ( 7.383365949283020400E-013, 1.000000000000000000, 0.0000000000000000000 ) ) ;
#3304 = PLANE ( 'NONE',  #3556 ) ;
#3305 = LINE ( 'NONE', #3952, #5762 ) ;
#3306 = B_SPLINE_CURVE_WITH_KNOTS ( 'NONE', 3,
 ( #6068, #4327, #1702, #1725, #1743, #1765, #2054, #2097, #2073, #2118, #1262, #1569 ),
 .UNSPECIFIED., .F., .F.,
 ( 4, 2, 2, 2, 2, 4 ),
 ( 0.001620653214559819500, 0.002025174821428537800, 0.002429696428297256500, 0.002834218035165974600, 0.003036478838600333700, 0.003238739642034693200 ),
 .UNSPECIFIED. ) ;
#3307 = VECTOR ( 'NONE', #4831, 1000.000000000000000 ) ;
#3308 = SURFACE_STYLE_FILL_AREA ( #532 ) ;
#3309 = CARTESIAN_POINT ( 'NONE',  ( 4.450000000000000200, 6.810740282896520200E-017, 0.8000000000000000400 ) ) ;
#3310 = FILL_AREA_STYLE_COLOUR ( '', #2183 ) ;
#3311 = DIRECTION ( 'NONE',  ( 1.000000000000000000, 0.0000000000000000000, 0.0000000000000000000 ) ) ;
#3312 = FILL_AREA_STYLE ('',( #830 ) ) ;
#3313 = CARTESIAN_POINT ( 'NONE',  ( 2.749999999999969400, -2.462330315003930200, 10.00000000000000000 ) ) ;
#3314 = ORIENTED_EDGE ( 'NONE', *, *, #1255, .F. ) ;
#3315 =( NAMED_UNIT ( * ) PLANE_ANGLE_UNIT ( ) SI_UNIT ( $, .RADIAN. ) );
#3316 = VERTEX_POINT ( 'NONE', #5953 ) ;
#3317 =( NAMED_UNIT ( * ) SI_UNIT ( $, .STERADIAN. ) SOLID_ANGLE_UNIT ( ) );
#3318 = CARTESIAN_POINT ( 'NONE',  ( 0.8999999999999960300, -6.902565309527068300E-017, 0.04142135623730910200 ) ) ;
#3319 = DIRECTION ( 'NONE',  ( -0.4999999999999998300, -0.8660254037844387100, 0.0000000000000000000 ) ) ;
#3320 = EDGE_CURVE ( 'NONE', #534, #6041, #62, .T. ) ;
#3321 = VECTOR ( 'NONE', #3997, 1000.000000000000000 ) ;
#3322 = CARTESIAN_POINT ( 'NONE',  ( 2.249999999999969800, -2.000000000000000000, -1.000000000000000000 ) ) ;
#3323 = DIRECTION ( 'NONE',  ( 1.000000000000000000, 0.0000000000000000000, 0.0000000000000000000 ) ) ;
#3324 = ITEM_DEFINED_TRANSFORMATION ( 'NONE', 'NONE', #4607,  #3766 ) ;
#3325 =( GEOMETRIC_REPRESENTATION_CONTEXT ( 3 ) GLOBAL_UNCERTAINTY_ASSIGNED_CONTEXT ( ( #1837 ) ) GLOBAL_UNIT_ASSIGNED_CONTEXT ( ( #3568, #637, #4039 ) ) REPRESENTATION_CONTEXT ( 'NONE', 'WORKASPACE' ) );
#3326 = EDGE_CURVE ( 'NONE', #5529, #4610, #3820, .T. ) ;
#3327 =( NAMED_UNIT ( * ) PLANE_ANGLE_UNIT ( ) SI_UNIT ( $, .RADIAN. ) );
#3328 = ADVANCED_FACE ( 'NONE', ( #5079 ), #5538, .T. ) ;
#3329 = EDGE_CURVE ( 'NONE', #1429, #4480, #770, .T. ) ;
#3330 = EDGE_LOOP ( 'NONE', ( #4762, #4267, #1110, #3933 ) ) ;
#3331 = DIRECTION ( 'NONE',  ( 0.0000000000000000000, 0.0000000000000000000, 1.000000000000000000 ) ) ;
#3332 = AXIS2_PLACEMENT_3D ( 'NONE', #4803, #1959, #5266 ) ;
#3333 = CARTESIAN_POINT ( 'NONE',  ( 0.2711297440448268700, 0.9715847408239131100, 3.480017614867634700 ) ) ;
#3334 = PRESENTATION_STYLE_ASSIGNMENT (( #1576 ) ) ;
#3335 = CARTESIAN_POINT ( 'NONE',  ( 4.499999999999968900, 3.000000000000000000, 9.142222010458430900 ) ) ;
#3336 = FACE_OUTER_BOUND ( 'NONE', #3793, .T. ) ;
#3337 = ORIENTED_EDGE ( 'NONE', *, *, #1625, .F. ) ;
#3338 = UNCERTAINTY_MEASURE_WITH_UNIT (LENGTH_MEASURE( 1.000000000000000100E-005 ), #1854, 'distance_accuracy_value', 'NONE');
#3339 = DIRECTION ( 'NONE',  ( 1.000000000000000000, 0.0000000000000000000, 0.0000000000000000000 ) ) ;
#3340 = MECHANICAL_DESIGN_GEOMETRIC_PRESENTATION_REPRESENTATION (  '', ( #2689 ), #3651 ) ;
#3341 = CARTESIAN_POINT ( 'NONE',  ( 3.499999999999730000, 2.700000000000000200, 5.799999999999999800 ) ) ;
#3342 = VERTEX_POINT ( 'NONE', #6014 ) ;
#3343 = PRESENTATION_STYLE_ASSIGNMENT (( #17 ) ) ;
#3344 = DIRECTION ( 'NONE',  ( -0.0000000000000000000, -1.000000000000000000, -0.0000000000000000000 ) ) ;
#3345 = CARTESIAN_POINT ( 'NONE',  ( 0.5499999999999998200, -3.100000000000000500, -1.456080807266355400E-018 ) ) ;
#3346 = MECHANICAL_DESIGN_GEOMETRIC_PRESENTATION_REPRESENTATION (  '', ( #2698 ), #3657 ) ;
#3347 = ORIENTED_EDGE ( 'NONE', *, *, #1577, .T. ) ;
#3348 = COLOUR_RGB ( '',0.7921568627450980000, 0.8000000000000000400, 0.8078431372549019800 ) ;
#3349 = VERTEX_POINT ( 'NONE', #791 ) ;
#3350 = FILL_AREA_STYLE ('',( #2862 ) ) ;
#3351 = ORIENTED_EDGE ( 'NONE', *, *, #1103, .T. ) ;
#3352 = CIRCLE ( 'NONE', #612, 1.250000000000000000 ) ;
#3353 = VERTEX_POINT ( 'NONE', #293 ) ;
#3354 = ADVANCED_FACE ( 'NONE', ( #4485 ), #3707, .T. ) ;
#3355 =( NAMED_UNIT ( * ) PLANE_ANGLE_UNIT ( ) SI_UNIT ( $, .RADIAN. ) );
#3356 = SURFACE_STYLE_FILL_AREA ( #3798 ) ;
#3357 = MECHANICAL_DESIGN_GEOMETRIC_PRESENTATION_REPRESENTATION (  '', ( #2403 ), #3666 ) ;
#3358 = ORIENTED_EDGE ( 'NONE', *, *, #2373, .F. ) ;
#3359 = EDGE_CURVE ( 'NONE', #1193, #2435, #5275, .T. ) ;
#3360 = CIRCLE ( 'NONE', #3491, 0.2999999999999999900 ) ;
#3361 = ORIENTED_EDGE ( 'NONE', *, *, #4269, .T. ) ;
#3362 = LINE ( 'NONE', #5928, #2079 ) ;
#3363 = EDGE_CURVE ( 'NONE', #4738, #3248, #3381, .T. ) ;
#3364 = CARTESIAN_POINT ( 'NONE',  ( 6.499999999999730000, 2.700000000000000200, 0.8000000000000000400 ) ) ;
#3365 = DIRECTION ( 'NONE',  ( 0.2588190451025210700, -0.9659258262890682000, 0.0000000000000000000 ) ) ;
#3366 = AXIS2_PLACEMENT_3D ( 'NONE', #2748, #6007, #3235 ) ;
#3367 = FILL_AREA_STYLE_COLOUR ( '', #5150 ) ;
#3368 = LINE ( 'NONE', #1313, #1945 ) ;
#3369 = SURFACE_STYLE_FILL_AREA ( #4492 ) ;
#3370 = UNCERTAINTY_MEASURE_WITH_UNIT (LENGTH_MEASURE( 1.000000000000000100E-005 ), #4104, 'distance_accuracy_value', 'NONE');
#3371 = ORIENTED_EDGE ( 'NONE', *, *, #3914, .T. ) ;
#3372 = CARTESIAN_POINT ( 'NONE',  ( 1.000000000000000400, -6.495396339887260100, -0.6659770972181831000 ) ) ;
#3373 = DIRECTION ( 'NONE',  ( -0.0000000000000000000, 0.5735764362890769500, -0.8191520443323829800 ) ) ;
#3374 = FILL_AREA_STYLE_COLOUR ( '', #5545 ) ;
#3375 = FACE_OUTER_BOUND ( 'NONE', #5876, .T. ) ;
#3376 =( GEOMETRIC_REPRESENTATION_CONTEXT ( 3 ) GLOBAL_UNCERTAINTY_ASSIGNED_CONTEXT ( ( #2906 ) ) GLOBAL_UNIT_ASSIGNED_CONTEXT ( ( #713, #729, #722 ) ) REPRESENTATION_CONTEXT ( 'NONE', 'WORKASPACE' ) );
#3377 = STYLED_ITEM ( 'NONE', ( #5459 ), #6028 ) ;
#3378 = VERTEX_POINT ( 'NONE', #3839 ) ;
#3379 = VECTOR ( 'NONE', #2921, 1000.000000000000100 ) ;
#3380 = FILL_AREA_STYLE_COLOUR ( '', #5057 ) ;
#3381 = LINE ( 'NONE', #5230, #1490 ) ;
#3382 = SURFACE_SIDE_STYLE ('',( #2051 ) ) ;
#3383 = LINE ( 'NONE', #2753, #4643 ) ;
#3384 = PRESENTATION_LAYER_ASSIGNMENT (  '', '', ( #3053 ) ) ;
#3385 = SURFACE_SIDE_STYLE ('',( #3797 ) ) ;
#3386 = FILL_AREA_STYLE ('',( #4330 ) ) ;
#3387 = VERTEX_POINT ( 'NONE', #426 ) ;
#3388 = EDGE_LOOP ( 'NONE', ( #1704, #5070, #2965, #5589 ) ) ;
#3389 = ADVANCED_FACE ( 'NONE', ( #4029 ), #818, .F. ) ;
#3390 = DIRECTION ( 'NONE',  ( 0.0000000000000000000, -6.643039201861150300E-030, -1.000000000000000000 ) ) ;
#3391 = DIRECTION ( 'NONE',  ( 0.0000000000000000000, 1.000000000000000000, -0.0000000000000000000 ) ) ;
#3392 =( GEOMETRIC_REPRESENTATION_CONTEXT ( 3 ) GLOBAL_UNCERTAINTY_ASSIGNED_CONTEXT ( ( #537 ) ) GLOBAL_UNIT_ASSIGNED_CONTEXT ( ( #3175, #233, #3658 ) ) REPRESENTATION_CONTEXT ( 'NONE', 'WORKASPACE' ) );
#3393 =( NAMED_UNIT ( * ) SI_UNIT ( $, .STERADIAN. ) SOLID_ANGLE_UNIT ( ) );
#3394 = DIRECTION ( 'NONE',  ( 0.0000000000000000000, 1.000000000000000000, -6.643039201861150300E-030 ) ) ;
#3395 = EDGE_CURVE ( 'NONE', #2278, #1530, #4712, .T. ) ;
#3396 = VECTOR ( 'NONE', #6023, 1000.000000000000000 ) ;
#3397 = VERTEX_POINT ( 'NONE', #4333 ) ;
#3398 = SURFACE_STYLE_USAGE ( .BOTH. , #3382 ) ;
#3399 =( GEOMETRIC_REPRESENTATION_CONTEXT ( 3 ) GLOBAL_UNCERTAINTY_ASSIGNED_CONTEXT ( ( #5308 ) ) GLOBAL_UNIT_ASSIGNED_CONTEXT ( ( #5227, #2412, #5680 ) ) REPRESENTATION_CONTEXT ( 'NONE', 'WORKASPACE' ) );
#3400 = COLOUR_RGB ( '',0.7921568627450980000, 0.8000000000000000400, 0.8078431372549019800 ) ;
#3401 = VECTOR ( 'NONE', #2740, 1000.000000000000000 ) ;
#3402 = DIRECTION ( 'NONE',  ( -0.0000000000000000000, -0.9961946980917453200, -0.08715574274766115000 ) ) ;
#3403 = ORIENTED_EDGE ( 'NONE', *, *, #1713, .T. ) ;
#3404 =( NAMED_UNIT ( * ) PLANE_ANGLE_UNIT ( ) SI_UNIT ( $, .RADIAN. ) );
#3405 =( NAMED_UNIT ( * ) SI_UNIT ( $, .STERADIAN. ) SOLID_ANGLE_UNIT ( ) );
#3406 = CARTESIAN_POINT ( 'NONE',  ( 7.049999999995439900, 0.0000000000000000000, 5.799999999999999800 ) ) ;
#3407 = COLOUR_RGB ( '',0.8274509803921568100, 0.8313725490196077800, 0.8352941176470588500 ) ;
#3408 = LINE ( 'NONE', #2458, #2131 ) ;
#3409 = PRESENTATION_LAYER_ASSIGNMENT (  '', '', ( #2764 ) ) ;
#3410 = ORIENTED_EDGE ( 'NONE', *, *, #1630, .F. ) ;
#3411 = VERTEX_POINT ( 'NONE', #3860 ) ;
#3412 =( BOUNDED_SURFACE ( )  B_SPLINE_SURFACE ( 3, 3, ( 
 ( #5581, #848, #4237, #1368 ),
 ( #4721, #1868, #5180, #2359 ),
 ( #5623, #2822, #6081, #3318 ),
 ( #369, #3778, #868, #4260 ) ),
 .UNSPECIFIED., .F., .F., .F. ) 
 B_SPLINE_SURFACE_WITH_KNOTS ( ( 4, 4 ),
 ( 4, 4 ),
 ( 0.0000000000000000000, 1.000000000000000000 ),
 ( 0.0000000000000000000, 1.000000000000000000 ),
 .UNSPECIFIED. ) 
 GEOMETRIC_REPRESENTATION_ITEM ( )  RATIONAL_B_SPLINE_SURFACE ( (
 ( 1.000000000000000000, 0.3333333333333332000, 0.3333333333333332000, 1.000000000000000000),
 ( 0.8047378541243649400, 0.2682459513747881800, 0.2682459513747881800, 0.8047378541243649400),
 ( 0.8047378541243649400, 0.2682459513747881800, 0.2682459513747881800, 0.8047378541243649400),
 ( 1.000000000000000000, 0.3333333333333332000, 0.3333333333333332000, 1.000000000000000000) ) ) 
 REPRESENTATION_ITEM ( '' )  SURFACE ( )  );
#3413 =( NAMED_UNIT ( * ) PLANE_ANGLE_UNIT ( ) SI_UNIT ( $, .RADIAN. ) );
#3414 = DIRECTION ( 'NONE',  ( 1.000000000000000000, 0.0000000000000000000, 0.0000000000000000000 ) ) ;
#3415 = SURFACE_STYLE_FILL_AREA ( #3037 ) ;
#3416 = CARTESIAN_POINT ( 'NONE',  ( 1.000000000000000000, -2.250000000000000400, -0.1000000000000000100 ) ) ;
#3417 = ORIENTED_EDGE ( 'NONE', *, *, #512, .T. ) ;
#3418 = AXIS2_PLACEMENT_3D ( 'NONE', #1132, #4015, #2606 ) ;
#3419 =( LENGTH_UNIT ( ) NAMED_UNIT ( * ) SI_UNIT ( .MILLI., .METRE. ) );
#3420 = VERTEX_POINT ( 'NONE', #943 ) ;
#3421 = ORIENTED_EDGE ( 'NONE', *, *, #3757, .F. ) ;
#3422 = COLOUR_RGB ( '',0.0000000000000000000, 0.3686274509803921800, 0.7215686274509803800 ) ;
#3423 = FILL_AREA_STYLE ('',( #1978 ) ) ;
#3424 =( GEOMETRIC_REPRESENTATION_CONTEXT ( 3 ) GLOBAL_UNCERTAINTY_ASSIGNED_CONTEXT ( ( #3672 ) ) GLOBAL_UNIT_ASSIGNED_CONTEXT ( ( #5006, #2176, #5452 ) ) REPRESENTATION_CONTEXT ( 'NONE', 'WORKASPACE' ) );
#3425 = ORIENTED_EDGE ( 'NONE', *, *, #2036, .T. ) ;
#3426 = MECHANICAL_DESIGN_GEOMETRIC_PRESENTATION_REPRESENTATION (  '', ( #2466 ), #3738 ) ;
#3427 = PRESENTATION_STYLE_ASSIGNMENT (( #4784 ) ) ;
#3428 = PRODUCT_DEFINITION_SHAPE ( 'NONE', 'NONE',  #6195 ) ;
#3429 = EDGE_LOOP ( 'NONE', ( #5518, #2388, #353, #3827 ) ) ;
#3430 = VECTOR ( 'NONE', #4627, 1000.000000000000000 ) ;
#3431 = EDGE_CURVE ( 'NONE', #2929, #5331, #5906, .T. ) ;
#3432 = CARTESIAN_POINT ( 'NONE',  ( -0.7999999999999960500, 0.0000000000000000000, -1.966045752641187900E-016 ) ) ;
#3433 = DIRECTION ( 'NONE',  ( 0.0000000000000000000, -0.2588190451025180700, -0.9659258262890690900 ) ) ;
#3434 = VECTOR ( 'NONE', #4444, 1000.000000000000000 ) ;
#3435 = DIRECTION ( 'NONE',  ( 1.000000000000000000, 0.0000000000000000000, 0.0000000000000000000 ) ) ;
#3436 = VECTOR ( 'NONE', #4244, 1000.000000000000000 ) ;
#3437 = ORIENTED_EDGE ( 'NONE', *, *, #6167, .F. ) ;
#3438 = SURFACE_STYLE_USAGE ( .BOTH. , #6188 ) ;
#3439 = AXIS2_PLACEMENT_3D ( 'NONE', #4378, #3919, #5776 ) ;
#3440 = EDGE_CURVE ( 'NONE', #3622, #4603, #3451, .T. ) ;
#3441 =( NAMED_UNIT ( * ) PLANE_ANGLE_UNIT ( ) SI_UNIT ( $, .RADIAN. ) );
#3442 = LINE ( 'NONE', #2212, #844 ) ;
#3443 = ORIENTED_EDGE ( 'NONE', *, *, #6182, .T. ) ;
#3444 = EDGE_CURVE ( 'NONE', #208, #3411, #849, .T. ) ;
#3445 = FILL_AREA_STYLE_COLOUR ( '', #2250 ) ;
#3446 = SURFACE_STYLE_USAGE ( .BOTH. , #5224 ) ;
#3447 = SURFACE_STYLE_FILL_AREA ( #3003 ) ;
#3448 = AXIS2_PLACEMENT_3D ( 'NONE', #2772, #292, #6036 ) ;
#3449 = UNCERTAINTY_MEASURE_WITH_UNIT (LENGTH_MEASURE( 1.000000000000000100E-005 ), #3291, 'distance_accuracy_value', 'NONE');
#3450 =( NAMED_UNIT ( * ) SI_UNIT ( $, .STERADIAN. ) SOLID_ANGLE_UNIT ( ) );
#3451 = CIRCLE ( 'NONE', #1573, 0.5500000000000000400 ) ;
#3452 = SURFACE_STYLE_FILL_AREA ( #2369 ) ;
#3453 = CARTESIAN_POINT ( 'NONE',  ( 0.5500000000000000400, -3.100000000000000500, 0.8000000000000000400 ) ) ;
#3454 = DIRECTION ( 'NONE',  ( -1.000000000000000000, -0.0000000000000000000, 0.0000000000000000000 ) ) ;
#3455 = DIRECTION ( 'NONE',  ( 7.383365949283020400E-013, 1.000000000000000000, 0.0000000000000000000 ) ) ;
#3456 = PRODUCT ( 'DG301-5.0-pin', 'DG301-5.0-pin', '', ( #1736 ) ) ;
#3457 = AXIS2_PLACEMENT_3D ( 'NONE', #2415, #2331, #1219 ) ;
#3458 =( GEOMETRIC_REPRESENTATION_CONTEXT ( 3 ) GLOBAL_UNCERTAINTY_ASSIGNED_CONTEXT ( ( #6045 ) ) GLOBAL_UNIT_ASSIGNED_CONTEXT ( ( #6000, #1297, #4653 ) ) REPRESENTATION_CONTEXT ( 'NONE', 'WORKASPACE' ) );
#3459 = ORIENTED_EDGE ( 'NONE', *, *, #4820, .F. ) ;
#3460 = ORIENTED_EDGE ( 'NONE', *, *, #3639, .T. ) ;
#3461 = VECTOR ( 'NONE', #5340, 1000.000000000000000 ) ;
#3462 = AXIS2_PLACEMENT_3D ( 'NONE', #263, #352, #517 ) ;
#3463 = CARTESIAN_POINT ( 'NONE',  ( 3.174999999999969600, 0.0000000000000000000, 10.00000000000000000 ) ) ;
#3464 =( LENGTH_UNIT ( ) NAMED_UNIT ( * ) SI_UNIT ( .MILLI., .METRE. ) );
#3465 = SHAPE_DEFINITION_REPRESENTATION ( #2615, #870 ) ;
#3466 = CARTESIAN_POINT ( 'NONE',  ( -1.000000000000000000, -2.250000000000000400, -1.700000000000000000 ) ) ;
#3467 = PLANE ( 'NONE',  #4454 ) ;
#3468 = MECHANICAL_DESIGN_GEOMETRIC_PRESENTATION_REPRESENTATION (  '', ( #2826 ), #3781 ) ;
#3469 = CARTESIAN_POINT ( 'NONE',  ( -1.000000000000000000, 3.000000000000000000, 0.2000000000000000100 ) ) ;
#3470 = CARTESIAN_POINT ( 'NONE',  ( 7.500000000000000000, 4.500000000000000900, 7.000000000000341100 ) ) ;
#3471 = MECHANICAL_DESIGN_GEOMETRIC_PRESENTATION_REPRESENTATION (  '', ( #2504 ), #3786 ) ;
#3472 = EDGE_CURVE ( 'NONE', #128, #5242, #2771, .T. ) ;
#3473 = ORIENTED_EDGE ( 'NONE', *, *, #4783, .T. ) ;
#3474 = CARTESIAN_POINT ( 'NONE',  ( -1.500000000000270000, 3.700000000000000200, 0.8000000000000000400 ) ) ;
#3475 = FACE_OUTER_BOUND ( 'NONE', #2880, .T. ) ;
#3476 = EDGE_CURVE ( 'NONE', #6022, #1550, #4558, .T. ) ;
#3477 = CARTESIAN_POINT ( 'NONE',  ( -0.7999999999999956000, -1.599999999999991900, -3.933950135304797300E-016 ) ) ;
#3478 = DIRECTION ( 'NONE',  ( 0.0000000000000000000, 0.0000000000000000000, -1.000000000000000000 ) ) ;
#3479 = LINE ( 'NONE', #3147, #4590 ) ;
#3480 = ORIENTED_EDGE ( 'NONE', *, *, #1108, .F. ) ;
#3481 =( GEOMETRIC_REPRESENTATION_CONTEXT ( 3 ) GLOBAL_UNCERTAINTY_ASSIGNED_CONTEXT ( ( #3783 ) ) GLOBAL_UNIT_ASSIGNED_CONTEXT ( ( #2596, #5867, #3078 ) ) REPRESENTATION_CONTEXT ( 'NONE', 'WORKASPACE' ) );
#3482 = ORIENTED_EDGE ( 'NONE', *, *, #5731, .F. ) ;
#3483 = FACE_BOUND ( 'NONE', #1527, .T. ) ;
#3484 = SURFACE_SIDE_STYLE ('',( #1453 ) ) ;
#3485 = DIRECTION ( 'NONE',  ( 1.000000000000000000, 0.0000000000000000000, 0.0000000000000000000 ) ) ;
#3486 = ORIENTED_EDGE ( 'NONE', *, *, #4778, .F. ) ;
#3487 = UNCERTAINTY_MEASURE_WITH_UNIT (LENGTH_MEASURE( 1.000000000000000100E-005 ), #1321, 'distance_accuracy_value', 'NONE');
#3488 = CARTESIAN_POINT ( 'NONE',  ( 5.499999999999969800, 3.000000000000000000, 4.799999999999999800 ) ) ;
#3489 = DIRECTION ( 'NONE',  ( 0.0000000000000000000, 1.000000000000000000, -0.0000000000000000000 ) ) ;
#3490 = STYLED_ITEM ( 'NONE', ( #5981 ), #161 ) ;
#3491 = AXIS2_PLACEMENT_3D ( 'NONE', #3416, #470, #3889 ) ;
#3492 = VECTOR ( 'NONE', #3136, 1000.000000000000000 ) ;
#3493 = CARTESIAN_POINT ( 'NONE',  ( -0.5128594677011756300, 0.8684607822504032400, 3.412066205131464500 ) ) ;
#3494 =( NAMED_UNIT ( * ) PLANE_ANGLE_UNIT ( ) SI_UNIT ( $, .RADIAN. ) );
#3495 = ORIENTED_EDGE ( 'NONE', *, *, #1243, .F. ) ;
#3496 = SURFACE_STYLE_USAGE ( .BOTH. , #3134 ) ;
#3497 = LINE ( 'NONE', #5341, #5810 ) ;
#3498 =( NAMED_UNIT ( * ) SI_UNIT ( $, .STERADIAN. ) SOLID_ANGLE_UNIT ( ) );
#3499 = MECHANICAL_DESIGN_GEOMETRIC_PRESENTATION_REPRESENTATION (  '', ( #2227 ), #3814 ) ;
#3500 = VERTEX_POINT ( 'NONE', #2938 ) ;
#3501 = CARTESIAN_POINT ( 'NONE',  ( -0.8999999999999960300, -2.204364238465226000E-016, 0.09999999999999961700 ) ) ;
#3502 = PRESENTATION_STYLE_ASSIGNMENT (( #2398 ) ) ;
#3503 = SURFACE_SIDE_STYLE ('',( #524 ) ) ;
#3504 = VERTEX_POINT ( 'NONE', #4372 ) ;
#3505 =( GEOMETRIC_REPRESENTATION_CONTEXT ( 3 ) GLOBAL_UNCERTAINTY_ASSIGNED_CONTEXT ( ( #2103 ) ) GLOBAL_UNIT_ASSIGNED_CONTEXT ( ( #1030, #4412, #1553 ) ) REPRESENTATION_CONTEXT ( 'NONE', 'WORKASPACE' ) );
#3506 = CARTESIAN_POINT ( 'NONE',  ( -1.000000000000000000, -2.275881904510249400, -1.796592582628907500 ) ) ;
#3507 = FILL_AREA_STYLE_COLOUR ( '', #4323 ) ;
#3508 = CIRCLE ( 'NONE', #3084, 1.800000000000000300 ) ;
#3509 = EDGE_CURVE ( 'NONE', #534, #309, #4403, .T. ) ;
#3510 = SURFACE_STYLE_FILL_AREA ( #286 ) ;
#3511 = CARTESIAN_POINT ( 'NONE',  ( 0.5000000000000007800, 2.036063597560350900, -2.348150417296988900 ) ) ;
#3512 = PRESENTATION_STYLE_ASSIGNMENT (( #3936 ) ) ;
#3513 = PLANE ( 'NONE',  #357 ) ;
#3514 = PRESENTATION_LAYER_ASSIGNMENT (  '', '', ( #3197 ) ) ;
#3515 = EDGE_CURVE ( 'NONE', #6150, #147, #5763, .T. ) ;
#3516 = SURFACE_SIDE_STYLE ('',( #5233 ) ) ;
#3517 = UNCERTAINTY_MEASURE_WITH_UNIT (LENGTH_MEASURE( 1.000000000000000100E-005 ), #5850, 'distance_accuracy_value', 'NONE');
#3518 = CIRCLE ( 'NONE', #3332, 1.450000000000000000 ) ;
#3519 = SURFACE_STYLE_USAGE ( .BOTH. , #84 ) ;
#3520 = AXIS2_PLACEMENT_3D ( 'NONE', #4921, #2075, #5365 ) ;
#3521 = CARTESIAN_POINT ( 'NONE',  ( -1.754992877478751500, 0.3999999999985610100, 4.799999999999999800 ) ) ;
#3522 = CARTESIAN_POINT ( 'NONE',  ( 3.499999999999730000, 3.700000000000000200, 0.8000000000000000400 ) ) ;
#3523 = CARTESIAN_POINT ( 'NONE',  ( 2.749999999999969400, 2.000000000000000000, 9.999999999999998200 ) ) ;
#3524 = FACE_OUTER_BOUND ( 'NONE', #5255, .T. ) ;
#3525 = EDGE_LOOP ( 'NONE', ( #3417, #5882 ) ) ;
#3526 = DIRECTION ( 'NONE',  ( 0.0000000000000000000, 0.0000000000000000000, -1.000000000000000000 ) ) ;
#3527 = ORIENTED_EDGE ( 'NONE', *, *, #2473, .T. ) ;
#3528 = FILL_AREA_STYLE_COLOUR ( '', #4786 ) ;
#3529 = CARTESIAN_POINT ( 'NONE',  ( -0.5500000000000000400, 6.810740282896520200E-017, 0.8000000000000000400 ) ) ;
#3530 = VECTOR ( 'NONE', #5115, 1000.000000000000000 ) ;
#3531 = PRESENTATION_LAYER_ASSIGNMENT (  '', '', ( #2893 ) ) ;
#3532 = PRODUCT_RELATED_PRODUCT_CATEGORY ( 'part', '', ( #2293 ) ) ;
#3533 =( NAMED_UNIT ( * ) SI_UNIT ( $, .STERADIAN. ) SOLID_ANGLE_UNIT ( ) );
#3534 = CARTESIAN_POINT ( 'NONE',  ( 0.0000000000000000000, 2.000000000000000000, 4.700000000000000200 ) ) ;
#3535 = STYLED_ITEM ( 'NONE', ( #716 ), #1969 ) ;
#3536 =( NAMED_UNIT ( * ) PLANE_ANGLE_UNIT ( ) SI_UNIT ( $, .RADIAN. ) );
#3537 = ORIENTED_EDGE ( 'NONE', *, *, #5694, .T. ) ;
#3538 = PRODUCT_DEFINITION_CONTEXT ( 'detailed design', #3156, 'design' ) ;
#3539 = CARTESIAN_POINT ( 'NONE',  ( -1.000000000000000900, -2.000000000000001800, 0.0000000000000000000 ) ) ;
#3540 =( NAMED_UNIT ( * ) SI_UNIT ( $, .STERADIAN. ) SOLID_ANGLE_UNIT ( ) );
#3541 = CIRCLE ( 'NONE', #5093, 1.825000000000000000 ) ;
#3542 = ORIENTED_EDGE ( 'NONE', *, *, #4966, .F. ) ;
#3543 =( NAMED_UNIT ( * ) PLANE_ANGLE_UNIT ( ) SI_UNIT ( $, .RADIAN. ) );
#3544 = MECHANICAL_DESIGN_GEOMETRIC_PRESENTATION_REPRESENTATION (  '', ( #2276 ), #3871 ) ;
#3545 = EDGE_CURVE ( 'NONE', #5018, #2823, #2021, .T. ) ;
#3546 = ORIENTED_EDGE ( 'NONE', *, *, #1749, .T. ) ;
#3547 = UNCERTAINTY_MEASURE_WITH_UNIT (LENGTH_MEASURE( 1.000000000000000100E-005 ), #5028, 'distance_accuracy_value', 'NONE');
#3548 = EDGE_LOOP ( 'NONE', ( #2372, #4987, #5877, #3486 ) ) ;
#3549 = FILL_AREA_STYLE_COLOUR ( '', #1931 ) ;
#3550 = ORIENTED_EDGE ( 'NONE', *, *, #550, .T. ) ;
#3551 = EDGE_CURVE ( 'NONE', #53, #4993, #3223, .T. ) ;
#3552 = DIRECTION ( 'NONE',  ( -1.000000000000000000, 0.0000000000000000000, 0.0000000000000000000 ) ) ;
#3553 = COLOUR_RGB ( '',0.0000000000000000000, 0.3686274509803921800, 0.7215686274509803800 ) ;
#3554 = VECTOR ( 'NONE', #1551, 1000.000000000000000 ) ;
#3555 = CYLINDRICAL_SURFACE ( 'NONE', #3462, 1.300000000000000000 ) ;
#3556 = AXIS2_PLACEMENT_3D ( 'NONE', #3322, #374, #3788 ) ;
#3557 = EDGE_LOOP ( 'NONE', ( #99, #4362, #2077, #3865, #3916, #2537, #2892, #1962, #2168, #1764, #5674, #2312, #2559, #262, #5433, #2408, #1616 ) ) ;
#3559 = LINE ( 'NONE', #2127, #6025 ) ;
#3558 =( LENGTH_UNIT ( ) NAMED_UNIT ( * ) SI_UNIT ( .MILLI., .METRE. ) );
#3560 = CARTESIAN_POINT ( 'NONE',  ( 2.049999999995439900, -3.100000000000000500, 0.8000000000000000400 ) ) ;
#3561 = EDGE_LOOP ( 'NONE', ( #3527, #1992, #5736, #956 ) ) ;
#3562 = CARTESIAN_POINT ( 'NONE',  ( 1.800000000000000300, 2.204364238465236100E-016, 4.799999999999999800 ) ) ;
#3563 = ORIENTED_EDGE ( 'NONE', *, *, #723, .F. ) ;
#3564 =( GEOMETRIC_REPRESENTATION_CONTEXT ( 3 ) GLOBAL_UNCERTAINTY_ASSIGNED_CONTEXT ( ( #4003 ) ) GLOBAL_UNIT_ASSIGNED_CONTEXT ( ( #1824, #1179, #1921 ) ) REPRESENTATION_CONTEXT ( 'NONE', 'WORKASPACE' ) );
#3565 = AXIS2_PLACEMENT_3D ( 'NONE', #5878, #3088, #142 ) ;
#3566 = SURFACE_STYLE_USAGE ( .BOTH. , #3385 ) ;
#3567 = SURFACE_SIDE_STYLE ('',( #2266 ) ) ;
#3568 =( LENGTH_UNIT ( ) NAMED_UNIT ( * ) SI_UNIT ( .MILLI., .METRE. ) );
#3569 = VERTEX_POINT ( 'NONE', #2020 ) ;
#3570 = FACE_OUTER_BOUND ( 'NONE', #4503, .T. ) ;
#3571 =( NAMED_UNIT ( * ) PLANE_ANGLE_UNIT ( ) SI_UNIT ( $, .RADIAN. ) );
#3572 = PRESENTATION_STYLE_ASSIGNMENT (( #1019 ) ) ;
#3573 = VECTOR ( 'NONE', #1245, 999.9999999999998900 ) ;
#3574 =( LENGTH_UNIT ( ) NAMED_UNIT ( * ) SI_UNIT ( .MILLI., .METRE. ) );
#3575 = FILL_AREA_STYLE_COLOUR ( '', #4620 ) ;
#3576 = MECHANICAL_DESIGN_GEOMETRIC_PRESENTATION_REPRESENTATION (  '', ( #2309 ), #3893 ) ;
#3577 = LINE ( 'NONE', #3309, #2320 ) ;
#3578 = CARTESIAN_POINT ( 'NONE',  ( 0.0000000000000000000, -0.3957940609526132700, -2.507415838091757300 ) ) ;
#3579 = LINE ( 'NONE', #349, #5892 ) ;
#3580 = ORIENTED_EDGE ( 'NONE', *, *, #5841, .T. ) ;
#3581 =( NAMED_UNIT ( * ) SI_UNIT ( $, .STERADIAN. ) SOLID_ANGLE_UNIT ( ) );
#3582 = CARTESIAN_POINT ( 'NONE',  ( -1.103127944101292400, 2.487565595057442900, 5.800000000000000700 ) ) ;
#3583 =( NAMED_UNIT ( * ) PLANE_ANGLE_UNIT ( ) SI_UNIT ( $, .RADIAN. ) );
#3584 = ORIENTED_EDGE ( 'NONE', *, *, #869, .T. ) ;
#3585 = DIRECTION ( 'NONE',  ( 0.0000000000000000000, 0.0000000000000000000, 1.000000000000000000 ) ) ;
#3586 = PRESENTATION_LAYER_ASSIGNMENT (  '', '', ( #2941 ) ) ;
#3587 = CARTESIAN_POINT ( 'NONE',  ( -2.500000000000000000, 0.0000000000000000000, 5.913909060630960400E-016 ) ) ;
#3588 = COLOUR_RGB ( '',0.0000000000000000000, 0.3686274509803921800, 0.7215686274509803800 ) ;
#3589 = CIRCLE ( 'NONE', #26, 0.8999999999999960300 ) ;
#3590 = EDGE_CURVE ( 'NONE', #3387, #712, #1878, .T. ) ;
#3591 = EDGE_LOOP ( 'NONE', ( #4190, #2385 ) ) ;
#3592 = CARTESIAN_POINT ( 'NONE',  ( -1.000000000000000000, -2.250000000000000400, -0.1000000000000000100 ) ) ;
#3593 = DIRECTION ( 'NONE',  ( 0.0000000000000000000, 1.000000000000000000, -6.643039201861150300E-030 ) ) ;
#3594 = FILL_AREA_STYLE_COLOUR ( '', #1848 ) ;
#3595 = DIRECTION ( 'NONE',  ( 0.0000000000000000000, 0.0000000000000000000, 1.000000000000000000 ) ) ;
#3596 = CARTESIAN_POINT ( 'NONE',  ( 1.950000000000000000, -1.451517244269860100, 0.0000000000000000000 ) ) ;
#3597 =( LENGTH_UNIT ( ) NAMED_UNIT ( * ) SI_UNIT ( .MILLI., .METRE. ) );
#3598 = MECHANICAL_DESIGN_GEOMETRIC_PRESENTATION_REPRESENTATION (  '', ( #2330 ), #3906 ) ;
#3599 = UNCERTAINTY_MEASURE_WITH_UNIT (LENGTH_MEASURE( 1.000000000000000100E-005 ), #3691, 'distance_accuracy_value', 'NONE');
#3600 = ORIENTED_EDGE ( 'NONE', *, *, #230, .F. ) ;
#3601 = VERTEX_POINT ( 'NONE', #5771 ) ;
#3602 = ADVANCED_FACE ( 'NONE', ( #5975 ), #3467, .F. ) ;
#3603 = SURFACE_SIDE_STYLE ('',( #5512 ) ) ;
#3604 = EDGE_CURVE ( 'NONE', #4993, #3710, #936, .T. ) ;
#3605 =( GEOMETRIC_REPRESENTATION_CONTEXT ( 3 ) GLOBAL_UNCERTAINTY_ASSIGNED_CONTEXT ( ( #1952 ) ) GLOBAL_UNIT_ASSIGNED_CONTEXT ( ( #1327, #4682, #1827 ) ) REPRESENTATION_CONTEXT ( 'NONE', 'WORKASPACE' ) );
#3606 = VECTOR ( 'NONE', #2963, 1000.000000000000000 ) ;
#3607 = CARTESIAN_POINT ( 'NONE',  ( -1.000000000000000000, 2.053494746109882900, -2.547389356915339400 ) ) ;
#3608 = CARTESIAN_POINT ( 'NONE',  ( -1.000000000000000000, 2.000000000000000000, 0.2000000000000001200 ) ) ;
#3609 = CARTESIAN_POINT ( 'NONE',  ( -1.500000000000270000, 3.700000000000000200, 5.799999999999999800 ) ) ;
#3610 = FACE_OUTER_BOUND ( 'NONE', #5117, .T. ) ;
#3611 = APPLICATION_CONTEXT ( 'automotive_design' ) ;
#3612 = CARTESIAN_POINT ( 'NONE',  ( -1.103127944101332900, -2.487565595057423800, 5.800000000000000700 ) ) ;
#3613 = PRESENTATION_STYLE_ASSIGNMENT (( #5963 ) ) ;
#3614 = SURFACE_STYLE_USAGE ( .BOTH. , #187 ) ;
#3615 = ORIENTED_EDGE ( 'NONE', *, *, #358, .F. ) ;
#3616 = AXIS2_PLACEMENT_3D ( 'NONE', #4184, #1316, #4669 ) ;
#3617 = STYLED_ITEM ( 'NONE', ( #3263 ), #2362 ) ;
#3618 = CARTESIAN_POINT ( 'NONE',  ( -1.161836011792080000E-018, 0.0000000000000000000, 5.799999999999999800 ) ) ;
#3619 = EDGE_CURVE ( 'NONE', #3029, #2586, #590, .T. ) ;
#3620 = VERTEX_POINT ( 'NONE', #2547 ) ;
#3621 = DIRECTION ( 'NONE',  ( 0.0000000000000000000, 0.0000000000000000000, 1.000000000000000000 ) ) ;
#3622 = VERTEX_POINT ( 'NONE', #3018 ) ;
#3623 = DIRECTION ( 'NONE',  ( 0.0000000000000000000, 0.0000000000000000000, 1.000000000000000000 ) ) ;
#3624 = COLOUR_RGB ( '',0.7921568627450980000, 0.8000000000000000400, 0.8078431372549019800 ) ;
#3625 = VECTOR ( 'NONE', #1655, 1000.000000000000000 ) ;
#3626 = PRESENTATION_STYLE_ASSIGNMENT (( #1479 ) ) ;
#3627 = CARTESIAN_POINT ( 'NONE',  ( -3.241098735097619200E-014, 1.824999999943648400, 6.092571664871940100 ) ) ;
#3628 = SURFACE_SIDE_STYLE ('',( #4855 ) ) ;
#3629 = SURFACE_STYLE_USAGE ( .BOTH. , #204 ) ;
#3630 = APPLICATION_PROTOCOL_DEFINITION ( 'draft international standard', 'automotive_design', 1998, #3611 ) ;
#3631 = ORIENTED_EDGE ( 'NONE', *, *, #1197, .F. ) ;
#3632 = DIRECTION ( 'NONE',  ( 0.0000000000000000000, 0.0000000000000000000, -1.000000000000000000 ) ) ;
#3633 = ADVANCED_FACE ( 'NONE', ( #447 ), #3725, .F. ) ;
#3634 = VECTOR ( 'NONE', #2151, 1000.000000000000000 ) ;
#3635 = EDGE_CURVE ( 'NONE', #1506, #4878, #2604, .T. ) ;
#3636 = SURFACE_SIDE_STYLE ('',( #5822 ) ) ;
#3637 = COLOUR_RGB ( '',0.0000000000000000000, 0.3686274509803921800, 0.7215686274509803800 ) ;
#3638 = ORIENTED_EDGE ( 'NONE', *, *, #1892, .T. ) ;
#3639 = EDGE_CURVE ( 'NONE', #5865, #822, #1320, .T. ) ;
#3640 =( LENGTH_UNIT ( ) NAMED_UNIT ( * ) SI_UNIT ( .MILLI., .METRE. ) );
#3641 = AXIS2_PLACEMENT_3D ( 'NONE', #1407, #5212, #420 ) ;
#3642 = ORIENTED_EDGE ( 'NONE', *, *, #97, .T. ) ;
#3643 = SURFACE_STYLE_FILL_AREA ( #2550 ) ;
#3644 = SURFACE_SIDE_STYLE ('',( #2169 ) ) ;
#3645 = ORIENTED_EDGE ( 'NONE', *, *, #5808, .F. ) ;
#3646 = CARTESIAN_POINT ( 'NONE',  ( 2.249999999999969800, 2.000000000000000000, 9.999999999999998200 ) ) ;
#3647 = VECTOR ( 'NONE', #5646, 1000.000000000000100 ) ;
#3648 = CARTESIAN_POINT ( 'NONE',  ( -1.500000000000270000, 3.700000000000000200, 0.8000000000000000400 ) ) ;
#3649 = DIRECTION ( 'NONE',  ( -1.000000000000000000, 0.0000000000000000000, -2.323287528027560000E-019 ) ) ;
#3650 = DIRECTION ( 'NONE',  ( -2.323287528027560000E-019, -0.0000000000000000000, 1.000000000000000000 ) ) ;
#3651 =( GEOMETRIC_REPRESENTATION_CONTEXT ( 3 ) GLOBAL_UNCERTAINTY_ASSIGNED_CONTEXT ( ( #6 ) ) GLOBAL_UNIT_ASSIGNED_CONTEXT ( ( #6078, #3315, #367 ) ) REPRESENTATION_CONTEXT ( 'NONE', 'WORKASPACE' ) );
#3652 = ORIENTED_EDGE ( 'NONE', *, *, #823, .T. ) ;
#3653 = CARTESIAN_POINT ( 'NONE',  ( 6.899999999999979900, 2.900000000000059400, 6.700000000000000200 ) ) ;
#3654 = DIRECTION ( 'NONE',  ( 2.376333528967664300E-016, -0.0000000000000000000, 1.000000000000000000 ) ) ;
#3655 = ORIENTED_EDGE ( 'NONE', *, *, #4222, .T. ) ;
#3656 = CARTESIAN_POINT ( 'NONE',  ( 5.000000000000000000, 0.0000000000000000000, 0.0000000000000000000 ) ) ;
#3657 =( GEOMETRIC_REPRESENTATION_CONTEXT ( 3 ) GLOBAL_UNCERTAINTY_ASSIGNED_CONTEXT ( ( #3012 ) ) GLOBAL_UNIT_ASSIGNED_CONTEXT ( ( #1956, #1990, #2000 ) ) REPRESENTATION_CONTEXT ( 'NONE', 'WORKASPACE' ) );
#3658 =( NAMED_UNIT ( * ) SI_UNIT ( $, .STERADIAN. ) SOLID_ANGLE_UNIT ( ) );
#3659 = VECTOR ( 'NONE', #700, 1000.000000000000000 ) ;
#3660 = ORIENTED_EDGE ( 'NONE', *, *, #4146, .F. ) ;
#3661 = ADVANCED_FACE ( 'NONE', ( #1146 ), #87, .T. ) ;
#3662 = CARTESIAN_POINT ( 'NONE',  ( 2.949999999999730200, 2.700000000000000200, 0.8000000000000000400 ) ) ;
#3663 = FILL_AREA_STYLE ('',( #3186 ) ) ;
#3664 = CARTESIAN_POINT ( 'NONE',  ( -2.050000000000269800, 2.700000000000000200, 0.8000000000000000400 ) ) ;
#3665 = LINE ( 'NONE', #6144, #5979 ) ;
#3666 =( GEOMETRIC_REPRESENTATION_CONTEXT ( 3 ) GLOBAL_UNCERTAINTY_ASSIGNED_CONTEXT ( ( #456 ) ) GLOBAL_UNIT_ASSIGNED_CONTEXT ( ( #5976, #3188, #239 ) ) REPRESENTATION_CONTEXT ( 'NONE', 'WORKASPACE' ) );
#3667 = CARTESIAN_POINT ( 'NONE',  ( 2.949999999996516300, -3.100000000000000500, 5.799999999999999800 ) ) ;
#3668 = EDGE_CURVE ( 'NONE', #3316, #5189, #5613, .T. ) ;
#3669 = VECTOR ( 'NONE', #812, 1000.000000000000000 ) ;
#3670 = DIRECTION ( 'NONE',  ( 0.9659258262890673100, 0.2588190451025240700, 0.0000000000000000000 ) ) ;
#3671 =( NAMED_UNIT ( * ) SI_UNIT ( $, .STERADIAN. ) SOLID_ANGLE_UNIT ( ) );
#3672 = UNCERTAINTY_MEASURE_WITH_UNIT (LENGTH_MEASURE( 1.000000000000000100E-005 ), #5006, 'distance_accuracy_value', 'NONE');
#3673 = DIRECTION ( 'NONE',  ( -0.0000000000000000000, -0.0000000000000000000, -1.000000000000000000 ) ) ;
#3674 = EDGE_CURVE ( 'NONE', #1157, #5508, #670, .T. ) ;
#3675 = ORIENTED_EDGE ( 'NONE', *, *, #3833, .T. ) ;
#3676 =( NAMED_UNIT ( * ) SI_UNIT ( $, .STERADIAN. ) SOLID_ANGLE_UNIT ( ) );
#3677 = ORIENTED_EDGE ( 'NONE', *, *, #308, .T. ) ;
#3678 = AXIS2_PLACEMENT_3D ( 'NONE', #4663, #1806, #5134 ) ;
#3679 = VERTEX_POINT ( 'NONE', #3562 ) ;
#3680 = VECTOR ( 'NONE', #260, 1000.000000000000000 ) ;
#3681 =( LENGTH_UNIT ( ) NAMED_UNIT ( * ) SI_UNIT ( .MILLI., .METRE. ) );
#3682 = FILL_AREA_STYLE ('',( #4000 ) ) ;
#3683 = SURFACE_STYLE_FILL_AREA ( #4317 ) ;
#3684 = CARTESIAN_POINT ( 'NONE',  ( 0.0000000000000000000, -2.350000000000000100, 2.432743338823080100 ) ) ;
#3685 = AXIS2_PLACEMENT_3D ( 'NONE', #4604, #4836, #4595 ) ;
#3686 = PRESENTATION_LAYER_ASSIGNMENT (  '', '', ( #3377 ) ) ;
#3687 = DIRECTION ( 'NONE',  ( -1.000000000000000000, -2.664535259100380000E-015, 0.0000000000000000000 ) ) ;
#3688 = ORIENTED_EDGE ( 'NONE', *, *, #3904, .F. ) ;
#3689 = SURFACE_STYLE_USAGE ( .BOTH. , #271 ) ;
#3690 = FILL_AREA_STYLE ('',( #1274 ) ) ;
#3691 =( LENGTH_UNIT ( ) NAMED_UNIT ( * ) SI_UNIT ( .MILLI., .METRE. ) );
#3692 = ADVANCED_FACE ( 'NONE', ( #1866 ), #1640, .T. ) ;
#3693 = MECHANICAL_DESIGN_GEOMETRIC_PRESENTATION_REPRESENTATION (  '', ( #3053 ), #4005 ) ;
#3694 = ORIENTED_EDGE ( 'NONE', *, *, #2916, .T. ) ;
#3695 = CARTESIAN_POINT ( 'NONE',  ( -9.295072589893218000E-019, 0.0000000000000000000, 4.799999999999999800 ) ) ;
#3696 =( NAMED_UNIT ( * ) PLANE_ANGLE_UNIT ( ) SI_UNIT ( $, .RADIAN. ) );
#3697 = VECTOR ( 'NONE', #193, 1000.000000000000000 ) ;
#3698 = EDGE_LOOP ( 'NONE', ( #4211, #4159, #5143, #1586 ) ) ;
#3699 = ORIENTED_EDGE ( 'NONE', *, *, #1789, .T. ) ;
#3700 = SURFACE_SIDE_STYLE ('',( #3510 ) ) ;
#3701 = PRESENTATION_STYLE_ASSIGNMENT (( #4866 ) ) ;
#3702 = EDGE_CURVE ( 'NONE', #491, #5018, #2680, .T. ) ;
#3703 = UNCERTAINTY_MEASURE_WITH_UNIT (LENGTH_MEASURE( 1.000000000000000100E-005 ), #490, 'distance_accuracy_value', 'NONE');
#3704 = EDGE_LOOP ( 'NONE', ( #3942, #2438, #4830, #4677 ) ) ;
#3705 = DIRECTION ( 'NONE',  ( 2.323287528027560000E-019, 0.0000000000000000000, -1.000000000000000000 ) ) ;
#3706 = FILL_AREA_STYLE_COLOUR ( '', #4487 ) ;
#3707 = PLANE ( 'NONE',  #6100 ) ;
#3708 = VERTEX_POINT ( 'NONE', #656 ) ;
#3709 = PRESENTATION_STYLE_ASSIGNMENT (( #1600 ) ) ;
#3710 = VERTEX_POINT ( 'NONE', #4540 ) ;
#3711 = PLANE ( 'NONE',  #1176 ) ;
#3712 =( LENGTH_UNIT ( ) NAMED_UNIT ( * ) SI_UNIT ( .MILLI., .METRE. ) );
#3713 = ORIENTED_EDGE ( 'NONE', *, *, #869, .F. ) ;
#3714 = PRODUCT_DEFINITION_SHAPE ( 'NONE', 'NONE',  #2895 ) ;
#3715 = FILL_AREA_STYLE ('',( #5562 ) ) ;
#3716 =( LENGTH_UNIT ( ) NAMED_UNIT ( * ) SI_UNIT ( .MILLI., .METRE. ) );
#3717 = VECTOR ( 'NONE', #6170, 1000.000000000000000 ) ;
#3718 = MECHANICAL_DESIGN_GEOMETRIC_PRESENTATION_REPRESENTATION (  '', ( #2764 ), #4031 ) ;
#3719 = ADVANCED_FACE ( 'NONE', ( #42 ), #5004, .F. ) ;
#3720 = FILL_AREA_STYLE ('',( #6006 ) ) ;
#3721 = LINE ( 'NONE', #3313, #5891 ) ;
#3722 = LINE ( 'NONE', #2341, #4839 ) ;
#3723 = VERTEX_POINT ( 'NONE', #1682 ) ;
#3724 = CARTESIAN_POINT ( 'NONE',  ( 1.754992877478751300, 0.3999999999985610100, 4.799999999999999800 ) ) ;
#3725 = CYLINDRICAL_SURFACE ( 'NONE', #853, 0.5000000000000004400 ) ;
#3726 =( NAMED_UNIT ( * ) SI_UNIT ( $, .STERADIAN. ) SOLID_ANGLE_UNIT ( ) );
#3727 = AXIS2_PLACEMENT_3D ( 'NONE', #605, #614, #543 ) ;
#3728 = PRESENTATION_STYLE_ASSIGNMENT (( #1763 ) ) ;
#3729 = ORIENTED_EDGE ( 'NONE', *, *, #5243, .F. ) ;
#3730 = DIRECTION ( 'NONE',  ( -1.000000000000000000, 0.0000000000000000000, 0.0000000000000000000 ) ) ;
#3731 =( LENGTH_UNIT ( ) NAMED_UNIT ( * ) SI_UNIT ( .MILLI., .METRE. ) );
#3732 = LINE ( 'NONE', #3608, #6177 ) ;
#3733 = DIRECTION ( 'NONE',  ( 0.7071067811865451300, -0.7044160264027611300, -0.06162841671622013000 ) ) ;
#3734 =( NAMED_UNIT ( * ) PLANE_ANGLE_UNIT ( ) SI_UNIT ( $, .RADIAN. ) );
#3735 = COLOUR_RGB ( '',0.7921568627450980000, 0.8000000000000000400, 0.8078431372549019800 ) ;
#3736 = AXIS2_PLACEMENT_3D ( 'NONE', #4053, #2625, #5914 ) ;
#3737 = VERTEX_POINT ( 'NONE', #5027 ) ;
#3738 =( GEOMETRIC_REPRESENTATION_CONTEXT ( 3 ) GLOBAL_UNCERTAINTY_ASSIGNED_CONTEXT ( ( #1517 ) ) GLOBAL_UNIT_ASSIGNED_CONTEXT ( ( #5241, #5262, #5276 ) ) REPRESENTATION_CONTEXT ( 'NONE', 'WORKASPACE' ) );
#3739 = DIRECTION ( 'NONE',  ( 2.323287528027560000E-019, 0.0000000000000000000, -1.000000000000000000 ) ) ;
#3740 = DIRECTION ( 'NONE',  ( -5.286776307738839800E-017, -0.0000000000000000000, -1.000000000000000000 ) ) ;
#3741 =( NAMED_UNIT ( * ) PLANE_ANGLE_UNIT ( ) SI_UNIT ( $, .RADIAN. ) );
#3742 = CONICAL_SURFACE ( 'NONE', #411, 1.824999999826137000, 1.396263401575766900 ) ;
#3743 = EDGE_CURVE ( 'NONE', #4081, #5140, #5823, .T. ) ;
#3744 = UNCERTAINTY_MEASURE_WITH_UNIT (LENGTH_MEASURE( 1.000000000000000100E-005 ), #1072, 'distance_accuracy_value', 'NONE');
#3745 = CARTESIAN_POINT ( 'NONE',  ( 2.000000000000000000, 2.000000000000000000, 4.699999999999999300 ) ) ;
#3746 = PRESENTATION_STYLE_ASSIGNMENT (( #702 ) ) ;
#3747 = EDGE_LOOP ( 'NONE', ( #4843, #2056, #4895, #5998, #3482 ) ) ;
#3748 = ORIENTED_EDGE ( 'NONE', *, *, #5064, .F. ) ;
#3749 = MECHANICAL_DESIGN_GEOMETRIC_PRESENTATION_REPRESENTATION (  '', ( #3107 ), #4056 ) ;
#3750 = UNCERTAINTY_MEASURE_WITH_UNIT (LENGTH_MEASURE( 1.000000000000000100E-005 ), #3419, 'distance_accuracy_value', 'NONE');
#3751 = VECTOR ( 'NONE', #4245, 1000.000000000000000 ) ;
#3752 = EDGE_CURVE ( 'NONE', #4163, #4480, #3362, .T. ) ;
#3753 = SURFACE_SIDE_STYLE ('',( #5279 ) ) ;
#3754 = LINE ( 'NONE', #2488, #3606 ) ;
#3755 = DIRECTION ( 'NONE',  ( 0.0000000000000000000, 0.9961946980917452100, 0.08715574274766174600 ) ) ;
#3756 = ADVANCED_FACE ( 'NONE', ( #5685, #911 ), #1216, .T. ) ;
#3757 = EDGE_CURVE ( 'NONE', #5893, #2047, #4011, .T. ) ;
#3758 = ORIENTED_EDGE ( 'NONE', *, *, #3872, .F. ) ;
#3759 =( NAMED_UNIT ( * ) SI_UNIT ( $, .STERADIAN. ) SOLID_ANGLE_UNIT ( ) );
#3760 = PRESENTATION_LAYER_ASSIGNMENT (  '', '', ( #2797 ) ) ;
#3761 = VECTOR ( 'NONE', #847, 1000.000000000000000 ) ;
#3762 = CARTESIAN_POINT ( 'NONE',  ( 7.500000000000000000, -3.100000000000000500, -1.456080807266352900E-018 ) ) ;
#3763 = LINE ( 'NONE', #1234, #2640 ) ;
#3764 = FILL_AREA_STYLE_COLOUR ( '', #3157 ) ;
#3765 = MECHANICAL_DESIGN_GEOMETRIC_PRESENTATION_REPRESENTATION (  '', ( #3127 ), #4075 ) ;
#3766 = AXIS2_PLACEMENT_3D ( 'NONE', #5127, #2285, #5559 ) ;
#3767 = ORIENTED_EDGE ( 'NONE', *, *, #4301, .F. ) ;
#3768 = CARTESIAN_POINT ( 'NONE',  ( 0.0000000000000000000, -2.000000000000000000, 4.700000000000000200 ) ) ;
#3769 = DIRECTION ( 'NONE',  ( -1.000000000000000000, -0.0000000000000000000, 0.0000000000000000000 ) ) ;
#3770 = ORIENTED_EDGE ( 'NONE', *, *, #6039, .T. ) ;
#3771 = CARTESIAN_POINT ( 'NONE',  ( 2.249999999999969800, -2.000000000000000000, 9.999999999999998200 ) ) ;
#3772 = ORIENTED_EDGE ( 'NONE', *, *, #815, .T. ) ;
#3773 = MECHANICAL_DESIGN_GEOMETRIC_PRESENTATION_REPRESENTATION (  '', ( #3139 ), #4088 ) ;
#3774 = LINE ( 'NONE', #5368, #5029 ) ;
#3775 = COLOUR_RGB ( '',0.0000000000000000000, 0.3686274509803921800, 0.7215686274509803800 ) ;
#3776 = EDGE_LOOP ( 'NONE', ( #2792, #1681, #274, #6077 ) ) ;
#3777 = DIRECTION ( 'NONE',  ( 1.000000000000000000, 0.0000000000000000000, 0.0000000000000000000 ) ) ;
#3778 = CARTESIAN_POINT ( 'NONE',  ( -0.8999999999999966900, 1.799999999999992700, 0.09999999999999961700 ) ) ;
#3779 = LINE ( 'NONE', #3132, #3634 ) ;
#3780 = FACE_OUTER_BOUND ( 'NONE', #4947, .T. ) ;
#3781 =( GEOMETRIC_REPRESENTATION_CONTEXT ( 3 ) GLOBAL_UNCERTAINTY_ASSIGNED_CONTEXT ( ( #4123 ) ) GLOBAL_UNIT_ASSIGNED_CONTEXT ( ( #2907, #6151, #3393 ) ) REPRESENTATION_CONTEXT ( 'NONE', 'WORKASPACE' ) );
#3782 = VECTOR ( 'NONE', #2085, 1000.000000000000200 ) ;
#3783 = UNCERTAINTY_MEASURE_WITH_UNIT (LENGTH_MEASURE( 1.000000000000000100E-005 ), #2596, 'distance_accuracy_value', 'NONE');
#3784 = ADVANCED_FACE ( 'NONE', ( #2754 ), #5886, .F. ) ;
#3785 = CARTESIAN_POINT ( 'NONE',  ( -0.5000000000000023300, 2.053494746109882000, -2.547389356915332700 ) ) ;
#3786 =( GEOMETRIC_REPRESENTATION_CONTEXT ( 3 ) GLOBAL_UNCERTAINTY_ASSIGNED_CONTEXT ( ( #3863 ) ) GLOBAL_UNIT_ASSIGNED_CONTEXT ( ( #1658, #4980, #2146 ) ) REPRESENTATION_CONTEXT ( 'NONE', 'WORKASPACE' ) );
#3787 = ORIENTED_EDGE ( 'NONE', *, *, #4100, .F. ) ;
#3788 = DIRECTION ( 'NONE',  ( 0.0000000000000000000, -0.0000000000000000000, -1.000000000000000000 ) ) ;
#3789 = EDGE_CURVE ( 'NONE', #1193, #3349, #980, .T. ) ;
#3790 = LINE ( 'NONE', #4633, #5046 ) ;
#3791 = ORIENTED_EDGE ( 'NONE', *, *, #3329, .F. ) ;
#3792 = ORIENTED_EDGE ( 'NONE', *, *, #529, .F. ) ;
#3793 = EDGE_LOOP ( 'NONE', ( #1859, #1758, #5546, #5594 ) ) ;
#3794 = EDGE_CURVE ( 'NONE', #613, #256, #2317, .T. ) ;
#3795 = FACE_BOUND ( 'NONE', #2951, .T. ) ;
#3796 = CARTESIAN_POINT ( 'NONE',  ( 0.5500000000000000400, -3.100000000000000500, 0.0000000000000000000 ) ) ;
#3797 = SURFACE_STYLE_FILL_AREA ( #3225 ) ;
#3798 = FILL_AREA_STYLE ('',( #574 ) ) ;
#3799 = PRESENTATION_STYLE_ASSIGNMENT (( #2436 ) ) ;
#3800 = ORIENTED_EDGE ( 'NONE', *, *, #823, .F. ) ;
#3801 = CARTESIAN_POINT ( 'NONE',  ( 3.678818170686220300E-015, 5.265981236333620400E-016, 4.000000000000000000 ) ) ;
#3802 = SURFACE_STYLE_FILL_AREA ( #2171 ) ;
#3803 = CARTESIAN_POINT ( 'NONE',  ( 0.6214075220738419800, 0.7935572701096052000, 3.364042895584870700 ) ) ;
#3804 = CARTESIAN_POINT ( 'NONE',  ( 0.5500000000000003800, -3.100000000000000500, 0.8000000000000000400 ) ) ;
#3805 = VERTEX_POINT ( 'NONE', #5132 ) ;
#3806 = PRESENTATION_LAYER_ASSIGNMENT (  '', '', ( #3490 ) ) ;
#3807 = AXIS2_PLACEMENT_3D ( 'NONE', #453, #3870, #952 ) ;
#3808 = CARTESIAN_POINT ( 'NONE',  ( 0.7999999999999960500, 9.797174393178776800E-017, -1.962328492596343800E-016 ) ) ;
#3809 = SURFACE_SIDE_STYLE ('',( #5633 ) ) ;
#3810 = FACE_OUTER_BOUND ( 'NONE', #3776, .T. ) ;
#3811 = DIRECTION ( 'NONE',  ( 1.000000000000000000, 0.0000000000000000000, 0.0000000000000000000 ) ) ;
#3812 = LINE ( 'NONE', #5832, #2542 ) ;
#3813 = ORIENTED_EDGE ( 'NONE', *, *, #4181, .F. ) ;
#3814 =( GEOMETRIC_REPRESENTATION_CONTEXT ( 3 ) GLOBAL_UNCERTAINTY_ASSIGNED_CONTEXT ( ( #333 ) ) GLOBAL_UNIT_ASSIGNED_CONTEXT ( ( #3035, #4400, #4718 ) ) REPRESENTATION_CONTEXT ( 'NONE', 'WORKASPACE' ) );
#3815 = SURFACE_STYLE_FILL_AREA ( #3682 ) ;
#3816 = FILL_AREA_STYLE_COLOUR ( '', #4108 ) ;
#3817 = FILL_AREA_STYLE_COLOUR ( '', #1613 ) ;
#3818 = ADVANCED_FACE ( 'NONE', ( #2156 ), #5322, .F. ) ;
#3819 = DIRECTION ( 'NONE',  ( 0.0000000000000000000, 0.2079116908133931700, 0.9781476007347337200 ) ) ;
#3820 = CIRCLE ( 'NONE', #1366, 4.000000000000000900 ) ;
#3821 = VECTOR ( 'NONE', #901, 1000.000000000000200 ) ;
#3822 = FACE_OUTER_BOUND ( 'NONE', #4294, .T. ) ;
#3823 = SURFACE_STYLE_USAGE ( .BOTH. , #408 ) ;
#3824 = DIRECTION ( 'NONE',  ( 1.000000000000000000, -5.861977570020730600E-014, 0.0000000000000000000 ) ) ;
#3825 = CARTESIAN_POINT ( 'NONE',  ( 7.500000000000000000, 2.399377385709330100, 10.00000000000000000 ) ) ;
#3826 = EDGE_CURVE ( 'NONE', #2278, #2746, #361, .T. ) ;
#3827 = ORIENTED_EDGE ( 'NONE', *, *, #4825, .F. ) ;
#3828 = EDGE_LOOP ( 'NONE', ( #4341, #5662, #5267, #1391 ) ) ;
#3829 = PLANE ( 'NONE',  #1508 ) ;
#3830 = CARTESIAN_POINT ( 'NONE',  ( -3.262998337136410200E-014, 0.0000000000000000000, 6.000000000000000000 ) ) ;
#3831 = VECTOR ( 'NONE', #432, 1000.000000000000000 ) ;
#3832 = MECHANICAL_DESIGN_GEOMETRIC_PRESENTATION_REPRESENTATION (  '', ( #3197 ), #4143 ) ;
#3833 = EDGE_CURVE ( 'NONE', #3679, #2013, #2974, .T. ) ;
#3834 = CARTESIAN_POINT ( 'NONE',  ( 1.250000000000000000, 1.530808498934191600E-016, 4.299999999999999800 ) ) ;
#3835 = CARTESIAN_POINT ( 'NONE',  ( -2.000000000000000000, -2.000000000000000000, 4.700000000000000200 ) ) ;
#3836 = CARTESIAN_POINT ( 'NONE',  ( -0.7999999999999960500, -1.599999999999991900, -3.930232875259953600E-016 ) ) ;
#3837 = PRESENTATION_STYLE_ASSIGNMENT (( #6059 ) ) ;
#3838 = CARTESIAN_POINT ( 'NONE',  ( -2.050000000003484100, -3.100000000000000500, 5.799999999999999800 ) ) ;
#3839 = CARTESIAN_POINT ( 'NONE',  ( 2.249999999999969800, -2.000000000000000000, 2.000000000000000000 ) ) ;
#3840 = DIRECTION ( 'NONE',  ( 2.323287528027560000E-019, 0.0000000000000000000, -1.000000000000000000 ) ) ;
#3841 = EDGE_LOOP ( 'NONE', ( #4342, #4755, #3211, #4438 ) ) ;
#3842 = PRESENTATION_LAYER_ASSIGNMENT (  '', '', ( #3208 ) ) ;
#3843 = PRESENTATION_STYLE_ASSIGNMENT (( #5978 ) ) ;
#3844 = FILL_AREA_STYLE_COLOUR ( '', #4833 ) ;
#3845 = DIRECTION ( 'NONE',  ( -5.286776307738839800E-017, -0.0000000000000000000, -1.000000000000000000 ) ) ;
#3846 = ORIENTED_EDGE ( 'NONE', *, *, #4048, .T. ) ;
#3847 = ADVANCED_FACE ( 'NONE', ( #4241 ), #3412, .T. ) ;
#3848 = DIRECTION ( 'NONE',  ( 5.286776307738839800E-017, 0.0000000000000000000, 1.000000000000000000 ) ) ;
#3849 = COLOUR_RGB ( '',0.7921568627450980000, 0.8000000000000000400, 0.8078431372549019800 ) ;
#3850 = MECHANICAL_DESIGN_GEOMETRIC_PRESENTATION_REPRESENTATION (  '', ( #2893 ), #4164 ) ;
#3851 = PRODUCT_DEFINITION_FORMATION_WITH_SPECIFIED_SOURCE ( 'ANY', '', #3255, .NOT_KNOWN. ) ;
#3852 = DIRECTION ( 'NONE',  ( -5.286776307738839800E-017, -0.0000000000000000000, -1.000000000000000000 ) ) ;
#3853 = SURFACE_STYLE_FILL_AREA ( #2274 ) ;
#3854 = VERTEX_POINT ( 'NONE', #4214 ) ;
#3855 = CARTESIAN_POINT ( 'NONE',  ( -3.244313432944691500E-014, 1.300000000000000300, 6.000000000000000000 ) ) ;
#3856 = CARTESIAN_POINT ( 'NONE',  ( -1.800000000000000300, 0.0000000000000000000, 4.299999999999999800 ) ) ;
#3857 = CARTESIAN_POINT ( 'NONE',  ( 2.749999999999969800, -2.000000000000000000, -1.000000000000000000 ) ) ;
#3858 = AXIS2_PLACEMENT_3D ( 'NONE', #3080, #2973, #3098 ) ;
#3859 = ORIENTED_EDGE ( 'NONE', *, *, #3298, .F. ) ;
#3860 = CARTESIAN_POINT ( 'NONE',  ( 0.5000000000000000000, 6.123233995736766000E-017, 0.0000000000000000000 ) ) ;
#3861 = FILL_AREA_STYLE_COLOUR ( '', #5261 ) ;
#3862 = ORIENTED_EDGE ( 'NONE', *, *, #3947, .T. ) ;
#3863 = UNCERTAINTY_MEASURE_WITH_UNIT (LENGTH_MEASURE( 1.000000000000000100E-005 ), #1658, 'distance_accuracy_value', 'NONE');
#3864 = DIRECTION ( 'NONE',  ( 0.0000000000000000000, -0.9961946980917434400, -0.08715574274768067600 ) ) ;
#3865 = ORIENTED_EDGE ( 'NONE', *, *, #992, .T. ) ;
#3866 = SURFACE_STYLE_FILL_AREA ( #5899 ) ;
#3867 = FILL_AREA_STYLE ('',( #4040 ) ) ;
#3868 = LINE ( 'NONE', #468, #2592 ) ;
#3869 = ORIENTED_EDGE ( 'NONE', *, *, #51, .F. ) ;
#3870 = DIRECTION ( 'NONE',  ( 0.2588190451025210700, 0.9659258262890682000, 0.0000000000000000000 ) ) ;
#3871 =( GEOMETRIC_REPRESENTATION_CONTEXT ( 3 ) GLOBAL_UNCERTAINTY_ASSIGNED_CONTEXT ( ( #2308 ) ) GLOBAL_UNIT_ASSIGNED_CONTEXT ( ( #5664, #2863, #6122 ) ) REPRESENTATION_CONTEXT ( 'NONE', 'WORKASPACE' ) );
#3872 = EDGE_CURVE ( 'NONE', #5631, #461, #2393, .T. ) ;
#3873 =( NAMED_UNIT ( * ) PLANE_ANGLE_UNIT ( ) SI_UNIT ( $, .RADIAN. ) );
#3874 = EDGE_CURVE ( 'NONE', #5834, #5289, #1055, .T. ) ;
#3875 = CARTESIAN_POINT ( 'NONE',  ( 1.800000000000000300, 2.204364238465236100E-016, 5.299999999999999800 ) ) ;
#3876 = ORIENTED_EDGE ( 'NONE', *, *, #4222, .F. ) ;
#3877 = STYLED_ITEM ( 'NONE', ( #538 ), #5123 ) ;
#3878 = ADVANCED_FACE ( 'NONE', ( #4903 ), #5202, .T. ) ;
#3879 = SURFACE_STYLE_FILL_AREA ( #4351 ) ;
#3880 = ORIENTED_EDGE ( 'NONE', *, *, #3702, .T. ) ;
#3881 = COLOUR_RGB ( '',0.7921568627450980000, 0.8000000000000000400, 0.8078431372549019800 ) ;
#3882 = VERTEX_POINT ( 'NONE', #3804 ) ;
#3883 = DIRECTION ( 'NONE',  ( -0.0000000000000000000, -0.0000000000000000000, -1.000000000000000000 ) ) ;
#3884 = DIRECTION ( 'NONE',  ( 1.000000000000000000, 0.0000000000000000000, 0.0000000000000000000 ) ) ;
#3885 = LINE ( 'NONE', #3857, #2471 ) ;
#3886 = PRESENTATION_LAYER_ASSIGNMENT (  '', '', ( #3259 ) ) ;
#3887 = PRESENTATION_STYLE_ASSIGNMENT (( #4407 ) ) ;
#3888 = ORIENTED_EDGE ( 'NONE', *, *, #4460, .F. ) ;
#3889 = DIRECTION ( 'NONE',  ( 0.0000000000000000000, 0.0000000000000000000, 1.000000000000000000 ) ) ;
#3890 = SURFACE_STYLE_FILL_AREA ( #4314 ) ;
#3891 = DIRECTION ( 'NONE',  ( -1.000000000000000000, 0.0000000000000000000, 0.0000000000000000000 ) ) ;
#3892 = PRESENTATION_STYLE_ASSIGNMENT (( #291 ) ) ;
#3893 =( GEOMETRIC_REPRESENTATION_CONTEXT ( 3 ) GLOBAL_UNCERTAINTY_ASSIGNED_CONTEXT ( ( #6073 ) ) GLOBAL_UNIT_ASSIGNED_CONTEXT ( ( #2088, #2198, #2353 ) ) REPRESENTATION_CONTEXT ( 'NONE', 'WORKASPACE' ) );
#3894 = CARTESIAN_POINT ( 'NONE',  ( 5.549999999999999800, 0.0000000000000000000, -7.280404036434731500E-019 ) ) ;
#3895 = EDGE_LOOP ( 'NONE', ( #1027, #4397, #904, #4215 ) ) ;
#3896 = ORIENTED_EDGE ( 'NONE', *, *, #3116, .F. ) ;
#3897 = UNCERTAINTY_MEASURE_WITH_UNIT (LENGTH_MEASURE( 1.000000000000000100E-005 ), #3712, 'distance_accuracy_value', 'NONE');
#3898 = CARTESIAN_POINT ( 'NONE',  ( -0.5000000000000322000, 4.000000000000000000, 7.714074003486369500 ) ) ;
#3899 = DIRECTION ( 'NONE',  ( 1.000000000000000000, 0.0000000000000000000, -0.0000000000000000000 ) ) ;
#3900 = CIRCLE ( 'NONE', #47, 0.2999999999999999300 ) ;
#3901 = MECHANICAL_DESIGN_GEOMETRIC_PRESENTATION_REPRESENTATION (  '', ( #2941 ), #4216 ) ;
#3902 = DIRECTION ( 'NONE',  ( 1.000000000000000000, 0.0000000000000000000, 0.0000000000000000000 ) ) ;
#3903 = DIRECTION ( 'NONE',  ( 0.0000000000000000000, 0.8191520443323830900, 0.5735764362890770600 ) ) ;
#3904 = EDGE_CURVE ( 'NONE', #5604, #5204, #4308, .T. ) ;
#3905 =( NAMED_UNIT ( * ) PLANE_ANGLE_UNIT ( ) SI_UNIT ( $, .RADIAN. ) );
#3906 =( GEOMETRIC_REPRESENTATION_CONTEXT ( 3 ) GLOBAL_UNCERTAINTY_ASSIGNED_CONTEXT ( ( #864 ) ) GLOBAL_UNIT_ASSIGNED_CONTEXT ( ( #3464, #523, #3930 ) ) REPRESENTATION_CONTEXT ( 'NONE', 'WORKASPACE' ) );
#3907 =( NAMED_UNIT ( * ) PLANE_ANGLE_UNIT ( ) SI_UNIT ( $, .RADIAN. ) );
#3908 = VERTEX_POINT ( 'NONE', #892 ) ;
#3909 = CARTESIAN_POINT ( 'NONE',  ( -1.255262969126040300E-016, 2.000000000000000000, 3.499999999999999600 ) ) ;
#3910 = DIRECTION ( 'NONE',  ( -1.000000000000000000, -0.0000000000000000000, -0.0000000000000000000 ) ) ;
#3911 = FILL_AREA_STYLE_COLOUR ( '', #1069 ) ;
#3912 = FACE_OUTER_BOUND ( 'NONE', #1199, .T. ) ;
#3913 = PRODUCT ( 'DG301-5.0-02', 'DG301-5.0-02', '', ( #2694 ) ) ;
#3914 = EDGE_CURVE ( 'NONE', #2, #4967, #435, .T. ) ;
#3915 = VECTOR ( 'NONE', #2948, 1000.000000000000100 ) ;
#3916 = ORIENTED_EDGE ( 'NONE', *, *, #4508, .T. ) ;
#3917 = ORIENTED_EDGE ( 'NONE', *, *, #3752, .T. ) ;
#3918 = DIRECTION ( 'NONE',  ( 1.000000000000000000, -0.0000000000000000000, -0.0000000000000000000 ) ) ;
#3919 = DIRECTION ( 'NONE',  ( -5.286776307738839800E-017, -0.0000000000000000000, -1.000000000000000000 ) ) ;
#3920 = CARTESIAN_POINT ( 'NONE',  ( -4.665799833884880300E-020, 0.0000000000000000000, 1.000000000000000000 ) ) ;
#3921 = SURFACE_SIDE_STYLE ('',( #2457 ) ) ;
#3922 = ORIENTED_EDGE ( 'NONE', *, *, #5689, .F. ) ;
#3923 = PRESENTATION_LAYER_ASSIGNMENT (  '', '', ( #2971 ) ) ;
#3924 = UNCERTAINTY_MEASURE_WITH_UNIT (LENGTH_MEASURE( 1.000000000000000100E-005 ), #1501, 'distance_accuracy_value', 'NONE');
#3925 = LINE ( 'NONE', #1595, #2658 ) ;
#3926 = ORIENTED_EDGE ( 'NONE', *, *, #1295, .T. ) ;
#3927 = CARTESIAN_POINT ( 'NONE',  ( -2.500000000000000000, -3.100000000000000500, 7.000000000000000000 ) ) ;
#3929 = COLOUR_RGB ( '',0.8274509803921568100, 0.8313725490196077800, 0.8352941176470588500 ) ;
#3928 = FILL_AREA_STYLE ('',( #5766 ) ) ;
#3930 =( NAMED_UNIT ( * ) SI_UNIT ( $, .STERADIAN. ) SOLID_ANGLE_UNIT ( ) );
#3931 = AXIS2_PLACEMENT_3D ( 'NONE', #2280, #5555, #2755 ) ;
#3932 = CARTESIAN_POINT ( 'NONE',  ( -0.5500000000000007100, -3.100000000000000500, 0.8000000000000000400 ) ) ;
#3933 = ORIENTED_EDGE ( 'NONE', *, *, #1504, .F. ) ;
#3934 = AXIS2_PLACEMENT_3D ( 'NONE', #132, #105, #10 ) ;
#3935 = UNCERTAINTY_MEASURE_WITH_UNIT (LENGTH_MEASURE( 1.000000000000000100E-005 ), #3982, 'distance_accuracy_value', 'NONE');
#3936 = SURFACE_STYLE_USAGE ( .BOTH. , #526 ) ;
#3937 = ORIENTED_EDGE ( 'NONE', *, *, #5310, .F. ) ;
#3938 = EDGE_CURVE ( 'NONE', #1224, #4129, #3045, .T. ) ;
#3939 = FILL_AREA_STYLE_COLOUR ( '', #4572 ) ;
#3940 = COLOUR_RGB ( '',0.7921568627450980000, 0.8000000000000000400, 0.8078431372549019800 ) ;
#3941 = LINE ( 'NONE', #2424, #201 ) ;
#3942 = ORIENTED_EDGE ( 'NONE', *, *, #3515, .F. ) ;
#3943 = VECTOR ( 'NONE', #153, 1000.000000000000000 ) ;
#3944 = FILL_AREA_STYLE_COLOUR ( '', #506 ) ;
#3945 = STYLED_ITEM ( 'NONE', ( #1693 ), #4253 ) ;
#3946 = FACE_OUTER_BOUND ( 'NONE', #3085, .T. ) ;
#3947 = EDGE_CURVE ( 'NONE', #5321, #5705, #579, .T. ) ;
#3948 = CARTESIAN_POINT ( 'NONE',  ( 0.8585786437626864400, 1.051455587900249700E-016, -4.037567908068585800E-016 ) ) ;
#3949 = VERTEX_POINT ( 'NONE', #1452 ) ;
#3950 = EDGE_CURVE ( 'NONE', #366, #2454, #1618, .T. ) ;
#3951 = DIRECTION ( 'NONE',  ( 2.323287528027560000E-019, 0.0000000000000000000, -1.000000000000000000 ) ) ;
#3952 = CARTESIAN_POINT ( 'NONE',  ( 1.499999999999730000, 2.700000000000000200, 0.8000000000000000400 ) ) ;
#3953 =( LENGTH_UNIT ( ) NAMED_UNIT ( * ) SI_UNIT ( .MILLI., .METRE. ) );
#3954 = STYLED_ITEM ( 'NONE', ( #451 ), #5457 ) ;
#3955 = DIRECTION ( 'NONE',  ( -5.286776307738839800E-017, -0.0000000000000000000, -1.000000000000000000 ) ) ;
#3956 = CARTESIAN_POINT ( 'NONE',  ( 0.7657196161874710900, 1.857142857144505000, 5.799999999999999800 ) ) ;
#3957 = TOROIDAL_SURFACE ( 'NONE', #3994, 0.1000000000000000100, 0.4000000000000000200 ) ;
#3958 = SURFACE_SIDE_STYLE ('',( #3356 ) ) ;
#3959 = CARTESIAN_POINT ( 'NONE',  ( -0.1354339977939603700, 1.000000000000000900, 3.500000000000000400 ) ) ;
#3960 = PRESENTATION_LAYER_ASSIGNMENT (  '', '', ( #2688 ) ) ;
#3961 = AXIS2_PLACEMENT_3D ( 'NONE', #867, #4256, #1389 ) ;
#3962 = VECTOR ( 'NONE', #1142, 999.9999999999998900 ) ;
#3963 = PLANE ( 'NONE',  #950 ) ;
#3964 = COLOUR_RGB ( '',0.8274509803921568100, 0.8313725490196077800, 0.8352941176470588500 ) ;
#3965 = ORIENTED_EDGE ( 'NONE', *, *, #1544, .T. ) ;
#3966 = UNCERTAINTY_MEASURE_WITH_UNIT (LENGTH_MEASURE( 1.000000000000000100E-005 ), #4228, 'distance_accuracy_value', 'NONE');
#3967 =( LENGTH_UNIT ( ) NAMED_UNIT ( * ) SI_UNIT ( .MILLI., .METRE. ) );
#3968 = CARTESIAN_POINT ( 'NONE',  ( 4.499999999999968900, 3.000000000000000000, 9.142222010458430900 ) ) ;
#3969 = CONTEXT_DEPENDENT_SHAPE_REPRESENTATION ( #2716, #1509 ) ;
#3970 = CARTESIAN_POINT ( 'NONE',  ( -1.825000000000032600, 0.0000000000000000000, 10.00000000000000000 ) ) ;
#3971 = SURFACE_SIDE_STYLE ('',( #5397 ) ) ;
#3972 = SURFACE_STYLE_USAGE ( .BOTH. , #571 ) ;
#3973 = FILL_AREA_STYLE ('',( #5358 ) ) ;
#3974 = PRESENTATION_LAYER_ASSIGNMENT (  '', '', ( #4299 ) ) ;
#3975 = CARTESIAN_POINT ( 'NONE',  ( 6.899999999999979900, 2.900000000000059900, 6.700000000000000200 ) ) ;
#3976 = EDGE_CURVE ( 'NONE', #3212, #3854, #4160, .T. ) ;
#3977 = ORIENTED_EDGE ( 'NONE', *, *, #1150, .F. ) ;
#3978 = FILL_AREA_STYLE_COLOUR ( '', #664 ) ;
#3979 = PRESENTATION_STYLE_ASSIGNMENT (( #578 ) ) ;
#3980 = CIRCLE ( 'NONE', #1166, 0.5500000000000001600 ) ;
#3981 = EDGE_CURVE ( 'NONE', #1218, #4021, #2900, .T. ) ;
#3982 =( LENGTH_UNIT ( ) NAMED_UNIT ( * ) SI_UNIT ( .MILLI., .METRE. ) );
#3983 = VECTOR ( 'NONE', #3485, 1000.000000000000000 ) ;
#3984 = EDGE_LOOP ( 'NONE', ( #2972, #5025, #3660, #5448 ) ) ;
#3985 = STYLED_ITEM ( 'NONE', ( #4648 ), #5021 ) ;
#3986 = DIRECTION ( 'NONE',  ( -5.286776307738839800E-017, -0.0000000000000000000, -1.000000000000000000 ) ) ;
#3987 = DIRECTION ( 'NONE',  ( -0.0000000000000000000, -0.0000000000000000000, -1.000000000000000000 ) ) ;
#3988 =( NAMED_UNIT ( * ) PLANE_ANGLE_UNIT ( ) SI_UNIT ( $, .RADIAN. ) );
#3989 = CARTESIAN_POINT ( 'NONE',  ( -0.5000000000000319700, 3.000000000000000000, 4.799999999999999800 ) ) ;
#3990 = ORIENTED_EDGE ( 'NONE', *, *, #5618, .T. ) ;
#3991 = CARTESIAN_POINT ( 'NONE',  ( 1.754992877478750200, -0.3999999999985610100, 4.799999999999999800 ) ) ;
#3992 =( NAMED_UNIT ( * ) PLANE_ANGLE_UNIT ( ) SI_UNIT ( $, .RADIAN. ) );
#3993 = CYLINDRICAL_SURFACE ( 'NONE', #4862, 0.2999999999999999900 ) ;
#3994 = AXIS2_PLACEMENT_3D ( 'NONE', #189, #679, #3262 ) ;
#3995 = MECHANICAL_DESIGN_GEOMETRIC_PRESENTATION_REPRESENTATION (  '', ( #3377 ), #4321 ) ;
#3996 = EDGE_LOOP ( 'NONE', ( #1344, #5897, #2324, #3977 ) ) ;
#3997 = DIRECTION ( 'NONE',  ( -0.0000000000000000000, 1.000000000000000000, 0.0000000000000000000 ) ) ;
#3998 = FILL_AREA_STYLE_COLOUR ( '', #5251 ) ;
#3999 = ORIENTED_EDGE ( 'NONE', *, *, #194, .F. ) ;
#4000 = FILL_AREA_STYLE_COLOUR ( '', #58 ) ;
#4001 = PRESENTATION_STYLE_ASSIGNMENT (( #2582 ) ) ;
#4002 = FILL_AREA_STYLE_COLOUR ( '', #3637 ) ;
#4003 = UNCERTAINTY_MEASURE_WITH_UNIT (LENGTH_MEASURE( 1.000000000000000100E-005 ), #1824, 'distance_accuracy_value', 'NONE');
#4004 = ORIENTED_EDGE ( 'NONE', *, *, #358, .T. ) ;
#4005 =( GEOMETRIC_REPRESENTATION_CONTEXT ( 3 ) GLOBAL_UNCERTAINTY_ASSIGNED_CONTEXT ( ( #3301 ) ) GLOBAL_UNIT_ASSIGNED_CONTEXT ( ( #4474, #1198, #1340 ) ) REPRESENTATION_CONTEXT ( 'NONE', 'WORKASPACE' ) );
#4006 = CLOSED_SHELL ( 'NONE', ( #2914, #1786, #6138, #258, #4723, #2166, #4185, #4780, #3199, #5154, #5207, #5904, #2362, #4125, #1909 ) ) ;
#4007 = DIRECTION ( 'NONE',  ( 1.000000000000000000, 0.0000000000000000000, 0.0000000000000000000 ) ) ;
#4008 = PRESENTATION_STYLE_ASSIGNMENT (( #1986 ) ) ;
#4009 = CIRCLE ( 'NONE', #2534, 1.825000000000000200 ) ;
#4010 = CARTESIAN_POINT ( 'NONE',  ( -2.500000000000000000, 3.060769515458670000, 0.0000000000000000000 ) ) ;
#4011 = LINE ( 'NONE', #4602, #285 ) ;
#4012 = CARTESIAN_POINT ( 'NONE',  ( 0.9999999999999991100, -0.1376191527053203200, 3.100000000000000100 ) ) ;
#4013 = STYLED_ITEM ( 'NONE', ( #5501 ), #2712 ) ;
#4014 = CARTESIAN_POINT ( 'NONE',  ( 7.500000000000000000, -3.100000000000000500, 7.000000000000000000 ) ) ;
#4015 = DIRECTION ( 'NONE',  ( 0.0000000000000000000, -6.643039201861150300E-030, -1.000000000000000000 ) ) ;
#4016 = ORIENTED_EDGE ( 'NONE', *, *, #3904, .T. ) ;
#4017 = EDGE_CURVE ( 'NONE', #1342, #5943, #5257, .T. ) ;
#4018 = VERTEX_POINT ( 'NONE', #2453 ) ;
#4019 = FILL_AREA_STYLE ('',( #4002 ) ) ;
#4020 = DIRECTION ( 'NONE',  ( -0.0000000000000000000, 1.000000000000000000, 0.0000000000000000000 ) ) ;
#4021 = VERTEX_POINT ( 'NONE', #2926 ) ;
#4022 = VERTEX_POINT ( 'NONE', #6166 ) ;
#4023 = DIRECTION ( 'NONE',  ( -0.0000000000000000000, -1.000000000000000000, 0.0000000000000000000 ) ) ;
#4024 = AXIS2_PLACEMENT_3D ( 'NONE', #1468, #4805, #1960 ) ;
#4025 = VECTOR ( 'NONE', #1664, 1000.000000000000000 ) ;
#4026 = CIRCLE ( 'NONE', #5324, 1.000000000000000000 ) ;
#4027 = SURFACE_SIDE_STYLE ('',( #5072 ) ) ;
#4028 =( NAMED_UNIT ( * ) SI_UNIT ( $, .STERADIAN. ) SOLID_ANGLE_UNIT ( ) );
#4029 = FACE_OUTER_BOUND ( 'NONE', #2939, .T. ) ;
#4030 = DIRECTION ( 'NONE',  ( 7.383365949283020400E-013, 1.000000000000000000, 0.0000000000000000000 ) ) ;
#4031 =( GEOMETRIC_REPRESENTATION_CONTEXT ( 3 ) GLOBAL_UNCERTAINTY_ASSIGNED_CONTEXT ( ( #5248 ) ) GLOBAL_UNIT_ASSIGNED_CONTEXT ( ( #4111, #1240, #4599 ) ) REPRESENTATION_CONTEXT ( 'NONE', 'WORKASPACE' ) );
#4032 = CARTESIAN_POINT ( 'NONE',  ( 1.000000000000000000, -2.549999999999998500, -1.700000000000000200 ) ) ;
#4033 = FILL_AREA_STYLE ('',( #5872 ) ) ;
#4034 = CIRCLE ( 'NONE', #3119, 1.825000000000000000 ) ;
#4035 = ORIENTED_EDGE ( 'NONE', *, *, #5539, .T. ) ;
#4036 = SURFACE_SIDE_STYLE ('',( #2230 ) ) ;
#4037 = EDGE_LOOP ( 'NONE', ( #472, #2140, #4354, #460 ) ) ;
#4038 =( LENGTH_UNIT ( ) NAMED_UNIT ( * ) SI_UNIT ( .MILLI., .METRE. ) );
#4039 =( NAMED_UNIT ( * ) SI_UNIT ( $, .STERADIAN. ) SOLID_ANGLE_UNIT ( ) );
#4040 = FILL_AREA_STYLE_COLOUR ( '', #2986 ) ;
#4041 = STYLED_ITEM ( 'NONE', ( #5826 ), #916 ) ;
#4042 = VECTOR ( 'NONE', #2469, 1000.000000000000000 ) ;
#4043 = UNCERTAINTY_MEASURE_WITH_UNIT (LENGTH_MEASURE( 1.000000000000000100E-005 ), #1597, 'distance_accuracy_value', 'NONE');
#4044 = EDGE_LOOP ( 'NONE', ( #2589, #5390 ) ) ;
#4045 = AXIS2_PLACEMENT_3D ( 'NONE', #4568, #1711, #5034 ) ;
#4046 = PRESENTATION_LAYER_ASSIGNMENT (  '', '', ( #4370 ) ) ;
#4047 = CARTESIAN_POINT ( 'NONE',  ( 1.558581953622695000, 0.3288329368897505200, 5.800000000000001600 ) ) ;
#4048 = EDGE_CURVE ( 'NONE', #4888, #6041, #3868, .T. ) ;
#4049 = ORIENTED_EDGE ( 'NONE', *, *, #1577, .F. ) ;
#4050 = CARTESIAN_POINT ( 'NONE',  ( 0.9999999999999993300, -4.336808689941936900E-016, 3.100000000000000500 ) ) ;
#4051 =( NAMED_UNIT ( * ) SI_UNIT ( $, .STERADIAN. ) SOLID_ANGLE_UNIT ( ) );
#4052 = ORIENTED_EDGE ( 'NONE', *, *, #5772, .T. ) ;
#4053 = CARTESIAN_POINT ( 'NONE',  ( 4.999999999999969800, 0.0000000000000000000, 6.092571664865432400 ) ) ;
#4054 = CARTESIAN_POINT ( 'NONE',  ( 4.999999999999969800, 0.0000000000000000000, 6.000000000000000000 ) ) ;
#4055 = CARTESIAN_POINT ( 'NONE',  ( 5.000000000000000000, 5.265981236333620400E-016, 4.000000000000000000 ) ) ;
#4056 =( GEOMETRIC_REPRESENTATION_CONTEXT ( 3 ) GLOBAL_UNCERTAINTY_ASSIGNED_CONTEXT ( ( #5152 ) ) GLOBAL_UNIT_ASSIGNED_CONTEXT ( ( #49, #3494, #554 ) ) REPRESENTATION_CONTEXT ( 'NONE', 'WORKASPACE' ) );
#4057 = LINE ( 'NONE', #1024, #5168 ) ;
#4058 = ADVANCED_FACE ( 'NONE', ( #1467 ), #972, .T. ) ;
#4059 = EDGE_CURVE ( 'NONE', #822, #1784, #2149, .T. ) ;
#4060 = EDGE_LOOP ( 'NONE', ( #6109, #5440, #4230, #5426 ) ) ;
#4061 =( NAMED_UNIT ( * ) SI_UNIT ( $, .STERADIAN. ) SOLID_ANGLE_UNIT ( ) );
#4062 = EDGE_LOOP ( 'NONE', ( #3600, #5191, #559, #1324, #5309, #2706 ) ) ;
#4063 = EDGE_CURVE ( 'NONE', #4166, #5424, #824, .T. ) ;
#4064 = CARTESIAN_POINT ( 'NONE',  ( -2.500000000000000000, 3.739230484541329800, 0.0000000000000000000 ) ) ;
#4065 = CYLINDRICAL_SURFACE ( 'NONE', #2516, 1.450000000000000000 ) ;
#4066 = DIRECTION ( 'NONE',  ( 0.0000000000000000000, 0.0000000000000000000, -1.000000000000000000 ) ) ;
#4067 = MECHANICAL_DESIGN_GEOMETRIC_PRESENTATION_REPRESENTATION (  '', ( #2797 ), #4393 ) ;
#4068 = VERTEX_POINT ( 'NONE', #5760 ) ;
#4069 = PLANE ( 'NONE',  #3079 ) ;
#4070 =( LENGTH_UNIT ( ) NAMED_UNIT ( * ) SI_UNIT ( .MILLI., .METRE. ) );
#4071 = ORIENTED_EDGE ( 'NONE', *, *, #4502, .F. ) ;
#4072 = LINE ( 'NONE', #1127, #2383 ) ;
#4073 = DIRECTION ( 'NONE',  ( 1.000000000000000000, 0.0000000000000000000, 0.0000000000000000000 ) ) ;
#4074 = VERTEX_POINT ( 'NONE', #2964 ) ;
#4075 =( GEOMETRIC_REPRESENTATION_CONTEXT ( 3 ) GLOBAL_UNCERTAINTY_ASSIGNED_CONTEXT ( ( #214 ) ) GLOBAL_UNIT_ASSIGNED_CONTEXT ( ( #2203, #2455, #760 ) ) REPRESENTATION_CONTEXT ( 'NONE', 'WORKASPACE' ) );
#4076 = LINE ( 'NONE', #2984, #188 ) ;
#4077 = STYLED_ITEM ( 'NONE', ( #1669 ), #4983 ) ;
#4078 = ORIENTED_EDGE ( 'NONE', *, *, #3619, .F. ) ;
#4079 = CARTESIAN_POINT ( 'NONE',  ( 1.000000000000004400, 1.057300048018140000, -2.634545099663000200 ) ) ;
#4080 = CARTESIAN_POINT ( 'NONE',  ( 1.000000000000000000, 0.0000000000000000000, 0.0000000000000000000 ) ) ;
#4081 = VERTEX_POINT ( 'NONE', #4853 ) ;
#4082 = APPLICATION_CONTEXT ( 'automotive_design' ) ;
#4083 = COLOUR_RGB ( '',0.0000000000000000000, 0.3686274509803921800, 0.7215686274509803800 ) ;
#4084 = DIRECTION ( 'NONE',  ( 0.0000000000000000000, -0.5735764362890769500, 0.8191520443323829800 ) ) ;
#4085 = ORIENTED_EDGE ( 'NONE', *, *, #5139, .T. ) ;
#4086 = COLOUR_RGB ( '',0.7921568627450980000, 0.8000000000000000400, 0.8078431372549019800 ) ;
#4087 = CARTESIAN_POINT ( 'NONE',  ( 1.271997718226698800, -0.2683687851186541400, 5.799999999999999800 ) ) ;
#4088 =( GEOMETRIC_REPRESENTATION_CONTEXT ( 3 ) GLOBAL_UNCERTAINTY_ASSIGNED_CONTEXT ( ( #4468 ) ) GLOBAL_UNIT_ASSIGNED_CONTEXT ( ( #718, #746, #767 ) ) REPRESENTATION_CONTEXT ( 'NONE', 'WORKASPACE' ) );
#4089 =( NAMED_UNIT ( * ) PLANE_ANGLE_UNIT ( ) SI_UNIT ( $, .RADIAN. ) );
#4090 = ORIENTED_EDGE ( 'NONE', *, *, #6182, .F. ) ;
#4091 = CARTESIAN_POINT ( 'NONE',  ( -0.5000000000000319700, 3.000000000000000000, 9.142222010458430900 ) ) ;
#4092 = ADVANCED_FACE ( 'NONE', ( #4685 ), #1539, .F. ) ;
#4093 = DIRECTION ( 'NONE',  ( 1.000000000000000000, 0.0000000000000000000, 2.323287528027560000E-019 ) ) ;
#4094 = LINE ( 'NONE', #1355, #5203 ) ;
#4095 = DIRECTION ( 'NONE',  ( 2.323287528027560000E-019, 0.0000000000000000000, -1.000000000000000000 ) ) ;
#4096 = VERTEX_POINT ( 'NONE', #24 ) ;
#4097 = LINE ( 'NONE', #3662, #4551 ) ;
#4098 = ORIENTED_EDGE ( 'NONE', *, *, #2507, .F. ) ;
#4099 = CARTESIAN_POINT ( 'NONE',  ( 4.999999999999969800, 0.0000000000000000000, 10.00000000000000000 ) ) ;
#4100 = EDGE_CURVE ( 'NONE', #4096, #2009, #4076, .T. ) ;
#4101 =( LENGTH_UNIT ( ) NAMED_UNIT ( * ) SI_UNIT ( .MILLI., .METRE. ) );
#4102 =( NAMED_UNIT ( * ) PLANE_ANGLE_UNIT ( ) SI_UNIT ( $, .RADIAN. ) );
#4103 = APPLICATION_CONTEXT ( 'automotive_design' ) ;
#4104 =( LENGTH_UNIT ( ) NAMED_UNIT ( * ) SI_UNIT ( .MILLI., .METRE. ) );
#4105 = EDGE_CURVE ( 'NONE', #2009, #5534, #351, .T. ) ;
#4106 =( LENGTH_UNIT ( ) NAMED_UNIT ( * ) SI_UNIT ( .MILLI., .METRE. ) );
#4107 = STYLED_ITEM ( 'NONE', ( #2222 ), #4780 ) ;
#4108 = COLOUR_RGB ( '',0.7921568627450980000, 0.8000000000000000400, 0.8078431372549019800 ) ;
#4109 = DIRECTION ( 'NONE',  ( 0.0000000000000000000, 0.0000000000000000000, 1.000000000000000000 ) ) ;
#4110 = VECTOR ( 'NONE', #1683, 1000.000000000000000 ) ;
#4111 =( LENGTH_UNIT ( ) NAMED_UNIT ( * ) SI_UNIT ( .MILLI., .METRE. ) );
#4112 = DIRECTION ( 'NONE',  ( -0.0000000000000000000, 1.000000000000000000, 0.0000000000000000000 ) ) ;
#4113 = MECHANICAL_DESIGN_GEOMETRIC_PRESENTATION_REPRESENTATION (  '', ( #3490 ), #4436 ) ;
#4114 = STYLED_ITEM ( 'NONE', ( #5684 ), #5965 ) ;
#4115 = SURFACE_STYLE_FILL_AREA ( #2581 ) ;
#4116 = CARTESIAN_POINT ( 'NONE',  ( 0.9713612521426491200, -0.2705252955547733400, 3.128523914778225600 ) ) ;
#4117 = DIRECTION ( 'NONE',  ( -5.286776307738839800E-017, -0.0000000000000000000, -1.000000000000000000 ) ) ;
#4118 = PRESENTATION_STYLE_ASSIGNMENT (( #4135 ) ) ;
#4119 = DIRECTION ( 'NONE',  ( 2.664535259100380000E-015, -1.000000000000000000, 0.0000000000000000000 ) ) ;
#4120 = DIRECTION ( 'NONE',  ( -1.000000000000000000, -0.0000000000000000000, 0.0000000000000000000 ) ) ;
#4121 = ORIENTED_EDGE ( 'NONE', *, *, #4890, .F. ) ;
#4122 = FILL_AREA_STYLE_COLOUR ( '', #5596 ) ;
#4123 = UNCERTAINTY_MEASURE_WITH_UNIT (LENGTH_MEASURE( 1.000000000000000100E-005 ), #2907, 'distance_accuracy_value', 'NONE');
#4124 = CARTESIAN_POINT ( 'NONE',  ( -8.133428825879440400E-019, 0.0000000000000000000, 4.299999999999999800 ) ) ;
#4125 = ADVANCED_FACE ( 'NONE', ( #2661 ), #5951, .T. ) ;
#4126 =( NAMED_UNIT ( * ) SI_UNIT ( $, .STERADIAN. ) SOLID_ANGLE_UNIT ( ) );
#4127 = DIRECTION ( 'NONE',  ( 1.000000000000000000, 0.0000000000000000000, 0.0000000000000000000 ) ) ;
#4128 = CARTESIAN_POINT ( 'NONE',  ( -2.049999999992630200, -0.3999999999985610100, 4.799999999999999800 ) ) ;
#4129 = VERTEX_POINT ( 'NONE', #3470 ) ;
#4130 = PLANE ( 'NONE',  #2600 ) ;
#4131 = STYLED_ITEM ( 'NONE', ( #3058 ), #3633 ) ;
#4132 = MECHANICAL_DESIGN_GEOMETRIC_PRESENTATION_REPRESENTATION (  '', ( #2546 ), #4456 ) ;
#4133 = COLOUR_RGB ( '',0.0000000000000000000, 0.3686274509803921800, 0.7215686274509803800 ) ;
#4134 = FILL_AREA_STYLE_COLOUR ( '', #2838 ) ;
#4135 = SURFACE_STYLE_USAGE ( .BOTH. , #743 ) ;
#4136 = LINE ( 'NONE', #3648, #2873 ) ;
#4137 = EDGE_CURVE ( 'NONE', #5331, #4306, #3497, .T. ) ;
#4138 = EDGE_LOOP ( 'NONE', ( #3631, #3645, #4410, #40, #6098 ) ) ;
#4139 = CARTESIAN_POINT ( 'NONE',  ( 2.049999999999722300, 2.700000000000000200, 0.8000000000000000400 ) ) ;
#4140 = CARTESIAN_POINT ( 'NONE',  ( -1.000000000000000000, 1.537966248514481600, -2.391728288670819300 ) ) ;
#4141 = DIRECTION ( 'NONE',  ( -1.000000000000000000, 0.0000000000000000000, 0.0000000000000000000 ) ) ;
#4142 = DIRECTION ( 'NONE',  ( 1.000000000000000000, 0.0000000000000000000, -4.752667057935326700E-016 ) ) ;
#4143 =( GEOMETRIC_REPRESENTATION_CONTEXT ( 3 ) GLOBAL_UNCERTAINTY_ASSIGNED_CONTEXT ( ( #3599 ) ) GLOBAL_UNIT_ASSIGNED_CONTEXT ( ( #3691, #774, #4171 ) ) REPRESENTATION_CONTEXT ( 'NONE', 'WORKASPACE' ) );
#4144 = ORIENTED_EDGE ( 'NONE', *, *, #403, .F. ) ;
#4145 = CARTESIAN_POINT ( 'NONE',  ( -1.000000000000000000, -2.349999999999998800, -1.700000000000000200 ) ) ;
#4146 = EDGE_CURVE ( 'NONE', #598, #1506, #4756, .T. ) ;
#4147 = VECTOR ( 'NONE', #4385, 1000.000000000000000 ) ;
#4148 =( NAMED_UNIT ( * ) PLANE_ANGLE_UNIT ( ) SI_UNIT ( $, .RADIAN. ) );
#4149 = CARTESIAN_POINT ( 'NONE',  ( 0.0000000000000000000, 0.0000000000000000000, 1.350000000002182800 ) ) ;
#4150 = VECTOR ( 'NONE', #3112, 1000.000000000000000 ) ;
#4151 = ORIENTED_EDGE ( 'NONE', *, *, #634, .F. ) ;
#4152 =( NAMED_UNIT ( * ) SI_UNIT ( $, .STERADIAN. ) SOLID_ANGLE_UNIT ( ) );
#4153 = FACE_BOUND ( 'NONE', #642, .T. ) ;
#4154 = VECTOR ( 'NONE', #3286, 1000.000000000000000 ) ;
#4155 = MECHANICAL_DESIGN_GEOMETRIC_PRESENTATION_REPRESENTATION (  '', ( #3208 ), #4477 ) ;
#4156 = ORIENTED_EDGE ( 'NONE', *, *, #4382, .T. ) ;
#4157 = ADVANCED_FACE ( 'NONE', ( #4606 ), #3513, .F. ) ;
#4158 = DIRECTION ( 'NONE',  ( 0.0000000000000000000, 6.049014748177259600E-016, -1.000000000000000000 ) ) ;
#4159 = ORIENTED_EDGE ( 'NONE', *, *, #2322, .F. ) ;
#4160 = LINE ( 'NONE', #450, #1781 ) ;
#4161 = CARTESIAN_POINT ( 'NONE',  ( 0.8705770106185902700, -0.5087457973109275100, 3.211400958108387500 ) ) ;
#4162 = UNCERTAINTY_MEASURE_WITH_UNIT (LENGTH_MEASURE( 1.000000000000000100E-005 ), #2727, 'distance_accuracy_value', 'NONE');
#4163 = VERTEX_POINT ( 'NONE', #72 ) ;
#4164 =( GEOMETRIC_REPRESENTATION_CONTEXT ( 3 ) GLOBAL_UNCERTAINTY_ASSIGNED_CONTEXT ( ( #130 ) ) GLOBAL_UNIT_ASSIGNED_CONTEXT ( ( #1838, #1932, #1941 ) ) REPRESENTATION_CONTEXT ( 'NONE', 'WORKASPACE' ) );
#4165 = PRODUCT_RELATED_PRODUCT_CATEGORY ( 'part', '', ( #3255 ) ) ;
#4166 = VERTEX_POINT ( 'NONE', #592 ) ;
#4167 = SURFACE_STYLE_USAGE ( .BOTH. , #3958 ) ;
#4168 =( NAMED_UNIT ( * ) PLANE_ANGLE_UNIT ( ) SI_UNIT ( $, .RADIAN. ) );
#4169 = SURFACE_STYLE_USAGE ( .BOTH. , #773 ) ;
#4170 = FILL_AREA_STYLE ('',( #958 ) ) ;
#4171 =( NAMED_UNIT ( * ) SI_UNIT ( $, .STERADIAN. ) SOLID_ANGLE_UNIT ( ) );
#4172 = CARTESIAN_POINT ( 'NONE',  ( -1.503717525364060400, -0.3999999999985545100, 5.749165729526014300 ) ) ;
#4173 = SURFACE_STYLE_FILL_AREA ( #5699 ) ;
#4174 = COLOUR_RGB ( '',0.0000000000000000000, 0.3686274509803921800, 0.7215686274509803800 ) ;
#4175 = ORIENTED_EDGE ( 'NONE', *, *, #6082, .T. ) ;
#4176 = DIRECTION ( 'NONE',  ( -1.000000000000000000, -1.776356839400250500E-015, 0.0000000000000000000 ) ) ;
#4177 = MECHANICAL_DESIGN_GEOMETRIC_PRESENTATION_REPRESENTATION (  '', ( #3535 ), #4491 ) ;
#4178 =( LENGTH_UNIT ( ) NAMED_UNIT ( * ) SI_UNIT ( .MILLI., .METRE. ) );
#4179 = CARTESIAN_POINT ( 'NONE',  ( -2.500000000000000400, -3.100000000000000500, 1.467556659103242400E-016 ) ) ;
#4180 = VECTOR ( 'NONE', #3246, 1000.000000000000100 ) ;
#4181 = EDGE_CURVE ( 'NONE', #2047, #3622, #5378, .T. ) ;
#4182 =( LENGTH_UNIT ( ) NAMED_UNIT ( * ) SI_UNIT ( .MILLI., .METRE. ) );
#4183 = FILL_AREA_STYLE ('',( #3706 ) ) ;
#4184 = CARTESIAN_POINT ( 'NONE',  ( 0.0000000000000000000, 0.0000000000000000000, 0.2000000000000000100 ) ) ;
#4185 = ADVANCED_FACE ( 'NONE', ( #4153, #1611 ), #4950, .F. ) ;
#4186 = EDGE_CURVE ( 'NONE', #4534, #5893, #3559, .T. ) ;
#4187 = PRESENTATION_STYLE_ASSIGNMENT (( #1686 ) ) ;
#4188 = ORIENTED_EDGE ( 'NONE', *, *, #2033, .T. ) ;
#4189 =( NAMED_UNIT ( * ) SI_UNIT ( $, .STERADIAN. ) SOLID_ANGLE_UNIT ( ) );
#4190 = ORIENTED_EDGE ( 'NONE', *, *, #1499, .T. ) ;
#4191 = PRESENTATION_LAYER_ASSIGNMENT (  '', '', ( #3877 ) ) ;
#4192 = CYLINDRICAL_SURFACE ( 'NONE', #5847, 4.000000000000000900 ) ;
#4193 = SURFACE_STYLE_USAGE ( .BOTH. , #800 ) ;
#4194 =( NAMED_UNIT ( * ) SI_UNIT ( $, .STERADIAN. ) SOLID_ANGLE_UNIT ( ) );
#4195 = CARTESIAN_POINT ( 'NONE',  ( 1.000000000000000000, 1.057300048018140000, -2.634545099663000200 ) ) ;
#4196 = UNCERTAINTY_MEASURE_WITH_UNIT (LENGTH_MEASURE( 1.000000000000000100E-005 ), #788, 'distance_accuracy_value', 'NONE');
#4197 = SURFACE_STYLE_USAGE ( .BOTH. , #807 ) ;
#4198 = DIRECTION ( 'NONE',  ( 0.0000000000000000000, 0.0000000000000000000, -1.000000000000000000 ) ) ;
#4199 = STYLED_ITEM ( 'NONE', ( #4707 ), #394 ) ;
#4200 = MECHANICAL_DESIGN_GEOMETRIC_PRESENTATION_REPRESENTATION (  '', ( #3259 ), #4522 ) ;
#4201 = CARTESIAN_POINT ( 'NONE',  ( 0.6206016855324164600, -0.7942397684628052000, 3.364448201310345600 ) ) ;
#4202 = PRESENTATION_STYLE_ASSIGNMENT (( #4213 ) ) ;
#4203 = CARTESIAN_POINT ( 'NONE',  ( 6.899999999999979000, 3.900000000000050100, -8.680897783920600000E-016 ) ) ;
#4204 = ORIENTED_EDGE ( 'NONE', *, *, #1108, .T. ) ;
#4205 = ORIENTED_EDGE ( 'NONE', *, *, #937, .F. ) ;
#4206 = CARTESIAN_POINT ( 'NONE',  ( 0.0000000000000000000, 4.450836265246970600E-029, 6.700000000000000200 ) ) ;
#4207 = CARTESIAN_POINT ( 'NONE',  ( -1.000000000000000000, 1.039868899468600300, -2.435306160044652400 ) ) ;
#4208 = COLOUR_RGB ( '',0.7921568627450980000, 0.8196078431372548800, 0.9333333333333333500 ) ;
#4209 = CARTESIAN_POINT ( 'NONE',  ( 2.949999999999730200, 2.700000000000000200, 0.8000000000000000400 ) ) ;
#4210 = AXIS2_PLACEMENT_3D ( 'NONE', #886, #1038, #1290 ) ;
#4211 = ORIENTED_EDGE ( 'NONE', *, *, #3509, .F. ) ;
#4212 = PRODUCT_DEFINITION_SHAPE ( 'NONE', 'NONE',  #6197 ) ;
#4213 = SURFACE_STYLE_USAGE ( .BOTH. , #827 ) ;
#4214 = CARTESIAN_POINT ( 'NONE',  ( 2.000000000000000000, -2.000000000000000000, 0.0000000000000000000 ) ) ;
#4215 = ORIENTED_EDGE ( 'NONE', *, *, #3635, .T. ) ;
#4216 =( GEOMETRIC_REPRESENTATION_CONTEXT ( 3 ) GLOBAL_UNCERTAINTY_ASSIGNED_CONTEXT ( ( #2390 ) ) GLOBAL_UNIT_ASSIGNED_CONTEXT ( ( #1345, #4700, #1846 ) ) REPRESENTATION_CONTEXT ( 'NONE', 'WORKASPACE' ) );
#4217 = ORIENTED_EDGE ( 'NONE', *, *, #5808, .T. ) ;
#4218 = ADVANCED_FACE ( 'NONE', ( #2303 ), #1621, .F. ) ;
#4219 = CARTESIAN_POINT ( 'NONE',  ( -1.000000000000000000, -2.250000000000000400, -1.700000000000000000 ) ) ;
#4220 = FACE_OUTER_BOUND ( 'NONE', #5281, .T. ) ;
#4221 = FILL_AREA_STYLE ('',( #5548 ) ) ;
#4222 = EDGE_CURVE ( 'NONE', #4531, #2009, #492, .T. ) ;
#4223 = CARTESIAN_POINT ( 'NONE',  ( 0.5140205342628654300, -0.8677624658647717900, 3.411617745521737400 ) ) ;
#4224 = SURFACE_STYLE_FILL_AREA ( #1008 ) ;
#4225 = ORIENTED_EDGE ( 'NONE', *, *, #2205, .F. ) ;
#4226 = VECTOR ( 'NONE', #2626, 1000.000000000000000 ) ;
#4227 = PRESENTATION_STYLE_ASSIGNMENT (( #2922 ) ) ;
#4228 =( LENGTH_UNIT ( ) NAMED_UNIT ( * ) SI_UNIT ( .MILLI., .METRE. ) );
#4229 = CARTESIAN_POINT ( 'NONE',  ( -3.262998337136410200E-014, 0.0000000000000000000, 6.000000000000000000 ) ) ;
#4230 = ORIENTED_EDGE ( 'NONE', *, *, #1874, .T. ) ;
#4231 = PRESENTATION_LAYER_ASSIGNMENT (  '', '', ( #4553 ) ) ;
#4232 = EDGE_LOOP ( 'NONE', ( #4363, #580, #6145, #2480 ) ) ;
#4233 = DIRECTION ( 'NONE',  ( -1.000000000000000000, 0.0000000000000000000, 0.0000000000000000000 ) ) ;
#4234 =( LENGTH_UNIT ( ) NAMED_UNIT ( * ) SI_UNIT ( .MILLI., .METRE. ) );
#4235 = ORIENTED_EDGE ( 'NONE', *, *, #6140, .F. ) ;
#4236 = FACE_OUTER_BOUND ( 'NONE', #806, .T. ) ;
#4237 = CARTESIAN_POINT ( 'NONE',  ( 0.7999999999999961600, 1.599999999999992500, -3.926515615215109800E-016 ) ) ;
#4238 = EDGE_LOOP ( 'NONE', ( #4696, #4225, #1699, #4205 ) ) ;
#4239 = PLANE ( 'NONE',  #3215 ) ;
#4240 = EDGE_CURVE ( 'NONE', #3504, #4646, #4373, .T. ) ;
#4241 = FACE_OUTER_BOUND ( 'NONE', #3204, .T. ) ;
#4242 = AXIS2_PLACEMENT_3D ( 'NONE', #4219, #1351, #4705 ) ;
#4243 =( BOUNDED_CURVE ( )  B_SPLINE_CURVE ( 3, ( #922, #3836, #4787, #1940 ),
 .UNSPECIFIED., .F., .F. ) 
 B_SPLINE_CURVE_WITH_KNOTS ( ( 4, 4 ),
 ( 0.0000000000000000000, 0.5000000000000000000 ),
 .UNSPECIFIED. ) 
 CURVE ( )  GEOMETRIC_REPRESENTATION_ITEM ( )  RATIONAL_B_SPLINE_CURVE ( ( 1.000000000000000000, 0.3333333333333333700, 0.3333333333333333700, 1.000000000000000000 ) ) 
 REPRESENTATION_ITEM ( '' )  );
#4244 = DIRECTION ( 'NONE',  ( -0.0000000000000000000, -0.0000000000000000000, -1.000000000000000000 ) ) ;
#4245 = DIRECTION ( 'NONE',  ( -0.0000000000000000000, 1.000000000000000000, 0.0000000000000000000 ) ) ;
#4246 = ORIENTED_EDGE ( 'NONE', *, *, #2830, .T. ) ;
#4247 = CARTESIAN_POINT ( 'NONE',  ( 0.2726644063046470600, -0.9710215900494313400, 3.479641254335545900 ) ) ;
#4248 = MECHANICAL_DESIGN_GEOMETRIC_PRESENTATION_REPRESENTATION (  '', ( #2971 ), #4571 ) ;
#4249 = ORIENTED_EDGE ( 'NONE', *, *, #4936, .T. ) ;
#4250 = ORIENTED_EDGE ( 'NONE', *, *, #903, .F. ) ;
#4251 = FILL_AREA_STYLE_COLOUR ( '', #2896 ) ;
#4252 = PLANE ( 'NONE',  #5118 ) ;
#4253 = ADVANCED_FACE ( 'NONE', ( #2959 ), #6093, .F. ) ;
#4254 = PRESENTATION_STYLE_ASSIGNMENT (( #1562 ) ) ;
#4255 = SURFACE_STYLE_FILL_AREA ( #3867 ) ;
#4256 = DIRECTION ( 'NONE',  ( 0.0000000000000000000, 0.0000000000000000000, 1.000000000000000000 ) ) ;
#4257 = STYLED_ITEM ( 'NONE', ( #3229 ), #3354 ) ;
#4258 = PRESENTATION_LAYER_ASSIGNMENT (  '', '', ( #3617 ) ) ;
#4259 = CARTESIAN_POINT ( 'NONE',  ( 7.500000000000000000, 4.500000000000000900, 0.0000000000000000000 ) ) ;
#4260 = CARTESIAN_POINT ( 'NONE',  ( 0.8999999999999960300, -6.902565309527068300E-017, 0.09999999999999961700 ) ) ;
#4261 = EDGE_CURVE ( 'NONE', #5298, #1342, #5039, .T. ) ;
#4262 = FACE_OUTER_BOUND ( 'NONE', #4818, .T. ) ;
#4263 = DIRECTION ( 'NONE',  ( -5.286776307738839800E-017, -0.0000000000000000000, -1.000000000000000000 ) ) ;
#4264 = CARTESIAN_POINT ( 'NONE',  ( -3.197442310920450200E-014, 3.000000000000000000, 4.799999999999999800 ) ) ;
#4265 = PRESENTATION_STYLE_ASSIGNMENT (( #5081 ) ) ;
#4266 = CARTESIAN_POINT ( 'NONE',  ( 0.1364976078214480400, -1.000000000000000700, 3.499999999999999600 ) ) ;
#4267 = ORIENTED_EDGE ( 'NONE', *, *, #3476, .T. ) ;
#4268 = AXIS2_PLACEMENT_3D ( 'NONE', #4524, #1663, #4986 ) ;
#4269 = EDGE_CURVE ( 'NONE', #208, #5834, #3779, .T. ) ;
#4270 = PLANE ( 'NONE',  #4767 ) ;
#4271 = DIRECTION ( 'NONE',  ( 7.162729191142349500E-017, 1.000000000000000000, 0.0000000000000000000 ) ) ;
#4272 = EDGE_CURVE ( 'NONE', #83, #2, #4889, .T. ) ;
#4273 = LINE ( 'NONE', #2684, #3002 ) ;
#4274 = DIRECTION ( 'NONE',  ( -1.000000000000000000, 0.0000000000000000000, -5.665538897647979600E-016 ) ) ;
#4275 = PRESENTATION_LAYER_ASSIGNMENT (  '', '', ( #3954 ) ) ;
#4276 = SURFACE_STYLE_FILL_AREA ( #3350 ) ;
#4277 = CARTESIAN_POINT ( 'NONE',  ( 0.8707887823277463700, 0.5081005677074311700, 3.211213988086374400 ) ) ;
#4278 = CARTESIAN_POINT ( 'NONE',  ( 0.0000000000000000000, 0.0000000000000000000, -4.700000000000000200 ) ) ;
#4279 = ADVANCED_FACE ( 'NONE', ( #4748 ), #3118, .F. ) ;
#4280 = DIRECTION ( 'NONE',  ( 0.0000000000000000000, 1.000000000000000000, -0.0000000000000000000 ) ) ;
#4281 =( LENGTH_UNIT ( ) NAMED_UNIT ( * ) SI_UNIT ( .MILLI., .METRE. ) );
#4282 = MECHANICAL_DESIGN_GEOMETRIC_PRESENTATION_REPRESENTATION (  '', ( #2688 ), #4605 ) ;
#4283 = AXIS2_PLACEMENT_3D ( 'NONE', #4734, #1888, #5198 ) ;
#4284 = ORIENTED_EDGE ( 'NONE', *, *, #9, .F. ) ;
#4285 = CARTESIAN_POINT ( 'NONE',  ( 1.044422798333887900E-016, -1.000000000000003600, 3.500000000000002200 ) ) ;
#4286 = DIRECTION ( 'NONE',  ( 0.0000000000000000000, 1.000000000000000000, 0.0000000000000000000 ) ) ;
#4287 = ORIENTED_EDGE ( 'NONE', *, *, #5012, .F. ) ;
#4288 = DIRECTION ( 'NONE',  ( 0.8660254037844387100, 0.4999999999999998300, -0.0000000000000000000 ) ) ;
#4289 = STYLED_ITEM ( 'NONE', ( #5110 ), #1884 ) ;
#4290 = VECTOR ( 'NONE', #5789, 1000.000000000000100 ) ;
#4291 = VECTOR ( 'NONE', #5907, 1000.000000000000000 ) ;
#4292 = CARTESIAN_POINT ( 'NONE',  ( -8.133428825879440400E-019, 0.0000000000000000000, 4.299999999999999800 ) ) ;
#4293 = FACE_OUTER_BOUND ( 'NONE', #5231, .T. ) ;
#4294 = EDGE_LOOP ( 'NONE', ( #3221, #3278, #5913, #2678 ) ) ;
#4295 =( NAMED_UNIT ( * ) PLANE_ANGLE_UNIT ( ) SI_UNIT ( $, .RADIAN. ) );
#4296 = SURFACE_STYLE_FILL_AREA ( #4495 ) ;
#4297 =( NAMED_UNIT ( * ) PLANE_ANGLE_UNIT ( ) SI_UNIT ( $, .RADIAN. ) );
#4298 = DIRECTION ( 'NONE',  ( 0.0000000000000000000, 0.0000000000000000000, -1.000000000000000000 ) ) ;
#4299 = STYLED_ITEM ( 'NONE', ( #831 ), #3818 ) ;
#4300 = VERTEX_POINT ( 'NONE', #2693 ) ;
#4301 = EDGE_CURVE ( 'NONE', #2823, #4488, #658, .T. ) ;
#4302 = CARTESIAN_POINT ( 'NONE',  ( 2.049999999997583100, 2.700000000000000200, 0.8000000000000000400 ) ) ;
#4303 = VECTOR ( 'NONE', #1835, 1000.000000000000000 ) ;
#4304 = VERTEX_POINT ( 'NONE', #5954 ) ;
#4305 = LINE ( 'NONE', #1901, #1778 ) ;
#4306 = VERTEX_POINT ( 'NONE', #5933 ) ;
#4307 = EDGE_CURVE ( 'NONE', #2981, #628, #1999, .T. ) ;
#4308 = LINE ( 'NONE', #4776, #5532 ) ;
#4309 = CARTESIAN_POINT ( 'NONE',  ( 0.5500000000000000400, 0.0000000000000000000, 0.0000000000000000000 ) ) ;
#4310 = PRESENTATION_LAYER_ASSIGNMENT (  '', '', ( #3985 ) ) ;
#4311 = CARTESIAN_POINT ( 'NONE',  ( 6.499999999999730000, 3.700000000000000200, 0.8000000000000000400 ) ) ;
#4312 = ORIENTED_EDGE ( 'NONE', *, *, #2750, .F. ) ;
#4313 = ADVANCED_FACE ( 'NONE', ( #499 ), #1220, .F. ) ;
#4314 = FILL_AREA_STYLE ('',( #3367 ) ) ;
#4315 = SURFACE_STYLE_USAGE ( .BOTH. , #4036 ) ;
#4316 = UNCERTAINTY_MEASURE_WITH_UNIT (LENGTH_MEASURE( 1.000000000000000100E-005 ), #1944, 'distance_accuracy_value', 'NONE');
#4317 = FILL_AREA_STYLE ('',( #925 ) ) ;
#4318 = CARTESIAN_POINT ( 'NONE',  ( 6.899999999999979900, 4.450836265246970600E-029, 6.700000000000000200 ) ) ;
#4319 = CARTESIAN_POINT ( 'NONE',  ( 5.549999999999999800, -3.100000000000000500, -1.456080807266360200E-018 ) ) ;
#4320 = STYLED_ITEM ( 'NONE', ( #2548 ), #297 ) ;
#4321 =( GEOMETRIC_REPRESENTATION_CONTEXT ( 3 ) GLOBAL_UNCERTAINTY_ASSIGNED_CONTEXT ( ( #1476 ) ) GLOBAL_UNIT_ASSIGNED_CONTEXT ( ( #3010, #54, #3498 ) ) REPRESENTATION_CONTEXT ( 'NONE', 'WORKASPACE' ) );
#4322 = ORIENTED_EDGE ( 'NONE', *, *, #3151, .T. ) ;
#4323 = COLOUR_RGB ( '',0.0000000000000000000, 0.3686274509803921800, 0.7215686274509803800 ) ;
#4324 = PRESENTATION_STYLE_ASSIGNMENT (( #1862 ) ) ;
#4325 = VECTOR ( 'NONE', #3455, 1000.000000000000000 ) ;
#4326 = ORIENTED_EDGE ( 'NONE', *, *, #2368, .T. ) ;
#4327 = CARTESIAN_POINT ( 'NONE',  ( -0.1362814232029643000, -1.000000000000000900, 3.500000000000000400 ) ) ;
#4328 =( LENGTH_UNIT ( ) NAMED_UNIT ( * ) SI_UNIT ( .MILLI., .METRE. ) );
#4329 = CARTESIAN_POINT ( 'NONE',  ( 7.500000000000000000, 3.060769515458740700, 8.666336975847499600E-016 ) ) ;
#4330 = FILL_AREA_STYLE_COLOUR ( '', #493 ) ;
#4331 = SURFACE_STYLE_FILL_AREA ( #2954 ) ;
#4332 = SURFACE_SIDE_STYLE ('',( #3216 ) ) ;
#4333 = CARTESIAN_POINT ( 'NONE',  ( 1.299999999999967600, 1.592040838891559600E-016, 6.000000000000000000 ) ) ;
#4334 = VECTOR ( 'NONE', #329, 1000.000000000000000 ) ;
#4335 = AXIS2_PLACEMENT_3D ( 'NONE', #4128, #1258, #4617 ) ;
#4336 = DIRECTION ( 'NONE',  ( 0.0000000000000000000, 1.000000000000000000, -0.0000000000000000000 ) ) ;
#4337 = DIRECTION ( 'NONE',  ( 0.0000000000000000000, 0.0000000000000000000, 1.000000000000000000 ) ) ;
#4338 = DIRECTION ( 'NONE',  ( 0.0000000000000000000, -1.000000000000000000, -0.0000000000000000000 ) ) ;
#4339 = EDGE_CURVE ( 'NONE', #70, #712, #3790, .T. ) ;
#4340 = COLOUR_RGB ( '',0.0000000000000000000, 0.3686274509803921800, 0.7215686274509803800 ) ;
#4341 = ORIENTED_EDGE ( 'NONE', *, *, #684, .T. ) ;
#4342 = ORIENTED_EDGE ( 'NONE', *, *, #2590, .T. ) ;
#4343 = ADVANCED_FACE ( 'NONE', ( #28 ), #1776, .F. ) ;
#4344 = CARTESIAN_POINT ( 'NONE',  ( 2.749999999999969800, -2.000000000000000000, 2.000000000000000000 ) ) ;
#4345 = AXIS2_PLACEMENT_3D ( 'NONE', #6131, #3365, #421 ) ;
#4346 = ORIENTED_EDGE ( 'NONE', *, *, #5243, .T. ) ;
#4347 = DIRECTION ( 'NONE',  ( -0.0000000000000000000, -1.000000000000000000, 0.0000000000000000000 ) ) ;
#4348 = CARTESIAN_POINT ( 'NONE',  ( 1.950000000000000000, 1.451517244269860100, 0.0000000000000000000 ) ) ;
#4349 = UNCERTAINTY_MEASURE_WITH_UNIT (LENGTH_MEASURE( 1.000000000000000100E-005 ), #3597, 'distance_accuracy_value', 'NONE');
#4350 = COLOUR_RGB ( '',0.7921568627450980000, 0.8196078431372548800, 0.9333333333333333500 ) ;
#4351 = FILL_AREA_STYLE ('',( #2552 ) ) ;
#4352 = DIRECTION ( 'NONE',  ( -0.0000000000000000000, -0.0000000000000000000, -1.000000000000000000 ) ) ;
#4353 = EDGE_LOOP ( 'NONE', ( #2889, #5086, #5316, #4527 ) ) ;
#4354 = ORIENTED_EDGE ( 'NONE', *, *, #3298, .T. ) ;
#4355 = CARTESIAN_POINT ( 'NONE',  ( -1.000000000000000000, 1.555397397064010300, -2.590967228289160000 ) ) ;
#4356 = LINE ( 'NONE', #4064, #1826 ) ;
#4357 = DIRECTION ( 'NONE',  ( 0.8660254037844387100, -0.4999999999999998300, 0.0000000000000000000 ) ) ;
#4358 = EDGE_LOOP ( 'NONE', ( #2027, #3859, #1709, #2284 ) ) ;
#4359 = SURFACE_SIDE_STYLE ('',( #5820 ) ) ;
#4360 = PRESENTATION_LAYER_ASSIGNMENT (  '', '', ( #4041 ) ) ;
#4361 = FILL_AREA_STYLE_COLOUR ( '', #259 ) ;
#4362 = ORIENTED_EDGE ( 'NONE', *, *, #1839, .T. ) ;
#4363 = ORIENTED_EDGE ( 'NONE', *, *, #2251, .F. ) ;
#4364 = VECTOR ( 'NONE', #5075, 999.9999999999998900 ) ;
#4365 = DIRECTION ( 'NONE',  ( -1.000000000000000000, 0.0000000000000000000, 0.0000000000000000000 ) ) ;
#4366 = DIRECTION ( 'NONE',  ( -5.861977570020730600E-014, -1.000000000000000000, -0.0000000000000000000 ) ) ;
#4367 = SURFACE_STYLE_USAGE ( .BOTH. , #988 ) ;
#4368 = FACE_OUTER_BOUND ( 'NONE', #576, .T. ) ;
#4369 = STYLED_ITEM ( 'NONE', ( #3746 ), #3270 ) ;
#4370 = STYLED_ITEM ( 'NONE', ( #2374 ), #2265 ) ;
#4371 = ORIENTED_EDGE ( 'NONE', *, *, #5346, .F. ) ;
#4372 = CARTESIAN_POINT ( 'NONE',  ( -1.255263332347661100E-016, 1.000000000000000000, 3.499999999999999600 ) ) ;
#4373 = LINE ( 'NONE', #159, #4226 ) ;
#4374 = CIRCLE ( 'NONE', #4024, 1.450000000000000000 ) ;
#4375 = EDGE_CURVE ( 'NONE', #2586, #4719, #2487, .T. ) ;
#4376 = ORIENTED_EDGE ( 'NONE', *, *, #5654, .T. ) ;
#4377 = CARTESIAN_POINT ( 'NONE',  ( -0.1000000000000000300, 0.0000000000000000000, -5.100000000000000500 ) ) ;
#4378 = CARTESIAN_POINT ( 'NONE',  ( -3.241851231905460900E-014, 0.0000000000000000000, 10.00000000000000000 ) ) ;
#4379 = ORIENTED_EDGE ( 'NONE', *, *, #3874, .T. ) ;
#4380 = SURFACE_STYLE_FILL_AREA ( #5517 ) ;
#4381 = STYLED_ITEM ( 'NONE', ( #2063 ), #4157 ) ;
#4382 = EDGE_CURVE ( 'NONE', #1506, #5174, #736, .T. ) ;
#4383 = VERTEX_POINT ( 'NONE', #4671 ) ;
#4384 = CIRCLE ( 'NONE', #2730, 1.450000000000000000 ) ;
#4385 = DIRECTION ( 'NONE',  ( -0.0000000000000000000, 0.0000000000000000000, 1.000000000000000000 ) ) ;
#4386 = UNCERTAINTY_MEASURE_WITH_UNIT (LENGTH_MEASURE( 1.000000000000000100E-005 ), #1318, 'distance_accuracy_value', 'NONE');
#4387 = EDGE_CURVE ( 'NONE', #1845, #2831, #3191, .T. ) ;
#4388 = SURFACE_SIDE_STYLE ('',( #281 ) ) ;
#4389 = PRESENTATION_STYLE_ASSIGNMENT (( #2867 ) ) ;
#4390 = ORIENTED_EDGE ( 'NONE', *, *, #2507, .T. ) ;
#4391 = CARTESIAN_POINT ( 'NONE',  ( 0.0000000000000000000, 0.0000000000000000000, 0.0000000000000000000 ) ) ;
#4392 = SURFACE_STYLE_FILL_AREA ( #4033 ) ;
#4393 =( GEOMETRIC_REPRESENTATION_CONTEXT ( 3 ) GLOBAL_UNCERTAINTY_ASSIGNED_CONTEXT ( ( #3966 ) ) GLOBAL_UNIT_ASSIGNED_CONTEXT ( ( #4228, #1358, #4713 ) ) REPRESENTATION_CONTEXT ( 'NONE', 'WORKASPACE' ) );
#4394 = CARTESIAN_POINT ( 'NONE',  ( -3.099999999999999600, 2.899999999999996400, 6.700000000000000200 ) ) ;
#4395 = UNCERTAINTY_MEASURE_WITH_UNIT (LENGTH_MEASURE( 1.000000000000000100E-005 ), #703, 'distance_accuracy_value', 'NONE');
#4396 = CARTESIAN_POINT ( 'NONE',  ( -1.504433366779737800, 0.3999999999985607800, 5.748638903917829200 ) ) ;
#4397 = ORIENTED_EDGE ( 'NONE', *, *, #4820, .T. ) ;
#4398 = SURFACE_SIDE_STYLE ('',( #4533 ) ) ;
#4399 = PRESENTATION_LAYER_ASSIGNMENT (  '', '', ( #4077 ) ) ;
#4400 =( NAMED_UNIT ( * ) PLANE_ANGLE_UNIT ( ) SI_UNIT ( $, .RADIAN. ) );
#4401 = VECTOR ( 'NONE', #4906, 1000.000000000000000 ) ;
#4402 =( LENGTH_UNIT ( ) NAMED_UNIT ( * ) SI_UNIT ( .MILLI., .METRE. ) );
#4403 = LINE ( 'NONE', #989, #3144 ) ;
#4404 = CARTESIAN_POINT ( 'NONE',  ( -0.5000000000000319700, 3.000000000000000000, 9.142222010458430900 ) ) ;
#4405 = FACE_OUTER_BOUND ( 'NONE', #5385, .T. ) ;
#4406 = DIRECTION ( 'NONE',  ( -5.286776307738839800E-017, -0.0000000000000000000, -1.000000000000000000 ) ) ;
#4407 = SURFACE_STYLE_USAGE ( .BOTH. , #1026 ) ;
#4408 = VECTOR ( 'NONE', #5492, 1000.000000000000000 ) ;
#4409 = DIRECTION ( 'NONE',  ( 0.0000000000000000000, 0.0000000000000000000, 1.000000000000000000 ) ) ;
#4410 = ORIENTED_EDGE ( 'NONE', *, *, #2023, .F. ) ;
#4411 = DIRECTION ( 'NONE',  ( 4.440892098500630100E-016, 0.0000000000000000000, 1.000000000000000000 ) ) ;
#4412 =( NAMED_UNIT ( * ) PLANE_ANGLE_UNIT ( ) SI_UNIT ( $, .RADIAN. ) );
#4413 = LINE ( 'NONE', #4743, #696 ) ;
#4414 = STYLED_ITEM ( 'NONE', ( #5711 ), #2914 ) ;
#4415 = CARTESIAN_POINT ( 'NONE',  ( 2.749999999999969800, 2.000000000000000000, 9.999999999999998200 ) ) ;
#4416 = CARTESIAN_POINT ( 'NONE',  ( -2.050000000000269800, 2.700000000000000200, 0.8000000000000000400 ) ) ;
#4417 = STYLED_ITEM ( 'NONE', ( #1404 ), #3719 ) ;
#4418 = VECTOR ( 'NONE', #5947, 1000.000000000000000 ) ;
#4419 = FILL_AREA_STYLE_COLOUR ( '', #4708 ) ;
#4420 = EDGE_CURVE ( 'NONE', #3212, #5729, #4608, .T. ) ;
#4421 = VERTEX_POINT ( 'NONE', #2306 ) ;
#4422 = LINE ( 'NONE', #4259, #5493 ) ;
#4423 = ITEM_DEFINED_TRANSFORMATION ( 'NONE', 'NONE', #4914,  #3766 ) ;
#4424 = DIRECTION ( 'NONE',  ( 0.0000000000000000000, 1.000000000000000000, 0.0000000000000000000 ) ) ;
#4425 = EDGE_CURVE ( 'NONE', #4610, #944, #4453, .T. ) ;
#4426 = CARTESIAN_POINT ( 'NONE',  ( -0.8585786437626858900, -1.717157287525372400, -4.041557358178355900E-016 ) ) ;
#4427 = DIRECTION ( 'NONE',  ( 0.0000000000000000000, -0.0000000000000000000, -1.000000000000000000 ) ) ;
#4428 = AXIS2_PLACEMENT_3D ( 'NONE', #3560, #627, #4030 ) ;
#4429 =( BOUNDED_CURVE ( )  B_SPLINE_CURVE ( 3, ( #1828, #4684, #5588, #2786 ),
 .UNSPECIFIED., .F., .F. ) 
 B_SPLINE_CURVE_WITH_KNOTS ( ( 4, 4 ),
 ( 0.0000000000000000000, 1.000000000000000000 ),
 .UNSPECIFIED. ) 
 CURVE ( )  GEOMETRIC_REPRESENTATION_ITEM ( )  RATIONAL_B_SPLINE_CURVE ( ( 1.000000000000000000, 0.5384615384608009100, 0.5384615384608009100, 1.000000000000000000 ) ) 
 REPRESENTATION_ITEM ( '' )  );
#4430 = SURFACE_STYLE_FILL_AREA ( #2742 ) ;
#4431 = CARTESIAN_POINT ( 'NONE',  ( 4.999999999999969800, 0.0000000000000000000, 10.00000000000000000 ) ) ;
#4432 = PLANE ( 'NONE',  #3520 ) ;
#4433 = EDGE_LOOP ( 'NONE', ( #2346, #2744, #3990, #3297 ) ) ;
#4434 =( NAMED_UNIT ( * ) SI_UNIT ( $, .STERADIAN. ) SOLID_ANGLE_UNIT ( ) );
#4435 = CARTESIAN_POINT ( 'NONE',  ( -2.264854970235320000E-015, 0.0000000000000000000, -0.4000000000000000200 ) ) ;
#4436 =( GEOMETRIC_REPRESENTATION_CONTEXT ( 3 ) GLOBAL_UNCERTAINTY_ASSIGNED_CONTEXT ( ( #4579 ) ) GLOBAL_UNIT_ASSIGNED_CONTEXT ( ( #475, #455, #439 ) ) REPRESENTATION_CONTEXT ( 'NONE', 'WORKASPACE' ) );
#4437 = PRESENTATION_LAYER_ASSIGNMENT (  '', '', ( #4114 ) ) ;
#4438 = ORIENTED_EDGE ( 'NONE', *, *, #1348, .F. ) ;
#4439 = CARTESIAN_POINT ( 'NONE',  ( 1.000000000000000000, 2.000000000000000000, 0.2000000000000000100 ) ) ;
#4440 = DIRECTION ( 'NONE',  ( -1.000000000000000000, 0.0000000000000000000, 0.0000000000000000000 ) ) ;
#4441 = CIRCLE ( 'NONE', #5903, 1.825000000000000200 ) ;
#4442 = CARTESIAN_POINT ( 'NONE',  ( 1.624378791836315800E-019, 0.0000000000000000000, 0.1000000000000000500 ) ) ;
#4443 = SURFACE_STYLE_FILL_AREA ( #1896 ) ;
#4444 = DIRECTION ( 'NONE',  ( 1.000000000000000000, -0.0000000000000000000, -0.0000000000000000000 ) ) ;
#4445 = DIRECTION ( 'NONE',  ( -0.4999999999999998300, 0.8660254037844387100, 0.0000000000000000000 ) ) ;
#4446 = ORIENTED_EDGE ( 'NONE', *, *, #5959, .T. ) ;
#4447 = STYLED_ITEM ( 'NONE', ( #3427 ), #1326 ) ;
#4448 = CARTESIAN_POINT ( 'NONE',  ( 5.549999999999999800, 0.0000000000000000000, 0.0000000000000000000 ) ) ;
#4449 = ORIENTED_EDGE ( 'NONE', *, *, #5166, .T. ) ;
#4450 =( NAMED_UNIT ( * ) PLANE_ANGLE_UNIT ( ) SI_UNIT ( $, .RADIAN. ) );
#4451 =( NAMED_UNIT ( * ) SI_UNIT ( $, .STERADIAN. ) SOLID_ANGLE_UNIT ( ) );
#4452 = CARTESIAN_POINT ( 'NONE',  ( 0.0000000000000000000, 0.0000000000000000000, -4.700000000000000200 ) ) ;
#4453 = LINE ( 'NONE', #4207, #4303 ) ;
#4454 = AXIS2_PLACEMENT_3D ( 'NONE', #5337, #2524, #5791 ) ;
#4455 = VERTEX_POINT ( 'NONE', #5161 ) ;
#4456 =( GEOMETRIC_REPRESENTATION_CONTEXT ( 3 ) GLOBAL_UNCERTAINTY_ASSIGNED_CONTEXT ( ( #3935 ) ) GLOBAL_UNIT_ASSIGNED_CONTEXT ( ( #3982, #1092, #4471 ) ) REPRESENTATION_CONTEXT ( 'NONE', 'WORKASPACE' ) );
#4457 =( LENGTH_UNIT ( ) NAMED_UNIT ( * ) SI_UNIT ( .MILLI., .METRE. ) );
#4458 = ORIENTED_EDGE ( 'NONE', *, *, #2846, .F. ) ;
#4459 = VECTOR ( 'NONE', #1106, 1000.000000000000000 ) ;
#4460 = EDGE_CURVE ( 'NONE', #482, #1342, #5525, .T. ) ;
#4461 = DIRECTION ( 'NONE',  ( 0.0000000000000000000, -1.000000000000000000, -0.0000000000000000000 ) ) ;
#4462 =( NAMED_UNIT ( * ) PLANE_ANGLE_UNIT ( ) SI_UNIT ( $, .RADIAN. ) );
#4463 = SURFACE_STYLE_USAGE ( .BOTH. , #1086 ) ;
#4464 = VERTEX_POINT ( 'NONE', #1337 ) ;
#4465 = COLOUR_RGB ( '',0.7921568627450980000, 0.8000000000000000400, 0.8078431372549019800 ) ;
#4466 = CARTESIAN_POINT ( 'NONE',  ( 1.925929944387235900E-030, 0.0000000000000000000, 4.700000000000001100 ) ) ;
#4467 = PRESENTATION_STYLE_ASSIGNMENT (( #5053 ) ) ;
#4468 = UNCERTAINTY_MEASURE_WITH_UNIT (LENGTH_MEASURE( 1.000000000000000100E-005 ), #718, 'distance_accuracy_value', 'NONE');
#4469 = SURFACE_SIDE_STYLE ('',( #2526 ) ) ;
#4470 = EDGE_CURVE ( 'NONE', #3397, #4845, #3038, .T. ) ;
#4471 =( NAMED_UNIT ( * ) SI_UNIT ( $, .STERADIAN. ) SOLID_ANGLE_UNIT ( ) );
#4472 = ORIENTED_EDGE ( 'NONE', *, *, #56, .T. ) ;
#4473 = CYLINDRICAL_SURFACE ( 'NONE', #3457, 4.200000000000000200 ) ;
#4474 =( LENGTH_UNIT ( ) NAMED_UNIT ( * ) SI_UNIT ( .MILLI., .METRE. ) );
#4475 = DIRECTION ( 'NONE',  ( -1.000000000000000000, -0.0000000000000000000, 0.0000000000000000000 ) ) ;
#4476 = VECTOR ( 'NONE', #4926, 1000.000000000000000 ) ;
#4477 =( GEOMETRIC_REPRESENTATION_CONTEXT ( 3 ) GLOBAL_UNCERTAINTY_ASSIGNED_CONTEXT ( ( #3517 ) ) GLOBAL_UNIT_ASSIGNED_CONTEXT ( ( #5850, #3060, #102 ) ) REPRESENTATION_CONTEXT ( 'NONE', 'WORKASPACE' ) );
#4478 = CYLINDRICAL_SURFACE ( 'NONE', #5391, 1.250000000000000000 ) ;
#4479 = FILL_AREA_STYLE_COLOUR ( '', #4973 ) ;
#4480 = VERTEX_POINT ( 'NONE', #6054 ) ;
#4481 = SURFACE_STYLE_USAGE ( .BOTH. , #4388 ) ;
#4482 = LINE ( 'NONE', #2934, #1953 ) ;
#4483 = DIRECTION ( 'NONE',  ( 3.581364595565019800E-017, 1.000000000000000000, -0.0000000000000000000 ) ) ;
#4484 = PRODUCT_DEFINITION_FORMATION_WITH_SPECIFIED_SOURCE ( 'ANY', '', #250, .NOT_KNOWN. ) ;
#4485 = FACE_OUTER_BOUND ( 'NONE', #4433, .T. ) ;
#4486 = FILL_AREA_STYLE ('',( #3861 ) ) ;
#4487 = COLOUR_RGB ( '',0.0000000000000000000, 0.3686274509803921800, 0.7215686274509803800 ) ;
#4488 = VERTEX_POINT ( 'NONE', #5592 ) ;
#4489 = ORIENTED_EDGE ( 'NONE', *, *, #177, .F. ) ;
#4490 = AXIS2_PLACEMENT_3D ( 'NONE', #5376, #2567, #5838 ) ;
#4491 =( GEOMETRIC_REPRESENTATION_CONTEXT ( 3 ) GLOBAL_UNCERTAINTY_ASSIGNED_CONTEXT ( ( #3750 ) ) GLOBAL_UNIT_ASSIGNED_CONTEXT ( ( #3419, #3441, #3450 ) ) REPRESENTATION_CONTEXT ( 'NONE', 'WORKASPACE' ) );
#4492 = FILL_AREA_STYLE ('',( #1636 ) ) ;
#4493 = DIRECTION ( 'NONE',  ( 2.323287528027560000E-019, 0.0000000000000000000, -1.000000000000000000 ) ) ;
#4494 = COLOUR_RGB ( '',0.8274509803921568100, 0.8313725490196077800, 0.8352941176470588500 ) ;
#4495 = FILL_AREA_STYLE ('',( #4361 ) ) ;
#4496 = DIRECTION ( 'NONE',  ( 0.0000000000000000000, -0.2079116908133939200, -0.9781476007347335000 ) ) ;
#4497 = DIRECTION ( 'NONE',  ( -0.0000000000000000000, -1.000000000000000000, -0.0000000000000000000 ) ) ;
#4498 = DIRECTION ( 'NONE',  ( -2.323287528027560000E-019, -0.0000000000000000000, 1.000000000000000000 ) ) ;
#4499 = DIRECTION ( 'NONE',  ( -5.286776307738839800E-017, -0.0000000000000000000, -1.000000000000000000 ) ) ;
#4500 = AXIS2_PLACEMENT_3D ( 'NONE', #433, #3845, #926 ) ;
#4501 = DIRECTION ( 'NONE',  ( 1.000000000000000000, 0.0000000000000000000, 0.0000000000000000000 ) ) ;
#4502 = EDGE_CURVE ( 'NONE', #4480, #1429, #573, .T. ) ;
#4503 = EDGE_LOOP ( 'NONE', ( #4683, #12, #1622, #991, #1522, #3694, #857, #4035, #5253, #4622, #30, #669 ) ) ;
#4504 = ORIENTED_EDGE ( 'NONE', *, *, #1012, .T. ) ;
#4505 = SURFACE_SIDE_STYLE ('',( #577 ) ) ;
#4506 = UNCERTAINTY_MEASURE_WITH_UNIT (LENGTH_MEASURE( 1.000000000000000100E-005 ), #6063, 'distance_accuracy_value', 'NONE');
#4507 = VECTOR ( 'NONE', #643, 1000.000000000000000 ) ;
#4508 = EDGE_CURVE ( 'NONE', #4166, #501, #2065, .T. ) ;
#4509 = CARTESIAN_POINT ( 'NONE',  ( 0.7999999999999960500, 9.797174393178776800E-017, -1.962328492596343800E-016 ) ) ;
#4510 = ORIENTED_EDGE ( 'NONE', *, *, #6140, .T. ) ;
#4511 = MECHANICAL_DESIGN_GEOMETRIC_PRESENTATION_REPRESENTATION (  '', ( #3877 ), #4828 ) ;
#4512 = PRODUCT_DEFINITION_SHAPE ( 'NONE', 'NONE',  #1599 ) ;
#4513 = FACE_OUTER_BOUND ( 'NONE', #2523, .T. ) ;
#4514 = FILL_AREA_STYLE_COLOUR ( '', #3881 ) ;
#4515 = CYLINDRICAL_SURFACE ( 'NONE', #254, 0.5500000000000001600 ) ;
#4516 = ORIENTED_EDGE ( 'NONE', *, *, #1288, .F. ) ;
#4517 = SURFACE_SIDE_STYLE ('',( #4296 ) ) ;
#4518 = VERTEX_POINT ( 'NONE', #862 ) ;
#4519 = SURFACE_STYLE_USAGE ( .BOTH. , #1140 ) ;
#4520 = SURFACE_SIDE_STYLE ('',( #3815 ) ) ;
#4521 = AXIS2_PLACEMENT_3D ( 'NONE', #2044, #2352, #1117 ) ;
#4522 =( GEOMETRIC_REPRESENTATION_CONTEXT ( 3 ) GLOBAL_UNCERTAINTY_ASSIGNED_CONTEXT ( ( #4349 ) ) GLOBAL_UNIT_ASSIGNED_CONTEXT ( ( #3597, #665, #4061 ) ) REPRESENTATION_CONTEXT ( 'NONE', 'WORKASPACE' ) );
#4523 =( NAMED_UNIT ( * ) SI_UNIT ( $, .STERADIAN. ) SOLID_ANGLE_UNIT ( ) );
#4524 = CARTESIAN_POINT ( 'NONE',  ( 2.749999999999969800, 2.000000000000000000, -1.000000000000000000 ) ) ;
#4525 = VERTEX_POINT ( 'NONE', #3771 ) ;
#4526 = CARTESIAN_POINT ( 'NONE',  ( 6.499999999999730000, 3.700000000000000200, 0.8000000000000000400 ) ) ;
#4527 = ORIENTED_EDGE ( 'NONE', *, *, #6112, .F. ) ;
#4528 = CARTESIAN_POINT ( 'NONE',  ( 2.249999999999969800, -2.462330315003930200, 10.00000000000000000 ) ) ;
#4529 = CIRCLE ( 'NONE', #2610, 0.9000000000014551900 ) ;
#4530 = AXIS2_PLACEMENT_3D ( 'NONE', #1832, #5431, #2672 ) ;
#4531 = VERTEX_POINT ( 'NONE', #5172 ) ;
#4532 = CARTESIAN_POINT ( 'NONE',  ( 5.499999999999969800, 3.000000000000000000, 9.142222010458430900 ) ) ;
#4533 = SURFACE_STYLE_FILL_AREA ( #1016 ) ;
#4534 = VERTEX_POINT ( 'NONE', #335 ) ;
#4535 = ADVANCED_FACE ( 'NONE', ( #270 ), #362, .F. ) ;
#4536 = CARTESIAN_POINT ( 'NONE',  ( -0.9002903084739822800, 2.030164505304101800, 5.799999999999999800 ) ) ;
#4537 = ORIENTED_EDGE ( 'NONE', *, *, #3329, .T. ) ;
#4538 = DIRECTION ( 'NONE',  ( -0.0000000000000000000, 1.000000000000000000, 0.0000000000000000000 ) ) ;
#4539 = SURFACE_STYLE_USAGE ( .BOTH. , #4517 ) ;
#4540 = CARTESIAN_POINT ( 'NONE',  ( 1.236931687685759700, 0.3999999999985610600, 5.799999999999999800 ) ) ;
#4541 = SURFACE_STYLE_FILL_AREA ( #427 ) ;
#4542 = EDGE_CURVE ( 'NONE', #5508, #1666, #174, .T. ) ;
#4543 = VECTOR ( 'NONE', #2363, 1000.000000000000000 ) ;
#4544 = ORIENTED_EDGE ( 'NONE', *, *, #2476, .T. ) ;
#4545 = ADVANCED_BREP_SHAPE_REPRESENTATION ( '', ( #416, #3766 ), #701 ) ;
#4546 = SURFACE_SIDE_STYLE ('',( #1807 ) ) ;
#4547 = SURFACE_SIDE_STYLE ('',( #5441 ) ) ;
#4548 = DIRECTION ( 'NONE',  ( -1.000000000000000000, 0.0000000000000000000, -5.665538897647979600E-016 ) ) ;
#4549 = DIRECTION ( 'NONE',  ( 0.0000000000000000000, 0.0000000000000000000, -1.000000000000000000 ) ) ;
#4550 = COLOUR_RGB ( '',0.0000000000000000000, 0.3686274509803921800, 0.7215686274509803800 ) ;
#4551 = VECTOR ( 'NONE', #740, 1000.000000000000000 ) ;
#4552 = CARTESIAN_POINT ( 'NONE',  ( 1.246555811733209200, -2.810997007344146100, 5.299999999999999800 ) ) ;
#4553 = STYLED_ITEM ( 'NONE', ( #98 ), #4693 ) ;
#4554 = CARTESIAN_POINT ( 'NONE',  ( -3.262508931451803200E-014, 0.0000000000000000000, 6.092571664871940100 ) ) ;
#4555 = CARTESIAN_POINT ( 'NONE',  ( -1.000000000000000000, 0.0000000000000000000, 0.0000000000000000000 ) ) ;
#4556 = LINE ( 'NONE', #3463, #680 ) ;
#4557 = CARTESIAN_POINT ( 'NONE',  ( 1.000000000000000400, 2.000000000000000900, 0.2000000000000000400 ) ) ;
#4558 = LINE ( 'NONE', #1965, #685 ) ;
#4559 =( NAMED_UNIT ( * ) SI_UNIT ( $, .STERADIAN. ) SOLID_ANGLE_UNIT ( ) );
#4560 = LINE ( 'NONE', #618, #2022 ) ;
#4561 = EDGE_CURVE ( 'NONE', #3737, #5331, #1126, .T. ) ;
#4562 = AXIS2_PLACEMENT_3D ( 'NONE', #2319, #5586, #2785 ) ;
#4563 = CARTESIAN_POINT ( 'NONE',  ( 0.7986436233522674600, -0.6149240804947292400, 3.264532374575679800 ) ) ;
#4564 = DIRECTION ( 'NONE',  ( -0.0000000000000000000, 0.0000000000000000000, 1.000000000000000000 ) ) ;
#4565 = ORIENTED_EDGE ( 'NONE', *, *, #277, .F. ) ;
#4566 = ORIENTED_EDGE ( 'NONE', *, *, #3096, .F. ) ;
#4567 = ORIENTED_EDGE ( 'NONE', *, *, #3674, .F. ) ;
#4568 = CARTESIAN_POINT ( 'NONE',  ( 1.925929944387235900E-030, 0.0000000000000000000, 4.700000000000001100 ) ) ;
#4569 = APPLICATION_CONTEXT ( 'automotive_design' ) ;
#4570 = ADVANCED_FACE ( 'NONE', ( #6026 ), #1408, .T. ) ;
#4571 =( GEOMETRIC_REPRESENTATION_CONTEXT ( 3 ) GLOBAL_UNCERTAINTY_ASSIGNED_CONTEXT ( ( #3744 ) ) GLOBAL_UNIT_ASSIGNED_CONTEXT ( ( #1072, #4450, #388 ) ) REPRESENTATION_CONTEXT ( 'NONE', 'WORKASPACE' ) );
#4572 = COLOUR_RGB ( '',0.0000000000000000000, 0.3686274509803921800, 0.7215686274509803800 ) ;
#4573 = CARTESIAN_POINT ( 'NONE',  ( -0.9002903084740150300, -2.030164505304085800, 5.799999999999997200 ) ) ;
#4574 = PRESENTATION_LAYER_ASSIGNMENT (  '', '', ( #4257 ) ) ;
#4575 = CONTEXT_DEPENDENT_SHAPE_REPRESENTATION ( #226, #2923 ) ;
#4576 = MECHANICAL_DESIGN_GEOMETRIC_PRESENTATION_REPRESENTATION (  '', ( #3617 ), #4887 ) ;
#4577 = FILL_AREA_STYLE_COLOUR ( '', #5757 ) ;
#4578 = EDGE_CURVE ( 'NONE', #2940, #5865, #4243, .T. ) ;
#4579 = UNCERTAINTY_MEASURE_WITH_UNIT (LENGTH_MEASURE( 1.000000000000000100E-005 ), #475, 'distance_accuracy_value', 'NONE');
#4580 =( LENGTH_UNIT ( ) NAMED_UNIT ( * ) SI_UNIT ( .MILLI., .METRE. ) );
#4581 = FILL_AREA_STYLE ('',( #5471 ) ) ;
#4582 = PLANE ( 'NONE',  #3004 ) ;
#4583 = ORIENTED_EDGE ( 'NONE', *, *, #1023, .F. ) ;
#4584 =( NAMED_UNIT ( * ) SI_UNIT ( $, .STERADIAN. ) SOLID_ANGLE_UNIT ( ) );
#4585 = APPLICATION_PROTOCOL_DEFINITION ( 'draft international standard', 'automotive_design', 1998, #681 ) ;
#4586 = PRESENTATION_LAYER_ASSIGNMENT (  '', '', ( #3945 ) ) ;
#4587 = UNCERTAINTY_MEASURE_WITH_UNIT (LENGTH_MEASURE( 1.000000000000000100E-005 ), #282, 'distance_accuracy_value', 'NONE');
#4588 = COLOUR_RGB ( '',0.7921568627450980000, 0.8000000000000000400, 0.8078431372549019800 ) ;
#4589 = EDGE_CURVE ( 'NONE', #4603, #2498, #1991, .T. ) ;
#4590 = VECTOR ( 'NONE', #3236, 1000.000000000000000 ) ;
#4591 = EDGE_LOOP ( 'NONE', ( #5560, #3800, #1989, #4670 ) ) ;
#4592 =( NAMED_UNIT ( * ) SI_UNIT ( $, .STERADIAN. ) SOLID_ANGLE_UNIT ( ) );
#4593 = EDGE_CURVE ( 'NONE', #4646, #4421, #4374, .T. ) ;
#4594 = VERTEX_POINT ( 'NONE', #446 ) ;
#4595 = DIRECTION ( 'NONE',  ( 1.000000000000000000, 0.0000000000000000000, 0.0000000000000000000 ) ) ;
#4596 = MECHANICAL_DESIGN_GEOMETRIC_PRESENTATION_REPRESENTATION (  '', ( #3954 ), #4909 ) ;
#4597 = VERTEX_POINT ( 'NONE', #938 ) ;
#4598 = ADVANCED_FACE ( 'NONE', ( #5442 ), #2443, .T. ) ;
#4599 =( NAMED_UNIT ( * ) SI_UNIT ( $, .STERADIAN. ) SOLID_ANGLE_UNIT ( ) );
#4600 = FACE_OUTER_BOUND ( 'NONE', #3704, .T. ) ;
#4601 =( NAMED_UNIT ( * ) PLANE_ANGLE_UNIT ( ) SI_UNIT ( $, .RADIAN. ) );
#4602 = CARTESIAN_POINT ( 'NONE',  ( -0.5500000000000018200, -3.100000000000000500, -1.456080807266360200E-018 ) ) ;
#4603 = VERTEX_POINT ( 'NONE', #962 ) ;
#4604 = CARTESIAN_POINT ( 'NONE',  ( 0.0000000000000000000, 0.0000000000000000000, 0.0000000000000000000 ) ) ;
#4605 =( GEOMETRIC_REPRESENTATION_CONTEXT ( 3 ) GLOBAL_UNCERTAINTY_ASSIGNED_CONTEXT ( ( #3547 ) ) GLOBAL_UNIT_ASSIGNED_CONTEXT ( ( #5028, #4297, #2887 ) ) REPRESENTATION_CONTEXT ( 'NONE', 'WORKASPACE' ) );
#4606 = FACE_OUTER_BOUND ( 'NONE', #1927, .T. ) ;
#4607 = AXIS2_PLACEMENT_3D ( 'NONE', #2378, #5641, #2843 ) ;
#4608 = LINE ( 'NONE', #5144, #1925 ) ;
#4609 = FILL_AREA_STYLE ('',( #225 ) ) ;
#4610 = VERTEX_POINT ( 'NONE', #5280 ) ;
#4611 = ORIENTED_EDGE ( 'NONE', *, *, #4105, .F. ) ;
#4612 = FACE_BOUND ( 'NONE', #5363, .T. ) ;
#4613 = CARTESIAN_POINT ( 'NONE',  ( -0.9000000000014551900, 1.102182119234400000E-016, 0.9999999999763531400 ) ) ;
#4614 = EDGE_LOOP ( 'NONE', ( #5730, #5445, #2949, #1495 ) ) ;
#4615 = AXIS2_PLACEMENT_3D ( 'NONE', #2034, #2040, #2050 ) ;
#4616 = LINE ( 'NONE', #3834, #5054 ) ;
#4617 = DIRECTION ( 'NONE',  ( 0.0000000000000000000, -0.0000000000000000000, -1.000000000000000000 ) ) ;
#4618 = LINE ( 'NONE', #1970, #908 ) ;
#4619 = ORIENTED_EDGE ( 'NONE', *, *, #5652, .F. ) ;
#4621 = SURFACE_STYLE_FILL_AREA ( #4581 ) ;
#4620 = COLOUR_RGB ( '',0.8274509803921568100, 0.8313725490196077800, 0.8352941176470588500 ) ;
#4622 = ORIENTED_EDGE ( 'NONE', *, *, #4100, .T. ) ;
#4623 =( NAMED_UNIT ( * ) PLANE_ANGLE_UNIT ( ) SI_UNIT ( $, .RADIAN. ) );
#4624 = ORIENTED_EDGE ( 'NONE', *, *, #1756, .F. ) ;
#4625 =( NAMED_UNIT ( * ) SI_UNIT ( $, .STERADIAN. ) SOLID_ANGLE_UNIT ( ) );
#4626 = UNCERTAINTY_MEASURE_WITH_UNIT (LENGTH_MEASURE( 1.000000000000000100E-005 ), #3967, 'distance_accuracy_value', 'NONE');
#4627 = DIRECTION ( 'NONE',  ( 0.0000000000000000000, -1.000000000000000000, -0.0000000000000000000 ) ) ;
#4628 = AXIS2_PLACEMENT_3D ( 'NONE', #4099, #4117, #747 ) ;
#4629 = DIRECTION ( 'NONE',  ( 0.0000000000000000000, 0.0000000000000000000, 1.000000000000000000 ) ) ;
#4630 = EDGE_CURVE ( 'NONE', #461, #3601, #5040, .T. ) ;
#4631 = DIRECTION ( 'NONE',  ( -0.0000000000000000000, 0.0000000000000000000, 1.000000000000000000 ) ) ;
#4632 = VERTEX_POINT ( 'NONE', #3345 ) ;
#4633 = CARTESIAN_POINT ( 'NONE',  ( 2.949999999999730200, 0.0000000000000000000, 5.799999999999999800 ) ) ;
#4634 = ADVANCED_FACE ( 'NONE', ( #3780 ), #731, .F. ) ;
#4635 = EDGE_CURVE ( 'NONE', #2498, #4534, #2058, .T. ) ;
#4636 = CIRCLE ( 'NONE', #5853, 1.250000000000000000 ) ;
#4637 = VERTEX_POINT ( 'NONE', #498 ) ;
#4638 = PLANE ( 'NONE',  #418 ) ;
#4639 = MECHANICAL_DESIGN_GEOMETRIC_PRESENTATION_REPRESENTATION (  '', ( #3985 ), #4938 ) ;
#4640 = LINE ( 'NONE', #2442, #3379 ) ;
#4641 = CARTESIAN_POINT ( 'NONE',  ( -1.000000000000000400, -6.495396339887260100, -0.6659770972181831000 ) ) ;
#4642 = CARTESIAN_POINT ( 'NONE',  ( -1.949999999999999500, 1.451517244269859400, 0.2000000000000000400 ) ) ;
#4643 = VECTOR ( 'NONE', #5554, 1000.000000000000000 ) ;
#4644 = FILL_AREA_STYLE_COLOUR ( '', #915 ) ;
#4645 = PRESENTATION_LAYER_ASSIGNMENT (  '', '', ( #4320 ) ) ;
#4646 = VERTEX_POINT ( 'NONE', #3909 ) ;
#4647 = VERTEX_POINT ( 'NONE', #2015 ) ;
#4648 = PRESENTATION_STYLE_ASSIGNMENT (( #2766 ) ) ;
#4649 = SURFACE_STYLE_USAGE ( .BOTH. , #4332 ) ;
#4650 =( NAMED_UNIT ( * ) PLANE_ANGLE_UNIT ( ) SI_UNIT ( $, .RADIAN. ) );
#4651 = CARTESIAN_POINT ( 'NONE',  ( -0.5500000000000000400, 6.810740282896520200E-017, 0.0000000000000000000 ) ) ;
#4652 = STYLED_ITEM ( 'NONE', ( #5382 ), #1432 ) ;
#4653 =( NAMED_UNIT ( * ) SI_UNIT ( $, .STERADIAN. ) SOLID_ANGLE_UNIT ( ) );
#4654 = FACE_OUTER_BOUND ( 'NONE', #2560, .T. ) ;
#4655 = DIRECTION ( 'NONE',  ( 0.0000000000000000000, -1.000000000000000000, 0.0000000000000000000 ) ) ;
#4656 = ORIENTED_EDGE ( 'NONE', *, *, #3668, .T. ) ;
#4657 =( BOUNDED_CURVE ( )  B_SPLINE_CURVE ( 3, ( #3335, #1087, #4944, #2775 ),
 .UNSPECIFIED., .F., .F. ) 
 B_SPLINE_CURVE_WITH_KNOTS ( ( 4, 4 ),
 ( 1.570796326794896600, 4.712388980384689700 ),
 .UNSPECIFIED. ) 
 CURVE ( )  GEOMETRIC_REPRESENTATION_ITEM ( )  RATIONAL_B_SPLINE_CURVE ( ( 1.000000000000000000, 0.3333333333333333700, 0.3333333333333333700, 1.000000000000000000 ) ) 
 REPRESENTATION_ITEM ( '' )  );
#4658 = PRESENTATION_LAYER_ASSIGNMENT (  '', '', ( #4013 ) ) ;
#4659 = VECTOR ( 'NONE', #5404, 1000.000000000000000 ) ;
#4660 = SHAPE_REPRESENTATION_RELATIONSHIP ( 'NONE' , 'NONE' ,  #5225, #4545 ) ;
#4661 = ADVANCED_FACE ( 'NONE', ( #4600 ), #3993, .T. ) ;
#4662 =( NAMED_UNIT ( * ) SI_UNIT ( $, .STERADIAN. ) SOLID_ANGLE_UNIT ( ) );
#4663 = CARTESIAN_POINT ( 'NONE',  ( 4.999999999999969800, 0.0000000000000000000, 6.000000000000000000 ) ) ;
#4664 = EDGE_CURVE ( 'NONE', #1123, #5204, #2888, .T. ) ;
#4665 = ORIENTED_EDGE ( 'NONE', *, *, #4502, .T. ) ;
#4666 = DIRECTION ( 'NONE',  ( 1.000000000000000000, 0.0000000000000000000, -4.336808689942017700E-016 ) ) ;
#4667 = CARTESIAN_POINT ( 'NONE',  ( -3.100000000000000500, 3.899999999999999900, 1.083838152283676200E-015 ) ) ;
#4668 = SURFACE_STYLE_USAGE ( .BOTH. , #1314 ) ;
#4669 = DIRECTION ( 'NONE',  ( 1.000000000000000000, 0.0000000000000000000, 0.0000000000000000000 ) ) ;
#4670 = ORIENTED_EDGE ( 'NONE', *, *, #860, .T. ) ;
#4671 = CARTESIAN_POINT ( 'NONE',  ( 4.450000000000000200, 3.386574419551739700E-017, 0.8000000000000000400 ) ) ;
#4672 = EDGE_LOOP ( 'NONE', ( #5600, #5107, #4790, #6132, #1037, #327, #4250 ) ) ;
#4673 = CARTESIAN_POINT ( 'NONE',  ( -2.500000000000000400, 3.060769515458670000, 1.014845444302350700E-015 ) ) ;
#4674 = PRESENTATION_STYLE_ASSIGNMENT (( #3519 ) ) ;
#4675 = CARTESIAN_POINT ( 'NONE',  ( 0.0000000000000000000, -2.000000000000000000, 0.0000000000000000000 ) ) ;
#4676 =( LENGTH_UNIT ( ) NAMED_UNIT ( * ) SI_UNIT ( .MILLI., .METRE. ) );
#4677 = ORIENTED_EDGE ( 'NONE', *, *, #5959, .F. ) ;
#4678 =( NAMED_UNIT ( * ) PLANE_ANGLE_UNIT ( ) SI_UNIT ( $, .RADIAN. ) );
#4679 = DIRECTION ( 'NONE',  ( -1.000000000000000000, 0.0000000000000000000, 0.0000000000000000000 ) ) ;
#4680 = STYLED_ITEM ( 'NONE', ( #5206 ), #5668 ) ;
#4681 = ORIENTED_EDGE ( 'NONE', *, *, #1789, .F. ) ;
#4682 =( NAMED_UNIT ( * ) PLANE_ANGLE_UNIT ( ) SI_UNIT ( $, .RADIAN. ) );
#4683 = ORIENTED_EDGE ( 'NONE', *, *, #4181, .T. ) ;
#4684 = CARTESIAN_POINT ( 'NONE',  ( 0.7657196161874729700, -1.857142857144505000, 5.799999999999999800 ) ) ;
#4685 = FACE_OUTER_BOUND ( 'NONE', #6186, .T. ) ;
#4686 = EDGE_LOOP ( 'NONE', ( #3153, #2391, #3480, #5540 ) ) ;
#4687 = COLOUR_RGB ( '',0.0000000000000000000, 0.3686274509803921800, 0.7215686274509803800 ) ;
#4688 = CARTESIAN_POINT ( 'NONE',  ( 7.500000000000000000, 0.0000000000000000000, 0.0000000000000000000 ) ) ;
#4689 = MECHANICAL_DESIGN_GEOMETRIC_PRESENTATION_REPRESENTATION (  '', ( #4041 ), #4988 ) ;
#4691 = SURFACE_STYLE_FILL_AREA ( #6024 ) ;
#4690 = CARTESIAN_POINT ( 'NONE',  ( -3.262508931451803200E-014, 0.0000000000000000000, 6.092571664871940100 ) ) ;
#4692 = DIRECTION ( 'NONE',  ( 0.0000000000000000000, 1.000000000000000000, -6.643039201861150300E-030 ) ) ;
#4693 = ADVANCED_FACE ( 'NONE', ( #2738, #5244 ), #1005, .F. ) ;
#4694 = LINE ( 'NONE', #3051, #3434 ) ;
#4695 = LINE ( 'NONE', #4741, #4543 ) ;
#4696 = ORIENTED_EDGE ( 'NONE', *, *, #2585, .T. ) ;
#4697 =( NAMED_UNIT ( * ) PLANE_ANGLE_UNIT ( ) SI_UNIT ( $, .RADIAN. ) );
#4698 = PRESENTATION_LAYER_ASSIGNMENT (  '', '', ( #4369 ) ) ;
#4699 = AXIS2_PLACEMENT_3D ( 'NONE', #5156, #4979, #5294 ) ;
#4700 =( NAMED_UNIT ( * ) PLANE_ANGLE_UNIT ( ) SI_UNIT ( $, .RADIAN. ) );
#4701 = CARTESIAN_POINT ( 'NONE',  ( -9.295072589893218000E-019, 0.0000000000000000000, 4.799999999999999800 ) ) ;
#4702 = EDGE_CURVE ( 'NONE', #4129, #3908, #959, .T. ) ;
#4703 = LINE ( 'NONE', #1209, #994 ) ;
#4704 = UNCERTAINTY_MEASURE_WITH_UNIT (LENGTH_MEASURE( 1.000000000000000100E-005 ), #3194, 'distance_accuracy_value', 'NONE');
#4705 = DIRECTION ( 'NONE',  ( 0.0000000000000000000, 0.0000000000000000000, -1.000000000000000000 ) ) ;
#4706 = SURFACE_STYLE_USAGE ( .BOTH. , #1352 ) ;
#4707 = PRESENTATION_STYLE_ASSIGNMENT (( #2259 ) ) ;
#4708 = COLOUR_RGB ( '',0.0000000000000000000, 0.3686274509803921800, 0.7215686274509803800 ) ;
#4709 = DIRECTION ( 'NONE',  ( 0.0000000000000000000, 0.0000000000000000000, 1.000000000000000000 ) ) ;
#4710 = AXIS2_PLACEMENT_3D ( 'NONE', #1561, #1060, #4440 ) ;
#4711 = EDGE_CURVE ( 'NONE', #5289, #5834, #5873, .T. ) ;
#4712 = LINE ( 'NONE', #1472, #141 ) ;
#4713 =( NAMED_UNIT ( * ) SI_UNIT ( $, .STERADIAN. ) SOLID_ANGLE_UNIT ( ) );
#4714 = DIRECTION ( 'NONE',  ( -1.000000000000000000, 0.0000000000000000000, 0.0000000000000000000 ) ) ;
#4715 = LINE ( 'NONE', #360, #1002 ) ;
#4716 = DIRECTION ( 'NONE',  ( -1.000000000000000000, 0.0000000000000000000, 0.0000000000000000000 ) ) ;
#4717 = EDGE_CURVE ( 'NONE', #639, #2454, #2297, .T. ) ;
#4718 =( NAMED_UNIT ( * ) SI_UNIT ( $, .STERADIAN. ) SOLID_ANGLE_UNIT ( ) );
#4719 = VERTEX_POINT ( 'NONE', #3968 ) ;
#4720 =( NAMED_UNIT ( * ) SI_UNIT ( $, .STERADIAN. ) SOLID_ANGLE_UNIT ( ) );
#4721 = CARTESIAN_POINT ( 'NONE',  ( -0.8585786437626864400, -2.102911175800499600E-016, -4.037840098133511600E-016 ) ) ;
#4722 = FACE_OUTER_BOUND ( 'NONE', #4353, .T. ) ;
#4723 = ADVANCED_FACE ( 'NONE', ( #5732 ), #4065, .F. ) ;
#4724 = FILL_AREA_STYLE ('',( #1375 ) ) ;
#4725 = AXIS2_PLACEMENT_3D ( 'NONE', #3141, #3435, #3632 ) ;
#4726 = MECHANICAL_DESIGN_GEOMETRIC_PRESENTATION_REPRESENTATION (  '', ( #4077 ), #5031 ) ;
#4727 = CARTESIAN_POINT ( 'NONE',  ( -1.754992877478750200, 0.3999999999985610100, 4.799999999999999800 ) ) ;
#4728 = SHAPE_DEFINITION_REPRESENTATION ( #5283, #3183 ) ;
#4729 = CARTESIAN_POINT ( 'NONE',  ( 1.000000000000000000, 0.6912459284779619600, 1.549472632322330000 ) ) ;
#4730 = CARTESIAN_POINT ( 'NONE',  ( 7.500000000000000000, 3.060769515458740700, 1.734723475976807100E-015 ) ) ;
#4731 = STYLED_ITEM ( 'NONE', ( #2955 ), #1786 ) ;
#4732 = FILL_AREA_STYLE ('',( #1609 ) ) ;
#4733 = EDGE_LOOP ( 'NONE', ( #2326, #3403, #1464, #2983, #5430, #2739, #4927, #462 ) ) ;
#4734 = CARTESIAN_POINT ( 'NONE',  ( 0.0000000000000000000, 0.0000000000000000000, 0.0000000000000000000 ) ) ;
#4735 = CARTESIAN_POINT ( 'NONE',  ( -2.500000000000001800, -3.100000000000001000, 6.999999999999995600 ) ) ;
#4736 = LINE ( 'NONE', #37, #5935 ) ;
#4737 = COLOUR_RGB ( '',0.7921568627450980000, 0.8000000000000000400, 0.8078431372549019800 ) ;
#4738 = VERTEX_POINT ( 'NONE', #2100 ) ;
#4739 = AXIS2_PLACEMENT_3D ( 'NONE', #946, #4336, #1475 ) ;
#4740 = ORIENTED_EDGE ( 'NONE', *, *, #4745, .F. ) ;
#4741 = CARTESIAN_POINT ( 'NONE',  ( 2.049999999992630200, 0.3999999999985610100, 4.799999999999999800 ) ) ;
#4742 = AXIS2_PLACEMENT_3D ( 'NONE', #2621, #5890, #3100 ) ;
#4743 = CARTESIAN_POINT ( 'NONE',  ( 0.0000000000000000000, 2.036063597560351400, -2.348150417296988900 ) ) ;
#4744 = COLOUR_RGB ( '',0.8274509803921568100, 0.8313725490196077800, 0.8352941176470588500 ) ;
#4745 = EDGE_CURVE ( 'NONE', #4306, #4488, #338, .T. ) ;
#4746 = EDGE_LOOP ( 'NONE', ( #4758, #1652, #663, #5102 ) ) ;
#4747 = ORIENTED_EDGE ( 'NONE', *, *, #974, .F. ) ;
#4748 = FACE_OUTER_BOUND ( 'NONE', #1440, .T. ) ;
#4749 = EDGE_CURVE ( 'NONE', #4074, #2976, #5301, .T. ) ;
#4750 = CARTESIAN_POINT ( 'NONE',  ( 1.754992877478751500, -0.3999999999985611200, 5.434585182203790900 ) ) ;
#4751 = LINE ( 'NONE', #1563, #3492 ) ;
#4752 = PRESENTATION_LAYER_ASSIGNMENT (  '', '', ( #4107 ) ) ;
#4753 = CARTESIAN_POINT ( 'NONE',  ( 4.450000000000000200, 6.773148839103479500E-017, 0.0000000000000000000 ) ) ;
#4754 = ADVANCED_FACE ( 'NONE', ( #2953 ), #103, .F. ) ;
#4755 = ORIENTED_EDGE ( 'NONE', *, *, #2160, .F. ) ;
#4756 = LINE ( 'NONE', #5816, #899 ) ;
#4757 = CARTESIAN_POINT ( 'NONE',  ( 7.049999999999722700, 2.700000000000000200, 0.8000000000000000400 ) ) ;
#4758 = ORIENTED_EDGE ( 'NONE', *, *, #5794, .F. ) ;
#4759 = PRESENTATION_STYLE_ASSIGNMENT (( #960 ) ) ;
#4760 = CARTESIAN_POINT ( 'NONE',  ( 0.9999999999999995600, 0.1372160348746789300, 3.100000000000001000 ) ) ;
#4761 = DIRECTION ( 'NONE',  ( -1.000000000000000000, 0.0000000000000000000, 0.0000000000000000000 ) ) ;
#4762 = ORIENTED_EDGE ( 'NONE', *, *, #2409, .F. ) ;
#4763 = COLOUR_RGB ( '',0.7921568627450980000, 0.8000000000000000400, 0.8078431372549019800 ) ;
#4764 = MECHANICAL_DESIGN_GEOMETRIC_PRESENTATION_REPRESENTATION (  '', ( #4114 ), #5074 ) ;
#4765 =( NAMED_UNIT ( * ) SI_UNIT ( $, .STERADIAN. ) SOLID_ANGLE_UNIT ( ) );
#4766 = ORIENTED_EDGE ( 'NONE', *, *, #730, .T. ) ;
#4767 = AXIS2_PLACEMENT_3D ( 'NONE', #2627, #1194, #2126 ) ;
#4768 = CIRCLE ( 'NONE', #3727, 1.450000000000000000 ) ;
#4769 = LINE ( 'NONE', #1281, #2252 ) ;
#4770 = UNCERTAINTY_MEASURE_WITH_UNIT (LENGTH_MEASURE( 1.000000000000000100E-005 ), #2657, 'distance_accuracy_value', 'NONE');
#4771 = SURFACE_SIDE_STYLE ('',( #428 ) ) ;
#4772 = SURFACE_STYLE_FILL_AREA ( #2500 ) ;
#4773 = SURFACE_SIDE_STYLE ('',( #978 ) ) ;
#4774 = ORIENTED_EDGE ( 'NONE', *, *, #2214, .T. ) ;
#4775 = UNCERTAINTY_MEASURE_WITH_UNIT (LENGTH_MEASURE( 1.000000000000000100E-005 ), #4038, 'distance_accuracy_value', 'NONE');
#4776 = CARTESIAN_POINT ( 'NONE',  ( 1.000000000000000000, 1.555397397064010300, -2.590967228289169800 ) ) ;
#4777 = DIRECTION ( 'NONE',  ( 0.0000000000000000000, 1.000000000000000000, -0.0000000000000000000 ) ) ;
#4778 = EDGE_CURVE ( 'NONE', #6027, #243, #2375, .T. ) ;
#4779 = VECTOR ( 'NONE', #5695, 1000.000000000000000 ) ;
#4780 = ADVANCED_FACE ( 'NONE', ( #3483, #5942 ), #5425, .T. ) ;
#4781 = PLANE ( 'NONE',  #2781 ) ;
#4782 = AXIS2_PLACEMENT_3D ( 'NONE', #3267, #317, #3730 ) ;
#4783 = EDGE_CURVE ( 'NONE', #5744, #359, #1762, .T. ) ;
#4784 = SURFACE_STYLE_USAGE ( .BOTH. , #4773 ) ;
#4785 = CARTESIAN_POINT ( 'NONE',  ( 0.5000000000000000000, 6.123233995736767300E-017, -4.700000000000000200 ) ) ;
#4786 = COLOUR_RGB ( '',0.8274509803921568100, 0.8313725490196077800, 0.8352941176470588500 ) ;
#4787 = CARTESIAN_POINT ( 'NONE',  ( 0.7999999999999962700, -1.599999999999991900, -3.930232875259953600E-016 ) ) ;
#4788 = ORIENTED_EDGE ( 'NONE', *, *, #1625, .T. ) ;
#4789 = ORIENTED_EDGE ( 'NONE', *, *, #2004, .F. ) ;
#4790 = ORIENTED_EDGE ( 'NONE', *, *, #1907, .T. ) ;
#4791 =( NAMED_UNIT ( * ) PLANE_ANGLE_UNIT ( ) SI_UNIT ( $, .RADIAN. ) );
#4792 = SURFACE_STYLE_USAGE ( .BOTH. , #1447 ) ;
#4793 = COLOUR_RGB ( '',0.7921568627450980000, 0.8000000000000000400, 0.8078431372549019800 ) ;
#4794 = PRESENTATION_LAYER_ASSIGNMENT (  '', '', ( #5111 ) ) ;
#4795 = DIRECTION ( 'NONE',  ( -1.224646799147353200E-016, 1.000000000000000000, 0.0000000000000000000 ) ) ;
#4796 = CARTESIAN_POINT ( 'NONE',  ( -1.500000000000270000, 3.700000000000000200, 0.8000000000000000400 ) ) ;
#4797 = PLANE ( 'NONE',  #3807 ) ;
#4798 = AXIS2_PLACEMENT_3D ( 'NONE', #1301, #2289, #4141 ) ;
#4799 = PRODUCT_RELATED_PRODUCT_CATEGORY ( 'part', '', ( #250 ) ) ;
#4800 = EDGE_LOOP ( 'NONE', ( #3275, #4144 ) ) ;
#4801 = FILL_AREA_STYLE_COLOUR ( '', #3553 ) ;
#4802 = LINE ( 'NONE', #600, #2282 ) ;
#4803 = CARTESIAN_POINT ( 'NONE',  ( -1.255262969126040300E-016, -2.000000000000000000, 2.049999999999999800 ) ) ;
#4804 = ORIENTED_EDGE ( 'NONE', *, *, #5064, .T. ) ;
#4805 = DIRECTION ( 'NONE',  ( -0.0000000000000000000, -1.000000000000000000, -0.0000000000000000000 ) ) ;
#4806 = UNCERTAINTY_MEASURE_WITH_UNIT (LENGTH_MEASURE( 1.000000000000000100E-005 ), #4841, 'distance_accuracy_value', 'NONE');
#4807 = STYLED_ITEM ( 'NONE', ( #5218 ), #3165 ) ;
#4808 = ADVANCED_FACE ( 'NONE', ( #414 ), #1111, .F. ) ;
#4809 = STYLED_ITEM ( 'NONE', ( #2886 ), #2166 ) ;
#4810 = DIRECTION ( 'NONE',  ( -5.286776307738839800E-017, -0.0000000000000000000, -1.000000000000000000 ) ) ;
#4811 = EDGE_LOOP ( 'NONE', ( #1671, #3201, #5333, #945 ) ) ;
#4812 = EDGE_LOOP ( 'NONE', ( #6180, #1033 ) ) ;
#4813 = DIRECTION ( 'NONE',  ( 0.8660254037844381500, 0.5000000000000010000, 0.0000000000000000000 ) ) ;
#4814 = CYLINDRICAL_SURFACE ( 'NONE', #1134, 1.000000000000000000 ) ;
#4815 = SURFACE_STYLE_FILL_AREA ( #652 ) ;
#4816 = CARTESIAN_POINT ( 'NONE',  ( 1.950000000000000400, -1.451517244269860700, 0.0000000000000000000 ) ) ;
#4817 = AXIS2_PLACEMENT_3D ( 'NONE', #409, #3824, #913 ) ;
#4818 = EDGE_LOOP ( 'NONE', ( #976, #4963, #3917, #3791 ) ) ;
#4819 = COLOUR_RGB ( '',0.0000000000000000000, 0.3686274509803921800, 0.7215686274509803800 ) ;
#4820 = EDGE_CURVE ( 'NONE', #1964, #5174, #2574, .T. ) ;
#4821 = CARTESIAN_POINT ( 'NONE',  ( 6.899999999999979900, 2.900000000000059900, 1.734723475976807100E-015 ) ) ;
#4822 = PRESENTATION_STYLE_ASSIGNMENT (( #1920 ) ) ;
#4823 = ORIENTED_EDGE ( 'NONE', *, *, #3702, .F. ) ;
#4824 = VERTEX_POINT ( 'NONE', #5925 ) ;
#4825 = EDGE_CURVE ( 'NONE', #4074, #2831, #1287, .T. ) ;
#4826 = CARTESIAN_POINT ( 'NONE',  ( 0.9999999999999988900, -6.723029547069799600, -3.114471770219790200 ) ) ;
#4827 = DIRECTION ( 'NONE',  ( -0.8660254037844387100, 0.4999999999999998300, 0.0000000000000000000 ) ) ;
#4828 =( GEOMETRIC_REPRESENTATION_CONTEXT ( 3 ) GLOBAL_UNCERTAINTY_ASSIGNED_CONTEXT ( ( #1058 ) ) GLOBAL_UNIT_ASSIGNED_CONTEXT ( ( #4281, #1420, #4765 ) ) REPRESENTATION_CONTEXT ( 'NONE', 'WORKASPACE' ) );
#4829 = CARTESIAN_POINT ( 'NONE',  ( -1.236931687685759900, -0.3999999999985614000, 5.799999999999999800 ) ) ;
#4830 = ORIENTED_EDGE ( 'NONE', *, *, #1063, .T. ) ;
#4831 = DIRECTION ( 'NONE',  ( -0.0000000000000000000, 1.000000000000000000, 0.0000000000000000000 ) ) ;
#4832 = COLOUR_RGB ( '',0.0000000000000000000, 0.3686274509803921800, 0.7215686274509803800 ) ;
#4833 = COLOUR_RGB ( '',0.0000000000000000000, 0.3686274509803921800, 0.7215686274509803800 ) ;
#4834 = SURFACE_SIDE_STYLE ('',( #5126 ) ) ;
#4835 = VECTOR ( 'NONE', #2999, 1000.000000000000100 ) ;
#4836 = DIRECTION ( 'NONE',  ( -0.0000000000000000000, -0.0000000000000000000, -1.000000000000000000 ) ) ;
#4837 = PRESENTATION_LAYER_ASSIGNMENT (  '', '', ( #4199 ) ) ;
#4838 = STYLED_ITEM ( 'NONE', ( #2245 ), #6138 ) ;
#4839 = VECTOR ( 'NONE', #3303, 1000.000000000000000 ) ;
#4840 = ORIENTED_EDGE ( 'NONE', *, *, #3639, .F. ) ;
#4841 =( LENGTH_UNIT ( ) NAMED_UNIT ( * ) SI_UNIT ( .MILLI., .METRE. ) );
#4842 = FILL_AREA_STYLE ('',( #4801 ) ) ;
#4843 = ORIENTED_EDGE ( 'NONE', *, *, #4470, .F. ) ;
#4844 = UNCERTAINTY_MEASURE_WITH_UNIT (LENGTH_MEASURE( 1.000000000000000100E-005 ), #1050, 'distance_accuracy_value', 'NONE');
#4845 = VERTEX_POINT ( 'NONE', #5466 ) ;
#4846 = AXIS2_PLACEMENT_3D ( 'NONE', #905, #1057, #879 ) ;
#4847 = VECTOR ( 'NONE', #3414, 1000.000000000000000 ) ;
#4848 =( NAMED_UNIT ( * ) PLANE_ANGLE_UNIT ( ) SI_UNIT ( $, .RADIAN. ) );
#4849 = DIRECTION ( 'NONE',  ( -0.0000000000000000000, -0.0000000000000000000, 1.000000000000000000 ) ) ;
#4850 = DIRECTION ( 'NONE',  ( 0.0000000000000000000, 0.0000000000000000000, 1.000000000000000000 ) ) ;
#4851 = STYLED_ITEM ( 'NONE', ( #2356 ), #2814 ) ;
#4852 = CARTESIAN_POINT ( 'NONE',  ( 1.250000000000000000, 1.530808498934191600E-016, 4.299999999999999800 ) ) ;
#4853 = CARTESIAN_POINT ( 'NONE',  ( -1.000000000000000000, -2.327645713530753100, -1.989777747886720200 ) ) ;
#4854 = EDGE_CURVE ( 'NONE', #5729, #1853, #6148, .T. ) ;
#4855 = SURFACE_STYLE_FILL_AREA ( #203 ) ;
#4856 = ORIENTED_EDGE ( 'NONE', *, *, #2622, .T. ) ;
#4857 = VERTEX_POINT ( 'NONE', #1211 ) ;
#4858 = DIRECTION ( 'NONE',  ( 0.0000000000000000000, 1.000000000000000000, -0.0000000000000000000 ) ) ;
#4859 = PRESENTATION_STYLE_ASSIGNMENT (( #5186 ) ) ;
#4860 = SURFACE_SIDE_STYLE ('',( #6018 ) ) ;
#4861 = VECTOR ( 'NONE', #1034, 1000.000000000000000 ) ;
#4862 = AXIS2_PLACEMENT_3D ( 'NONE', #5314, #3009, #4409 ) ;
#4863 = DIRECTION ( 'NONE',  ( -1.000000000000000000, 0.0000000000000000000, 0.0000000000000000000 ) ) ;
#4864 = DIRECTION ( 'NONE',  ( 1.000000000000000000, 0.0000000000000000000, 0.0000000000000000000 ) ) ;
#4865 = VECTOR ( 'NONE', #3739, 1000.000000000000000 ) ;
#4866 = SURFACE_STYLE_USAGE ( .BOTH. , #4860 ) ;
#4867 = CARTESIAN_POINT ( 'NONE',  ( -1.236931687685759900, 0.3999999999985610600, 5.799999999999999800 ) ) ;
#4868 = EDGE_CURVE ( 'NONE', #5140, #2090, #5639, .T. ) ;
#4869 = AXIS2_PLACEMENT_3D ( 'NONE', #5608, #2804, #6066 ) ;
#4870 = CARTESIAN_POINT ( 'NONE',  ( 0.0000000000000000000, -3.100000000000000500, 0.8000000000000000400 ) ) ;
#4871 = COLOUR_RGB ( '',0.7921568627450980000, 0.8000000000000000400, 0.8078431372549019800 ) ;
#4872 =( LENGTH_UNIT ( ) NAMED_UNIT ( * ) SI_UNIT ( .MILLI., .METRE. ) );
#4873 =( LENGTH_UNIT ( ) NAMED_UNIT ( * ) SI_UNIT ( .MILLI., .METRE. ) );
#4874 = ORIENTED_EDGE ( 'NONE', *, *, #3444, .F. ) ;
#4875 = DIRECTION ( 'NONE',  ( 0.0000000000000000000, 0.0000000000000000000, 1.000000000000000000 ) ) ;
#4876 =( NAMED_UNIT ( * ) SI_UNIT ( $, .STERADIAN. ) SOLID_ANGLE_UNIT ( ) );
#4877 =( LENGTH_UNIT ( ) NAMED_UNIT ( * ) SI_UNIT ( .MILLI., .METRE. ) );
#4878 = VERTEX_POINT ( 'NONE', #219 ) ;
#4879 = VERTEX_POINT ( 'NONE', #1727 ) ;
#4880 = UNCERTAINTY_MEASURE_WITH_UNIT (LENGTH_MEASURE( 1.000000000000000100E-005 ), #583, 'distance_accuracy_value', 'NONE');
#4881 = SURFACE_STYLE_FILL_AREA ( #5470 ) ;
#4882 =( NAMED_UNIT ( * ) PLANE_ANGLE_UNIT ( ) SI_UNIT ( $, .RADIAN. ) );
#4883 = FILL_AREA_STYLE_COLOUR ( '', #1604 ) ;
#4884 = FACE_OUTER_BOUND ( 'NONE', #3895, .T. ) ;
#4885 = MECHANICAL_DESIGN_GEOMETRIC_PRESENTATION_REPRESENTATION (  '', ( #4257 ), #5199 ) ;
#4886 =( NAMED_UNIT ( * ) PLANE_ANGLE_UNIT ( ) SI_UNIT ( $, .RADIAN. ) );
#4887 =( GEOMETRIC_REPRESENTATION_CONTEXT ( 3 ) GLOBAL_UNCERTAINTY_ASSIGNED_CONTEXT ( ( #2189 ) ) GLOBAL_UNIT_ASSIGNED_CONTEXT ( ( #1182, #1158, #1135 ) ) REPRESENTATION_CONTEXT ( 'NONE', 'WORKASPACE' ) );
#4888 = VERTEX_POINT ( 'NONE', #3646 ) ;
#4889 = LINE ( 'NONE', #5035, #1041 ) ;
#4890 = EDGE_CURVE ( 'NONE', #6027, #5189, #4273, .T. ) ;
#4891 = VECTOR ( 'NONE', #1003, 1000.000000000000100 ) ;
#4892 = CARTESIAN_POINT ( 'NONE',  ( -1.000000000000000700, 1.451242590906976900E-016, 3.099999999999999200 ) ) ;
#4893 = DIRECTION ( 'NONE',  ( -7.383365949283020400E-013, -1.000000000000000000, 0.0000000000000000000 ) ) ;
#4894 = ORIENTED_EDGE ( 'NONE', *, *, #3363, .F. ) ;
#4895 = ORIENTED_EDGE ( 'NONE', *, *, #403, .T. ) ;
#4896 = CARTESIAN_POINT ( 'NONE',  ( 2.049999999995439900, -3.100000000000000500, 5.799999999999999800 ) ) ;
#4897 = CIRCLE ( 'NONE', #2092, 1.800000000000000300 ) ;
#4898 = MECHANICAL_DESIGN_GEOMETRIC_PRESENTATION_REPRESENTATION (  '', ( #3945 ), #5210 ) ;
#4899 = EDGE_CURVE ( 'NONE', #3500, #4068, #542, .T. ) ;
#4900 = EDGE_LOOP ( 'NONE', ( #6058, #4085, #4940, #1633 ) ) ;
#4901 = CARTESIAN_POINT ( 'NONE',  ( 0.8999999999999960300, 1.102182119232613000E-016, 0.04142135623730910200 ) ) ;
#4902 =( NAMED_UNIT ( * ) SI_UNIT ( $, .STERADIAN. ) SOLID_ANGLE_UNIT ( ) );
#4903 = FACE_OUTER_BOUND ( 'NONE', #5458, .T. ) ;
#4904 = EDGE_CURVE ( 'NONE', #2929, #366, #5490, .T. ) ;
#4905 =( NAMED_UNIT ( * ) SI_UNIT ( $, .STERADIAN. ) SOLID_ANGLE_UNIT ( ) );
#4906 = DIRECTION ( 'NONE',  ( -0.7071067811865474600, 8.659560562354931600E-017, 0.7071067811865475700 ) ) ;
#4907 = ORIENTED_EDGE ( 'NONE', *, *, #2361, .F. ) ;
#4908 = CARTESIAN_POINT ( 'NONE',  ( 0.0000000000000000000, 0.0000000000000000000, 0.0000000000000000000 ) ) ;
#4909 =( GEOMETRIC_REPRESENTATION_CONTEXT ( 3 ) GLOBAL_UNCERTAINTY_ASSIGNED_CONTEXT ( ( #570 ) ) GLOBAL_UNIT_ASSIGNED_CONTEXT ( ( #497, #3907, #1004 ) ) REPRESENTATION_CONTEXT ( 'NONE', 'WORKASPACE' ) );
#4910 = DIRECTION ( 'NONE',  ( 1.000000000000000000, 0.0000000000000000000, 0.0000000000000000000 ) ) ;
#4911 = CARTESIAN_POINT ( 'NONE',  ( -1.300000000000032900, 0.0000000000000000000, 5.799999999999999800 ) ) ;
#4912 = SURFACE_STYLE_USAGE ( .BOTH. , #4520 ) ;
#4913 = SURFACE_STYLE_FILL_AREA ( #2966 ) ;
#4914 = AXIS2_PLACEMENT_3D ( 'NONE', #6099, #3331, #390 ) ;
#4915 = DIRECTION ( 'NONE',  ( 1.000000000000000000, 0.0000000000000000000, -0.0000000000000000000 ) ) ;
#4916 = MANIFOLD_SOLID_BREP ( 'Imported1', #2217 ) ;
#4917 = ORIENTED_EDGE ( 'NONE', *, *, #4137, .F. ) ;
#4918 = CARTESIAN_POINT ( 'NONE',  ( 2.249999999999969800, -2.000000000000000000, -1.000000000000000000 ) ) ;
#4919 = VECTOR ( 'NONE', #3344, 1000.000000000000000 ) ;
#4920 = PRESENTATION_LAYER_ASSIGNMENT (  '', '', ( #4289 ) ) ;
#4921 = CARTESIAN_POINT ( 'NONE',  ( 0.0000000000000000000, 0.0000000000000000000, 5.799999999999999800 ) ) ;
#4922 = DIRECTION ( 'NONE',  ( -1.000000000000000000, 0.0000000000000000000, 0.0000000000000000000 ) ) ;
#4923 = LINE ( 'NONE', #875, #3669 ) ;
#4924 = CARTESIAN_POINT ( 'NONE',  ( 7.049999999995439900, -3.100000000000000500, 0.8000000000000000400 ) ) ;
#4925 =( NAMED_UNIT ( * ) SI_UNIT ( $, .STERADIAN. ) SOLID_ANGLE_UNIT ( ) );
#4926 = DIRECTION ( 'NONE',  ( -2.865091676456939800E-016, -1.000000000000000000, -0.0000000000000000000 ) ) ;
#4927 = ORIENTED_EDGE ( 'NONE', *, *, #3472, .F. ) ;
#4928 = DIRECTION ( 'NONE',  ( 0.0000000000000000000, 0.0000000000000000000, 1.000000000000000000 ) ) ;
#4929 = ORIENTED_EDGE ( 'NONE', *, *, #558, .F. ) ;
#4930 =( NAMED_UNIT ( * ) PLANE_ANGLE_UNIT ( ) SI_UNIT ( $, .RADIAN. ) );
#4931 = MECHANICAL_DESIGN_GEOMETRIC_PRESENTATION_REPRESENTATION (  '', ( #4299 ), #5239 ) ;
#4932 = CIRCLE ( 'NONE', #3366, 0.1000000000000000100 ) ;
#4933 = EDGE_CURVE ( 'NONE', #3387, #4455, #1269, .T. ) ;
#4934 = COLOUR_RGB ( '',0.7921568627450980000, 0.8000000000000000400, 0.8078431372549019800 ) ;
#4935 =( LENGTH_UNIT ( ) NAMED_UNIT ( * ) SI_UNIT ( .MILLI., .METRE. ) );
#4936 = EDGE_CURVE ( 'NONE', #4068, #5424, #1894, .T. ) ;
#4937 = CARTESIAN_POINT ( 'NONE',  ( 6.899999999999979000, 3.900000000000050100, 6.700000000000000200 ) ) ;
#4938 =( GEOMETRIC_REPRESENTATION_CONTEXT ( 3 ) GLOBAL_UNCERTAINTY_ASSIGNED_CONTEXT ( ( #5488 ) ) GLOBAL_UNIT_ASSIGNED_CONTEXT ( ( #6030, #3257, #307 ) ) REPRESENTATION_CONTEXT ( 'NONE', 'WORKASPACE' ) );
#4939 = CARTESIAN_POINT ( 'NONE',  ( 1.000000000000010000, -2.000000000000001300, 0.0000000000000000000 ) ) ;
#4940 = ORIENTED_EDGE ( 'NONE', *, *, #4711, .T. ) ;
#4941 = CARTESIAN_POINT ( 'NONE',  ( 7.500000000000000000, -3.100000000000000500, 0.0000000000000000000 ) ) ;
#4942 = DIRECTION ( 'NONE',  ( 1.000000000000000000, -7.383365949283020400E-013, 0.0000000000000000000 ) ) ;
#4943 = DIRECTION ( 'NONE',  ( 1.224646799147353200E-016, -1.000000000000000000, 2.845206634697918100E-035 ) ) ;
#4944 = CARTESIAN_POINT ( 'NONE',  ( 5.499999999999969800, 4.000000000000000000, 7.714074003486369500 ) ) ;
#4945 = MECHANICAL_DESIGN_GEOMETRIC_PRESENTATION_REPRESENTATION (  '', ( #4320 ), #5256 ) ;
#4946 = STYLED_ITEM ( 'NONE', ( #1231 ), #6055 ) ;
#4947 = EDGE_LOOP ( 'NONE', ( #724, #2219, #622, #4960 ) ) ;
#4948 =( LENGTH_UNIT ( ) NAMED_UNIT ( * ) SI_UNIT ( .MILLI., .METRE. ) );
#4949 = CARTESIAN_POINT ( 'NONE',  ( -9.295072589893218000E-019, 0.0000000000000000000, 4.799999999999999800 ) ) ;
#4950 = PLANE ( 'NONE',  #2367 ) ;
#4951 = DIRECTION ( 'NONE',  ( 0.0000000000000000000, 0.0000000000000000000, 1.000000000000000000 ) ) ;
#4952 = ORIENTED_EDGE ( 'NONE', *, *, #2992, .T. ) ;
#4953 = DIRECTION ( 'NONE',  ( -2.323287528027560000E-019, -0.0000000000000000000, 1.000000000000000000 ) ) ;
#4954 = ORIENTED_EDGE ( 'NONE', *, *, #3976, .F. ) ;
#4955 = UNCERTAINTY_MEASURE_WITH_UNIT (LENGTH_MEASURE( 1.000000000000000100E-005 ), #3064, 'distance_accuracy_value', 'NONE');
#4956 = AXIS2_PLACEMENT_3D ( 'NONE', #2642, #2761, #1644 ) ;
#4957 = ORIENTED_EDGE ( 'NONE', *, *, #1540, .T. ) ;
#4958 = FILL_AREA_STYLE ('',( #3062 ) ) ;
#4959 = DIRECTION ( 'NONE',  ( 7.383365949283020400E-013, 1.000000000000000000, 0.0000000000000000000 ) ) ;
#4960 = ORIENTED_EDGE ( 'NONE', *, *, #13, .F. ) ;
#4961 = MECHANICAL_DESIGN_GEOMETRIC_PRESENTATION_REPRESENTATION (  '', ( #4013 ), #5268 ) ;
#4962 = FACE_OUTER_BOUND ( 'NONE', #4686, .T. ) ;
#4963 = ORIENTED_EDGE ( 'NONE', *, *, #277, .T. ) ;
#4964 = ORIENTED_EDGE ( 'NONE', *, *, #1583, .T. ) ;
#4965 = SURFACE_STYLE_USAGE ( .BOTH. , #587 ) ;
#4966 = EDGE_CURVE ( 'NONE', #4531, #310, #397, .T. ) ;
#4967 = VERTEX_POINT ( 'NONE', #764 ) ;
#4968 = DIRECTION ( 'NONE',  ( -1.000000000000000000, 0.0000000000000000000, 0.0000000000000000000 ) ) ;
#4969 =( LENGTH_UNIT ( ) NAMED_UNIT ( * ) SI_UNIT ( .MILLI., .METRE. ) );
#4970 = CARTESIAN_POINT ( 'NONE',  ( -0.7999999999999960500, 0.0000000000000000000, -1.966045752641187900E-016 ) ) ;
#4971 = LINE ( 'NONE', #832, #2323 ) ;
#4972 = ORIENTED_EDGE ( 'NONE', *, *, #140, .T. ) ;
#4973 = COLOUR_RGB ( '',0.0000000000000000000, 0.3686274509803921800, 0.7215686274509803800 ) ;
#4974 = CARTESIAN_POINT ( 'NONE',  ( 1.246555811733255100, 2.810997007344127100, 5.299999999999999800 ) ) ;
#4975 = COLOUR_RGB ( '',0.0000000000000000000, 0.3686274509803921800, 0.7215686274509803800 ) ;
#4976 = CARTESIAN_POINT ( 'NONE',  ( 2.049999999995439900, -3.100000000000000500, -1.456080807266360200E-018 ) ) ;
#4977 = ORIENTED_EDGE ( 'NONE', *, *, #2718, .F. ) ;
#4978 = AXIS2_PLACEMENT_3D ( 'NONE', #2237, #5506, #2702 ) ;
#4979 = DIRECTION ( 'NONE',  ( 0.0000000000000000000, 0.0000000000000000000, 1.000000000000000000 ) ) ;
#4980 =( NAMED_UNIT ( * ) PLANE_ANGLE_UNIT ( ) SI_UNIT ( $, .RADIAN. ) );
#4981 = DIRECTION ( 'NONE',  ( -0.0000000000000000000, -0.0000000000000000000, -1.000000000000000000 ) ) ;
#4982 = VECTOR ( 'NONE', #3673, 1000.000000000000000 ) ;
#4983 = ADVANCED_BREP_SHAPE_REPRESENTATION ( '', ( #4916, #3766 ), #3458 ) ;
#4984 = VECTOR ( 'NONE', #2477, 1000.000000000000000 ) ;
#4985 = CARTESIAN_POINT ( 'NONE',  ( -2.000000000000000000, -2.000000000000000000, 4.700000000000000200 ) ) ;
#4986 = DIRECTION ( 'NONE',  ( 0.0000000000000000000, 0.0000000000000000000, 1.000000000000000000 ) ) ;
#4987 = ORIENTED_EDGE ( 'NONE', *, *, #2154, .F. ) ;
#4988 =( GEOMETRIC_REPRESENTATION_CONTEXT ( 3 ) GLOBAL_UNCERTAINTY_ASSIGNED_CONTEXT ( ( #3087 ) ) GLOBAL_UNIT_ASSIGNED_CONTEXT ( ( #5712, #5640, #5999 ) ) REPRESENTATION_CONTEXT ( 'NONE', 'WORKASPACE' ) );
#4989 = SURFACE_STYLE_FILL_AREA ( #284 ) ;
#4990 = CARTESIAN_POINT ( 'NONE',  ( -3.197442310920450200E-014, 3.000000000000000000, 5.799999999999999800 ) ) ;
#4991 = CARTESIAN_POINT ( 'NONE',  ( 1.044422798333887900E-016, -1.000000000000003600, 3.500000000000002200 ) ) ;
#4992 = VECTOR ( 'NONE', #178, 1000.000000000000000 ) ;
#4993 = VERTEX_POINT ( 'NONE', #1282 ) ;
#4994 = EDGE_LOOP ( 'NONE', ( #1051, #1973, #3091, #5871 ) ) ;
#4995 = ORIENTED_EDGE ( 'NONE', *, *, #1504, .T. ) ;
#4996 = MECHANICAL_DESIGN_GEOMETRIC_PRESENTATION_REPRESENTATION (  '', ( #4369 ), #5293 ) ;
#4997 = MECHANICAL_DESIGN_GEOMETRIC_PRESENTATION_REPRESENTATION (  '', ( #4370 ), #5295 ) ;
#4998 = PRODUCT_DEFINITION_SHAPE ( 'NONE', 'NONE',  #6199 ) ;
#4999 = SURFACE_STYLE_FILL_AREA ( #4724 ) ;
#5000 = CARTESIAN_POINT ( 'NONE',  ( 1.271997718226703300, 0.2683687851186329400, 5.799999999999999800 ) ) ;
#5001 = EDGE_CURVE ( 'NONE', #5424, #5298, #4932, .T. ) ;
#5002 = LINE ( 'NONE', #3453, #2486 ) ;
#5003 = CARTESIAN_POINT ( 'NONE',  ( -2.049999999992630200, -0.3999999999985610100, 4.799999999999999800 ) ) ;
#5004 = PLANE ( 'NONE',  #396 ) ;
#5005 = CARTESIAN_POINT ( 'NONE',  ( 0.0000000000000000000, 0.0000000000000000000, 0.8000000000000000400 ) ) ;
#5006 =( LENGTH_UNIT ( ) NAMED_UNIT ( * ) SI_UNIT ( .MILLI., .METRE. ) );
#5007 = LINE ( 'NONE', #6062, #4865 ) ;
#5008 =( LENGTH_UNIT ( ) NAMED_UNIT ( * ) SI_UNIT ( .MILLI., .METRE. ) );
#5009 =( NAMED_UNIT ( * ) PLANE_ANGLE_UNIT ( ) SI_UNIT ( $, .RADIAN. ) );
#5010 = PRESENTATION_LAYER_ASSIGNMENT (  '', '', ( #4381 ) ) ;
#5011 = CARTESIAN_POINT ( 'NONE',  ( 0.1000000000000000300, 3.673940397442059500E-017, -5.100000000000000500 ) ) ;
#5012 = EDGE_CURVE ( 'NONE', #348, #4455, #5990, .T. ) ;
#5013 = CARTESIAN_POINT ( 'NONE',  ( -1.761227609852363200, -0.3715875486258007900, 5.299999999999998900 ) ) ;
#5014 = LINE ( 'NONE', #3162, #1362 ) ;
#5015 = SHAPE_REPRESENTATION_RELATIONSHIP ( 'NONE' , 'NONE' ,  #1079, #1180 ) ;
#5016 = EDGE_CURVE ( 'NONE', #83, #3620, #2425, .T. ) ;
#5017 = DIRECTION ( 'NONE',  ( -1.000000000000000000, 0.0000000000000000000, 0.0000000000000000000 ) ) ;
#5018 = VERTEX_POINT ( 'NONE', #4179 ) ;
#5019 = CARTESIAN_POINT ( 'NONE',  ( -1.371439721503577600, -0.3999999999985604000, 5.800000000000001600 ) ) ;
#5020 = AXIS2_PLACEMENT_3D ( 'NONE', #4729, #1880, #5193 ) ;
#5021 = ADVANCED_FACE ( 'NONE', ( #5848 ), #4192, .F. ) ;
#5022 = FILL_AREA_STYLE ('',( #4514 ) ) ;
#5023 = DIRECTION ( 'NONE',  ( 0.0000000000000000000, -1.000000000000000000, 4.752667057923479000E-016 ) ) ;
#5024 = UNCERTAINTY_MEASURE_WITH_UNIT (LENGTH_MEASURE( 1.000000000000000100E-005 ), #4328, 'distance_accuracy_value', 'NONE');
#5025 = ORIENTED_EDGE ( 'NONE', *, *, #3635, .F. ) ;
#5026 = ORIENTED_EDGE ( 'NONE', *, *, #5952, .T. ) ;
#5027 = CARTESIAN_POINT ( 'NONE',  ( 6.899999999999979900, 2.900000000000059900, 1.300678586780778900E-015 ) ) ;
#5028 =( LENGTH_UNIT ( ) NAMED_UNIT ( * ) SI_UNIT ( .MILLI., .METRE. ) );
#5029 = VECTOR ( 'NONE', #5306, 1000.000000000000000 ) ;
#5030 = AXIS2_PLACEMENT_3D ( 'NONE', #4688, #4716, #2841 ) ;
#5031 =( GEOMETRIC_REPRESENTATION_CONTEXT ( 3 ) GLOBAL_UNCERTAINTY_ASSIGNED_CONTEXT ( ( #3897 ) ) GLOBAL_UNIT_ASSIGNED_CONTEXT ( ( #3712, #797, #4189 ) ) REPRESENTATION_CONTEXT ( 'NONE', 'WORKASPACE' ) );
#5032 = VECTOR ( 'NONE', #1330, 1000.000000000000000 ) ;
#5033 =( NAMED_UNIT ( * ) PLANE_ANGLE_UNIT ( ) SI_UNIT ( $, .RADIAN. ) );
#5034 = DIRECTION ( 'NONE',  ( 1.000000000000000000, 0.0000000000000000000, -8.673617379884035500E-016 ) ) ;
#5035 = CARTESIAN_POINT ( 'NONE',  ( 6.299999999999969600, 1.592040838891559300E-016, 6.000000000000000000 ) ) ;
#5036 = PRODUCT_CONTEXT ( 'NONE', #4569, 'mechanical' ) ;
#5037 = ORIENTED_EDGE ( 'NONE', *, *, #1022, .T. ) ;
#5038 =( BOUNDED_SURFACE ( )  B_SPLINE_SURFACE ( 3, 3, ( 
 ( #1985, #34, #3477, #540 ),
 ( #3948, #1042, #4426, #1567 ),
 ( #4901, #2049, #5347, #2535 ),
 ( #5804, #3011, #57, #3501 ) ),
 .UNSPECIFIED., .F., .F., .F. ) 
 B_SPLINE_SURFACE_WITH_KNOTS ( ( 4, 4 ),
 ( 4, 4 ),
 ( 0.0000000000000000000, 1.000000000000000000 ),
 ( 0.0000000000000000000, 1.000000000000000000 ),
 .UNSPECIFIED. ) 
 GEOMETRIC_REPRESENTATION_ITEM ( )  RATIONAL_B_SPLINE_SURFACE ( (
 ( 1.000000000000000000, 0.3333333333333334300, 0.3333333333333334300, 1.000000000000000000),
 ( 0.8047378541243649400, 0.2682459513747884100, 0.2682459513747884100, 0.8047378541243649400),
 ( 0.8047378541243649400, 0.2682459513747884100, 0.2682459513747884100, 0.8047378541243649400),
 ( 1.000000000000000000, 0.3333333333333334300, 0.3333333333333334300, 1.000000000000000000) ) ) 
 REPRESENTATION_ITEM ( '' )  SURFACE ( )  );
#5039 = LINE ( 'NONE', #4080, #2511 ) ;
#5040 = LINE ( 'NONE', #2935, #22 ) ;
#5041 = DIRECTION ( 'NONE',  ( 0.0000000000000000000, 0.0000000000000000000, 1.000000000000000000 ) ) ;
#5042 = LINE ( 'NONE', #2711, #3782 ) ;
#5043 = AXIS2_PLACEMENT_3D ( 'NONE', #811, #856, #874 ) ;
#5044 = ORIENTED_EDGE ( 'NONE', *, *, #5012, .T. ) ;
#5045 = DIRECTION ( 'NONE',  ( 0.4999999999999998300, -0.8660254037844387100, 0.0000000000000000000 ) ) ;
#5046 = VECTOR ( 'NONE', #1276, 1000.000000000000000 ) ;
#5047 = ORIENTED_EDGE ( 'NONE', *, *, #5449, .F. ) ;
#5048 = ORIENTED_EDGE ( 'NONE', *, *, #4664, .T. ) ;
#5049 = VECTOR ( 'NONE', #75, 1000.000000000000000 ) ;
#5050 = DIRECTION ( 'NONE',  ( -0.0000000000000000000, 0.0000000000000000000, -1.000000000000000000 ) ) ;
#5051 = CARTESIAN_POINT ( 'NONE',  ( 1.000000000000000000, -2.327645713530750400, -1.989777747886719800 ) ) ;
#5052 = PRESENTATION_LAYER_ASSIGNMENT (  '', '', ( #4414 ) ) ;
#5053 = SURFACE_STYLE_USAGE ( .BOTH. , #1729 ) ;
#5054 = VECTOR ( 'NONE', #3840, 1000.000000000000000 ) ;
#5055 = PRESENTATION_LAYER_ASSIGNMENT (  '', '', ( #4417 ) ) ;
#5056 = EDGE_CURVE ( 'NONE', #1666, #6091, #4429, .T. ) ;
#5057 = COLOUR_RGB ( '',0.0000000000000000000, 0.3686274509803921800, 0.7215686274509803800 ) ;
#5058 = ORIENTED_EDGE ( 'NONE', *, *, #903, .T. ) ;
#5059 = COLOUR_RGB ( '',0.0000000000000000000, 0.3686274509803921800, 0.7215686274509803800 ) ;
#5060 = DIRECTION ( 'NONE',  ( 1.000000000000000000, 0.0000000000000000000, 0.0000000000000000000 ) ) ;
#5061 = APPLICATION_CONTEXT ( 'automotive_design' ) ;
#5062 = DIRECTION ( 'NONE',  ( -1.000000000000000000, 0.0000000000000000000, 0.0000000000000000000 ) ) ;
#5063 = ADVANCED_FACE ( 'NONE', ( #1811 ), #1173, .T. ) ;
#5064 = EDGE_CURVE ( 'NONE', #1218, #598, #6189, .T. ) ;
#5065 = ORIENTED_EDGE ( 'NONE', *, *, #2473, .F. ) ;
#5066 = DIRECTION ( 'NONE',  ( -1.000000000000000000, 0.0000000000000000000, 0.0000000000000000000 ) ) ;
#5067 = MECHANICAL_DESIGN_GEOMETRIC_PRESENTATION_REPRESENTATION (  '', ( #4107 ), #5350 ) ;
#5068 = PLANE ( 'NONE',  #4335 ) ;
#5069 = SURFACE_STYLE_FILL_AREA ( #2098 ) ;
#5070 = ORIENTED_EDGE ( 'NONE', *, *, #3743, .F. ) ;
#5071 = CARTESIAN_POINT ( 'NONE',  ( -1.500000000000270000, 2.700000000000000200, 5.799999999999999800 ) ) ;
#5072 = SURFACE_STYLE_FILL_AREA ( #3312 ) ;
#5073 = STYLED_ITEM ( 'NONE', ( #1804 ), #191 ) ;
#5074 =( GEOMETRIC_REPRESENTATION_CONTEXT ( 3 ) GLOBAL_UNCERTAINTY_ASSIGNED_CONTEXT ( ( #4806 ) ) GLOBAL_UNIT_ASSIGNED_CONTEXT ( ( #4841, #1988, #5290 ) ) REPRESENTATION_CONTEXT ( 'NONE', 'WORKASPACE' ) );
#5075 = DIRECTION ( 'NONE',  ( 0.0000000000000000000, 0.9659258262890684200, -0.2588190451025202400 ) ) ;
#5076 = UNCERTAINTY_MEASURE_WITH_UNIT (LENGTH_MEASURE( 1.000000000000000100E-005 ), #1814, 'distance_accuracy_value', 'NONE');
#5077 = FILL_AREA_STYLE_COLOUR ( '', #5263 ) ;
#5078 = DIRECTION ( 'NONE',  ( -4.440892098500630100E-016, -0.0000000000000000000, -1.000000000000000000 ) ) ;
#5079 = FACE_OUTER_BOUND ( 'NONE', #6072, .T. ) ;
#5080 = LINE ( 'NONE', #1354, #1260 ) ;
#5081 = SURFACE_STYLE_USAGE ( .BOTH. , #1752 ) ;
#5082 = DIRECTION ( 'NONE',  ( 0.0000000000000000000, -0.0000000000000000000, 1.000000000000000000 ) ) ;
#5083 = CYLINDRICAL_SURFACE ( 'NONE', #5735, 0.5000000000000000000 ) ;
#5084 = DIRECTION ( 'NONE',  ( -0.0000000000000000000, -0.0000000000000000000, -1.000000000000000000 ) ) ;
#5085 = PRESENTATION_LAYER_ASSIGNMENT (  '', '', ( #4447 ) ) ;
#5086 = ORIENTED_EDGE ( 'NONE', *, *, #1874, .F. ) ;
#5087 = FILL_AREA_STYLE_COLOUR ( '', #88 ) ;
#5088 = ORIENTED_EDGE ( 'NONE', *, *, #2872, .T. ) ;
#5089 = CARTESIAN_POINT ( 'NONE',  ( 1.950000000000000000, 1.451517244269860100, 0.0000000000000000000 ) ) ;
#5090 = CARTESIAN_POINT ( 'NONE',  ( -1.697014014670914700, -0.3999999999985544600, 5.565766061634495700 ) ) ;
#5091 = CIRCLE ( 'NONE', #2194, 0.4000000000000000200 ) ;
#5092 = CONTEXT_DEPENDENT_SHAPE_REPRESENTATION ( #3196, #4998 ) ;
#5093 = AXIS2_PLACEMENT_3D ( 'NONE', #3073, #121, #3552 ) ;
#5094 = ADVANCED_FACE ( 'NONE', ( #6061 ), #3304, .F. ) ;
#5095 = FILL_AREA_STYLE ('',( #4134 ) ) ;
#5096 = EDGE_CURVE ( 'NONE', #3349, #1123, #4413, .T. ) ;
#5097 = FILL_AREA_STYLE_COLOUR ( '', #485 ) ;
#5098 = SURFACE_SIDE_STYLE ('',( #876 ) ) ;
#5099 = CARTESIAN_POINT ( 'NONE',  ( -1.950000000000000000, 0.0000000000000000000, 0.0000000000000000000 ) ) ;
#5100 = FACE_OUTER_BOUND ( 'NONE', #407, .T. ) ;
#5101 = SURFACE_STYLE_FILL_AREA ( #5597 ) ;
#5102 = ORIENTED_EDGE ( 'NONE', *, *, #5273, .F. ) ;
#5103 = DIRECTION ( 'NONE',  ( -0.0000000000000000000, -1.000000000000000000, 0.0000000000000000000 ) ) ;
#5104 = AXIS2_PLACEMENT_3D ( 'NONE', #4651, #1799, #5121 ) ;
#5105 = FACE_OUTER_BOUND ( 'NONE', #3115, .T. ) ;
#5106 = EDGE_CURVE ( 'NONE', #3029, #4304, #2032, .T. ) ;
#5107 = ORIENTED_EDGE ( 'NONE', *, *, #5997, .F. ) ;
#5108 = DIRECTION ( 'NONE',  ( -0.0000000000000000000, -0.0000000000000000000, -1.000000000000000000 ) ) ;
#5109 = LINE ( 'NONE', #6110, #92 ) ;
#5110 = PRESENTATION_STYLE_ASSIGNMENT (( #2343 ) ) ;
#5111 = STYLED_ITEM ( 'NONE', ( #597 ), #5577 ) ;
#5112 = UNCERTAINTY_MEASURE_WITH_UNIT (LENGTH_MEASURE( 1.000000000000000100E-005 ), #267, 'distance_accuracy_value', 'NONE');
#5113 = ORIENTED_EDGE ( 'NONE', *, *, #855, .F. ) ;
#5114 = CARTESIAN_POINT ( 'NONE',  ( 1.499999999999730000, 2.700000000000000200, 0.8000000000000000400 ) ) ;
#5115 = DIRECTION ( 'NONE',  ( -0.0000000000000000000, 0.0000000000000000000, 1.000000000000000000 ) ) ;
#5116 = DIRECTION ( 'NONE',  ( 2.664535259100380000E-015, -1.000000000000000000, 0.0000000000000000000 ) ) ;
#5117 = EDGE_LOOP ( 'NONE', ( #6105, #5026, #4071, #5786 ) ) ;
#5118 = AXIS2_PLACEMENT_3D ( 'NONE', #2148, #2226, #794 ) ;
#5119 = PRODUCT_DEFINITION_FORMATION_WITH_SPECIFIED_SOURCE ( 'ANY', '', #3456, .NOT_KNOWN. ) ;
#5120 = DIRECTION ( 'NONE',  ( 1.000000000000000000, 0.0000000000000000000, -4.724353296277260100E-017 ) ) ;
#5121 = DIRECTION ( 'NONE',  ( -3.581364595565019800E-017, -1.000000000000000000, 0.0000000000000000000 ) ) ;
#5122 = ORIENTED_EDGE ( 'NONE', *, *, #2033, .F. ) ;
#5123 = ADVANCED_FACE ( 'NONE', ( #1889 ), #5083, .F. ) ;
#5124 = EDGE_LOOP ( 'NONE', ( #3937, #3770, #2400, #186, #4566, #4907, #2957 ) ) ;
#5125 = LINE ( 'NONE', #4528, #2591 ) ;
#5126 = SURFACE_STYLE_FILL_AREA ( #1493 ) ;
#5127 = CARTESIAN_POINT ( 'NONE',  ( 0.0000000000000000000, 0.0000000000000000000, 0.0000000000000000000 ) ) ;
#5128 = PRESENTATION_LAYER_ASSIGNMENT (  '', '', ( #4807 ) ) ;
#5129 = ORIENTED_EDGE ( 'NONE', *, *, #4261, .T. ) ;
#5130 = AXIS2_PLACEMENT_3D ( 'NONE', #3830, #3852, #3891 ) ;
#5131 = PLANE ( 'NONE',  #3276 ) ;
#5132 = CARTESIAN_POINT ( 'NONE',  ( -1.000000000000000000, 2.000000000000000000, 0.0000000000000000000 ) ) ;
#5133 = CARTESIAN_POINT ( 'NONE',  ( -2.500000000000000000, 0.0000000000000000000, 0.0000000000000000000 ) ) ;
#5134 = DIRECTION ( 'NONE',  ( -1.000000000000000000, 0.0000000000000000000, 0.0000000000000000000 ) ) ;
#5135 = ORIENTED_EDGE ( 'NONE', *, *, #3320, .F. ) ;
#5136 = AXIS2_PLACEMENT_3D ( 'NONE', #2433, #5704, #2908 ) ;
#5137 = LINE ( 'NONE', #3607, #3185 ) ;
#5138 = LINE ( 'NONE', #1737, #6171 ) ;
#5139 = EDGE_CURVE ( 'NONE', #3411, #5289, #1425, .T. ) ;
#5140 = VERTEX_POINT ( 'NONE', #6125 ) ;
#5141 =( NAMED_UNIT ( * ) PLANE_ANGLE_UNIT ( ) SI_UNIT ( $, .RADIAN. ) );
#5142 = VECTOR ( 'NONE', #1184, 999.9999999999998900 ) ;
#5143 = ORIENTED_EDGE ( 'NONE', *, *, #596, .F. ) ;
#5144 = CARTESIAN_POINT ( 'NONE',  ( 2.000000000000000000, -2.000000000000000000, 4.699999999999998400 ) ) ;
#5145 = EDGE_CURVE ( 'NONE', #3129, #966, #65, .T. ) ;
#5146 = CIRCLE ( 'NONE', #5929, 0.5500000000000001600 ) ;
#5147 = PLANE ( 'NONE',  #1692 ) ;
#5148 =( NAMED_UNIT ( * ) SI_UNIT ( $, .STERADIAN. ) SOLID_ANGLE_UNIT ( ) );
#5149 = STYLED_ITEM ( 'NONE', ( #1263 ), #5154 ) ;
#5150 = COLOUR_RGB ( '',0.0000000000000000000, 0.3686274509803921800, 0.7215686274509803800 ) ;
#5151 = LINE ( 'NONE', #200, #6181 ) ;
#5152 = UNCERTAINTY_MEASURE_WITH_UNIT (LENGTH_MEASURE( 1.000000000000000100E-005 ), #49, 'distance_accuracy_value', 'NONE');
#5153 = COLOUR_RGB ( '',0.8274509803921568100, 0.8313725490196077800, 0.8352941176470588500 ) ;
#5154 = ADVANCED_FACE ( 'NONE', ( #3822 ), #3829, .T. ) ;
#5155 = MECHANICAL_DESIGN_GEOMETRIC_PRESENTATION_REPRESENTATION (  '', ( #4199 ), #5428 ) ;
#5156 = CARTESIAN_POINT ( 'NONE',  ( -3.197442310920450200E-014, 3.000000000000000000, 4.799999999999999800 ) ) ;
#5157 = ORIENTED_EDGE ( 'NONE', *, *, #4307, .T. ) ;
#5158 = ORIENTED_EDGE ( 'NONE', *, *, #5498, .F. ) ;
#5159 = DIRECTION ( 'NONE',  ( -1.000000000000000000, 0.0000000000000000000, 0.0000000000000000000 ) ) ;
#5160 = VECTOR ( 'NONE', #3864, 1000.000000000000100 ) ;
#5161 = CARTESIAN_POINT ( 'NONE',  ( 4.450000000000000200, -3.100000000000000500, 0.8000000000000000400 ) ) ;
#5162 = AXIS2_PLACEMENT_3D ( 'NONE', #2859, #2874, #3130 ) ;
#5163 = DIRECTION ( 'NONE',  ( -1.000000000000000000, 0.0000000000000000000, 0.0000000000000000000 ) ) ;
#5164 = AXIS2_PLACEMENT_3D ( 'NONE', #2335, #5602, #2798 ) ;
#5165 =( NAMED_UNIT ( * ) PLANE_ANGLE_UNIT ( ) SI_UNIT ( $, .RADIAN. ) );
#5166 = EDGE_CURVE ( 'NONE', #4306, #2876, #3383, .T. ) ;
#5167 = VERTEX_POINT ( 'NONE', #6013 ) ;
#5168 = VECTOR ( 'NONE', #673, 1000.000000000000000 ) ;
#5169 = FACE_OUTER_BOUND ( 'NONE', #5716, .T. ) ;
#5170 = CARTESIAN_POINT ( 'NONE',  ( -2.000000000000000000, -2.000000000000000000, 0.0000000000000000000 ) ) ;
#5171 = ORIENTED_EDGE ( 'NONE', *, *, #3551, .T. ) ;
#5172 = CARTESIAN_POINT ( 'NONE',  ( -2.050000000000269800, 2.700000000000000200, 5.799999999999999800 ) ) ;
#5173 = MECHANICAL_DESIGN_GEOMETRIC_PRESENTATION_REPRESENTATION (  '', ( #4553 ), #5461 ) ;
#5174 = VERTEX_POINT ( 'NONE', #3242 ) ;
#5175 = ADVANCED_FACE ( 'NONE', ( #2105 ), #2774, .F. ) ;
#5176 = CARTESIAN_POINT ( 'NONE',  ( 1.000000000000004400, 1.039868899468603600, -2.435306160044651100 ) ) ;
#5177 = FILL_AREA_STYLE_COLOUR ( '', #4350 ) ;
#5178 = ORIENTED_EDGE ( 'NONE', *, *, #1917, .F. ) ;
#5179 = FILL_AREA_STYLE ('',( #1367 ) ) ;
#5180 = CARTESIAN_POINT ( 'NONE',  ( 0.8585786437626865600, 1.717157287525373800, -4.033850648023741600E-016 ) ) ;
#5181 = EDGE_CURVE ( 'NONE', #1530, #1068, #4034, .T. ) ;
#5182 = AXIS2_PLACEMENT_3D ( 'NONE', #872, #4263, #1398 ) ;
#5183 = CYLINDRICAL_SURFACE ( 'NONE', #4846, 1.800000000000000300 ) ;
#5184 = CARTESIAN_POINT ( 'NONE',  ( 1.000000000000000000, 0.0000000000000000000, 4.700000000000000200 ) ) ;
#5185 = ORIENTED_EDGE ( 'NONE', *, *, #5166, .F. ) ;
#5186 = SURFACE_STYLE_USAGE ( .BOTH. , #1872 ) ;
#5187 = SURFACE_STYLE_FILL_AREA ( #2530 ) ;
#5188 = FILL_AREA_STYLE ('',( #5097 ) ) ;
#5189 = VERTEX_POINT ( 'NONE', #918 ) ;
#5190 = STYLED_ITEM ( 'NONE', ( #2531 ), #1228 ) ;
#5191 = ORIENTED_EDGE ( 'NONE', *, *, #4425, .T. ) ;
#5192 = DIRECTION ( 'NONE',  ( 0.0000000000000000000, -0.9659258262890684200, 0.2588190451025202400 ) ) ;
#5193 = DIRECTION ( 'NONE',  ( 0.0000000000000000000, 0.0000000000000000000, -1.000000000000000000 ) ) ;
#5194 = SURFACE_SIDE_STYLE ('',( #5379 ) ) ;
#5195 = LINE ( 'NONE', #551, #1399 ) ;
#5196 = LINE ( 'NONE', #2891, #39 ) ;
#5197 = ORIENTED_EDGE ( 'NONE', *, *, #89, .F. ) ;
#5198 = DIRECTION ( 'NONE',  ( 1.000000000000000000, 0.0000000000000000000, 0.0000000000000000000 ) ) ;
#5199 =( GEOMETRIC_REPRESENTATION_CONTEXT ( 3 ) GLOBAL_UNCERTAINTY_ASSIGNED_CONTEXT ( ( #5383 ) ) GLOBAL_UNIT_ASSIGNED_CONTEXT ( ( #6037, #3265, #315 ) ) REPRESENTATION_CONTEXT ( 'NONE', 'WORKASPACE' ) );
#5200 = PRESENTATION_LAYER_ASSIGNMENT (  '', '', ( #5483 ) ) ;
#5201 = DIRECTION ( 'NONE',  ( -1.000000000000000000, -0.0000000000000000000, 0.0000000000000000000 ) ) ;
#5202 = PLANE ( 'NONE',  #4817 ) ;
#5203 = VECTOR ( 'NONE', #4338, 1000.000000000000000 ) ;
#5204 = VERTEX_POINT ( 'NONE', #1335 ) ;
#5205 = EDGE_CURVE ( 'NONE', #5880, #3349, #1491, .T. ) ;
#5206 = PRESENTATION_STYLE_ASSIGNMENT (( #5528 ) ) ;
#5207 = ADVANCED_FACE ( 'NONE', ( #776 ), #5591, .T. ) ;
#5208 = SURFACE_SIDE_STYLE ('',( #5587 ) ) ;
#5209 = UNCERTAINTY_MEASURE_WITH_UNIT (LENGTH_MEASURE( 1.000000000000000100E-005 ), #1688, 'distance_accuracy_value', 'NONE');
#5210 =( GEOMETRIC_REPRESENTATION_CONTEXT ( 3 ) GLOBAL_UNCERTAINTY_ASSIGNED_CONTEXT ( ( #655 ) ) GLOBAL_UNIT_ASSIGNED_CONTEXT ( ( #5008, #2177, #5453 ) ) REPRESENTATION_CONTEXT ( 'NONE', 'WORKASPACE' ) );
#5211 = EDGE_CURVE ( 'NONE', #5249, #4878, #4715, .T. ) ;
#5212 = DIRECTION ( 'NONE',  ( 0.0000000000000000000, 0.0000000000000000000, 1.000000000000000000 ) ) ;
#5213 = DIRECTION ( 'NONE',  ( 0.9659258262890673100, 0.2588190451025240700, 0.0000000000000000000 ) ) ;
#5214 = EDGE_CURVE ( 'NONE', #445, #2268, #2340, .T. ) ;
#5215 = LINE ( 'NONE', #1708, #3962 ) ;
#5216 = UNCERTAINTY_MEASURE_WITH_UNIT (LENGTH_MEASURE( 1.000000000000000100E-005 ), #912, 'distance_accuracy_value', 'NONE');
#5217 = SURFACE_SIDE_STYLE ('',( #5960 ) ) ;
#5218 = PRESENTATION_STYLE_ASSIGNMENT (( #3067 ) ) ;
#5219 = PLANE ( 'NONE',  #1557 ) ;
#5220 = DIRECTION ( 'NONE',  ( 1.000000000000000000, 0.0000000000000000000, 0.0000000000000000000 ) ) ;
#5221 = STYLED_ITEM ( 'NONE', ( #1074 ), #754 ) ;
#5222 = AXIS2_PLACEMENT_3D ( 'NONE', #3801, #887, #4274 ) ;
#5223 = SURFACE_STYLE_USAGE ( .BOTH. , #5208 ) ;
#5224 = SURFACE_SIDE_STYLE ('',( #4331 ) ) ;
#5225 = SHAPE_REPRESENTATION ( 'DG301-5.0-wire-guard', ( #3766 ), #701 ) ;
#5226 = SURFACE_SIDE_STYLE ('',( #2991 ) ) ;
#5227 =( LENGTH_UNIT ( ) NAMED_UNIT ( * ) SI_UNIT ( .MILLI., .METRE. ) );
#5228 = ADVANCED_FACE ( 'NONE', ( #5911 ), #5339, .T. ) ;
#5229 = MECHANICAL_DESIGN_GEOMETRIC_PRESENTATION_REPRESENTATION (  '', ( #4289 ), #5523 ) ;
#5230 = CARTESIAN_POINT ( 'NONE',  ( 1.000000000000000000, 1.057300048018139600, -2.634545099663000700 ) ) ;
#5231 = EDGE_LOOP ( 'NONE', ( #4611, #3876, #1364, #3195 ) ) ;
#5232 = DIRECTION ( 'NONE',  ( 0.0000000000000000000, 1.000000000000000000, -0.0000000000000000000 ) ) ;
#5233 = SURFACE_STYLE_FILL_AREA ( #77 ) ;
#5234 = SHAPE_REPRESENTATION_RELATIONSHIP ( 'NONE' , 'NONE' ,  #870, #4983 ) ;
#5235 = DIRECTION ( 'NONE',  ( 0.0000000000000000000, -0.08715574274765068600, 0.9961946980917461000 ) ) ;
#5236 = LINE ( 'NONE', #3506, #3983 ) ;
#5237 = ORIENTED_EDGE ( 'NONE', *, *, #1150, .T. ) ;
#5238 = DIRECTION ( 'NONE',  ( 1.000000000000000000, 0.0000000000000000000, 0.0000000000000000000 ) ) ;
#5239 =( GEOMETRIC_REPRESENTATION_CONTEXT ( 3 ) GLOBAL_UNCERTAINTY_ASSIGNED_CONTEXT ( ( #5565 ) ) GLOBAL_UNIT_ASSIGNED_CONTEXT ( ( #3716, #802, #4194 ) ) REPRESENTATION_CONTEXT ( 'NONE', 'WORKASPACE' ) );
#5240 = EDGE_CURVE ( 'NONE', #4163, #1887, #385, .T. ) ;
#5241 =( LENGTH_UNIT ( ) NAMED_UNIT ( * ) SI_UNIT ( .MILLI., .METRE. ) );
#5242 = VERTEX_POINT ( 'NONE', #6071 ) ;
#5243 = EDGE_CURVE ( 'NONE', #2940, #1784, #1730, .T. ) ;
#5244 = FACE_OUTER_BOUND ( 'NONE', #2816, .T. ) ;
#5245 = SURFACE_STYLE_USAGE ( .BOTH. , #5749 ) ;
#5246 = CARTESIAN_POINT ( 'NONE',  ( -2.050000000004560200, -3.100000000000000500, -1.456080807266360200E-018 ) ) ;
#5247 = COLOUR_RGB ( '',0.0000000000000000000, 0.3686274509803921800, 0.7215686274509803800 ) ;
#5248 = UNCERTAINTY_MEASURE_WITH_UNIT (LENGTH_MEASURE( 1.000000000000000100E-005 ), #4111, 'distance_accuracy_value', 'NONE');
#5249 = VERTEX_POINT ( 'NONE', #2392 ) ;
#5250 =( NAMED_UNIT ( * ) PLANE_ANGLE_UNIT ( ) SI_UNIT ( $, .RADIAN. ) );
#5251 = COLOUR_RGB ( '',0.8274509803921568100, 0.8313725490196077800, 0.8352941176470588500 ) ;
#5252 = PRESENTATION_STYLE_ASSIGNMENT (( #2371 ) ) ;
#5253 = ORIENTED_EDGE ( 'NONE', *, *, #2373, .T. ) ;
#5254 = DIRECTION ( 'NONE',  ( -0.0000000000000000000, 0.0000000000000000000, -1.000000000000000000 ) ) ;
#5255 = EDGE_LOOP ( 'NONE', ( #5065, #3283, #4188, #1564 ) ) ;
#5256 =( GEOMETRIC_REPRESENTATION_CONTEXT ( 3 ) GLOBAL_UNCERTAINTY_ASSIGNED_CONTEXT ( ( #5778 ) ) GLOBAL_UNIT_ASSIGNED_CONTEXT ( ( #4873, #3571, #3581 ) ) REPRESENTATION_CONTEXT ( 'NONE', 'WORKASPACE' ) );
#5257 = LINE ( 'NONE', #5270, #112 ) ;
#5258 = AXIS2_PLACEMENT_3D ( 'NONE', #1065, #4445, #1581 ) ;
#5259 = ADVANCED_FACE ( 'NONE', ( #4262 ), #1084, .F. ) ;
#5260 = SURFACE_SIDE_STYLE ('',( #1402 ) ) ;
#5261 = COLOUR_RGB ( '',0.7921568627450980000, 0.8000000000000000400, 0.8078431372549019800 ) ;
#5262 =( NAMED_UNIT ( * ) PLANE_ANGLE_UNIT ( ) SI_UNIT ( $, .RADIAN. ) );
#5263 = COLOUR_RGB ( '',0.0000000000000000000, 0.3686274509803921800, 0.7215686274509803800 ) ;
#5264 = PRESENTATION_LAYER_ASSIGNMENT (  '', '', ( #4652 ) ) ;
#5265 = DIRECTION ( 'NONE',  ( -1.000000000000000000, 0.0000000000000000000, 0.0000000000000000000 ) ) ;
#5266 = DIRECTION ( 'NONE',  ( 0.0000000000000000000, 0.0000000000000000000, 1.000000000000000000 ) ) ;
#5267 = ORIENTED_EDGE ( 'NONE', *, *, #4542, .T. ) ;
#5268 =( GEOMETRIC_REPRESENTATION_CONTEXT ( 3 ) GLOBAL_UNCERTAINTY_ASSIGNED_CONTEXT ( ( #5644 ) ) GLOBAL_UNIT_ASSIGNED_CONTEXT ( ( #3681, #758, #4152 ) ) REPRESENTATION_CONTEXT ( 'NONE', 'WORKASPACE' ) );
#5269 = FILL_AREA_STYLE_COLOUR ( '', #4494 ) ;
#5270 = CARTESIAN_POINT ( 'NONE',  ( 1.000000000000010000, -2.000000000000000000, 0.0000000000000000000 ) ) ;
#5271 = VECTOR ( 'NONE', #2062, 1000.000000000000000 ) ;
#5272 = VECTOR ( 'NONE', #2858, 1000.000000000000000 ) ;
#5273 = EDGE_CURVE ( 'NONE', #4879, #4824, #2414, .T. ) ;
#5274 = DIRECTION ( 'NONE',  ( 0.0000000000000000000, 0.0000000000000000000, 1.000000000000000000 ) ) ;
#5275 = LINE ( 'NONE', #1923, #304 ) ;
#5276 =( NAMED_UNIT ( * ) SI_UNIT ( $, .STERADIAN. ) SOLID_ANGLE_UNIT ( ) );
#5277 = UNCERTAINTY_MEASURE_WITH_UNIT (LENGTH_MEASURE( 1.000000000000000100E-005 ), #3274, 'distance_accuracy_value', 'NONE');
#5278 = STYLED_ITEM ( 'NONE', ( #4227 ), #4598 ) ;
#5279 = SURFACE_STYLE_FILL_AREA ( #332 ) ;
#5280 = CARTESIAN_POINT ( 'NONE',  ( -0.9999999999999956700, 1.039868899468603600, -2.435306160044651100 ) ) ;
#5281 = EDGE_LOOP ( 'NONE', ( #3410, #288, #425, #2188 ) ) ;
#5282 = ORIENTED_EDGE ( 'NONE', *, *, #4137, .T. ) ;
#5283 = PRODUCT_DEFINITION_SHAPE ( 'NONE', 'NONE',  #1935 ) ;
#5284 = CARTESIAN_POINT ( 'NONE',  ( 0.0000000000000000000, 0.0000000000000000000, 0.0000000000000000000 ) ) ;
#5285 = PRESENTATION_LAYER_ASSIGNMENT (  '', '', ( #4680 ) ) ;
#5286 = LINE ( 'NONE', #4355, #5160 ) ;
#5287 = CARTESIAN_POINT ( 'NONE',  ( 0.0000000000000000000, 2.700000000000000200, 0.8000000000000000400 ) ) ;
#5288 =( LENGTH_UNIT ( ) NAMED_UNIT ( * ) SI_UNIT ( .MILLI., .METRE. ) );
#5289 = VERTEX_POINT ( 'NONE', #4785 ) ;
#5290 =( NAMED_UNIT ( * ) SI_UNIT ( $, .STERADIAN. ) SOLID_ANGLE_UNIT ( ) );
#5291 = ORIENTED_EDGE ( 'NONE', *, *, #5568, .F. ) ;
#5292 = ORIENTED_EDGE ( 'NONE', *, *, #3604, .T. ) ;
#5293 =( GEOMETRIC_REPRESENTATION_CONTEXT ( 3 ) GLOBAL_UNCERTAINTY_ASSIGNED_CONTEXT ( ( #2565 ) ) GLOBAL_UNIT_ASSIGNED_CONTEXT ( ( #4101, #1222, #4584 ) ) REPRESENTATION_CONTEXT ( 'NONE', 'WORKASPACE' ) );
#5294 = DIRECTION ( 'NONE',  ( 1.000000000000000000, 0.0000000000000000000, 0.0000000000000000000 ) ) ;
#5295 =( GEOMETRIC_REPRESENTATION_CONTEXT ( 3 ) GLOBAL_UNCERTAINTY_ASSIGNED_CONTEXT ( ( #344 ) ) GLOBAL_UNIT_ASSIGNED_CONTEXT ( ( #5533, #5550, #5569 ) ) REPRESENTATION_CONTEXT ( 'NONE', 'WORKASPACE' ) );
#5296 = VECTOR ( 'NONE', #1608, 1000.000000000000000 ) ;
#5297 = EDGE_CURVE ( 'NONE', #5534, #615, #6123, .T. ) ;
#5298 = VERTEX_POINT ( 'NONE', #1938 ) ;
#5299 = ORIENTED_EDGE ( 'NONE', *, *, #5297, .T. ) ;
#5300 = DIRECTION ( 'NONE',  ( -2.323287528027560000E-019, -0.0000000000000000000, 1.000000000000000000 ) ) ;
#5301 = CIRCLE ( 'NONE', #2206, 1.250000000000000000 ) ;
#5302 = CARTESIAN_POINT ( 'NONE',  ( -2.000000000000000000, -2.000000000000000000, 0.0000000000000000000 ) ) ;
#5303 = MECHANICAL_DESIGN_GEOMETRIC_PRESENTATION_REPRESENTATION (  '', ( #4381 ), #5614 ) ;
#5304 = ORIENTED_EDGE ( 'NONE', *, *, #2476, .F. ) ;
#5305 = EDGE_CURVE ( 'NONE', #501, #4068, #3665, .T. ) ;
#5306 = DIRECTION ( 'NONE',  ( 1.000000000000000000, 0.0000000000000000000, 0.0000000000000000000 ) ) ;
#5307 = ORIENTED_EDGE ( 'NONE', *, *, #1719, .F. ) ;
#5308 = UNCERTAINTY_MEASURE_WITH_UNIT (LENGTH_MEASURE( 1.000000000000000100E-005 ), #5227, 'distance_accuracy_value', 'NONE');
#5309 = ORIENTED_EDGE ( 'NONE', *, *, #5096, .F. ) ;
#5310 = EDGE_CURVE ( 'NONE', #1834, #2648, #3518, .T. ) ;
#5311 = CARTESIAN_POINT ( 'NONE',  ( -3.100000000000000500, 3.899999999999999900, 6.700000000000000200 ) ) ;
#5313 = VECTOR ( 'NONE', #4893, 1000.000000000000000 ) ;
#5312 = CARTESIAN_POINT ( 'NONE',  ( 4.499999999999968900, 3.000000000000000000, 4.799999999999999800 ) ) ;
#5314 = CARTESIAN_POINT ( 'NONE',  ( 1.000000000000000000, -2.250000000000000400, -0.1000000000000000100 ) ) ;
#5315 = AXIS2_PLACEMENT_3D ( 'NONE', #5170, #2350, #5616 ) ;
#5316 = ORIENTED_EDGE ( 'NONE', *, *, #4048, .F. ) ;
#5317 = CARTESIAN_POINT ( 'NONE',  ( 2.749999999999969400, -2.000000000000000000, 9.999999999999998200 ) ) ;
#5318 = ORIENTED_EDGE ( 'NONE', *, *, #3619, .T. ) ;
#5319 = VECTOR ( 'NONE', #2244, 1000.000000000000000 ) ;
#5320 = CARTESIAN_POINT ( 'NONE',  ( 2.949999999995439800, -3.100000000000000500, -1.456080807266360200E-018 ) ) ;
#5321 = VERTEX_POINT ( 'NONE', #3856 ) ;
#5322 = CYLINDRICAL_SURFACE ( 'NONE', #6139, 1.300000000000000300 ) ;
#5323 =( NAMED_UNIT ( * ) SI_UNIT ( $, .STERADIAN. ) SOLID_ANGLE_UNIT ( ) );
#5324 = AXIS2_PLACEMENT_3D ( 'NONE', #4466, #5078, #2763 ) ;
#5325 =( GEOMETRIC_REPRESENTATION_CONTEXT ( 3 ) GLOBAL_UNCERTAINTY_ASSIGNED_CONTEXT ( ( #2787 ) ) GLOBAL_UNIT_ASSIGNED_CONTEXT ( ( #4676, #1818, #5148 ) ) REPRESENTATION_CONTEXT ( 'NONE', 'WORKASPACE' ) );
#5326 = ORIENTED_EDGE ( 'NONE', *, *, #550, .F. ) ;
#5327 = CARTESIAN_POINT ( 'NONE',  ( 3.499999999999730000, 2.700000000000000200, 5.799999999999999800 ) ) ;
#5328 = CARTESIAN_POINT ( 'NONE',  ( 1.499999999999730000, 2.700000000000000200, 0.8000000000000000400 ) ) ;
#5329 = VECTOR ( 'NONE', #1164, 1000.000000000000000 ) ;
#5330 = FILL_AREA_STYLE_COLOUR ( '', #3624 ) ;
#5331 = VERTEX_POINT ( 'NONE', #4329 ) ;
#5332 = LINE ( 'NONE', #218, #1558 ) ;
#5333 = ORIENTED_EDGE ( 'NONE', *, *, #5761, .F. ) ;
#5334 = PRESENTATION_LAYER_ASSIGNMENT (  '', '', ( #4731 ) ) ;
#5335 = PRESENTATION_STYLE_ASSIGNMENT (( #4965 ) ) ;
#5336 = DIRECTION ( 'NONE',  ( 0.0000000000000000000, -0.0000000000000000000, 1.000000000000000000 ) ) ;
#5337 = CARTESIAN_POINT ( 'NONE',  ( 2.049999999999729800, 2.700000000000000200, 0.8000000000000000400 ) ) ;
#5338 = MECHANICAL_DESIGN_GEOMETRIC_PRESENTATION_REPRESENTATION (  '', ( #4414 ), #5647 ) ;
#5339 = CYLINDRICAL_SURFACE ( 'NONE', #1390, 1.800000000000000300 ) ;
#5340 = DIRECTION ( 'NONE',  ( -0.0000000000000000000, -0.0000000000000000000, -1.000000000000000000 ) ) ;
#5341 = CARTESIAN_POINT ( 'NONE',  ( 7.500000000000000000, 4.500000000000000900, -1.456080807316840000E-018 ) ) ;
#5342 = MECHANICAL_DESIGN_GEOMETRIC_PRESENTATION_REPRESENTATION (  '', ( #4417 ), #5650 ) ;
#5343 = EDGE_CURVE ( 'NONE', #3601, #482, #4640, .T. ) ;
#5344 = LINE ( 'NONE', #1461, #4110 ) ;
#5345 = FILL_AREA_STYLE ('',( #3944 ) ) ;
#5346 = EDGE_CURVE ( 'NONE', #5834, #2981, #5837, .T. ) ;
#5347 = CARTESIAN_POINT ( 'NONE',  ( -0.8999999999999955800, -1.799999999999991800, 0.04142135623730910900 ) ) ;
#5348 = CARTESIAN_POINT ( 'NONE',  ( 1.000000000000000000, -2.250000000000000400, -1.700000000000000000 ) ) ;
#5349 = CIRCLE ( 'NONE', #2059, 1.800000000000000300 ) ;
#5350 =( GEOMETRIC_REPRESENTATION_CONTEXT ( 3 ) GLOBAL_UNCERTAINTY_ASSIGNED_CONTEXT ( ( #2673 ) ) GLOBAL_UNIT_ASSIGNED_CONTEXT ( ( #151, #3583, #648 ) ) REPRESENTATION_CONTEXT ( 'NONE', 'WORKASPACE' ) );
#5351 = SURFACE_STYLE_FILL_AREA ( #3663 ) ;
#5352 = CARTESIAN_POINT ( 'NONE',  ( 1.754992877478751500, -0.3999999999985610100, 5.299999999999999800 ) ) ;
#5353 = DIRECTION ( 'NONE',  ( 1.000000000000000000, 0.0000000000000000000, -0.0000000000000000000 ) ) ;
#5354 = DIRECTION ( 'NONE',  ( 1.000000000000000000, 0.0000000000000000000, 0.0000000000000000000 ) ) ;
#5355 = AXIS2_PLACEMENT_3D ( 'NONE', #402, #386, #380 ) ;
#5356 = STYLED_ITEM ( 'NONE', ( #283 ), #5966 ) ;
#5357 = CARTESIAN_POINT ( 'NONE',  ( -1.500000000000270000, 2.700000000000000200, 0.8000000000000000400 ) ) ;
#5358 = FILL_AREA_STYLE_COLOUR ( '', #3348 ) ;
#5359 = VERTEX_POINT ( 'NONE', #457 ) ;
#5360 = VECTOR ( 'NONE', #5362, 1000.000000000000000 ) ;
#5361 = MECHANICAL_DESIGN_GEOMETRIC_PRESENTATION_REPRESENTATION (  '', ( #4447 ), #5676 ) ;
#5362 = DIRECTION ( 'NONE',  ( -0.0000000000000000000, -0.0000000000000000000, -1.000000000000000000 ) ) ;
#5363 = EDGE_LOOP ( 'NONE', ( #567, #1323 ) ) ;
#5364 = PRESENTATION_STYLE_ASSIGNMENT (( #674 ) ) ;
#5365 = DIRECTION ( 'NONE',  ( 1.000000000000000000, 0.0000000000000000000, -0.0000000000000000000 ) ) ;
#5366 = FILL_AREA_STYLE_COLOUR ( '', #809 ) ;
#5367 = PRESENTATION_LAYER_ASSIGNMENT (  '', '', ( #4131 ) ) ;
#5368 = CARTESIAN_POINT ( 'NONE',  ( -1.000000000000000000, 0.6912459284779619600, -2.450527367677671100 ) ) ;
#5369 = AXIS2_PLACEMENT_3D ( 'NONE', #5386, #2570, #5844 ) ;
#5370 = ORIENTED_EDGE ( 'NONE', *, *, #3240, .F. ) ;
#5371 = DIRECTION ( 'NONE',  ( 1.000000000000000000, 0.0000000000000000000, 0.0000000000000000000 ) ) ;
#5372 = LINE ( 'NONE', #4394, #1603 ) ;
#5373 = EDGE_CURVE ( 'NONE', #3679, #5705, #768, .T. ) ;
#5374 = LINE ( 'NONE', #5327, #4150 ) ;
#5375 =( NAMED_UNIT ( * ) PLANE_ANGLE_UNIT ( ) SI_UNIT ( $, .RADIAN. ) );
#5376 = CARTESIAN_POINT ( 'NONE',  ( 2.249999999999969800, 2.000000000000000000, -1.000000000000000000 ) ) ;
#5377 = ORIENTED_EDGE ( 'NONE', *, *, #323, .T. ) ;
#5378 = LINE ( 'NONE', #3529, #268 ) ;
#5379 = SURFACE_STYLE_FILL_AREA ( #1881 ) ;
#5380 = ORIENTED_EDGE ( 'NONE', *, *, #4307, .F. ) ;
#5381 =( NAMED_UNIT ( * ) SI_UNIT ( $, .STERADIAN. ) SOLID_ANGLE_UNIT ( ) );
#5382 = PRESENTATION_STYLE_ASSIGNMENT (( #2575 ) ) ;
#5383 = UNCERTAINTY_MEASURE_WITH_UNIT (LENGTH_MEASURE( 1.000000000000000100E-005 ), #6037, 'distance_accuracy_value', 'NONE');
#5384 = EDGE_CURVE ( 'NONE', #5204, #944, #2258, .T. ) ;
#5385 = EDGE_LOOP ( 'NONE', ( #1696, #5088, #1235, #4371 ) ) ;
#5386 = CARTESIAN_POINT ( 'NONE',  ( 5.549999999999999800, -3.100000000000000500, 0.0000000000000000000 ) ) ;
#5387 = VECTOR ( 'NONE', #3373, 1000.000000000000100 ) ;
#5388 = CARTESIAN_POINT ( 'NONE',  ( -3.100000000000000500, 3.899999999999999900, -1.456080807312854300E-018 ) ) ;
#5389 = SURFACE_SIDE_STYLE ('',( #5069 ) ) ;
#5390 = ORIENTED_EDGE ( 'NONE', *, *, #650, .T. ) ;
#5391 = AXIS2_PLACEMENT_3D ( 'NONE', #1098, #1610, #606 ) ;
#5392 = FILL_AREA_STYLE ('',( #4479 ) ) ;
#5393 = LINE ( 'NONE', #5491, #2909 ) ;
#5394 = ORIENTED_EDGE ( 'NONE', *, *, #6112, .T. ) ;
#5395 = FACE_BOUND ( 'NONE', #3591, .T. ) ;
#5396 = ORIENTED_EDGE ( 'NONE', *, *, #5181, .F. ) ;
#5397 = SURFACE_STYLE_FILL_AREA ( #568 ) ;
#5398 = DIRECTION ( 'NONE',  ( -1.000000000000000000, 0.0000000000000000000, 0.0000000000000000000 ) ) ;
#5399 = SURFACE_SIDE_STYLE ('',( #2894 ) ) ;
#5400 = STYLED_ITEM ( 'NONE', ( #3295 ), #852 ) ;
#5401 = PRODUCT_RELATED_PRODUCT_CATEGORY ( 'part', '', ( #3456 ) ) ;
#5402 = CARTESIAN_POINT ( 'NONE',  ( 0.5000000000000030000, 2.053494746109881100, -2.547389356915339900 ) ) ;
#5403 = PLANE ( 'NONE',  #3565 ) ;
#5404 = DIRECTION ( 'NONE',  ( 1.000000000000000000, -0.0000000000000000000, 0.0000000000000000000 ) ) ;
#5405 = MECHANICAL_DESIGN_GEOMETRIC_PRESENTATION_REPRESENTATION (  '', ( #4807 ), #5714 ) ;
#5406 = AXIS2_PLACEMENT_3D ( 'NONE', #3466, #3323, #3478 ) ;
#5407 = CARTESIAN_POINT ( 'NONE',  ( 0.5000000000000018900, 2.036063597560349600, -2.348150417296989800 ) ) ;
#5408 = SURFACE_STYLE_USAGE ( .BOTH. , #2121 ) ;
#5409 = CARTESIAN_POINT ( 'NONE',  ( 2.049999999999729800, 2.700000000000000200, 5.799999999999999800 ) ) ;
#5410 = FACE_OUTER_BOUND ( 'NONE', #2209, .T. ) ;
#5411 = ORIENTED_EDGE ( 'NONE', *, *, #4508, .F. ) ;
#5412 = ORIENTED_EDGE ( 'NONE', *, *, #1454, .T. ) ;
#5413 = UNCERTAINTY_MEASURE_WITH_UNIT (LENGTH_MEASURE( 1.000000000000000100E-005 ), #4969, 'distance_accuracy_value', 'NONE');
#5414 = CARTESIAN_POINT ( 'NONE',  ( -1.800000000000000300, 0.0000000000000000000, 5.299999999999999800 ) ) ;
#5415 = DIRECTION ( 'NONE',  ( -0.0000000000000000000, -1.000000000000000000, 6.643039201861150300E-030 ) ) ;
#5416 = STYLED_ITEM ( 'NONE', ( #4008 ), #4058 ) ;
#5417 = SURFACE_STYLE_FILL_AREA ( #4221 ) ;
#5418 = EDGE_CURVE ( 'NONE', #4518, #348, #4482, .T. ) ;
#5419 =( NAMED_UNIT ( * ) SI_UNIT ( $, .STERADIAN. ) SOLID_ANGLE_UNIT ( ) );
#5420 = EDGE_CURVE ( 'NONE', #6157, #1784, #2096, .T. ) ;
#5421 = AXIS2_PLACEMENT_3D ( 'NONE', #2262, #5537, #2734 ) ;
#5422 = FACE_OUTER_BOUND ( 'NONE', #2810, .T. ) ;
#5423 = CARTESIAN_POINT ( 'NONE',  ( -1.761227609852357200, 0.3715875486258293800, 5.592893218813454600 ) ) ;
#5424 = VERTEX_POINT ( 'NONE', #2461 ) ;
#5425 = PLANE ( 'NONE',  #59 ) ;
#5426 = ORIENTED_EDGE ( 'NONE', *, *, #1421, .T. ) ;
#5427 = PRESENTATION_STYLE_ASSIGNMENT (( #3614 ) ) ;
#5428 =( GEOMETRIC_REPRESENTATION_CONTEXT ( 3 ) GLOBAL_UNCERTAINTY_ASSIGNED_CONTEXT ( ( #6142 ) ) GLOBAL_UNIT_ASSIGNED_CONTEXT ( ( #1512, #1384, #1196 ) ) REPRESENTATION_CONTEXT ( 'NONE', 'WORKASPACE' ) );
#5429 = PRESENTATION_LAYER_ASSIGNMENT (  '', '', ( #4838 ) ) ;
#5430 = ORIENTED_EDGE ( 'NONE', *, *, #2557, .T. ) ;
#5431 = DIRECTION ( 'NONE',  ( -5.286776307738839800E-017, -0.0000000000000000000, -1.000000000000000000 ) ) ;
#5432 = DIRECTION ( 'NONE',  ( 1.000000000000000000, 0.0000000000000000000, -4.440892098500630100E-016 ) ) ;
#5433 = ORIENTED_EDGE ( 'NONE', *, *, #3743, .T. ) ;
#5434 = FILL_AREA_STYLE_COLOUR ( '', #1306 ) ;
#5435 = VERTEX_POINT ( 'NONE', #1466 ) ;
#5436 = STYLED_ITEM ( 'NONE', ( #1044 ), #1691 ) ;
#5437 = DIRECTION ( 'NONE',  ( 1.000000000000000000, 0.0000000000000000000, 0.0000000000000000000 ) ) ;
#5438 = VECTOR ( 'NONE', #5116, 1000.000000000000000 ) ;
#5439 = COLOUR_RGB ( '',0.8274509803921568100, 0.8313725490196077800, 0.8352941176470588500 ) ;
#5440 = ORIENTED_EDGE ( 'NONE', *, *, #3320, .T. ) ;
#5441 = SURFACE_STYLE_FILL_AREA ( #1171 ) ;
#5442 = FACE_OUTER_BOUND ( 'NONE', #3121, .T. ) ;
#5443 = UNCERTAINTY_MEASURE_WITH_UNIT (LENGTH_MEASURE( 1.000000000000000100E-005 ), #4948, 'distance_accuracy_value', 'NONE');
#5444 = DIRECTION ( 'NONE',  ( -1.000000000000000000, 0.0000000000000000000, 0.0000000000000000000 ) ) ;
#5445 = ORIENTED_EDGE ( 'NONE', *, *, #1192, .F. ) ;
#5446 = PRESENTATION_LAYER_ASSIGNMENT (  '', '', ( #4851 ) ) ;
#5447 = SURFACE_SIDE_STYLE ('',( #3802 ) ) ;
#5448 = ORIENTED_EDGE ( 'NONE', *, *, #1800, .F. ) ;
#5449 = EDGE_CURVE ( 'NONE', #482, #147, #603, .T. ) ;
#5450 = PRESENTATION_STYLE_ASSIGNMENT (( #5977 ) ) ;
#5451 = CARTESIAN_POINT ( 'NONE',  ( 1.236931687685760100, -0.3999999999985609000, 5.799999999999999800 ) ) ;
#5452 =( NAMED_UNIT ( * ) SI_UNIT ( $, .STERADIAN. ) SOLID_ANGLE_UNIT ( ) );
#5453 =( NAMED_UNIT ( * ) SI_UNIT ( $, .STERADIAN. ) SOLID_ANGLE_UNIT ( ) );
#5454 = ORIENTED_EDGE ( 'NONE', *, *, #2718, .T. ) ;
#5455 = VECTOR ( 'NONE', #1861, 1000.000000000000000 ) ;
#5456 = UNCERTAINTY_MEASURE_WITH_UNIT (LENGTH_MEASURE( 1.000000000000000100E-005 ), #5889, 'distance_accuracy_value', 'NONE');
#5457 = ADVANCED_FACE ( 'NONE', ( #3066 ), #5750, .T. ) ;
#5458 = EDGE_LOOP ( 'NONE', ( #6049, #4446, #5738, #1659, #5797, #810, #805, #4016, #3042, #4204, #6168, #5670, #1007, #4249, #890, #5129, #3888 ) ) ;
#5459 = PRESENTATION_STYLE_ASSIGNMENT (( #5800 ) ) ;
#5460 = CARTESIAN_POINT ( 'NONE',  ( 1.246555811733208700, -2.810997007344146100, 5.592893218813453700 ) ) ;
#5461 =( GEOMETRIC_REPRESENTATION_CONTEXT ( 3 ) GLOBAL_UNCERTAINTY_ASSIGNED_CONTEXT ( ( #5927 ) ) GLOBAL_UNIT_ASSIGNED_CONTEXT ( ( #3953, #1049, #4434 ) ) REPRESENTATION_CONTEXT ( 'NONE', 'WORKASPACE' ) );
#5462 = PLANE ( 'NONE',  #2431 ) ;
#5463 = ORIENTED_EDGE ( 'NONE', *, *, #220, .T. ) ;
#5464 = DIRECTION ( 'NONE',  ( -1.000000000000000000, -0.0000000000000000000, -0.0000000000000000000 ) ) ;
#5465 = SURFACE_STYLE_USAGE ( .BOTH. , #2190 ) ;
#5466 = CARTESIAN_POINT ( 'NONE',  ( -3.263448539181368300E-014, -1.300000000000000300, 6.000000000000000000 ) ) ;
#5467 = VERTEX_POINT ( 'NONE', #3894 ) ;
#5468 = EDGE_CURVE ( 'NONE', #4304, #4719, #2613, .T. ) ;
#5469 = AXIS2_PLACEMENT_3D ( 'NONE', #2384, #5649, #2850 ) ;
#5470 = FILL_AREA_STYLE ('',( #5330 ) ) ;
#5471 = FILL_AREA_STYLE_COLOUR ( '', #752 ) ;
#5472 = VECTOR ( 'NONE', #964, 1000.000000000000000 ) ;
#5473 = FACE_OUTER_BOUND ( 'NONE', #429, .T. ) ;
#5474 = PRESENTATION_STYLE_ASSIGNMENT (( #563 ) ) ;
#5475 = CARTESIAN_POINT ( 'NONE',  ( 0.0000000000000000000, 0.0000000000000000000, 1.350000000002182800 ) ) ;
#5476 = DIRECTION ( 'NONE',  ( -5.286776307738839800E-017, -0.0000000000000000000, -1.000000000000000000 ) ) ;
#5477 = APPLICATION_PROTOCOL_DEFINITION ( 'draft international standard', 'automotive_design', 1998, #2202 ) ;
#5478 = AXIS2_PLACEMENT_3D ( 'NONE', #522, #2967, #496 ) ;
#5479 = DIRECTION ( 'NONE',  ( -1.000000000000000000, -0.0000000000000000000, -2.323287528027560000E-019 ) ) ;
#5480 = CARTESIAN_POINT ( 'NONE',  ( -1.000000000000000000, 2.000000000000000000, 0.0000000000000000000 ) ) ;
#5481 = COLOUR_RGB ( '',0.0000000000000000000, 0.3686274509803921800, 0.7215686274509803800 ) ;
#5482 = ORIENTED_EDGE ( 'NONE', *, *, #2960, .T. ) ;
#5483 = STYLED_ITEM ( 'NONE', ( #2644 ), #2395 ) ;
#5484 = ADVANCED_FACE ( 'NONE', ( #6179 ), #2497, .T. ) ;
#5485 = PLANE ( 'NONE',  #4978 ) ;
#5486 = EDGE_CURVE ( 'NONE', #4022, #5859, #3305, .T. ) ;
#5487 = SURFACE_SIDE_STYLE ('',( #4881 ) ) ;
#5488 = UNCERTAINTY_MEASURE_WITH_UNIT (LENGTH_MEASURE( 1.000000000000000100E-005 ), #6030, 'distance_accuracy_value', 'NONE');
#5489 =( NAMED_UNIT ( * ) PLANE_ANGLE_UNIT ( ) SI_UNIT ( $, .RADIAN. ) );
#5490 = LINE ( 'NONE', #1241, #3161 ) ;
#5491 = CARTESIAN_POINT ( 'NONE',  ( -1.000000000000000000, -0.3957940609526149900, -2.507415838091759900 ) ) ;
#5492 = DIRECTION ( 'NONE',  ( 0.0000000000000000000, 0.0000000000000000000, -1.000000000000000000 ) ) ;
#5493 = VECTOR ( 'NONE', #5201, 1000.000000000000000 ) ;
#5494 = ITEM_DEFINED_TRANSFORMATION ( 'NONE', 'NONE', #5222,  #3766 ) ;
#5495 = CARTESIAN_POINT ( 'NONE',  ( 4.999999999999969800, 0.0000000000000000000, 6.092571664865432400 ) ) ;
#5496 = APPLICATION_PROTOCOL_DEFINITION ( 'draft international standard', 'automotive_design', 1998, #4082 ) ;
#5497 = PRESENTATION_LAYER_ASSIGNMENT (  '', '', ( #5801 ) ) ;
#5498 = EDGE_CURVE ( 'NONE', #202, #32, #4556, .T. ) ;
#5499 = DIRECTION ( 'NONE',  ( 0.0000000000000000000, 0.0000000000000000000, 1.000000000000000000 ) ) ;
#5500 = CARTESIAN_POINT ( 'NONE',  ( -1.300000000000032700, 0.0000000000000000000, 6.000000000000000000 ) ) ;
#5501 = PRESENTATION_STYLE_ASSIGNMENT (( #255 ) ) ;
#5502 = EDGE_CURVE ( 'NONE', #6157, #2831, #846, .T. ) ;
#5503 = FILL_AREA_STYLE ('',( #711 ) ) ;
#5504 = ORIENTED_EDGE ( 'NONE', *, *, #5772, .F. ) ;
#5505 = STYLED_ITEM ( 'NONE', ( #3887 ), #5484 ) ;
#5506 = DIRECTION ( 'NONE',  ( -1.000000000000000000, 0.0000000000000000000, 0.0000000000000000000 ) ) ;
#5507 = CARTESIAN_POINT ( 'NONE',  ( 1.000000000000000000, -2.250000000000000400, -1.700000000000000000 ) ) ;
#5508 = VERTEX_POINT ( 'NONE', #5352 ) ;
#5509 = SURFACE_STYLE_USAGE ( .BOTH. , #5487 ) ;
#5510 = SURFACE_SIDE_STYLE ('',( #1627 ) ) ;
#5511 = LINE ( 'NONE', #5692, #4290 ) ;
#5512 = SURFACE_STYLE_FILL_AREA ( #168 ) ;
#5513 = AXIS2_PLACEMENT_3D ( 'NONE', #3596, #3884, #4066 ) ;
#5514 = AXIS2_PLACEMENT_3D ( 'NONE', #1410, #4850, #3106 ) ;
#5515 = COLOUR_RGB ( '',0.0000000000000000000, 0.3686274509803921800, 0.7215686274509803800 ) ;
#5516 =( NAMED_UNIT ( * ) PLANE_ANGLE_UNIT ( ) SI_UNIT ( $, .RADIAN. ) );
#5517 = FILL_AREA_STYLE ('',( #4122 ) ) ;
#5518 = ORIENTED_EDGE ( 'NONE', *, *, #4749, .T. ) ;
#5519 = ADVANCED_FACE ( 'NONE', ( #5621, #3142, #2016 ), #4432, .F. ) ;
#5520 = VECTOR ( 'NONE', #3955, 1000.000000000000000 ) ;
#5521 = CARTESIAN_POINT ( 'NONE',  ( 4.450000000000000200, 6.810740282896520200E-017, 0.0000000000000000000 ) ) ;
#5522 = FILL_AREA_STYLE ('',( #5087 ) ) ;
#5523 =( GEOMETRIC_REPRESENTATION_CONTEXT ( 3 ) GLOBAL_UNCERTAINTY_ASSIGNED_CONTEXT ( ( #1232 ) ) GLOBAL_UNIT_ASSIGNED_CONTEXT ( ( #2366, #2387, #2407 ) ) REPRESENTATION_CONTEXT ( 'NONE', 'WORKASPACE' ) );
#5524 = ORIENTED_EDGE ( 'NONE', *, *, #933, .T. ) ;
#5525 = LINE ( 'NONE', #6016, #1774 ) ;
#5526 = UNCERTAINTY_MEASURE_WITH_UNIT (LENGTH_MEASURE( 1.000000000000000100E-005 ), #438, 'distance_accuracy_value', 'NONE');
#5527 = LINE ( 'NONE', #1775, #575 ) ;
#5528 = SURFACE_STYLE_USAGE ( .BOTH. , #2256 ) ;
#5529 = VERTEX_POINT ( 'NONE', #2539 ) ;
#5530 = PRESENTATION_STYLE_ASSIGNMENT (( #1648 ) ) ;
#5531 = DIRECTION ( 'NONE',  ( 1.000000000000000000, 0.0000000000000000000, -0.0000000000000000000 ) ) ;
#5532 = VECTOR ( 'NONE', #5235, 1000.000000000000200 ) ;
#5533 =( LENGTH_UNIT ( ) NAMED_UNIT ( * ) SI_UNIT ( .MILLI., .METRE. ) );
#5534 = VERTEX_POINT ( 'NONE', #3036 ) ;
#5535 = AXIS2_PLACEMENT_3D ( 'NONE', #4701, #1847, #5163 ) ;
#5536 = EDGE_CURVE ( 'NONE', #1964, #4878, #3812, .T. ) ;
#5537 = DIRECTION ( 'NONE',  ( -5.286776307738839800E-017, -0.0000000000000000000, -1.000000000000000000 ) ) ;
#5538 = PLANE ( 'NONE',  #3931 ) ;
#5539 = EDGE_CURVE ( 'NONE', #5859, #6017, #52, .T. ) ;
#5540 = ORIENTED_EDGE ( 'NONE', *, *, #4425, .F. ) ;
#5541 = CARTESIAN_POINT ( 'NONE',  ( 5.000000000000000000, -3.100000000000000500, 0.8000000000000000400 ) ) ;
#5542 = STYLED_ITEM ( 'NONE', ( #2931 ), #5063 ) ;
#5543 = CARTESIAN_POINT ( 'NONE',  ( -1.825000000000032600, 0.0000000000000000000, 10.00000000000000000 ) ) ;
#5544 = LINE ( 'NONE', #2660, #5272 ) ;
#5545 = COLOUR_RGB ( '',0.0000000000000000000, 0.3686274509803921800, 0.7215686274509803800 ) ;
#5546 = ORIENTED_EDGE ( 'NONE', *, *, #4899, .F. ) ;
#5547 = ADVANCED_FACE ( 'NONE', ( #1250 ), #4478, .T. ) ;
#5548 = FILL_AREA_STYLE_COLOUR ( '', #4793 ) ;
#5549 = PRESENTATION_LAYER_ASSIGNMENT (  '', '', ( #4946 ) ) ;
#5550 =( NAMED_UNIT ( * ) PLANE_ANGLE_UNIT ( ) SI_UNIT ( $, .RADIAN. ) );
#5551 = VECTOR ( 'NONE', #985, 1000.000000000000000 ) ;
#5552 = SURFACE_STYLE_FILL_AREA ( #108 ) ;
#5553 = DIRECTION ( 'NONE',  ( -1.000000000000000000, 0.0000000000000000000, 0.0000000000000000000 ) ) ;
#5554 = DIRECTION ( 'NONE',  ( -1.000000000000000000, 0.0000000000000000000, -0.0000000000000000000 ) ) ;
#5555 = DIRECTION ( 'NONE',  ( 0.0000000000000000000, 1.000000000000000000, 0.0000000000000000000 ) ) ;
#5556 = CARTESIAN_POINT ( 'NONE',  ( 5.499999999999969800, 3.000000000000000000, 9.142222010458430900 ) ) ;
#5557 = MECHANICAL_DESIGN_GEOMETRIC_PRESENTATION_REPRESENTATION (  '', ( #4652 ), #5863 ) ;
#5558 = VERTEX_POINT ( 'NONE', #1112 ) ;
#5559 = DIRECTION ( 'NONE',  ( 1.000000000000000000, 0.0000000000000000000, 0.0000000000000000000 ) ) ;
#5560 = ORIENTED_EDGE ( 'NONE', *, *, #4272, .F. ) ;
#5561 = PRODUCT_DEFINITION_CONTEXT ( 'detailed design', #5956, 'design' ) ;
#5562 = FILL_AREA_STYLE_COLOUR ( '', #2117 ) ;
#5563 = CARTESIAN_POINT ( 'NONE',  ( -3.262998337136410200E-014, 0.0000000000000000000, 6.000000000000000000 ) ) ;
#5564 = STYLED_ITEM ( 'NONE', ( #1900 ), #2726 ) ;
#5565 = UNCERTAINTY_MEASURE_WITH_UNIT (LENGTH_MEASURE( 1.000000000000000100E-005 ), #3716, 'distance_accuracy_value', 'NONE');
#5566 = DIRECTION ( 'NONE',  ( 0.0000000000000000000, 0.0000000000000000000, 1.000000000000000000 ) ) ;
#5567 = SURFACE_SIDE_STYLE ('',( #2270 ) ) ;
#5568 = EDGE_CURVE ( 'NONE', #1168, #491, #761, .T. ) ;
#5569 =( NAMED_UNIT ( * ) SI_UNIT ( $, .STERADIAN. ) SOLID_ANGLE_UNIT ( ) );
#5570 = ORIENTED_EDGE ( 'NONE', *, *, #992, .F. ) ;
#5571 = FILL_AREA_STYLE_COLOUR ( '', #1629 ) ;
#5572 = VERTEX_POINT ( 'NONE', #2119 ) ;
#5573 = SURFACE_SIDE_STYLE ('',( #5700 ) ) ;
#5574 = DIRECTION ( 'NONE',  ( 0.0000000000000000000, 1.000000000000000000, 0.0000000000000000000 ) ) ;
#5575 = PRESENTATION_LAYER_ASSIGNMENT (  '', '', ( #5278 ) ) ;
#5576 = CIRCLE ( 'NONE', #5687, 1.825000000000000000 ) ;
#5577 = ADVANCED_FACE ( 'NONE', ( #2089 ), #1279, .T. ) ;
#5578 = ORIENTED_EDGE ( 'NONE', *, *, #3159, .F. ) ;
#5579 = FILL_AREA_STYLE_COLOUR ( '', #2207 ) ;
#5580 = DIRECTION ( 'NONE',  ( 2.323287528027560000E-019, 0.0000000000000000000, -1.000000000000000000 ) ) ;
#5581 = CARTESIAN_POINT ( 'NONE',  ( -0.7999999999999960500, -1.959434878635755900E-016, -3.930232875259953600E-016 ) ) ;
#5582 = PRESENTATION_STYLE_ASSIGNMENT (( #2638 ) ) ;
#5583 = MECHANICAL_DESIGN_GEOMETRIC_PRESENTATION_REPRESENTATION (  '', ( #4680 ), #5887 ) ;
#5584 = VERTEX_POINT ( 'NONE', #3120 ) ;
#5585 = ORIENTED_EDGE ( 'NONE', *, *, #596, .T. ) ;
#5586 = DIRECTION ( 'NONE',  ( 0.0000000000000000000, -0.0000000000000000000, 1.000000000000000000 ) ) ;
#5587 = SURFACE_STYLE_FILL_AREA ( #5188 ) ;
#5588 = CARTESIAN_POINT ( 'NONE',  ( -0.7657196161874702000, -1.857142857144506600, 5.799999999999999800 ) ) ;
#5589 = ORIENTED_EDGE ( 'NONE', *, *, #2982, .F. ) ;
#5590 = STYLED_ITEM ( 'NONE', ( #441 ), #942 ) ;
#5591 = PLANE ( 'NONE',  #5315 ) ;
#5592 = CARTESIAN_POINT ( 'NONE',  ( 7.500000000000000000, -3.100000000000001000, 6.999999999999995600 ) ) ;
#5593 = VERTEX_POINT ( 'NONE', #5905 ) ;
#5594 = ORIENTED_EDGE ( 'NONE', *, *, #1987, .F. ) ;
#5595 = CARTESIAN_POINT ( 'NONE',  ( 1.754992877478751800, 0.3999999999985028900, 5.434673719074402800 ) ) ;
#5596 = COLOUR_RGB ( '',0.0000000000000000000, 0.3686274509803921800, 0.7215686274509803800 ) ;
#5597 = FILL_AREA_STYLE ('',( #2334 ) ) ;
#5598 = UNCERTAINTY_MEASURE_WITH_UNIT (LENGTH_MEASURE( 1.000000000000000100E-005 ), #1343, 'distance_accuracy_value', 'NONE');
#5599 = AXIS2_PLACEMENT_3D ( 'NONE', #5475, #3154, #5060 ) ;
#5600 = ORIENTED_EDGE ( 'NONE', *, *, #6039, .F. ) ;
#5601 = STYLED_ITEM ( 'NONE', ( #1911 ), #2292 ) ;
#5602 = DIRECTION ( 'NONE',  ( -2.323287528027560000E-019, 0.0000000000000000000, 1.000000000000000000 ) ) ;
#5603 = SURFACE_SIDE_STYLE ('',( #1705 ) ) ;
#5604 = VERTEX_POINT ( 'NONE', #167 ) ;
#5605 = SURFACE_STYLE_FILL_AREA ( #5345 ) ;
#5606 = EDGE_CURVE ( 'NONE', #1123, #1403, #2765, .T. ) ;
#5607 = ADVANCED_FACE ( 'NONE', ( #5693 ), #4069, .T. ) ;
#5608 = CARTESIAN_POINT ( 'NONE',  ( -3.262998337136410200E-014, 0.0000000000000000000, 6.000000000000000000 ) ) ;
#5609 = COLOUR_RGB ( '',0.7921568627450980000, 0.8000000000000000400, 0.8078431372549019800 ) ;
#5610 = FACE_OUTER_BOUND ( 'NONE', #4994, .T. ) ;
#5611 = ORIENTED_EDGE ( 'NONE', *, *, #2710, .T. ) ;
#5612 = DIRECTION ( 'NONE',  ( 0.0000000000000000000, 0.0000000000000000000, 1.000000000000000000 ) ) ;
#5613 = LINE ( 'NONE', #5409, #2010 ) ;
#5614 =( GEOMETRIC_REPRESENTATION_CONTEXT ( 3 ) GLOBAL_UNCERTAINTY_ASSIGNED_CONTEXT ( ( #4043 ) ) GLOBAL_UNIT_ASSIGNED_CONTEXT ( ( #1597, #4930, #2086 ) ) REPRESENTATION_CONTEXT ( 'NONE', 'WORKASPACE' ) );
#5615 = EDGE_CURVE ( 'NONE', #2238, #4525, #4703, .T. ) ;
#5616 = DIRECTION ( 'NONE',  ( 4.724353296277260100E-017, 0.0000000000000000000, 1.000000000000000000 ) ) ;
#5617 = CARTESIAN_POINT ( 'NONE',  ( -1.000000000000000000, -2.350000000000000100, 2.432743338823080100 ) ) ;
#5618 = EDGE_CURVE ( 'NONE', #2578, #2929, #3442, .T. ) ;
#5619 = SURFACE_SIDE_STYLE ('',( #3082 ) ) ;
#5620 = STYLED_ITEM ( 'NONE', ( #851 ), #5228 ) ;
#5621 = FACE_BOUND ( 'NONE', #4800, .T. ) ;
#5622 = SURFACE_STYLE_USAGE ( .BOTH. , #2358 ) ;
#5623 = CARTESIAN_POINT ( 'NONE',  ( -0.8999999999999960300, -2.204364238465226500E-016, 0.04142135623730910200 ) ) ;
#5624 = VECTOR ( 'NONE', #3899, 1000.000000000000000 ) ;
#5625 = CYLINDRICAL_SURFACE ( 'NONE', #2728, 1.250000000000000000 ) ;
#5626 =( NAMED_UNIT ( * ) PLANE_ANGLE_UNIT ( ) SI_UNIT ( $, .RADIAN. ) );
#5627 = AXIS2_PLACEMENT_3D ( 'NONE', #2164, #3043, #3190 ) ;
#5628 = STYLED_ITEM ( 'NONE', ( #5784 ), #1673 ) ;
#5629 = FACE_OUTER_BOUND ( 'NONE', #4358, .T. ) ;
#5630 = CARTESIAN_POINT ( 'NONE',  ( 1.824999999999967500, 2.234980408443919700E-016, 10.00000000000000000 ) ) ;
#5631 = VERTEX_POINT ( 'NONE', #4557 ) ;
#5632 = EDGE_LOOP ( 'NONE', ( #1679, #588, #3347, #5412, #4390, #4747 ) ) ;
#5633 = SURFACE_STYLE_FILL_AREA ( #398 ) ;
#5634 = SURFACE_SIDE_STYLE ('',( #4173 ) ) ;
#5635 = SURFACE_SIDE_STYLE ('',( #3452 ) ) ;
#5636 =( LENGTH_UNIT ( ) NAMED_UNIT ( * ) SI_UNIT ( .MILLI., .METRE. ) );
#5637 = ADVANCED_FACE ( 'NONE', ( #5898 ), #5485, .T. ) ;
#5638 = MECHANICAL_DESIGN_GEOMETRIC_PRESENTATION_REPRESENTATION (  '', ( #4731 ), #5940 ) ;
#5639 = LINE ( 'NONE', #2213, #4418 ) ;
#5640 =( NAMED_UNIT ( * ) PLANE_ANGLE_UNIT ( ) SI_UNIT ( $, .RADIAN. ) );
#5641 = DIRECTION ( 'NONE',  ( 0.0000000000000000000, 0.0000000000000000000, 1.000000000000000000 ) ) ;
#5642 = PRESENTATION_STYLE_ASSIGNMENT (( #3823 ) ) ;
#5643 = CONTEXT_DEPENDENT_SHAPE_REPRESENTATION ( #727, #6046 ) ;
#5644 = UNCERTAINTY_MEASURE_WITH_UNIT (LENGTH_MEASURE( 1.000000000000000100E-005 ), #3681, 'distance_accuracy_value', 'NONE');
#5645 = CARTESIAN_POINT ( 'NONE',  ( -1.255263332347661100E-016, 1.000000000000000000, 3.499999999999999600 ) ) ;
#5646 = DIRECTION ( 'NONE',  ( 0.8660254037844387100, -0.4999999999999998300, -0.0000000000000000000 ) ) ;
#5647 =( GEOMETRIC_REPRESENTATION_CONTEXT ( 3 ) GLOBAL_UNCERTAINTY_ASSIGNED_CONTEXT ( ( #3017 ) ) GLOBAL_UNIT_ASSIGNED_CONTEXT ( ( #6165, #3413, #467 ) ) REPRESENTATION_CONTEXT ( 'NONE', 'WORKASPACE' ) );
#5648 = LINE ( 'NONE', #5089, #709 ) ;
#5649 = DIRECTION ( 'NONE',  ( -0.0000000000000000000, -0.0000000000000000000, 1.000000000000000000 ) ) ;
#5650 =( GEOMETRIC_REPRESENTATION_CONTEXT ( 3 ) GLOBAL_UNCERTAINTY_ASSIGNED_CONTEXT ( ( #2758 ) ) GLOBAL_UNIT_ASSIGNED_CONTEXT ( ( #5910, #3125, #175 ) ) REPRESENTATION_CONTEXT ( 'NONE', 'WORKASPACE' ) );
#5651 = DIRECTION ( 'NONE',  ( 0.0000000000000000000, 0.0000000000000000000, 1.000000000000000000 ) ) ;
#5652 = EDGE_CURVE ( 'NONE', #3097, #3387, #4097, .T. ) ;
#5653 = EDGE_LOOP ( 'NONE', ( #2608, #694 ) ) ;
#5654 = EDGE_CURVE ( 'NONE', #3622, #4534, #5332, .T. ) ;
#5655 =( NAMED_UNIT ( * ) SI_UNIT ( $, .STERADIAN. ) SOLID_ANGLE_UNIT ( ) );
#5656 = CARTESIAN_POINT ( 'NONE',  ( 0.0000000000000000000, 0.0000000000000000000, 0.0000000000000000000 ) ) ;
#5657 = ORIENTED_EDGE ( 'NONE', *, *, #4593, .T. ) ;
#5658 = CARTESIAN_POINT ( 'NONE',  ( 1.504433366779737400, -0.3999999999985606200, 5.748638903917829200 ) ) ;
#5659 = SURFACE_STYLE_FILL_AREA ( #5835 ) ;
#5660 = CARTESIAN_POINT ( 'NONE',  ( 1.503717525364059800, 0.3999999999985552300, 5.749165729526014300 ) ) ;
#5661 = CIRCLE ( 'NONE', #2053, 4.200000000000000200 ) ;
#5662 = ORIENTED_EDGE ( 'NONE', *, *, #1371, .F. ) ;
#5663 = PLANE ( 'NONE',  #2502 ) ;
#5664 =( LENGTH_UNIT ( ) NAMED_UNIT ( * ) SI_UNIT ( .MILLI., .METRE. ) );
#5665 = SURFACE_STYLE_FILL_AREA ( #5767 ) ;
#5666 = PRESENTATION_LAYER_ASSIGNMENT (  '', '', ( #5073 ) ) ;
#5667 = PRESENTATION_LAYER_ASSIGNMENT (  '', '', ( #5356 ) ) ;
#5668 = ADVANCED_FACE ( 'NONE', ( #210 ), #5967, .F. ) ;
#5669 = SURFACE_SIDE_STYLE ('',( #3289 ) ) ;
#5670 = ORIENTED_EDGE ( 'NONE', *, *, #2865, .T. ) ;
#5671 = CARTESIAN_POINT ( 'NONE',  ( 0.5000000000000000000, 6.123233995736766000E-017, 0.0000000000000000000 ) ) ;
#5672 = CARTESIAN_POINT ( 'NONE',  ( 1.000000000000004400, -0.3440302519321119500, -2.314230672833943900 ) ) ;
#5673 = VECTOR ( 'NONE', #5103, 1000.000000000000000 ) ;
#5674 = ORIENTED_EDGE ( 'NONE', *, *, #3359, .T. ) ;
#5675 = ORIENTED_EDGE ( 'NONE', *, *, #3110, .T. ) ;
#5676 =( GEOMETRIC_REPRESENTATION_CONTEXT ( 3 ) GLOBAL_UNCERTAINTY_ASSIGNED_CONTEXT ( ( #5443 ) ) GLOBAL_UNIT_ASSIGNED_CONTEXT ( ( #4948, #5033, #4905 ) ) REPRESENTATION_CONTEXT ( 'NONE', 'WORKASPACE' ) );
#5677 = EDGE_LOOP ( 'NONE', ( #3268, #653, #2946, #5157 ) ) ;
#5678 = FACE_BOUND ( 'NONE', #1902, .T. ) ;
#5679 =( LENGTH_UNIT ( ) NAMED_UNIT ( * ) SI_UNIT ( .MILLI., .METRE. ) );
#5680 =( NAMED_UNIT ( * ) SI_UNIT ( $, .STERADIAN. ) SOLID_ANGLE_UNIT ( ) );
#5681 = UNCERTAINTY_MEASURE_WITH_UNIT (LENGTH_MEASURE( 1.000000000000000100E-005 ), #1548, 'distance_accuracy_value', 'NONE');
#5682 = ORIENTED_EDGE ( 'NONE', *, *, #3947, .F. ) ;
#5683 = VECTOR ( 'NONE', #3819, 1000.000000000000000 ) ;
#5684 = PRESENTATION_STYLE_ASSIGNMENT (( #1497 ) ) ;
#5685 = FACE_BOUND ( 'NONE', #4812, .T. ) ;
#5686 = MECHANICAL_DESIGN_GEOMETRIC_PRESENTATION_REPRESENTATION (  '', ( #4131 ), #5982 ) ;
#5687 = AXIS2_PLACEMENT_3D ( 'NONE', #4554, #1697, #5017 ) ;
#5688 = ORIENTED_EDGE ( 'NONE', *, *, #2240, .F. ) ;
#5689 = EDGE_CURVE ( 'NONE', #4022, #3316, #1067, .T. ) ;
#5690 = DIRECTION ( 'NONE',  ( -0.0000000000000000000, -0.0000000000000000000, -1.000000000000000000 ) ) ;
#5691 = FACE_OUTER_BOUND ( 'NONE', #1541, .T. ) ;
#5692 = CARTESIAN_POINT ( 'NONE',  ( -1.950000000000000000, -1.451517244269860100, 0.0000000000000000000 ) ) ;
#5693 = FACE_OUTER_BOUND ( 'NONE', #6029, .T. ) ;
#5694 = EDGE_CURVE ( 'NONE', #5174, #3097, #4769, .T. ) ;
#5695 = DIRECTION ( 'NONE',  ( -0.0000000000000000000, 0.0000000000000000000, 1.000000000000000000 ) ) ;
#5696 = ORIENTED_EDGE ( 'NONE', *, *, #2434, .T. ) ;
#5697 = VECTOR ( 'NONE', #1976, 1000.000000000000000 ) ;
#5698 = ADVANCED_FACE ( 'NONE', ( #5972 ), #3234, .T. ) ;
#5699 = FILL_AREA_STYLE ('',( #5571 ) ) ;
#5700 = SURFACE_STYLE_FILL_AREA ( #2305 ) ;
#5701 = MECHANICAL_DESIGN_GEOMETRIC_PRESENTATION_REPRESENTATION (  '', ( #5111 ), #6003 ) ;
#5702 = SURFACE_STYLE_FILL_AREA ( #4183 ) ;
#5703 = SURFACE_STYLE_USAGE ( .BOTH. , #2432 ) ;
#5704 = DIRECTION ( 'NONE',  ( 2.323287528027560000E-019, 0.0000000000000000000, -1.000000000000000000 ) ) ;
#5705 = VERTEX_POINT ( 'NONE', #3184 ) ;
#5706 = ORIENTED_EDGE ( 'NONE', *, *, #2794, .F. ) ;
#5707 =( LENGTH_UNIT ( ) NAMED_UNIT ( * ) SI_UNIT ( .MILLI., .METRE. ) );
#5708 = PRESENTATION_LAYER_ASSIGNMENT (  '', '', ( #5400 ) ) ;
#5709 = PRODUCT_DEFINITION_FORMATION_WITH_SPECIFIED_SOURCE ( 'ANY', '', #3913, .NOT_KNOWN. ) ;
#5710 = B_SPLINE_CURVE_WITH_KNOTS ( 'NONE', 3,
 ( #4829, #5019, #4172, #5090, #2743, #2877 ),
 .UNSPECIFIED., .F., .F.,
 ( 4, 2, 4 ),
 ( 4.336808689942017700E-019, 0.0003979859298400787500, 0.0007959718596801570600 ),
 .UNSPECIFIED. ) ;
#5711 = PRESENTATION_STYLE_ASSIGNMENT (( #2925 ) ) ;
#5712 =( LENGTH_UNIT ( ) NAMED_UNIT ( * ) SI_UNIT ( .MILLI., .METRE. ) );
#5713 = SURFACE_SIDE_STYLE ('',( #1849 ) ) ;
#5714 =( GEOMETRIC_REPRESENTATION_CONTEXT ( 3 ) GLOBAL_UNCERTAINTY_ASSIGNED_CONTEXT ( ( #5825 ) ) GLOBAL_UNIT_ASSIGNED_CONTEXT ( ( #114, #3543, #616 ) ) REPRESENTATION_CONTEXT ( 'NONE', 'WORKASPACE' ) );
#5715 = PRESENTATION_LAYER_ASSIGNMENT (  '', '', ( #4809 ) ) ;
#5716 = EDGE_LOOP ( 'NONE', ( #728, #1151, #2421, #572, #5396 ) ) ;
#5717 = ORIENTED_EDGE ( 'NONE', *, *, #599, .T. ) ;
#5718 = SURFACE_SIDE_STYLE ('',( #2563 ) ) ;
#5719 = VECTOR ( 'NONE', #2632, 1000.000000000000000 ) ;
#5720 = FILL_AREA_STYLE_COLOUR ( '', #1309 ) ;
#5721 = EDGE_LOOP ( 'NONE', ( #3999, #513, #1908, #6159, #3584, #4656, #4121, #2267 ) ) ;
#5722 = ADVANCED_FACE ( 'NONE', ( #444, #5395, #1790, #3056 ), #3256, .T. ) ;
#5723 = PLANE ( 'NONE',  #1082 ) ;
#5724 = PRESENTATION_LAYER_ASSIGNMENT (  '', '', ( #5416 ) ) ;
#5725 = LINE ( 'NONE', #1524, #2128 ) ;
#5726 = EDGE_CURVE ( 'NONE', #501, #2928, #2462, .T. ) ;
#5727 = FILL_AREA_STYLE_COLOUR ( '', #3849 ) ;
#5728 = LINE ( 'NONE', #2257, #3264 ) ;
#5729 = VERTEX_POINT ( 'NONE', #3745 ) ;
#5730 = ORIENTED_EDGE ( 'NONE', *, *, #4868, .T. ) ;
#5731 = EDGE_CURVE ( 'NONE', #4845, #3252, #1144, .T. ) ;
#5732 = FACE_OUTER_BOUND ( 'NONE', #4672, .T. ) ;
#5733 =( NAMED_UNIT ( * ) PLANE_ANGLE_UNIT ( ) SI_UNIT ( $, .RADIAN. ) );
#5734 = DIRECTION ( 'NONE',  ( 0.0000000000000000000, -1.000000000000000000, -0.0000000000000000000 ) ) ;
#5735 = AXIS2_PLACEMENT_3D ( 'NONE', #4264, #5651, #5220 ) ;
#5736 = ORIENTED_EDGE ( 'NONE', *, *, #2675, .T. ) ;
#5737 = DIRECTION ( 'NONE',  ( -1.000000000000000000, 0.0000000000000000000, 0.0000000000000000000 ) ) ;
#5738 = ORIENTED_EDGE ( 'NONE', *, *, #1192, .T. ) ;
#5739 = FACE_OUTER_BOUND ( 'NONE', #5813, .T. ) ;
#5740 =( NAMED_UNIT ( * ) SI_UNIT ( $, .STERADIAN. ) SOLID_ANGLE_UNIT ( ) );
#5741 = ORIENTED_EDGE ( 'NONE', *, *, #2960, .F. ) ;
#5742 = STYLED_ITEM ( 'NONE', ( #4254 ), #416 ) ;
#5743 = VECTOR ( 'NONE', #3902, 1000.000000000000000 ) ;
#5744 = VERTEX_POINT ( 'NONE', #1852 ) ;
#5745 = FILL_AREA_STYLE_COLOUR ( '', #4832 ) ;
#5746 = ORIENTED_EDGE ( 'NONE', *, *, #5761, .T. ) ;
#5747 = UNCERTAINTY_MEASURE_WITH_UNIT (LENGTH_MEASURE( 1.000000000000000100E-005 ), #704, 'distance_accuracy_value', 'NONE');
#5748 = PRESENTATION_LAYER_ASSIGNMENT (  '', '', ( #5436 ) ) ;
#5749 = SURFACE_SIDE_STYLE ('',( #5968 ) ) ;
#5750 = PLANE ( 'NONE',  #5811 ) ;
#5751 = FACE_BOUND ( 'NONE', #116, .T. ) ;
#5752 = ORIENTED_EDGE ( 'NONE', *, *, #3668, .F. ) ;
#5753 = DIRECTION ( 'NONE',  ( -1.000000000000000000, 0.0000000000000000000, 0.0000000000000000000 ) ) ;
#5754 = CARTESIAN_POINT ( 'NONE',  ( 4.999999999999969800, 0.0000000000000000000, 10.00000000000000000 ) ) ;
#5755 = FACE_OUTER_BOUND ( 'NONE', #3841, .T. ) ;
#5756 = ORIENTED_EDGE ( 'NONE', *, *, #220, .F. ) ;
#5757 = COLOUR_RGB ( '',0.7921568627450980000, 0.8000000000000000400, 0.8078431372549019800 ) ;
#5758 = MECHANICAL_DESIGN_GEOMETRIC_PRESENTATION_REPRESENTATION (  '', ( #4851 ), #6065 ) ;
#5759 = DIRECTION ( 'NONE',  ( -7.162729191142349500E-017, -1.000000000000000000, -0.0000000000000000000 ) ) ;
#5760 = CARTESIAN_POINT ( 'NONE',  ( 1.000000000000000000, -2.349999999999998800, -1.700000000000000200 ) ) ;
#5761 = EDGE_CURVE ( 'NONE', #1500, #1777, #3722, .T. ) ;
#5762 = VECTOR ( 'NONE', #1048, 1000.000000000000000 ) ;
#5763 = LINE ( 'NONE', #2002, #5624 ) ;
#5764 = DIRECTION ( 'NONE',  ( -5.286776307738839800E-017, -0.0000000000000000000, -1.000000000000000000 ) ) ;
#5765 = DIRECTION ( 'NONE',  ( 0.0000000000000000000, 1.000000000000000000, 0.0000000000000000000 ) ) ;
#5766 = FILL_AREA_STYLE_COLOUR ( '', #3735 ) ;
#5767 = FILL_AREA_STYLE ('',( #2499 ) ) ;
#5768 = ORIENTED_EDGE ( 'NONE', *, *, #5096, .T. ) ;
#5769 = ORIENTED_EDGE ( 'NONE', *, *, #4017, .F. ) ;
#5770 = DIRECTION ( 'NONE',  ( -1.000000000000000000, 0.0000000000000000000, 0.0000000000000000000 ) ) ;
#5771 = CARTESIAN_POINT ( 'NONE',  ( 1.950000000000000200, -1.451517244269860500, 0.2000000000000000400 ) ) ;
#5772 = EDGE_CURVE ( 'NONE', #3908, #973, #4971, .T. ) ;
#5773 = STYLED_ITEM ( 'NONE', ( #4389 ), #5904 ) ;
#5774 = SURFACE_STYLE_FILL_AREA ( #3021 ) ;
#5775 = CARTESIAN_POINT ( 'NONE',  ( 5.499999999999969800, 3.000000000000000000, 5.799999999999999800 ) ) ;
#5776 = DIRECTION ( 'NONE',  ( -1.000000000000000000, 0.0000000000000000000, 0.0000000000000000000 ) ) ;
#5777 = EDGE_LOOP ( 'NONE', ( #5524, #2735 ) ) ;
#5778 = UNCERTAINTY_MEASURE_WITH_UNIT (LENGTH_MEASURE( 1.000000000000000100E-005 ), #4873, 'distance_accuracy_value', 'NONE');
#5779 = VECTOR ( 'NONE', #6183, 1000.000000000000000 ) ;
#5780 = DIRECTION ( 'NONE',  ( 0.0000000000000000000, 0.0000000000000000000, -1.000000000000000000 ) ) ;
#5781 = PRESENTATION_LAYER_ASSIGNMENT (  '', '', ( #5190 ) ) ;
#5782 =( NAMED_UNIT ( * ) SI_UNIT ( $, .STERADIAN. ) SOLID_ANGLE_UNIT ( ) );
#5783 = FILL_AREA_STYLE_COLOUR ( '', #3176 ) ;
#5784 = PRESENTATION_STYLE_ASSIGNMENT (( #3272 ) ) ;
#5785 = DIRECTION ( 'NONE',  ( 0.0000000000000000000, -1.000000000000000000, -6.049014748177259600E-016 ) ) ;
#5786 = ORIENTED_EDGE ( 'NONE', *, *, #3752, .F. ) ;
#5787 = DIRECTION ( 'NONE',  ( 0.7071067811865473500, -0.7044160264027585800, -0.06162841671622133800 ) ) ;
#5788 = STYLED_ITEM ( 'NONE', ( #2617 ), #3389 ) ;
#5789 = DIRECTION ( 'NONE',  ( 0.8660254037844404800, -0.4999999999999970000, 0.0000000000000000000 ) ) ;
#5790 = AXIS2_PLACEMENT_3D ( 'NONE', #1674, #2141, #1071 ) ;
#5791 = DIRECTION ( 'NONE',  ( 0.0000000000000000000, 0.0000000000000000000, 1.000000000000000000 ) ) ;
#5792 = VECTOR ( 'NONE', #3489, 1000.000000000000000 ) ;
#5793 = VECTOR ( 'NONE', #3811, 1000.000000000000000 ) ;
#5794 = EDGE_CURVE ( 'NONE', #881, #4879, #3579, .T. ) ;
#5795 = ORIENTED_EDGE ( 'NONE', *, *, #5908, .F. ) ;
#5796 = CARTESIAN_POINT ( 'NONE',  ( 1.697014014670914500, 0.3999999999985551800, 5.565766061634495700 ) ) ;
#5797 = ORIENTED_EDGE ( 'NONE', *, *, #2205, .T. ) ;
#5798 = CARTESIAN_POINT ( 'NONE',  ( -0.8698136236682797500, 0.5102794908118937200, 3.212004681660114400 ) ) ;
#5799 = SURFACE_SIDE_STYLE ('',( #5187 ) ) ;
#5800 = SURFACE_STYLE_USAGE ( .BOTH. , #2533 ) ;
#5801 = STYLED_ITEM ( 'NONE', ( #1210 ), #4279 ) ;
#5802 = ORIENTED_EDGE ( 'NONE', *, *, #5618, .F. ) ;
#5803 = EDGE_CURVE ( 'NONE', #5359, #5744, #6040, .T. ) ;
#5804 = CARTESIAN_POINT ( 'NONE',  ( 0.8999999999999960300, 1.102182119232613000E-016, 0.09999999999999961700 ) ) ;
#5805 = PLANE ( 'NONE',  #2019 ) ;
#5806 = FACE_OUTER_BOUND ( 'NONE', #3984, .T. ) ;
#5807 = VERTEX_POINT ( 'NONE', #5184 ) ;
#5808 = EDGE_CURVE ( 'NONE', #1094, #3397, #837, .T. ) ;
#5809 = SURFACE_STYLE_USAGE ( .BOTH. , #5634 ) ;
#5810 = VECTOR ( 'NONE', #2551, 1000.000000000000000 ) ;
#5811 = AXIS2_PLACEMENT_3D ( 'NONE', #1526, #4863, #2014 ) ;
#5812 = ORIENTED_EDGE ( 'NONE', *, *, #2240, .T. ) ;
#5813 = EDGE_LOOP ( 'NONE', ( #2135, #2310, #5682, #215, #4090, #1665, #2777, #3546 ) ) ;
#5814 = B_SPLINE_CURVE_WITH_KNOTS ( 'NONE', 3,
 ( #4050, #4012, #4116, #4161, #4563, #4201, #4223, #4247, #4266, #4285 ),
 .UNSPECIFIED., .F., .F.,
 ( 4, 2, 2, 2, 4 ),
 ( 0.0000000000000000000, 0.0004051633036399548600, 0.0008103266072799097300, 0.001215489910919864600, 0.001620653214559819500 ),
 .UNSPECIFIED. ) ;
#5815 = PLANE ( 'NONE',  #4490 ) ;
#5816 = CARTESIAN_POINT ( 'NONE',  ( 5.000000000000000000, 3.700000000000000200, 0.8000000000000000400 ) ) ;
#5817 = LINE ( 'NONE', #3927, #5683 ) ;
#5818 = PRESENTATION_LAYER_ASSIGNMENT (  '', '', ( #5221 ) ) ;
#5819 = AXIS2_PLACEMENT_3D ( 'NONE', #160, #3595, #661 ) ;
#5820 = SURFACE_STYLE_FILL_AREA ( #977 ) ;
#5821 = ORIENTED_EDGE ( 'NONE', *, *, #2068, .F. ) ;
#5823 = CIRCLE ( 'NONE', #50, 0.2999999999999999300 ) ;
#5822 = SURFACE_STYLE_FILL_AREA ( #2630 ) ;
#5824 = CARTESIAN_POINT ( 'NONE',  ( 5.204748896376218700E-017, -2.000000000000000000, 0.5999999999999998700 ) ) ;
#5825 = UNCERTAINTY_MEASURE_WITH_UNIT (LENGTH_MEASURE( 1.000000000000000100E-005 ), #114, 'distance_accuracy_value', 'NONE');
#5826 = PRESENTATION_STYLE_ASSIGNMENT (( #5245 ) ) ;
#5827 = FILL_AREA_STYLE_COLOUR ( '', #4133 ) ;
#5828 = ORIENTED_EDGE ( 'NONE', *, *, #3440, .F. ) ;
#5829 = PRESENTATION_STYLE_ASSIGNMENT (( #787 ) ) ;
#5830 = PRESENTATION_LAYER_ASSIGNMENT (  '', '', ( #6134 ) ) ;
#5831 = CARTESIAN_POINT ( 'NONE',  ( 1.236931687685759700, 0.3999999999985610600, 5.799999999999999800 ) ) ;
#5832 = CARTESIAN_POINT ( 'NONE',  ( 3.499999999999730000, 3.700000000000000200, 5.799999999999999800 ) ) ;
#5833 = DIRECTION ( 'NONE',  ( 0.0000000000000000000, 0.0000000000000000000, 1.000000000000000000 ) ) ;
#5834 = VERTEX_POINT ( 'NONE', #6087 ) ;
#5835 = FILL_AREA_STYLE ('',( #5783 ) ) ;
#5836 = CIRCLE ( 'NONE', #289, 0.5000000000000004400 ) ;
#5837 = CIRCLE ( 'NONE', #2996, 0.4000000000000001900 ) ;
#5838 = DIRECTION ( 'NONE',  ( 0.0000000000000000000, 0.0000000000000000000, 1.000000000000000000 ) ) ;
#5839 = DIRECTION ( 'NONE',  ( 0.0000000000000000000, -0.2588190451025180700, -0.9659258262890690900 ) ) ;
#5840 = AXIS2_PLACEMENT_3D ( 'NONE', #320, #3740, #828 ) ;
#5841 = EDGE_CURVE ( 'NONE', #3411, #208, #986, .T. ) ;
#5842 = CARTESIAN_POINT ( 'NONE',  ( 0.0000000000000000000, 0.0000000000000000000, 0.2000000000000000100 ) ) ;
#5843 = EDGE_CURVE ( 'NONE', #2013, #1977, #4695, .T. ) ;
#5844 = DIRECTION ( 'NONE',  ( 2.865091676456939800E-016, 1.000000000000000000, 0.0000000000000000000 ) ) ;
#5845 = ORIENTED_EDGE ( 'NONE', *, *, #4630, .F. ) ;
#5846 = ORIENTED_EDGE ( 'NONE', *, *, #3789, .T. ) ;
#5847 = AXIS2_PLACEMENT_3D ( 'NONE', #808, #2296, #4198 ) ;
#5848 = FACE_OUTER_BOUND ( 'NONE', #4232, .T. ) ;
#5849 =( LENGTH_UNIT ( ) NAMED_UNIT ( * ) SI_UNIT ( .MILLI., .METRE. ) );
#5850 =( LENGTH_UNIT ( ) NAMED_UNIT ( * ) SI_UNIT ( .MILLI., .METRE. ) );
#5851 = SURFACE_SIDE_STYLE ('',( #5659 ) ) ;
#5852 = SURFACE_STYLE_USAGE ( .BOTH. , #2579 ) ;
#5853 = AXIS2_PLACEMENT_3D ( 'NONE', #4124, #2824, #2172 ) ;
#5854 = MECHANICAL_DESIGN_GEOMETRIC_PRESENTATION_REPRESENTATION (  '', ( #4946 ), #6153 ) ;
#5855 = UNCERTAINTY_MEASURE_WITH_UNIT (LENGTH_MEASURE( 1.000000000000000100E-005 ), #5707, 'distance_accuracy_value', 'NONE');
#5856 = SURFACE_SIDE_STYLE ('',( #4115 ) ) ;
#5857 = PRESENTATION_STYLE_ASSIGNMENT (( #4193 ) ) ;
#5858 =( LENGTH_UNIT ( ) NAMED_UNIT ( * ) SI_UNIT ( .MILLI., .METRE. ) );
#5859 = VERTEX_POINT ( 'NONE', #395 ) ;
#5860 = CARTESIAN_POINT ( 'NONE',  ( 0.0000000000000000000, 0.0000000000000000000, -5.100000000000000500 ) ) ;
#5861 = LINE ( 'NONE', #145, #2123 ) ;
#5862 = CIRCLE ( 'NONE', #3128, 1.800000000000000300 ) ;
#5863 =( GEOMETRIC_REPRESENTATION_CONTEXT ( 3 ) GLOBAL_UNCERTAINTY_ASSIGNED_CONTEXT ( ( #2181 ) ) GLOBAL_UNIT_ASSIGNED_CONTEXT ( ( #2496, #1947, #1296 ) ) REPRESENTATION_CONTEXT ( 'NONE', 'WORKASPACE' ) );
#5864 = CARTESIAN_POINT ( 'NONE',  ( 7.049999999999729800, 2.700000000000000200, 5.799999999999999800 ) ) ;
#5865 = VERTEX_POINT ( 'NONE', #3808 ) ;
#5866 = CARTESIAN_POINT ( 'NONE',  ( -1.761227609852357200, 0.3715875486258293800, 5.299999999999999800 ) ) ;
#5867 =( NAMED_UNIT ( * ) PLANE_ANGLE_UNIT ( ) SI_UNIT ( $, .RADIAN. ) );
#5868 = ORIENTED_EDGE ( 'NONE', *, *, #5908, .T. ) ;
#5869 = SURFACE_STYLE_USAGE ( .BOTH. , #5851 ) ;
#5870 = PRESENTATION_LAYER_ASSIGNMENT (  '', '', ( #5564 ) ) ;
#5871 = ORIENTED_EDGE ( 'NONE', *, *, #1, .F. ) ;
#5872 = FILL_AREA_STYLE_COLOUR ( '', #3292 ) ;
#5873 = CIRCLE ( 'NONE', #6075, 0.5000000000000000000 ) ;
#5874 = EDGE_CURVE ( 'NONE', #6150, #90, #2162, .T. ) ;
#5875 = FILL_AREA_STYLE ('',( #1646 ) ) ;
#5876 = EDGE_LOOP ( 'NONE', ( #2883, #5454, #149, #5988 ) ) ;
#5877 = ORIENTED_EDGE ( 'NONE', *, *, #777, .F. ) ;
#5878 = CARTESIAN_POINT ( 'NONE',  ( 5.000000000000000000, 0.0000000000000000000, 5.799999999999999800 ) ) ;
#5879 = MECHANICAL_DESIGN_GEOMETRIC_PRESENTATION_REPRESENTATION (  '', ( #5278 ), #6174 ) ;
#5880 = VERTEX_POINT ( 'NONE', #3785 ) ;
#5881 = CARTESIAN_POINT ( 'NONE',  ( 6.499999999999730000, 2.700000000000000200, 5.799999999999999800 ) ) ;
#5882 = ORIENTED_EDGE ( 'NONE', *, *, #3240, .T. ) ;
#5883 = LINE ( 'NONE', #4757, #2314 ) ;
#5884 = CARTESIAN_POINT ( 'NONE',  ( 1.246555811733255600, 2.810997007344127100, 5.592893218813453700 ) ) ;
#5885 = SURFACE_SIDE_STYLE ('',( #1035 ) ) ;
#5886 = CYLINDRICAL_SURFACE ( 'NONE', #4628, 1.825000000000000200 ) ;
#5887 =( GEOMETRIC_REPRESENTATION_CONTEXT ( 3 ) GLOBAL_UNCERTAINTY_ASSIGNED_CONTEXT ( ( #4162 ) ) GLOBAL_UNIT_ASSIGNED_CONTEXT ( ( #2727, #5983, #3209 ) ) REPRESENTATION_CONTEXT ( 'NONE', 'WORKASPACE' ) );
#5888 =( BOUNDED_CURVE ( )  B_SPLINE_CURVE ( 3, ( #119, #29, #209, #224 ),
 .UNSPECIFIED., .F., .F. ) 
 B_SPLINE_CURVE_WITH_KNOTS ( ( 4, 4 ),
 ( 4.712388980384689700, 7.853981633974482800 ),
 .UNSPECIFIED. ) 
 CURVE ( )  GEOMETRIC_REPRESENTATION_ITEM ( )  RATIONAL_B_SPLINE_CURVE ( ( 1.000000000000000000, 0.3333333333333333700, 0.3333333333333333700, 1.000000000000000000 ) ) 
 REPRESENTATION_ITEM ( '' )  );
#5889 =( LENGTH_UNIT ( ) NAMED_UNIT ( * ) SI_UNIT ( .MILLI., .METRE. ) );
#5890 = DIRECTION ( 'NONE',  ( 0.0000000000000000000, 0.0000000000000000000, 1.000000000000000000 ) ) ;
#5891 = VECTOR ( 'NONE', #4497, 1000.000000000000000 ) ;
#5892 = VECTOR ( 'NONE', #1374, 1000.000000000000000 ) ;
#5893 = VERTEX_POINT ( 'NONE', #1418 ) ;
#5894 = CARTESIAN_POINT ( 'NONE',  ( 2.949999999999730200, 2.700000000000000200, 0.8000000000000000400 ) ) ;
#5895 = CARTESIAN_POINT ( 'NONE',  ( -2.050000000000269800, 2.700000000000000200, 0.8000000000000000400 ) ) ;
#5896 = AXIS2_PLACEMENT_3D ( 'NONE', #5521, #5553, #5499 ) ;
#5897 = ORIENTED_EDGE ( 'NONE', *, *, #5502, .T. ) ;
#5898 = FACE_OUTER_BOUND ( 'NONE', #2420, .T. ) ;
#5899 = FILL_AREA_STYLE ('',( #5434 ) ) ;
#5900 = FACE_OUTER_BOUND ( 'NONE', #2731, .T. ) ;
#5901 = FACE_OUTER_BOUND ( 'NONE', #2614, .T. ) ;
#5902 = STYLED_ITEM ( 'NONE', ( #4265 ), #3302 ) ;
#5903 = AXIS2_PLACEMENT_3D ( 'NONE', #5754, #5764, #5770 ) ;
#5904 = ADVANCED_FACE ( 'NONE', ( #5751, #5610 ), #5219, .T. ) ;
#5905 = CARTESIAN_POINT ( 'NONE',  ( -2.500000000000000400, 3.739230484541327600, 6.700000000000000200 ) ) ;
#5906 = LINE ( 'NONE', #2448, #2180 ) ;
#5907 = DIRECTION ( 'NONE',  ( -1.000000000000000000, -0.0000000000000000000, 0.0000000000000000000 ) ) ;
#5908 = EDGE_CURVE ( 'NONE', #3420, #5859, #3941, .T. ) ;
#5909 =( NAMED_UNIT ( * ) PLANE_ANGLE_UNIT ( ) SI_UNIT ( $, .RADIAN. ) );
#5910 =( LENGTH_UNIT ( ) NAMED_UNIT ( * ) SI_UNIT ( .MILLI., .METRE. ) );
#5911 = FACE_OUTER_BOUND ( 'NONE', #2653, .T. ) ;
#5912 = ORIENTED_EDGE ( 'NONE', *, *, #2789, .F. ) ;
#5913 = ORIENTED_EDGE ( 'NONE', *, *, #3976, .T. ) ;
#5914 = DIRECTION ( 'NONE',  ( 1.000000000000000000, 0.0000000000000000000, -4.752667057935326700E-016 ) ) ;
#5915 = DIRECTION ( 'NONE',  ( -1.000000000000000000, 0.0000000000000000000, 0.0000000000000000000 ) ) ;
#5916 = DIRECTION ( 'NONE',  ( 0.0000000000000000000, 0.0000000000000000000, 1.000000000000000000 ) ) ;
#5917 = EDGE_CURVE ( 'NONE', #32, #5558, #1549, .T. ) ;
#5918 = CARTESIAN_POINT ( 'NONE',  ( -3.263448539181368300E-014, -1.824999999826137000, 6.092571664851221600 ) ) ;
#5919 = VECTOR ( 'NONE', #531, 1000.000000000000000 ) ;
#5920 = CARTESIAN_POINT ( 'NONE',  ( -1.761227609852362900, -0.3715875486258007900, 5.592893218813452800 ) ) ;
#5921 = EDGE_CURVE ( 'NONE', #4300, #2268, #5196, .T. ) ;
#5922 = PRESENTATION_LAYER_ASSIGNMENT (  '', '', ( #5620 ) ) ;
#5923 = SHAPE_DEFINITION_REPRESENTATION ( #4512, #5225 ) ;
#5924 =( NAMED_UNIT ( * ) PLANE_ANGLE_UNIT ( ) SI_UNIT ( $, .RADIAN. ) );
#5925 = CARTESIAN_POINT ( 'NONE',  ( -2.000000000000000000, -2.000000000000000000, 4.700000000000000200 ) ) ;
#5926 =( NAMED_UNIT ( * ) SI_UNIT ( $, .STERADIAN. ) SOLID_ANGLE_UNIT ( ) );
#5927 = UNCERTAINTY_MEASURE_WITH_UNIT (LENGTH_MEASURE( 1.000000000000000100E-005 ), #3953, 'distance_accuracy_value', 'NONE');
#5928 = CARTESIAN_POINT ( 'NONE',  ( 1.500000000000000000, 0.0000000000000000000, 0.0000000000000000000 ) ) ;
#5929 = AXIS2_PLACEMENT_3D ( 'NONE', #750, #5084, #4501 ) ;
#5930 = PRESENTATION_LAYER_ASSIGNMENT (  '', '', ( #5628 ) ) ;
#5931 = EDGE_LOOP ( 'NONE', ( #3273, #1221, #779, #601 ) ) ;
#5932 = FILL_AREA_STYLE_COLOUR ( '', #2478 ) ;
#5933 = CARTESIAN_POINT ( 'NONE',  ( 7.500000000000000000, -3.100000000000000500, -1.456080807286818400E-018 ) ) ;
#5934 = PRODUCT_CONTEXT ( 'NONE', #180, 'mechanical' ) ;
#5935 = VECTOR ( 'NONE', #60, 1000.000000000000000 ) ;
#5936 = ADVANCED_FACE ( 'NONE', ( #2677 ), #4797, .T. ) ;
#5937 = ORIENTED_EDGE ( 'NONE', *, *, #5205, .T. ) ;
#5938 = CARTESIAN_POINT ( 'NONE',  ( 0.0000000000000000000, 0.0000000000000000000, 0.0000000000000000000 ) ) ;
#5939 = ORIENTED_EDGE ( 'NONE', *, *, #5343, .T. ) ;
#5940 =( GEOMETRIC_REPRESENTATION_CONTEXT ( 3 ) GLOBAL_UNCERTAINTY_ASSIGNED_CONTEXT ( ( #4844 ) ) GLOBAL_UNIT_ASSIGNED_CONTEXT ( ( #1050, #1077, #1101 ) ) REPRESENTATION_CONTEXT ( 'NONE', 'WORKASPACE' ) );
#5941 = CARTESIAN_POINT ( 'NONE',  ( 0.9000000000014550800, 1.102182119234400000E-016, 0.9999999999763531400 ) ) ;
#5942 = FACE_OUTER_BOUND ( 'NONE', #3561, .T. ) ;
#5943 = VERTEX_POINT ( 'NONE', #4816 ) ;
#5944 = ORIENTED_EDGE ( 'NONE', *, *, #689, .F. ) ;
#5946 = COLOUR_RGB ( '',0.0000000000000000000, 0.3686274509803921800, 0.7215686274509803800 ) ;
#5945 = FILL_AREA_STYLE ('',( #4577 ) ) ;
#5947 = DIRECTION ( 'NONE',  ( 1.000000000000000000, 0.0000000000000000000, 0.0000000000000000000 ) ) ;
#5948 = STYLED_ITEM ( 'NONE', ( #2035 ), #3135 ) ;
#5949 = LINE ( 'NONE', #5402, #895 ) ;
#5950 = ORIENTED_EDGE ( 'NONE', *, *, #1800, .T. ) ;
#5951 = TOROIDAL_SURFACE ( 'NONE', #4710, 0.1000000000000000100, 0.4000000000000000200 ) ;
#5952 = EDGE_CURVE ( 'NONE', #1887, #1429, #4618, .T. ) ;
#5953 = CARTESIAN_POINT ( 'NONE',  ( 1.499999999999730000, 2.700000000000000200, 5.799999999999999800 ) ) ;
#5954 = CARTESIAN_POINT ( 'NONE',  ( 4.499999999999968900, 3.000000000000000000, 5.799999999999999800 ) ) ;
#5955 = ORIENTED_EDGE ( 'NONE', *, *, #436, .F. ) ;
#5956 = APPLICATION_CONTEXT ( 'automotive_design' ) ;
#5957 = FACE_OUTER_BOUND ( 'NONE', #2147, .T. ) ;
#5958 = ORIENTED_EDGE ( 'NONE', *, *, #5803, .T. ) ;
#5959 = EDGE_CURVE ( 'NONE', #147, #5435, #3360, .T. ) ;
#5960 = SURFACE_STYLE_FILL_AREA ( #1906 ) ;
#5961 = DIRECTION ( 'NONE',  ( 0.0000000000000000000, -0.0000000000000000000, 1.000000000000000000 ) ) ;
#5962 = STYLED_ITEM ( 'NONE', ( #5364 ), #4808 ) ;
#5963 = SURFACE_STYLE_USAGE ( .BOTH. , #2699 ) ;
#5964 = ORIENTED_EDGE ( 'NONE', *, *, #4933, .T. ) ;
#5965 = MANIFOLD_SOLID_BREP ( 'Imported1', #826 ) ;
#5966 = ADVANCED_FACE ( 'NONE', ( #751 ), #5723, .F. ) ;
#5967 = PLANE ( 'NONE',  #651 ) ;
#5968 = SURFACE_STYLE_FILL_AREA ( #707 ) ;
#5969 = DIRECTION ( 'NONE',  ( 0.0000000000000000000, 0.0000000000000000000, -1.000000000000000000 ) ) ;
#5970 = MECHANICAL_DESIGN_GEOMETRIC_PRESENTATION_REPRESENTATION (  '', ( #5073 ), #67 ) ;
#5971 = MECHANICAL_DESIGN_GEOMETRIC_PRESENTATION_REPRESENTATION (  '', ( #5356 ), #68 ) ;
#5972 = FACE_OUTER_BOUND ( 'NONE', #717, .T. ) ;
#5973 = ORIENTED_EDGE ( 'NONE', *, *, #4745, .T. ) ;
#5974 = CARTESIAN_POINT ( 'NONE',  ( 6.499999999999730000, 2.700000000000000200, 0.8000000000000000400 ) ) ;
#5975 = FACE_OUTER_BOUND ( 'NONE', #2779, .T. ) ;
#5976 =( LENGTH_UNIT ( ) NAMED_UNIT ( * ) SI_UNIT ( .MILLI., .METRE. ) );
#5977 = SURFACE_STYLE_USAGE ( .BOTH. , #2715 ) ;
#5978 = SURFACE_STYLE_USAGE ( .BOTH. , #2720 ) ;
#5979 = VECTOR ( 'NONE', #443, 1000.000000000000000 ) ;
#5980 = FILL_AREA_STYLE ('',( #2253 ) ) ;
#5981 = PRESENTATION_STYLE_ASSIGNMENT (( #504 ) ) ;
#5982 =( GEOMETRIC_REPRESENTATION_CONTEXT ( 3 ) GLOBAL_UNCERTAINTY_ASSIGNED_CONTEXT ( ( #6004 ) ) GLOBAL_UNIT_ASSIGNED_CONTEXT ( ( #4457, #1590, #4925 ) ) REPRESENTATION_CONTEXT ( 'NONE', 'WORKASPACE' ) );
#5983 =( NAMED_UNIT ( * ) PLANE_ANGLE_UNIT ( ) SI_UNIT ( $, .RADIAN. ) );
#5984 = CARTESIAN_POINT ( 'NONE',  ( 1.000000000000000000, -2.350000000000000100, 2.432743338823080100 ) ) ;
#5985 = EDGE_CURVE ( 'NONE', #819, #4824, #1136, .T. ) ;
#5986 = FACE_BOUND ( 'NONE', #3525, .T. ) ;
#5987 = DIRECTION ( 'NONE',  ( 1.000000000000000000, 0.0000000000000000000, 0.0000000000000000000 ) ) ;
#5988 = ORIENTED_EDGE ( 'NONE', *, *, #1839, .F. ) ;
#5989 = ORIENTED_EDGE ( 'NONE', *, *, #855, .T. ) ;
#5990 = LINE ( 'NONE', #3210, #3530 ) ;
#5991 = FILL_AREA_STYLE_COLOUR ( '', #3940 ) ;
#5992 = FILL_AREA_STYLE_COLOUR ( '', #3964 ) ;
#5993 = CARTESIAN_POINT ( 'NONE',  ( -1.000000000000000000, 0.6912459284779619600, 1.549472632322330000 ) ) ;
#5994 = FILL_AREA_STYLE ('',( #2264 ) ) ;
#5995 = AXIS2_PLACEMENT_3D ( 'NONE', #4229, #1360, #4714 ) ;
#5996 = ADVANCED_FACE ( 'NONE', ( #6035 ), #7, .F. ) ;
#5997 = EDGE_CURVE ( 'NONE', #2648, #1834, #4384, .T. ) ;
#5998 = ORIENTED_EDGE ( 'NONE', *, *, #6143, .F. ) ;
#5999 =( NAMED_UNIT ( * ) SI_UNIT ( $, .STERADIAN. ) SOLID_ANGLE_UNIT ( ) );
#6000 =( LENGTH_UNIT ( ) NAMED_UNIT ( * ) SI_UNIT ( .MILLI., .METRE. ) );
#6001 = SURFACE_SIDE_STYLE ('',( #4430 ) ) ;
#6002 = ORIENTED_EDGE ( 'NONE', *, *, #5694, .F. ) ;
#6003 =( GEOMETRIC_REPRESENTATION_CONTEXT ( 3 ) GLOBAL_UNCERTAINTY_ASSIGNED_CONTEXT ( ( #2422 ) ) GLOBAL_UNIT_ASSIGNED_CONTEXT ( ( #3558, #625, #4028 ) ) REPRESENTATION_CONTEXT ( 'NONE', 'WORKASPACE' ) );
#6004 = UNCERTAINTY_MEASURE_WITH_UNIT (LENGTH_MEASURE( 1.000000000000000100E-005 ), #4457, 'distance_accuracy_value', 'NONE');
#6005 = LINE ( 'NONE', #3534, #246 ) ;
#6006 = FILL_AREA_STYLE_COLOUR ( '', #4174 ) ;
#6007 = DIRECTION ( 'NONE',  ( -1.000000000000000000, -0.0000000000000000000, -0.0000000000000000000 ) ) ;
#6008 = ORIENTED_EDGE ( 'NONE', *, *, #3757, .T. ) ;
#6009 = VECTOR ( 'NONE', #4095, 1000.000000000000000 ) ;
#6010 = MECHANICAL_DESIGN_GEOMETRIC_PRESENTATION_REPRESENTATION (  '', ( #5400 ), #118 ) ;
#6011 = PRODUCT_RELATED_PRODUCT_CATEGORY ( 'part', '', ( #3913 ) ) ;
#6012 = ORIENTED_EDGE ( 'NONE', *, *, #689, .T. ) ;
#6013 = CARTESIAN_POINT ( 'NONE',  ( 5.549999999999999800, -3.100000000000000500, 0.8000000000000000400 ) ) ;
#6014 = CARTESIAN_POINT ( 'NONE',  ( -2.500000000000000400, 3.739230484541327600, 4.329528285905446300E-016 ) ) ;
#6015 = ORIENTED_EDGE ( 'NONE', *, *, #730, .F. ) ;
#6016 = CARTESIAN_POINT ( 'NONE',  ( 1.000000000000010000, -2.000000000000000000, 0.0000000000000000000 ) ) ;
#6017 = VERTEX_POINT ( 'NONE', #3474 ) ;
#6018 = SURFACE_STYLE_FILL_AREA ( #4842 ) ;
#6019 = FILL_AREA_STYLE ('',( #2762 ) ) ;
#6020 = VECTOR ( 'NONE', #609, 1000.000000000000000 ) ;
#6021 = MECHANICAL_DESIGN_GEOMETRIC_PRESENTATION_REPRESENTATION (  '', ( #4809 ), #123 ) ;
#6022 = VERTEX_POINT ( 'NONE', #536 ) ;
#6023 = DIRECTION ( 'NONE',  ( 0.0000000000000000000, 0.9659258262890690900, -0.2588190451025180700 ) ) ;
#6024 = FILL_AREA_STYLE ('',( #3844 ) ) ;
#6025 = VECTOR ( 'NONE', #5415, 1000.000000000000000 ) ;
#6026 = FACE_OUTER_BOUND ( 'NONE', #635, .T. ) ;
#6027 = VERTEX_POINT ( 'NONE', #4896 ) ;
#6028 = ADVANCED_FACE ( 'NONE', ( #1860 ), #2987, .T. ) ;
#6029 = EDGE_LOOP ( 'NONE', ( #3699, #1430 ) ) ;
#6030 =( LENGTH_UNIT ( ) NAMED_UNIT ( * ) SI_UNIT ( .MILLI., .METRE. ) );
#6031 = DIRECTION ( 'NONE',  ( 0.0000000000000000000, 0.0000000000000000000, -1.000000000000000000 ) ) ;
#6032 = ORIENTED_EDGE ( 'NONE', *, *, #1749, .F. ) ;
#6033 = MECHANICAL_DESIGN_GEOMETRIC_PRESENTATION_REPRESENTATION (  '', ( #5416 ), #139 ) ;
#6034 = EDGE_CURVE ( 'NONE', #3378, #4525, #3122, .T. ) ;
#6035 = FACE_OUTER_BOUND ( 'NONE', #2290, .T. ) ;
#6036 = DIRECTION ( 'NONE',  ( -1.000000000000000000, 0.0000000000000000000, 0.0000000000000000000 ) ) ;
#6037 =( LENGTH_UNIT ( ) NAMED_UNIT ( * ) SI_UNIT ( .MILLI., .METRE. ) );
#6038 = LINE ( 'NONE', #5918, #4835 ) ;
#6039 = EDGE_CURVE ( 'NONE', #1834, #4421, #1395, .T. ) ;
#6040 = LINE ( 'NONE', #1870, #3436 ) ;
#6041 = VERTEX_POINT ( 'NONE', #3028 ) ;
#6042 = SURFACE_SIDE_STYLE ('',( #871 ) ) ;
#6043 = PRESENTATION_STYLE_ASSIGNMENT (( #5852 ) ) ;
#6044 = PRESENTATION_LAYER_ASSIGNMENT (  '', '', ( #5149 ) ) ;
#6045 = UNCERTAINTY_MEASURE_WITH_UNIT (LENGTH_MEASURE( 1.000000000000000100E-005 ), #6000, 'distance_accuracy_value', 'NONE');
#6046 = PRODUCT_DEFINITION_SHAPE ( 'NONE', 'NONE',  #6194 ) ;
#6047 = FILL_AREA_STYLE_COLOUR ( '', #1662 ) ;
#6048 = ORIENTED_EDGE ( 'NONE', *, *, #5106, .F. ) ;
#6049 = ORIENTED_EDGE ( 'NONE', *, *, #5449, .T. ) ;
#6050 = DIRECTION ( 'NONE',  ( -0.0000000000000000000, -1.000000000000000000, 6.643039201861150300E-030 ) ) ;
#6051 = AXIS2_PLACEMENT_3D ( 'NONE', #2506, #1339, #1236 ) ;
#6052 = LINE ( 'NONE', #2937, #4847 ) ;
#6053 = PLANE ( 'NONE',  #3934 ) ;
#6054 = CARTESIAN_POINT ( 'NONE',  ( 1.500000000000000000, 0.0000000000000000000, 0.2000000000000000100 ) ) ;
#6055 = ADVANCED_FACE ( 'NONE', ( #3795, #33 ), #3963, .T. ) ;
#6056 = MECHANICAL_DESIGN_GEOMETRIC_PRESENTATION_REPRESENTATION (  '', ( #5436 ), #164 ) ;
#6057 = CONICAL_SURFACE ( 'NONE', #3736, 1.824999999821587300, 1.396263401602017500 ) ;
#6058 = ORIENTED_EDGE ( 'NONE', *, *, #5841, .F. ) ;
#6059 = SURFACE_STYLE_USAGE ( .BOTH. , #2796 ) ;
#6060 = ORIENTED_EDGE ( 'NONE', *, *, #2368, .F. ) ;
#6061 = FACE_OUTER_BOUND ( 'NONE', #2125, .T. ) ;
#6062 = CARTESIAN_POINT ( 'NONE',  ( 0.8999999999999960300, 1.102182119232613200E-016, 1.000000000000000000 ) ) ;
#6063 =( LENGTH_UNIT ( ) NAMED_UNIT ( * ) SI_UNIT ( .MILLI., .METRE. ) );
#6064 = VECTOR ( 'NONE', #2025, 1000.000000000000100 ) ;
#6065 =( GEOMETRIC_REPRESENTATION_CONTEXT ( 3 ) GLOBAL_UNCERTAINTY_ASSIGNED_CONTEXT ( ( #1238 ) ) GLOBAL_UNIT_ASSIGNED_CONTEXT ( ( #2821, #6080, #3317 ) ) REPRESENTATION_CONTEXT ( 'NONE', 'WORKASPACE' ) );
#6066 = DIRECTION ( 'NONE',  ( -1.000000000000000000, 0.0000000000000000000, 0.0000000000000000000 ) ) ;
#6067 = EDGE_CURVE ( 'NONE', #2831, #1845, #3352, .T. ) ;
#6068 = CARTESIAN_POINT ( 'NONE',  ( 1.044422798333887900E-016, -1.000000000000003600, 3.500000000000002200 ) ) ;
#6069 = COLOUR_RGB ( '',0.7921568627450980000, 0.8000000000000000400, 0.8078431372549019800 ) ;
#6070 = EDGE_CURVE ( 'NONE', #628, #2981, #2069, .T. ) ;
#6071 = CARTESIAN_POINT ( 'NONE',  ( 7.049999999998655100, 2.700000000000000200, 5.799999999999999800 ) ) ;
#6072 = EDGE_LOOP ( 'NONE', ( #1714, #1650, #100, #4246 ) ) ;
#6073 = UNCERTAINTY_MEASURE_WITH_UNIT (LENGTH_MEASURE( 1.000000000000000100E-005 ), #2088, 'distance_accuracy_value', 'NONE');
#6074 = DIRECTION ( 'NONE',  ( -0.0000000000000000000, -0.0000000000000000000, -1.000000000000000000 ) ) ;
#6075 = AXIS2_PLACEMENT_3D ( 'NONE', #4452, #1587, #4922 ) ;
#6076 = FACE_OUTER_BOUND ( 'NONE', #1614, .T. ) ;
#6077 = ORIENTED_EDGE ( 'NONE', *, *, #1379, .F. ) ;
#6078 =( LENGTH_UNIT ( ) NAMED_UNIT ( * ) SI_UNIT ( .MILLI., .METRE. ) );
#6079 = UNCERTAINTY_MEASURE_WITH_UNIT (LENGTH_MEASURE( 1.000000000000000100E-005 ), #2116, 'distance_accuracy_value', 'NONE');
#6080 =( NAMED_UNIT ( * ) PLANE_ANGLE_UNIT ( ) SI_UNIT ( $, .RADIAN. ) );
#6081 = CARTESIAN_POINT ( 'NONE',  ( 0.8999999999999961400, 1.799999999999992700, 0.04142135623730909500 ) ) ;
#6082 = EDGE_CURVE ( 'NONE', #6162, #5298, #742, .T. ) ;
#6083 = PRESENTATION_LAYER_ASSIGNMENT (  '', '', ( #5773 ) ) ;
#6084 = EDGE_LOOP ( 'NONE', ( #2133, #1372, #3813, #3421 ) ) ;
#6085 = EDGE_LOOP ( 'NONE', ( #5482, #5958, #3473, #2544 ) ) ;
#6086 = ADVANCED_FACE ( 'NONE', ( #4612, #5678, #3202 ), #5403, .F. ) ;
#6087 = CARTESIAN_POINT ( 'NONE',  ( -0.5000000000000000000, 0.0000000000000000000, -4.700000000000000200 ) ) ;
#6088 = VECTOR ( 'NONE', #5354, 1000.000000000000000 ) ;
#6089 = DIRECTION ( 'NONE',  ( -0.0000000000000000000, 1.000000000000000000, 0.0000000000000000000 ) ) ;
#6090 = VECTOR ( 'NONE', #1244, 1000.000000000000000 ) ;
#6091 = VERTEX_POINT ( 'NONE', #640 ) ;
#6092 = MECHANICAL_DESIGN_GEOMETRIC_PRESENTATION_REPRESENTATION (  '', ( #5190 ), #206 ) ;
#6093 = CYLINDRICAL_SURFACE ( 'NONE', #6111, 1.300000000000000000 ) ;
#6094 =( LENGTH_UNIT ( ) NAMED_UNIT ( * ) SI_UNIT ( .MILLI., .METRE. ) );
#6095 =( NAMED_UNIT ( * ) SI_UNIT ( $, .STERADIAN. ) SOLID_ANGLE_UNIT ( ) );
#6096 = CIRCLE ( 'NONE', #5162, 0.5000000000000000000 ) ;
#6097 =( NAMED_UNIT ( * ) PLANE_ANGLE_UNIT ( ) SI_UNIT ( $, .RADIAN. ) );
#6098 = ORIENTED_EDGE ( 'NONE', *, *, #5145, .T. ) ;
#6099 = CARTESIAN_POINT ( 'NONE',  ( 1.577721810442019900E-030, 0.0000000000000000000, 5.500000000000000000 ) ) ;
#6100 = AXIS2_PLACEMENT_3D ( 'NONE', #4206, #1336, #4692 ) ;
#6101 = ORIENTED_EDGE ( 'NONE', *, *, #4936, .F. ) ;
#6102 = MECHANICAL_DESIGN_GEOMETRIC_PRESENTATION_REPRESENTATION (  '', ( #5483 ), #216 ) ;
#6103 = CIRCLE ( 'NONE', #2737, 4.200000000000000200 ) ;
#6104 = CARTESIAN_POINT ( 'NONE',  ( 0.1352276089097831900, 1.000000000000000000, 3.499999999999999100 ) ) ;
#6105 = ORIENTED_EDGE ( 'NONE', *, *, #5240, .T. ) ;
#6106 = ORIENTED_EDGE ( 'NONE', *, *, #5689, .T. ) ;
#6107 = EDGE_CURVE ( 'NONE', #5593, #1168, #1465, .T. ) ;
#6108 = DIRECTION ( 'NONE',  ( 0.0000000000000000000, 0.0000000000000000000, 1.000000000000000000 ) ) ;
#6109 = ORIENTED_EDGE ( 'NONE', *, *, #2322, .T. ) ;
#6110 = CARTESIAN_POINT ( 'NONE',  ( 2.749999999999969800, -2.000000000000000000, 2.000000000000000000 ) ) ;
#6111 = AXIS2_PLACEMENT_3D ( 'NONE', #4054, #4499, #5915 ) ;
#6112 = EDGE_CURVE ( 'NONE', #4525, #4888, #5125, .T. ) ;
#6113 = DIRECTION ( 'NONE',  ( 1.000000000000000000, 0.0000000000000000000, 0.0000000000000000000 ) ) ;
#6114 = CARTESIAN_POINT ( 'NONE',  ( 1.236931687685760100, -0.3999999999985609000, 5.799999999999999800 ) ) ;
#6115 = UNCERTAINTY_MEASURE_WITH_UNIT (LENGTH_MEASURE( 1.000000000000000100E-005 ), #772, 'distance_accuracy_value', 'NONE');
#6116 = ADVANCED_FACE ( 'NONE', ( #6160 ), #3261, .T. ) ;
#6117 = PRESENTATION_STYLE_ASSIGNMENT (( #2445 ) ) ;
#6118 = LINE ( 'NONE', #4753, #377 ) ;
#6119 = PRESENTATION_LAYER_ASSIGNMENT (  '', '', ( #5505 ) ) ;
#6120 = PRESENTATION_STYLE_ASSIGNMENT (( #2576 ) ) ;
#6121 = CARTESIAN_POINT ( 'NONE',  ( 5.549999999999999800, -3.100000000000000500, -1.456080807266352900E-018 ) ) ;
#6122 =( NAMED_UNIT ( * ) SI_UNIT ( $, .STERADIAN. ) SOLID_ANGLE_UNIT ( ) );
#6123 = LINE ( 'NONE', #5246, #4779 ) ;
#6124 =( LENGTH_UNIT ( ) NAMED_UNIT ( * ) SI_UNIT ( .MILLI., .METRE. ) );
#6125 = CARTESIAN_POINT ( 'NONE',  ( -1.000000000000000000, -2.549999999999998500, -1.700000000000000200 ) ) ;
#6126 = MECHANICAL_DESIGN_GEOMETRIC_PRESENTATION_REPRESENTATION (  '', ( #5221 ), #241 ) ;
#6127 = AXIS2_PLACEMENT_3D ( 'NONE', #4055, #1172, #4548 ) ;
#6128 = PRESENTATION_STYLE_ASSIGNMENT (( #4169 ) ) ;
#6129 = LINE ( 'NONE', #406, #3231 ) ;
#6130 =( NAMED_UNIT ( * ) SI_UNIT ( $, .STERADIAN. ) SOLID_ANGLE_UNIT ( ) );
#6131 = CARTESIAN_POINT ( 'NONE',  ( -2.500000000000000000, 3.060769515458670000, 6.700000000000000200 ) ) ;
#6132 = ORIENTED_EDGE ( 'NONE', *, *, #2107, .F. ) ;
#6133 = ORIENTED_EDGE ( 'NONE', *, *, #3444, .T. ) ;
#6134 = STYLED_ITEM ( 'NONE', ( #5582 ), #1909 ) ;
#6135 = VECTOR ( 'NONE', #5531, 1000.000000000000000 ) ;
#6136 = FACE_OUTER_BOUND ( 'NONE', #6085, .T. ) ;
#6137 = FILL_AREA_STYLE ('',( #5269 ) ) ;
#6138 = ADVANCED_FACE ( 'NONE', ( #910 ), #2725, .T. ) ;
#6139 = AXIS2_PLACEMENT_3D ( 'NONE', #5563, #2287, #4679 ) ;
#6140 = EDGE_CURVE ( 'NONE', #5467, #4518, #3980, .T. ) ;
#6141 = EDGE_LOOP ( 'NONE', ( #829, #4952, #3266, #1809 ) ) ;
#6142 = UNCERTAINTY_MEASURE_WITH_UNIT (LENGTH_MEASURE( 1.000000000000000100E-005 ), #1512, 'distance_accuracy_value', 'NONE');
#6143 = EDGE_CURVE ( 'NONE', #3252, #3129, #1592, .T. ) ;
#6144 = CARTESIAN_POINT ( 'NONE',  ( 0.0000000000000000000, -2.349999999999997400, -1.700000000000000200 ) ) ;
#6145 = ORIENTED_EDGE ( 'NONE', *, *, #5921, .T. ) ;
#6146 = CARTESIAN_POINT ( 'NONE',  ( 0.0000000000000000000, 4.450836265246970600E-029, 6.700000000000000200 ) ) ;
#6147 = PRESENTATION_STYLE_ASSIGNMENT (( #6191 ) ) ;
#6148 = LINE ( 'NONE', #698, #1477 ) ;
#6149 = FACE_OUTER_BOUND ( 'NONE', #1823, .T. ) ;
#6150 = VERTEX_POINT ( 'NONE', #1257 ) ;
#6151 =( NAMED_UNIT ( * ) PLANE_ANGLE_UNIT ( ) SI_UNIT ( $, .RADIAN. ) );
#6152 = AXIS2_PLACEMENT_3D ( 'NONE', #3975, #3687, #4119 ) ;
#6153 =( GEOMETRIC_REPRESENTATION_CONTEXT ( 3 ) GLOBAL_UNCERTAINTY_ASSIGNED_CONTEXT ( ( #301 ) ) GLOBAL_UNIT_ASSIGNED_CONTEXT ( ( #4935, #2091, #5381 ) ) REPRESENTATION_CONTEXT ( 'NONE', 'WORKASPACE' ) );
#6154 =( NAMED_UNIT ( * ) SI_UNIT ( $, .STERADIAN. ) SOLID_ANGLE_UNIT ( ) );
#6155 = ORIENTED_EDGE ( 'NONE', *, *, #2434, .F. ) ;
#6156 = FILL_AREA_STYLE ('',( #5727 ) ) ;
#6157 = VERTEX_POINT ( 'NONE', #4613 ) ;
#6158 = CIRCLE ( 'NONE', #298, 1.825000000000000000 ) ;
#6159 = ORIENTED_EDGE ( 'NONE', *, *, #56, .F. ) ;
#6160 = FACE_OUTER_BOUND ( 'NONE', #3828, .T. ) ;
#6161 =( LENGTH_UNIT ( ) NAMED_UNIT ( * ) SI_UNIT ( .MILLI., .METRE. ) );
#6162 = VERTEX_POINT ( 'NONE', #232 ) ;
#6163 = ADVANCED_FACE ( 'NONE', ( #5105 ), #793, .T. ) ;
#6164 = MECHANICAL_DESIGN_GEOMETRIC_PRESENTATION_REPRESENTATION (  '', ( #5564 ), #305 ) ;
#6165 =( LENGTH_UNIT ( ) NAMED_UNIT ( * ) SI_UNIT ( .MILLI., .METRE. ) );
#6166 = CARTESIAN_POINT ( 'NONE',  ( 1.499999999999730000, 2.700000000000000200, 0.8000000000000000400 ) ) ;
#6167 = EDGE_CURVE ( 'NONE', #5167, #1500, #948, .T. ) ;
#6168 = ORIENTED_EDGE ( 'NONE', *, *, #5214, .T. ) ;
#6169 = VECTOR ( 'NONE', #585, 1000.000000000000000 ) ;
#6170 = DIRECTION ( 'NONE',  ( 0.0000000000000000000, -0.0000000000000000000, 1.000000000000000000 ) ) ;
#6171 = VECTOR ( 'NONE', #4549, 1000.000000000000000 ) ;
#6172 = SURFACE_SIDE_STYLE ('',( #2573 ) ) ;
#6173 = ORIENTED_EDGE ( 'NONE', *, *, #399, .T. ) ;
#6174 =( GEOMETRIC_REPRESENTATION_CONTEXT ( 3 ) GLOBAL_UNCERTAINTY_ASSIGNED_CONTEXT ( ( #3138 ) ) GLOBAL_UNIT_ASSIGNED_CONTEXT ( ( #6161, #3404, #459 ) ) REPRESENTATION_CONTEXT ( 'NONE', 'WORKASPACE' ) );
#6175 = UNCERTAINTY_MEASURE_WITH_UNIT (LENGTH_MEASURE( 1.000000000000000100E-005 ), #4872, 'distance_accuracy_value', 'NONE');
#6176 = DIRECTION ( 'NONE',  ( -0.0000000000000000000, -1.000000000000000000, 6.643039201861150300E-030 ) ) ;
#6177 = VECTOR ( 'NONE', #4288, 1000.000000000000100 ) ;
#6178 = DIRECTION ( 'NONE',  ( -5.286776307738839800E-017, -0.0000000000000000000, -1.000000000000000000 ) ) ;
#6179 = FACE_OUTER_BOUND ( 'NONE', #4614, .T. ) ;
#6180 = ORIENTED_EDGE ( 'NONE', *, *, #4749, .F. ) ;
#6181 = VECTOR ( 'NONE', #275, 1000.000000000000000 ) ;
#6182 = EDGE_CURVE ( 'NONE', #1977, #5584, #5862, .T. ) ;
#6183 = DIRECTION ( 'NONE',  ( -0.0000000000000000000, -1.000000000000000000, 0.0000000000000000000 ) ) ;
#6184 = CARTESIAN_POINT ( 'NONE',  ( 0.0000000000000000000, -6.547160148907770400, -0.8591622624759970300 ) ) ;
#6185 = FACE_OUTER_BOUND ( 'NONE', #3996, .T. ) ;
#6186 = EDGE_LOOP ( 'NONE', ( #69, #1455, #796, #4098, #434 ) ) ;
#6187 = ORIENTED_EDGE ( 'NONE', *, *, #2919, .F. ) ;
#6188 = SURFACE_SIDE_STYLE ('',( #1626 ) ) ;
#6189 = LINE ( 'NONE', #854, #3751 ) ;
#6190 = PRESENTATION_LAYER_ASSIGNMENT (  '', '', ( #5590 ) ) ;
#6191 = SURFACE_STYLE_USAGE ( .BOTH. , #6172 ) ;
#6192 = CARTESIAN_POINT ( 'NONE',  ( -1.754992877478752400, 0.3999999999985611200, 5.434585182203790900 ) ) ;
#6193 = NEXT_ASSEMBLY_USAGE_OCCURRENCE ( 'NAUO1', ' ', ' ', #2895, #2261, $ ) ;
#6194 = NEXT_ASSEMBLY_USAGE_OCCURRENCE ( 'NAUO2', ' ', ' ', #2895, #1935, $ ) ;
#6195 = NEXT_ASSEMBLY_USAGE_OCCURRENCE ( 'NAUO3', ' ', ' ', #2895, #1599, $ ) ;
#6196 = NEXT_ASSEMBLY_USAGE_OCCURRENCE ( 'NAUO4', ' ', ' ', #2895, #1272, $ ) ;
#6197 = NEXT_ASSEMBLY_USAGE_OCCURRENCE ( 'NAUO5', ' ', ' ', #2895, #1935, $ ) ;
#6198 = NEXT_ASSEMBLY_USAGE_OCCURRENCE ( 'NAUO6', ' ', ' ', #2895, #1599, $ ) ;
#6199 = NEXT_ASSEMBLY_USAGE_OCCURRENCE ( 'NAUO7', ' ', ' ', #2895, #1272, $ ) ;
ENDSEC;
END-ISO-10303-21;
