ISO-10303-21;
HEADER;
FILE_DESCRIPTION (( 'STEP AP214' ),
    '1' );
FILE_NAME ('ECE ESP1010.STEP',
    '2024-04-06T15:33:10',
    ( '' ),
    ( '' ),
    'SwSTEP 2.0',
    'SolidWorks 2020',
    '' );
FILE_SCHEMA (( 'AUTOMOTIVE_DESIGN' ));
ENDSEC;

DATA;
#1 = ADVANCED_FACE ( 'NONE', ( #4787 ), #7880, .F. ) ;
#2 = CARTESIAN_POINT ( 'NONE',  ( 2.426148155846993060, -2.499999999999999556, 1.827918569186863573 ) ) ;
#3 = DIRECTION ( 'NONE',  ( 0.9409429035988078338, 0.000000000000000000, -0.3385652849407995713 ) ) ;
#4 = DIRECTION ( 'NONE',  ( 0.000000000000000000, -1.000000000000000000, 0.000000000000000000 ) ) ;
#5 = SURFACE_STYLE_FILL_AREA ( #4212 ) ;
#6 =( GEOMETRIC_REPRESENTATION_CONTEXT ( 3 ) GLOBAL_UNCERTAINTY_ASSIGNED_CONTEXT ( ( #48 ) ) GLOBAL_UNIT_ASSIGNED_CONTEXT ( ( #2264, #3437, #404 ) ) REPRESENTATION_CONTEXT ( 'NONE', 'WORKASPACE' ) );
#7 = PRESENTATION_STYLE_ASSIGNMENT (( #1200 ) ) ;
#8 =( LENGTH_UNIT ( ) NAMED_UNIT ( * ) SI_UNIT ( .MILLI., .METRE. ) );
#9 = ORIENTED_EDGE ( 'NONE', *, *, #7084, .T. ) ;
#10 =( GEOMETRIC_REPRESENTATION_CONTEXT ( 3 ) GLOBAL_UNCERTAINTY_ASSIGNED_CONTEXT ( ( #2579 ) ) GLOBAL_UNIT_ASSIGNED_CONTEXT ( ( #7762, #6960, #7152 ) ) REPRESENTATION_CONTEXT ( 'NONE', 'WORKASPACE' ) );
#11 =( LENGTH_UNIT ( ) NAMED_UNIT ( * ) SI_UNIT ( .MILLI., .METRE. ) );
#12 = CARTESIAN_POINT ( 'NONE',  ( 5.000000000000000000, -2.500000000000000000, 2.250000000000000000 ) ) ;
#13 = DIRECTION ( 'NONE',  ( 0.000000000000000000, 1.000000000000000000, 0.000000000000000000 ) ) ;
#14 = MECHANICAL_DESIGN_GEOMETRIC_PRESENTATION_REPRESENTATION (  '', ( #3806 ), #6489 ) ;
#15 = SURFACE_STYLE_FILL_AREA ( #6629 ) ;
#16 = DIRECTION ( 'NONE',  ( 0.000000000000000000, 0.000000000000000000, 1.000000000000000000 ) ) ;
#17 = SURFACE_STYLE_USAGE ( .BOTH. , #4271 ) ;
#18 = SURFACE_SIDE_STYLE ('',( #5429 ) ) ;
#19 = COLOUR_RGB ( '',0.1843137254901960898, 0.7568627450980391913, 1.000000000000000000 ) ;
#20 = FACE_OUTER_BOUND ( 'NONE', #4795, .T. ) ;
#21 = CARTESIAN_POINT ( 'NONE',  ( 0.1873499515952978811, -2.399999999999999911, 1.884829937444385095 ) ) ;
#22 =( LENGTH_UNIT ( ) NAMED_UNIT ( * ) SI_UNIT ( .MILLI., .METRE. ) );
#23 = COLOUR_RGB ( '',0.1843137254901960898, 0.7568627450980391913, 1.000000000000000000 ) ;
#24 = EDGE_LOOP ( 'NONE', ( #7339, #5589, #6486, #6523 ) ) ;
#25 = MECHANICAL_DESIGN_GEOMETRIC_PRESENTATION_REPRESENTATION (  '', ( #2437 ), #284 ) ;
#26 = ORIENTED_EDGE ( 'NONE', *, *, #7095, .F. ) ;
#27 = CARTESIAN_POINT ( 'NONE',  ( 0.5460855957113092130, -2.400000000000000355, 2.250000000000000000 ) ) ;
#28 =( NAMED_UNIT ( * ) PLANE_ANGLE_UNIT ( ) SI_UNIT ( $, .RADIAN. ) );
#29 = DIRECTION ( 'NONE',  ( -4.357405118688743600E-15, -1.000000000000000000, -3.633999576981317006E-13 ) ) ;
#30 = SURFACE_STYLE_USAGE ( .BOTH. , #5485 ) ;
#31 = ADVANCED_FACE ( 'NONE', ( #6047 ), #6681, .T. ) ;
#32 = CARTESIAN_POINT ( 'NONE',  ( -0.2132817395961957574, -2.400000000000000355, 1.846200240613654175 ) ) ;
#33 = CARTESIAN_POINT ( 'NONE',  ( -0.03648089972024515931, -2.399999999999999467, 2.209039544380150488 ) ) ;
#34 = STYLED_ITEM ( 'NONE', ( #1291 ), #3521 ) ;
#35 = CARTESIAN_POINT ( 'NONE',  ( -0.2376216936085415732, -2.399999999999999911, 1.793014411164541855 ) ) ;
#36 = ORIENTED_EDGE ( 'NONE', *, *, #1495, .T. ) ;
#37 = ORIENTED_EDGE ( 'NONE', *, *, #5501, .T. ) ;
#38 = UNCERTAINTY_MEASURE_WITH_UNIT (LENGTH_MEASURE( 1.000000000000000082E-05 ), #6129, 'distance_accuracy_value', 'NONE');
#39 = CARTESIAN_POINT ( 'NONE',  ( 2.419853215759774301, -2.400000000000000799, 1.847658442667884815 ) ) ;
#40 = FILL_AREA_STYLE_COLOUR ( '', #5577 ) ;
#41 = CARTESIAN_POINT ( 'NONE',  ( 2.671366323237657880, -1.500000000000000000, 7.750000000000000000 ) ) ;
#42 = ADVANCED_FACE ( 'NONE', ( #4876 ), #3446, .T. ) ;
#43 = SURFACE_STYLE_USAGE ( .BOTH. , #1246 ) ;
#44 =( NAMED_UNIT ( * ) SI_UNIT ( $, .STERADIAN. ) SOLID_ANGLE_UNIT ( ) );
#45 = UNCERTAINTY_MEASURE_WITH_UNIT (LENGTH_MEASURE( 1.000000000000000082E-05 ), #3623, 'distance_accuracy_value', 'NONE');
#46 = FACE_OUTER_BOUND ( 'NONE', #4639, .T. ) ;
#47 = ORIENTED_EDGE ( 'NONE', *, *, #1024, .T. ) ;
#48 = UNCERTAINTY_MEASURE_WITH_UNIT (LENGTH_MEASURE( 1.000000000000000082E-05 ), #2264, 'distance_accuracy_value', 'NONE');
#49 = MECHANICAL_DESIGN_GEOMETRIC_PRESENTATION_REPRESENTATION (  '', ( #1449 ), #1954 ) ;
#50 = CARTESIAN_POINT ( 'NONE',  ( 0.03475739763404359084, 0.000000000000000000, -3.750000000000000888 ) ) ;
#51 = CARTESIAN_POINT ( 'NONE',  ( -0.1738709297679417731, -2.399999999999999467, 2.227062421896494282 ) ) ;
#52 = EDGE_CURVE ( 'NONE', #554, #5156, #4952, .T. ) ;
#53 = CARTESIAN_POINT ( 'NONE',  ( 4.021915064102565829, -1.154902199396359741, -2.250000000000000000 ) ) ;
#54 = ADVANCED_FACE ( 'NONE', ( #7398 ), #3749, .T. ) ;
#55 =( LENGTH_UNIT ( ) NAMED_UNIT ( * ) SI_UNIT ( .MILLI., .METRE. ) );
#56 = CARTESIAN_POINT ( 'NONE',  ( 2.448680708150346330, -2.400000000000001243, 2.023181628860384773 ) ) ;
#57 = CARTESIAN_POINT ( 'NONE',  ( -0.3000000000000003775, -1.000000000000000000, 7.268409389428597045 ) ) ;
#58 =( GEOMETRIC_REPRESENTATION_CONTEXT ( 3 ) GLOBAL_UNCERTAINTY_ASSIGNED_CONTEXT ( ( #4985 ) ) GLOBAL_UNIT_ASSIGNED_CONTEXT ( ( #2780, #296, #3303 ) ) REPRESENTATION_CONTEXT ( 'NONE', 'WORKASPACE' ) );
#59 = FACE_OUTER_BOUND ( 'NONE', #433, .T. ) ;
#60 = PRESENTATION_LAYER_ASSIGNMENT (  '', '', ( #3975 ) ) ;
#61 = CARTESIAN_POINT ( 'NONE',  ( 0.05281356083001088192, -2.400000000000000799, 1.773176652020947319 ) ) ;
#62 = PRESENTATION_LAYER_ASSIGNMENT (  '', '', ( #191 ) ) ;
#63 = DIRECTION ( 'NONE',  ( 0.000000000000000000, 0.000000000000000000, 1.000000000000000000 ) ) ;
#64 = VECTOR ( 'NONE', #6517, 1000.000000000000000 ) ;
#65 =( NAMED_UNIT ( * ) SI_UNIT ( $, .STERADIAN. ) SOLID_ANGLE_UNIT ( ) );
#66 = ORIENTED_EDGE ( 'NONE', *, *, #91, .T. ) ;
#67 = COLOUR_RGB ( '',0.1843137254901960898, 0.7568627450980391913, 1.000000000000000000 ) ;
#68 = ORIENTED_EDGE ( 'NONE', *, *, #7255, .F. ) ;
#69 = SURFACE_SIDE_STYLE ('',( #7879 ) ) ;
#70 = MECHANICAL_DESIGN_GEOMETRIC_PRESENTATION_REPRESENTATION (  '', ( #6550 ), #5909 ) ;
#71 = VECTOR ( 'NONE', #971, 1000.000000000000000 ) ;
#72 = CARTESIAN_POINT ( 'NONE',  ( -0.02724275507478629912, -2.400000000000000355, 2.209294871794871717 ) ) ;
#73 =( GEOMETRIC_REPRESENTATION_CONTEXT ( 3 ) GLOBAL_UNCERTAINTY_ASSIGNED_CONTEXT ( ( #7848 ) ) GLOBAL_UNIT_ASSIGNED_CONTEXT ( ( #313, #5158, #2151 ) ) REPRESENTATION_CONTEXT ( 'NONE', 'WORKASPACE' ) );
#74 = DIRECTION ( 'NONE',  ( -1.000000000000000000, 0.000000000000000000, 0.000000000000000000 ) ) ;
#75 =( NAMED_UNIT ( * ) PLANE_ANGLE_UNIT ( ) SI_UNIT ( $, .RADIAN. ) );
#76 = FILL_AREA_STYLE ('',( #4288 ) ) ;
#77 = COLOUR_RGB ( '',0.1843137254901960898, 0.7568627450980391913, 1.000000000000000000 ) ;
#78 = CARTESIAN_POINT ( 'NONE',  ( -0.2480947366045500591, -2.500000000000000000, 1.805128116781354208 ) ) ;
#79 = VECTOR ( 'NONE', #7641, 1000.000000000000000 ) ;
#80 = ORIENTED_EDGE ( 'NONE', *, *, #4405, .F. ) ;
#81 = VERTEX_POINT ( 'NONE', #2098 ) ;
#82 = CARTESIAN_POINT ( 'NONE',  ( 0.000000000000000000, -2.500000000000000000, 0.5137037129227551846 ) ) ;
#83 = PRESENTATION_LAYER_ASSIGNMENT (  '', '', ( #4261 ) ) ;
#84 = ORIENTED_EDGE ( 'NONE', *, *, #1613, .T. ) ;
#85 =( NAMED_UNIT ( * ) SI_UNIT ( $, .STERADIAN. ) SOLID_ANGLE_UNIT ( ) );
#86 = SURFACE_STYLE_FILL_AREA ( #557 ) ;
#87 = FILL_AREA_STYLE_COLOUR ( '', #5801 ) ;
#88 = SURFACE_STYLE_FILL_AREA ( #4340 ) ;
#89 = PRESENTATION_LAYER_ASSIGNMENT (  '', '', ( #5029 ) ) ;
#90 = PLANE ( 'NONE',  #7021 ) ;
#91 = EDGE_CURVE ( 'NONE', #7027, #7005, #2817, .T. ) ;
#92 = ORIENTED_EDGE ( 'NONE', *, *, #5537, .T. ) ;
#93 = CARTESIAN_POINT ( 'NONE',  ( -2.540000000000000480, -2.400000000000000355, 2.016198513312075224 ) ) ;
#94 = CARTESIAN_POINT ( 'NONE',  ( -0.2255931228884972273, -2.399999999999999467, 2.189052483338517874 ) ) ;
#95 = FILL_AREA_STYLE ('',( #5637 ) ) ;
#96 = SURFACE_STYLE_FILL_AREA ( #3092 ) ;
#97 =( NAMED_UNIT ( * ) SI_UNIT ( $, .STERADIAN. ) SOLID_ANGLE_UNIT ( ) );
#98 = COLOUR_RGB ( '',0.8313725490196077761, 0.8313725490196077761, 0.8196078431372548767 ) ;
#99 = CARTESIAN_POINT ( 'NONE',  ( -1.800956594368268382, -2.299999999999999822, -1.647441418907150457 ) ) ;
#100 = EDGE_CURVE ( 'NONE', #687, #730, #5256, .T. ) ;
#101 = EDGE_CURVE ( 'NONE', #1758, #4447, #2861, .T. ) ;
#102 =( LENGTH_UNIT ( ) NAMED_UNIT ( * ) SI_UNIT ( .MILLI., .METRE. ) );
#103 = MECHANICAL_DESIGN_GEOMETRIC_PRESENTATION_REPRESENTATION (  '', ( #1632 ), #891 ) ;
#104 = CARTESIAN_POINT ( 'NONE',  ( 2.643743234056711078, -2.400000000000000799, 1.832148512038424437 ) ) ;
#105 = FILL_AREA_STYLE ('',( #5473 ) ) ;
#106 = CARTESIAN_POINT ( 'NONE',  ( -2.469296040331197428, -2.500000000000000000, 1.720833333333333437 ) ) ;
#107 = SURFACE_STYLE_FILL_AREA ( #3220 ) ;
#108 = FILL_AREA_STYLE ('',( #1893 ) ) ;
#109 = STYLED_ITEM ( 'NONE', ( #6805 ), #2192 ) ;
#110 = EDGE_LOOP ( 'NONE', ( #5202, #1111, #4497, #3556 ) ) ;
#111 = CARTESIAN_POINT ( 'NONE',  ( 5.000000000000000000, -1.797251865729859954, 2.750000000000000000 ) ) ;
#112 = CARTESIAN_POINT ( 'NONE',  ( 0.02172776862980435944, -2.500000000000000000, 2.205619298379928317 ) ) ;
#113 =( NAMED_UNIT ( * ) SI_UNIT ( $, .STERADIAN. ) SOLID_ANGLE_UNIT ( ) );
#114 = CIRCLE ( 'NONE', #4548, 0.6685684054278679955 ) ;
#115 = CARTESIAN_POINT ( 'NONE',  ( 0.08522141336499511333, -2.400000000000000355, 1.726602717971427392 ) ) ;
#116 = SURFACE_SIDE_STYLE ('',( #551 ) ) ;
#117 = CARTESIAN_POINT ( 'NONE',  ( -0.1602988875655602108, -2.400000000000001688, 1.736109099449436144 ) ) ;
#118 = ORIENTED_EDGE ( 'NONE', *, *, #6070, .F. ) ;
#119 = ORIENTED_EDGE ( 'NONE', *, *, #2477, .F. ) ;
#120 = DIRECTION ( 'NONE',  ( -0.4188422247446095259, -0.9080590238365487954, 0.000000000000000000 ) ) ;
#121 = EDGE_LOOP ( 'NONE', ( #5157, #3063, #5943, #1641 ) ) ;
#122 = PLANE ( 'NONE',  #1756 ) ;
#123 =( NAMED_UNIT ( * ) PLANE_ANGLE_UNIT ( ) SI_UNIT ( $, .RADIAN. ) );
#124 = CARTESIAN_POINT ( 'NONE',  ( 2.517951388888888253, -2.500000000000000444, 2.030997930021367637 ) ) ;
#125 = EDGE_CURVE ( 'NONE', #1907, #6879, #6986, .T. ) ;
#126 = SURFACE_STYLE_USAGE ( .BOTH. , #2539 ) ;
#127 = VERTEX_POINT ( 'NONE', #6366 ) ;
#128 = FILL_AREA_STYLE_COLOUR ( '', #3187 ) ;
#129 = VERTEX_POINT ( 'NONE', #2785 ) ;
#130 =( LENGTH_UNIT ( ) NAMED_UNIT ( * ) SI_UNIT ( .MILLI., .METRE. ) );
#131 = VECTOR ( 'NONE', #4813, 1000.000000000000000 ) ;
#132 = CARTESIAN_POINT ( 'NONE',  ( 0.000000000000000000, -2.100000000000000089, 0.5137037129227551846 ) ) ;
#133 = SURFACE_STYLE_FILL_AREA ( #7344 ) ;
#134 = EDGE_CURVE ( 'NONE', #6879, #5885, #7557, .T. ) ;
#135 = SURFACE_STYLE_FILL_AREA ( #4455 ) ;
#136 = PLANE ( 'NONE',  #2189 ) ;
#137 = EDGE_CURVE ( 'NONE', #3875, #4950, #3387, .T. ) ;
#138 = VECTOR ( 'NONE', #7033, 1000.000000000000000 ) ;
#139 = CARTESIAN_POINT ( 'NONE',  ( -2.240000000000001101, -1.000000000000000000, 2.250000000000000000 ) ) ;
#140 = DIRECTION ( 'NONE',  ( -1.000000000000000000, 0.000000000000000000, 0.000000000000000000 ) ) ;
#141 = FACE_BOUND ( 'NONE', #5504, .T. ) ;
#142 =( NAMED_UNIT ( * ) PLANE_ANGLE_UNIT ( ) SI_UNIT ( $, .RADIAN. ) );
#143 = LINE ( 'NONE', #3780, #1586 ) ;
#144 = CARTESIAN_POINT ( 'NONE',  ( -0.2162459935897435848, -2.400000000000000355, 2.121100427350427253 ) ) ;
#145 =( NAMED_UNIT ( * ) SI_UNIT ( $, .STERADIAN. ) SOLID_ANGLE_UNIT ( ) );
#146 = VERTEX_POINT ( 'NONE', #7637 ) ;
#147 = CARTESIAN_POINT ( 'NONE',  ( 0.2468081077583795246, -2.500000000000000000, 1.900313012943395607 ) ) ;
#148 =( NAMED_UNIT ( * ) SI_UNIT ( $, .STERADIAN. ) SOLID_ANGLE_UNIT ( ) );
#149 = SURFACE_SIDE_STYLE ('',( #1314 ) ) ;
#150 = CARTESIAN_POINT ( 'NONE',  ( 0.2575629631699180577, -2.400000000000000799, 1.972824714689088932 ) ) ;
#151 = SURFACE_STYLE_FILL_AREA ( #6370 ) ;
#152 = LINE ( 'NONE', #4363, #4843 ) ;
#153 = EDGE_CURVE ( 'NONE', #4636, #3793, #3421, .T. ) ;
#154 = SURFACE_SIDE_STYLE ('',( #930 ) ) ;
#155 = COLOUR_RGB ( '',0.1843137254901960898, 0.7568627450980391913, 1.000000000000000000 ) ;
#156 = EDGE_LOOP ( 'NONE', ( #5328, #7002, #6097, #3360 ) ) ;
#157 = ORIENTED_EDGE ( 'NONE', *, *, #1800, .T. ) ;
#158 = CARTESIAN_POINT ( 'NONE',  ( 4.499087289663464162, -0.9004951481143085301, -2.250000000000000000 ) ) ;
#159 = ORIENTED_EDGE ( 'NONE', *, *, #4696, .F. ) ;
#160 = CIRCLE ( 'NONE', #2931, 0.2394398982144593790 ) ;
#161 = SURFACE_STYLE_FILL_AREA ( #6917 ) ;
#162 = ORIENTED_EDGE ( 'NONE', *, *, #4955, .T. ) ;
#163 =( GEOMETRIC_REPRESENTATION_CONTEXT ( 3 ) GLOBAL_UNCERTAINTY_ASSIGNED_CONTEXT ( ( #2046 ) ) GLOBAL_UNIT_ASSIGNED_CONTEXT ( ( #1056, #5941, #7739 ) ) REPRESENTATION_CONTEXT ( 'NONE', 'WORKASPACE' ) );
#164 = PLANE ( 'NONE',  #2199 ) ;
#165 = ORIENTED_EDGE ( 'NONE', *, *, #6904, .F. ) ;
#166 = DIRECTION ( 'NONE',  ( -0.000000000000000000, -1.000000000000000000, -0.000000000000000000 ) ) ;
#167 = VERTEX_POINT ( 'NONE', #3905 ) ;
#168 = DIRECTION ( 'NONE',  ( -2.597646155777628234E-16, 0.000000000000000000, -1.000000000000000000 ) ) ;
#169 =( NAMED_UNIT ( * ) SI_UNIT ( $, .STERADIAN. ) SOLID_ANGLE_UNIT ( ) );
#170 = FACE_OUTER_BOUND ( 'NONE', #2034, .T. ) ;
#171 = PRESENTATION_STYLE_ASSIGNMENT (( #6227 ) ) ;
#172 = SURFACE_SIDE_STYLE ('',( #3695 ) ) ;
#173 = MECHANICAL_DESIGN_GEOMETRIC_PRESENTATION_REPRESENTATION (  '', ( #6775 ), #6535 ) ;
#174 = CARTESIAN_POINT ( 'NONE',  ( -0.1312442307961861621, -2.499999999999999556, 2.187715789022162571 ) ) ;
#175 = EDGE_CURVE ( 'NONE', #4526, #6505, #6945, .T. ) ;
#176 = DIRECTION ( 'NONE',  ( -0.000000000000000000, 1.000000000000000000, 0.000000000000000000 ) ) ;
#177 = CARTESIAN_POINT ( 'NONE',  ( 2.568303769131692338, -2.400000000000000799, 1.765731198507652477 ) ) ;
#178 =( NAMED_UNIT ( * ) SI_UNIT ( $, .STERADIAN. ) SOLID_ANGLE_UNIT ( ) );
#179 = CARTESIAN_POINT ( 'NONE',  ( 0.2062533226179258661, -2.500000000000000444, 1.940376099522968856 ) ) ;
#180 = SURFACE_STYLE_USAGE ( .BOTH. , #881 ) ;
#181 = SURFACE_SIDE_STYLE ('',( #6867 ) ) ;
#182 = LINE ( 'NONE', #7553, #3086 ) ;
#183 = COLOUR_RGB ( '',0.8313725490196077761, 0.8313725490196077761, 0.8196078431372548767 ) ;
#184 = ORIENTED_EDGE ( 'NONE', *, *, #997, .F. ) ;
#185 = DIRECTION ( 'NONE',  ( -0.4966865118376870836, 0.000000000000000000, -0.8679300138597069170 ) ) ;
#186 = AXIS2_PLACEMENT_3D ( 'NONE', #6674, #1226, #4872 ) ;
#187 = EDGE_CURVE ( 'NONE', #5166, #1185, #924, .T. ) ;
#188 = PRESENTATION_STYLE_ASSIGNMENT (( #6329 ) ) ;
#189 = FILL_AREA_STYLE_COLOUR ( '', #2308 ) ;
#190 = PLANE ( 'NONE',  #1834 ) ;
#191 = STYLED_ITEM ( 'NONE', ( #1920 ), #5295 ) ;
#192 = ORIENTED_EDGE ( 'NONE', *, *, #521, .T. ) ;
#193 = COLOUR_RGB ( '',0.8313725490196077761, 0.8313725490196077761, 0.8196078431372548767 ) ;
#194 = ORIENTED_EDGE ( 'NONE', *, *, #5847, .T. ) ;
#195 = FILL_AREA_STYLE_COLOUR ( '', #6048 ) ;
#196 = ORIENTED_EDGE ( 'NONE', *, *, #904, .F. ) ;
#197 = EDGE_CURVE ( 'NONE', #6728, #3367, #302, .T. ) ;
#198 = ADVANCED_FACE ( 'NONE', ( #5148 ), #7603, .F. ) ;
#199 = CARTESIAN_POINT ( 'NONE',  ( -2.438237179487180217, -2.500000000000000000, 1.775106837606837518 ) ) ;
#200 = CARTESIAN_POINT ( 'NONE',  ( -0.04542846596047516589, -2.499999999999999112, 2.263353387093528291 ) ) ;
#201 = CARTESIAN_POINT ( 'NONE',  ( 2.453529990251888560, -2.100000000000000089, 0.5137037129227551846 ) ) ;
#202 = VECTOR ( 'NONE', #3489, 1000.000000000000000 ) ;
#203 = VECTOR ( 'NONE', #1698, 1000.000000000000000 ) ;
#204 = VECTOR ( 'NONE', #1937, 1000.000000000000000 ) ;
#205 = CARTESIAN_POINT ( 'NONE',  ( -2.519647435897436338, -2.500000000000000000, 2.250000000000000000 ) ) ;
#206 = VERTEX_POINT ( 'NONE', #3541 ) ;
#207 = MECHANICAL_DESIGN_GEOMETRIC_PRESENTATION_REPRESENTATION (  '', ( #7831 ), #1361 ) ;
#208 = SURFACE_STYLE_FILL_AREA ( #249 ) ;
#209 = EDGE_LOOP ( 'NONE', ( #5703, #1672, #1682, #6788 ) ) ;
#210 = VECTOR ( 'NONE', #6276, 1000.000000000000000 ) ;
#211 =( GEOMETRIC_REPRESENTATION_CONTEXT ( 3 ) GLOBAL_UNCERTAINTY_ASSIGNED_CONTEXT ( ( #4411 ) ) GLOBAL_UNIT_ASSIGNED_CONTEXT ( ( #7264, #5472, #2939 ) ) REPRESENTATION_CONTEXT ( 'NONE', 'WORKASPACE' ) );
#212 = SURFACE_STYLE_FILL_AREA ( #6266 ) ;
#213 =( GEOMETRIC_REPRESENTATION_CONTEXT ( 3 ) GLOBAL_UNCERTAINTY_ASSIGNED_CONTEXT ( ( #2676 ) ) GLOBAL_UNIT_ASSIGNED_CONTEXT ( ( #4621, #7141, #1547 ) ) REPRESENTATION_CONTEXT ( 'NONE', 'WORKASPACE' ) );
#214 = LINE ( 'NONE', #1330, #474 ) ;
#215 = SURFACE_STYLE_USAGE ( .BOTH. , #4349 ) ;
#216 = VECTOR ( 'NONE', #2703, 1000.000000000000000 ) ;
#217 = CARTESIAN_POINT ( 'NONE',  ( -0.03648089972024515931, -2.499999999999999556, 2.209039544380150488 ) ) ;
#218 = SURFACE_SIDE_STYLE ('',( #2586 ) ) ;
#219 = SURFACE_STYLE_USAGE ( .BOTH. , #6319 ) ;
#220 = CARTESIAN_POINT ( 'NONE',  ( 2.643743234056711078, -2.500000000000000444, 1.832148512038424437 ) ) ;
#221 = LINE ( 'NONE', #3064, #6187 ) ;
#222 = CARTESIAN_POINT ( 'NONE',  ( 4.204293118990386269, -1.539533860053411196, -2.250000000000000000 ) ) ;
#223 = STYLED_ITEM ( 'NONE', ( #5528 ), #7453 ) ;
#224 = DIRECTION ( 'NONE',  ( -1.000000000000000000, 0.000000000000000000, 0.000000000000000000 ) ) ;
#225 = SURFACE_STYLE_USAGE ( .BOTH. , #6783 ) ;
#226 = CARTESIAN_POINT ( 'NONE',  ( 2.453529990251888560, -2.100000000000000089, 0.2742638147082958611 ) ) ;
#227 = EDGE_CURVE ( 'NONE', #206, #2690, #5428, .T. ) ;
#228 = UNCERTAINTY_MEASURE_WITH_UNIT (LENGTH_MEASURE( 1.000000000000000082E-05 ), #3982, 'distance_accuracy_value', 'NONE');
#229 = VERTEX_POINT ( 'NONE', #5301 ) ;
#230 = VECTOR ( 'NONE', #6898, 1000.000000000000227 ) ;
#231 = DIRECTION ( 'NONE',  ( 0.000000000000000000, -0.000000000000000000, -1.000000000000000000 ) ) ;
#232 =( NAMED_UNIT ( * ) SI_UNIT ( $, .STERADIAN. ) SOLID_ANGLE_UNIT ( ) );
#233 = CARTESIAN_POINT ( 'NONE',  ( 2.750000000000000444, -0.1000000000000000056, 2.249999999999998668 ) ) ;
#234 = FACE_OUTER_BOUND ( 'NONE', #4281, .T. ) ;
#235 = COLOUR_RGB ( '',0.1843137254901960898, 0.7568627450980391913, 1.000000000000000000 ) ;
#236 = CARTESIAN_POINT ( 'NONE',  ( 2.539999999999999591, -2.500000000000000000, 2.016198513312075224 ) ) ;
#237 = EDGE_CURVE ( 'NONE', #3855, #5998, #2938, .T. ) ;
#238 = VERTEX_POINT ( 'NONE', #4142 ) ;
#239 = ORIENTED_EDGE ( 'NONE', *, *, #988, .F. ) ;
#240 = CARTESIAN_POINT ( 'NONE',  ( 5.000000000000000000, -2.500000000000000000, -2.250000000000000000 ) ) ;
#241 = COLOUR_RGB ( '',1.000000000000000000, 1.000000000000000000, 1.000000000000000000 ) ;
#242 = VERTEX_POINT ( 'NONE', #5379 ) ;
#243 = B_SPLINE_SURFACE_WITH_KNOTS ( 'NONE', 3, 1, ( 
 ( #1866, #6166 ),
 ( #1192, #6727 ),
 ( #1279, #3833 ),
 ( #1389, #892 ),
 ( #2107, #5739 ),
 ( #5617, #1549 ),
 ( #6952, #3150 ),
 ( #4522, #310 ),
 ( #2024, #1514 ),
 ( #848, #273 ),
 ( #3792, #3912 ),
 ( #2148, #4440 ),
 ( #3275, #6912 ),
 ( #7437, #7480 ),
 ( #6248, #6373 ),
 ( #764, #804 ),
 ( #5701, #1470 ),
 ( #3189, #7521 ),
 ( #5073, #1986 ) ),
 .UNSPECIFIED., .F., .F., .F.,
 ( 4, 1, 1, 1, 1, 1, 1, 1, 1, 1, 1, 1, 1, 1, 1, 1, 4 ),
 ( 2, 2 ),
 ( 0.000000000000000000, 0.06947963636698303858, 0.1365250035391403771, 0.2008008928734230092, 0.2639832069133266623, 0.3257111447611867883, 0.3872705140757306541, 0.4494927805315641622, 0.5129551957628502024, 0.5762663970701067395, 0.6375749668311768703, 0.6979010984244969906, 0.7575582794115640617, 0.8165875043650628884, 0.8766457566083128983, 0.9372858729381252640, 1.000000000000000000 ),
 ( 0.000000000000000000, 1.000000000000000000 ),
 .UNSPECIFIED. ) ;
#244 = CARTESIAN_POINT ( 'NONE',  ( -0.2999999999999999334, -1.000000000000000000, 2.250000000000000000 ) ) ;
#245 =( NAMED_UNIT ( * ) SI_UNIT ( $, .STERADIAN. ) SOLID_ANGLE_UNIT ( ) );
#246 = CARTESIAN_POINT ( 'NONE',  ( 0.5460855957113092130, -2.400000000000000355, 2.250000000000000000 ) ) ;
#247 = CARTESIAN_POINT ( 'NONE',  ( -2.750000000000000444, -0.1000000000000000056, 0.3886139668323275731 ) ) ;
#248 = ORIENTED_EDGE ( 'NONE', *, *, #392, .F. ) ;
#249 = FILL_AREA_STYLE ('',( #5086 ) ) ;
#250 = VERTEX_POINT ( 'NONE', #7225 ) ;
#251 = PRESENTATION_STYLE_ASSIGNMENT (( #2580 ) ) ;
#252 = AXIS2_PLACEMENT_3D ( 'NONE', #7262, #4227, #3621 ) ;
#253 = DIRECTION ( 'NONE',  ( -1.000000000000000000, 0.000000000000000000, 2.597646155777628234E-16 ) ) ;
#254 = DIRECTION ( 'NONE',  ( 1.000000000000000000, 0.000000000000000000, 0.000000000000000000 ) ) ;
#255 = FACE_OUTER_BOUND ( 'NONE', #2186, .T. ) ;
#256 = FACE_OUTER_BOUND ( 'NONE', #2532, .T. ) ;
#257 = CARTESIAN_POINT ( 'NONE',  ( 4.576522435897437902, -0.9004951481143085301, -2.250000000000000000 ) ) ;
#258 = LINE ( 'NONE', #3300, #2135 ) ;
#259 = PRESENTATION_STYLE_ASSIGNMENT (( #2202 ) ) ;
#260 = CARTESIAN_POINT ( 'NONE',  ( 2.442294309320563350, -2.400000000000000355, 1.943731255309914863 ) ) ;
#261 = CARTESIAN_POINT ( 'NONE',  ( 0.2029461931184516343, -2.500000000000000444, 1.925927811526813027 ) ) ;
#262 =( LENGTH_UNIT ( ) NAMED_UNIT ( * ) SI_UNIT ( .MILLI., .METRE. ) );
#263 = FACE_OUTER_BOUND ( 'NONE', #645, .T. ) ;
#264 = COLOUR_RGB ( '',0.1843137254901960898, 0.7568627450980391913, 1.000000000000000000 ) ;
#265 = LINE ( 'NONE', #922, #666 ) ;
#266 = STYLED_ITEM ( 'NONE', ( #395 ), #3038 ) ;
#267 = DIRECTION ( 'NONE',  ( -0.6837766319733927789, 0.000000000000000000, -0.7296913851534245765 ) ) ;
#268 = CARTESIAN_POINT ( 'NONE',  ( 4.135872885735895288, -0.7027481342701401568, 2.250000000000000000 ) ) ;
#269 = CARTESIAN_POINT ( 'NONE',  ( 0.08746803362186544861, -2.400000000000000799, 2.184604303163777850 ) ) ;
#270 = SURFACE_STYLE_USAGE ( .BOTH. , #3790 ) ;
#271 = CARTESIAN_POINT ( 'NONE',  ( 2.449086634504372917, -2.399999999999997691, 1.953110830506428419 ) ) ;
#272 =( NAMED_UNIT ( * ) SI_UNIT ( $, .STERADIAN. ) SOLID_ANGLE_UNIT ( ) );
#273 = CARTESIAN_POINT ( 'NONE',  ( 2.414461735937181164, -2.400000000000001688, 1.753974954319019952 ) ) ;
#274 = EDGE_LOOP ( 'NONE', ( #6286, #7074, #4973, #4037 ) ) ;
#275 = EDGE_LOOP ( 'NONE', ( #6281, #2854, #6184, #561 ) ) ;
#276 = DIRECTION ( 'NONE',  ( -2.464095846557965385E-16, 0.000000000000000000, -1.000000000000000000 ) ) ;
#277 = EDGE_LOOP ( 'NONE', ( #3885, #6135, #6109, #6376 ) ) ;
#278 = CARTESIAN_POINT ( 'NONE',  ( -0.1444945033505377618, -2.500000000000000444, 2.241476637091720292 ) ) ;
#279 = CIRCLE ( 'NONE', #2350, 0.2394398982144593790 ) ;
#280 = PRESENTATION_LAYER_ASSIGNMENT (  '', '', ( #4203 ) ) ;
#281 = LINE ( 'NONE', #4596, #464 ) ;
#282 = ORIENTED_EDGE ( 'NONE', *, *, #6958, .T. ) ;
#283 = ORIENTED_EDGE ( 'NONE', *, *, #1749, .F. ) ;
#284 =( GEOMETRIC_REPRESENTATION_CONTEXT ( 3 ) GLOBAL_UNCERTAINTY_ASSIGNED_CONTEXT ( ( #3384 ) ) GLOBAL_UNIT_ASSIGNED_CONTEXT ( ( #872, #3166, #97 ) ) REPRESENTATION_CONTEXT ( 'NONE', 'WORKASPACE' ) );
#285 = EDGE_CURVE ( 'NONE', #4341, #5659, #1104, .T. ) ;
#286 = DIRECTION ( 'NONE',  ( -0.000000000000000000, 1.000000000000000000, -0.000000000000000000 ) ) ;
#287 = SURFACE_STYLE_FILL_AREA ( #2079 ) ;
#288 = DIRECTION ( 'NONE',  ( 1.000000000000000000, 0.000000000000000000, 0.000000000000000000 ) ) ;
#289 = UNCERTAINTY_MEASURE_WITH_UNIT (LENGTH_MEASURE( 1.000000000000000082E-05 ), #3289, 'distance_accuracy_value', 'NONE');
#290 = UNCERTAINTY_MEASURE_WITH_UNIT (LENGTH_MEASURE( 1.000000000000000082E-05 ), #6889, 'distance_accuracy_value', 'NONE');
#291 =( NAMED_UNIT ( * ) SI_UNIT ( $, .STERADIAN. ) SOLID_ANGLE_UNIT ( ) );
#292 = EDGE_CURVE ( 'NONE', #1693, #7028, #1766, .T. ) ;
#293 = CARTESIAN_POINT ( 'NONE',  ( 2.750000000000000444, -0.1000000000000000056, 2.249999999999998668 ) ) ;
#294 = EDGE_CURVE ( 'NONE', #7648, #4369, #6077, .T. ) ;
#295 = SURFACE_STYLE_USAGE ( .BOTH. , #3936 ) ;
#296 =( NAMED_UNIT ( * ) PLANE_ANGLE_UNIT ( ) SI_UNIT ( $, .RADIAN. ) );
#297 =( LENGTH_UNIT ( ) NAMED_UNIT ( * ) SI_UNIT ( .MILLI., .METRE. ) );
#298 = VECTOR ( 'NONE', #5950, 1000.000000000000000 ) ;
#299 = CARTESIAN_POINT ( 'NONE',  ( 2.477458266559827926, -2.400000000000000355, 2.054424579326922906 ) ) ;
#300 = UNCERTAINTY_MEASURE_WITH_UNIT (LENGTH_MEASURE( 1.000000000000000082E-05 ), #6083, 'distance_accuracy_value', 'NONE');
#301 = FILL_AREA_STYLE_COLOUR ( '', #5999 ) ;
#302 = LINE ( 'NONE', #2714, #5469 ) ;
#303 = CARTESIAN_POINT ( 'NONE',  ( -0.2073931961804744706, -2.499999999999999112, 1.839182537864383571 ) ) ;
#304 = FILL_AREA_STYLE_COLOUR ( '', #6189 ) ;
#305 = CARTESIAN_POINT ( 'NONE',  ( 0.2103098290598290343, -2.400000000000000355, 1.985946681356837384 ) ) ;
#306 = DIRECTION ( 'NONE',  ( -0.000000000000000000, -1.000000000000000000, -0.000000000000000000 ) ) ;
#307 =( NAMED_UNIT ( * ) SI_UNIT ( $, .STERADIAN. ) SOLID_ANGLE_UNIT ( ) );
#308 = CARTESIAN_POINT ( 'NONE',  ( 0.000000000000000000, -2.500000000000000000, 0.5137037129227551846 ) ) ;
#309 = AXIS2_PLACEMENT_3D ( 'NONE', #1003, #6371, #929 ) ;
#310 = CARTESIAN_POINT ( 'NONE',  ( 2.438276598249069949, -2.400000000000000355, 1.733502740221340099 ) ) ;
#311 = ORIENTED_EDGE ( 'NONE', *, *, #7165, .T. ) ;
#312 = ORIENTED_EDGE ( 'NONE', *, *, #5645, .F. ) ;
#313 =( LENGTH_UNIT ( ) NAMED_UNIT ( * ) SI_UNIT ( .MILLI., .METRE. ) );
#314 = ORIENTED_EDGE ( 'NONE', *, *, #532, .T. ) ;
#315 = DIRECTION ( 'NONE',  ( -0.000000000000000000, 1.000000000000000000, -0.000000000000000000 ) ) ;
#316 = CARTESIAN_POINT ( 'NONE',  ( 2.363611111111109775, -2.500000000000000000, 2.195726495726495919 ) ) ;
#317 = AXIS2_PLACEMENT_3D ( 'NONE', #236, #2644, #2067 ) ;
#318 = ORIENTED_EDGE ( 'NONE', *, *, #7124, .T. ) ;
#319 = VECTOR ( 'NONE', #1882, 1000.000000000000000 ) ;
#320 = SURFACE_STYLE_USAGE ( .BOTH. , #5711 ) ;
#321 = PRESENTATION_LAYER_ASSIGNMENT (  '', '', ( #4507 ) ) ;
#322 = AXIS2_PLACEMENT_3D ( 'NONE', #5311, #7191, #1736 ) ;
#323 = ADVANCED_FACE ( 'NONE', ( #4096 ), #2283, .F. ) ;
#324 = ORIENTED_EDGE ( 'NONE', *, *, #7124, .F. ) ;
#325 = PRESENTATION_STYLE_ASSIGNMENT (( #5201 ) ) ;
#326 = ORIENTED_EDGE ( 'NONE', *, *, #3231, .F. ) ;
#327 = COLOUR_RGB ( '',1.000000000000000000, 1.000000000000000000, 1.000000000000000000 ) ;
#328 = VERTEX_POINT ( 'NONE', #628 ) ;
#329 = PRESENTATION_LAYER_ASSIGNMENT (  '', '', ( #3357 ) ) ;
#330 = DIRECTION ( 'NONE',  ( 1.000000000000000000, 0.000000000000000000, 0.000000000000000000 ) ) ;
#331 = VECTOR ( 'NONE', #315, 1000.000000000000000 ) ;
#332 = AXIS2_PLACEMENT_3D ( 'NONE', #233, #6244, #3149 ) ;
#333 =( NAMED_UNIT ( * ) PLANE_ANGLE_UNIT ( ) SI_UNIT ( $, .RADIAN. ) );
#334 = FACE_OUTER_BOUND ( 'NONE', #5068, .T. ) ;
#335 = UNCERTAINTY_MEASURE_WITH_UNIT (LENGTH_MEASURE( 1.000000000000000082E-05 ), #883, 'distance_accuracy_value', 'NONE');
#336 = AXIS2_PLACEMENT_3D ( 'NONE', #7226, #3019, #4098 ) ;
#337 = FACE_OUTER_BOUND ( 'NONE', #4882, .T. ) ;
#338 =( NAMED_UNIT ( * ) PLANE_ANGLE_UNIT ( ) SI_UNIT ( $, .RADIAN. ) );
#339 = FACE_OUTER_BOUND ( 'NONE', #4172, .T. ) ;
#340 = SURFACE_SIDE_STYLE ('',( #7705 ) ) ;
#341 = DIRECTION ( 'NONE',  ( 0.000000000000000000, -1.000000000000000000, 0.000000000000000000 ) ) ;
#342 = FACE_OUTER_BOUND ( 'NONE', #3077, .T. ) ;
#343 =( GEOMETRIC_REPRESENTATION_CONTEXT ( 3 ) GLOBAL_UNCERTAINTY_ASSIGNED_CONTEXT ( ( #5931 ) ) GLOBAL_UNIT_ASSIGNED_CONTEXT ( ( #2670, #2132, #6356 ) ) REPRESENTATION_CONTEXT ( 'NONE', 'WORKASPACE' ) );
#344 = ORIENTED_EDGE ( 'NONE', *, *, #2183, .F. ) ;
#345 = CARTESIAN_POINT ( 'NONE',  ( -4.299999999999999822, -2.366666666666666696, -0.6000685097690720005 ) ) ;
#346 = SURFACE_SIDE_STYLE ('',( #4091 ) ) ;
#347 =( NAMED_UNIT ( * ) SI_UNIT ( $, .STERADIAN. ) SOLID_ANGLE_UNIT ( ) );
#348 = COLOUR_RGB ( '',0.1843137254901960898, 0.7568627450980391913, 1.000000000000000000 ) ;
#349 = ADVANCED_FACE ( 'NONE', ( #5471 ), #2936, .T. ) ;
#350 = SURFACE_SIDE_STYLE ('',( #1423 ) ) ;
#351 = DIRECTION ( 'NONE',  ( 0.000000000000000000, 1.000000000000000000, 0.000000000000000000 ) ) ;
#352 =( LENGTH_UNIT ( ) NAMED_UNIT ( * ) SI_UNIT ( .MILLI., .METRE. ) );
#353 = PLANE ( 'NONE',  #2121 ) ;
#354 = COLOUR_RGB ( '',0.1843137254901960898, 0.7568627450980391913, 1.000000000000000000 ) ;
#355 = FACE_OUTER_BOUND ( 'NONE', #277, .T. ) ;
#356 = ORIENTED_EDGE ( 'NONE', *, *, #4417, .T. ) ;
#357 = CARTESIAN_POINT ( 'NONE',  ( 2.498615044066823554, -2.399999999999999911, 1.765802083820995128 ) ) ;
#358 = CARTESIAN_POINT ( 'NONE',  ( -1.634757397634042597, -2.500000000000000000, -3.750000000000000444 ) ) ;
#359 = SURFACE_STYLE_USAGE ( .BOTH. , #1660 ) ;
#360 = CARTESIAN_POINT ( 'NONE',  ( 0.1337989381929074184, -2.400000000000000799, 1.751505832549988595 ) ) ;
#361 = VECTOR ( 'NONE', #2649, 1000.000000000000227 ) ;
#362 = ORIENTED_EDGE ( 'NONE', *, *, #4197, .F. ) ;
#363 = B_SPLINE_SURFACE_WITH_KNOTS ( 'NONE', 3, 1, ( 
 ( #6837, #7478 ),
 ( #3791, #6247 ),
 ( #4439, #2927 ),
 ( #3532, #4045 ),
 ( #6470, #1020 ),
 ( #5207, #1570 ),
 ( #4648, #7093 ),
 ( #1130, #1681 ),
 ( #7012, #4602 ),
 ( #6504, #5290 ),
 ( #7047, #420 ) ),
 .UNSPECIFIED., .F., .F., .F.,
 ( 4, 1, 1, 1, 1, 1, 1, 1, 4 ),
 ( 2, 2 ),
 ( 0.000000000000000000, 0.1243264850794587179, 0.2471519917741153427, 0.3687737442333481885, 0.4902465348858408012, 0.6136200636025062050, 0.7389618264298503103, 0.8673127358513662566, 1.000000000000000000 ),
 ( 0.000000000000000000, 1.000000000000000000 ),
 .UNSPECIFIED. ) ;
#364 = ORIENTED_EDGE ( 'NONE', *, *, #5714, .F. ) ;
#365 = SURFACE_STYLE_FILL_AREA ( #6915 ) ;
#366 = ORIENTED_EDGE ( 'NONE', *, *, #6079, .F. ) ;
#367 = CARTESIAN_POINT ( 'NONE',  ( 0.2067061560346847016, -2.500000000000000000, 2.151357842035620305 ) ) ;
#368 = CARTESIAN_POINT ( 'NONE',  ( 2.532685797275640027, -2.500000000000000000, 1.761538461538461497 ) ) ;
#369 = EDGE_LOOP ( 'NONE', ( #809, #7359, #5671, #7534 ) ) ;
#370 = AXIS2_PLACEMENT_3D ( 'NONE', #820, #2003, #7540 ) ;
#371 = SURFACE_SIDE_STYLE ('',( #5821 ) ) ;
#372 = ORIENTED_EDGE ( 'NONE', *, *, #5028, .T. ) ;
#373 = SURFACE_STYLE_USAGE ( .BOTH. , #1014 ) ;
#374 = CARTESIAN_POINT ( 'NONE',  ( 0.1541317754847514876, -2.499999999999999556, 1.837004341283215325 ) ) ;
#375 = CARTESIAN_POINT ( 'NONE',  ( 4.060553135016027326, -1.236312455806616306, -2.149999999999999911 ) ) ;
#376 = UNCERTAINTY_MEASURE_WITH_UNIT (LENGTH_MEASURE( 1.000000000000000082E-05 ), #3402, 'distance_accuracy_value', 'NONE');
#377 = SURFACE_STYLE_USAGE ( .BOTH. , #6431 ) ;
#378 = CARTESIAN_POINT ( 'NONE',  ( 0.2085425605164777374, -2.399999999999999911, 1.955220760148681958 ) ) ;
#379 = SURFACE_STYLE_FILL_AREA ( #3414 ) ;
#380 = EDGE_CURVE ( 'NONE', #2457, #1826, #4885, .T. ) ;
#381 = CARTESIAN_POINT ( 'NONE',  ( 2.589475894404736689, -2.500000000000000000, 1.773816290709922416 ) ) ;
#382 = SURFACE_STYLE_USAGE ( .BOTH. , #1500 ) ;
#383 = CARTESIAN_POINT ( 'NONE',  ( 1.800956594368268382, -2.299999999999999822, -1.225342217102087350 ) ) ;
#384 = DIRECTION ( 'NONE',  ( -0.9741522751607939457, 0.000000000000000000, 0.2258923301023049168 ) ) ;
#385 = STYLED_ITEM ( 'NONE', ( #3143 ), #3167 ) ;
#386 = CARTESIAN_POINT ( 'NONE',  ( 2.839999999999999858, -1.000000000000000000, 2.250000000000000000 ) ) ;
#387 = CARTESIAN_POINT ( 'NONE',  ( 2.372881399065990049, -2.500000000000000444, 1.833829357307199537 ) ) ;
#388 = SURFACE_STYLE_USAGE ( .BOTH. , #5839 ) ;
#389 = EDGE_CURVE ( 'NONE', #5783, #4441, #6014, .T. ) ;
#390 =( NAMED_UNIT ( * ) PLANE_ANGLE_UNIT ( ) SI_UNIT ( $, .RADIAN. ) );
#391 = PRESENTATION_LAYER_ASSIGNMENT (  '', '', ( #3794 ) ) ;
#392 = EDGE_CURVE ( 'NONE', #2260, #1203, #2590, .T. ) ;
#393 = FILL_AREA_STYLE ('',( #4660 ) ) ;
#394 = FILL_AREA_STYLE ('',( #5188 ) ) ;
#395 = PRESENTATION_STYLE_ASSIGNMENT (( #2178 ) ) ;
#396 = UNCERTAINTY_MEASURE_WITH_UNIT (LENGTH_MEASURE( 1.000000000000000082E-05 ), #5508, 'distance_accuracy_value', 'NONE');
#397 = ORIENTED_EDGE ( 'NONE', *, *, #1024, .F. ) ;
#398 = COLOUR_RGB ( '',0.1843137254901960898, 0.7568627450980391913, 1.000000000000000000 ) ;
#399 = ORIENTED_EDGE ( 'NONE', *, *, #6595, .F. ) ;
#400 =( LENGTH_UNIT ( ) NAMED_UNIT ( * ) SI_UNIT ( .MILLI., .METRE. ) );
#401 = EDGE_LOOP ( 'NONE', ( #3631, #4245, #4532, #1362 ) ) ;
#402 = EDGE_CURVE ( 'NONE', #1582, #4917, #5342, .T. ) ;
#403 = LINE ( 'NONE', #6527, #3600 ) ;
#404 =( NAMED_UNIT ( * ) SI_UNIT ( $, .STERADIAN. ) SOLID_ANGLE_UNIT ( ) );
#405 = ADVANCED_FACE ( 'NONE', ( #4728 ), #5470, .T. ) ;
#406 = PRESENTATION_LAYER_ASSIGNMENT (  '', '', ( #3806 ) ) ;
#407 = CARTESIAN_POINT ( 'NONE',  ( 2.689216523159615235, -2.400000000000000799, 1.813391086287052145 ) ) ;
#408 = EDGE_LOOP ( 'NONE', ( #3917, #4581, #366, #3495 ) ) ;
#409 = CARTESIAN_POINT ( 'NONE',  ( -1.993914404288691378, -2.400000000000000355, 1.630485880782381436 ) ) ;
#410 = ORIENTED_EDGE ( 'NONE', *, *, #1035, .F. ) ;
#411 = VECTOR ( 'NONE', #5599, 1000.000000000000000 ) ;
#412 = CARTESIAN_POINT ( 'NONE',  ( 0.1072414044444087999, -2.499999999999999556, 2.173670996413831435 ) ) ;
#413 = B_SPLINE_CURVE_WITH_KNOTS ( 'NONE', 3,
 ( #1699, #32, #6724, #1865, #2454, #7278, #2910, #1237, #2418, #1276, #4112, #3034, #515, #6004, #680 ),
 .UNSPECIFIED., .F., .F.,
 ( 4, 1, 1, 1, 1, 1, 1, 1, 1, 1, 1, 1, 4 ),
 ( 0.000000000000000000, 0.06315763001745222649, 0.1254637582343947622, 0.1871045428727539650, 0.2482722171931065203, 0.3092672907402138072, 0.3700815693601423040, 0.4311994313023794767, 0.4926765658671882209, 0.6161821766213947393, 0.7408667954466647831, 0.8681943967256270378, 1.000000000000000000 ),
 .UNSPECIFIED. ) ;
#414 = CARTESIAN_POINT ( 'NONE',  ( 2.453529990251888560, -2.100000000000000089, 0.7531436111372146192 ) ) ;
#415 = FACE_OUTER_BOUND ( 'NONE', #6086, .T. ) ;
#416 = PRODUCT_DEFINITION_CONTEXT ( 'detailed design', #6148, 'design' ) ;
#417 = CLOSED_SHELL ( 'NONE', ( #5000, #3682, #6863, #3027, #3521, #3629, #1847, #5048, #6516, #6698, #7032, #5285, #1550, #6181, #7688, #2890, #1471, #928, #1373, #1780, #5865, #3190, #2192, #3285, #3215, #3015, #3081, #3723, #3295, #6813, #3167, #1551, #5500, #4776, #7698, #2039, #1949, #2713, #3268, #1391, #3175, #5807, #3624, #3038, #7614, #7612, #6664, #6020, #1733, #1568, #7476, #945, #2824, #1201, #6557, #5754, #5001, #5089, #2736, #7423, #7536, #3375, #6374, #4423, #2094, #6726, #42, #6926, #1413, #4042, #1278, #3318, #1521, #349, #5587, #7384, #6414, #3859, #1506, #7823, #7453, #6654, #5704, #4169, #2660, #5598, #5341, #2376, #1079, #3959, #5196, #6665, #2526, #5327, #684, #1, #3903, #2212, #4933, #7178, #3163, #3825, #5144, #54, #7024, #3568, #775, #6435, #3334, #3613, #31, #3126, #405 ) ) ;
#418 = PRESENTATION_LAYER_ASSIGNMENT (  '', '', ( #6265 ) ) ;
#419 = ORIENTED_EDGE ( 'NONE', *, *, #7638, .T. ) ;
#420 = CARTESIAN_POINT ( 'NONE',  ( 0.2577991452991452714, -2.400000000000000355, 1.982342581463675257 ) ) ;
#421 = CARTESIAN_POINT ( 'NONE',  ( -0.06284280070091513570, -2.500000000000000444, 1.708889036659472893 ) ) ;
#422 =( LENGTH_UNIT ( ) NAMED_UNIT ( * ) SI_UNIT ( .MILLI., .METRE. ) );
#423 = VECTOR ( 'NONE', #4009, 1000.000000000000000 ) ;
#424 = CARTESIAN_POINT ( 'NONE',  ( -0.1181873110460257836, -2.400000000000000355, 2.250773977132559445 ) ) ;
#425 = SURFACE_STYLE_FILL_AREA ( #7599 ) ;
#426 = SURFACE_STYLE_USAGE ( .BOTH. , #346 ) ;
#427 = CARTESIAN_POINT ( 'NONE',  ( 2.477458266559828370, -2.500000000000000444, 2.054424579326923350 ) ) ;
#428 = EDGE_CURVE ( 'NONE', #4598, #5783, #5561, .T. ) ;
#429 = DIRECTION ( 'NONE',  ( 1.000000000000000000, -0.000000000000000000, -0.000000000000000000 ) ) ;
#430 = PRESENTATION_STYLE_ASSIGNMENT (( #5908 ) ) ;
#431 = PRESENTATION_STYLE_ASSIGNMENT (( #3393 ) ) ;
#432 = EDGE_LOOP ( 'NONE', ( #6569, #4915, #3756, #2992 ) ) ;
#433 = EDGE_LOOP ( 'NONE', ( #3282, #3826, #6877, #4924 ) ) ;
#434 = SURFACE_STYLE_FILL_AREA ( #2948 ) ;
#435 = VERTEX_POINT ( 'NONE', #2439 ) ;
#436 = DIRECTION ( 'NONE',  ( -0.000000000000000000, 1.000000000000000000, -0.000000000000000000 ) ) ;
#437 = LINE ( 'NONE', #2763, #138 ) ;
#438 = CARTESIAN_POINT ( 'NONE',  ( 2.581135374328825449, -2.399999999999999911, 1.714001798419692024 ) ) ;
#439 = EDGE_LOOP ( 'NONE', ( #4721, #4913, #472, #2567, #5317, #903, #1670, #7128 ) ) ;
#440 = STYLED_ITEM ( 'NONE', ( #795 ), #5756 ) ;
#441 = EDGE_CURVE ( 'NONE', #7608, #7078, #3060, .T. ) ;
#442 = PRESENTATION_STYLE_ASSIGNMENT (( #7769 ) ) ;
#443 = ORIENTED_EDGE ( 'NONE', *, *, #5702, .F. ) ;
#444 = UNCERTAINTY_MEASURE_WITH_UNIT (LENGTH_MEASURE( 1.000000000000000082E-05 ), #1696, 'distance_accuracy_value', 'NONE');
#445 = EDGE_CURVE ( 'NONE', #6334, #4756, #4906, .T. ) ;
#446 = DIRECTION ( 'NONE',  ( 0.000000000000000000, 0.000000000000000000, -1.000000000000000000 ) ) ;
#447 = CARTESIAN_POINT ( 'NONE',  ( 3.400000000000001243, -2.500000000000000000, -2.810766349256795138 ) ) ;
#448 = COLOUR_RGB ( '',1.000000000000000000, 1.000000000000000000, 1.000000000000000000 ) ;
#449 = SURFACE_SIDE_STYLE ('',( #4679 ) ) ;
#450 = CARTESIAN_POINT ( 'NONE',  ( 0.09616632909373383498, -2.399999999999999467, 2.240597729465799492 ) ) ;
#451 = STYLED_ITEM ( 'NONE', ( #702 ), #6176 ) ;
#452 = ORIENTED_EDGE ( 'NONE', *, *, #3115, .T. ) ;
#453 = VERTEX_POINT ( 'NONE', #2321 ) ;
#454 = UNCERTAINTY_MEASURE_WITH_UNIT (LENGTH_MEASURE( 1.000000000000000082E-05 ), #3162, 'distance_accuracy_value', 'NONE');
#455 = VECTOR ( 'NONE', #5323, 1000.000000000000000 ) ;
#456 = PRESENTATION_LAYER_ASSIGNMENT (  '', '', ( #5391 ) ) ;
#457 = VECTOR ( 'NONE', #3760, 1000.000000000000000 ) ;
#458 = SURFACE_STYLE_FILL_AREA ( #4809 ) ;
#459 = COLOUR_RGB ( '',0.1843137254901960898, 0.7568627450980391913, 1.000000000000000000 ) ;
#460 = PLANE ( 'NONE',  #4040 ) ;
#461 = AXIS2_PLACEMENT_3D ( 'NONE', #3985, #1622, #6950 ) ;
#462 = CARTESIAN_POINT ( 'NONE',  ( 2.436181336034762612, -2.500000000000000000, 2.008585383983133799 ) ) ;
#463 = VECTOR ( 'NONE', #601, 1000.000000000000000 ) ;
#464 = VECTOR ( 'NONE', #2119, 1000.000000000000000 ) ;
#465 = AXIS2_PLACEMENT_3D ( 'NONE', #7179, #584, #1180 ) ;
#466 = CARTESIAN_POINT ( 'NONE',  ( -0.1668950286408325545, -2.500000000000000888, 1.803683770583935253 ) ) ;
#467 = DIRECTION ( 'NONE',  ( 0.000000000000000000, -1.000000000000000000, 0.000000000000000000 ) ) ;
#468 = CARTESIAN_POINT ( 'NONE',  ( -0.02395666399572645572, -2.400000000000000355, 1.761538461538461497 ) ) ;
#469 = COLOUR_RGB ( '',0.8980392156862745390, 0.8980392156862745390, 0.8980392156862745390 ) ;
#470 = CARTESIAN_POINT ( 'NONE',  ( 0.2577991452991452714, -2.500000000000000000, 1.982342581463675257 ) ) ;
#471 = UNCERTAINTY_MEASURE_WITH_UNIT (LENGTH_MEASURE( 1.000000000000000082E-05 ), #5646, 'distance_accuracy_value', 'NONE');
#472 = ORIENTED_EDGE ( 'NONE', *, *, #7742, .T. ) ;
#473 = ORIENTED_EDGE ( 'NONE', *, *, #6526, .T. ) ;
#474 = VECTOR ( 'NONE', #6226, 999.9999999999998863 ) ;
#475 = CARTESIAN_POINT ( 'NONE',  ( 0.2103098290598290343, -2.500000000000000000, 1.985946681356837384 ) ) ;
#476 = DIRECTION ( 'NONE',  ( 0.000000000000000000, 0.000000000000000000, -1.000000000000000000 ) ) ;
#477 = EDGE_CURVE ( 'NONE', #1311, #1048, #6195, .T. ) ;
#478 = EDGE_CURVE ( 'NONE', #7078, #5318, #826, .T. ) ;
#479 = FILL_AREA_STYLE ('',( #7153 ) ) ;
#480 = CARTESIAN_POINT ( 'NONE',  ( 2.547773634733388803, -2.499999999999999556, 1.707651764087707358 ) ) ;
#481 = ORIENTED_EDGE ( 'NONE', *, *, #2430, .F. ) ;
#482 =( LENGTH_UNIT ( ) NAMED_UNIT ( * ) SI_UNIT ( .MILLI., .METRE. ) );
#483 = VERTEX_POINT ( 'NONE', #750 ) ;
#484 = DIRECTION ( 'NONE',  ( 0.000000000000000000, -0.000000000000000000, 1.000000000000000000 ) ) ;
#485 = PLANE ( 'NONE',  #3002 ) ;
#486 = CARTESIAN_POINT ( 'NONE',  ( 0.1439296520011597857, -2.500000000000000444, 1.826556615186175181 ) ) ;
#487 = CARTESIAN_POINT ( 'NONE',  ( 0.2539122301933806614, -2.400000000000000355, 2.035409141408177192 ) ) ;
#488 = UNCERTAINTY_MEASURE_WITH_UNIT (LENGTH_MEASURE( 1.000000000000000082E-05 ), #505, 'distance_accuracy_value', 'NONE');
#489 = PLANE ( 'NONE',  #6437 ) ;
#490 = AXIS2_PLACEMENT_3D ( 'NONE', #2768, #4125, #446 ) ;
#491 = FACE_OUTER_BOUND ( 'NONE', #1993, .T. ) ;
#492 = ORIENTED_EDGE ( 'NONE', *, *, #1520, .T. ) ;
#493 = EDGE_LOOP ( 'NONE', ( #778, #2000, #4030, #3119, #3490, #2025 ) ) ;
#494 = CARTESIAN_POINT ( 'NONE',  ( 0.1873499515952978811, -2.399999999999999911, 1.884829937444385095 ) ) ;
#495 = FILL_AREA_STYLE ('',( #2278 ) ) ;
#496 = DIRECTION ( 'NONE',  ( 0.000000000000000000, -0.000000000000000000, 1.000000000000000000 ) ) ;
#497 = EDGE_CURVE ( 'NONE', #7146, #1366, #2008, .T. ) ;
#498 = CARTESIAN_POINT ( 'NONE',  ( -0.5460855957113092130, -2.500000000000000000, 2.250000000000000000 ) ) ;
#499 =( NAMED_UNIT ( * ) SI_UNIT ( $, .STERADIAN. ) SOLID_ANGLE_UNIT ( ) );
#500 = PRESENTATION_STYLE_ASSIGNMENT (( #7602 ) ) ;
#501 = SURFACE_STYLE_FILL_AREA ( #4550 ) ;
#502 = FILL_AREA_STYLE ('',( #5954 ) ) ;
#503 =( NAMED_UNIT ( * ) PLANE_ANGLE_UNIT ( ) SI_UNIT ( $, .RADIAN. ) );
#504 = B_SPLINE_CURVE_WITH_KNOTS ( 'NONE', 3,
 ( #6093, #5445, #7881, #5355, #4878, #1115, #4746, #7800, #3637, #3586, #2335, #7196, #640, #4704, #3520, #4155, #6606, #3071, #4832 ),
 .UNSPECIFIED., .F., .F.,
 ( 4, 1, 1, 1, 1, 1, 1, 1, 1, 1, 1, 1, 1, 1, 1, 1, 4 ),
 ( 0.000000000000000000, 0.06196903919174857889, 0.1221290764323361561, 0.1809991241916589499, 0.2401624165448510428, 0.2998647227478902222, 0.3599512670925810176, 0.4217417893803282469, 0.4865456790123976472, 0.5515084714935614141, 0.6149949372340040021, 0.6772396658274379977, 0.7397146797414259067, 0.8030385380943932949, 0.8664872928331470714, 0.9319694797733334424, 1.000000000000000000 ),
 .UNSPECIFIED. ) ;
#505 =( LENGTH_UNIT ( ) NAMED_UNIT ( * ) SI_UNIT ( .MILLI., .METRE. ) );
#506 = CARTESIAN_POINT ( 'NONE',  ( -0.1738709297679417731, -2.499999999999999112, 2.227062421896494282 ) ) ;
#507 = FACE_OUTER_BOUND ( 'NONE', #855, .T. ) ;
#508 = CARTESIAN_POINT ( 'NONE',  ( 0.1337989381929074184, -2.500000000000000444, 1.751505832549988595 ) ) ;
#509 = VERTEX_POINT ( 'NONE', #99 ) ;
#510 = ORIENTED_EDGE ( 'NONE', *, *, #6145, .F. ) ;
#511 = DIRECTION ( 'NONE',  ( -0.000000000000000000, 1.000000000000000000, -0.000000000000000000 ) ) ;
#512 = VECTOR ( 'NONE', #7101, 1000.000000000000000 ) ;
#513 = SURFACE_SIDE_STYLE ('',( #678 ) ) ;
#514 = CARTESIAN_POINT ( 'NONE',  ( 2.438276598249069949, -2.399999999999999911, 1.733502740221340099 ) ) ;
#515 = CARTESIAN_POINT ( 'NONE',  ( -0.05251214987060905809, -2.400000000000000355, 1.762263071925939339 ) ) ;
#516 = DIRECTION ( 'NONE',  ( 1.000000000000000000, -0.000000000000000000, -0.000000000000000000 ) ) ;
#517 = CARTESIAN_POINT ( 'NONE',  ( 2.682092489207998032, -2.400000000000000355, 1.797835658434528083 ) ) ;
#518 = COLOUR_RGB ( '',0.1843137254901960898, 0.7568627450980391913, 1.000000000000000000 ) ;
#519 = VERTEX_POINT ( 'NONE', #6272 ) ;
#520 = CARTESIAN_POINT ( 'NONE',  ( 4.381742037259617639, -1.154902199396359741, -2.149999999999999911 ) ) ;
#521 = EDGE_CURVE ( 'NONE', #1826, #1008, #3260, .T. ) ;
#522 = ORIENTED_EDGE ( 'NONE', *, *, #7189, .F. ) ;
#523 = SURFACE_STYLE_FILL_AREA ( #5362 ) ;
#524 = CARTESIAN_POINT ( 'NONE',  ( 2.468598399148477451, -2.500000000000000000, 1.779221475812797548 ) ) ;
#525 = FACE_OUTER_BOUND ( 'NONE', #6413, .T. ) ;
#526 = DIRECTION ( 'NONE',  ( -0.000000000000000000, -0.000000000000000000, -1.000000000000000000 ) ) ;
#527 = LINE ( 'NONE', #2347, #4161 ) ;
#528 = CARTESIAN_POINT ( 'NONE',  ( 0.2203374460449690209, -2.400000000000000799, 2.130149937256948789 ) ) ;
#529 = FILL_AREA_STYLE ('',( #6582 ) ) ;
#530 = EDGE_CURVE ( 'NONE', #5785, #1441, #2552, .T. ) ;
#531 = ORIENTED_EDGE ( 'NONE', *, *, #3827, .T. ) ;
#532 = EDGE_CURVE ( 'NONE', #7445, #4598, #1628, .T. ) ;
#533 = DIRECTION ( 'NONE',  ( -0.000000000000000000, -1.000000000000000000, -0.000000000000000000 ) ) ;
#534 = CARTESIAN_POINT ( 'NONE',  ( -0.08026252959337150383, -2.500000000000000000, 1.766667882189133953 ) ) ;
#535 = CARTESIAN_POINT ( 'NONE',  ( 0.5460855957113092130, -2.400000000000000355, 1.630485880782381436 ) ) ;
#536 = FILL_AREA_STYLE ('',( #6074 ) ) ;
#537 =( GEOMETRIC_REPRESENTATION_CONTEXT ( 3 ) GLOBAL_UNCERTAINTY_ASSIGNED_CONTEXT ( ( #7542 ) ) GLOBAL_UNIT_ASSIGNED_CONTEXT ( ( #1541, #2712, #3269 ) ) REPRESENTATION_CONTEXT ( 'NONE', 'WORKASPACE' ) );
#538 = LINE ( 'NONE', #4310, #1193 ) ;
#539 = CARTESIAN_POINT ( 'NONE',  ( 2.651709715877327511, -2.400000000000000355, 1.756721325761508190 ) ) ;
#540 = EDGE_CURVE ( 'NONE', #5232, #4450, #7389, .T. ) ;
#541 = DIRECTION ( 'NONE',  ( -0.3385652849408002374, 0.000000000000000000, 0.9409429035988075007 ) ) ;
#542 = CARTESIAN_POINT ( 'NONE',  ( 0.02298696838416585536, -2.500000000000000444, 1.765596497220667471 ) ) ;
#543 = DIRECTION ( 'NONE',  ( -1.000000000000000000, 0.000000000000000000, 0.000000000000000000 ) ) ;
#544 = PRESENTATION_STYLE_ASSIGNMENT (( #2372 ) ) ;
#545 = DIRECTION ( 'NONE',  ( -0.000000000000000000, -1.000000000000000000, -0.000000000000000000 ) ) ;
#546 = ORIENTED_EDGE ( 'NONE', *, *, #5790, .T. ) ;
#547 = EDGE_LOOP ( 'NONE', ( #6000, #4029, #3795, #5780 ) ) ;
#548 = FILL_AREA_STYLE ('',( #4788 ) ) ;
#549 = CARTESIAN_POINT ( 'NONE',  ( 2.372881399065990049, -2.400000000000000799, 1.833829357307199537 ) ) ;
#550 = LINE ( 'NONE', #5396, #4051 ) ;
#551 = SURFACE_STYLE_FILL_AREA ( #6607 ) ;
#552 = ORIENTED_EDGE ( 'NONE', *, *, #4831, .T. ) ;
#553 = CARTESIAN_POINT ( 'NONE',  ( -1.634757397634042597, 0.000000000000000000, -3.750000000000000444 ) ) ;
#554 = VERTEX_POINT ( 'NONE', #875 ) ;
#555 = CARTESIAN_POINT ( 'NONE',  ( -0.2162459935897435848, -2.400000000000000355, 2.121100427350427253 ) ) ;
#556 =( LENGTH_UNIT ( ) NAMED_UNIT ( * ) SI_UNIT ( .MILLI., .METRE. ) );
#557 = FILL_AREA_STYLE ('',( #649 ) ) ;
#558 = CARTESIAN_POINT ( 'NONE',  ( 2.539999999999999591, -2.400000000000000355, 1.347630107884207229 ) ) ;
#559 = CARTESIAN_POINT ( 'NONE',  ( 4.576522435897437902, -0.9004951481143084191, -2.149999999999999911 ) ) ;
#560 = EDGE_CURVE ( 'NONE', #6417, #3855, #5758, .T. ) ;
#561 = ORIENTED_EDGE ( 'NONE', *, *, #3188, .F. ) ;
#562 = DIRECTION ( 'NONE',  ( 0.000000000000000000, 1.000000000000000000, 0.000000000000000000 ) ) ;
#563 = EDGE_LOOP ( 'NONE', ( #522, #637 ) ) ;
#564 = CIRCLE ( 'NONE', #317, 0.6685684054278679955 ) ;
#565 = AXIS2_PLACEMENT_3D ( 'NONE', #4606, #6474, #1023 ) ;
#566 = CARTESIAN_POINT ( 'NONE',  ( -0.1136001503114828365, -2.499999999999999556, 1.718408903032914381 ) ) ;
#567 = AXIS2_PLACEMENT_3D ( 'NONE', #6549, #2368, #3622 ) ;
#568 = CARTESIAN_POINT ( 'NONE',  ( -2.240000000000001101, -1.500000000000000000, 2.250000000000000000 ) ) ;
#569 = CARTESIAN_POINT ( 'NONE',  ( -0.1444945033505377618, -2.400000000000000799, 2.241476637091720292 ) ) ;
#570 = DIRECTION ( 'NONE',  ( 0.000000000000000000, -4.336808689942017736E-16, -1.000000000000000000 ) ) ;
#571 = EDGE_CURVE ( 'NONE', #3706, #5582, #6935, .T. ) ;
#572 = DIRECTION ( 'NONE',  ( 1.364799380695330128E-15, 0.000000000000000000, -1.000000000000000000 ) ) ;
#573 = PLANE ( 'NONE',  #4886 ) ;
#574 =( GEOMETRIC_REPRESENTATION_CONTEXT ( 3 ) GLOBAL_UNCERTAINTY_ASSIGNED_CONTEXT ( ( #7470 ) ) GLOBAL_UNIT_ASSIGNED_CONTEXT ( ( #6774, #785, #3694 ) ) REPRESENTATION_CONTEXT ( 'NONE', 'WORKASPACE' ) );
#575 = LINE ( 'NONE', #4860, #131 ) ;
#576 = EDGE_CURVE ( 'NONE', #7037, #3280, #3134, .T. ) ;
#577 = CARTESIAN_POINT ( 'NONE',  ( -2.567136752136752964, -2.400000000000000355, 2.250000000000000000 ) ) ;
#578 = STYLED_ITEM ( 'NONE', ( #2246 ), #5275 ) ;
#579 = VECTOR ( 'NONE', #526, 1000.000000000000000 ) ;
#580 =( GEOMETRIC_REPRESENTATION_CONTEXT ( 3 ) GLOBAL_UNCERTAINTY_ASSIGNED_CONTEXT ( ( #1642 ) ) GLOBAL_UNIT_ASSIGNED_CONTEXT ( ( #5581, #6692, #1947 ) ) REPRESENTATION_CONTEXT ( 'NONE', 'WORKASPACE' ) );
#581 = CARTESIAN_POINT ( 'NONE',  ( 2.655331196581195208, -2.400000000000000355, 1.883653846153846123 ) ) ;
#582 = VECTOR ( 'NONE', #254, 1000.000000000000000 ) ;
#583 = SURFACE_STYLE_FILL_AREA ( #5513 ) ;
#584 = DIRECTION ( 'NONE',  ( -0.7297249646783466881, 0.000000000000000000, 0.6837407958614036829 ) ) ;
#585 = LINE ( 'NONE', #2987, #3721 ) ;
#586 = MECHANICAL_DESIGN_GEOMETRIC_PRESENTATION_REPRESENTATION (  '', ( #2599 ), #6439 ) ;
#587 = VECTOR ( 'NONE', #3752, 1000.000000000000000 ) ;
#588 = CYLINDRICAL_SURFACE ( 'NONE', #5383, 0.6078624301311709166 ) ;
#589 = CIRCLE ( 'NONE', #860, 0.2394398982144593790 ) ;
#590 = CARTESIAN_POINT ( 'NONE',  ( 0.1541317754847514876, -2.499999999999999556, 1.837004341283215325 ) ) ;
#591 = FILL_AREA_STYLE ('',( #1854 ) ) ;
#592 = CARTESIAN_POINT ( 'NONE',  ( -2.519647435897436338, -2.400000000000000355, 1.775106837606837518 ) ) ;
#593 = EDGE_CURVE ( 'NONE', #4785, #5550, #1494, .T. ) ;
#594 = MECHANICAL_DESIGN_GEOMETRIC_PRESENTATION_REPRESENTATION (  '', ( #3492 ), #1985 ) ;
#595 = ORIENTED_EDGE ( 'NONE', *, *, #1950, .F. ) ;
#596 = AXIS2_PLACEMENT_3D ( 'NONE', #106, #7355, #6864 ) ;
#597 =( GEOMETRIC_REPRESENTATION_CONTEXT ( 3 ) GLOBAL_UNCERTAINTY_ASSIGNED_CONTEXT ( ( #7443 ) ) GLOBAL_UNIT_ASSIGNED_CONTEXT ( ( #6791, #1387, #5614 ) ) REPRESENTATION_CONTEXT ( 'NONE', 'WORKASPACE' ) );
#598 = EDGE_LOOP ( 'NONE', ( #5370, #6058, #3324, #3841, #7886, #4084 ) ) ;
#599 = CARTESIAN_POINT ( 'NONE',  ( -2.540000000000000480, -2.100000000000000089, 0.5137037129227551846 ) ) ;
#600 = SURFACE_SIDE_STYLE ('',( #4152 ) ) ;
#601 = DIRECTION ( 'NONE',  ( -1.000000000000000000, 0.000000000000000000, 0.000000000000000000 ) ) ;
#602 = VECTOR ( 'NONE', #2673, 1000.000000000000000 ) ;
#603 = CARTESIAN_POINT ( 'NONE',  ( -0.2162459935897435848, -2.500000000000000000, 2.121100427350427253 ) ) ;
#604 = DIRECTION ( 'NONE',  ( 0.000000000000000000, 1.000000000000000000, 0.000000000000000000 ) ) ;
#605 = CARTESIAN_POINT ( 'NONE',  ( -0.08132894421807215779, -2.400000000000000355, 2.204279588664525669 ) ) ;
#606 = DIRECTION ( 'NONE',  ( -8.619603225789280719E-17, -0.000000000000000000, -1.000000000000000000 ) ) ;
#607 = ORIENTED_EDGE ( 'NONE', *, *, #2775, .F. ) ;
#608 = VECTOR ( 'NONE', #870, 1000.000000000000000 ) ;
#609 = DIRECTION ( 'NONE',  ( -0.000000000000000000, 1.000000000000000000, -0.000000000000000000 ) ) ;
#610 = ORIENTED_EDGE ( 'NONE', *, *, #3763, .F. ) ;
#611 = CARTESIAN_POINT ( 'NONE',  ( 2.528723457898697902, -2.500000000000000000, 1.761643554751386676 ) ) ;
#612 = DIRECTION ( 'NONE',  ( -0.6038968352533787831, 0.000000000000000000, -0.7970624896273525994 ) ) ;
#613 = CARTESIAN_POINT ( 'NONE',  ( 1.800956594368268382, 0.000000000000000000, -1.647441418907150457 ) ) ;
#614 =( LENGTH_UNIT ( ) NAMED_UNIT ( * ) SI_UNIT ( .MILLI., .METRE. ) );
#615 =( GEOMETRIC_REPRESENTATION_CONTEXT ( 3 ) GLOBAL_UNCERTAINTY_ASSIGNED_CONTEXT ( ( #3733 ) ) GLOBAL_UNIT_ASSIGNED_CONTEXT ( ( #5314, #6567, #3522 ) ) REPRESENTATION_CONTEXT ( 'NONE', 'WORKASPACE' ) );
#616 = CARTESIAN_POINT ( 'NONE',  ( 0.1351057300848813869, -2.500000000000000000, 2.219886205686428138 ) ) ;
#617 = STYLED_ITEM ( 'NONE', ( #5762 ), #1733 ) ;
#618 = EDGE_LOOP ( 'NONE', ( #940, #4869, #3325, #5270, #5623, #2216, #7126, #2352, #4118, #3590, #3924, #2869 ) ) ;
#619 = PRESENTATION_STYLE_ASSIGNMENT (( #3051 ) ) ;
#620 =( NAMED_UNIT ( * ) SI_UNIT ( $, .STERADIAN. ) SOLID_ANGLE_UNIT ( ) );
#621 = LINE ( 'NONE', #5335, #3599 ) ;
#622 = CARTESIAN_POINT ( 'NONE',  ( 2.536156168275498057, -2.500000000000000000, 1.707395359908828292 ) ) ;
#623 = DIRECTION ( 'NONE',  ( -4.659762792526940292E-16, 0.000000000000000000, -1.000000000000000000 ) ) ;
#624 = CARTESIAN_POINT ( 'NONE',  ( 2.448680708150346330, -2.500000000000000444, 2.023181628860384773 ) ) ;
#625 = AXIS2_PLACEMENT_3D ( 'NONE', #2235, #3967, #4078 ) ;
#626 = EDGE_CURVE ( 'NONE', #1068, #5760, #6776, .T. ) ;
#627 = DIRECTION ( 'NONE',  ( 0.000000000000000000, 0.000000000000000000, -1.000000000000000000 ) ) ;
#628 = CARTESIAN_POINT ( 'NONE',  ( -0.02756076388888887077, -2.400000000000000355, 2.263568376068375798 ) ) ;
#629 = DIRECTION ( 'NONE',  ( 0.000000000000000000, 1.000000000000000000, 0.000000000000000000 ) ) ;
#630 = FILL_AREA_STYLE_COLOUR ( '', #7846 ) ;
#631 = FILL_AREA_STYLE_COLOUR ( '', #793 ) ;
#632 = CARTESIAN_POINT ( 'NONE',  ( 0.5460855957113092130, -2.400000000000000355, 2.250000000000000000 ) ) ;
#633 = UNCERTAINTY_MEASURE_WITH_UNIT (LENGTH_MEASURE( 1.000000000000000082E-05 ), #4515, 'distance_accuracy_value', 'NONE');
#634 = EDGE_LOOP ( 'NONE', ( #2416, #1195, #2421, #1432 ) ) ;
#635 = ORIENTED_EDGE ( 'NONE', *, *, #5608, .T. ) ;
#636 = CARTESIAN_POINT ( 'NONE',  ( 0.002685323702752086001, -2.499999999999999556, 1.707988939841460496 ) ) ;
#637 = ORIENTED_EDGE ( 'NONE', *, *, #4376, .F. ) ;
#638 = CARTESIAN_POINT ( 'NONE',  ( -1.800956594368268382, -2.500000000000000000, -1.225342217102087350 ) ) ;
#639 = SURFACE_STYLE_FILL_AREA ( #6092 ) ;
#640 = CARTESIAN_POINT ( 'NONE',  ( 2.478130898059530463, -2.499999999999999112, 1.773772669035937666 ) ) ;
#641 = CARTESIAN_POINT ( 'NONE',  ( -0.08132894421807215779, -2.500000000000000444, 2.204279588664525669 ) ) ;
#642 = CARTESIAN_POINT ( 'NONE',  ( -0.04503960455947197961, -2.399999999999999467, 1.707482166360894782 ) ) ;
#643 = ORIENTED_EDGE ( 'NONE', *, *, #292, .F. ) ;
#644 = COLOUR_RGB ( '',1.000000000000000000, 1.000000000000000000, 1.000000000000000000 ) ;
#645 = EDGE_LOOP ( 'NONE', ( #1112, #6909, #5919, #7780 ) ) ;
#646 = DIRECTION ( 'NONE',  ( 0.000000000000000000, -0.000000000000000000, -1.000000000000000000 ) ) ;
#647 = EDGE_CURVE ( 'NONE', #932, #6294, #6826, .T. ) ;
#648 = PLANE ( 'NONE',  #2388 ) ;
#649 = FILL_AREA_STYLE_COLOUR ( '', #193 ) ;
#650 = SURFACE_SIDE_STYLE ('',( #88 ) ) ;
#651 = DIRECTION ( 'NONE',  ( -0.000000000000000000, -1.000000000000000000, -0.000000000000000000 ) ) ;
#652 = ORIENTED_EDGE ( 'NONE', *, *, #7045, .F. ) ;
#653 = AXIS2_PLACEMENT_3D ( 'NONE', #2997, #1741, #4238 ) ;
#654 = CARTESIAN_POINT ( 'NONE',  ( -0.2577991452991452714, -2.500000000000000000, 1.817932024572649352 ) ) ;
#655 = CARTESIAN_POINT ( 'NONE',  ( -0.02395666399572645572, -2.500000000000000000, 1.761538461538461497 ) ) ;
#656 = FILL_AREA_STYLE ('',( #4854 ) ) ;
#657 = CARTESIAN_POINT ( 'NONE',  ( -0.1267165184313454040, -1.500000000000000000, 7.750000000000000000 ) ) ;
#658 = SURFACE_STYLE_USAGE ( .BOTH. , #5558 ) ;
#659 = DIRECTION ( 'NONE',  ( -8.641799330037944406E-17, -0.000000000000000000, -1.000000000000000000 ) ) ;
#660 = CARTESIAN_POINT ( 'NONE',  ( 2.370651308386320544, -2.500000000000000000, 1.871943522456937625 ) ) ;
#661 = DIRECTION ( 'NONE',  ( 0.000000000000000000, 0.000000000000000000, -1.000000000000000000 ) ) ;
#662 = FILL_AREA_STYLE_COLOUR ( '', #4789 ) ;
#663 = VECTOR ( 'NONE', #4461, 1000.000000000000000 ) ;
#664 =( NAMED_UNIT ( * ) PLANE_ANGLE_UNIT ( ) SI_UNIT ( $, .RADIAN. ) );
#665 = FILL_AREA_STYLE ('',( #2012 ) ) ;
#666 = VECTOR ( 'NONE', #3940, 1000.000000000000000 ) ;
#667 = DIRECTION ( 'NONE',  ( 0.000000000000000000, 0.000000000000000000, -1.000000000000000000 ) ) ;
#668 = CARTESIAN_POINT ( 'NONE',  ( -0.01865246773709242079, -2.500000000000000000, 1.761599812408703780 ) ) ;
#669 = MECHANICAL_DESIGN_GEOMETRIC_PRESENTATION_REPRESENTATION (  '', ( #6759 ), #5872 ) ;
#670 =( NAMED_UNIT ( * ) SI_UNIT ( $, .STERADIAN. ) SOLID_ANGLE_UNIT ( ) );
#671 = CARTESIAN_POINT ( 'NONE',  ( 5.000000000000000000, -0.1000000000000000056, 1.187158322142691791 ) ) ;
#672 = SURFACE_STYLE_FILL_AREA ( #6717 ) ;
#673 = EDGE_CURVE ( 'NONE', #7648, #827, #1968, .T. ) ;
#674 = ORIENTED_EDGE ( 'NONE', *, *, #1800, .F. ) ;
#675 = COLOUR_RGB ( '',0.1843137254901960898, 0.7568627450980391913, 1.000000000000000000 ) ;
#676 = EDGE_LOOP ( 'NONE', ( #184, #7442, #314, #2542 ) ) ;
#677 = CARTESIAN_POINT ( 'NONE',  ( 0.2097431669871131499, -2.500000000000000444, 2.009123499099085386 ) ) ;
#678 = SURFACE_STYLE_FILL_AREA ( #548 ) ;
#679 = FILL_AREA_STYLE ('',( #5700 ) ) ;
#680 = CARTESIAN_POINT ( 'NONE',  ( -0.02395666399572645572, -2.400000000000000355, 1.761538461538461497 ) ) ;
#681 = SURFACE_STYLE_USAGE ( .BOTH. , #116 ) ;
#682 = AXIS2_PLACEMENT_3D ( 'NONE', #3411, #2773, #5980 ) ;
#683 = CARTESIAN_POINT ( 'NONE',  ( -0.2545584209074405191, -2.499999999999999556, 1.813656242544682717 ) ) ;
#684 = ADVANCED_FACE ( 'NONE', ( #2668 ), #790, .F. ) ;
#685 = ORIENTED_EDGE ( 'NONE', *, *, #1599, .F. ) ;
#686 = CARTESIAN_POINT ( 'NONE',  ( 4.135872885735895288, -0.7027481342701399347, 2.750000000000000000 ) ) ;
#687 = VERTEX_POINT ( 'NONE', #1157 ) ;
#688 = UNCERTAINTY_MEASURE_WITH_UNIT (LENGTH_MEASURE( 1.000000000000000082E-05 ), #2984, 'distance_accuracy_value', 'NONE');
#689 = LINE ( 'NONE', #1360, #457 ) ;
#690 = CARTESIAN_POINT ( 'NONE',  ( 2.682092489207998032, -2.400000000000000355, 1.797835658434528083 ) ) ;
#691 = FACE_OUTER_BOUND ( 'NONE', #110, .T. ) ;
#692 = CYLINDRICAL_SURFACE ( 'NONE', #6239, 0.2394398982144593790 ) ;
#693 = AXIS2_PLACEMENT_3D ( 'NONE', #2045, #4493, #4426 ) ;
#694 = DIRECTION ( 'NONE',  ( 0.000000000000000000, 0.000000000000000000, 1.000000000000000000 ) ) ;
#695 = EDGE_CURVE ( 'NONE', #3369, #5917, #1748, .T. ) ;
#696 = EDGE_LOOP ( 'NONE', ( #473, #1153 ) ) ;
#697 = MECHANICAL_DESIGN_GEOMETRIC_PRESENTATION_REPRESENTATION (  '', ( #4358 ), #5120 ) ;
#698 = CARTESIAN_POINT ( 'NONE',  ( -0.2262936161616823094, -2.500000000000000888, 1.781789783068432165 ) ) ;
#699 = VECTOR ( 'NONE', #3177, 1000.000000000000000 ) ;
#700 = FILL_AREA_STYLE_COLOUR ( '', #3472 ) ;
#701 = CARTESIAN_POINT ( 'NONE',  ( 4.135872885735895288, -1.797251865729859954, 2.250000000000000000 ) ) ;
#702 = PRESENTATION_STYLE_ASSIGNMENT (( #1408 ) ) ;
#703 = CARTESIAN_POINT ( 'NONE',  ( -1.800956594368268382, -2.299999999999999822, -1.225342217102087350 ) ) ;
#704 = CARTESIAN_POINT ( 'NONE',  ( 2.611605895280330270, -2.400000000000000355, 1.726467682300723228 ) ) ;
#705 = VECTOR ( 'NONE', #6316, 1000.000000000000000 ) ;
#706 = DIRECTION ( 'NONE',  ( 0.000000000000000000, -1.000000000000000000, -0.000000000000000000 ) ) ;
#707 = CARTESIAN_POINT ( 'NONE',  ( 2.653990048539566438, -2.500000000000000444, 1.869757031050708118 ) ) ;
#708 = STYLED_ITEM ( 'NONE', ( #3784 ), #7698 ) ;
#709 = SURFACE_SIDE_STYLE ('',( #4353 ) ) ;
#710 = LINE ( 'NONE', #1340, #7336 ) ;
#711 = SURFACE_STYLE_USAGE ( .BOTH. , #1142 ) ;
#712 = VECTOR ( 'NONE', #4545, 1000.000000000000000 ) ;
#713 = CARTESIAN_POINT ( 'NONE',  ( -0.3000000000000003775, -1.000000000000000000, 7.268409389428597045 ) ) ;
#714 = ORIENTED_EDGE ( 'NONE', *, *, #3188, .T. ) ;
#715 = MECHANICAL_DESIGN_GEOMETRIC_PRESENTATION_REPRESENTATION (  '', ( #1472 ), #2224 ) ;
#716 = CIRCLE ( 'NONE', #4504, 0.6000685097690720005 ) ;
#717 = AXIS2_PLACEMENT_3D ( 'NONE', #7105, #2819, #6449 ) ;
#718 = CARTESIAN_POINT ( 'NONE',  ( 0.1072414044444087999, -2.499999999999999556, 2.173670996413831435 ) ) ;
#719 = EDGE_CURVE ( 'NONE', #2885, #453, #4712, .T. ) ;
#720 = CARTESIAN_POINT ( 'NONE',  ( -0.2162459935897435848, -2.500000000000000000, 1.849732905982905962 ) ) ;
#721 = DIRECTION ( 'NONE',  ( -1.000000000000000000, 0.000000000000000000, -0.000000000000000000 ) ) ;
#722 = VECTOR ( 'NONE', #1605, 1000.000000000000000 ) ;
#723 = FILL_AREA_STYLE ('',( #5578 ) ) ;
#724 = STYLED_ITEM ( 'NONE', ( #2324 ), #5000 ) ;
#725 = COLOUR_RGB ( '',0.1843137254901960898, 0.7568627450980391913, 1.000000000000000000 ) ;
#726 = VERTEX_POINT ( 'NONE', #3932 ) ;
#727 = ORIENTED_EDGE ( 'NONE', *, *, #4355, .F. ) ;
#728 = CARTESIAN_POINT ( 'NONE',  ( -0.2577991452991452714, -2.400000000000000355, 1.817932024572649352 ) ) ;
#729 = VECTOR ( 'NONE', #1429, 1000.000000000000000 ) ;
#730 = VERTEX_POINT ( 'NONE', #1196 ) ;
#731 = EDGE_CURVE ( 'NONE', #3667, #6817, #6613, .T. ) ;
#732 = SURFACE_STYLE_USAGE ( .BOTH. , #770 ) ;
#733 = PLANE ( 'NONE',  #6046 ) ;
#734 = PRESENTATION_LAYER_ASSIGNMENT (  '', '', ( #6193 ) ) ;
#735 = SURFACE_STYLE_FILL_AREA ( #1953 ) ;
#736 = CARTESIAN_POINT ( 'NONE',  ( 2.418546479496323620, -2.500000000000000888, 1.885969701147815591 ) ) ;
#737 =( NAMED_UNIT ( * ) SI_UNIT ( $, .STERADIAN. ) SOLID_ANGLE_UNIT ( ) );
#738 = COLOUR_RGB ( '',0.8313725490196077761, 0.8313725490196077761, 0.8196078431372548767 ) ;
#739 = ORIENTED_EDGE ( 'NONE', *, *, #187, .T. ) ;
#740 = FILL_AREA_STYLE ('',( #5460 ) ) ;
#741 = VERTEX_POINT ( 'NONE', #5131 ) ;
#742 = COLOUR_RGB ( '',0.1843137254901960898, 0.7568627450980391913, 1.000000000000000000 ) ;
#743 = ORIENTED_EDGE ( 'NONE', *, *, #7601, .F. ) ;
#744 = FACE_OUTER_BOUND ( 'NONE', #7247, .T. ) ;
#745 = UNCERTAINTY_MEASURE_WITH_UNIT (LENGTH_MEASURE( 1.000000000000000082E-05 ), #1654, 'distance_accuracy_value', 'NONE');
#746 = SURFACE_STYLE_USAGE ( .BOTH. , #3091 ) ;
#747 =( LENGTH_UNIT ( ) NAMED_UNIT ( * ) SI_UNIT ( .MILLI., .METRE. ) );
#748 = COLOUR_RGB ( '',0.1843137254901960898, 0.7568627450980391913, 1.000000000000000000 ) ;
#749 =( NAMED_UNIT ( * ) SI_UNIT ( $, .STERADIAN. ) SOLID_ANGLE_UNIT ( ) );
#750 = CARTESIAN_POINT ( 'NONE',  ( 3.823477564102566451, -0.9004951481143085301, -2.250000000000000000 ) ) ;
#751 = ADVANCED_FACE ( 'NONE', ( #7119 ), #4797, .F. ) ;
#752 = CARTESIAN_POINT ( 'NONE',  ( -1.634757397634042597, 0.000000000000000000, -3.750000000000000444 ) ) ;
#753 = CARTESIAN_POINT ( 'NONE',  ( -1.722883656246370299, 0.000000000000000000, -1.447028670344146617 ) ) ;
#754 =( NAMED_UNIT ( * ) SI_UNIT ( $, .STERADIAN. ) SOLID_ANGLE_UNIT ( ) );
#755 = LINE ( 'NONE', #299, #4241 ) ;
#756 = AXIS2_PLACEMENT_3D ( 'NONE', #6968, #168, #253 ) ;
#757 = ORIENTED_EDGE ( 'NONE', *, *, #6947, .F. ) ;
#758 = LINE ( 'NONE', #7314, #5401 ) ;
#759 =( NAMED_UNIT ( * ) PLANE_ANGLE_UNIT ( ) SI_UNIT ( $, .RADIAN. ) );
#760 = FILL_AREA_STYLE ('',( #2099 ) ) ;
#761 = AXIS2_PLACEMENT_3D ( 'NONE', #4678, #4566, #7009 ) ;
#762 = PLANE ( 'NONE',  #4626 ) ;
#763 = LINE ( 'NONE', #5616, #5414 ) ;
#764 = CARTESIAN_POINT ( 'NONE',  ( 2.372881399065990049, -2.500000000000000444, 1.833829357307199537 ) ) ;
#765 = ORIENTED_EDGE ( 'NONE', *, *, #2515, .F. ) ;
#766 =( GEOMETRIC_REPRESENTATION_CONTEXT ( 3 ) GLOBAL_UNCERTAINTY_ASSIGNED_CONTEXT ( ( #688 ) ) GLOBAL_UNIT_ASSIGNED_CONTEXT ( ( #2984, #7870, #5343 ) ) REPRESENTATION_CONTEXT ( 'NONE', 'WORKASPACE' ) );
#767 = ORIENTED_EDGE ( 'NONE', *, *, #3947, .F. ) ;
#768 = DIRECTION ( 'NONE',  ( -0.000000000000000000, -1.000000000000000000, -0.000000000000000000 ) ) ;
#769 = ORIENTED_EDGE ( 'NONE', *, *, #4955, .F. ) ;
#770 = SURFACE_SIDE_STYLE ('',( #3908 ) ) ;
#771 =( NAMED_UNIT ( * ) PLANE_ANGLE_UNIT ( ) SI_UNIT ( $, .RADIAN. ) );
#772 = LINE ( 'NONE', #858, #3927 ) ;
#773 = DIRECTION ( 'NONE',  ( -0.000000000000000000, -1.000000000000000000, -0.000000000000000000 ) ) ;
#774 = VECTOR ( 'NONE', #5180, 1000.000000000000000 ) ;
#775 = ADVANCED_FACE ( 'NONE', ( #5319 ), #4542, .T. ) ;
#776 = ORIENTED_EDGE ( 'NONE', *, *, #1214, .T. ) ;
#777 = LINE ( 'NONE', #4968, #7415 ) ;
#778 = ORIENTED_EDGE ( 'NONE', *, *, #380, .T. ) ;
#779 = CARTESIAN_POINT ( 'NONE',  ( 2.503356526529290083, -2.500000000000000888, 2.015764431608567442 ) ) ;
#780 =( GEOMETRIC_REPRESENTATION_CONTEXT ( 3 ) GLOBAL_UNCERTAINTY_ASSIGNED_CONTEXT ( ( #4004 ) ) GLOBAL_UNIT_ASSIGNED_CONTEXT ( ( #2693, #6219, #6999 ) ) REPRESENTATION_CONTEXT ( 'NONE', 'WORKASPACE' ) );
#781 =( NAMED_UNIT ( * ) PLANE_ANGLE_UNIT ( ) SI_UNIT ( $, .RADIAN. ) );
#782 = MECHANICAL_DESIGN_GEOMETRIC_PRESENTATION_REPRESENTATION (  '', ( #5738 ), #4665 ) ;
#783 = CARTESIAN_POINT ( 'NONE',  ( -4.135872885735895288, -0.7027481342701401568, 2.250000000000000000 ) ) ;
#784 = CARTESIAN_POINT ( 'NONE',  ( 0.03475739763404337573, 0.000000000000000000, -3.591119187505327659 ) ) ;
#785 =( NAMED_UNIT ( * ) PLANE_ANGLE_UNIT ( ) SI_UNIT ( $, .RADIAN. ) );
#786 = EDGE_CURVE ( 'NONE', #1075, #6241, #2496, .T. ) ;
#787 = MECHANICAL_DESIGN_GEOMETRIC_PRESENTATION_REPRESENTATION (  '', ( #2415 ), #780 ) ;
#788 = EDGE_CURVE ( 'NONE', #6619, #1582, #7329, .T. ) ;
#789 =( LENGTH_UNIT ( ) NAMED_UNIT ( * ) SI_UNIT ( .MILLI., .METRE. ) );
#790 = PLANE ( 'NONE',  #4343 ) ;
#791 = PRESENTATION_STYLE_ASSIGNMENT (( #7594 ) ) ;
#792 = FILL_AREA_STYLE_COLOUR ( '', #1607 ) ;
#793 = COLOUR_RGB ( '',0.1843137254901960898, 0.7568627450980391913, 1.000000000000000000 ) ;
#794 = CARTESIAN_POINT ( 'NONE',  ( -0.2262936161616823094, -2.400000000000001243, 1.781789783068432165 ) ) ;
#795 = PRESENTATION_STYLE_ASSIGNMENT (( #5026 ) ) ;
#796 = FILL_AREA_STYLE ('',( #7468 ) ) ;
#797 = EDGE_CURVE ( 'NONE', #1584, #4718, #5452, .T. ) ;
#798 = VERTEX_POINT ( 'NONE', #6059 ) ;
#799 = EDGE_CURVE ( 'NONE', #1068, #1384, #279, .T. ) ;
#800 =( NAMED_UNIT ( * ) PLANE_ANGLE_UNIT ( ) SI_UNIT ( $, .RADIAN. ) );
#801 = CARTESIAN_POINT ( 'NONE',  ( 0.08746803362186544861, -2.400000000000000799, 2.184604303163777850 ) ) ;
#802 =( NAMED_UNIT ( * ) PLANE_ANGLE_UNIT ( ) SI_UNIT ( $, .RADIAN. ) );
#803 = DIRECTION ( 'NONE',  ( 0.000000000000000000, 0.000000000000000000, -1.000000000000000000 ) ) ;
#804 = CARTESIAN_POINT ( 'NONE',  ( 2.372881399065990049, -2.400000000000001243, 1.833829357307199537 ) ) ;
#805 = PRESENTATION_LAYER_ASSIGNMENT (  '', '', ( #2437 ) ) ;
#806 = ORIENTED_EDGE ( 'NONE', *, *, #719, .T. ) ;
#807 = EDGE_LOOP ( 'NONE', ( #2259, #7481, #4443, #3433 ) ) ;
#808 = DIRECTION ( 'NONE',  ( 0.000000000000000000, 1.000000000000000000, 0.000000000000000000 ) ) ;
#809 = ORIENTED_EDGE ( 'NONE', *, *, #5454, .F. ) ;
#810 = VECTOR ( 'NONE', #5630, 1000.000000000000000 ) ;
#811 = DIRECTION ( 'NONE',  ( 0.000000000000000000, 0.000000000000000000, -1.000000000000000000 ) ) ;
#812 = CARTESIAN_POINT ( 'NONE',  ( -0.1594718177279929039, -2.399999999999999911, 2.234689664907174578 ) ) ;
#813 =( NAMED_UNIT ( * ) SI_UNIT ( $, .STERADIAN. ) SOLID_ANGLE_UNIT ( ) );
#814 =( LENGTH_UNIT ( ) NAMED_UNIT ( * ) SI_UNIT ( .MILLI., .METRE. ) );
#815 = VERTEX_POINT ( 'NONE', #5494 ) ;
#816 =( GEOMETRIC_REPRESENTATION_CONTEXT ( 3 ) GLOBAL_UNCERTAINTY_ASSIGNED_CONTEXT ( ( #6429 ) ) GLOBAL_UNIT_ASSIGNED_CONTEXT ( ( #5787, #4709, #1122 ) ) REPRESENTATION_CONTEXT ( 'NONE', 'WORKASPACE' ) );
#817 = SURFACE_STYLE_FILL_AREA ( #6847 ) ;
#818 = EDGE_LOOP ( 'NONE', ( #2266, #7493, #7001, #6583 ) ) ;
#819 = CARTESIAN_POINT ( 'NONE',  ( -1.800956594368268382, 0.000000000000000000, -1.647441418907150457 ) ) ;
#820 = CARTESIAN_POINT ( 'NONE',  ( 0.000000000000000000, -2.500000000000000000, 2.016198513312075224 ) ) ;
#821 =( NAMED_UNIT ( * ) SI_UNIT ( $, .STERADIAN. ) SOLID_ANGLE_UNIT ( ) );
#822 = CARTESIAN_POINT ( 'NONE',  ( -2.240000000000000657, -1.000000000000000000, 7.281332158035503710 ) ) ;
#823 = CARTESIAN_POINT ( 'NONE',  ( -1.634757397634042375, 0.000000000000000000, -3.591119187505327215 ) ) ;
#824 = FILL_AREA_STYLE_COLOUR ( '', #6765 ) ;
#825 = B_SPLINE_SURFACE_WITH_KNOTS ( 'NONE', 3, 1, ( 
 ( #1152, #4671 ),
 ( #3476, #7844 ),
 ( #1318, #642 ),
 ( #3112, #4923 ),
 ( #3676, #7403 ),
 ( #4240, #6688 ),
 ( #4880, #7883 ),
 ( #3073, #3036 ),
 ( #6096, #3587 ),
 ( #3711, #117 ),
 ( #2998, #1783 ),
 ( #6132, #4956 ),
 ( #6756, #4202 ),
 ( #1944, #6052 ),
 ( #2492, #2954 ),
 ( #7281, #35 ),
 ( #78, #5447 ),
 ( #683, #7323 ),
 ( #1904, #4364 ) ),
 .UNSPECIFIED., .F., .F., .F.,
 ( 4, 1, 1, 1, 1, 1, 1, 1, 1, 1, 1, 1, 1, 1, 1, 1, 4 ),
 ( 2, 2 ),
 ( 0.000000000000000000, 0.06853542284148401997, 0.1356589674424568126, 0.2011794303826616170, 0.2656352828214549877, 0.3295956130800902217, 0.3925935151374382315, 0.4548846774505593826, 0.5172941855071916395, 0.5789464734792502121, 0.6398855303520567528, 0.6999987277606434244, 0.7598486901516336989, 0.8196601949445271318, 0.8793761117258547255, 0.9395222974028178964, 1.000000000000000000 ),
 ( 0.000000000000000000, 1.000000000000000000 ),
 .UNSPECIFIED. ) ;
#826 = LINE ( 'NONE', #3776, #3686 ) ;
#827 = VERTEX_POINT ( 'NONE', #2423 ) ;
#828 = FILL_AREA_STYLE_COLOUR ( '', #98 ) ;
#829 = CARTESIAN_POINT ( 'NONE',  ( 2.632236038060014049, -2.500000000000000000, 1.811164499263358652 ) ) ;
#830 = CARTESIAN_POINT ( 'NONE',  ( 2.477579608168974268, -2.400000000000000799, 1.987577227425328941 ) ) ;
#831 = ADVANCED_FACE ( 'NONE', ( #2573 ), #4367, .T. ) ;
#832 = LINE ( 'NONE', #3219, #2363 ) ;
#833 = CARTESIAN_POINT ( 'NONE',  ( 0.2102488081201960568, -2.400000000000000355, 1.980748412549365733 ) ) ;
#834 = DIRECTION ( 'NONE',  ( 0.000000000000000000, -1.000000000000000000, 0.000000000000000000 ) ) ;
#835 = CIRCLE ( 'NONE', #2950, 0.6078624301311709166 ) ;
#836 = B_SPLINE_CURVE_WITH_KNOTS ( 'NONE', 3,
 ( #5912, #4024, #2177, #3464, #2820, #3425, #2146, #2789, #3353, #4582, #2865, #5263, #1690, #6482, #357, #2285, #7715, #1002, #2213 ),
 .UNSPECIFIED., .F., .F.,
 ( 4, 1, 1, 1, 1, 1, 1, 1, 1, 1, 1, 1, 1, 1, 1, 1, 4 ),
 ( 0.000000000000000000, 0.06196903919174857889, 0.1221290764323361561, 0.1809991241916589499, 0.2401624165448510428, 0.2998647227478902222, 0.3599512670925810176, 0.4217417893803282469, 0.4865456790123976472, 0.5515084714935614141, 0.6149949372340040021, 0.6772396658274379977, 0.7397146797414259067, 0.8030385380943932949, 0.8664872928331470714, 0.9319694797733334424, 1.000000000000000000 ),
 .UNSPECIFIED. ) ;
#837 = ORIENTED_EDGE ( 'NONE', *, *, #2622, .F. ) ;
#838 = PRESENTATION_STYLE_ASSIGNMENT (( #5695 ) ) ;
#839 = DIRECTION ( 'NONE',  ( 0.4285842068721730791, -0.9035018415143105663, 0.000000000000000000 ) ) ;
#840 = MECHANICAL_DESIGN_GEOMETRIC_PRESENTATION_REPRESENTATION (  '', ( #1080 ), #2955 ) ;
#841 = CARTESIAN_POINT ( 'NONE',  ( 0.06669800411854982791, -2.499999999999999556, 2.193702337146667070 ) ) ;
#842 = CARTESIAN_POINT ( 'NONE',  ( 0.000000000000000000, -2.100000000000000089, 0.2742638147082958611 ) ) ;
#843 =( GEOMETRIC_REPRESENTATION_CONTEXT ( 3 ) GLOBAL_UNCERTAINTY_ASSIGNED_CONTEXT ( ( #4893 ) ) GLOBAL_UNIT_ASSIGNED_CONTEXT ( ( #6235, #1339, #178 ) ) REPRESENTATION_CONTEXT ( 'NONE', 'WORKASPACE' ) );
#844 = STYLED_ITEM ( 'NONE', ( #430 ), #4050 ) ;
#845 = LINE ( 'NONE', #5773, #3618 ) ;
#846 = PRODUCT_DEFINITION ( 'UNKNOWN', '', #4988, #416 ) ;
#847 = DIRECTION ( 'NONE',  ( 0.000000000000000000, 0.000000000000000000, 1.000000000000000000 ) ) ;
#848 = CARTESIAN_POINT ( 'NONE',  ( 2.414461735937181164, -2.500000000000000888, 1.753974954319019952 ) ) ;
#849 = STYLED_ITEM ( 'NONE', ( #6658 ), #5285 ) ;
#850 = ORIENTED_EDGE ( 'NONE', *, *, #7767, .F. ) ;
#851 = CIRCLE ( 'NONE', #5259, 0.6000685097690720005 ) ;
#852 =( GEOMETRIC_REPRESENTATION_CONTEXT ( 3 ) GLOBAL_UNCERTAINTY_ASSIGNED_CONTEXT ( ( #6100 ) ) GLOBAL_UNIT_ASSIGNED_CONTEXT ( ( #400, #4668, #6524 ) ) REPRESENTATION_CONTEXT ( 'NONE', 'WORKASPACE' ) );
#853 = ORIENTED_EDGE ( 'NONE', *, *, #5878, .T. ) ;
#854 = DIRECTION ( 'NONE',  ( 0.000000000000000000, 0.000000000000000000, -1.000000000000000000 ) ) ;
#855 = EDGE_LOOP ( 'NONE', ( #6954, #743, #1526, #4028 ) ) ;
#856 = CARTESIAN_POINT ( 'NONE',  ( 0.03786575284948592163, -2.499999999999999556, 2.257843989290249098 ) ) ;
#857 = CARTESIAN_POINT ( 'NONE',  ( -0.08012641540943449270, -2.500000000000000000, 2.259563174491508342 ) ) ;
#858 = CARTESIAN_POINT ( 'NONE',  ( 4.135872885735895288, -0.7027481342701401568, 2.250000000000000000 ) ) ;
#859 = STYLED_ITEM ( 'NONE', ( #2064 ), #4856 ) ;
#860 = AXIS2_PLACEMENT_3D ( 'NONE', #3829, #5032, #4473 ) ;
#861 = FACE_OUTER_BOUND ( 'NONE', #3191, .T. ) ;
#862 = ORIENTED_EDGE ( 'NONE', *, *, #2451, .F. ) ;
#863 = COLOUR_RGB ( '',0.1843137254901960898, 0.7568627450980391913, 1.000000000000000000 ) ;
#864 = DIRECTION ( 'NONE',  ( 0.000000000000000000, 1.000000000000000000, 0.000000000000000000 ) ) ;
#865 = EDGE_LOOP ( 'NONE', ( #3496, #607 ) ) ;
#866 = UNCERTAINTY_MEASURE_WITH_UNIT (LENGTH_MEASURE( 1.000000000000000082E-05 ), #1880, 'distance_accuracy_value', 'NONE');
#867 =( GEOMETRIC_REPRESENTATION_CONTEXT ( 3 ) GLOBAL_UNCERTAINTY_ASSIGNED_CONTEXT ( ( #7118 ) ) GLOBAL_UNIT_ASSIGNED_CONTEXT ( ( #6745, #1453, #1302 ) ) REPRESENTATION_CONTEXT ( 'NONE', 'WORKASPACE' ) );
#868 =( NAMED_UNIT ( * ) SI_UNIT ( $, .STERADIAN. ) SOLID_ANGLE_UNIT ( ) );
#869 = STYLED_ITEM ( 'NONE', ( #5223 ), #6863 ) ;
#870 = DIRECTION ( 'NONE',  ( 0.000000000000000000, 0.000000000000000000, 1.000000000000000000 ) ) ;
#871 = CARTESIAN_POINT ( 'NONE',  ( -1.800956594368268382, -2.500000000000000000, -1.647441418907150457 ) ) ;
#872 =( LENGTH_UNIT ( ) NAMED_UNIT ( * ) SI_UNIT ( .MILLI., .METRE. ) );
#873 = CARTESIAN_POINT ( 'NONE',  ( -0.5460855957113092130, -2.400000000000000355, 1.630485880782381436 ) ) ;
#874 =( GEOMETRIC_REPRESENTATION_CONTEXT ( 3 ) GLOBAL_UNCERTAINTY_ASSIGNED_CONTEXT ( ( #745 ) ) GLOBAL_UNIT_ASSIGNED_CONTEXT ( ( #1654, #992, #5296 ) ) REPRESENTATION_CONTEXT ( 'NONE', 'WORKASPACE' ) );
#875 = CARTESIAN_POINT ( 'NONE',  ( 4.135872885735895288, -1.797251865729859954, 2.750000000000000000 ) ) ;
#876 = CARTESIAN_POINT ( 'NONE',  ( 2.632236038060014049, -2.400000000000000355, 1.811164499263358652 ) ) ;
#877 = DIRECTION ( 'NONE',  ( 0.3385652849408001819, 0.000000000000000000, 0.9409429035988075007 ) ) ;
#878 = CARTESIAN_POINT ( 'NONE',  ( -0.04542846596047516589, -2.399999999999999467, 2.263353387093528291 ) ) ;
#879 =( LENGTH_UNIT ( ) NAMED_UNIT ( * ) SI_UNIT ( .MILLI., .METRE. ) );
#880 = COLOUR_RGB ( '',0.1843137254901960898, 0.7568627450980391913, 1.000000000000000000 ) ;
#881 = SURFACE_SIDE_STYLE ('',( #1382 ) ) ;
#882 = SURFACE_STYLE_FILL_AREA ( #5691 ) ;
#883 =( LENGTH_UNIT ( ) NAMED_UNIT ( * ) SI_UNIT ( .MILLI., .METRE. ) );
#884 = UNCERTAINTY_MEASURE_WITH_UNIT (LENGTH_MEASURE( 1.000000000000000082E-05 ), #6143, 'distance_accuracy_value', 'NONE');
#885 = EDGE_CURVE ( 'NONE', #5760, #2218, #3351, .T. ) ;
#886 = COLOUR_RGB ( '',0.1843137254901960898, 0.7568627450980391913, 1.000000000000000000 ) ;
#887 = FILL_AREA_STYLE ('',( #956 ) ) ;
#888 = CARTESIAN_POINT ( 'NONE',  ( 2.451458035316325557, -2.500000000000000888, 1.725324977164068407 ) ) ;
#889 = DIRECTION ( 'NONE',  ( 0.000000000000000000, -0.000000000000000000, -1.000000000000000000 ) ) ;
#890 = PRESENTATION_STYLE_ASSIGNMENT (( #2066 ) ) ;
#891 =( GEOMETRIC_REPRESENTATION_CONTEXT ( 3 ) GLOBAL_UNCERTAINTY_ASSIGNED_CONTEXT ( ( #4018 ) ) GLOBAL_UNIT_ASSIGNED_CONTEXT ( ( #3255, #4452, #7418 ) ) REPRESENTATION_CONTEXT ( 'NONE', 'WORKASPACE' ) );
#892 = CARTESIAN_POINT ( 'NONE',  ( 2.496408060538637841, -2.400000000000000799, 1.709972241352448297 ) ) ;
#893 = EDGE_CURVE ( 'NONE', #3280, #7215, #2458, .T. ) ;
#894 = VERTEX_POINT ( 'NONE', #6138 ) ;
#895 = EDGE_LOOP ( 'NONE', ( #1326, #5325, #1897, #3066 ) ) ;
#896 = CARTESIAN_POINT ( 'NONE',  ( -0.1312442307961861621, -2.399999999999999911, 2.187715789022162571 ) ) ;
#897 = VECTOR ( 'NONE', #2535, 1000.000000000000000 ) ;
#898 = ORIENTED_EDGE ( 'NONE', *, *, #5847, .F. ) ;
#899 = SURFACE_SIDE_STYLE ('',( #3882 ) ) ;
#900 = ORIENTED_EDGE ( 'NONE', *, *, #1325, .T. ) ;
#901 = EDGE_CURVE ( 'NONE', #2375, #2686, #689, .T. ) ;
#902 = DIRECTION ( 'NONE',  ( 1.000000000000000000, -0.000000000000000000, -0.000000000000000000 ) ) ;
#903 = ORIENTED_EDGE ( 'NONE', *, *, #5100, .T. ) ;
#904 = EDGE_CURVE ( 'NONE', #6802, #4066, #3078, .T. ) ;
#905 = LINE ( 'NONE', #5674, #3644 ) ;
#906 = VECTOR ( 'NONE', #7747, 1000.000000000000000 ) ;
#907 =( NAMED_UNIT ( * ) SI_UNIT ( $, .STERADIAN. ) SOLID_ANGLE_UNIT ( ) );
#908 = FILL_AREA_STYLE_COLOUR ( '', #2716 ) ;
#909 = CARTESIAN_POINT ( 'NONE',  ( -2.408633676762341302, -1.000000000000000000, 7.750000000000000000 ) ) ;
#910 = DIRECTION ( 'NONE',  ( -0.4285960263555427252, 0.9034962347415946837, 0.000000000000000000 ) ) ;
#911 = FILL_AREA_STYLE ('',( #5097 ) ) ;
#912 =( GEOMETRIC_REPRESENTATION_CONTEXT ( 3 ) GLOBAL_UNCERTAINTY_ASSIGNED_CONTEXT ( ( #1504 ) ) GLOBAL_UNIT_ASSIGNED_CONTEXT ( ( #2675, #4397, #1932 ) ) REPRESENTATION_CONTEXT ( 'NONE', 'WORKASPACE' ) );
#913 = PRESENTATION_STYLE_ASSIGNMENT (( #3335 ) ) ;
#914 = CARTESIAN_POINT ( 'NONE',  ( 2.654876722198234340, -2.500000000000000000, 1.878944637123165284 ) ) ;
#915 =( NAMED_UNIT ( * ) SI_UNIT ( $, .STERADIAN. ) SOLID_ANGLE_UNIT ( ) );
#916 = FACE_OUTER_BOUND ( 'NONE', #24, .T. ) ;
#917 =( NAMED_UNIT ( * ) SI_UNIT ( $, .STERADIAN. ) SOLID_ANGLE_UNIT ( ) );
#918 = PRESENTATION_STYLE_ASSIGNMENT (( #426 ) ) ;
#919 = MECHANICAL_DESIGN_GEOMETRIC_PRESENTATION_REPRESENTATION (  '', ( #3030 ), #10 ) ;
#920 = SURFACE_STYLE_FILL_AREA ( #3144 ) ;
#921 =( GEOMETRIC_REPRESENTATION_CONTEXT ( 3 ) GLOBAL_UNCERTAINTY_ASSIGNED_CONTEXT ( ( #3117 ) ) GLOBAL_UNIT_ASSIGNED_CONTEXT ( ( #4656, #3462, #1218 ) ) REPRESENTATION_CONTEXT ( 'NONE', 'WORKASPACE' ) );
#922 = CARTESIAN_POINT ( 'NONE',  ( 3.086085595711308915, -2.400000000000000355, 1.630485880782381436 ) ) ;
#923 =( GEOMETRIC_REPRESENTATION_CONTEXT ( 3 ) GLOBAL_UNCERTAINTY_ASSIGNED_CONTEXT ( ( #5873 ) ) GLOBAL_UNIT_ASSIGNED_CONTEXT ( ( #3950, #4103, #7754 ) ) REPRESENTATION_CONTEXT ( 'NONE', 'WORKASPACE' ) );
#924 = LINE ( 'NONE', #3307, #3292 ) ;
#925 = CARTESIAN_POINT ( 'NONE',  ( -0.1979201681242242217, -2.399999999999999467, 1.829327324817665801 ) ) ;
#926 = SURFACE_STYLE_USAGE ( .BOTH. , #6447 ) ;
#927 = FILL_AREA_STYLE_COLOUR ( '', #3229 ) ;
#928 = ADVANCED_FACE ( 'NONE', ( #3154 ), #4997, .F. ) ;
#929 = DIRECTION ( 'NONE',  ( 0.000000000000000000, 0.000000000000000000, -1.000000000000000000 ) ) ;
#930 = SURFACE_STYLE_FILL_AREA ( #6876 ) ;
#931 = ORIENTED_EDGE ( 'NONE', *, *, #4097, .F. ) ;
#932 = VERTEX_POINT ( 'NONE', #6955 ) ;
#933 = VERTEX_POINT ( 'NONE', #7483 ) ;
#934 = VECTOR ( 'NONE', #7592, 1000.000000000000000 ) ;
#935 = EDGE_CURVE ( 'NONE', #7005, #1476, #1394, .T. ) ;
#936 = DIRECTION ( 'NONE',  ( -0.000000000000000000, -1.000000000000000000, -0.000000000000000000 ) ) ;
#937 = AXIS2_PLACEMENT_3D ( 'NONE', #3592, #1154, #1824 ) ;
#938 = DIRECTION ( 'NONE',  ( 0.000000000000000000, -1.000000000000000000, 0.000000000000000000 ) ) ;
#939 = ORIENTED_EDGE ( 'NONE', *, *, #91, .F. ) ;
#940 = ORIENTED_EDGE ( 'NONE', *, *, #4280, .F. ) ;
#941 = STYLED_ITEM ( 'NONE', ( #890 ), #3375 ) ;
#942 = CARTESIAN_POINT ( 'NONE',  ( 2.370395299145298118, -2.400000000000000355, 1.864573317307692379 ) ) ;
#943 = FILL_AREA_STYLE_COLOUR ( '', #2267 ) ;
#944 = CARTESIAN_POINT ( 'NONE',  ( 0.000000000000000000, -2.100000000000000089, 0.5137037129227551846 ) ) ;
#945 = ADVANCED_FACE ( 'NONE', ( #7568 ), #4555, .F. ) ;
#946 = EDGE_CURVE ( 'NONE', #7445, #5085, #3955, .T. ) ;
#947 = AXIS2_PLACEMENT_3D ( 'NONE', #3084, #651, #4766 ) ;
#948 = UNCERTAINTY_MEASURE_WITH_UNIT (LENGTH_MEASURE( 1.000000000000000082E-05 ), #1827, 'distance_accuracy_value', 'NONE');
#949 = SURFACE_SIDE_STYLE ('',( #379 ) ) ;
#950 = CARTESIAN_POINT ( 'NONE',  ( 2.417884615384614300, -2.400000000000000355, 1.868813434829059705 ) ) ;
#951 = CARTESIAN_POINT ( 'NONE',  ( -0.02756076388888887077, -2.400000000000000355, 2.263568376068375798 ) ) ;
#952 = DIRECTION ( 'NONE',  ( -1.000000000000000000, 0.000000000000000000, 8.619603225789280719E-17 ) ) ;
#953 = LINE ( 'NONE', #6979, #2345 ) ;
#954 =( NAMED_UNIT ( * ) SI_UNIT ( $, .STERADIAN. ) SOLID_ANGLE_UNIT ( ) );
#955 = AXIS2_PLACEMENT_3D ( 'NONE', #5692, #7102, #2140 ) ;
#956 = FILL_AREA_STYLE_COLOUR ( '', #19 ) ;
#957 = CARTESIAN_POINT ( 'NONE',  ( 2.376416475941637074, -2.499999999999999556, 1.819226625150198284 ) ) ;
#958 = CARTESIAN_POINT ( 'NONE',  ( -0.1279707598993073403, -2.399999999999998579, 1.781774948430888683 ) ) ;
#959 = PLANE ( 'NONE',  #4399 ) ;
#960 = CARTESIAN_POINT ( 'NONE',  ( 0.1843570907306734119, -2.400000000000000355, 2.093292361267840462 ) ) ;
#961 = CYLINDRICAL_SURFACE ( 'NONE', #6943, 0.6000685097690720005 ) ;
#962 = SURFACE_STYLE_USAGE ( .BOTH. , #7680 ) ;
#963 = VECTOR ( 'NONE', #6748, 1000.000000000000000 ) ;
#964 = CARTESIAN_POINT ( 'NONE',  ( 0.1768718200112850414, -2.400000000000000799, 1.786331522357858859 ) ) ;
#965 = ORIENTED_EDGE ( 'NONE', *, *, #3326, .T. ) ;
#966 =( GEOMETRIC_REPRESENTATION_CONTEXT ( 3 ) GLOBAL_UNCERTAINTY_ASSIGNED_CONTEXT ( ( #2163 ) ) GLOBAL_UNIT_ASSIGNED_CONTEXT ( ( #5386, #7357, #6749 ) ) REPRESENTATION_CONTEXT ( 'NONE', 'WORKASPACE' ) );
#967 = ORIENTED_EDGE ( 'NONE', *, *, #7337, .F. ) ;
#968 = PRESENTATION_STYLE_ASSIGNMENT (( #2185 ) ) ;
#969 =( GEOMETRIC_REPRESENTATION_CONTEXT ( 3 ) GLOBAL_UNCERTAINTY_ASSIGNED_CONTEXT ( ( #2287 ) ) GLOBAL_UNIT_ASSIGNED_CONTEXT ( ( #2672, #2054, #915 ) ) REPRESENTATION_CONTEXT ( 'NONE', 'WORKASPACE' ) );
#970 = ORIENTED_EDGE ( 'NONE', *, *, #7034, .F. ) ;
#971 = DIRECTION ( 'NONE',  ( -1.000000000000000000, 0.000000000000000000, 0.000000000000000000 ) ) ;
#972 = SURFACE_STYLE_FILL_AREA ( #2188 ) ;
#973 = VECTOR ( 'NONE', #3132, 1000.000000000000000 ) ;
#974 = MECHANICAL_DESIGN_GEOMETRIC_PRESENTATION_REPRESENTATION (  '', ( #191 ), #7818 ) ;
#975 = DIRECTION ( 'NONE',  ( -0.000000000000000000, 1.000000000000000000, -0.000000000000000000 ) ) ;
#976 = MECHANICAL_DESIGN_GEOMETRIC_PRESENTATION_REPRESENTATION (  '', ( #5132 ), #73 ) ;
#977 = ORIENTED_EDGE ( 'NONE', *, *, #5340, .F. ) ;
#978 = DIRECTION ( 'NONE',  ( 0.000000000000000000, 0.000000000000000000, -1.000000000000000000 ) ) ;
#979 = EDGE_CURVE ( 'NONE', #1229, #4756, #7649, .T. ) ;
#980 = EDGE_LOOP ( 'NONE', ( #3712, #739, #6056, #4999 ) ) ;
#981 = AXIS2_PLACEMENT_3D ( 'NONE', #984, #1487, #3890 ) ;
#982 = STYLED_ITEM ( 'NONE', ( #4360 ), #1413 ) ;
#983 = DIRECTION ( 'NONE',  ( 0.000000000000000000, -1.000000000000000000, 0.000000000000000000 ) ) ;
#984 = CARTESIAN_POINT ( 'NONE',  ( 0.000000000000000000, -0.2000000000000000111, 0.000000000000000000 ) ) ;
#985 = DIRECTION ( 'NONE',  ( 0.000000000000000000, 0.000000000000000000, 1.000000000000000000 ) ) ;
#986 = COLOUR_RGB ( '',0.1843137254901960898, 0.7568627450980391913, 1.000000000000000000 ) ;
#987 = MECHANICAL_DESIGN_GEOMETRIC_PRESENTATION_REPRESENTATION (  '', ( #3364 ), #211 ) ;
#988 = EDGE_CURVE ( 'NONE', #6851, #1324, #3242, .T. ) ;
#989 = CYLINDRICAL_SURFACE ( 'NONE', #1251, 0.6685684054278682176 ) ;
#990 = DIRECTION ( 'NONE',  ( -0.000000000000000000, 1.000000000000000000, -0.000000000000000000 ) ) ;
#991 = SURFACE_STYLE_USAGE ( .BOTH. , #6438 ) ;
#992 =( NAMED_UNIT ( * ) PLANE_ANGLE_UNIT ( ) SI_UNIT ( $, .RADIAN. ) );
#993 = FILL_AREA_STYLE ('',( #5835 ) ) ;
#994 =( NAMED_UNIT ( * ) PLANE_ANGLE_UNIT ( ) SI_UNIT ( $, .RADIAN. ) );
#995 = DIRECTION ( 'NONE',  ( -0.000000000000000000, -1.000000000000000000, -0.000000000000000000 ) ) ;
#996 = PRESENTATION_LAYER_ASSIGNMENT (  '', '', ( #2982 ) ) ;
#997 = EDGE_CURVE ( 'NONE', #5085, #5783, #3413, .T. ) ;
#998 = CARTESIAN_POINT ( 'NONE',  ( 2.496408060538637841, -2.500000000000000000, 1.709972241352448297 ) ) ;
#999 = CARTESIAN_POINT ( 'NONE',  ( -0.2132817395961957574, -2.500000000000000000, 1.846200240613654175 ) ) ;
#1000 = VECTOR ( 'NONE', #2361, 1000.000000000000000 ) ;
#1001 = SURFACE_SIDE_STYLE ('',( #5260 ) ) ;
#1002 = CARTESIAN_POINT ( 'NONE',  ( 2.528723457898697902, -2.400000000000000355, 1.761643554751386676 ) ) ;
#1003 = CARTESIAN_POINT ( 'NONE',  ( 2.453529990251888560, -2.500000000000000000, 0.5137037129227551846 ) ) ;
#1004 = CARTESIAN_POINT ( 'NONE',  ( 5.000000000000000000, -0.1000000000000000056, 0.4132593211698106228 ) ) ;
#1005 = CARTESIAN_POINT ( 'NONE',  ( 0.2468081077583795246, -2.500000000000000000, 1.900313012943395607 ) ) ;
#1006 = MECHANICAL_DESIGN_GEOMETRIC_PRESENTATION_REPRESENTATION (  '', ( #5167 ), #3767 ) ;
#1007 = ORIENTED_EDGE ( 'NONE', *, *, #2609, .T. ) ;
#1008 = VERTEX_POINT ( 'NONE', #2291 ) ;
#1009 = FILL_AREA_STYLE_COLOUR ( '', #7441 ) ;
#1010 = ORIENTED_EDGE ( 'NONE', *, *, #2986, .T. ) ;
#1011 = DIRECTION ( 'NONE',  ( 0.000000000000000000, -1.000000000000000000, 0.000000000000000000 ) ) ;
#1012 = ORIENTED_EDGE ( 'NONE', *, *, #5080, .F. ) ;
#1013 = ORIENTED_EDGE ( 'NONE', *, *, #2460, .F. ) ;
#1014 = SURFACE_SIDE_STYLE ('',( #2807 ) ) ;
#1015 = LINE ( 'NONE', #5898, #1092 ) ;
#1016 = EDGE_CURVE ( 'NONE', #6533, #5166, #2827, .T. ) ;
#1017 = VERTEX_POINT ( 'NONE', #7029 ) ;
#1018 = LINE ( 'NONE', #5205, #3356 ) ;
#1019 = UNCERTAINTY_MEASURE_WITH_UNIT (LENGTH_MEASURE( 1.000000000000000082E-05 ), #6245, 'distance_accuracy_value', 'NONE');
#1020 = CARTESIAN_POINT ( 'NONE',  ( 0.2319668531582894655, -2.399999999999999911, 2.108026805079042276 ) ) ;
#1021 = CARTESIAN_POINT ( 'NONE',  ( 0.1210871850759027007, -2.400000000000001688, 1.807688785981686586 ) ) ;
#1022 = CARTESIAN_POINT ( 'NONE',  ( -2.839999999999999858, -1.000000000000000000, 2.250000000000000000 ) ) ;
#1023 = DIRECTION ( 'NONE',  ( 0.000000000000000000, 0.000000000000000000, -1.000000000000000000 ) ) ;
#1024 = EDGE_CURVE ( 'NONE', #2497, #4718, #6001, .T. ) ;
#1025 = CARTESIAN_POINT ( 'NONE',  ( -5.000000000000000000, -2.500000000000000000, -2.250000000000000000 ) ) ;
#1026 = PRESENTATION_LAYER_ASSIGNMENT (  '', '', ( #385 ) ) ;
#1027 = CARTESIAN_POINT ( 'NONE',  ( 2.609855936164528600, -2.500000000000000000, 2.195726495726495919 ) ) ;
#1028 = UNCERTAINTY_MEASURE_WITH_UNIT (LENGTH_MEASURE( 1.000000000000000082E-05 ), #556, 'distance_accuracy_value', 'NONE');
#1029 = DIRECTION ( 'NONE',  ( 1.000000000000000000, 0.000000000000000000, 0.000000000000000000 ) ) ;
#1030 = CARTESIAN_POINT ( 'NONE',  ( -5.000000000000000000, 0.000000000000000000, 1.187158322142691791 ) ) ;
#1031 = SURFACE_SIDE_STYLE ('',( #2100 ) ) ;
#1032 =( GEOMETRIC_REPRESENTATION_CONTEXT ( 3 ) GLOBAL_UNCERTAINTY_ASSIGNED_CONTEXT ( ( #6966 ) ) GLOBAL_UNIT_ASSIGNED_CONTEXT ( ( #614, #4762, #5366 ) ) REPRESENTATION_CONTEXT ( 'NONE', 'WORKASPACE' ) );
#1033 = CARTESIAN_POINT ( 'NONE',  ( -0.002382878451735718876, -2.400000000000000355, 2.208830913688181852 ) ) ;
#1034 = DIRECTION ( 'NONE',  ( 1.000000000000000000, 0.000000000000000000, 0.000000000000000000 ) ) ;
#1035 = EDGE_CURVE ( 'NONE', #2766, #6920, #7758, .T. ) ;
#1036 = CARTESIAN_POINT ( 'NONE',  ( 0.1768718200112850414, -2.500000000000000444, 1.786331522357858859 ) ) ;
#1037 = ADVANCED_FACE ( 'NONE', ( #5390 ), #2219, .F. ) ;
#1038 = ORIENTED_EDGE ( 'NONE', *, *, #1987, .T. ) ;
#1039 = ORIENTED_EDGE ( 'NONE', *, *, #4744, .F. ) ;
#1040 = ORIENTED_EDGE ( 'NONE', *, *, #5229, .F. ) ;
#1041 = DIRECTION ( 'NONE',  ( -0.000000000000000000, 1.000000000000000000, -0.000000000000000000 ) ) ;
#1042 = SURFACE_SIDE_STYLE ('',( #972 ) ) ;
#1043 =( NAMED_UNIT ( * ) SI_UNIT ( $, .STERADIAN. ) SOLID_ANGLE_UNIT ( ) );
#1044 = CARTESIAN_POINT ( 'NONE',  ( 2.625787846674053849, -2.500000000000000000, 1.734944002685713693 ) ) ;
#1045 = ORIENTED_EDGE ( 'NONE', *, *, #2330, .F. ) ;
#1046 = B_SPLINE_CURVE_WITH_KNOTS ( 'NONE', 3,
 ( #2706, #4605, #2089, #3821, #5799, #1572, #381, #2203, #6937, #7666, #1498, #7596, #5764, #220, #3971, #3898, #6357, #914, #3301 ),
 .UNSPECIFIED., .F., .F.,
 ( 4, 1, 1, 1, 1, 1, 1, 1, 1, 1, 1, 1, 1, 1, 1, 1, 4 ),
 ( 0.000000000000000000, 0.06444201985308740943, 0.1265534866972376771, 0.1867788219416115780, 0.2459439745213410911, 0.3041103458128570081, 0.3617852793109971321, 0.4202554070674600073, 0.4799428587769953292, 0.5402862362437811372, 0.6007123566267289494, 0.6619622304358139253, 0.7244721944653063073, 0.7888813129531346835, 0.8563062910592516008, 0.9263482014292836464, 1.000000000000000000 ),
 .UNSPECIFIED. ) ;
#1047 = PLANE ( 'NONE',  #6631 ) ;
#1048 = VERTEX_POINT ( 'NONE', #5886 ) ;
#1049 =( GEOMETRIC_REPRESENTATION_CONTEXT ( 3 ) GLOBAL_UNCERTAINTY_ASSIGNED_CONTEXT ( ( #7371 ) ) GLOBAL_UNIT_ASSIGNED_CONTEXT ( ( #7849, #4207, #3714 ) ) REPRESENTATION_CONTEXT ( 'NONE', 'WORKASPACE' ) );
#1050 = CARTESIAN_POINT ( 'NONE',  ( 0.2097431669871131499, -2.500000000000000444, 2.009123499099085386 ) ) ;
#1051 =( NAMED_UNIT ( * ) SI_UNIT ( $, .STERADIAN. ) SOLID_ANGLE_UNIT ( ) );
#1052 = STYLED_ITEM ( 'NONE', ( #5392 ), #31 ) ;
#1053 = ORIENTED_EDGE ( 'NONE', *, *, #7638, .F. ) ;
#1054 = CARTESIAN_POINT ( 'NONE',  ( 0.1699485625782940768, -2.400000000000000355, 2.192808150634868447 ) ) ;
#1055 = VECTOR ( 'NONE', #5949, 1000.000000000000000 ) ;
#1056 =( LENGTH_UNIT ( ) NAMED_UNIT ( * ) SI_UNIT ( .MILLI., .METRE. ) );
#1057 = VERTEX_POINT ( 'NONE', #2333 ) ;
#1058 = ADVANCED_FACE ( 'NONE', ( #3516 ), #2872, .T. ) ;
#1059 = MECHANICAL_DESIGN_GEOMETRIC_PRESENTATION_REPRESENTATION (  '', ( #2195 ), #5227 ) ;
#1060 =( NAMED_UNIT ( * ) SI_UNIT ( $, .STERADIAN. ) SOLID_ANGLE_UNIT ( ) );
#1061 = LINE ( 'NONE', #2207, #6154 ) ;
#1062 = EDGE_CURVE ( 'NONE', #3290, #2794, #6602, .T. ) ;
#1063 = SURFACE_SIDE_STYLE ('',( #4690 ) ) ;
#1064 = EDGE_CURVE ( 'NONE', #6920, #932, #6162, .T. ) ;
#1065 = FILL_AREA_STYLE_COLOUR ( '', #725 ) ;
#1066 = LINE ( 'NONE', #2407, #5400 ) ;
#1067 =( NAMED_UNIT ( * ) PLANE_ANGLE_UNIT ( ) SI_UNIT ( $, .RADIAN. ) );
#1068 = VERTEX_POINT ( 'NONE', #2486 ) ;
#1069 = ORIENTED_EDGE ( 'NONE', *, *, #647, .T. ) ;
#1070 = SURFACE_STYLE_USAGE ( .BOTH. , #1738 ) ;
#1071 = LINE ( 'NONE', #4559, #331 ) ;
#1072 = PRESENTATION_STYLE_ASSIGNMENT (( #6528 ) ) ;
#1073 =( LENGTH_UNIT ( ) NAMED_UNIT ( * ) SI_UNIT ( .MILLI., .METRE. ) );
#1074 = CARTESIAN_POINT ( 'NONE',  ( 2.611605895280330270, -2.500000000000000000, 1.726467682300723228 ) ) ;
#1075 = VERTEX_POINT ( 'NONE', #7362 ) ;
#1076 = PRESENTATION_STYLE_ASSIGNMENT (( #1671 ) ) ;
#1077 = ORIENTED_EDGE ( 'NONE', *, *, #5553, .F. ) ;
#1078 = UNCERTAINTY_MEASURE_WITH_UNIT (LENGTH_MEASURE( 1.000000000000000082E-05 ), #3786, 'distance_accuracy_value', 'NONE');
#1079 = ADVANCED_FACE ( 'NONE', ( #3108 ), #7275, .F. ) ;
#1080 = STYLED_ITEM ( 'NONE', ( #6635 ), #7612 ) ;
#1081 = CARTESIAN_POINT ( 'NONE',  ( -1.148629566403928992, 0.000000000000000000, -1.647441418907150457 ) ) ;
#1082 = CARTESIAN_POINT ( 'NONE',  ( 0.09525741982695712373, -2.499999999999999556, 1.791370264895706166 ) ) ;
#1083 =( GEOMETRIC_REPRESENTATION_CONTEXT ( 3 ) GLOBAL_UNCERTAINTY_ASSIGNED_CONTEXT ( ( #5862 ) ) GLOBAL_UNIT_ASSIGNED_CONTEXT ( ( #5602, #142, #4316 ) ) REPRESENTATION_CONTEXT ( 'NONE', 'WORKASPACE' ) );
#1084 = LINE ( 'NONE', #7855, #5399 ) ;
#1085 = COLOUR_RGB ( '',0.1843137254901960898, 0.7568627450980391913, 1.000000000000000000 ) ;
#1086 = CARTESIAN_POINT ( 'NONE',  ( 0.05315503717198669792, -2.500000000000000444, 2.254768118829721946 ) ) ;
#1087 = STYLED_ITEM ( 'NONE', ( #171 ), #6181 ) ;
#1088 = ORIENTED_EDGE ( 'NONE', *, *, #100, .T. ) ;
#1089 = CARTESIAN_POINT ( 'NONE',  ( -2.839999999999999858, -1.000000000000000000, 2.250000000000000000 ) ) ;
#1090 = VERTEX_POINT ( 'NONE', #4951 ) ;
#1091 = ORIENTED_EDGE ( 'NONE', *, *, #2775, .T. ) ;
#1092 = VECTOR ( 'NONE', #3408, 1000.000000000000000 ) ;
#1093 = VECTOR ( 'NONE', #5041, 1000.000000000000000 ) ;
#1094 = CARTESIAN_POINT ( 'NONE',  ( 0.06731375492938847238, -2.399999999999999911, 1.778204357328972751 ) ) ;
#1095 = PLANE ( 'NONE',  #7732 ) ;
#1096 = MECHANICAL_DESIGN_GEOMETRIC_PRESENTATION_REPRESENTATION (  '', ( #4623 ), #5145 ) ;
#1097 = DIRECTION ( 'NONE',  ( -0.000000000000000000, -0.000000000000000000, 1.000000000000000000 ) ) ;
#1098 = CARTESIAN_POINT ( 'NONE',  ( 2.702511055465022238, -2.500000000000000000, 1.877353573732830183 ) ) ;
#1099 = CARTESIAN_POINT ( 'NONE',  ( -0.3000000000000003775, -1.000000000000000000, 7.268409389428597045 ) ) ;
#1100 = SURFACE_STYLE_USAGE ( .BOTH. , #6589 ) ;
#1101 = CIRCLE ( 'NONE', #2117, 0.2394398982144593790 ) ;
#1102 = CARTESIAN_POINT ( 'NONE',  ( 2.462619233819913322, -2.499999999999999556, 2.038514768414101841 ) ) ;
#1103 = PRESENTATION_LAYER_ASSIGNMENT (  '', '', ( #6553 ) ) ;
#1104 = LINE ( 'NONE', #4729, #1399 ) ;
#1105 = VECTOR ( 'NONE', #4272, 1000.000000000000114 ) ;
#1106 = CARTESIAN_POINT ( 'NONE',  ( -2.540000000000000480, -2.100000000000000089, 0.5137037129227551846 ) ) ;
#1107 =( LENGTH_UNIT ( ) NAMED_UNIT ( * ) SI_UNIT ( .MILLI., .METRE. ) );
#1108 =( NAMED_UNIT ( * ) SI_UNIT ( $, .STERADIAN. ) SOLID_ANGLE_UNIT ( ) );
#1109 = DIRECTION ( 'NONE',  ( -0.000000000000000000, -1.000000000000000000, -0.000000000000000000 ) ) ;
#1110 = CARTESIAN_POINT ( 'NONE',  ( 0.2575629631699180577, -2.400000000000000799, 1.972824714689088932 ) ) ;
#1111 = ORIENTED_EDGE ( 'NONE', *, *, #478, .F. ) ;
#1112 = ORIENTED_EDGE ( 'NONE', *, *, #2757, .F. ) ;
#1113 = CARTESIAN_POINT ( 'NONE',  ( -0.2098457643977127141, -2.400000000000000355, 2.128126387184484880 ) ) ;
#1114 = CARTESIAN_POINT ( 'NONE',  ( 2.496408060538637841, -2.400000000000000355, 1.709972241352448297 ) ) ;
#1115 = CARTESIAN_POINT ( 'NONE',  ( 2.426148155846993060, -2.499999999999999556, 1.827918569186863573 ) ) ;
#1116 =( GEOMETRIC_REPRESENTATION_CONTEXT ( 3 ) GLOBAL_UNCERTAINTY_ASSIGNED_CONTEXT ( ( #1477 ) ) GLOBAL_UNIT_ASSIGNED_CONTEXT ( ( #5902, #6506, #3377 ) ) REPRESENTATION_CONTEXT ( 'NONE', 'WORKASPACE' ) );
#1117 = FACE_OUTER_BOUND ( 'NONE', #2695, .T. ) ;
#1118 = EDGE_CURVE ( 'NONE', #3584, #3195, #758, .T. ) ;
#1119 =( LENGTH_UNIT ( ) NAMED_UNIT ( * ) SI_UNIT ( .MILLI., .METRE. ) );
#1120 = EDGE_CURVE ( 'NONE', #5156, #2113, #4918, .T. ) ;
#1121 = ORIENTED_EDGE ( 'NONE', *, *, #4405, .T. ) ;
#1122 =( NAMED_UNIT ( * ) SI_UNIT ( $, .STERADIAN. ) SOLID_ANGLE_UNIT ( ) );
#1123 = ORIENTED_EDGE ( 'NONE', *, *, #2838, .F. ) ;
#1124 = CARTESIAN_POINT ( 'NONE',  ( 2.509558929658024073, -2.400000000000001243, 1.763374180270459446 ) ) ;
#1125 = CARTESIAN_POINT ( 'NONE',  ( 0.06669800411854982791, -2.499999999999999556, 2.193702337146667070 ) ) ;
#1126 = CARTESIAN_POINT ( 'NONE',  ( 0.1722995061637367931, -2.500000000000000444, 1.859738770615058545 ) ) ;
#1127 =( NAMED_UNIT ( * ) SI_UNIT ( $, .STERADIAN. ) SOLID_ANGLE_UNIT ( ) );
#1128 = CARTESIAN_POINT ( 'NONE',  ( 0.03786575284948592163, -2.399999999999999467, 2.257843989290249098 ) ) ;
#1129 = EDGE_CURVE ( 'NONE', #5282, #3067, #3633, .T. ) ;
#1130 = CARTESIAN_POINT ( 'NONE',  ( 0.2539122301933806614, -2.500000000000000000, 2.035409141408177192 ) ) ;
#1131 = EDGE_LOOP ( 'NONE', ( #3240, #2310, #4836, #4334 ) ) ;
#1132 = CARTESIAN_POINT ( 'NONE',  ( 0.1439296520011597857, -2.400000000000000799, 1.826556615186175181 ) ) ;
#1133 = PRESENTATION_LAYER_ASSIGNMENT (  '', '', ( #2152 ) ) ;
#1134 = LINE ( 'NONE', #7217, #2007 ) ;
#1135 = CARTESIAN_POINT ( 'NONE',  ( 3.400000000000001243, -2.500000000000000000, -2.250000000000000000 ) ) ;
#1136 = CARTESIAN_POINT ( 'NONE',  ( 2.694985379901633671, -2.499999999999999556, 1.829694217808513379 ) ) ;
#1137 = CARTESIAN_POINT ( 'NONE',  ( 4.807862430131171649, -1.250000000000000000, -2.250000000000000000 ) ) ;
#1138 = CARTESIAN_POINT ( 'NONE',  ( -4.299999999999999822, -2.366666666666666696, -4.349502369265499566E-17 ) ) ;
#1139 =( NAMED_UNIT ( * ) PLANE_ANGLE_UNIT ( ) SI_UNIT ( $, .RADIAN. ) );
#1140 =( NAMED_UNIT ( * ) PLANE_ANGLE_UNIT ( ) SI_UNIT ( $, .RADIAN. ) );
#1141 = DIRECTION ( 'NONE',  ( -0.000000000000000000, 0.000000000000000000, 1.000000000000000000 ) ) ;
#1142 = SURFACE_SIDE_STYLE ('',( #4319 ) ) ;
#1143 =( LENGTH_UNIT ( ) NAMED_UNIT ( * ) SI_UNIT ( .MILLI., .METRE. ) );
#1144 = ORIENTED_EDGE ( 'NONE', *, *, #1214, .F. ) ;
#1145 = ORIENTED_EDGE ( 'NONE', *, *, #560, .T. ) ;
#1146 = SURFACE_SIDE_STYLE ('',( #1630 ) ) ;
#1147 = ORIENTED_EDGE ( 'NONE', *, *, #3601, .F. ) ;
#1148 = EDGE_CURVE ( 'NONE', #206, #3964, #6679, .T. ) ;
#1149 = CARTESIAN_POINT ( 'NONE',  ( 5.000000000000000000, -0.1000000000000000056, 0.4132593211698106228 ) ) ;
#1150 = CARTESIAN_POINT ( 'NONE',  ( 2.480534708646548570, -2.400000000000000355, 1.713508735292704754 ) ) ;
#1151 = CARTESIAN_POINT ( 'NONE',  ( -3.086085595711309804, -2.400000000000000355, 1.630485880782381436 ) ) ;
#1152 = CARTESIAN_POINT ( 'NONE',  ( -0.02692474626068373095, -2.500000000000000000, 1.707264957264957195 ) ) ;
#1153 = ORIENTED_EDGE ( 'NONE', *, *, #3460, .T. ) ;
#1154 = DIRECTION ( 'NONE',  ( 0.000000000000000000, 1.000000000000000000, 0.000000000000000000 ) ) ;
#1155 = ORIENTED_EDGE ( 'NONE', *, *, #5387, .F. ) ;
#1156 = UNCERTAINTY_MEASURE_WITH_UNIT (LENGTH_MEASURE( 1.000000000000000082E-05 ), #4742, 'distance_accuracy_value', 'NONE');
#1157 = CARTESIAN_POINT ( 'NONE',  ( 0.5460855957113092130, -2.500000000000000000, 1.630485880782381436 ) ) ;
#1158 = CARTESIAN_POINT ( 'NONE',  ( 2.418167230895263753, -2.399999999999999911, 1.858085731411538211 ) ) ;
#1159 = EDGE_CURVE ( 'NONE', #933, #1090, #3332, .T. ) ;
#1160 = VECTOR ( 'NONE', #6703, 1000.000000000000227 ) ;
#1161 = SURFACE_STYLE_USAGE ( .BOTH. , #2499 ) ;
#1162 = LINE ( 'NONE', #558, #2898 ) ;
#1163 = LINE ( 'NONE', #7253, #1600 ) ;
#1164 = CARTESIAN_POINT ( 'NONE',  ( 0.03786575284948592163, -2.499999999999999556, 2.257843989290249098 ) ) ;
#1165 = UNCERTAINTY_MEASURE_WITH_UNIT (LENGTH_MEASURE( 1.000000000000000082E-05 ), #482, 'distance_accuracy_value', 'NONE');
#1166 = ORIENTED_EDGE ( 'NONE', *, *, #4748, .T. ) ;
#1167 = VECTOR ( 'NONE', #4512, 1000.000000000000000 ) ;
#1168 = B_SPLINE_CURVE_WITH_KNOTS ( 'NONE', 3,
 ( #5592, #6025, #3657, #7343, #94, #6772, #5465, #2508, #51, #4937, #569, #5418, #2396, #4346 ),
 .UNSPECIFIED., .F., .F.,
 ( 4, 1, 1, 1, 1, 1, 1, 1, 1, 1, 1, 4 ),
 ( 0.000000000000000000, 0.06168004274517305957, 0.1230646415701006635, 0.1834922666867984664, 0.2437494364462801377, 0.3040608341645435475, 0.3646505398839697265, 0.4253979562663963154, 0.4868487645608023384, 0.5486837371169496214, 0.6111282014272194640, 0.6442348175608185734 ),
 .UNSPECIFIED. ) ;
#1169 = CARTESIAN_POINT ( 'NONE',  ( -0.2376216936085415732, -2.500000000000000000, 1.793014411164541855 ) ) ;
#1170 =( NAMED_UNIT ( * ) PLANE_ANGLE_UNIT ( ) SI_UNIT ( $, .RADIAN. ) );
#1171 = CARTESIAN_POINT ( 'NONE',  ( -1.800956594368268382, -0.2000000000000000111, -1.647441418907150457 ) ) ;
#1172 = EDGE_CURVE ( 'NONE', #2683, #5901, #5482, .T. ) ;
#1173 = LINE ( 'NONE', #1135, #1973 ) ;
#1174 = CARTESIAN_POINT ( 'NONE',  ( 2.639201743375348297, -2.500000000000000000, 1.745092423709590390 ) ) ;
#1175 = DIRECTION ( 'NONE',  ( -0.000000000000000000, -1.000000000000000000, -0.000000000000000000 ) ) ;
#1176 = CARTESIAN_POINT ( 'NONE',  ( 2.424798316876002779, -2.500000000000000444, 1.994995928441463340 ) ) ;
#1177 = PRESENTATION_STYLE_ASSIGNMENT (( #6743 ) ) ;
#1178 = MECHANICAL_DESIGN_GEOMETRIC_PRESENTATION_REPRESENTATION (  '', ( #3698 ), #163 ) ;
#1179 = CARTESIAN_POINT ( 'NONE',  ( -0.5460855957113092130, -2.400000000000000355, 2.250000000000000000 ) ) ;
#1180 = DIRECTION ( 'NONE',  ( 0.6837407958614036829, 0.000000000000000000, 0.7297249646783466881 ) ) ;
#1181 = CARTESIAN_POINT ( 'NONE',  ( -0.008093303164247356643, -2.499999999999999112, 1.761721944755243685 ) ) ;
#1182 = CARTESIAN_POINT ( 'NONE',  ( -0.1876926276446750363, -2.500000000000000444, 2.218647384346349671 ) ) ;
#1183 = FACE_OUTER_BOUND ( 'NONE', #6008, .T. ) ;
#1184 =( GEOMETRIC_REPRESENTATION_CONTEXT ( 3 ) GLOBAL_UNCERTAINTY_ASSIGNED_CONTEXT ( ( #4646 ) ) GLOBAL_UNIT_ASSIGNED_CONTEXT ( ( #6921, #6345, #4533 ) ) REPRESENTATION_CONTEXT ( 'NONE', 'WORKASPACE' ) );
#1185 = VERTEX_POINT ( 'NONE', #6721 ) ;
#1186 = ORIENTED_EDGE ( 'NONE', *, *, #4221, .T. ) ;
#1187 = CARTESIAN_POINT ( 'NONE',  ( 0.1560718533293988242, -2.499999999999999556, 1.767805232884770650 ) ) ;
#1188 = LINE ( 'NONE', #6049, #463 ) ;
#1189 = CARTESIAN_POINT ( 'NONE',  ( 2.530247729700853210, -2.400000000000000355, 1.707264957264957195 ) ) ;
#1190 = SURFACE_STYLE_FILL_AREA ( #76 ) ;
#1191 = CARTESIAN_POINT ( 'NONE',  ( -0.05466377833075674458, -2.500000000000000000, 2.208536998948576802 ) ) ;
#1192 = CARTESIAN_POINT ( 'NONE',  ( 2.524444922068063146, -2.500000000000000000, 1.707399692989239881 ) ) ;
#1193 = VECTOR ( 'NONE', #1212, 1000.000000000000000 ) ;
#1194 = ORIENTED_EDGE ( 'NONE', *, *, #101, .T. ) ;
#1195 = ORIENTED_EDGE ( 'NONE', *, *, #7243, .F. ) ;
#1196 = CARTESIAN_POINT ( 'NONE',  ( 0.5460855957113092130, -2.500000000000000000, 2.250000000000000000 ) ) ;
#1197 = CARTESIAN_POINT ( 'NONE',  ( 2.509558929658024073, -2.500000000000000888, 1.763374180270459446 ) ) ;
#1198 = DIRECTION ( 'NONE',  ( 1.000000000000000000, 0.000000000000000000, -8.619603225789286882E-17 ) ) ;
#1199 = CARTESIAN_POINT ( 'NONE',  ( -2.839999999999999858, -1.000000000000000000, 7.281332158035501045 ) ) ;
#1200 = SURFACE_STYLE_USAGE ( .BOTH. , #6650 ) ;
#1201 = ADVANCED_FACE ( 'NONE', ( #4435 ), #5652, .T. ) ;
#1202 = EDGE_CURVE ( 'NONE', #1057, #7146, #2060, .T. ) ;
#1203 = VERTEX_POINT ( 'NONE', #7473 ) ;
#1204 = MECHANICAL_DESIGN_GEOMETRIC_PRESENTATION_REPRESENTATION (  '', ( #3341 ), #1338 ) ;
#1205 = COLOUR_RGB ( '',0.1843137254901960898, 0.7568627450980391913, 1.000000000000000000 ) ;
#1206 = CARTESIAN_POINT ( 'NONE',  ( -0.2144468597100274709, -2.499999999999999556, 1.771156477340314117 ) ) ;
#1207 =( GEOMETRIC_REPRESENTATION_CONTEXT ( 3 ) GLOBAL_UNCERTAINTY_ASSIGNED_CONTEXT ( ( #1491 ) ) GLOBAL_UNIT_ASSIGNED_CONTEXT ( ( #6593, #5992, #2940 ) ) REPRESENTATION_CONTEXT ( 'NONE', 'WORKASPACE' ) );
#1208 = SURFACE_STYLE_FILL_AREA ( #656 ) ;
#1209 = CARTESIAN_POINT ( 'NONE',  ( 2.596778897368142491, -2.499999999999999112, 1.719343139532131470 ) ) ;
#1210 = CARTESIAN_POINT ( 'NONE',  ( 0.000000000000000000, 0.000000000000000000, 0.000000000000000000 ) ) ;
#1211 = DIRECTION ( 'NONE',  ( -0.000000000000000000, 1.000000000000000000, -0.000000000000000000 ) ) ;
#1212 = DIRECTION ( 'NONE',  ( -1.000000000000000000, 0.000000000000000000, 0.000000000000000000 ) ) ;
#1213 = VECTOR ( 'NONE', #877, 999.9999999999998863 ) ;
#1214 = EDGE_CURVE ( 'NONE', #3317, #726, #589, .T. ) ;
#1215 = AXIS2_PLACEMENT_3D ( 'NONE', #3643, #5535, #646 ) ;
#1216 = SURFACE_SIDE_STYLE ('',( #15 ) ) ;
#1217 =( NAMED_UNIT ( * ) SI_UNIT ( $, .STERADIAN. ) SOLID_ANGLE_UNIT ( ) );
#1218 =( NAMED_UNIT ( * ) SI_UNIT ( $, .STERADIAN. ) SOLID_ANGLE_UNIT ( ) );
#1219 = CARTESIAN_POINT ( 'NONE',  ( -5.000000000000000000, -0.1000000000000000056, 1.187158322142691791 ) ) ;
#1220 = VECTOR ( 'NONE', #2116, 1000.000000000000000 ) ;
#1221 = DIRECTION ( 'NONE',  ( -0.000000000000000000, -0.000000000000000000, -1.000000000000000000 ) ) ;
#1222 = COLOUR_RGB ( '',0.1843137254901960898, 0.7568627450980391913, 1.000000000000000000 ) ;
#1223 = CARTESIAN_POINT ( 'NONE',  ( 2.363611111111109775, -2.400000000000000355, 2.195726495726495919 ) ) ;
#1224 =( LENGTH_UNIT ( ) NAMED_UNIT ( * ) SI_UNIT ( .MILLI., .METRE. ) );
#1225 = DIRECTION ( 'NONE',  ( 1.000000000000000000, 0.000000000000000000, 0.000000000000000000 ) ) ;
#1226 = DIRECTION ( 'NONE',  ( -0.000000000000000000, 1.000000000000000000, 0.000000000000000000 ) ) ;
#1227 = AXIS2_PLACEMENT_3D ( 'NONE', #7197, #1316, #721 ) ;
#1228 = EDGE_CURVE ( 'NONE', #483, #1368, #1425, .T. ) ;
#1229 = VERTEX_POINT ( 'NONE', #1980 ) ;
#1230 = EDGE_CURVE ( 'NONE', #4708, #2726, #2949, .T. ) ;
#1231 = PRESENTATION_LAYER_ASSIGNMENT (  '', '', ( #6063 ) ) ;
#1232 = ORIENTED_EDGE ( 'NONE', *, *, #4696, .T. ) ;
#1233 = CARTESIAN_POINT ( 'NONE',  ( 0.03146275528338225713, -2.500000000000000444, 1.711786408425892470 ) ) ;
#1234 = CARTESIAN_POINT ( 'NONE',  ( 4.204293118990386269, -1.539533860053411196, -2.250000000000000000 ) ) ;
#1235 = DIRECTION ( 'NONE',  ( 0.000000000000000000, 1.000000000000000000, -0.000000000000000000 ) ) ;
#1236 = FILL_AREA_STYLE_COLOUR ( '', #7709 ) ;
#1237 = CARTESIAN_POINT ( 'NONE',  ( -0.1557965652895243747, -2.399999999999999023, 1.796244718072508073 ) ) ;
#1238 = CARTESIAN_POINT ( 'NONE',  ( -0.2162459935897435848, -2.500000000000000000, 2.121100427350427253 ) ) ;
#1239 = CARTESIAN_POINT ( 'NONE',  ( 4.204293118990386269, -1.539533860053411196, -2.149999999999999911 ) ) ;
#1240 = ORIENTED_EDGE ( 'NONE', *, *, #7143, .T. ) ;
#1241 = VECTOR ( 'NONE', #5755, 1000.000000000000000 ) ;
#1242 = ORIENTED_EDGE ( 'NONE', *, *, #7349, .F. ) ;
#1243 = DIRECTION ( 'NONE',  ( 0.000000000000000000, 0.000000000000000000, -1.000000000000000000 ) ) ;
#1244 = CARTESIAN_POINT ( 'NONE',  ( 2.443292310828020231, -2.499999999999999556, 1.801136259818344687 ) ) ;
#1245 = SURFACE_SIDE_STYLE ('',( #6647 ) ) ;
#1246 = SURFACE_SIDE_STYLE ('',( #6696 ) ) ;
#1247 = MECHANICAL_DESIGN_GEOMETRIC_PRESENTATION_REPRESENTATION (  '', ( #4010 ), #6075 ) ;
#1248 = CARTESIAN_POINT ( 'NONE',  ( 2.435095860050272343, -2.500000000000000444, 1.932712522558078572 ) ) ;
#1249 = ORIENTED_EDGE ( 'NONE', *, *, #3519, .F. ) ;
#1250 = DIRECTION ( 'NONE',  ( 0.000000000000000000, 1.000000000000000000, 0.000000000000000000 ) ) ;
#1251 = AXIS2_PLACEMENT_3D ( 'NONE', #6395, #5832, #1684 ) ;
#1252 = EDGE_LOOP ( 'NONE', ( #4625, #1524, #5087, #3602 ) ) ;
#1253 = DIRECTION ( 'NONE',  ( 1.000000000000000000, 0.000000000000000000, -0.000000000000000000 ) ) ;
#1254 = FACE_OUTER_BOUND ( 'NONE', #5620, .T. ) ;
#1255 = EDGE_CURVE ( 'NONE', #3195, #4204, #5545, .T. ) ;
#1256 = CARTESIAN_POINT ( 'NONE',  ( 2.655331196581195208, -2.500000000000000000, 1.883653846153846123 ) ) ;
#1257 = PRESENTATION_LAYER_ASSIGNMENT (  '', '', ( #6209 ) ) ;
#1258 = CARTESIAN_POINT ( 'NONE',  ( 2.702820512820511833, -2.500000000000000000, 1.883653846153846123 ) ) ;
#1259 = FACE_OUTER_BOUND ( 'NONE', #6337, .T. ) ;
#1260 = LINE ( 'NONE', #6115, #4576 ) ;
#1261 = PRODUCT_DEFINITION_SHAPE ( 'NONE', 'NONE',  #846 ) ;
#1262 = FILL_AREA_STYLE_COLOUR ( '', #6372 ) ;
#1263 = COLOUR_RGB ( '',0.8313725490196077761, 0.8313725490196077761, 0.8196078431372548767 ) ;
#1264 = CARTESIAN_POINT ( 'NONE',  ( 0.000000000000000000, -2.500000000000000000, 0.2742638147082958611 ) ) ;
#1265 = AXIS2_PLACEMENT_3D ( 'NONE', #6444, #351, #6907 ) ;
#1266 = PLANE ( 'NONE',  #465 ) ;
#1267 =( NAMED_UNIT ( * ) SI_UNIT ( $, .STERADIAN. ) SOLID_ANGLE_UNIT ( ) );
#1268 = VERTEX_POINT ( 'NONE', #5965 ) ;
#1269 = LINE ( 'NONE', #592, #4451 ) ;
#1270 = ORIENTED_EDGE ( 'NONE', *, *, #731, .F. ) ;
#1271 = ORIENTED_EDGE ( 'NONE', *, *, #788, .F. ) ;
#1272 = DIRECTION ( 'NONE',  ( -0.000000000000000000, 1.000000000000000000, -0.000000000000000000 ) ) ;
#1273 = CARTESIAN_POINT ( 'NONE',  ( 4.135872885735895288, -1.797251865729859954, 2.750000000000000000 ) ) ;
#1274 = CARTESIAN_POINT ( 'NONE',  ( 0.03786575284948592163, -2.399999999999999911, 2.257843989290249098 ) ) ;
#1275 = DIRECTION ( 'NONE',  ( 0.3385652849408001819, 0.000000000000000000, 0.9409429035988075007 ) ) ;
#1276 = CARTESIAN_POINT ( 'NONE',  ( -0.1279707598993073403, -2.399999999999999467, 1.781774948430888683 ) ) ;
#1277 = CARTESIAN_POINT ( 'NONE',  ( 4.299999999999999822, -2.366666666666666696, 0.000000000000000000 ) ) ;
#1278 = ADVANCED_FACE ( 'NONE', ( #5353 ), #3635, .T. ) ;
#1279 = CARTESIAN_POINT ( 'NONE',  ( 2.513042612355054217, -2.500000000000000444, 1.707664443874483240 ) ) ;
#1280 = EDGE_LOOP ( 'NONE', ( #6601, #5531, #1166, #165 ) ) ;
#1281 = MECHANICAL_DESIGN_GEOMETRIC_PRESENTATION_REPRESENTATION (  '', ( #385 ), #7640 ) ;
#1282 = PLANE ( 'NONE',  #3815 ) ;
#1283 = ORIENTED_EDGE ( 'NONE', *, *, #647, .F. ) ;
#1284 = DIRECTION ( 'NONE',  ( -0.000000000000000000, -1.000000000000000000, -0.000000000000000000 ) ) ;
#1285 = CARTESIAN_POINT ( 'NONE',  ( 2.422330262157132985, -2.500000000000000000, 1.837561106484415729 ) ) ;
#1286 = LINE ( 'NONE', #7807, #3261 ) ;
#1287 = SURFACE_STYLE_USAGE ( .BOTH. , #4211 ) ;
#1288 = PRESENTATION_LAYER_ASSIGNMENT (  '', '', ( #4324 ) ) ;
#1289 = CARTESIAN_POINT ( 'NONE',  ( 2.489786910086957850, -2.499999999999999556, 2.001134074637178628 ) ) ;
#1290 = PRESENTATION_STYLE_ASSIGNMENT (( #126 ) ) ;
#1291 = PRESENTATION_STYLE_ASSIGNMENT (( #377 ) ) ;
#1292 = EDGE_LOOP ( 'NONE', ( #4410, #1714, #6996, #4970 ) ) ;
#1293 = CARTESIAN_POINT ( 'NONE',  ( -0.1602988875655602108, -2.500000000000001776, 1.736109099449436144 ) ) ;
#1294 = B_SPLINE_CURVE_WITH_KNOTS ( 'NONE', 3,
 ( #6981, #2783, #5804, #5836, #7137, #7672, #4655, #1539, #2749, #2859, #462, #3938, #1102, #5181, #427 ),
 .UNSPECIFIED., .F., .F.,
 ( 4, 1, 1, 1, 1, 1, 1, 1, 1, 1, 1, 1, 4 ),
 ( 0.000000000000000000, 0.09870137488637069356, 0.1956706803858563326, 0.2924199929089608685, 0.3913392869674683361, 0.4444587417649342731, 0.5042245791547477207, 0.5703475914063536045, 0.6429138259794819898, 0.7222898165239616253, 0.8079227212022496163, 0.9004703662977913137, 1.000000000000000000 ),
 .UNSPECIFIED. ) ;
#1295 = CARTESIAN_POINT ( 'NONE',  ( 2.840000000000000746, -1.000000000000000000, 7.281332158035497493 ) ) ;
#1296 = CARTESIAN_POINT ( 'NONE',  ( 4.200000000000000178, -1.250000000000000000, -2.149999999999999911 ) ) ;
#1297 = DIRECTION ( 'NONE',  ( -0.000000000000000000, 0.000000000000000000, -1.000000000000000000 ) ) ;
#1298 = EDGE_CURVE ( 'NONE', #5998, #2339, #6315, .T. ) ;
#1299 = CARTESIAN_POINT ( 'NONE',  ( 5.000000000000000000, 0.000000000000000000, 1.187158322142691791 ) ) ;
#1300 = ORIENTED_EDGE ( 'NONE', *, *, #6424, .F. ) ;
#1301 = VECTOR ( 'NONE', #6896, 1000.000000000000000 ) ;
#1302 =( NAMED_UNIT ( * ) SI_UNIT ( $, .STERADIAN. ) SOLID_ANGLE_UNIT ( ) );
#1303 = LINE ( 'NONE', #2478, #1594 ) ;
#1304 = STYLED_ITEM ( 'NONE', ( #325 ), #3682 ) ;
#1305 = CARTESIAN_POINT ( 'NONE',  ( -0.02692474626068373095, -2.400000000000000355, 1.707264957264957195 ) ) ;
#1306 = CARTESIAN_POINT ( 'NONE',  ( 0.007578310413802624539, -2.400000000000000799, 1.763321876385254949 ) ) ;
#1307 = EDGE_CURVE ( 'NONE', #328, #5901, #5442, .T. ) ;
#1308 = ORIENTED_EDGE ( 'NONE', *, *, #5635, .F. ) ;
#1309 = COLOUR_RGB ( '',0.1843137254901960898, 0.7568627450980391913, 1.000000000000000000 ) ;
#1310 = EDGE_CURVE ( 'NONE', #894, #453, #2488, .T. ) ;
#1311 = VERTEX_POINT ( 'NONE', #4326 ) ;
#1312 =( NAMED_UNIT ( * ) PLANE_ANGLE_UNIT ( ) SI_UNIT ( $, .RADIAN. ) );
#1313 = CARTESIAN_POINT ( 'NONE',  ( 0.1588607382608415164, -2.499999999999999556, 2.129355349384334239 ) ) ;
#1314 = SURFACE_STYLE_FILL_AREA ( #3788 ) ;
#1315 = LINE ( 'NONE', #3234, #2233 ) ;
#1316 = DIRECTION ( 'NONE',  ( 0.000000000000000000, 0.000000000000000000, -1.000000000000000000 ) ) ;
#1317 = PRESENTATION_LAYER_ASSIGNMENT (  '', '', ( #4713 ) ) ;
#1318 = CARTESIAN_POINT ( 'NONE',  ( -0.04503960455947197961, -2.499999999999999556, 1.707482166360894782 ) ) ;
#1319 = ORIENTED_EDGE ( 'NONE', *, *, #3179, .F. ) ;
#1320 = VERTEX_POINT ( 'NONE', #7276 ) ;
#1321 = ORIENTED_EDGE ( 'NONE', *, *, #2180, .T. ) ;
#1322 = FILL_AREA_STYLE ('',( #40 ) ) ;
#1323 = LINE ( 'NONE', #7413, #2728 ) ;
#1324 = VERTEX_POINT ( 'NONE', #6002 ) ;
#1325 = EDGE_CURVE ( 'NONE', #6728, #1311, #4153, .T. ) ;
#1326 = ORIENTED_EDGE ( 'NONE', *, *, #4681, .T. ) ;
#1327 = DIRECTION ( 'NONE',  ( 0.000000000000000000, -0.000000000000000000, -1.000000000000000000 ) ) ;
#1328 = STYLED_ITEM ( 'NONE', ( #1811 ), #5754 ) ;
#1329 = LINE ( 'NONE', #5593, #7573 ) ;
#1330 = CARTESIAN_POINT ( 'NONE',  ( -0.3000000000000003775, -1.500000000000000000, 7.268409389428597045 ) ) ;
#1331 = CARTESIAN_POINT ( 'NONE',  ( 1.800956594368268382, -0.2000000000000000111, -1.647441418907150457 ) ) ;
#1332 = FILL_AREA_STYLE ('',( #6893 ) ) ;
#1333 = COLOUR_RGB ( '',0.1843137254901960898, 0.7568627450980391913, 1.000000000000000000 ) ;
#1334 = CARTESIAN_POINT ( 'NONE',  ( -0.1764397973762563410, -2.500000000000000444, 2.159932548552653042 ) ) ;
#1335 = AXIS2_PLACEMENT_3D ( 'NONE', #1106, #467, #6667 ) ;
#1336 = CARTESIAN_POINT ( 'NONE',  ( 0.03475739763404337573, 0.000000000000000000, -3.591119187505327659 ) ) ;
#1337 = DIRECTION ( 'NONE',  ( -1.000000000000000000, 0.000000000000000000, 0.000000000000000000 ) ) ;
#1338 =( GEOMETRIC_REPRESENTATION_CONTEXT ( 3 ) GLOBAL_UNCERTAINTY_ASSIGNED_CONTEXT ( ( #3968 ) ) GLOBAL_UNIT_ASSIGNED_CONTEXT ( ( #2721, #5112, #7565 ) ) REPRESENTATION_CONTEXT ( 'NONE', 'WORKASPACE' ) );
#1339 =( NAMED_UNIT ( * ) PLANE_ANGLE_UNIT ( ) SI_UNIT ( $, .RADIAN. ) );
#1340 = CARTESIAN_POINT ( 'NONE',  ( -1.800956594368268382, -2.299999999999999822, -1.225342217102087350 ) ) ;
#1341 = PRESENTATION_LAYER_ASSIGNMENT (  '', '', ( #5673 ) ) ;
#1342 = CARTESIAN_POINT ( 'NONE',  ( 2.839999999999999858, -1.500000000000000000, 2.250000000000000000 ) ) ;
#1343 = FILL_AREA_STYLE_COLOUR ( '', #7111 ) ;
#1344 = CARTESIAN_POINT ( 'NONE',  ( -4.401045837440702435, -0.1000000000000000056, 0.4132593211698106228 ) ) ;
#1345 = STYLED_ITEM ( 'NONE', ( #4840 ), #831 ) ;
#1346 = ORIENTED_EDGE ( 'NONE', *, *, #1685, .F. ) ;
#1347 = PRESENTATION_LAYER_ASSIGNMENT (  '', '', ( #5795 ) ) ;
#1348 = PRESENTATION_LAYER_ASSIGNMENT (  '', '', ( #2599 ) ) ;
#1349 = AXIS2_PLACEMENT_3D ( 'NONE', #7475, #1984, #1466 ) ;
#1350 = CARTESIAN_POINT ( 'NONE',  ( 0.1072414044444087999, -2.399999999999999911, 2.173670996413831435 ) ) ;
#1351 =( LENGTH_UNIT ( ) NAMED_UNIT ( * ) SI_UNIT ( .MILLI., .METRE. ) );
#1352 =( NAMED_UNIT ( * ) SI_UNIT ( $, .STERADIAN. ) SOLID_ANGLE_UNIT ( ) );
#1353 = CARTESIAN_POINT ( 'NONE',  ( -2.750000000000000444, 0.000000000000000000, 2.250000000000000000 ) ) ;
#1354 = PRESENTATION_LAYER_ASSIGNMENT (  '', '', ( #4758 ) ) ;
#1355 =( LENGTH_UNIT ( ) NAMED_UNIT ( * ) SI_UNIT ( .MILLI., .METRE. ) );
#1356 =( LENGTH_UNIT ( ) NAMED_UNIT ( * ) SI_UNIT ( .MILLI., .METRE. ) );
#1357 = MECHANICAL_DESIGN_GEOMETRIC_PRESENTATION_REPRESENTATION (  '', ( #1988 ), #843 ) ;
#1358 = VERTEX_POINT ( 'NONE', #3517 ) ;
#1359 = ORIENTED_EDGE ( 'NONE', *, *, #4502, .T. ) ;
#1360 = CARTESIAN_POINT ( 'NONE',  ( -2.567136752136752964, -2.500000000000000000, 1.720833333333333437 ) ) ;
#1361 =( GEOMETRIC_REPRESENTATION_CONTEXT ( 3 ) GLOBAL_UNCERTAINTY_ASSIGNED_CONTEXT ( ( #3224 ) ) GLOBAL_UNIT_ASSIGNED_CONTEXT ( ( #2715, #1544, #3347 ) ) REPRESENTATION_CONTEXT ( 'NONE', 'WORKASPACE' ) );
#1362 = ORIENTED_EDGE ( 'NONE', *, *, #2524, .T. ) ;
#1363 = EDGE_CURVE ( 'NONE', #3037, #238, #7837, .T. ) ;
#1364 = CARTESIAN_POINT ( 'NONE',  ( 4.021915064102565829, -1.154902199396359741, -2.149999999999999911 ) ) ;
#1365 = MECHANICAL_DESIGN_GEOMETRIC_PRESENTATION_REPRESENTATION (  '', ( #869 ), #6570 ) ;
#1366 = VERTEX_POINT ( 'NONE', #1779 ) ;
#1367 = SURFACE_STYLE_USAGE ( .BOTH. , #5051 ) ;
#1368 = VERTEX_POINT ( 'NONE', #4198 ) ;
#1369 = CARTESIAN_POINT ( 'NONE',  ( 4.401045837440702435, -0.1000000000000000056, 1.187158322142691791 ) ) ;
#1370 =( NAMED_UNIT ( * ) PLANE_ANGLE_UNIT ( ) SI_UNIT ( $, .RADIAN. ) );
#1371 = EDGE_CURVE ( 'NONE', #1057, #1948, #1188, .T. ) ;
#1372 = UNCERTAINTY_MEASURE_WITH_UNIT (LENGTH_MEASURE( 1.000000000000000082E-05 ), #1356, 'distance_accuracy_value', 'NONE');
#1373 = ADVANCED_FACE ( 'NONE', ( #2994 ), #4829, .F. ) ;
#1374 = PLANE ( 'NONE',  #5538 ) ;
#1375 =( NAMED_UNIT ( * ) SI_UNIT ( $, .STERADIAN. ) SOLID_ANGLE_UNIT ( ) );
#1376 = VECTOR ( 'NONE', #7813, 1000.000000000000000 ) ;
#1377 =( LENGTH_UNIT ( ) NAMED_UNIT ( * ) SI_UNIT ( .MILLI., .METRE. ) );
#1378 = CARTESIAN_POINT ( 'NONE',  ( 2.408633676762342635, -1.000000000000000000, 7.750000000000000000 ) ) ;
#1379 = CARTESIAN_POINT ( 'NONE',  ( -5.000000000000000000, -0.7027481342701401568, 2.250000000000000000 ) ) ;
#1380 =( NAMED_UNIT ( * ) PLANE_ANGLE_UNIT ( ) SI_UNIT ( $, .RADIAN. ) );
#1381 = CARTESIAN_POINT ( 'NONE',  ( -0.2019036288712491023, -2.400000000000000355, 1.761293225996332756 ) ) ;
#1382 = SURFACE_STYLE_FILL_AREA ( #4468 ) ;
#1383 =( GEOMETRIC_REPRESENTATION_CONTEXT ( 3 ) GLOBAL_UNCERTAINTY_ASSIGNED_CONTEXT ( ( #7139 ) ) GLOBAL_UNIT_ASSIGNED_CONTEXT ( ( #1887, #1925, #1217 ) ) REPRESENTATION_CONTEXT ( 'NONE', 'WORKASPACE' ) );
#1384 = VERTEX_POINT ( 'NONE', #842 ) ;
#1385 = SURFACE_STYLE_FILL_AREA ( #6833 ) ;
#1386 = CARTESIAN_POINT ( 'NONE',  ( 0.2103098290598290343, -2.400000000000000355, 1.985946681356837384 ) ) ;
#1387 =( NAMED_UNIT ( * ) PLANE_ANGLE_UNIT ( ) SI_UNIT ( $, .RADIAN. ) );
#1388 = CARTESIAN_POINT ( 'NONE',  ( 0.2570982895754061470, -2.399999999999999911, 1.954098906006184189 ) ) ;
#1389 = CARTESIAN_POINT ( 'NONE',  ( 2.496408060538637841, -2.500000000000000000, 1.709972241352448297 ) ) ;
#1390 = ORIENTED_EDGE ( 'NONE', *, *, #3777, .F. ) ;
#1391 = ADVANCED_FACE ( 'NONE', ( #5732 ), #4953, .F. ) ;
#1392 = ORIENTED_EDGE ( 'NONE', *, *, #5238, .F. ) ;
#1393 = UNCERTAINTY_MEASURE_WITH_UNIT (LENGTH_MEASURE( 1.000000000000000082E-05 ), #6120, 'distance_accuracy_value', 'NONE');
#1394 = LINE ( 'NONE', #240, #4892 ) ;
#1395 = ORIENTED_EDGE ( 'NONE', *, *, #2420, .F. ) ;
#1396 = CARTESIAN_POINT ( 'NONE',  ( 0.1699485625782940768, -2.500000000000000444, 2.192808150634868447 ) ) ;
#1397 = CARTESIAN_POINT ( 'NONE',  ( -0.04542846596047516589, -2.399999999999999023, 2.263353387093528291 ) ) ;
#1398 = PRESENTATION_STYLE_ASSIGNMENT (( #7448 ) ) ;
#1399 = VECTOR ( 'NONE', #6514, 999.9999999999998863 ) ;
#1400 = ORIENTED_EDGE ( 'NONE', *, *, #5834, .T. ) ;
#1401 = SURFACE_STYLE_USAGE ( .BOTH. , #4448 ) ;
#1402 = ORIENTED_EDGE ( 'NONE', *, *, #1977, .F. ) ;
#1403 = UNCERTAINTY_MEASURE_WITH_UNIT (LENGTH_MEASURE( 1.000000000000000082E-05 ), #2490, 'distance_accuracy_value', 'NONE');
#1404 = CARTESIAN_POINT ( 'NONE',  ( 2.840000000000000746, -1.500000000000000000, 7.281332158035497493 ) ) ;
#1405 = AXIS2_PLACEMENT_3D ( 'NONE', #1753, #4889, #6616 ) ;
#1406 = SURFACE_SIDE_STYLE ('',( #133 ) ) ;
#1407 = DIRECTION ( 'NONE',  ( 0.000000000000000000, 1.000000000000000000, 0.000000000000000000 ) ) ;
#1408 = SURFACE_STYLE_USAGE ( .BOTH. , #6855 ) ;
#1409 =( LENGTH_UNIT ( ) NAMED_UNIT ( * ) SI_UNIT ( .MILLI., .METRE. ) );
#1410 = MECHANICAL_DESIGN_GEOMETRIC_PRESENTATION_REPRESENTATION (  '', ( #5988 ), #7654 ) ;
#1411 = DIRECTION ( 'NONE',  ( -0.000000000000000000, -0.000000000000000000, -1.000000000000000000 ) ) ;
#1412 = CARTESIAN_POINT ( 'NONE',  ( -0.1544269689723937744, -2.500000000000000888, 2.175157108589249599 ) ) ;
#1413 = ADVANCED_FACE ( 'NONE', ( #6908 ), #3646, .T. ) ;
#1414 = CARTESIAN_POINT ( 'NONE',  ( 2.239999999999999769, -1.000000000000000000, 7.281332158035497493 ) ) ;
#1415 = CARTESIAN_POINT ( 'NONE',  ( 2.599168655274914475, -2.500000000000000000, 1.779461564940238549 ) ) ;
#1416 = VECTOR ( 'NONE', #6038, 1000.000000000000000 ) ;
#1417 = PRESENTATION_STYLE_ASSIGNMENT (( #5517 ) ) ;
#1418 = DIRECTION ( 'NONE',  ( -0.000000000000000000, -0.000000000000000000, -1.000000000000000000 ) ) ;
#1419 = SURFACE_STYLE_FILL_AREA ( #108 ) ;
#1420 = CARTESIAN_POINT ( 'NONE',  ( 0.5460855957113092130, -2.400000000000000355, 1.630485880782381436 ) ) ;
#1421 = FACE_OUTER_BOUND ( 'NONE', #2241, .T. ) ;
#1422 = ORIENTED_EDGE ( 'NONE', *, *, #4280, .T. ) ;
#1423 = SURFACE_STYLE_FILL_AREA ( #887 ) ;
#1424 = VECTOR ( 'NONE', #3895, 1000.000000000000000 ) ;
#1425 = LINE ( 'NONE', #6282, #5681 ) ;
#1426 = CARTESIAN_POINT ( 'NONE',  ( 0.2013194802264900440, -2.400000000000000355, 2.053189753338102719 ) ) ;
#1427 = CARTESIAN_POINT ( 'NONE',  ( -0.01694863821277715898, -2.400000000000000355, 1.707508878620662029 ) ) ;
#1428 = AXIS2_PLACEMENT_3D ( 'NONE', #4828, #6563, #1778 ) ;
#1429 = DIRECTION ( 'NONE',  ( -0.000000000000000000, -0.000000000000000000, -1.000000000000000000 ) ) ;
#1430 = FILL_AREA_STYLE ('',( #3832 ) ) ;
#1431 = VECTOR ( 'NONE', #4407, 1000.000000000000227 ) ;
#1432 = ORIENTED_EDGE ( 'NONE', *, *, #227, .T. ) ;
#1433 = ORIENTED_EDGE ( 'NONE', *, *, #2095, .F. ) ;
#1434 = ORIENTED_EDGE ( 'NONE', *, *, #4945, .T. ) ;
#1435 = CARTESIAN_POINT ( 'NONE',  ( -0.02186939994087903905, -2.500000000000000000, 2.263528765289108069 ) ) ;
#1436 = CARTESIAN_POINT ( 'NONE',  ( -0.2369805841525731427, -2.500000000000000888, 2.177644857190575323 ) ) ;
#1437 = CARTESIAN_POINT ( 'NONE',  ( 5.000000000000000000, -0.7027481342701401568, 2.250000000000000000 ) ) ;
#1438 = PRESENTATION_STYLE_ASSIGNMENT (( #320 ) ) ;
#1439 = ORIENTED_EDGE ( 'NONE', *, *, #5746, .F. ) ;
#1440 = CYLINDRICAL_SURFACE ( 'NONE', #2679, 0.2394398982144593790 ) ;
#1441 = VERTEX_POINT ( 'NONE', #1030 ) ;
#1442 = CARTESIAN_POINT ( 'NONE',  ( 2.723173076923075531, -2.500000000000000000, 2.250000000000000000 ) ) ;
#1443 = LINE ( 'NONE', #5127, #4302 ) ;
#1444 = UNCERTAINTY_MEASURE_WITH_UNIT (LENGTH_MEASURE( 1.000000000000000082E-05 ), #6485, 'distance_accuracy_value', 'NONE');
#1445 = EDGE_CURVE ( 'NONE', #1358, #81, #3346, .T. ) ;
#1446 = LINE ( 'NONE', #784, #5163 ) ;
#1447 =( LENGTH_UNIT ( ) NAMED_UNIT ( * ) SI_UNIT ( .MILLI., .METRE. ) );
#1448 = CARTESIAN_POINT ( 'NONE',  ( -2.540000000000000480, -2.100000000000000089, 0.7531436111372146192 ) ) ;
#1449 = STYLED_ITEM ( 'NONE', ( #7746 ), #7823 ) ;
#1450 = LINE ( 'NONE', #3851, #705 ) ;
#1451 = CARTESIAN_POINT ( 'NONE',  ( -0.1068553040214712396, -2.500000000000000000, 2.197376546325181756 ) ) ;
#1452 = FILL_AREA_STYLE ('',( #7505 ) ) ;
#1453 =( NAMED_UNIT ( * ) PLANE_ANGLE_UNIT ( ) SI_UNIT ( $, .RADIAN. ) );
#1454 = CARTESIAN_POINT ( 'NONE',  ( 2.503356526529290083, -2.400000000000001243, 2.015764431608567442 ) ) ;
#1455 = DIRECTION ( 'NONE',  ( 0.000000000000000000, -1.000000000000000000, 0.000000000000000000 ) ) ;
#1456 = CARTESIAN_POINT ( 'NONE',  ( -0.1136001503114828365, -2.399999999999999911, 1.718408903032914381 ) ) ;
#1457 = FACE_BOUND ( 'NONE', #3471, .T. ) ;
#1458 = PLANE ( 'NONE',  #6544 ) ;
#1459 = PRESENTATION_LAYER_ASSIGNMENT (  '', '', ( #6538 ) ) ;
#1460 = ORIENTED_EDGE ( 'NONE', *, *, #1685, .T. ) ;
#1461 = VECTOR ( 'NONE', #1856, 1000.000000000000000 ) ;
#1462 = DIRECTION ( 'NONE',  ( 0.000000000000000000, 0.000000000000000000, 1.000000000000000000 ) ) ;
#1463 = FILL_AREA_STYLE ('',( #1983 ) ) ;
#1464 =( GEOMETRIC_REPRESENTATION_CONTEXT ( 3 ) GLOBAL_UNCERTAINTY_ASSIGNED_CONTEXT ( ( #396 ) ) GLOBAL_UNIT_ASSIGNED_CONTEXT ( ( #5508, #5556, #169 ) ) REPRESENTATION_CONTEXT ( 'NONE', 'WORKASPACE' ) );
#1465 = PRESENTATION_LAYER_ASSIGNMENT (  '', '', ( #844 ) ) ;
#1466 = DIRECTION ( 'NONE',  ( 0.000000000000000000, 4.336808689942018229E-16, 1.000000000000000000 ) ) ;
#1467 = FILL_AREA_STYLE_COLOUR ( '', #738 ) ;
#1468 =( NAMED_UNIT ( * ) PLANE_ANGLE_UNIT ( ) SI_UNIT ( $, .RADIAN. ) );
#1469 = ADVANCED_FACE ( 'NONE', ( #3388 ), #5257, .T. ) ;
#1470 = CARTESIAN_POINT ( 'NONE',  ( 2.370860558089967096, -2.400000000000001243, 1.849040712068144687 ) ) ;
#1471 = ADVANCED_FACE ( 'NONE', ( #2862 ), #3981, .F. ) ;
#1472 = STYLED_ITEM ( 'NONE', ( #4137 ), #6020 ) ;
#1473 = ORIENTED_EDGE ( 'NONE', *, *, #4945, .F. ) ;
#1474 =( GEOMETRIC_REPRESENTATION_CONTEXT ( 3 ) GLOBAL_UNCERTAINTY_ASSIGNED_CONTEXT ( ( #7630 ) ) GLOBAL_UNIT_ASSIGNED_CONTEXT ( ( #1480, #1995, #3764 ) ) REPRESENTATION_CONTEXT ( 'NONE', 'WORKASPACE' ) );
#1475 = AXIS2_PLACEMENT_3D ( 'NONE', #6336, #276, #3316 ) ;
#1476 = VERTEX_POINT ( 'NONE', #4228 ) ;
#1477 = UNCERTAINTY_MEASURE_WITH_UNIT (LENGTH_MEASURE( 1.000000000000000082E-05 ), #5902, 'distance_accuracy_value', 'NONE');
#1478 = DIRECTION ( 'NONE',  ( 0.7941277684358849509, 0.000000000000000000, 0.6077508431907284736 ) ) ;
#1479 = EDGE_LOOP ( 'NONE', ( #3146, #1934, #2377, #4675 ) ) ;
#1480 =( LENGTH_UNIT ( ) NAMED_UNIT ( * ) SI_UNIT ( .MILLI., .METRE. ) );
#1481 = FILL_AREA_STYLE ('',( #3248 ) ) ;
#1482 = MECHANICAL_DESIGN_GEOMETRIC_PRESENTATION_REPRESENTATION (  '', ( #4896 ), #6179 ) ;
#1483 = EDGE_LOOP ( 'NONE', ( #4803, #6750, #5742, #6839, #2299, #2612, #3914, #4996, #5052, #6127, #7491, #2960, #3884, #311, #6213, #2798 ) ) ;
#1484 =( GEOMETRIC_REPRESENTATION_CONTEXT ( 3 ) GLOBAL_UNCERTAINTY_ASSIGNED_CONTEXT ( ( #228 ) ) GLOBAL_UNIT_ASSIGNED_CONTEXT ( ( #3982, #390, #4022 ) ) REPRESENTATION_CONTEXT ( 'NONE', 'WORKASPACE' ) );
#1485 = ORIENTED_EDGE ( 'NONE', *, *, #6095, .F. ) ;
#1486 =( GEOMETRIC_REPRESENTATION_CONTEXT ( 3 ) GLOBAL_UNCERTAINTY_ASSIGNED_CONTEXT ( ( #7585 ) ) GLOBAL_UNIT_ASSIGNED_CONTEXT ( ( #879, #5103, #754 ) ) REPRESENTATION_CONTEXT ( 'NONE', 'WORKASPACE' ) );
#1487 = DIRECTION ( 'NONE',  ( 0.000000000000000000, -1.000000000000000000, 0.000000000000000000 ) ) ;
#1488 = SURFACE_STYLE_FILL_AREA ( #479 ) ;
#1489 = SURFACE_STYLE_FILL_AREA ( #5092 ) ;
#1490 = DIRECTION ( 'NONE',  ( 0.000000000000000000, 3.633999576981317006E-13, -1.000000000000000000 ) ) ;
#1491 = UNCERTAINTY_MEASURE_WITH_UNIT (LENGTH_MEASURE( 1.000000000000000082E-05 ), #6593, 'distance_accuracy_value', 'NONE');
#1492 = PRESENTATION_STYLE_ASSIGNMENT (( #6271 ) ) ;
#1493 = STYLED_ITEM ( 'NONE', ( #6007 ), #7384 ) ;
#1494 = LINE ( 'NONE', #257, #663 ) ;
#1495 = EDGE_CURVE ( 'NONE', #5930, #5885, #1767, .T. ) ;
#1496 = FACE_OUTER_BOUND ( 'NONE', #980, .T. ) ;
#1497 = PRESENTATION_STYLE_ASSIGNMENT (( #2776 ) ) ;
#1498 = CARTESIAN_POINT ( 'NONE',  ( 2.625041605140542522, -2.499999999999999556, 1.801923215497356789 ) ) ;
#1499 = PRESENTATION_LAYER_ASSIGNMENT (  '', '', ( #4778 ) ) ;
#1500 = SURFACE_SIDE_STYLE ('',( #425 ) ) ;
#1501 = DIRECTION ( 'NONE',  ( -0.2258923301023048891, 0.000000000000000000, -0.9741522751607940567 ) ) ;
#1502 = PLANE ( 'NONE',  #2280 ) ;
#1503 =( LENGTH_UNIT ( ) NAMED_UNIT ( * ) SI_UNIT ( .MILLI., .METRE. ) );
#1504 = UNCERTAINTY_MEASURE_WITH_UNIT (LENGTH_MEASURE( 1.000000000000000082E-05 ), #2675, 'distance_accuracy_value', 'NONE');
#1505 = PLANE ( 'NONE',  #1587 ) ;
#1506 = ADVANCED_FACE ( 'NONE', ( #59 ), #1266, .T. ) ;
#1507 = DIRECTION ( 'NONE',  ( -0.9741522751607939457, 0.000000000000000000, 0.2258923301023049168 ) ) ;
#1508 = CARTESIAN_POINT ( 'NONE',  ( -0.2132817395961957574, -2.399999999999999467, 1.846200240613654175 ) ) ;
#1509 = FILL_AREA_STYLE ('',( #5880 ) ) ;
#1510 = FACE_OUTER_BOUND ( 'NONE', #4335, .T. ) ;
#1511 = CARTESIAN_POINT ( 'NONE',  ( 0.2064160190363833192, -2.400000000000000355, 2.031618673597719749 ) ) ;
#1512 = CARTESIAN_POINT ( 'NONE',  ( 0.000000000000000000, -2.400000000000000355, 1.347630107884207229 ) ) ;
#1513 = DIRECTION ( 'NONE',  ( -0.000000000000000000, 1.000000000000000000, -0.000000000000000000 ) ) ;
#1514 = CARTESIAN_POINT ( 'NONE',  ( 2.425739397123529262, -2.400000000000000799, 1.742895607158566840 ) ) ;
#1515 = ORIENTED_EDGE ( 'NONE', *, *, #3969, .T. ) ;
#1516 = ORIENTED_EDGE ( 'NONE', *, *, #5563, .F. ) ;
#1517 = SURFACE_SIDE_STYLE ('',( #4412 ) ) ;
#1518 = PRESENTATION_LAYER_ASSIGNMENT (  '', '', ( #5951 ) ) ;
#1519 = ORIENTED_EDGE ( 'NONE', *, *, #6705, .F. ) ;
#1520 = EDGE_CURVE ( 'NONE', #2505, #4174, #6032, .T. ) ;
#1521 = ADVANCED_FACE ( 'NONE', ( #4184 ), #2747, .T. ) ;
#1522 = CARTESIAN_POINT ( 'NONE',  ( 2.370395299145298118, -2.500000000000000000, 1.864573317307692379 ) ) ;
#1523 =( NAMED_UNIT ( * ) SI_UNIT ( $, .STERADIAN. ) SOLID_ANGLE_UNIT ( ) );
#1524 = ORIENTED_EDGE ( 'NONE', *, *, #1697, .F. ) ;
#1525 = LINE ( 'NONE', #7454, #810 ) ;
#1526 = ORIENTED_EDGE ( 'NONE', *, *, #3814, .F. ) ;
#1527 = CARTESIAN_POINT ( 'NONE',  ( 2.449086634504372917, -2.499999999999999556, 1.953110830506428419 ) ) ;
#1528 = DIRECTION ( 'NONE',  ( 0.000000000000000000, -1.000000000000000000, 0.000000000000000000 ) ) ;
#1529 = DIRECTION ( 'NONE',  ( 0.000000000000000000, 0.000000000000000000, -1.000000000000000000 ) ) ;
#1530 = UNCERTAINTY_MEASURE_WITH_UNIT (LENGTH_MEASURE( 1.000000000000000082E-05 ), #6739, 'distance_accuracy_value', 'NONE');
#1531 = PRESENTATION_STYLE_ASSIGNMENT (( #6970 ) ) ;
#1532 = FILL_AREA_STYLE ('',( #6353 ) ) ;
#1533 = FILL_AREA_STYLE_COLOUR ( '', #3049 ) ;
#1534 = MANIFOLD_SOLID_BREP ( 'Boss-Extrude3[3]', #2065 ) ;
#1535 = CARTESIAN_POINT ( 'NONE',  ( 2.512954509395715519, -2.400000000000000799, 2.025782399106947462 ) ) ;
#1536 = CARTESIAN_POINT ( 'NONE',  ( -0.1206605182823484584, -2.400000000000000355, 2.250000003224439382 ) ) ;
#1537 = FILL_AREA_STYLE ('',( #1615 ) ) ;
#1538 = FACE_OUTER_BOUND ( 'NONE', #6388, .T. ) ;
#1539 = CARTESIAN_POINT ( 'NONE',  ( 2.406096811670702884, -2.500000000000000000, 1.970174012709384748 ) ) ;
#1540 = EDGE_CURVE ( 'NONE', #1627, #7373, #6197, .T. ) ;
#1541 =( LENGTH_UNIT ( ) NAMED_UNIT ( * ) SI_UNIT ( .MILLI., .METRE. ) );
#1542 = DIRECTION ( 'NONE',  ( -0.000000000000000000, 1.000000000000000000, -0.000000000000000000 ) ) ;
#1543 = CARTESIAN_POINT ( 'NONE',  ( -0.1777829642168598234, -2.500000000000000000, 1.811433482379124271 ) ) ;
#1544 =( NAMED_UNIT ( * ) PLANE_ANGLE_UNIT ( ) SI_UNIT ( $, .RADIAN. ) );
#1545 = CARTESIAN_POINT ( 'NONE',  ( 4.344216997195514907, -1.236312455806616306, -2.250000000000000000 ) ) ;
#1546 = ORIENTED_EDGE ( 'NONE', *, *, #695, .F. ) ;
#1547 =( NAMED_UNIT ( * ) SI_UNIT ( $, .STERADIAN. ) SOLID_ANGLE_UNIT ( ) );
#1548 = CARTESIAN_POINT ( 'NONE',  ( 0.1267165184313454040, -1.000000000000000000, 7.750000000000000000 ) ) ;
#1549 = CARTESIAN_POINT ( 'NONE',  ( 2.465602449220652748, -2.400000000000001243, 1.718749262217152740 ) ) ;
#1550 = ADVANCED_FACE ( 'NONE', ( #141, #2555 ), #6827, .T. ) ;
#1551 = ADVANCED_FACE ( 'NONE', ( #3378 ), #2815, .F. ) ;
#1552 = ORIENTED_EDGE ( 'NONE', *, *, #2171, .F. ) ;
#1553 = ORIENTED_EDGE ( 'NONE', *, *, #2925, .T. ) ;
#1554 = DIRECTION ( 'NONE',  ( 1.000000000000000000, 0.000000000000000000, 0.000000000000000000 ) ) ;
#1555 = ORIENTED_EDGE ( 'NONE', *, *, #4834, .F. ) ;
#1556 = COLOUR_RGB ( '',0.1843137254901960898, 0.7568627450980391913, 1.000000000000000000 ) ;
#1557 = DIRECTION ( 'NONE',  ( -0.000000000000000000, 0.000000000000000000, 1.000000000000000000 ) ) ;
#1558 = ORIENTED_EDGE ( 'NONE', *, *, #797, .F. ) ;
#1559 =( NAMED_UNIT ( * ) SI_UNIT ( $, .STERADIAN. ) SOLID_ANGLE_UNIT ( ) );
#1560 = EDGE_LOOP ( 'NONE', ( #6953, #1816, #7018, #6842 ) ) ;
#1561 =( GEOMETRIC_REPRESENTATION_CONTEXT ( 3 ) GLOBAL_UNCERTAINTY_ASSIGNED_CONTEXT ( ( #4170 ) ) GLOBAL_UNIT_ASSIGNED_CONTEXT ( ( #1355, #6875, #272 ) ) REPRESENTATION_CONTEXT ( 'NONE', 'WORKASPACE' ) );
#1562 = CARTESIAN_POINT ( 'NONE',  ( 0.2064160190363833192, -2.500000000000000000, 2.031618673597719749 ) ) ;
#1563 = B_SPLINE_SURFACE_WITH_KNOTS ( 'NONE', 3, 1, ( 
 ( #4760, #2650 ),
 ( #1911, #5002 ),
 ( #4962, #2031 ),
 ( #1436, #7528 ),
 ( #2692, #3283 ),
 ( #3799, #3197 ),
 ( #7410, #5745 ),
 ( #3247, #5082 ),
 ( #6256, #3838 ),
 ( #3718, #812 ),
 ( #278, #5624 ),
 ( #5045, #2073 ),
 ( #6296, #5664 ),
 ( #6218, #7375 ),
 ( #857, #3881 ),
 ( #4370, #6341 ),
 ( #200, #1397 ),
 ( #2614, #7447 ),
 ( #5583, #3156 ) ),
 .UNSPECIFIED., .F., .F., .F.,
 ( 4, 1, 1, 1, 1, 1, 1, 1, 1, 1, 1, 1, 1, 1, 1, 1, 4 ),
 ( 2, 2 ),
 ( 0.000000000000000000, 0.06168004274517305957, 0.1230646415701006635, 0.1834922666867984664, 0.2437494364462801377, 0.3040608341645435475, 0.3646505398839697265, 0.4253979562663962599, 0.4868487645608022829, 0.5486837371169496214, 0.6111282014272194640, 0.6735190137933516619, 0.7369579095099199062, 0.8007139985482566447, 0.8659999867276052532, 0.9320943581165901382, 1.000000000000000000 ),
 ( 0.000000000000000000, 1.000000000000000000 ),
 .UNSPECIFIED. ) ;
#1564 = DIRECTION ( 'NONE',  ( 0.000000000000000000, 0.000000000000000000, 1.000000000000000000 ) ) ;
#1565 = DIRECTION ( 'NONE',  ( 0.000000000000000000, 0.000000000000000000, 1.000000000000000000 ) ) ;
#1566 = DIRECTION ( 'NONE',  ( -0.000000000000000000, -1.000000000000000000, -0.000000000000000000 ) ) ;
#1567 = AXIS2_PLACEMENT_3D ( 'NONE', #2969, #7214, #7338 ) ;
#1568 = ADVANCED_FACE ( 'NONE', ( #7098 ), #989, .F. ) ;
#1569 = UNCERTAINTY_MEASURE_WITH_UNIT (LENGTH_MEASURE( 1.000000000000000082E-05 ), #6733, 'distance_accuracy_value', 'NONE');
#1570 = CARTESIAN_POINT ( 'NONE',  ( 0.2414746200812157850, -2.400000000000000799, 2.084860304494573047 ) ) ;
#1571 = FILL_AREA_STYLE ('',( #5061 ) ) ;
#1572 = CARTESIAN_POINT ( 'NONE',  ( 2.579099362177621479, -2.500000000000000444, 1.769456413382344939 ) ) ;
#1573 = FACE_OUTER_BOUND ( 'NONE', #807, .T. ) ;
#1574 = SURFACE_STYLE_USAGE ( .BOTH. , #7017 ) ;
#1575 = FACE_OUTER_BOUND ( 'NONE', #3992, .T. ) ;
#1576 = CARTESIAN_POINT ( 'NONE',  ( 0.5460855957113092130, -2.500000000000000000, 1.630485880782381436 ) ) ;
#1577 = DIRECTION ( 'NONE',  ( 0.000000000000000000, 0.000000000000000000, -1.000000000000000000 ) ) ;
#1578 = PLANE ( 'NONE',  #1962 ) ;
#1579 = VECTOR ( 'NONE', #7717, 1000.000000000000000 ) ;
#1580 = CARTESIAN_POINT ( 'NONE',  ( 0.1958342463705839420, -2.400000000000000355, 1.806595101336694542 ) ) ;
#1581 = MANIFOLD_SOLID_BREP ( 'Boss-Extrude3[1]', #3690 ) ;
#1582 = VERTEX_POINT ( 'NONE', #3535 ) ;
#1583 = PRESENTATION_LAYER_ASSIGNMENT (  '', '', ( #4739 ) ) ;
#1584 = VERTEX_POINT ( 'NONE', #3610 ) ;
#1585 = DIRECTION ( 'NONE',  ( 0.6837407958614036829, 0.000000000000000000, 0.7297249646783467991 ) ) ;
#1586 = VECTOR ( 'NONE', #4944, 1000.000000000000000 ) ;
#1587 = AXIS2_PLACEMENT_3D ( 'NONE', #1027, #7063, #3419 ) ;
#1588 = ORIENTED_EDGE ( 'NONE', *, *, #6389, .F. ) ;
#1589 = EDGE_CURVE ( 'NONE', #7215, #3549, #4219, .T. ) ;
#1590 = CARTESIAN_POINT ( 'NONE',  ( -1.148629566403928992, 0.000000000000000000, -1.447028670344146617 ) ) ;
#1591 = VECTOR ( 'NONE', #5179, 1000.000000000000000 ) ;
#1592 = PRESENTATION_LAYER_ASSIGNMENT (  '', '', ( #3983 ) ) ;
#1593 = LINE ( 'NONE', #4000, #7838 ) ;
#1594 = VECTOR ( 'NONE', #1337, 1000.000000000000000 ) ;
#1595 =( GEOMETRIC_REPRESENTATION_CONTEXT ( 3 ) GLOBAL_UNCERTAINTY_ASSIGNED_CONTEXT ( ( #3759 ) ) GLOBAL_UNIT_ASSIGNED_CONTEXT ( ( #3995, #3432, #4629 ) ) REPRESENTATION_CONTEXT ( 'NONE', 'WORKASPACE' ) );
#1596 = ORIENTED_EDGE ( 'NONE', *, *, #4589, .F. ) ;
#1597 = ORIENTED_EDGE ( 'NONE', *, *, #6424, .T. ) ;
#1598 = MECHANICAL_DESIGN_GEOMETRIC_PRESENTATION_REPRESENTATION (  '', ( #4758 ), #6556 ) ;
#1599 = EDGE_CURVE ( 'NONE', #1907, #5930, #1134, .T. ) ;
#1600 = VECTOR ( 'NONE', #773, 1000.000000000000000 ) ;
#1601 = DIRECTION ( 'NONE',  ( 0.000000000000000000, -1.000000000000000000, 0.000000000000000000 ) ) ;
#1602 = MECHANICAL_DESIGN_GEOMETRIC_PRESENTATION_REPRESENTATION (  '', ( #7324 ), #2600 ) ;
#1603 = SURFACE_STYLE_FILL_AREA ( #1644 ) ;
#1604 = PRESENTATION_STYLE_ASSIGNMENT (( #4454 ) ) ;
#1605 = DIRECTION ( 'NONE',  ( -1.000000000000000000, 0.000000000000000000, 0.000000000000000000 ) ) ;
#1606 = VECTOR ( 'NONE', #6381, 1000.000000000000000 ) ;
#1607 = COLOUR_RGB ( '',0.1843137254901960898, 0.7568627450980391913, 1.000000000000000000 ) ;
#1608 = DIRECTION ( 'NONE',  ( 0.000000000000000000, 0.000000000000000000, -1.000000000000000000 ) ) ;
#1609 = MECHANICAL_DESIGN_GEOMETRIC_PRESENTATION_REPRESENTATION (  '', ( #5029 ), #1486 ) ;
#1610 = CARTESIAN_POINT ( 'NONE',  ( 0.08140518397636245518, -2.400000000000000799, 1.784460823925592132 ) ) ;
#1611 = ADVANCED_FACE ( 'NONE', ( #1254 ), #1095, .F. ) ;
#1612 = DIRECTION ( 'NONE',  ( 1.000000000000000000, -0.000000000000000000, -0.000000000000000000 ) ) ;
#1613 = EDGE_CURVE ( 'NONE', #1324, #6251, #5154, .T. ) ;
#1614 = CARTESIAN_POINT ( 'NONE',  ( -0.09690410707093266574, -2.400000000000000355, 2.256574301206327515 ) ) ;
#1615 = FILL_AREA_STYLE_COLOUR ( '', #3757 ) ;
#1616 = SURFACE_SIDE_STYLE ('',( #7056 ) ) ;
#1617 = DIRECTION ( 'NONE',  ( -0.000000000000000000, 0.000000000000000000, 1.000000000000000000 ) ) ;
#1618 = FILL_AREA_STYLE_COLOUR ( '', #2701 ) ;
#1619 = CARTESIAN_POINT ( 'NONE',  ( 4.060553135016027326, -1.236312455806616306, -2.250000000000000000 ) ) ;
#1620 = CARTESIAN_POINT ( 'NONE',  ( -0.1279707598993073403, -2.499999999999999112, 1.781774948430888683 ) ) ;
#1621 = FILL_AREA_STYLE ('',( #3945 ) ) ;
#1622 = DIRECTION ( 'NONE',  ( 0.000000000000000000, -1.000000000000000000, 0.000000000000000000 ) ) ;
#1623 = CARTESIAN_POINT ( 'NONE',  ( 4.135872885735895288, -0.7027481342701401568, 2.250000000000000000 ) ) ;
#1624 =( NAMED_UNIT ( * ) PLANE_ANGLE_UNIT ( ) SI_UNIT ( $, .RADIAN. ) );
#1625 = LINE ( 'NONE', #3427, #6668 ) ;
#1626 = MECHANICAL_DESIGN_GEOMETRIC_PRESENTATION_REPRESENTATION (  '', ( #1878 ), #7352 ) ;
#1627 = VERTEX_POINT ( 'NONE', #50 ) ;
#1628 = B_SPLINE_CURVE_WITH_KNOTS ( 'NONE', 3,
 ( #5060, #217, #2516, #2628, #1451, #174, #1412, #1334, #3853, #6230, #4942 ),
 .UNSPECIFIED., .F., .F.,
 ( 4, 1, 1, 1, 1, 1, 1, 1, 4 ),
 ( 0.000000000000000000, 0.1285151895116612430, 0.2529486363526578518, 0.3747547340060046195, 0.4959397538670497485, 0.6171806414298925958, 0.7409094692781372782, 0.8678111481862026411, 1.000000000000000000 ),
 .UNSPECIFIED. ) ;
#1629 = ORIENTED_EDGE ( 'NONE', *, *, #560, .F. ) ;
#1630 = SURFACE_STYLE_FILL_AREA ( #7076 ) ;
#1631 = ORIENTED_EDGE ( 'NONE', *, *, #2873, .T. ) ;
#1632 = STYLED_ITEM ( 'NONE', ( #251 ), #1949 ) ;
#1633 = LINE ( 'NONE', #7652, #7049 ) ;
#1634 = DIRECTION ( 'NONE',  ( 0.000000000000000000, -1.000000000000000000, 0.000000000000000000 ) ) ;
#1635 = DIRECTION ( 'NONE',  ( 0.4285842068721730791, -0.9035018415143105663, 0.000000000000000000 ) ) ;
#1636 = CARTESIAN_POINT ( 'NONE',  ( 2.702511055465022238, -2.400000000000000355, 1.877353573732830183 ) ) ;
#1637 = EDGE_CURVE ( 'NONE', #2380, #1879, #2466, .T. ) ;
#1638 = ORIENTED_EDGE ( 'NONE', *, *, #1307, .T. ) ;
#1639 = STYLED_ITEM ( 'NONE', ( #4974 ), #2367 ) ;
#1640 = DIRECTION ( 'NONE',  ( -1.000000000000000000, 0.000000000000000000, 0.000000000000000000 ) ) ;
#1641 = ORIENTED_EDGE ( 'NONE', *, *, #6894, .T. ) ;
#1642 = UNCERTAINTY_MEASURE_WITH_UNIT (LENGTH_MEASURE( 1.000000000000000082E-05 ), #5581, 'distance_accuracy_value', 'NONE');
#1643 = CARTESIAN_POINT ( 'NONE',  ( 0.2103098290598290343, -2.500000000000000000, 1.985946681356837384 ) ) ;
#1644 = FILL_AREA_STYLE ('',( #1677 ) ) ;
#1645 = VERTEX_POINT ( 'NONE', #6295 ) ;
#1646 = CARTESIAN_POINT ( 'NONE',  ( 0.1699485625782940768, -2.500000000000000444, 2.192808150634868447 ) ) ;
#1647 = UNCERTAINTY_MEASURE_WITH_UNIT (LENGTH_MEASURE( 1.000000000000000082E-05 ), #1107, 'distance_accuracy_value', 'NONE');
#1648 = EDGE_CURVE ( 'NONE', #5222, #5969, #6963, .T. ) ;
#1649 = PRESENTATION_STYLE_ASSIGNMENT (( #3494 ) ) ;
#1650 = ORIENTED_EDGE ( 'NONE', *, *, #7556, .T. ) ;
#1651 = SURFACE_STYLE_USAGE ( .BOTH. , #4011 ) ;
#1652 = FILL_AREA_STYLE_COLOUR ( '', #4130 ) ;
#1653 = CARTESIAN_POINT ( 'NONE',  ( -5.000000000000000000, -2.500000000000000000, -2.250000000000000000 ) ) ;
#1654 =( LENGTH_UNIT ( ) NAMED_UNIT ( * ) SI_UNIT ( .MILLI., .METRE. ) );
#1655 = CARTESIAN_POINT ( 'NONE',  ( -1.800956594368268382, -2.299999999999999822, -1.225342217102087350 ) ) ;
#1656 = COLOUR_RGB ( '',0.1843137254901960898, 0.7568627450980391913, 1.000000000000000000 ) ;
#1657 = DIRECTION ( 'NONE',  ( 1.000000000000000000, 0.000000000000000000, -0.000000000000000000 ) ) ;
#1658 = CARTESIAN_POINT ( 'NONE',  ( 0.02172776862980435944, -2.400000000000000355, 2.205619298379928317 ) ) ;
#1659 =( NAMED_UNIT ( * ) PLANE_ANGLE_UNIT ( ) SI_UNIT ( $, .RADIAN. ) );
#1660 = SURFACE_SIDE_STYLE ('',( #5189 ) ) ;
#1661 = CARTESIAN_POINT ( 'NONE',  ( 0.2577991452991452714, -2.400000000000000355, 1.982342581463675257 ) ) ;
#1662 = ORIENTED_EDGE ( 'NONE', *, *, #3435, .T. ) ;
#1663 = COLOUR_RGB ( '',0.1843137254901960898, 0.7568627450980391913, 1.000000000000000000 ) ;
#1664 = EDGE_LOOP ( 'NONE', ( #1597, #4958, #1039, #4806 ) ) ;
#1665 = DIRECTION ( 'NONE',  ( 0.000000000000000000, -0.000000000000000000, -1.000000000000000000 ) ) ;
#1666 = ORIENTED_EDGE ( 'NONE', *, *, #4858, .F. ) ;
#1667 = CARTESIAN_POINT ( 'NONE',  ( 0.2577991452991452714, -2.500000000000000000, 1.982342581463675257 ) ) ;
#1668 = SURFACE_STYLE_FILL_AREA ( #7114 ) ;
#1669 = CARTESIAN_POINT ( 'NONE',  ( 2.564824860734261858, -2.500000000000000000, 1.710036870189499902 ) ) ;
#1670 = ORIENTED_EDGE ( 'NONE', *, *, #3245, .T. ) ;
#1671 = SURFACE_STYLE_USAGE ( .BOTH. , #2268 ) ;
#1672 = ORIENTED_EDGE ( 'NONE', *, *, #7207, .T. ) ;
#1673 = DIRECTION ( 'NONE',  ( 1.000000000000000000, 0.000000000000000000, -0.000000000000000000 ) ) ;
#1674 = VECTOR ( 'NONE', #6841, 1000.000000000000114 ) ;
#1675 = CARTESIAN_POINT ( 'NONE',  ( -0.002382878451735718876, -2.500000000000000000, 2.208830913688181852 ) ) ;
#1676 =( GEOMETRIC_REPRESENTATION_CONTEXT ( 3 ) GLOBAL_UNCERTAINTY_ASSIGNED_CONTEXT ( ( #6580 ) ) GLOBAL_UNIT_ASSIGNED_CONTEXT ( ( #6098, #6611, #2019 ) ) REPRESENTATION_CONTEXT ( 'NONE', 'WORKASPACE' ) );
#1677 = FILL_AREA_STYLE_COLOUR ( '', #1263 ) ;
#1678 = DIRECTION ( 'NONE',  ( 0.000000000000000000, 1.000000000000000000, 0.000000000000000000 ) ) ;
#1679 = LINE ( 'NONE', #1711, #2842 ) ;
#1680 = VECTOR ( 'NONE', #847, 1000.000000000000000 ) ;
#1681 = CARTESIAN_POINT ( 'NONE',  ( 0.2539122301933806614, -2.400000000000000355, 2.035409141408177192 ) ) ;
#1682 = ORIENTED_EDGE ( 'NONE', *, *, #6190, .T. ) ;
#1683 = CARTESIAN_POINT ( 'NONE',  ( -0.02756076388888887077, -2.500000000000000000, 2.263568376068375798 ) ) ;
#1684 = DIRECTION ( 'NONE',  ( 0.000000000000000000, 0.000000000000000000, -1.000000000000000000 ) ) ;
#1685 = EDGE_CURVE ( 'NONE', #6653, #2276, #6255, .T. ) ;
#1686 = DIRECTION ( 'NONE',  ( 1.000000000000000000, 0.000000000000000000, -0.000000000000000000 ) ) ;
#1687 = CARTESIAN_POINT ( 'NONE',  ( -4.401045837440702435, 0.000000000000000000, 1.187158322142691791 ) ) ;
#1688 =( NAMED_UNIT ( * ) PLANE_ANGLE_UNIT ( ) SI_UNIT ( $, .RADIAN. ) );
#1689 = EDGE_CURVE ( 'NONE', #7656, #2646, #3196, .T. ) ;
#1690 = CARTESIAN_POINT ( 'NONE',  ( 2.478130898059530463, -2.399999999999999467, 1.773772669035937666 ) ) ;
#1691 = CARTESIAN_POINT ( 'NONE',  ( -0.03357009422298138507, -2.500000000000000444, 2.263496070196985066 ) ) ;
#1692 = SURFACE_SIDE_STYLE ('',( #7144 ) ) ;
#1693 = VERTEX_POINT ( 'NONE', #4445 ) ;
#1694 = VERTEX_POINT ( 'NONE', #6880 ) ;
#1695 = SURFACE_STYLE_USAGE ( .BOTH. , #1146 ) ;
#1696 =( LENGTH_UNIT ( ) NAMED_UNIT ( * ) SI_UNIT ( .MILLI., .METRE. ) );
#1697 = EDGE_CURVE ( 'NONE', #3954, #741, #5709, .T. ) ;
#1698 = DIRECTION ( 'NONE',  ( 0.000000000000000000, 0.000000000000000000, 1.000000000000000000 ) ) ;
#1699 = CARTESIAN_POINT ( 'NONE',  ( -0.2162459935897435848, -2.400000000000000355, 1.849732905982906184 ) ) ;
#1700 = EDGE_CURVE ( 'NONE', #2158, #7440, #6318, .T. ) ;
#1701 = CARTESIAN_POINT ( 'NONE',  ( -5.000000000000000000, 0.000000000000000000, 0.4132593211698106228 ) ) ;
#1702 = VERTEX_POINT ( 'NONE', #6860 ) ;
#1703 = DIRECTION ( 'NONE',  ( 0.000000000000000000, 0.000000000000000000, -1.000000000000000000 ) ) ;
#1704 = ORIENTED_EDGE ( 'NONE', *, *, #4442, .T. ) ;
#1705 = FILL_AREA_STYLE ('',( #5405 ) ) ;
#1706 = VECTOR ( 'NONE', #6125, 1000.000000000000000 ) ;
#1707 = CARTESIAN_POINT ( 'NONE',  ( 0.1635924186294319127, -2.500000000000000444, 1.848048434489704350 ) ) ;
#1708 = VECTOR ( 'NONE', #1873, 1000.000000000000000 ) ;
#1709 = LINE ( 'NONE', #1754, #202 ) ;
#1710 = VECTOR ( 'NONE', #1478, 1000.000000000000114 ) ;
#1711 = CARTESIAN_POINT ( 'NONE',  ( 3.086085595711308915, -2.500000000000000000, 1.630485880782381436 ) ) ;
#1712 = UNCERTAINTY_MEASURE_WITH_UNIT (LENGTH_MEASURE( 1.000000000000000082E-05 ), #8, 'distance_accuracy_value', 'NONE');
#1713 = MECHANICAL_DESIGN_GEOMETRIC_PRESENTATION_REPRESENTATION (  '', ( #1087 ), #5678 ) ;
#1714 = ORIENTED_EDGE ( 'NONE', *, *, #4350, .F. ) ;
#1715 = FACE_OUTER_BOUND ( 'NONE', #5740, .T. ) ;
#1716 = ORIENTED_EDGE ( 'NONE', *, *, #5693, .F. ) ;
#1717 = VECTOR ( 'NONE', #1034, 1000.000000000000000 ) ;
#1718 = PRESENTATION_LAYER_ASSIGNMENT (  '', '', ( #5140 ) ) ;
#1719 = DIRECTION ( 'NONE',  ( -0.000000000000000000, 1.000000000000000000, -0.000000000000000000 ) ) ;
#1720 = CARTESIAN_POINT ( 'NONE',  ( 2.702820512820511833, -2.500000000000000000, 1.883653846153846123 ) ) ;
#1721 = CARTESIAN_POINT ( 'NONE',  ( 5.000000000000000000, -2.500000000000000000, 2.250000000000000000 ) ) ;
#1722 = CARTESIAN_POINT ( 'NONE',  ( 2.424798316876002779, -2.400000000000001243, 1.994995928441463340 ) ) ;
#1723 = EDGE_CURVE ( 'NONE', #4785, #5282, #258, .T. ) ;
#1724 = MECHANICAL_DESIGN_GEOMETRIC_PRESENTATION_REPRESENTATION (  '', ( #4261 ), #1484 ) ;
#1725 =( NAMED_UNIT ( * ) SI_UNIT ( $, .STERADIAN. ) SOLID_ANGLE_UNIT ( ) );
#1726 =( LENGTH_UNIT ( ) NAMED_UNIT ( * ) SI_UNIT ( .MILLI., .METRE. ) );
#1727 = CARTESIAN_POINT ( 'NONE',  ( 0.1210871850759027007, -2.500000000000001332, 1.807688785981686586 ) ) ;
#1728 = COLOUR_RGB ( '',1.000000000000000000, 1.000000000000000000, 1.000000000000000000 ) ;
#1729 = CARTESIAN_POINT ( 'NONE',  ( -0.2135895575303953797, -2.500000000000000444, 2.199669901977245434 ) ) ;
#1730 =( NAMED_UNIT ( * ) SI_UNIT ( $, .STERADIAN. ) SOLID_ANGLE_UNIT ( ) );
#1731 = CARTESIAN_POINT ( 'NONE',  ( -1.634757397634042597, -2.500000000000000000, -3.750000000000000444 ) ) ;
#1732 = UNCERTAINTY_MEASURE_WITH_UNIT (LENGTH_MEASURE( 1.000000000000000082E-05 ), #262, 'distance_accuracy_value', 'NONE');
#1733 = ADVANCED_FACE ( 'NONE', ( #339 ), #5722, .F. ) ;
#1734 = ORIENTED_EDGE ( 'NONE', *, *, #1689, .T. ) ;
#1735 = EDGE_LOOP ( 'NONE', ( #7030, #3214, #3253, #3480 ) ) ;
#1736 = DIRECTION ( 'NONE',  ( 0.000000000000000000, -0.000000000000000000, -1.000000000000000000 ) ) ;
#1737 = VECTOR ( 'NONE', #4089, 1000.000000000000000 ) ;
#1738 = SURFACE_SIDE_STYLE ('',( #4286 ) ) ;
#1739 = CARTESIAN_POINT ( 'NONE',  ( -0.01061543250958594566, -2.399999999999999911, 2.263450439878207820 ) ) ;
#1740 = DIRECTION ( 'NONE',  ( -1.000000000000000000, 0.000000000000000000, 0.000000000000000000 ) ) ;
#1741 = DIRECTION ( 'NONE',  ( -0.9409429035988078338, 0.000000000000000000, -0.3385652849407995713 ) ) ;
#1742 = LINE ( 'NONE', #3710, #2239 ) ;
#1743 = PRESENTATION_LAYER_ASSIGNMENT (  '', '', ( #7086 ) ) ;
#1744 = SURFACE_SIDE_STYLE ('',( #1488 ) ) ;
#1745 =( NAMED_UNIT ( * ) SI_UNIT ( $, .STERADIAN. ) SOLID_ANGLE_UNIT ( ) );
#1746 = VERTEX_POINT ( 'NONE', #6974 ) ;
#1747 = ORIENTED_EDGE ( 'NONE', *, *, #1689, .F. ) ;
#1748 = LINE ( 'NONE', #2271, #934 ) ;
#1749 = EDGE_CURVE ( 'NONE', #238, #5659, #2051, .T. ) ;
#1750 = CARTESIAN_POINT ( 'NONE',  ( 2.436595520279248639, -2.400000000000001688, 1.809714042897088371 ) ) ;
#1751 = SURFACE_STYLE_USAGE ( .BOTH. , #1245 ) ;
#1752 = CARTESIAN_POINT ( 'NONE',  ( -1.993914404288691378, -2.400000000000000355, 2.250000000000000000 ) ) ;
#1753 = CARTESIAN_POINT ( 'NONE',  ( 4.299999999999999822, -2.366666666666666696, 0.000000000000000000 ) ) ;
#1754 = CARTESIAN_POINT ( 'NONE',  ( -5.000000000000000000, -2.500000000000000000, -2.250000000000000000 ) ) ;
#1755 = CARTESIAN_POINT ( 'NONE',  ( -0.02186939994087903905, -2.500000000000000000, 2.263528765289108069 ) ) ;
#1756 = AXIS2_PLACEMENT_3D ( 'NONE', #5600, #627, #3098 ) ;
#1757 = FACE_OUTER_BOUND ( 'NONE', #6211, .T. ) ;
#1758 = VERTEX_POINT ( 'NONE', #7547 ) ;
#1759 = DIRECTION ( 'NONE',  ( -0.000000000000000000, 1.000000000000000000, -0.000000000000000000 ) ) ;
#1760 = SURFACE_STYLE_USAGE ( .BOTH. , #6149 ) ;
#1761 = FACE_OUTER_BOUND ( 'NONE', #3403, .T. ) ;
#1762 = PRESENTATION_STYLE_ASSIGNMENT (( #3537 ) ) ;
#1763 = LINE ( 'NONE', #1801, #6797 ) ;
#1764 =( LENGTH_UNIT ( ) NAMED_UNIT ( * ) SI_UNIT ( .MILLI., .METRE. ) );
#1765 = CARTESIAN_POINT ( 'NONE',  ( 2.632236038060014049, -2.400000000000000355, 1.811164499263358652 ) ) ;
#1766 = LINE ( 'NONE', #1179, #4311 ) ;
#1767 = LINE ( 'NONE', #3542, #7067 ) ;
#1768 = FACE_OUTER_BOUND ( 'NONE', #818, .T. ) ;
#1769 = CARTESIAN_POINT ( 'NONE',  ( 0.2103098290598290343, -2.500000000000000000, 1.985946681356837384 ) ) ;
#1770 = CARTESIAN_POINT ( 'NONE',  ( -0.02395666399572645572, -2.500000000000000000, 1.761538461538461497 ) ) ;
#1771 = CARTESIAN_POINT ( 'NONE',  ( -0.1290673389812787841, -2.499999999999999112, 2.247408435336165855 ) ) ;
#1772 = PRESENTATION_LAYER_ASSIGNMENT (  '', '', ( #3152 ) ) ;
#1773 = LINE ( 'NONE', #4192, #1461 ) ;
#1774 = EDGE_LOOP ( 'NONE', ( #1145, #1400 ) ) ;
#1775 = ORIENTED_EDGE ( 'NONE', *, *, #3683, .T. ) ;
#1776 = CARTESIAN_POINT ( 'NONE',  ( 0.2531829830928687963, -2.500000000000000000, 1.926610731711220881 ) ) ;
#1777 = MECHANICAL_DESIGN_GEOMETRIC_PRESENTATION_REPRESENTATION (  '', ( #4324 ), #4684 ) ;
#1778 = DIRECTION ( 'NONE',  ( 0.000000000000000000, 0.000000000000000000, -1.000000000000000000 ) ) ;
#1779 = CARTESIAN_POINT ( 'NONE',  ( -5.000000000000000000, -0.7027481342701399347, 2.750000000000000000 ) ) ;
#1780 = ADVANCED_FACE ( 'NONE', ( #1496 ), #5798, .F. ) ;
#1781 = CARTESIAN_POINT ( 'NONE',  ( 3.086085595711308915, -2.400000000000000355, 2.250000000000000000 ) ) ;
#1782 = ADVANCED_FACE ( 'NONE', ( #4428 ), #3819, .F. ) ;
#1783 = CARTESIAN_POINT ( 'NONE',  ( -0.1748160299989920952, -2.399999999999999911, 1.743782984508301936 ) ) ;
#1784 = AXIS2_PLACEMENT_3D ( 'NONE', #1004, #4694, #5959 ) ;
#1785 = ORIENTED_EDGE ( 'NONE', *, *, #7360, .F. ) ;
#1786 = ORIENTED_EDGE ( 'NONE', *, *, #6529, .T. ) ;
#1787 = CARTESIAN_POINT ( 'NONE',  ( 2.694985379901633671, -2.399999999999999911, 1.829694217808513379 ) ) ;
#1788 =( NAMED_UNIT ( * ) PLANE_ANGLE_UNIT ( ) SI_UNIT ( $, .RADIAN. ) );
#1789 = VECTOR ( 'NONE', #6623, 1000.000000000000000 ) ;
#1790 = FACE_OUTER_BOUND ( 'NONE', #7035, .T. ) ;
#1791 = EDGE_CURVE ( 'NONE', #815, #2380, #5371, .T. ) ;
#1792 = DIRECTION ( 'NONE',  ( -0.000000000000000000, 1.000000000000000000, -0.000000000000000000 ) ) ;
#1793 = DIRECTION ( 'NONE',  ( 0.000000000000000000, 0.000000000000000000, 1.000000000000000000 ) ) ;
#1794 = CARTESIAN_POINT ( 'NONE',  ( 0.1807016036277474536, -2.500000000000000444, 2.182355141866507697 ) ) ;
#1795 = ORIENTED_EDGE ( 'NONE', *, *, #4831, .F. ) ;
#1796 = SURFACE_STYLE_FILL_AREA ( #495 ) ;
#1797 = PLANE ( 'NONE',  #7439 ) ;
#1798 = EDGE_CURVE ( 'NONE', #4986, #4995, #2297, .T. ) ;
#1799 = CARTESIAN_POINT ( 'NONE',  ( 2.651709715877327511, -2.500000000000000000, 1.756721325761508190 ) ) ;
#1800 = EDGE_CURVE ( 'NONE', #5222, #328, #4133, .T. ) ;
#1801 = CARTESIAN_POINT ( 'NONE',  ( 0.03475739763404337573, -2.500000000000000000, -3.591119187505327659 ) ) ;
#1802 = AXIS2_PLACEMENT_3D ( 'NONE', #5422, #5338, #6708 ) ;
#1803 =( NAMED_UNIT ( * ) SI_UNIT ( $, .STERADIAN. ) SOLID_ANGLE_UNIT ( ) );
#1804 = CARTESIAN_POINT ( 'NONE',  ( 2.638331952401175240, -2.400000000000000355, 1.821320832821869740 ) ) ;
#1805 = FILL_AREA_STYLE ('',( #662 ) ) ;
#1806 = STYLED_ITEM ( 'NONE', ( #4486 ), #3624 ) ;
#1807 = PRESENTATION_STYLE_ASSIGNMENT (( #3018 ) ) ;
#1808 = FILL_AREA_STYLE_COLOUR ( '', #5149 ) ;
#1809 = PLANE ( 'NONE',  #1967 ) ;
#1810 = CARTESIAN_POINT ( 'NONE',  ( 0.1439296520011597857, -2.400000000000000799, 1.826556615186175181 ) ) ;
#1811 = PRESENTATION_STYLE_ASSIGNMENT (( #7269 ) ) ;
#1812 = DIRECTION ( 'NONE',  ( 0.000000000000000000, 1.000000000000000000, 0.000000000000000000 ) ) ;
#1813 = LINE ( 'NONE', #1731, #5666 ) ;
#1814 = COLOUR_RGB ( '',0.1843137254901960898, 0.7568627450980391913, 1.000000000000000000 ) ;
#1815 = ORIENTED_EDGE ( 'NONE', *, *, #175, .T. ) ;
#1816 = ORIENTED_EDGE ( 'NONE', *, *, #6652, .F. ) ;
#1817 = DIRECTION ( 'NONE',  ( 0.000000000000000000, 0.000000000000000000, -1.000000000000000000 ) ) ;
#1818 = FILL_AREA_STYLE_COLOUR ( '', #3737 ) ;
#1819 = CARTESIAN_POINT ( 'NONE',  ( 2.370552114129497401, -2.400000000000000799, 1.859338070843070678 ) ) ;
#1820 = DIRECTION ( 'NONE',  ( -1.000000000000000000, 0.000000000000000000, 0.000000000000000000 ) ) ;
#1821 =( NAMED_UNIT ( * ) PLANE_ANGLE_UNIT ( ) SI_UNIT ( $, .RADIAN. ) );
#1822 = CARTESIAN_POINT ( 'NONE',  ( -2.240000000000001101, -1.500000000000000000, 2.250000000000000000 ) ) ;
#1823 = ORIENTED_EDGE ( 'NONE', *, *, #5217, .F. ) ;
#1824 = DIRECTION ( 'NONE',  ( 0.000000000000000000, -0.000000000000000000, 1.000000000000000000 ) ) ;
#1825 = EDGE_CURVE ( 'NONE', #6817, #2724, #5208, .T. ) ;
#1826 = VERTEX_POINT ( 'NONE', #4769 ) ;
#1827 =( LENGTH_UNIT ( ) NAMED_UNIT ( * ) SI_UNIT ( .MILLI., .METRE. ) );
#1828 = SURFACE_STYLE_USAGE ( .BOTH. , #4801 ) ;
#1829 = CARTESIAN_POINT ( 'NONE',  ( 2.477579608168974268, -2.500000000000000444, 1.987577227425328941 ) ) ;
#1830 = LINE ( 'NONE', #3157, #3990 ) ;
#1831 = MECHANICAL_DESIGN_GEOMETRIC_PRESENTATION_REPRESENTATION (  '', ( #6538 ), #6786 ) ;
#1832 = EDGE_CURVE ( 'NONE', #6700, #4441, #2929, .T. ) ;
#1833 = EDGE_LOOP ( 'NONE', ( #3887, #7326, #47, #2534, #2839, #1240, #7455, #2767 ) ) ;
#1834 = AXIS2_PLACEMENT_3D ( 'NONE', #7613, #6210, #2607 ) ;
#1835 = COLOUR_RGB ( '',0.1843137254901960898, 0.7568627450980391913, 1.000000000000000000 ) ;
#1836 = PRESENTATION_STYLE_ASSIGNMENT (( #3728 ) ) ;
#1837 = CARTESIAN_POINT ( 'NONE',  ( -0.03358418873149144473, -2.499999999999999556, 1.761782765013450325 ) ) ;
#1838 = LINE ( 'NONE', #4263, #608 ) ;
#1839 = LINE ( 'NONE', #1099, #2722 ) ;
#1840 = STYLED_ITEM ( 'NONE', ( #3456 ), #5985 ) ;
#1841 = DIRECTION ( 'NONE',  ( 0.000000000000000000, 0.000000000000000000, 1.000000000000000000 ) ) ;
#1842 = CARTESIAN_POINT ( 'NONE',  ( 2.462619233819913322, -2.499999999999999556, 2.038514768414101841 ) ) ;
#1843 = AXIS2_PLACEMENT_3D ( 'NONE', #3054, #2004, #7420 ) ;
#1844 = VECTOR ( 'NONE', #3669, 1000.000000000000000 ) ;
#1845 = CARTESIAN_POINT ( 'NONE',  ( 2.663236821978520741, -2.400000000000000355, 1.769442673155927181 ) ) ;
#1846 = EDGE_CURVE ( 'NONE', #1090, #6851, #3609, .T. ) ;
#1847 = ADVANCED_FACE ( 'NONE', ( #3087 ), #3608, .F. ) ;
#1848 = PRESENTATION_LAYER_ASSIGNMENT (  '', '', ( #4623 ) ) ;
#1849 = SURFACE_SIDE_STYLE ('',( #583 ) ) ;
#1850 = SURFACE_STYLE_FILL_AREA ( #7303 ) ;
#1851 = CIRCLE ( 'NONE', #461, 0.6000685097690720005 ) ;
#1852 = CARTESIAN_POINT ( 'NONE',  ( 3.901230719150643012, -0.9004951481143084191, -2.149999999999999911 ) ) ;
#1853 = CARTESIAN_POINT ( 'NONE',  ( 0.1439296520011597857, -2.500000000000000444, 1.826556615186175181 ) ) ;
#1854 = FILL_AREA_STYLE_COLOUR ( '', #2822 ) ;
#1855 = PLANE ( 'NONE',  #7383 ) ;
#1856 = DIRECTION ( 'NONE',  ( -0.000000000000000000, -1.000000000000000000, -0.000000000000000000 ) ) ;
#1857 = VECTOR ( 'NONE', #3960, 1000.000000000000000 ) ;
#1858 = VERTEX_POINT ( 'NONE', #7293 ) ;
#1859 = MECHANICAL_DESIGN_GEOMETRIC_PRESENTATION_REPRESENTATION (  '', ( #2364 ), #3102 ) ;
#1860 = ORIENTED_EDGE ( 'NONE', *, *, #4549, .T. ) ;
#1861 = DIRECTION ( 'NONE',  ( -1.000000000000000000, 0.000000000000000000, 0.000000000000000000 ) ) ;
#1862 =( NAMED_UNIT ( * ) SI_UNIT ( $, .STERADIAN. ) SOLID_ANGLE_UNIT ( ) );
#1863 = PRESENTATION_LAYER_ASSIGNMENT (  '', '', ( #4765 ) ) ;
#1864 = CARTESIAN_POINT ( 'NONE',  ( 4.299999999999999822, -2.500000000000000000, 0.6000685097690720005 ) ) ;
#1865 = CARTESIAN_POINT ( 'NONE',  ( -0.1979201681242242217, -2.400000000000000355, 1.829327324817665801 ) ) ;
#1866 = CARTESIAN_POINT ( 'NONE',  ( 2.530247729700853210, -2.500000000000000000, 1.707264957264957195 ) ) ;
#1867 = EDGE_LOOP ( 'NONE', ( #3747, #7578, #2655, #4337 ) ) ;
#1868 = PRESENTATION_LAYER_ASSIGNMENT (  '', '', ( #5424 ) ) ;
#1869 = FILL_AREA_STYLE ('',( #3000 ) ) ;
#1870 = VERTEX_POINT ( 'NONE', #2544 ) ;
#1871 = CARTESIAN_POINT ( 'NONE',  ( 2.488145794133909572, -2.500000000000001332, 1.769305983394179993 ) ) ;
#1872 = FILL_AREA_STYLE_COLOUR ( '', #7091 ) ;
#1873 = DIRECTION ( 'NONE',  ( -0.000000000000000000, -1.000000000000000000, -0.000000000000000000 ) ) ;
#1874 = FACE_OUTER_BOUND ( 'NONE', #6768, .T. ) ;
#1875 = CARTESIAN_POINT ( 'NONE',  ( 2.418106119990975689, -2.399999999999998135, 1.874555084739255806 ) ) ;
#1876 = ADVANCED_FACE ( 'NONE', ( #1918 ), #4218, .F. ) ;
#1877 = UNCERTAINTY_MEASURE_WITH_UNIT (LENGTH_MEASURE( 1.000000000000000082E-05 ), #6321, 'distance_accuracy_value', 'NONE');
#1878 = STYLED_ITEM ( 'NONE', ( #791 ), #1780 ) ;
#1879 = VERTEX_POINT ( 'NONE', #3655 ) ;
#1880 =( LENGTH_UNIT ( ) NAMED_UNIT ( * ) SI_UNIT ( .MILLI., .METRE. ) );
#1881 = STYLED_ITEM ( 'NONE', ( #1836 ), #1876 ) ;
#1882 = DIRECTION ( 'NONE',  ( 1.000000000000000000, -0.000000000000000000, -0.000000000000000000 ) ) ;
#1883 = CARTESIAN_POINT ( 'NONE',  ( -5.000000000000000000, 0.000000000000000000, -2.250000000000000000 ) ) ;
#1884 = B_SPLINE_SURFACE_WITH_KNOTS ( 'NONE', 3, 1, ( 
 ( #6642, #4289 ),
 ( #6094, #33 ),
 ( #1191, #3072 ),
 ( #641, #605 ),
 ( #4239, #5446 ),
 ( #7882, #2419 ),
 ( #7279, #6725 ),
 ( #4833, #2491 ),
 ( #6686, #5576 ),
 ( #2455, #4879 ),
 ( #1238, #3675 ) ),
 .UNSPECIFIED., .F., .F., .F.,
 ( 4, 1, 1, 1, 1, 1, 1, 1, 4 ),
 ( 2, 2 ),
 ( 0.000000000000000000, 0.1285151895116612430, 0.2529486363526578518, 0.3747547340060046195, 0.4959397538670497485, 0.6171806414298925958, 0.7409094692781372782, 0.8678111481862026411, 1.000000000000000000 ),
 ( 0.000000000000000000, 1.000000000000000000 ),
 .UNSPECIFIED. ) ;
#1885 = CARTESIAN_POINT ( 'NONE',  ( -0.2162459935897435848, -2.500000000000000000, 2.121100427350427253 ) ) ;
#1886 = PRESENTATION_LAYER_ASSIGNMENT (  '', '', ( #109 ) ) ;
#1887 =( LENGTH_UNIT ( ) NAMED_UNIT ( * ) SI_UNIT ( .MILLI., .METRE. ) );
#1888 = CARTESIAN_POINT ( 'NONE',  ( 2.599168655274914475, -2.400000000000000355, 1.779461564940238549 ) ) ;
#1889 = LINE ( 'NONE', #4317, #6425 ) ;
#1890 = EDGE_CURVE ( 'NONE', #6879, #242, #4754, .T. ) ;
#1891 = LINE ( 'NONE', #3546, #6825 ) ;
#1892 = ORIENTED_EDGE ( 'NONE', *, *, #4748, .F. ) ;
#1893 = FILL_AREA_STYLE_COLOUR ( '', #183 ) ;
#1894 = PRESENTATION_STYLE_ASSIGNMENT (( #711 ) ) ;
#1895 = SURFACE_STYLE_USAGE ( .BOTH. , #4914 ) ;
#1896 = ORIENTED_EDGE ( 'NONE', *, *, #7538, .F. ) ;
#1897 = ORIENTED_EDGE ( 'NONE', *, *, #4171, .F. ) ;
#1898 = SURFACE_STYLE_USAGE ( .BOTH. , #69 ) ;
#1899 = CARTESIAN_POINT ( 'NONE',  ( 0.1430971256303192884, -2.500000000000000000, 2.145660952412253852 ) ) ;
#1900 = CARTESIAN_POINT ( 'NONE',  ( 4.576522435897437902, -0.9004951481143085301, -2.250000000000000000 ) ) ;
#1901 =( NAMED_UNIT ( * ) PLANE_ANGLE_UNIT ( ) SI_UNIT ( $, .RADIAN. ) );
#1902 = LINE ( 'NONE', #1353, #7593 ) ;
#1903 = EDGE_CURVE ( 'NONE', #2072, #6334, #2658, .T. ) ;
#1904 = CARTESIAN_POINT ( 'NONE',  ( -0.2577991452991452714, -2.500000000000000000, 1.817932024572649352 ) ) ;
#1905 = VERTEX_POINT ( 'NONE', #1404 ) ;
#1906 =( GEOMETRIC_REPRESENTATION_CONTEXT ( 3 ) GLOBAL_UNCERTAINTY_ASSIGNED_CONTEXT ( ( #3459 ) ) GLOBAL_UNIT_ASSIGNED_CONTEXT ( ( #2015, #2523, #4506 ) ) REPRESENTATION_CONTEXT ( 'NONE', 'WORKASPACE' ) );
#1907 = VERTEX_POINT ( 'NONE', #1442 ) ;
#1908 = CARTESIAN_POINT ( 'NONE',  ( -2.240000000000001101, -1.000000000000000000, 2.250000000000000000 ) ) ;
#1909 = ORIENTED_EDGE ( 'NONE', *, *, #4558, .F. ) ;
#1910 = CARTESIAN_POINT ( 'NONE',  ( 0.08282888744938250725, -2.400000000000000355, 2.245804745943690506 ) ) ;
#1911 = CARTESIAN_POINT ( 'NONE',  ( -0.2544549849167421773, -2.500000000000000000, 2.156897900133565305 ) ) ;
#1912 = CARTESIAN_POINT ( 'NONE',  ( 2.442294309320563350, -2.399999999999998135, 1.943731255309914863 ) ) ;
#1913 =( NAMED_UNIT ( * ) PLANE_ANGLE_UNIT ( ) SI_UNIT ( $, .RADIAN. ) );
#1914 = STYLED_ITEM ( 'NONE', ( #1807 ), #198 ) ;
#1915 = ORIENTED_EDGE ( 'NONE', *, *, #4124, .F. ) ;
#1916 = EDGE_LOOP ( 'NONE', ( #2222, #4478, #2159, #7353 ) ) ;
#1917 = STYLED_ITEM ( 'NONE', ( #1894 ), #3081 ) ;
#1918 = FACE_OUTER_BOUND ( 'NONE', #7075, .T. ) ;
#1919 = CARTESIAN_POINT ( 'NONE',  ( -4.299999999999999822, -2.366666666666666696, 0.6000685097690720005 ) ) ;
#1920 = PRESENTATION_STYLE_ASSIGNMENT (( #7386 ) ) ;
#1921 = CARTESIAN_POINT ( 'NONE',  ( -4.299999999999999822, -2.500000000000000000, -4.349502369265499566E-17 ) ) ;
#1922 = DIRECTION ( 'NONE',  ( 0.000000000000000000, 0.000000000000000000, 1.000000000000000000 ) ) ;
#1923 = DIRECTION ( 'NONE',  ( 0.000000000000000000, -0.000000000000000000, -1.000000000000000000 ) ) ;
#1924 = DIRECTION ( 'NONE',  ( -0.000000000000000000, -1.000000000000000000, -0.000000000000000000 ) ) ;
#1925 =( NAMED_UNIT ( * ) PLANE_ANGLE_UNIT ( ) SI_UNIT ( $, .RADIAN. ) );
#1926 = VECTOR ( 'NONE', #7248, 1000.000000000000000 ) ;
#1927 = PLANE ( 'NONE',  #7819 ) ;
#1928 = VECTOR ( 'NONE', #609, 1000.000000000000000 ) ;
#1929 = DIRECTION ( 'NONE',  ( -0.000000000000000000, -1.000000000000000000, -0.000000000000000000 ) ) ;
#1930 = LINE ( 'NONE', #5604, #2243 ) ;
#1931 =( NAMED_UNIT ( * ) PLANE_ANGLE_UNIT ( ) SI_UNIT ( $, .RADIAN. ) );
#1932 =( NAMED_UNIT ( * ) SI_UNIT ( $, .STERADIAN. ) SOLID_ANGLE_UNIT ( ) );
#1933 = DIRECTION ( 'NONE',  ( -1.000000000000000000, 0.000000000000000000, 0.000000000000000000 ) ) ;
#1934 = ORIENTED_EDGE ( 'NONE', *, *, #521, .F. ) ;
#1935 = MECHANICAL_DESIGN_GEOMETRIC_PRESENTATION_REPRESENTATION (  '', ( #941 ), #1561 ) ;
#1936 = EDGE_CURVE ( 'NONE', #6087, #2690, #7539, .T. ) ;
#1937 = DIRECTION ( 'NONE',  ( 0.000000000000000000, 1.000000000000000000, 0.000000000000000000 ) ) ;
#1938 = FILL_AREA_STYLE_COLOUR ( '', #7532 ) ;
#1939 = EDGE_CURVE ( 'NONE', #4378, #1905, #905, .T. ) ;
#1940 = SURFACE_STYLE_USAGE ( .BOTH. , #4403 ) ;
#1941 = CARTESIAN_POINT ( 'NONE',  ( 0.2577991452991452714, -2.400000000000000355, 1.982342581463675257 ) ) ;
#1942 = DIRECTION ( 'NONE',  ( 0.000000000000000000, 0.000000000000000000, -1.000000000000000000 ) ) ;
#1943 = CIRCLE ( 'NONE', #682, 0.6685684054278679955 ) ;
#1944 = CARTESIAN_POINT ( 'NONE',  ( -0.2144468597100274709, -2.499999999999999556, 1.771156477340314117 ) ) ;
#1945 = EDGE_LOOP ( 'NONE', ( #2456, #1271, #1422, #1359 ) ) ;
#1946 = ORIENTED_EDGE ( 'NONE', *, *, #6573, .F. ) ;
#1947 =( NAMED_UNIT ( * ) SI_UNIT ( $, .STERADIAN. ) SOLID_ANGLE_UNIT ( ) );
#1948 = VERTEX_POINT ( 'NONE', #4488 ) ;
#1949 = ADVANCED_FACE ( 'NONE', ( #2037 ), #5792, .T. ) ;
#1950 = EDGE_CURVE ( 'NONE', #4450, #5815, #7580, .T. ) ;
#1951 = CARTESIAN_POINT ( 'NONE',  ( 0.1588128510079115652, -2.400000000000000799, 2.202585129899107486 ) ) ;
#1952 = FACE_OUTER_BOUND ( 'NONE', #1833, .T. ) ;
#1953 = FILL_AREA_STYLE ('',( #3284 ) ) ;
#1954 =( GEOMETRIC_REPRESENTATION_CONTEXT ( 3 ) GLOBAL_UNCERTAINTY_ASSIGNED_CONTEXT ( ( #2547 ) ) GLOBAL_UNIT_ASSIGNED_CONTEXT ( ( #6153, #4727, #1803 ) ) REPRESENTATION_CONTEXT ( 'NONE', 'WORKASPACE' ) );
#1955 = PRESENTATION_STYLE_ASSIGNMENT (( #6808 ) ) ;
#1956 = UNCERTAINTY_MEASURE_WITH_UNIT (LENGTH_MEASURE( 1.000000000000000082E-05 ), #5172, 'distance_accuracy_value', 'NONE');
#1957 = ORIENTED_EDGE ( 'NONE', *, *, #2995, .F. ) ;
#1958 = CARTESIAN_POINT ( 'NONE',  ( 0.1267165184313454040, -1.500000000000000000, 7.750000000000000000 ) ) ;
#1959 = VERTEX_POINT ( 'NONE', #5715 ) ;
#1960 = CARTESIAN_POINT ( 'NONE',  ( 2.466726523132978688, -2.499999999999999556, 1.975033816364070605 ) ) ;
#1961 = LINE ( 'NONE', #4382, #6215 ) ;
#1962 = AXIS2_PLACEMENT_3D ( 'NONE', #5306, #3949, #4058 ) ;
#1963 =( LENGTH_UNIT ( ) NAMED_UNIT ( * ) SI_UNIT ( .MILLI., .METRE. ) );
#1964 = LINE ( 'NONE', #3693, #5034 ) ;
#1965 = CARTESIAN_POINT ( 'NONE',  ( 3.086085595711308915, -2.500000000000000000, 1.630485880782381436 ) ) ;
#1966 = PRESENTATION_STYLE_ASSIGNMENT (( #215 ) ) ;
#1967 = AXIS2_PLACEMENT_3D ( 'NONE', #7826, #2864, #6081 ) ;
#1968 = LINE ( 'NONE', #1378, #6757 ) ;
#1969 = PRESENTATION_LAYER_ASSIGNMENT (  '', '', ( #5532 ) ) ;
#1970 = DIRECTION ( 'NONE',  ( -1.000000000000000000, -0.000000000000000000, 2.597646155777628234E-16 ) ) ;
#1971 = DIRECTION ( 'NONE',  ( -0.000000000000000000, -0.000000000000000000, 1.000000000000000000 ) ) ;
#1972 = COLOUR_RGB ( '',0.8313725490196077761, 0.8313725490196077761, 0.8196078431372548767 ) ;
#1973 = VECTOR ( 'NONE', #5419, 1000.000000000000000 ) ;
#1974 = SURFACE_SIDE_STYLE ('',( #6830 ) ) ;
#1975 = CARTESIAN_POINT ( 'NONE',  ( 0.000000000000000000, -2.500000000000000000, 0.000000000000000000 ) ) ;
#1976 = STYLED_ITEM ( 'NONE', ( #968 ), #928 ) ;
#1977 = EDGE_CURVE ( 'NONE', #3875, #6273, #4380, .T. ) ;
#1978 = ORIENTED_EDGE ( 'NONE', *, *, #3090, .F. ) ;
#1979 = PRESENTATION_LAYER_ASSIGNMENT (  '', '', ( #4254 ) ) ;
#1980 = CARTESIAN_POINT ( 'NONE',  ( 5.000000000000000000, 0.000000000000000000, 2.250000000000000000 ) ) ;
#1981 = CARTESIAN_POINT ( 'NONE',  ( 0.2064160190363833192, -2.500000000000000000, 2.031618673597719749 ) ) ;
#1982 = VECTOR ( 'NONE', #2598, 1000.000000000000000 ) ;
#1983 = FILL_AREA_STYLE_COLOUR ( '', #2355 ) ;
#1984 = DIRECTION ( 'NONE',  ( 0.000000000000000000, 1.000000000000000000, -4.336808689942018229E-16 ) ) ;
#1985 =( GEOMETRIC_REPRESENTATION_CONTEXT ( 3 ) GLOBAL_UNCERTAINTY_ASSIGNED_CONTEXT ( ( #5571 ) ) GLOBAL_UNIT_ASSIGNED_CONTEXT ( ( #1119, #3523, #1745 ) ) REPRESENTATION_CONTEXT ( 'NONE', 'WORKASPACE' ) );
#1986 = CARTESIAN_POINT ( 'NONE',  ( 2.370395299145298118, -2.400000000000000799, 1.864573317307692379 ) ) ;
#1987 = EDGE_CURVE ( 'NONE', #2759, #1645, #2944, .T. ) ;
#1988 = STYLED_ITEM ( 'NONE', ( #1417 ), #5089 ) ;
#1989 = AXIS2_PLACEMENT_3D ( 'NONE', #2251, #5184, #1657 ) ;
#1990 = ORIENTED_EDGE ( 'NONE', *, *, #6763, .T. ) ;
#1991 = ORIENTED_EDGE ( 'NONE', *, *, #4941, .T. ) ;
#1992 = FILL_AREA_STYLE ('',( #7444 ) ) ;
#1993 = EDGE_LOOP ( 'NONE', ( #4710, #2507, #5971, #3916 ) ) ;
#1994 = CARTESIAN_POINT ( 'NONE',  ( 0.06790526839857598251, -2.500000000000000444, 2.250644964554241234 ) ) ;
#1995 =( NAMED_UNIT ( * ) PLANE_ANGLE_UNIT ( ) SI_UNIT ( $, .RADIAN. ) );
#1996 = CARTESIAN_POINT ( 'NONE',  ( -2.839999999999999858, -1.000000000000000000, 7.281332158035501045 ) ) ;
#1997 = SURFACE_STYLE_FILL_AREA ( #7335 ) ;
#1998 = CIRCLE ( 'NONE', #6328, 0.6000685097690720005 ) ;
#1999 = EDGE_CURVE ( 'NONE', #6620, #4674, #4922, .T. ) ;
#2000 = ORIENTED_EDGE ( 'NONE', *, *, #3844, .T. ) ;
#2001 = EDGE_LOOP ( 'NONE', ( #3106, #2957, #2354, #837 ) ) ;
#2002 = CARTESIAN_POINT ( 'NONE',  ( 2.406096811670702884, -2.400000000000000355, 1.970174012709384748 ) ) ;
#2003 = DIRECTION ( 'NONE',  ( 0.000000000000000000, -1.000000000000000000, 0.000000000000000000 ) ) ;
#2004 = DIRECTION ( 'NONE',  ( -1.000000000000000000, 0.000000000000000000, 0.000000000000000000 ) ) ;
#2005 = UNCERTAINTY_MEASURE_WITH_UNIT (LENGTH_MEASURE( 1.000000000000000082E-05 ), #1377, 'distance_accuracy_value', 'NONE');
#2006 = LINE ( 'NONE', #701, #2860 ) ;
#2007 = VECTOR ( 'NONE', #1759, 1000.000000000000000 ) ;
#2008 = LINE ( 'NONE', #6317, #6257 ) ;
#2009 =( LENGTH_UNIT ( ) NAMED_UNIT ( * ) SI_UNIT ( .MILLI., .METRE. ) );
#2010 = PRESENTATION_LAYER_ASSIGNMENT (  '', '', ( #1881 ) ) ;
#2011 = CARTESIAN_POINT ( 'NONE',  ( 2.643743234056711078, -2.500000000000000444, 1.832148512038424437 ) ) ;
#2012 = FILL_AREA_STYLE_COLOUR ( '', #4613 ) ;
#2013 = CARTESIAN_POINT ( 'NONE',  ( 0.2103098290598290343, -2.500000000000000000, 1.985946681356837384 ) ) ;
#2014 = CARTESIAN_POINT ( 'NONE',  ( -2.671366323237657880, -1.000000000000000000, 7.750000000000000000 ) ) ;
#2015 =( LENGTH_UNIT ( ) NAMED_UNIT ( * ) SI_UNIT ( .MILLI., .METRE. ) );
#2016 = DIRECTION ( 'NONE',  ( 0.000000000000000000, 0.000000000000000000, 1.000000000000000000 ) ) ;
#2017 = VECTOR ( 'NONE', #6196, 999.9999999999998863 ) ;
#2018 = ORIENTED_EDGE ( 'NONE', *, *, #2306, .F. ) ;
#2019 =( NAMED_UNIT ( * ) SI_UNIT ( $, .STERADIAN. ) SOLID_ANGLE_UNIT ( ) );
#2020 = CARTESIAN_POINT ( 'NONE',  ( 0.2101186067088585130, -2.400000000000000355, 1.993767789897676002 ) ) ;
#2021 = CARTESIAN_POINT ( 'NONE',  ( 0.05899202505172305294, -2.399999999999999467, 1.717887426620002378 ) ) ;
#2022 = SURFACE_STYLE_FILL_AREA ( #2684 ) ;
#2023 = DIRECTION ( 'NONE',  ( -0.000000000000000000, -1.000000000000000000, -0.000000000000000000 ) ) ;
#2024 = CARTESIAN_POINT ( 'NONE',  ( 2.425739397123529262, -2.500000000000000000, 1.742895607158566840 ) ) ;
#2025 = ORIENTED_EDGE ( 'NONE', *, *, #2237, .T. ) ;
#2026 = VECTOR ( 'NONE', #4053, 1000.000000000000000 ) ;
#2027 = VERTEX_POINT ( 'NONE', #4640 ) ;
#2028 = ORIENTED_EDGE ( 'NONE', *, *, #4282, .F. ) ;
#2029 = EDGE_CURVE ( 'NONE', #2375, #6490, #5203, .T. ) ;
#2030 = CARTESIAN_POINT ( 'NONE',  ( 0.1873543905253103881, -2.500000000000000000, 2.174817562849269414 ) ) ;
#2031 = CARTESIAN_POINT ( 'NONE',  ( -0.2477826824912451598, -2.400000000000000355, 2.165506433816382970 ) ) ;
#2032 = DIRECTION ( 'NONE',  ( 0.000000000000000000, -0.000000000000000000, 1.000000000000000000 ) ) ;
#2033 = CARTESIAN_POINT ( 'NONE',  ( 2.702820512820511833, -2.500000000000000000, 1.883653846153846123 ) ) ;
#2034 = EDGE_LOOP ( 'NONE', ( #4067, #1629, #5091, #419 ) ) ;
#2035 = FACE_OUTER_BOUND ( 'NONE', #4895, .T. ) ;
#2036 = VERTEX_POINT ( 'NONE', #1081 ) ;
#2037 = FACE_OUTER_BOUND ( 'NONE', #2001, .T. ) ;
#2038 = COLOUR_RGB ( '',0.8313725490196077761, 0.8313725490196077761, 0.8196078431372548767 ) ;
#2039 = ADVANCED_FACE ( 'NONE', ( #2196 ), #485, .T. ) ;
#2040 = ORIENTED_EDGE ( 'NONE', *, *, #6380, .F. ) ;
#2041 = DIRECTION ( 'NONE',  ( -0.000000000000000000, -0.000000000000000000, 1.000000000000000000 ) ) ;
#2042 = SURFACE_STYLE_FILL_AREA ( #2162 ) ;
#2043 = CARTESIAN_POINT ( 'NONE',  ( -4.135872885735895288, -0.7027481342701399347, 2.750000000000000000 ) ) ;
#2044 =( NAMED_UNIT ( * ) PLANE_ANGLE_UNIT ( ) SI_UNIT ( $, .RADIAN. ) );
#2045 = CARTESIAN_POINT ( 'NONE',  ( 0.000000000000000000, 0.000000000000000000, 0.000000000000000000 ) ) ;
#2046 = UNCERTAINTY_MEASURE_WITH_UNIT (LENGTH_MEASURE( 1.000000000000000082E-05 ), #1056, 'distance_accuracy_value', 'NONE');
#2047 = COLOUR_RGB ( '',0.1843137254901960898, 0.7568627450980391913, 1.000000000000000000 ) ;
#2048 = CARTESIAN_POINT ( 'NONE',  ( -1.722883656246370299, 0.000000000000000000, -1.447028670344146617 ) ) ;
#2049 = DIRECTION ( 'NONE',  ( -1.000000000000000000, 0.000000000000000000, 0.000000000000000000 ) ) ;
#2050 = VERTEX_POINT ( 'NONE', #2881 ) ;
#2051 = LINE ( 'NONE', #2087, #5940 ) ;
#2052 = CARTESIAN_POINT ( 'NONE',  ( 2.654876722198234340, -2.500000000000000000, 1.878944637123165284 ) ) ;
#2053 = DIRECTION ( 'NONE',  ( 0.000000000000000000, 0.000000000000000000, 1.000000000000000000 ) ) ;
#2054 =( NAMED_UNIT ( * ) PLANE_ANGLE_UNIT ( ) SI_UNIT ( $, .RADIAN. ) );
#2055 = DIRECTION ( 'NONE',  ( 0.9409429035988073897, 0.000000000000000000, -0.3385652849408008480 ) ) ;
#2056 = FACE_BOUND ( 'NONE', #2841, .T. ) ;
#2057 = UNCERTAINTY_MEASURE_WITH_UNIT (LENGTH_MEASURE( 1.000000000000000082E-05 ), #5397, 'distance_accuracy_value', 'NONE');
#2058 = EDGE_LOOP ( 'NONE', ( #5195, #3581, #6561, #7186 ) ) ;
#2059 = AXIS2_PLACEMENT_3D ( 'NONE', #158, #6214, #120 ) ;
#2060 = LINE ( 'NONE', #3228, #1982 ) ;
#2061 = COLOUR_RGB ( '',0.8313725490196077761, 0.8313725490196077761, 0.8196078431372548767 ) ;
#2062 = CARTESIAN_POINT ( 'NONE',  ( -0.01885801388626712205, -2.499999999999999112, 2.209138387967300332 ) ) ;
#2063 =( NAMED_UNIT ( * ) PLANE_ANGLE_UNIT ( ) SI_UNIT ( $, .RADIAN. ) );
#2064 = PRESENTATION_STYLE_ASSIGNMENT (( #2642 ) ) ;
#2065 = CLOSED_SHELL ( 'NONE', ( #1611, #323, #2429, #2133, #6811, #2834, #1037, #831 ) ) ;
#2066 = SURFACE_STYLE_USAGE ( .BOTH. , #7436 ) ;
#2067 = DIRECTION ( 'NONE',  ( 0.000000000000000000, 0.000000000000000000, 1.000000000000000000 ) ) ;
#2068 = PRESENTATION_LAYER_ASSIGNMENT (  '', '', ( #6513 ) ) ;
#2069 = ORIENTED_EDGE ( 'NONE', *, *, #6422, .F. ) ;
#2070 = ORIENTED_EDGE ( 'NONE', *, *, #1148, .T. ) ;
#2071 = CARTESIAN_POINT ( 'NONE',  ( -0.05466377833075674458, -2.400000000000000355, 2.208536998948576802 ) ) ;
#2072 = VERTEX_POINT ( 'NONE', #4677 ) ;
#2073 = CARTESIAN_POINT ( 'NONE',  ( -0.1290673389812787841, -2.399999999999999023, 2.247408435336165855 ) ) ;
#2074 = CARTESIAN_POINT ( 'NONE',  ( -2.540000000000000480, -2.400000000000000355, 1.347630107884207229 ) ) ;
#2075 = EDGE_CURVE ( 'NONE', #6734, #7445, #6859, .T. ) ;
#2076 = ORIENTED_EDGE ( 'NONE', *, *, #7143, .F. ) ;
#2077 = VERTEX_POINT ( 'NONE', #5974 ) ;
#2078 = CARTESIAN_POINT ( 'NONE',  ( 2.428231660998113828, -2.499999999999999112, 1.919243336423911206 ) ) ;
#2079 = FILL_AREA_STYLE ('',( #943 ) ) ;
#2080 = PLANE ( 'NONE',  #981 ) ;
#2081 = ORIENTED_EDGE ( 'NONE', *, *, #5746, .T. ) ;
#2082 = CARTESIAN_POINT ( 'NONE',  ( 5.000000000000000000, -2.500000000000000000, -2.250000000000000000 ) ) ;
#2083 = DIRECTION ( 'NONE',  ( -4.357405118688743600E-15, -1.000000000000000000, -3.633999576981317006E-13 ) ) ;
#2084 = EDGE_CURVE ( 'NONE', #3290, #1645, #2302, .T. ) ;
#2085 =( GEOMETRIC_REPRESENTATION_CONTEXT ( 3 ) GLOBAL_UNCERTAINTY_ASSIGNED_CONTEXT ( ( #2848 ) ) GLOBAL_UNIT_ASSIGNED_CONTEXT ( ( #1503, #3180, #7469 ) ) REPRESENTATION_CONTEXT ( 'NONE', 'WORKASPACE' ) );
#2086 = CARTESIAN_POINT ( 'NONE',  ( 2.839999999999999858, -1.000000000000000000, 2.250000000000000000 ) ) ;
#2087 = CARTESIAN_POINT ( 'NONE',  ( 0.3000000000000003775, -1.000000000000000000, 7.268409389428597045 ) ) ;
#2088 =( NAMED_UNIT ( * ) PLANE_ANGLE_UNIT ( ) SI_UNIT ( $, .RADIAN. ) );
#2089 = CARTESIAN_POINT ( 'NONE',  ( 2.544953899148049370, -2.499999999999999556, 1.761846130055314763 ) ) ;
#2090 = CARTESIAN_POINT ( 'NONE',  ( 3.823477564102566451, -0.9004951481143085301, -2.250000000000000000 ) ) ;
#2091 = LINE ( 'NONE', #4503, #3243 ) ;
#2092 = FILL_AREA_STYLE ('',( #6324 ) ) ;
#2093 = PRESENTATION_LAYER_ASSIGNMENT (  '', '', ( #1328 ) ) ;
#2094 = ADVANCED_FACE ( 'NONE', ( #525 ), #6015, .T. ) ;
#2095 = EDGE_CURVE ( 'NONE', #7078, #3037, #1286, .T. ) ;
#2096 = CARTESIAN_POINT ( 'NONE',  ( 0.2999999999999999334, -1.500000000000000000, 2.250000000000000000 ) ) ;
#2097 =( GEOMETRIC_REPRESENTATION_CONTEXT ( 3 ) GLOBAL_UNCERTAINTY_ASSIGNED_CONTEXT ( ( #335 ) ) GLOBAL_UNIT_ASSIGNED_CONTEXT ( ( #883, #5027, #145 ) ) REPRESENTATION_CONTEXT ( 'NONE', 'WORKASPACE' ) );
#2098 = CARTESIAN_POINT ( 'NONE',  ( 1.993914404288690490, -2.500000000000000000, 1.630485880782381436 ) ) ;
#2099 = FILL_AREA_STYLE_COLOUR ( '', #4389 ) ;
#2100 = SURFACE_STYLE_FILL_AREA ( #1621 ) ;
#2101 =( LENGTH_UNIT ( ) NAMED_UNIT ( * ) SI_UNIT ( .MILLI., .METRE. ) );
#2102 = AXIS2_PLACEMENT_3D ( 'NONE', #3732, #4262, #3130 ) ;
#2103 =( GEOMETRIC_REPRESENTATION_CONTEXT ( 3 ) GLOBAL_UNCERTAINTY_ASSIGNED_CONTEXT ( ( #2200 ) ) GLOBAL_UNIT_ASSIGNED_CONTEXT ( ( #3343, #2142, #3978 ) ) REPRESENTATION_CONTEXT ( 'NONE', 'WORKASPACE' ) );
#2104 = LINE ( 'NONE', #2753, #5551 ) ;
#2105 = SURFACE_SIDE_STYLE ('',( #2022 ) ) ;
#2106 = DIRECTION ( 'NONE',  ( 0.000000000000000000, -1.000000000000000000, 0.000000000000000000 ) ) ;
#2107 = CARTESIAN_POINT ( 'NONE',  ( 2.480534708646548570, -2.500000000000000000, 1.713508735292704754 ) ) ;
#2108 = STYLED_ITEM ( 'NONE', ( #5139 ), #5926 ) ;
#2109 =( GEOMETRIC_REPRESENTATION_CONTEXT ( 3 ) GLOBAL_UNCERTAINTY_ASSIGNED_CONTEXT ( ( #7645 ) ) GLOBAL_UNIT_ASSIGNED_CONTEXT ( ( #7642, #1659, #307 ) ) REPRESENTATION_CONTEXT ( 'NONE', 'WORKASPACE' ) );
#2110 = EDGE_LOOP ( 'NONE', ( #853, #1704, #452, #6840, #4666, #7729, #6956, #6752, #5113, #2621, #3680 ) ) ;
#2111 = CIRCLE ( 'NONE', #2837, 0.2394398982144593790 ) ;
#2112 = VECTOR ( 'NONE', #7239, 999.9999999999998863 ) ;
#2113 = VERTEX_POINT ( 'NONE', #6102 ) ;
#2114 = ORIENTED_EDGE ( 'NONE', *, *, #532, .F. ) ;
#2115 = VECTOR ( 'NONE', #4680, 1000.000000000000000 ) ;
#2116 = DIRECTION ( 'NONE',  ( 0.000000000000000000, 0.000000000000000000, 1.000000000000000000 ) ) ;
#2117 = AXIS2_PLACEMENT_3D ( 'NONE', #5345, #4100, #4732 ) ;
#2118 = VECTOR ( 'NONE', #7364, 1000.000000000000000 ) ;
#2119 = DIRECTION ( 'NONE',  ( -0.000000000000000000, -0.000000000000000000, 1.000000000000000000 ) ) ;
#2120 = ORIENTED_EDGE ( 'NONE', *, *, #4442, .F. ) ;
#2121 = AXIS2_PLACEMENT_3D ( 'NONE', #2175, #4579, #889 ) ;
#2122 = DIRECTION ( 'NONE',  ( -1.000000000000000000, 0.000000000000000000, 0.000000000000000000 ) ) ;
#2123 = ORIENTED_EDGE ( 'NONE', *, *, #6268, .F. ) ;
#2124 = COLOUR_RGB ( '',0.1843137254901960898, 0.7568627450980391913, 1.000000000000000000 ) ;
#2125 = EDGE_CURVE ( 'NONE', #2505, #5200, #4165, .T. ) ;
#2126 =( GEOMETRIC_REPRESENTATION_CONTEXT ( 3 ) GLOBAL_UNCERTAINTY_ASSIGNED_CONTEXT ( ( #3864 ) ) GLOBAL_UNIT_ASSIGNED_CONTEXT ( ( #6836, #6285, #3186 ) ) REPRESENTATION_CONTEXT ( 'NONE', 'WORKASPACE' ) );
#2127 = FACE_OUTER_BOUND ( 'NONE', #7618, .T. ) ;
#2128 = CARTESIAN_POINT ( 'NONE',  ( 2.655331196581195208, -2.400000000000000355, 1.883653846153846123 ) ) ;
#2129 = UNCERTAINTY_MEASURE_WITH_UNIT (LENGTH_MEASURE( 1.000000000000000082E-05 ), #2588, 'distance_accuracy_value', 'NONE');
#2130 = SURFACE_STYLE_FILL_AREA ( #5720 ) ;
#2131 = VECTOR ( 'NONE', #6191, 1000.000000000000227 ) ;
#2132 =( NAMED_UNIT ( * ) PLANE_ANGLE_UNIT ( ) SI_UNIT ( $, .RADIAN. ) );
#2133 = ADVANCED_FACE ( 'NONE', ( #691 ), #648, .F. ) ;
#2134 = DIRECTION ( 'NONE',  ( -1.000000000000000000, 0.000000000000000000, 0.000000000000000000 ) ) ;
#2135 = VECTOR ( 'NONE', #5133, 1000.000000000000000 ) ;
#2136 = PLANE ( 'NONE',  #7833 ) ;
#2137 = FILL_AREA_STYLE_COLOUR ( '', #3497 ) ;
#2138 = PLANE ( 'NONE',  #4615 ) ;
#2139 = FILL_AREA_STYLE_COLOUR ( '', #5071 ) ;
#2140 = DIRECTION ( 'NONE',  ( 1.000000000000000000, 0.000000000000000000, -0.000000000000000000 ) ) ;
#2141 = AXIS2_PLACEMENT_3D ( 'NONE', #7382, #5590, #1253 ) ;
#2142 =( NAMED_UNIT ( * ) PLANE_ANGLE_UNIT ( ) SI_UNIT ( $, .RADIAN. ) );
#2143 = FILL_AREA_STYLE_COLOUR ( '', #3032 ) ;
#2144 = DIRECTION ( 'NONE',  ( -0.000000000000000000, -1.000000000000000000, -0.000000000000000000 ) ) ;
#2145 = PRESENTATION_STYLE_ASSIGNMENT (( #7605 ) ) ;
#2146 = CARTESIAN_POINT ( 'NONE',  ( 2.430735214541067002, -2.399999999999999467, 1.818541180706042093 ) ) ;
#2147 = PRESENTATION_STYLE_ASSIGNMENT (( #5264 ) ) ;
#2148 = CARTESIAN_POINT ( 'NONE',  ( 2.395172242805964302, -2.500000000000000444, 1.778422112744030281 ) ) ;
#2149 = ORIENTED_EDGE ( 'NONE', *, *, #6573, .T. ) ;
#2150 = ORIENTED_EDGE ( 'NONE', *, *, #6624, .F. ) ;
#2151 =( NAMED_UNIT ( * ) SI_UNIT ( $, .STERADIAN. ) SOLID_ANGLE_UNIT ( ) );
#2152 = STYLED_ITEM ( 'NONE', ( #7333 ), #2526 ) ;
#2153 = ORIENTED_EDGE ( 'NONE', *, *, #4908, .T. ) ;
#2154 = B_SPLINE_SURFACE_WITH_KNOTS ( 'NONE', 3, 1, ( 
 ( #7059, #4181 ),
 ( #660, #6116 ),
 ( #5467, #7173 ),
 ( #2438, #3059 ),
 ( #2894, #6590 ),
 ( #7785, #4139 ),
 ( #7348, #2320 ),
 ( #6710, #5511 ),
 ( #4225, #6628 ),
 ( #1176, #1722 ),
 ( #6741, #3573 ),
 ( #624, #56 ),
 ( #1842, #6662 ),
 ( #6028, #3616 ),
 ( #3696, #4774 ) ),
 .UNSPECIFIED., .F., .F., .F.,
 ( 4, 1, 1, 1, 1, 1, 1, 1, 1, 1, 1, 1, 4 ),
 ( 2, 2 ),
 ( 0.000000000000000000, 0.09870137488637069356, 0.1956706803858563326, 0.2924199929089608685, 0.3913392869674683361, 0.4444587417649342731, 0.5042245791547477207, 0.5703475914063536045, 0.6429138259794819898, 0.7222898165239616253, 0.8079227212022496163, 0.9004703662977913137, 1.000000000000000000 ),
 ( 0.000000000000000000, 1.000000000000000000 ),
 .UNSPECIFIED. ) ;
#2155 = EDGE_CURVE ( 'NONE', #5814, #1746, #3684, .T. ) ;
#2156 = CARTESIAN_POINT ( 'NONE',  ( 0.2319668531582894655, -2.499999999999999556, 2.108026805079042276 ) ) ;
#2157 = CARTESIAN_POINT ( 'NONE',  ( -2.540000000000000480, -2.500000000000000000, 0.5137037129227551846 ) ) ;
#2158 = VERTEX_POINT ( 'NONE', #4887 ) ;
#2159 = ORIENTED_EDGE ( 'NONE', *, *, #2075, .T. ) ;
#2160 =( NAMED_UNIT ( * ) PLANE_ANGLE_UNIT ( ) SI_UNIT ( $, .RADIAN. ) );
#2161 = PRESENTATION_LAYER_ASSIGNMENT (  '', '', ( #2529 ) ) ;
#2162 = FILL_AREA_STYLE ('',( #6309 ) ) ;
#2163 = UNCERTAINTY_MEASURE_WITH_UNIT (LENGTH_MEASURE( 1.000000000000000082E-05 ), #5386, 'distance_accuracy_value', 'NONE');
#2164 = DIRECTION ( 'NONE',  ( 1.000000000000000000, 0.000000000000000000, 0.000000000000000000 ) ) ;
#2165 = DIRECTION ( 'NONE',  ( 0.000000000000000000, -1.000000000000000000, 0.000000000000000000 ) ) ;
#2166 = CARTESIAN_POINT ( 'NONE',  ( 2.435095860050272343, -2.400000000000000799, 1.932712522558078572 ) ) ;
#2167 = SURFACE_STYLE_FILL_AREA ( #7054 ) ;
#2168 = DIRECTION ( 'NONE',  ( -1.000000000000000000, 0.000000000000000000, 0.000000000000000000 ) ) ;
#2169 = LINE ( 'NONE', #7600, #774 ) ;
#2170 = VECTOR ( 'NONE', #5046, 1000.000000000000000 ) ;
#2171 = EDGE_CURVE ( 'NONE', #5901, #3818, #5435, .T. ) ;
#2172 = PRESENTATION_STYLE_ASSIGNMENT (( #3305 ) ) ;
#2173 = VECTOR ( 'NONE', #4770, 1000.000000000000000 ) ;
#2174 = CARTESIAN_POINT ( 'NONE',  ( 2.438276598249069949, -2.499999999999999556, 1.733502740221340099 ) ) ;
#2175 = CARTESIAN_POINT ( 'NONE',  ( -4.299999999999999822, -2.366666666666666696, -4.349502369265499566E-17 ) ) ;
#2176 = DIRECTION ( 'NONE',  ( 0.000000000000000000, 0.000000000000000000, 1.000000000000000000 ) ) ;
#2177 = CARTESIAN_POINT ( 'NONE',  ( 2.418167230895263753, -2.399999999999999911, 1.858085731411538211 ) ) ;
#2178 = SURFACE_STYLE_USAGE ( .BOTH. , #5813 ) ;
#2179 = FILL_AREA_STYLE_COLOUR ( '', #1333 ) ;
#2180 = EDGE_CURVE ( 'NONE', #7740, #81, #3273, .T. ) ;
#2181 = ORIENTED_EDGE ( 'NONE', *, *, #7556, .F. ) ;
#2182 = VECTOR ( 'NONE', #1640, 1000.000000000000000 ) ;
#2183 = EDGE_CURVE ( 'NONE', #6404, #2505, #2681, .T. ) ;
#2184 = EDGE_LOOP ( 'NONE', ( #7328, #7369, #6572, #900 ) ) ;
#2185 = SURFACE_STYLE_USAGE ( .BOTH. , #1517 ) ;
#2186 = EDGE_LOOP ( 'NONE', ( #5389, #4907, #6343, #3514 ) ) ;
#2187 = CARTESIAN_POINT ( 'NONE',  ( 0.1960564678955034890, -2.500000000000000000, 2.164444662272211328 ) ) ;
#2188 = FILL_AREA_STYLE ('',( #3399 ) ) ;
#2189 = AXIS2_PLACEMENT_3D ( 'NONE', #6351, #2083, #1490 ) ;
#2190 = CARTESIAN_POINT ( 'NONE',  ( 5.000000000000000000, -2.500000000000000000, 2.250000000000000000 ) ) ;
#2191 = ORIENTED_EDGE ( 'NONE', *, *, #626, .F. ) ;
#2192 = ADVANCED_FACE ( 'NONE', ( #1510 ), #122, .F. ) ;
#2193 = ORIENTED_EDGE ( 'NONE', *, *, #3329, .F. ) ;
#2194 = UNCERTAINTY_MEASURE_WITH_UNIT (LENGTH_MEASURE( 1.000000000000000082E-05 ), #4299, 'distance_accuracy_value', 'NONE');
#2195 = STYLED_ITEM ( 'NONE', ( #7380 ), #3568 ) ;
#2196 = FACE_OUTER_BOUND ( 'NONE', #2572, .T. ) ;
#2197 = CARTESIAN_POINT ( 'NONE',  ( 0.1987205902430975724, -2.500000000000000000, 1.911824163414370004 ) ) ;
#2198 = LINE ( 'NONE', #6350, #2359 ) ;
#2199 = AXIS2_PLACEMENT_3D ( 'NONE', #7492, #2122, #6302 ) ;
#2200 = UNCERTAINTY_MEASURE_WITH_UNIT (LENGTH_MEASURE( 1.000000000000000082E-05 ), #3343, 'distance_accuracy_value', 'NONE');
#2201 = CARTESIAN_POINT ( 'NONE',  ( 0.1987205902430975724, -2.400000000000000355, 1.911824163414370004 ) ) ;
#2202 = SURFACE_STYLE_USAGE ( .BOTH. , #7595 ) ;
#2203 = CARTESIAN_POINT ( 'NONE',  ( 2.599168655274914475, -2.500000000000000000, 1.779461564940238549 ) ) ;
#2204 = CARTESIAN_POINT ( 'NONE',  ( -2.240000000000001101, -1.000000000000000000, 2.250000000000000000 ) ) ;
#2205 = LINE ( 'NONE', #3381, #5672 ) ;
#2206 = DIRECTION ( 'NONE',  ( 0.000000000000000000, 0.000000000000000000, -1.000000000000000000 ) ) ;
#2207 = CARTESIAN_POINT ( 'NONE',  ( 0.2999999999999999334, -1.000000000000000000, 2.250000000000000000 ) ) ;
#2208 = CARTESIAN_POINT ( 'NONE',  ( 2.513042612355054217, -2.500000000000000444, 1.707664443874483240 ) ) ;
#2209 =( NAMED_UNIT ( * ) PLANE_ANGLE_UNIT ( ) SI_UNIT ( $, .RADIAN. ) );
#2210 =( NAMED_UNIT ( * ) SI_UNIT ( $, .STERADIAN. ) SOLID_ANGLE_UNIT ( ) );
#2211 = CARTESIAN_POINT ( 'NONE',  ( 0.1938062144732296543, -2.400000000000000355, 2.073690682535656027 ) ) ;
#2212 = ADVANCED_FACE ( 'NONE', ( #4352 ), #2983, .F. ) ;
#2213 = CARTESIAN_POINT ( 'NONE',  ( 2.532685797275640027, -2.400000000000000355, 1.761538461538461497 ) ) ;
#2214 = PLANE ( 'NONE',  #1784 ) ;
#2215 = CARTESIAN_POINT ( 'NONE',  ( 0.002685323702752086001, -2.499999999999999556, 1.707988939841460496 ) ) ;
#2216 = ORIENTED_EDGE ( 'NONE', *, *, #4508, .F. ) ;
#2217 = PRESENTATION_LAYER_ASSIGNMENT (  '', '', ( #1080 ) ) ;
#2218 = VERTEX_POINT ( 'NONE', #1264 ) ;
#2219 = PLANE ( 'NONE',  #4110 ) ;
#2220 = STYLED_ITEM ( 'NONE', ( #2778 ), #5196 ) ;
#2221 = STYLED_ITEM ( 'NONE', ( #2556 ), #4081 ) ;
#2222 = ORIENTED_EDGE ( 'NONE', *, *, #4941, .F. ) ;
#2223 = DIRECTION ( 'NONE',  ( 0.000000000000000000, 0.000000000000000000, 1.000000000000000000 ) ) ;
#2224 =( GEOMETRIC_REPRESENTATION_CONTEXT ( 3 ) GLOBAL_UNCERTAINTY_ASSIGNED_CONTEXT ( ( #6675 ) ) GLOBAL_UNIT_ASSIGNED_CONTEXT ( ( #4687, #5337, #2318 ) ) REPRESENTATION_CONTEXT ( 'NONE', 'WORKASPACE' ) );
#2225 = MECHANICAL_DESIGN_GEOMETRIC_PRESENTATION_REPRESENTATION (  '', ( #5673 ), #7701 ) ;
#2226 = CARTESIAN_POINT ( 'NONE',  ( 2.702820512820511833, -2.400000000000000355, 1.883653846153846123 ) ) ;
#2227 = VECTOR ( 'NONE', #3779, 1000.000000000000000 ) ;
#2228 = PRESENTATION_LAYER_ASSIGNMENT (  '', '', ( #1976 ) ) ;
#2229 = ORIENTED_EDGE ( 'NONE', *, *, #6595, .T. ) ;
#2230 = ORIENTED_EDGE ( 'NONE', *, *, #6850, .T. ) ;
#2231 = AXIS2_PLACEMENT_3D ( 'NONE', #2082, #2164, #4568 ) ;
#2232 = CARTESIAN_POINT ( 'NONE',  ( 0.2013194802264900440, -2.500000000000000000, 2.053189753338102719 ) ) ;
#2233 = VECTOR ( 'NONE', #6206, 1000.000000000000000 ) ;
#2234 = STYLED_ITEM ( 'NONE', ( #7318 ), #1278 ) ;
#2235 = CARTESIAN_POINT ( 'NONE',  ( -0.2999999999999999334, -1.000000000000000000, 2.250000000000000000 ) ) ;
#2236 = CARTESIAN_POINT ( 'NONE',  ( 0.2487776942832457538, -2.399999999999999911, 2.060641429571397953 ) ) ;
#2237 = EDGE_CURVE ( 'NONE', #4369, #2457, #3661, .T. ) ;
#2238 = CARTESIAN_POINT ( 'NONE',  ( 0.1351057300848813869, -2.399999999999999911, 2.219886205686428138 ) ) ;
#2239 = VECTOR ( 'NONE', #3554, 1000.000000000000000 ) ;
#2240 = STYLED_ITEM ( 'NONE', ( #7267 ), #5001 ) ;
#2241 = EDGE_LOOP ( 'NONE', ( #3396, #1946, #4630, #5619, #939, #4234, #1588, #1892, #2449, #4082, #6106, #6409, #1045, #119, #4960, #7570, #324, #326, #2731 ) ) ;
#2242 = SURFACE_SIDE_STYLE ('',( #7663 ) ) ;
#2243 = VECTOR ( 'NONE', #1418, 1000.000000000000000 ) ;
#2244 = CARTESIAN_POINT ( 'NONE',  ( 0.2029461931184516343, -2.400000000000000799, 1.925927811526813027 ) ) ;
#2245 = CARTESIAN_POINT ( 'NONE',  ( 1.800956594368268382, -0.2000000000000000111, -1.647441418907150457 ) ) ;
#2246 = PRESENTATION_STYLE_ASSIGNMENT (( #3455 ) ) ;
#2247 = CARTESIAN_POINT ( 'NONE',  ( -2.240000000000000657, -1.500000000000000000, 7.281332158035503710 ) ) ;
#2248 = SURFACE_STYLE_FILL_AREA ( #5253 ) ;
#2249 =( GEOMETRIC_REPRESENTATION_CONTEXT ( 3 ) GLOBAL_UNCERTAINTY_ASSIGNED_CONTEXT ( ( #1530 ) ) GLOBAL_UNIT_ASSIGNED_CONTEXT ( ( #6739, #5716, #5677 ) ) REPRESENTATION_CONTEXT ( 'NONE', 'WORKASPACE' ) );
#2250 = DIRECTION ( 'NONE',  ( -0.000000000000000000, -1.000000000000000000, -0.000000000000000000 ) ) ;
#2251 = CARTESIAN_POINT ( 'NONE',  ( -5.000000000000000000, -2.500000000000000000, -2.250000000000000000 ) ) ;
#2252 = CARTESIAN_POINT ( 'NONE',  ( 2.239999999999999769, -1.000000000000000000, 2.250000000000000000 ) ) ;
#2253 = MECHANICAL_DESIGN_GEOMETRIC_PRESENTATION_REPRESENTATION (  '', ( #223 ), #2338 ) ;
#2254 = CARTESIAN_POINT ( 'NONE',  ( 0.1588607382608415164, -2.399999999999999911, 2.129355349384334239 ) ) ;
#2255 =( NAMED_UNIT ( * ) SI_UNIT ( $, .STERADIAN. ) SOLID_ANGLE_UNIT ( ) );
#2256 = LINE ( 'NONE', #3354, #4368 ) ;
#2257 = DIRECTION ( 'NONE',  ( -0.7970624896273524884, 0.000000000000000000, 0.6038968352533788941 ) ) ;
#2258 = COLOUR_RGB ( '',0.8313725490196077761, 0.8313725490196077761, 0.8196078431372548767 ) ;
#2259 = ORIENTED_EDGE ( 'NONE', *, *, #5098, .F. ) ;
#2260 = VERTEX_POINT ( 'NONE', #2476 ) ;
#2261 = VERTEX_POINT ( 'NONE', #7869 ) ;
#2262 = MECHANICAL_DESIGN_GEOMETRIC_PRESENTATION_REPRESENTATION (  '', ( #6209 ), #7219 ) ;
#2263 = CARTESIAN_POINT ( 'NONE',  ( -1.148629566403928992, -0.2000000000000000111, -1.647441418907150457 ) ) ;
#2264 =( LENGTH_UNIT ( ) NAMED_UNIT ( * ) SI_UNIT ( .MILLI., .METRE. ) );
#2265 = CARTESIAN_POINT ( 'NONE',  ( 2.663236821978520741, -2.400000000000000355, 1.769442673155927181 ) ) ;
#2266 = ORIENTED_EDGE ( 'NONE', *, *, #786, .F. ) ;
#2267 = COLOUR_RGB ( '',0.1843137254901960898, 0.7568627450980391913, 1.000000000000000000 ) ;
#2268 = SURFACE_SIDE_STYLE ('',( #5893 ) ) ;
#2269 = ORIENTED_EDGE ( 'NONE', *, *, #4783, .F. ) ;
#2270 = UNCERTAINTY_MEASURE_WITH_UNIT (LENGTH_MEASURE( 1.000000000000000082E-05 ), #7304, 'distance_accuracy_value', 'NONE');
#2271 = CARTESIAN_POINT ( 'NONE',  ( -1.722883656246370299, 0.000000000000000000, -1.647441418907150457 ) ) ;
#2272 = VECTOR ( 'NONE', #7022, 1000.000000000000000 ) ;
#2273 = CARTESIAN_POINT ( 'NONE',  ( 0.05281356083001088192, -2.500000000000000444, 1.773176652020947319 ) ) ;
#2274 = FILL_AREA_STYLE_COLOUR ( '', #6924 ) ;
#2275 = CARTESIAN_POINT ( 'NONE',  ( 0.09616632909373383498, -2.499999999999999556, 2.240597729465799492 ) ) ;
#2276 = VERTEX_POINT ( 'NONE', #7302 ) ;
#2277 = CARTESIAN_POINT ( 'NONE',  ( 0.1085282220468158920, -2.400000000000000355, 1.799176630188334736 ) ) ;
#2278 = FILL_AREA_STYLE_COLOUR ( '', #6465 ) ;
#2279 = SURFACE_SIDE_STYLE ('',( #6400 ) ) ;
#2280 = AXIS2_PLACEMENT_3D ( 'NONE', #5869, #5803, #7708 ) ;
#2281 = EDGE_CURVE ( 'NONE', #5437, #1627, #4909, .T. ) ;
#2282 = UNCERTAINTY_MEASURE_WITH_UNIT (LENGTH_MEASURE( 1.000000000000000082E-05 ), #4842, 'distance_accuracy_value', 'NONE');
#2283 = PLANE ( 'NONE',  #252 ) ;
#2284 = DIRECTION ( 'NONE',  ( -1.000000000000000000, 0.000000000000000000, 0.000000000000000000 ) ) ;
#2285 = CARTESIAN_POINT ( 'NONE',  ( 2.509558929658024073, -2.400000000000001243, 1.763374180270459446 ) ) ;
#2286 =( NAMED_UNIT ( * ) SI_UNIT ( $, .STERADIAN. ) SOLID_ANGLE_UNIT ( ) );
#2287 = UNCERTAINTY_MEASURE_WITH_UNIT (LENGTH_MEASURE( 1.000000000000000082E-05 ), #2672, 'distance_accuracy_value', 'NONE');
#2288 = EDGE_LOOP ( 'NONE', ( #2290, #410, #6041, #6758 ) ) ;
#2289 = VECTOR ( 'NONE', #1820, 1000.000000000000000 ) ;
#2290 = ORIENTED_EDGE ( 'NONE', *, *, #1064, .F. ) ;
#2291 = CARTESIAN_POINT ( 'NONE',  ( 2.839999999999999858, -1.500000000000000000, 2.250000000000000000 ) ) ;
#2292 =( NAMED_UNIT ( * ) SI_UNIT ( $, .STERADIAN. ) SOLID_ANGLE_UNIT ( ) );
#2293 = LINE ( 'NONE', #4199, #7058 ) ;
#2294 = DIRECTION ( 'NONE',  ( -0.6837766319733927789, 0.000000000000000000, -0.7296913851534245765 ) ) ;
#2295 = CARTESIAN_POINT ( 'NONE',  ( 2.530247729700853210, -2.500000000000000000, 1.707264957264957195 ) ) ;
#2296 = VERTEX_POINT ( 'NONE', #5562 ) ;
#2297 = B_SPLINE_CURVE_WITH_KNOTS ( 'NONE', 3,
 ( #4086, #5830, #4685, #2855, #7781, #6584, #5983, #1094, #1610, #2312, #2277, #1021, #3498, #1132, #5944, #4723, #7704, #5291, #494, #7129, #2201, #2244, #7096, #378, #6471, #6541, #4048 ),
 .UNSPECIFIED., .F., .F.,
 ( 4, 1, 1, 1, 1, 1, 1, 1, 1, 1, 1, 1, 1, 1, 1, 1, 1, 1, 1, 1, 1, 1, 1, 1, 4 ),
 ( 0.000000000000000000, 0.04395667070316812419, 0.08750538204041458101, 0.1304678559235578628, 0.1730450983334627935, 0.2154162619627679742, 0.2576647176575916354, 0.3001693404700906953, 0.3431398032843397394, 0.3859451926419475987, 0.4277074306817492677, 0.4688413024238546889, 0.5095167823780931693, 0.5497040964414293684, 0.5898026954992344750, 0.6299942800385471831, 0.6704592979647946427, 0.7109762396519020422, 0.7513435876474673369, 0.7917672308313199458, 0.8324522034361715450, 0.8733139674018709497, 0.9145395303442610535, 0.9569218316235561517, 1.000000000000000000 ),
 .UNSPECIFIED. ) ;
#2298 =( NAMED_UNIT ( * ) PLANE_ANGLE_UNIT ( ) SI_UNIT ( $, .RADIAN. ) );
#2299 = ORIENTED_EDGE ( 'NONE', *, *, #7696, .T. ) ;
#2300 = SURFACE_STYLE_FILL_AREA ( #1705 ) ;
#2301 = PRESENTATION_LAYER_ASSIGNMENT (  '', '', ( #4457 ) ) ;
#2302 = LINE ( 'NONE', #4715, #4149 ) ;
#2303 =( GEOMETRIC_REPRESENTATION_CONTEXT ( 3 ) GLOBAL_UNCERTAINTY_ASSIGNED_CONTEXT ( ( #1165 ) ) GLOBAL_UNIT_ASSIGNED_CONTEXT ( ( #482, #2298, #1559 ) ) REPRESENTATION_CONTEXT ( 'NONE', 'WORKASPACE' ) );
#2304 = CARTESIAN_POINT ( 'NONE',  ( -2.839999999999999858, -1.500000000000000000, 7.281332158035501045 ) ) ;
#2305 = PRESENTATION_LAYER_ASSIGNMENT (  '', '', ( #1052 ) ) ;
#2306 = EDGE_CURVE ( 'NONE', #127, #2077, #4816, .T. ) ;
#2307 = SURFACE_STYLE_FILL_AREA ( #7776 ) ;
#2308 = COLOUR_RGB ( '',0.1843137254901960898, 0.7568627450980391913, 1.000000000000000000 ) ;
#2309 = DIRECTION ( 'NONE',  ( 1.364799380695330128E-15, 0.000000000000000000, 1.000000000000000000 ) ) ;
#2310 = ORIENTED_EDGE ( 'NONE', *, *, #5964, .F. ) ;
#2311 = ORIENTED_EDGE ( 'NONE', *, *, #2622, .T. ) ;
#2312 = CARTESIAN_POINT ( 'NONE',  ( 0.09525741982695712373, -2.399999999999999911, 1.791370264895706166 ) ) ;
#2313 = SURFACE_SIDE_STYLE ('',( #1796 ) ) ;
#2314 = MECHANICAL_DESIGN_GEOMETRIC_PRESENTATION_REPRESENTATION (  '', ( #4713 ), #5363 ) ;
#2315 = PLANE ( 'NONE',  #1843 ) ;
#2316 = ADVANCED_FACE ( 'NONE', ( #5427 ), #6666, .T. ) ;
#2317 = CARTESIAN_POINT ( 'NONE',  ( 2.363611111111109775, -2.500000000000000000, 2.250000000000000000 ) ) ;
#2318 =( NAMED_UNIT ( * ) SI_UNIT ( $, .STERADIAN. ) SOLID_ANGLE_UNIT ( ) );
#2319 = PLANE ( 'NONE',  #3567 ) ;
#2320 = CARTESIAN_POINT ( 'NONE',  ( 2.398681202074133711, -2.399999999999999911, 1.959061548128040231 ) ) ;
#2321 = CARTESIAN_POINT ( 'NONE',  ( -3.086085595711309804, -2.500000000000000000, 1.630485880782381436 ) ) ;
#2322 = CARTESIAN_POINT ( 'NONE',  ( 4.299999999999999822, -2.366666666666666696, 0.6000685097690720005 ) ) ;
#2323 = AXIS2_PLACEMENT_3D ( 'NONE', #1138, #2471, #2981 ) ;
#2324 = PRESENTATION_STYLE_ASSIGNMENT (( #6594 ) ) ;
#2325 = FILL_AREA_STYLE ('',( #630 ) ) ;
#2326 = CARTESIAN_POINT ( 'NONE',  ( -0.2369805841525731427, -2.500000000000000888, 2.177644857190575323 ) ) ;
#2327 = CARTESIAN_POINT ( 'NONE',  ( 5.000000000000000000, -0.1000000000000000056, 1.187158322142691791 ) ) ;
#2328 = EDGE_CURVE ( 'NONE', #483, #1017, #7583, .T. ) ;
#2329 = CARTESIAN_POINT ( 'NONE',  ( 0.1100949254345724299, -2.400000000000000799, 1.737941432610797809 ) ) ;
#2330 = EDGE_CURVE ( 'NONE', #4066, #687, #7097, .T. ) ;
#2331 = ORIENTED_EDGE ( 'NONE', *, *, #1589, .T. ) ;
#2332 = VERTEX_POINT ( 'NONE', #6385 ) ;
#2333 = CARTESIAN_POINT ( 'NONE',  ( -4.135872885735895288, -1.797251865729859954, 2.750000000000000000 ) ) ;
#2334 = CARTESIAN_POINT ( 'NONE',  ( 2.404101843620028323, -2.399999999999999911, 1.765796645725187020 ) ) ;
#2335 = CARTESIAN_POINT ( 'NONE',  ( 2.459588023546334767, -2.500000000000000000, 1.785741287151880519 ) ) ;
#2336 = FILL_AREA_STYLE_COLOUR ( '', #4285 ) ;
#2337 = CARTESIAN_POINT ( 'NONE',  ( 2.651709715877327511, -2.500000000000000000, 1.756721325761508190 ) ) ;
#2338 =( GEOMETRIC_REPRESENTATION_CONTEXT ( 3 ) GLOBAL_UNCERTAINTY_ASSIGNED_CONTEXT ( ( #1372 ) ) GLOBAL_UNIT_ASSIGNED_CONTEXT ( ( #1356, #2384, #6644 ) ) REPRESENTATION_CONTEXT ( 'NONE', 'WORKASPACE' ) );
#2339 = VERTEX_POINT ( 'NONE', #7458 ) ;
#2340 =( GEOMETRIC_REPRESENTATION_CONTEXT ( 3 ) GLOBAL_UNCERTAINTY_ASSIGNED_CONTEXT ( ( #6352 ) ) GLOBAL_UNIT_ASSIGNED_CONTEXT ( ( #1726, #2406, #7265 ) ) REPRESENTATION_CONTEXT ( 'NONE', 'WORKASPACE' ) );
#2341 = FILL_AREA_STYLE ('',( #2597 ) ) ;
#2342 = ORIENTED_EDGE ( 'NONE', *, *, #1791, .F. ) ;
#2343 = SURFACE_SIDE_STYLE ('',( #523 ) ) ;
#2344 = CARTESIAN_POINT ( 'NONE',  ( 2.520947203135883274, -2.399999999999999467, 1.761849804524514784 ) ) ;
#2345 = VECTOR ( 'NONE', #2168, 1000.000000000000000 ) ;
#2346 = CARTESIAN_POINT ( 'NONE',  ( 0.1267165184313454040, -1.500000000000000000, 7.750000000000000000 ) ) ;
#2347 = CARTESIAN_POINT ( 'NONE',  ( 1.800956594368268382, -0.2000000000000000111, -1.647441418907150457 ) ) ;
#2348 = CIRCLE ( 'NONE', #6680, 0.6685684054278679955 ) ;
#2349 = FILL_AREA_STYLE ('',( #2274 ) ) ;
#2350 = AXIS2_PLACEMENT_3D ( 'NONE', #7887, #3594, #1243 ) ;
#2351 = CARTESIAN_POINT ( 'NONE',  ( 0.1873543905253103881, -2.399999999999999911, 2.174817562849269414 ) ) ;
#2352 = ORIENTED_EDGE ( 'NONE', *, *, #1062, .F. ) ;
#2353 = DIRECTION ( 'NONE',  ( 0.000000000000000000, -0.000000000000000000, 1.000000000000000000 ) ) ;
#2354 = ORIENTED_EDGE ( 'NONE', *, *, #1202, .F. ) ;
#2355 = COLOUR_RGB ( '',0.1843137254901960898, 0.7568627450980391913, 1.000000000000000000 ) ;
#2356 = EDGE_CURVE ( 'NONE', #7379, #741, #1443, .T. ) ;
#2357 = DIRECTION ( 'NONE',  ( 0.000000000000000000, -1.000000000000000000, 0.000000000000000000 ) ) ;
#2358 = CARTESIAN_POINT ( 'NONE',  ( 0.000000000000000000, 0.000000000000000000, 0.000000000000000000 ) ) ;
#2359 = VECTOR ( 'NONE', #910, 1000.000000000000114 ) ;
#2360 = CARTESIAN_POINT ( 'NONE',  ( -1.722883656246370299, 0.000000000000000000, -1.447028670344146617 ) ) ;
#2361 = DIRECTION ( 'NONE',  ( -0.000000000000000000, 1.000000000000000000, -0.000000000000000000 ) ) ;
#2362 = SURFACE_STYLE_USAGE ( .BOTH. , #7259 ) ;
#2363 = VECTOR ( 'NONE', #5063, 1000.000000000000114 ) ;
#2364 = STYLED_ITEM ( 'NONE', ( #7872 ), #1521 ) ;
#2365 = CARTESIAN_POINT ( 'NONE',  ( 2.651419970242198776, -2.399999999999999467, 1.856421852574904996 ) ) ;
#2366 = SURFACE_SIDE_STYLE ('',( #501 ) ) ;
#2367 = ADVANCED_FACE ( 'NONE', ( #6308 ), #5013, .T. ) ;
#2368 = DIRECTION ( 'NONE',  ( -0.6077508431907285846, 0.000000000000000000, 0.7941277684358850619 ) ) ;
#2369 = LINE ( 'NONE', #4867, #4612 ) ;
#2370 = CARTESIAN_POINT ( 'NONE',  ( 0.1635924186294319127, -2.400000000000000799, 1.848048434489704350 ) ) ;
#2371 = ORIENTED_EDGE ( 'NONE', *, *, #3245, .F. ) ;
#2372 = SURFACE_STYLE_USAGE ( .BOTH. , #5477 ) ;
#2373 = LINE ( 'NONE', #632, #1706 ) ;
#2374 = UNCERTAINTY_MEASURE_WITH_UNIT (LENGTH_MEASURE( 1.000000000000000082E-05 ), #1447, 'distance_accuracy_value', 'NONE');
#2375 = VERTEX_POINT ( 'NONE', #7495 ) ;
#2376 = ADVANCED_FACE ( 'NONE', ( #6852 ), #2702, .T. ) ;
#2377 = ORIENTED_EDGE ( 'NONE', *, *, #380, .F. ) ;
#2378 = CARTESIAN_POINT ( 'NONE',  ( 2.477458266559827926, -2.500000000000000000, 2.054424579326922906 ) ) ;
#2379 = MECHANICAL_DESIGN_GEOMETRIC_PRESENTATION_REPRESENTATION (  '', ( #3883 ), #6200 ) ;
#2380 = VERTEX_POINT ( 'NONE', #7419 ) ;
#2381 = CARTESIAN_POINT ( 'NONE',  ( 0.3000000000000003775, -1.000000000000000000, 7.268409389428597045 ) ) ;
#2382 = CARTESIAN_POINT ( 'NONE',  ( -1.800956594368268382, -2.500000000000000000, -1.225342217102087350 ) ) ;
#2383 = PLANE ( 'NONE',  #5618 ) ;
#2384 =( NAMED_UNIT ( * ) PLANE_ANGLE_UNIT ( ) SI_UNIT ( $, .RADIAN. ) );
#2385 = ORIENTED_EDGE ( 'NONE', *, *, #4523, .F. ) ;
#2386 = DIRECTION ( 'NONE',  ( 0.000000000000000000, 0.000000000000000000, -1.000000000000000000 ) ) ;
#2387 = ORIENTED_EDGE ( 'NONE', *, *, #3576, .T. ) ;
#2388 = AXIS2_PLACEMENT_3D ( 'NONE', #4929, #3, #2425 ) ;
#2389 = CARTESIAN_POINT ( 'NONE',  ( 2.701903289454531176, -2.399999999999999911, 1.864980006369177046 ) ) ;
#2390 = CARTESIAN_POINT ( 'NONE',  ( 1.800956594368268382, 0.000000000000000000, -1.225342217102087350 ) ) ;
#2391 = FILL_AREA_STYLE_COLOUR ( '', #6969 ) ;
#2392 = CARTESIAN_POINT ( 'NONE',  ( 5.000000000000000000, -2.500000000000000000, 2.250000000000000000 ) ) ;
#2393 = CARTESIAN_POINT ( 'NONE',  ( -0.01061543250958594566, -2.399999999999999467, 2.263450439878207820 ) ) ;
#2394 = ORIENTED_EDGE ( 'NONE', *, *, #1325, .F. ) ;
#2395 = CARTESIAN_POINT ( 'NONE',  ( -0.1668950286408325545, -2.500000000000000888, 1.803683770583935253 ) ) ;
#2396 = CARTESIAN_POINT ( 'NONE',  ( -0.1234565493545901754, -2.400000000000000355, 2.249125003724022687 ) ) ;
#2397 = FILL_AREA_STYLE ('',( #7099 ) ) ;
#2398 = FILL_AREA_STYLE ('',( #7169 ) ) ;
#2399 = DIRECTION ( 'NONE',  ( 0.000000000000000000, 1.000000000000000000, -0.000000000000000000 ) ) ;
#2400 = PRESENTATION_STYLE_ASSIGNMENT (( #1100 ) ) ;
#2401 = CARTESIAN_POINT ( 'NONE',  ( -1.634757397634042597, -2.500000000000000000, -3.750000000000000444 ) ) ;
#2402 = MECHANICAL_DESIGN_GEOMETRIC_PRESENTATION_REPRESENTATION (  '', ( #2529 ), #766 ) ;
#2403 = CARTESIAN_POINT ( 'NONE',  ( 2.625787846674053849, -2.400000000000000355, 1.734944002685713693 ) ) ;
#2404 = CARTESIAN_POINT ( 'NONE',  ( 4.135872885735895288, -1.797251865729859954, 2.250000000000000000 ) ) ;
#2405 = FILL_AREA_STYLE ('',( #1808 ) ) ;
#2406 =( NAMED_UNIT ( * ) PLANE_ANGLE_UNIT ( ) SI_UNIT ( $, .RADIAN. ) );
#2407 = CARTESIAN_POINT ( 'NONE',  ( 1.800956594368268382, -2.299999999999999822, -1.647441418907150457 ) ) ;
#2408 = SURFACE_STYLE_USAGE ( .BOTH. , #3664 ) ;
#2409 = CARTESIAN_POINT ( 'NONE',  ( -0.1444945033505377618, -2.500000000000000444, 2.241476637091720292 ) ) ;
#2410 = DIRECTION ( 'NONE',  ( 1.000000000000000000, 0.000000000000000000, 0.000000000000000000 ) ) ;
#2411 = EDGE_CURVE ( 'NONE', #4950, #2158, #1961, .T. ) ;
#2412 = ORIENTED_EDGE ( 'NONE', *, *, #4355, .T. ) ;
#2413 = ORIENTED_EDGE ( 'NONE', *, *, #6477, .T. ) ;
#2414 = CARTESIAN_POINT ( 'NONE',  ( 0.1958342463705839420, -2.500000000000000000, 1.806595101336694542 ) ) ;
#2415 = STYLED_ITEM ( 'NONE', ( #5747 ), #2736 ) ;
#2416 = ORIENTED_EDGE ( 'NONE', *, *, #4416, .T. ) ;
#2417 = CARTESIAN_POINT ( 'NONE',  ( 2.239999999999999769, -1.500000000000000000, 7.281332158035497493 ) ) ;
#2418 = CARTESIAN_POINT ( 'NONE',  ( -0.1440843178034553473, -2.400000000000001688, 1.789731571613484284 ) ) ;
#2419 = CARTESIAN_POINT ( 'NONE',  ( -0.1312442307961861621, -2.399999999999999467, 2.187715789022162571 ) ) ;
#2420 = EDGE_CURVE ( 'NONE', #4784, #4756, #2581, .T. ) ;
#2421 = ORIENTED_EDGE ( 'NONE', *, *, #1148, .F. ) ;
#2422 = ORIENTED_EDGE ( 'NONE', *, *, #6212, .F. ) ;
#2423 = CARTESIAN_POINT ( 'NONE',  ( 2.408633676762342635, -1.500000000000000000, 7.750000000000000000 ) ) ;
#2424 = CARTESIAN_POINT ( 'NONE',  ( 2.436595520279248639, -2.500000000000001332, 1.809714042897088371 ) ) ;
#2425 = DIRECTION ( 'NONE',  ( -0.3385652849407995713, 0.000000000000000000, -0.9409429035988078338 ) ) ;
#2426 = FILL_AREA_STYLE ('',( #3003 ) ) ;
#2427 = DIRECTION ( 'NONE',  ( -1.000000000000000000, -0.000000000000000000, 2.464095846557964892E-16 ) ) ;
#2428 = CARTESIAN_POINT ( 'NONE',  ( -0.3000000000000003775, -1.500000000000000000, 7.268409389428597045 ) ) ;
#2429 = ADVANCED_FACE ( 'NONE', ( #3371 ), #5321, .F. ) ;
#2430 = EDGE_CURVE ( 'NONE', #129, #4785, #6467, .T. ) ;
#2431 =( LENGTH_UNIT ( ) NAMED_UNIT ( * ) SI_UNIT ( .MILLI., .METRE. ) );
#2432 = ORIENTED_EDGE ( 'NONE', *, *, #1637, .F. ) ;
#2433 = LINE ( 'NONE', #4810, #1160 ) ;
#2434 = DIRECTION ( 'NONE',  ( -0.000000000000000000, 1.000000000000000000, -0.000000000000000000 ) ) ;
#2435 = DIRECTION ( 'NONE',  ( 1.000000000000000000, 0.000000000000000000, 0.000000000000000000 ) ) ;
#2436 = SURFACE_STYLE_FILL_AREA ( #536 ) ;
#2437 = STYLED_ITEM ( 'NONE', ( #1966 ), #3285 ) ;
#2438 = CARTESIAN_POINT ( 'NONE',  ( 2.375500115562295456, -2.499999999999999556, 1.908025937328494459 ) ) ;
#2439 = CARTESIAN_POINT ( 'NONE',  ( -5.000000000000000000, -0.7027481342701401568, 2.250000000000000000 ) ) ;
#2440 = DIRECTION ( 'NONE',  ( 0.2258923301023050279, 0.000000000000000000, -0.9741522751607940567 ) ) ;
#2441 = COLOUR_RGB ( '',0.1843137254901960898, 0.7568627450980391913, 1.000000000000000000 ) ;
#2442 = CARTESIAN_POINT ( 'NONE',  ( 2.417884615384614300, -2.500000000000000000, 1.868813434829059705 ) ) ;
#2443 =( NAMED_UNIT ( * ) PLANE_ANGLE_UNIT ( ) SI_UNIT ( $, .RADIAN. ) );
#2444 = FACE_OUTER_BOUND ( 'NONE', #6962, .T. ) ;
#2445 = CARTESIAN_POINT ( 'NONE',  ( 0.1935119189942911266, -2.500000000000000444, 1.898115078623342500 ) ) ;
#2446 =( NAMED_UNIT ( * ) PLANE_ANGLE_UNIT ( ) SI_UNIT ( $, .RADIAN. ) );
#2447 = SURFACE_STYLE_FILL_AREA ( #7310 ) ;
#2448 = ORIENTED_EDGE ( 'NONE', *, *, #2651, .F. ) ;
#2449 = ORIENTED_EDGE ( 'NONE', *, *, #7497, .F. ) ;
#2450 = CARTESIAN_POINT ( 'NONE',  ( 0.2124294492257645106, -2.500000000000000444, 1.828286908842917446 ) ) ;
#2451 = EDGE_CURVE ( 'NONE', #1311, #2072, #3525, .T. ) ;
#2452 = DIRECTION ( 'NONE',  ( 0.000000000000000000, 0.000000000000000000, -1.000000000000000000 ) ) ;
#2453 = PRESENTATION_STYLE_ASSIGNMENT (( #30 ) ) ;
#2454 = CARTESIAN_POINT ( 'NONE',  ( -0.1880455110234360572, -2.400000000000001243, 1.820097407492300645 ) ) ;
#2455 = CARTESIAN_POINT ( 'NONE',  ( -0.2098457643977127141, -2.500000000000000000, 2.128126387184484880 ) ) ;
#2456 = ORIENTED_EDGE ( 'NONE', *, *, #402, .F. ) ;
#2457 = VERTEX_POINT ( 'NONE', #3406 ) ;
#2458 = LINE ( 'NONE', #1908, #3986 ) ;
#2459 = CARTESIAN_POINT ( 'NONE',  ( 2.528723457898697902, -2.400000000000000355, 1.761643554751386676 ) ) ;
#2460 = EDGE_CURVE ( 'NONE', #5117, #4793, #4039, .T. ) ;
#2461 = CARTESIAN_POINT ( 'NONE',  ( 2.418106119990975689, -2.500000000000000000, 1.874555084739255806 ) ) ;
#2462 = FILL_AREA_STYLE_COLOUR ( '', #5806 ) ;
#2463 = ORIENTED_EDGE ( 'NONE', *, *, #2651, .T. ) ;
#2464 = MECHANICAL_DESIGN_GEOMETRIC_PRESENTATION_REPRESENTATION (  '', ( #3850 ), #2097 ) ;
#2465 =( NAMED_UNIT ( * ) PLANE_ANGLE_UNIT ( ) SI_UNIT ( $, .RADIAN. ) );
#2466 = LINE ( 'NONE', #244, #5823 ) ;
#2467 = DIRECTION ( 'NONE',  ( -0.4966865118376870836, 0.000000000000000000, -0.8679300138597070280 ) ) ;
#2468 = DIRECTION ( 'NONE',  ( -0.4285960263555427807, 0.9034962347415946837, 0.000000000000000000 ) ) ;
#2469 = PRESENTATION_LAYER_ASSIGNMENT (  '', '', ( #1472 ) ) ;
#2470 = CARTESIAN_POINT ( 'NONE',  ( 3.901230719150643456, -0.9004951481143085301, -2.149999999999999911 ) ) ;
#2471 = DIRECTION ( 'NONE',  ( 0.000000000000000000, -1.000000000000000000, 0.000000000000000000 ) ) ;
#2472 = COLOUR_RGB ( '',0.1843137254901960898, 0.7568627450980391913, 1.000000000000000000 ) ;
#2473 =( GEOMETRIC_REPRESENTATION_CONTEXT ( 3 ) GLOBAL_UNCERTAINTY_ASSIGNED_CONTEXT ( ( #2129 ) ) GLOBAL_UNIT_ASSIGNED_CONTEXT ( ( #2588, #2443, #1267 ) ) REPRESENTATION_CONTEXT ( 'NONE', 'WORKASPACE' ) );
#2474 = VECTOR ( 'NONE', #2797, 1000.000000000000000 ) ;
#2475 = DIRECTION ( 'NONE',  ( 0.3385652849407995713, 0.000000000000000000, 0.9409429035988078338 ) ) ;
#2476 = CARTESIAN_POINT ( 'NONE',  ( 2.702820512820511833, -2.400000000000000355, 1.883653846153846123 ) ) ;
#2477 = EDGE_CURVE ( 'NONE', #1268, #4066, #114, .T. ) ;
#2478 = CARTESIAN_POINT ( 'NONE',  ( 1.800956594368268382, -2.500000000000000000, -1.225342217102087350 ) ) ;
#2479 = MECHANICAL_DESIGN_GEOMETRIC_PRESENTATION_REPRESENTATION (  '', ( #859 ), #7181 ) ;
#2480 = AXIS2_PLACEMENT_3D ( 'NONE', #5441, #1235, #2452 ) ;
#2481 = CARTESIAN_POINT ( 'NONE',  ( 0.1085282220468158920, -2.400000000000000355, 1.799176630188334736 ) ) ;
#2482 = PRESENTATION_LAYER_ASSIGNMENT (  '', '', ( #3492 ) ) ;
#2483 = ORIENTED_EDGE ( 'NONE', *, *, #2882, .T. ) ;
#2484 = COLOUR_RGB ( '',1.000000000000000000, 1.000000000000000000, 1.000000000000000000 ) ;
#2485 = ORIENTED_EDGE ( 'NONE', *, *, #6798, .T. ) ;
#2486 = CARTESIAN_POINT ( 'NONE',  ( 2.932293049365057675E-17, -2.100000000000000089, 0.7531436111372146192 ) ) ;
#2487 =( NAMED_UNIT ( * ) PLANE_ANGLE_UNIT ( ) SI_UNIT ( $, .RADIAN. ) );
#2488 = LINE ( 'NONE', #4919, #2118 ) ;
#2489 = PRESENTATION_LAYER_ASSIGNMENT (  '', '', ( #5929 ) ) ;
#2490 =( LENGTH_UNIT ( ) NAMED_UNIT ( * ) SI_UNIT ( .MILLI., .METRE. ) );
#2491 = CARTESIAN_POINT ( 'NONE',  ( -0.1764397973762563410, -2.400000000000000355, 2.159932548552653042 ) ) ;
#2492 = CARTESIAN_POINT ( 'NONE',  ( -0.2262936161616823094, -2.500000000000000888, 1.781789783068432165 ) ) ;
#2493 = VERTEX_POINT ( 'NONE', #2304 ) ;
#2494 = AXIS2_PLACEMENT_3D ( 'NONE', #12, #6706, #1686 ) ;
#2495 = ORIENTED_EDGE ( 'NONE', *, *, #4990, .T. ) ;
#2496 = LINE ( 'NONE', #728, #1674 ) ;
#2497 = VERTEX_POINT ( 'NONE', #5897 ) ;
#2498 = CARTESIAN_POINT ( 'NONE',  ( 0.07391228762246593309, -2.400000000000000799, 2.248710000015097243 ) ) ;
#2499 = SURFACE_SIDE_STYLE ('',( #86 ) ) ;
#2500 = CARTESIAN_POINT ( 'NONE',  ( -2.540000000000000480, -2.500000000000000000, 0.7531436111372146192 ) ) ;
#2501 = FILL_AREA_STYLE ('',( #87 ) ) ;
#2502 = FACE_OUTER_BOUND ( 'NONE', #1867, .T. ) ;
#2503 = VECTOR ( 'NONE', #3681, 1000.000000000000000 ) ;
#2504 = COLOUR_RGB ( '',0.1843137254901960898, 0.7568627450980391913, 1.000000000000000000 ) ;
#2505 = VERTEX_POINT ( 'NONE', #447 ) ;
#2506 = DIRECTION ( 'NONE',  ( -0.000000000000000000, -1.000000000000000000, -0.000000000000000000 ) ) ;
#2507 = ORIENTED_EDGE ( 'NONE', *, *, #2888, .F. ) ;
#2508 = CARTESIAN_POINT ( 'NONE',  ( -0.1876926276446750363, -2.400000000000000799, 2.218647384346349671 ) ) ;
#2509 = PRESENTATION_LAYER_ASSIGNMENT (  '', '', ( #7623 ) ) ;
#2510 = LINE ( 'NONE', #3810, #5567 ) ;
#2511 = CARTESIAN_POINT ( 'NONE',  ( 0.03475739763404337573, -2.500000000000000000, -3.591119187505327659 ) ) ;
#2512 = FILL_AREA_STYLE ('',( #5639 ) ) ;
#2513 = B_SPLINE_SURFACE_WITH_KNOTS ( 'NONE', 3, 1, ( 
 ( #470, #1661 ),
 ( #6408, #1110 ),
 ( #7681, #5347 ),
 ( #3512, #2867 ),
 ( #1005, #2792 ),
 ( #4664, #3468 ),
 ( #5265, #7108 ),
 ( #5190, #5308 ),
 ( #7719, #1580 ),
 ( #1036, #964 ),
 ( #7755, #5960 ),
 ( #508, #360 ),
 ( #2902, #2329 ),
 ( #7184, #5846 ),
 ( #4061, #3951 ),
 ( #2758, #2823 ),
 ( #2215, #6521 ),
 ( #7644, #4622 ),
 ( #4027, #4585 ) ),
 .UNSPECIFIED., .F., .F., .F.,
 ( 4, 1, 1, 1, 1, 1, 1, 1, 1, 1, 1, 1, 1, 1, 1, 1, 4 ),
 ( 2, 2 ),
 ( 0.000000000000000000, 0.06455633610028209401, 0.1270105610545992636, 0.1879504144589990433, 0.2479281443229034987, 0.3077638717156572778, 0.3682492899446028201, 0.4294831870648246896, 0.4927553000744313572, 0.5562681466093977178, 0.6182257143964449142, 0.6796629675598471199, 0.7412515971715535334, 0.8034198622788645272, 0.8668185763619328243, 0.9323298946028559797, 1.000000000000000000 ),
 ( 0.000000000000000000, 1.000000000000000000 ),
 .UNSPECIFIED. ) ;
#2514 = EDGE_CURVE ( 'NONE', #250, #4793, #7628, .T. ) ;
#2515 = EDGE_CURVE ( 'NONE', #6251, #6734, #2575, .T. ) ;
#2516 = CARTESIAN_POINT ( 'NONE',  ( -0.05466377833075674458, -2.500000000000000000, 2.208536998948576802 ) ) ;
#2517 = AXIS2_PLACEMENT_3D ( 'NONE', #132, #1528, #3928 ) ;
#2518 = CARTESIAN_POINT ( 'NONE',  ( 2.647881796189349490, -2.399999999999999911, 1.843945017931539976 ) ) ;
#2519 = SURFACE_STYLE_USAGE ( .BOTH. , #6234 ) ;
#2520 = SURFACE_STYLE_USAGE ( .BOTH. , #709 ) ;
#2521 = LINE ( 'NONE', #222, #602 ) ;
#2522 = CARTESIAN_POINT ( 'NONE',  ( -2.839999999999999858, -1.000000000000000000, 7.281332158035501045 ) ) ;
#2523 =( NAMED_UNIT ( * ) PLANE_ANGLE_UNIT ( ) SI_UNIT ( $, .RADIAN. ) );
#2524 = EDGE_CURVE ( 'NONE', #2803, #3668, #527, .T. ) ;
#2525 = ORIENTED_EDGE ( 'NONE', *, *, #997, .T. ) ;
#2526 = ADVANCED_FACE ( 'NONE', ( #7808 ), #7210, .F. ) ;
#2527 = FILL_AREA_STYLE_COLOUR ( '', #7317 ) ;
#2528 = CARTESIAN_POINT ( 'NONE',  ( -0.002382878451735718876, -2.500000000000000000, 2.208830913688181852 ) ) ;
#2529 = STYLED_ITEM ( 'NONE', ( #6031 ), #323 ) ;
#2530 =( NAMED_UNIT ( * ) PLANE_ANGLE_UNIT ( ) SI_UNIT ( $, .RADIAN. ) );
#2531 = CARTESIAN_POINT ( 'NONE',  ( 0.002685323702752086001, -2.399999999999999911, 1.707988939841460496 ) ) ;
#2532 = EDGE_LOOP ( 'NONE', ( #5683, #776 ) ) ;
#2533 = ORIENTED_EDGE ( 'NONE', *, *, #7402, .T. ) ;
#2534 = ORIENTED_EDGE ( 'NONE', *, *, #6744, .T. ) ;
#2535 = DIRECTION ( 'NONE',  ( 0.000000000000000000, 0.000000000000000000, -1.000000000000000000 ) ) ;
#2536 = PLANE ( 'NONE',  #5854 ) ;
#2537 = VECTOR ( 'NONE', #5665, 1000.000000000000000 ) ;
#2538 = CARTESIAN_POINT ( 'NONE',  ( 2.422198732394910348, -2.399999999999998135, 1.902866082502339573 ) ) ;
#2539 = SURFACE_SIDE_STYLE ('',( #1997 ) ) ;
#2540 = ORIENTED_EDGE ( 'NONE', *, *, #4019, .F. ) ;
#2541 = CARTESIAN_POINT ( 'NONE',  ( -4.401045837440702435, -0.1000000000000000056, 1.187158322142691791 ) ) ;
#2542 = ORIENTED_EDGE ( 'NONE', *, *, #428, .T. ) ;
#2543 = STYLED_ITEM ( 'NONE', ( #7643 ), #3027 ) ;
#2544 = CARTESIAN_POINT ( 'NONE',  ( -4.299999999999999822, -2.500000000000000000, -0.6000685097690720005 ) ) ;
#2545 = SURFACE_STYLE_FILL_AREA ( #6819 ) ;
#2546 = FACE_OUTER_BOUND ( 'NONE', #5388, .T. ) ;
#2547 = UNCERTAINTY_MEASURE_WITH_UNIT (LENGTH_MEASURE( 1.000000000000000082E-05 ), #6153, 'distance_accuracy_value', 'NONE');
#2548 = DIRECTION ( 'NONE',  ( -1.000000000000000000, 0.000000000000000000, 0.000000000000000000 ) ) ;
#2549 = FILL_AREA_STYLE_COLOUR ( '', #67 ) ;
#2550 = FILL_AREA_STYLE ('',( #3849 ) ) ;
#2551 = COLOUR_RGB ( '',0.8313725490196077761, 0.8313725490196077761, 0.8196078431372548767 ) ;
#2552 = LINE ( 'NONE', #4496, #7529 ) ;
#2553 = PRESENTATION_STYLE_ASSIGNMENT (( #7261 ) ) ;
#2554 = PRESENTATION_LAYER_ASSIGNMENT (  '', '', ( #5997 ) ) ;
#2555 = FACE_OUTER_BOUND ( 'NONE', #7768, .T. ) ;
#2556 = PRESENTATION_STYLE_ASSIGNMENT (( #4865 ) ) ;
#2557 = STYLED_ITEM ( 'NONE', ( #2172 ), #3859 ) ;
#2558 = FILL_AREA_STYLE ('',( #6715 ) ) ;
#2559 = CARTESIAN_POINT ( 'NONE',  ( -5.000000000000000000, -2.500000000000000000, 2.250000000000000000 ) ) ;
#2560 =( NAMED_UNIT ( * ) SI_UNIT ( $, .STERADIAN. ) SOLID_ANGLE_UNIT ( ) );
#2561 = EDGE_LOOP ( 'NONE', ( #4162, #1795, #6346, #3450 ) ) ;
#2562 = SURFACE_STYLE_USAGE ( .BOTH. , #5696 ) ;
#2563 = CARTESIAN_POINT ( 'NONE',  ( 0.04477143453100806275, -2.400000000000000355, 2.200695912739562665 ) ) ;
#2564 = LINE ( 'NONE', #6755, #3867 ) ;
#2565 = DIRECTION ( 'NONE',  ( -0.000000000000000000, -0.000000000000000000, -1.000000000000000000 ) ) ;
#2566 = EDGE_CURVE ( 'NONE', #798, #167, #1162, .T. ) ;
#2567 = ORIENTED_EDGE ( 'NONE', *, *, #3337, .T. ) ;
#2568 = DIRECTION ( 'NONE',  ( 0.4190581774617467836, 0.9079593845004517716, 0.000000000000000000 ) ) ;
#2569 =( GEOMETRIC_REPRESENTATION_CONTEXT ( 3 ) GLOBAL_UNCERTAINTY_ASSIGNED_CONTEXT ( ( #1569 ) ) GLOBAL_UNIT_ASSIGNED_CONTEXT ( ( #6733, #6146, #3008 ) ) REPRESENTATION_CONTEXT ( 'NONE', 'WORKASPACE' ) );
#2570 = LINE ( 'NONE', #4994, #5791 ) ;
#2571 = ORIENTED_EDGE ( 'NONE', *, *, #5170, .T. ) ;
#2572 = EDGE_LOOP ( 'NONE', ( #1485, #3547, #2311, #4825 ) ) ;
#2573 = FACE_OUTER_BOUND ( 'NONE', #7414, .T. ) ;
#2574 = ORIENTED_EDGE ( 'NONE', *, *, #1202, .T. ) ;
#2575 = B_SPLINE_CURVE_WITH_KNOTS ( 'NONE', 3,
 ( #7159, #5286, #7735, #2883, #6576, #7774, #2273, #5825, #7122, #1082, #3488, #4717, #5934, #486, #374, #1707, #1126, #2769, #5204, #7659, #2197, #7288, #2921, #3004, #5457, #5541, #5976 ),
 .UNSPECIFIED., .F., .F.,
 ( 4, 1, 1, 1, 1, 1, 1, 1, 1, 1, 1, 1, 1, 1, 1, 1, 1, 1, 1, 1, 1, 1, 1, 1, 4 ),
 ( 0.000000000000000000, 0.04395667070316812419, 0.08750538204041458101, 0.1304678559235578628, 0.1730450983334627935, 0.2154162619627679742, 0.2576647176575916354, 0.3001693404700906953, 0.3431398032843397394, 0.3859451926419475987, 0.4277074306817492677, 0.4688413024238546889, 0.5095167823780931693, 0.5497040964414293684, 0.5898026954992344750, 0.6299942800385471831, 0.6704592979647946427, 0.7109762396519020422, 0.7513435876474673369, 0.7917672308313199458, 0.8324522034361715450, 0.8733139674018709497, 0.9145395303442610535, 0.9569218316235561517, 1.000000000000000000 ),
 .UNSPECIFIED. ) ;
#2576 = CARTESIAN_POINT ( 'NONE',  ( -2.750000000000000444, -0.1000000000000000056, 0.3886139668323275731 ) ) ;
#2577 = ORIENTED_EDGE ( 'NONE', *, *, #7866, .F. ) ;
#2578 = ORIENTED_EDGE ( 'NONE', *, *, #4124, .T. ) ;
#2579 = UNCERTAINTY_MEASURE_WITH_UNIT (LENGTH_MEASURE( 1.000000000000000082E-05 ), #7762, 'distance_accuracy_value', 'NONE');
#2580 = SURFACE_STYLE_USAGE ( .BOTH. , #6888 ) ;
#2581 = LINE ( 'NONE', #6267, #4422 ) ;
#2582 = PRESENTATION_LAYER_ASSIGNMENT (  '', '', ( #440 ) ) ;
#2583 = DIRECTION ( 'NONE',  ( 0.000000000000000000, 0.000000000000000000, 1.000000000000000000 ) ) ;
#2584 = MECHANICAL_DESIGN_GEOMETRIC_PRESENTATION_REPRESENTATION (  '', ( #724 ), #6036 ) ;
#2585 = SURFACE_STYLE_FILL_AREA ( #911 ) ;
#2586 = SURFACE_STYLE_FILL_AREA ( #1452 ) ;
#2587 = CARTESIAN_POINT ( 'NONE',  ( 2.617133105493495648, -2.400000000000000799, 1.793433152290673682 ) ) ;
#2588 =( LENGTH_UNIT ( ) NAMED_UNIT ( * ) SI_UNIT ( .MILLI., .METRE. ) );
#2589 = MECHANICAL_DESIGN_GEOMETRIC_PRESENTATION_REPRESENTATION (  '', ( #1840 ), #7438 ) ;
#2590 = B_SPLINE_CURVE_WITH_KNOTS ( 'NONE', 3,
 ( #5407, #7850, #2389, #6139, #1787, #6060, #690, #4208, #1845, #539, #6029, #2403, #704, #6155, #4861, #2937, #5378, #4182, #4270 ),
 .UNSPECIFIED., .F., .F.,
 ( 4, 1, 1, 1, 1, 1, 1, 1, 1, 1, 1, 1, 1, 1, 1, 1, 4 ),
 ( 0.000000000000000000, 0.06879851674524077587, 0.1351184559300882826, 0.1990010113675050041, 0.2619337007769908521, 0.3235312844431775248, 0.3854347205665492049, 0.4472155159851222694, 0.5100181032833273065, 0.5725109099917946587, 0.6333640222588500235, 0.6932167277430215657, 0.7525553881310316218, 0.8125582265741697618, 0.8732608589653620967, 0.9355427078252673834, 1.000000000000000000 ),
 .UNSPECIFIED. ) ;
#2591 = SURFACE_SIDE_STYLE ('',( #4980 ) ) ;
#2592 = MECHANICAL_DESIGN_GEOMETRIC_PRESENTATION_REPRESENTATION (  '', ( #3983 ), #6168 ) ;
#2593 = CYLINDRICAL_SURFACE ( 'NONE', #6160, 0.6685684054278682176 ) ;
#2594 = CARTESIAN_POINT ( 'NONE',  ( 1.800956594368268382, -2.500000000000000000, -1.225342217102087350 ) ) ;
#2595 = ORIENTED_EDGE ( 'NONE', *, *, #294, .F. ) ;
#2596 = VECTOR ( 'NONE', #4848, 1000.000000000000000 ) ;
#2597 = FILL_AREA_STYLE_COLOUR ( '', #4699 ) ;
#2598 = DIRECTION ( 'NONE',  ( 0.000000000000000000, 1.000000000000000000, 0.000000000000000000 ) ) ;
#2599 = STYLED_ITEM ( 'NONE', ( #5978 ), #5500 ) ;
#2600 =( GEOMETRIC_REPRESENTATION_CONTEXT ( 3 ) GLOBAL_UNCERTAINTY_ASSIGNED_CONTEXT ( ( #5794 ) ) GLOBAL_UNIT_ASSIGNED_CONTEXT ( ( #6378, #5781, #7319 ) ) REPRESENTATION_CONTEXT ( 'NONE', 'WORKASPACE' ) );
#2601 = CARTESIAN_POINT ( 'NONE',  ( 0.2013194802264900440, -2.500000000000000000, 2.053189753338102719 ) ) ;
#2602 = PRESENTATION_LAYER_ASSIGNMENT (  '', '', ( #2234 ) ) ;
#2603 = SURFACE_STYLE_FILL_AREA ( #1463 ) ;
#2604 = CARTESIAN_POINT ( 'NONE',  ( 0.2531829830928687963, -2.400000000000000355, 1.926610731711220881 ) ) ;
#2605 = FILL_AREA_STYLE ('',( #1467 ) ) ;
#2606 = FILL_AREA_STYLE ('',( #189 ) ) ;
#2607 = DIRECTION ( 'NONE',  ( 0.000000000000000000, 0.000000000000000000, 1.000000000000000000 ) ) ;
#2608 = ORIENTED_EDGE ( 'NONE', *, *, #2125, .F. ) ;
#2609 = EDGE_CURVE ( 'NONE', #4365, #5038, #6017, .T. ) ;
#2610 = EDGE_LOOP ( 'NONE', ( #5572, #5591, #3758, #4753, #7257, #5892, #6600, #481 ) ) ;
#2611 = PRESENTATION_LAYER_ASSIGNMENT (  '', '', ( #7716 ) ) ;
#2612 = ORIENTED_EDGE ( 'NONE', *, *, #7402, .F. ) ;
#2613 = CARTESIAN_POINT ( 'NONE',  ( -0.01061543250958594566, -2.499999999999999556, 2.263450439878207820 ) ) ;
#2614 = CARTESIAN_POINT ( 'NONE',  ( -0.03357009422298138507, -2.500000000000000444, 2.263496070196985066 ) ) ;
#2615 = DIRECTION ( 'NONE',  ( 0.000000000000000000, 1.000000000000000000, 0.000000000000000000 ) ) ;
#2616 =( LENGTH_UNIT ( ) NAMED_UNIT ( * ) SI_UNIT ( .MILLI., .METRE. ) );
#2617 = VECTOR ( 'NONE', #3256, 1000.000000000000000 ) ;
#2618 = VERTEX_POINT ( 'NONE', #2500 ) ;
#2619 = EDGE_CURVE ( 'NONE', #1368, #129, #4844, .T. ) ;
#2620 = FILL_AREA_STYLE_COLOUR ( '', #3182 ) ;
#2621 = ORIENTED_EDGE ( 'NONE', *, *, #6223, .T. ) ;
#2622 = EDGE_CURVE ( 'NONE', #7405, #1057, #4249, .T. ) ;
#2623 = PRESENTATION_LAYER_ASSIGNMENT (  '', '', ( #1493 ) ) ;
#2624 = DIRECTION ( 'NONE',  ( -0.000000000000000000, -1.000000000000000000, -0.000000000000000000 ) ) ;
#2625 = CARTESIAN_POINT ( 'NONE',  ( -0.1206605182823484584, -2.400000000000000355, 2.250000003224439382 ) ) ;
#2626 = LINE ( 'NONE', #5057, #3979 ) ;
#2627 = PRESENTATION_LAYER_ASSIGNMENT (  '', '', ( #617 ) ) ;
#2628 = CARTESIAN_POINT ( 'NONE',  ( -0.08132894421807215779, -2.500000000000000444, 2.204279588664525669 ) ) ;
#2629 = B_SPLINE_CURVE_WITH_KNOTS ( 'NONE', 3,
 ( #1189, #2951, #6565, #1114, #1150, #5966, #2874, #514, #6723, #2996, #2334, #3636, #4745, #7195, #6003, #549, #5395, #1819, #7840 ),
 .UNSPECIFIED., .F., .F.,
 ( 4, 1, 1, 1, 1, 1, 1, 1, 1, 1, 1, 1, 1, 1, 1, 1, 4 ),
 ( 0.000000000000000000, 0.06947963636698303858, 0.1365250035391403771, 0.2008008928734230092, 0.2639832069133266623, 0.3257111447611867883, 0.3872705140757306541, 0.4494927805315641622, 0.5129551957628502024, 0.5762663970701067395, 0.6375749668311768703, 0.6979010984244969906, 0.7575582794115640617, 0.8165875043650628884, 0.8766457566083128983, 0.9372858729381252640, 1.000000000000000000 ),
 .UNSPECIFIED. ) ;
#2630 =( LENGTH_UNIT ( ) NAMED_UNIT ( * ) SI_UNIT ( .MILLI., .METRE. ) );
#2631 = PRESENTATION_LAYER_ASSIGNMENT (  '', '', ( #1632 ) ) ;
#2632 = CARTESIAN_POINT ( 'NONE',  ( -0.02724275507478629912, -2.400000000000000355, 2.209294871794871717 ) ) ;
#2633 = LINE ( 'NONE', #383, #7301 ) ;
#2634 = FILL_AREA_STYLE_COLOUR ( '', #6298 ) ;
#2635 = VECTOR ( 'NONE', #706, 1000.000000000000000 ) ;
#2636 = EDGE_LOOP ( 'NONE', ( #3956, #2432, #2342, #6799 ) ) ;
#2637 = DIRECTION ( 'NONE',  ( 1.000000000000000000, 0.000000000000000000, 0.000000000000000000 ) ) ;
#2638 = MECHANICAL_DESIGN_GEOMETRIC_PRESENTATION_REPRESENTATION (  '', ( #5059 ), #3652 ) ;
#2639 = DIRECTION ( 'NONE',  ( 0.8679300138597070280, 0.000000000000000000, -0.4966865118376871391 ) ) ;
#2640 = PRESENTATION_STYLE_ASSIGNMENT (( #5698 ) ) ;
#2641 = SURFACE_SIDE_STYLE ('',( #6481 ) ) ;
#2642 = SURFACE_STYLE_USAGE ( .BOTH. , #5615 ) ;
#2643 = CARTESIAN_POINT ( 'NONE',  ( 4.499087289663464162, -0.9004951481143085301, -2.149999999999999911 ) ) ;
#2644 = DIRECTION ( 'NONE',  ( 0.000000000000000000, -1.000000000000000000, 0.000000000000000000 ) ) ;
#2645 = ORIENTED_EDGE ( 'NONE', *, *, #5262, .F. ) ;
#2646 = VERTEX_POINT ( 'NONE', #7376 ) ;
#2647 = CARTESIAN_POINT ( 'NONE',  ( -0.02724275507478629912, -2.400000000000000355, 2.209294871794871717 ) ) ;
#2648 = ORIENTED_EDGE ( 'NONE', *, *, #5845, .T. ) ;
#2649 = DIRECTION ( 'NONE',  ( -0.4966865118376870836, 0.000000000000000000, -0.8679300138597070280 ) ) ;
#2650 = CARTESIAN_POINT ( 'NONE',  ( -0.2577991452991453269, -2.400000000000000355, 2.152583299946581263 ) ) ;
#2651 = EDGE_CURVE ( 'NONE', #7625, #894, #7251, .T. ) ;
#2652 = DIRECTION ( 'NONE',  ( 0.000000000000000000, -4.336808689942017736E-16, -1.000000000000000000 ) ) ;
#2653 = ORIENTED_EDGE ( 'NONE', *, *, #7401, .T. ) ;
#2654 = PRESENTATION_LAYER_ASSIGNMENT (  '', '', ( #3540 ) ) ;
#2655 = ORIENTED_EDGE ( 'NONE', *, *, #1723, .T. ) ;
#2656 = DIRECTION ( 'NONE',  ( 0.4190581774617467836, 0.9079593845004517716, 0.000000000000000000 ) ) ;
#2657 = VERTEX_POINT ( 'NONE', #1199 ) ;
#2658 = LINE ( 'NONE', #1369, #7479 ) ;
#2659 = SURFACE_SIDE_STYLE ('',( #287 ) ) ;
#2660 = ADVANCED_FACE ( 'NONE', ( #1874 ), #692, .F. ) ;
#2661 = DIRECTION ( 'NONE',  ( -1.000000000000000000, -0.000000000000000000, -0.000000000000000000 ) ) ;
#2662 = EDGE_CURVE ( 'NONE', #1694, #127, #772, .T. ) ;
#2663 = FACE_OUTER_BOUND ( 'NONE', #5981, .T. ) ;
#2664 = PRESENTATION_STYLE_ASSIGNMENT (( #3133 ) ) ;
#2665 = SURFACE_STYLE_USAGE ( .BOTH. , #5719 ) ;
#2666 = UNCERTAINTY_MEASURE_WITH_UNIT (LENGTH_MEASURE( 1.000000000000000082E-05 ), #2431, 'distance_accuracy_value', 'NONE');
#2667 = STYLED_ITEM ( 'NONE', ( #2976 ), #2924 ) ;
#2668 = FACE_OUTER_BOUND ( 'NONE', #5520, .T. ) ;
#2669 = DIRECTION ( 'NONE',  ( -0.000000000000000000, -1.000000000000000000, -0.000000000000000000 ) ) ;
#2670 =( LENGTH_UNIT ( ) NAMED_UNIT ( * ) SI_UNIT ( .MILLI., .METRE. ) );
#2671 = CARTESIAN_POINT ( 'NONE',  ( 2.422198732394910348, -2.400000000000000355, 1.902866082502339573 ) ) ;
#2672 =( LENGTH_UNIT ( ) NAMED_UNIT ( * ) SI_UNIT ( .MILLI., .METRE. ) );
#2673 = DIRECTION ( 'NONE',  ( -0.000000000000000000, -0.000000000000000000, 1.000000000000000000 ) ) ;
#2674 =( NAMED_UNIT ( * ) PLANE_ANGLE_UNIT ( ) SI_UNIT ( $, .RADIAN. ) );
#2675 =( LENGTH_UNIT ( ) NAMED_UNIT ( * ) SI_UNIT ( .MILLI., .METRE. ) );
#2676 = UNCERTAINTY_MEASURE_WITH_UNIT (LENGTH_MEASURE( 1.000000000000000082E-05 ), #4621, 'distance_accuracy_value', 'NONE');
#2677 = DIRECTION ( 'NONE',  ( -0.4189977888269755257, -0.9079872537420914380, 0.000000000000000000 ) ) ;
#2678 = VECTOR ( 'NONE', #4336, 1000.000000000000000 ) ;
#2679 = AXIS2_PLACEMENT_3D ( 'NONE', #7004, #7039, #1703 ) ;
#2680 = CARTESIAN_POINT ( 'NONE',  ( 2.723173076923075531, -2.500000000000000000, 2.250000000000000000 ) ) ;
#2681 = LINE ( 'NONE', #7560, #897 ) ;
#2682 = CARTESIAN_POINT ( 'NONE',  ( 0.06669800411854982791, -2.399999999999999911, 2.193702337146667070 ) ) ;
#2683 = VERTEX_POINT ( 'NONE', #246 ) ;
#2684 = FILL_AREA_STYLE ('',( #5036 ) ) ;
#2685 = FACE_OUTER_BOUND ( 'NONE', #3158, .T. ) ;
#2686 = VERTEX_POINT ( 'NONE', #6342 ) ;
#2687 = EDGE_CURVE ( 'NONE', #2657, #5814, #5083, .T. ) ;
#2688 = ORIENTED_EDGE ( 'NONE', *, *, #593, .T. ) ;
#2689 = CARTESIAN_POINT ( 'NONE',  ( -0.1764397973762563410, -2.400000000000000799, 2.159932548552653042 ) ) ;
#2690 = VERTEX_POINT ( 'NONE', #7411 ) ;
#2691 = VECTOR ( 'NONE', #902, 1000.000000000000000 ) ;
#2692 = CARTESIAN_POINT ( 'NONE',  ( -0.2255931228884972273, -2.499999999999999112, 2.189052483338517874 ) ) ;
#2693 =( LENGTH_UNIT ( ) NAMED_UNIT ( * ) SI_UNIT ( .MILLI., .METRE. ) );
#2694 = DIRECTION ( 'NONE',  ( -0.000000000000000000, 1.000000000000000000, -0.000000000000000000 ) ) ;
#2695 = EDGE_LOOP ( 'NONE', ( #6332, #685, #4839, #6897 ) ) ;
#2696 = CARTESIAN_POINT ( 'NONE',  ( 4.344216997195514907, -1.236312455806616306, -2.250000000000000000 ) ) ;
#2697 = EDGE_CURVE ( 'NONE', #4553, #5917, #7572, .T. ) ;
#2698 = EDGE_LOOP ( 'NONE', ( #397, #2879, #7482, #3026 ) ) ;
#2699 = EDGE_CURVE ( 'NONE', #5651, #6620, #3121, .T. ) ;
#2700 = CARTESIAN_POINT ( 'NONE',  ( 2.457218724984110203, -2.500000000000000888, 1.963574950866729951 ) ) ;
#2701 = COLOUR_RGB ( '',1.000000000000000000, 1.000000000000000000, 1.000000000000000000 ) ;
#2702 = PLANE ( 'NONE',  #2517 ) ;
#2703 = DIRECTION ( 'NONE',  ( -0.000000000000000000, -1.000000000000000000, -0.000000000000000000 ) ) ;
#2704 = CARTESIAN_POINT ( 'NONE',  ( 1.800956594368268382, -0.2000000000000000111, -1.647441418907150457 ) ) ;
#2705 = STYLED_ITEM ( 'NONE', ( #4947 ), #5807 ) ;
#2706 = CARTESIAN_POINT ( 'NONE',  ( 2.532685797275640027, -2.500000000000000000, 1.761538461538461497 ) ) ;
#2707 = CARTESIAN_POINT ( 'NONE',  ( -2.540000000000000480, -2.400000000000000355, 2.016198513312075224 ) ) ;
#2708 = PRESENTATION_STYLE_ASSIGNMENT (( #382 ) ) ;
#2709 = CARTESIAN_POINT ( 'NONE',  ( 1.800956594368268382, -2.299999999999999822, -1.647441418907150457 ) ) ;
#2710 = FACE_BOUND ( 'NONE', #4593, .T. ) ;
#2711 = COLOUR_RGB ( '',1.000000000000000000, 1.000000000000000000, 1.000000000000000000 ) ;
#2712 =( NAMED_UNIT ( * ) PLANE_ANGLE_UNIT ( ) SI_UNIT ( $, .RADIAN. ) );
#2713 = ADVANCED_FACE ( 'NONE', ( #6177 ), #2536, .F. ) ;
#2714 = CARTESIAN_POINT ( 'NONE',  ( 5.000000000000000000, -0.1000000000000000056, 0.4132593211698106228 ) ) ;
#2715 =( LENGTH_UNIT ( ) NAMED_UNIT ( * ) SI_UNIT ( .MILLI., .METRE. ) );
#2716 = COLOUR_RGB ( '',1.000000000000000000, 1.000000000000000000, 1.000000000000000000 ) ;
#2717 = VECTOR ( 'NONE', #7852, 1000.000000000000000 ) ;
#2718 = CARTESIAN_POINT ( 'NONE',  ( 0.2101186067088585130, -2.400000000000000355, 1.993767789897676002 ) ) ;
#2719 = CARTESIAN_POINT ( 'NONE',  ( 2.453529990251888560, -2.100000000000000089, 0.5137037129227551846 ) ) ;
#2720 = CARTESIAN_POINT ( 'NONE',  ( -1.722883656246370299, 0.000000000000000000, -1.647441418907150457 ) ) ;
#2721 =( LENGTH_UNIT ( ) NAMED_UNIT ( * ) SI_UNIT ( .MILLI., .METRE. ) );
#2722 = VECTOR ( 'NONE', #3572, 1000.000000000000000 ) ;
#2723 = AXIS2_PLACEMENT_3D ( 'NONE', #2719, #2106, #4583 ) ;
#2724 = VERTEX_POINT ( 'NONE', #6918 ) ;
#2725 = VECTOR ( 'NONE', #3585, 1000.000000000000000 ) ;
#2726 = VERTEX_POINT ( 'NONE', #4963 ) ;
#2727 = VERTEX_POINT ( 'NONE', #1437 ) ;
#2728 = VECTOR ( 'NONE', #6767, 1000.000000000000000 ) ;
#2729 = PRESENTATION_LAYER_ASSIGNMENT (  '', '', ( #1988 ) ) ;
#2730 = MECHANICAL_DESIGN_GEOMETRIC_PRESENTATION_REPRESENTATION (  '', ( #3742 ), #4761 ) ;
#2731 = ORIENTED_EDGE ( 'NONE', *, *, #4209, .F. ) ;
#2732 = PRESENTATION_LAYER_ASSIGNMENT (  '', '', ( #7711 ) ) ;
#2733 = ORIENTED_EDGE ( 'NONE', *, *, #2411, .T. ) ;
#2734 = EDGE_LOOP ( 'NONE', ( #6804, #1909, #1433, #7201 ) ) ;
#2735 = CARTESIAN_POINT ( 'NONE',  ( 2.370651308386320544, -2.400000000000000355, 1.871943522456937625 ) ) ;
#2736 = ADVANCED_FACE ( 'NONE', ( #3765 ), #3839, .F. ) ;
#2737 = DIRECTION ( 'NONE',  ( 0.000000000000000000, 1.000000000000000000, 0.000000000000000000 ) ) ;
#2738 = UNCERTAINTY_MEASURE_WITH_UNIT (LENGTH_MEASURE( 1.000000000000000082E-05 ), #4920, 'distance_accuracy_value', 'NONE');
#2739 = PRESENTATION_STYLE_ASSIGNMENT (( #5640 ) ) ;
#2740 = VECTOR ( 'NONE', #2434, 1000.000000000000000 ) ;
#2741 = PRESENTATION_STYLE_ASSIGNMENT (( #4076 ) ) ;
#2742 = CARTESIAN_POINT ( 'NONE',  ( 0.000000000000000000, -0.1000000000000000056, 0.000000000000000000 ) ) ;
#2743 = LINE ( 'NONE', #5176, #5675 ) ;
#2744 = STYLED_ITEM ( 'NONE', ( #2814 ), #1782 ) ;
#2745 = CARTESIAN_POINT ( 'NONE',  ( -0.08012641540943449270, -2.400000000000000355, 2.259563174491508342 ) ) ;
#2746 =( NAMED_UNIT ( * ) PLANE_ANGLE_UNIT ( ) SI_UNIT ( $, .RADIAN. ) );
#2747 = B_SPLINE_SURFACE_WITH_KNOTS ( 'NONE', 3, 1, ( 
 ( #5953, #5022 ),
 ( #6274, #6778 ),
 ( #3856, #4464 ),
 ( #3139, #3740 ),
 ( #4392, #177 ),
 ( #3099, #5601 ),
 ( #4978, #7464 ),
 ( #1415, #1888 ),
 ( #7506, #3778 ),
 ( #5643, #2587 ),
 ( #5564, #3820 ),
 ( #829, #876 ),
 ( #3262, #3216 ),
 ( #2011, #104 ),
 ( #4910, #2518 ),
 ( #4429, #6233 ),
 ( #707, #5685 ),
 ( #2052, #5723 ),
 ( #6861, #4314 ) ),
 .UNSPECIFIED., .F., .F., .F.,
 ( 4, 1, 1, 1, 1, 1, 1, 1, 1, 1, 1, 1, 1, 1, 1, 1, 4 ),
 ( 2, 2 ),
 ( 0.000000000000000000, 0.06444201985308740943, 0.1265534866972376771, 0.1867788219416115780, 0.2459439745213410911, 0.3041103458128570081, 0.3617852793109971321, 0.4202554070674600073, 0.4799428587769953292, 0.5402862362437811372, 0.6007123566267289494, 0.6619622304358139253, 0.7244721944653063073, 0.7888813129531346835, 0.8563062910592516008, 0.9263482014292836464, 1.000000000000000000 ),
 ( 0.000000000000000000, 1.000000000000000000 ),
 .UNSPECIFIED. ) ;
#2748 = EDGE_CURVE ( 'NONE', #5651, #7616, #2774, .T. ) ;
#2749 = CARTESIAN_POINT ( 'NONE',  ( 2.414827379981605127, -2.500000000000000000, 1.982136000810999832 ) ) ;
#2750 = UNCERTAINTY_MEASURE_WITH_UNIT (LENGTH_MEASURE( 1.000000000000000082E-05 ), #7072, 'distance_accuracy_value', 'NONE');
#2751 = CARTESIAN_POINT ( 'NONE',  ( 2.480534708646548570, -2.500000000000000000, 1.713508735292704754 ) ) ;
#2752 = CARTESIAN_POINT ( 'NONE',  ( -0.08026252959337150383, -2.399999999999999467, 1.766667882189133953 ) ) ;
#2753 = CARTESIAN_POINT ( 'NONE',  ( -1.722883656246370299, -0.2000000000000000111, -1.447028670344146617 ) ) ;
#2754 = FACE_OUTER_BOUND ( 'NONE', #7756, .T. ) ;
#2755 = PLANE ( 'NONE',  #4957 ) ;
#2756 = STYLED_ITEM ( 'NONE', ( #5243 ), #2429 ) ;
#2757 = EDGE_CURVE ( 'NONE', #3768, #5200, #437, .T. ) ;
#2758 = CARTESIAN_POINT ( 'NONE',  ( 0.03146275528338225713, -2.500000000000000444, 1.711786408425892470 ) ) ;
#2759 = VERTEX_POINT ( 'NONE', #3363 ) ;
#2760 = ORIENTED_EDGE ( 'NONE', *, *, #5788, .F. ) ;
#2761 = ORIENTED_EDGE ( 'NONE', *, *, #1599, .T. ) ;
#2762 = CARTESIAN_POINT ( 'NONE',  ( 0.2414746200812157850, -2.500000000000000444, 2.084860304494573047 ) ) ;
#2763 = CARTESIAN_POINT ( 'NONE',  ( 3.400000000000001243, 0.000000000000000000, -2.250000000000000000 ) ) ;
#2764 = CARTESIAN_POINT ( 'NONE',  ( 2.539999999999999591, -2.400000000000000355, 2.016198513312075224 ) ) ;
#2765 = EDGE_LOOP ( 'NONE', ( #2760, #7408, #977, #4525, #4720, #2577 ) ) ;
#2766 = VERTEX_POINT ( 'NONE', #316 ) ;
#2767 = ORIENTED_EDGE ( 'NONE', *, *, #1540, .T. ) ;
#2768 = CARTESIAN_POINT ( 'NONE',  ( 4.299999999999999822, -2.500000000000000000, 0.000000000000000000 ) ) ;
#2769 = CARTESIAN_POINT ( 'NONE',  ( 0.1802440542939502954, -2.500000000000000000, 1.872019492588000711 ) ) ;
#2770 = AXIS2_PLACEMENT_3D ( 'NONE', #4948, #3783, #6279 ) ;
#2771 =( NAMED_UNIT ( * ) SI_UNIT ( $, .STERADIAN. ) SOLID_ANGLE_UNIT ( ) );
#2772 = CARTESIAN_POINT ( 'NONE',  ( -1.722883656246370299, -0.2000000000000000111, -1.447028670344146617 ) ) ;
#2773 = DIRECTION ( 'NONE',  ( 0.000000000000000000, -1.000000000000000000, 0.000000000000000000 ) ) ;
#2774 = CIRCLE ( 'NONE', #3544, 0.6000685097690720005 ) ;
#2775 = EDGE_CURVE ( 'NONE', #2618, #3429, #6494, .T. ) ;
#2776 = SURFACE_STYLE_USAGE ( .BOTH. , #340 ) ;
#2777 = CARTESIAN_POINT ( 'NONE',  ( -2.540000000000000480, -2.500000000000000000, 2.016198513312075224 ) ) ;
#2778 = PRESENTATION_STYLE_ASSIGNMENT (( #991 ) ) ;
#2779 =( NAMED_UNIT ( * ) SI_UNIT ( $, .STERADIAN. ) SOLID_ANGLE_UNIT ( ) );
#2780 =( LENGTH_UNIT ( ) NAMED_UNIT ( * ) SI_UNIT ( .MILLI., .METRE. ) );
#2781 = CARTESIAN_POINT ( 'NONE',  ( 4.135872885735895288, 0.000000000000000000, -0.000000000000000000 ) ) ;
#2782 = PRESENTATION_LAYER_ASSIGNMENT (  '', '', ( #1917 ) ) ;
#2783 = CARTESIAN_POINT ( 'NONE',  ( 2.370651308386320544, -2.500000000000000000, 1.871943522456937625 ) ) ;
#2784 = CARTESIAN_POINT ( 'NONE',  ( 2.363611111111109775, -2.500000000000000000, 2.250000000000000000 ) ) ;
#2785 = CARTESIAN_POINT ( 'NONE',  ( 4.210176282051284247, -1.694245148114308597, -2.250000000000000000 ) ) ;
#2786 = FILL_AREA_STYLE_COLOUR ( '', #5278 ) ;
#2787 = FACE_OUTER_BOUND ( 'NONE', #4120, .T. ) ;
#2788 =( NAMED_UNIT ( * ) PLANE_ANGLE_UNIT ( ) SI_UNIT ( $, .RADIAN. ) );
#2789 = CARTESIAN_POINT ( 'NONE',  ( 2.436595520279248639, -2.400000000000001688, 1.809714042897088371 ) ) ;
#2790 = DIRECTION ( 'NONE',  ( 1.364799380695330128E-15, 0.000000000000000000, 1.000000000000000000 ) ) ;
#2791 = FACE_OUTER_BOUND ( 'NONE', #6532, .T. ) ;
#2792 = CARTESIAN_POINT ( 'NONE',  ( 0.2468081077583795246, -2.400000000000000355, 1.900313012943395607 ) ) ;
#2793 = PRESENTATION_LAYER_ASSIGNMENT (  '', '', ( #3941 ) ) ;
#2794 = VERTEX_POINT ( 'NONE', #2832 ) ;
#2795 = STYLED_ITEM ( 'NONE', ( #4755 ), #3770 ) ;
#2796 = EDGE_LOOP ( 'NONE', ( #1957, #510, #1734, #2928 ) ) ;
#2797 = DIRECTION ( 'NONE',  ( -0.000000000000000000, -0.000000000000000000, 1.000000000000000000 ) ) ;
#2798 = ORIENTED_EDGE ( 'NONE', *, *, #445, .F. ) ;
#2799 = EDGE_CURVE ( 'NONE', #726, #3429, #6379, .T. ) ;
#2800 = LINE ( 'NONE', #4670, #71 ) ;
#2801 = AXIS2_PLACEMENT_3D ( 'NONE', #308, #3754, #1942 ) ;
#2802 = CARTESIAN_POINT ( 'NONE',  ( 2.663236821978520741, -2.500000000000000000, 1.769442673155927181 ) ) ;
#2803 = VERTEX_POINT ( 'NONE', #5235 ) ;
#2804 = CARTESIAN_POINT ( 'NONE',  ( 1.800956594368268382, 0.000000000000000000, -1.647441418907150457 ) ) ;
#2805 = ORIENTED_EDGE ( 'NONE', *, *, #1129, .F. ) ;
#2806 = VECTOR ( 'NONE', #864, 1000.000000000000000 ) ;
#2807 = SURFACE_STYLE_FILL_AREA ( #3485 ) ;
#2808 = DIRECTION ( 'NONE',  ( 0.000000000000000000, -1.000000000000000000, 0.000000000000000000 ) ) ;
#2809 = CARTESIAN_POINT ( 'NONE',  ( 4.135872885735895288, -1.797251865729859954, 2.250000000000000000 ) ) ;
#2810 = CARTESIAN_POINT ( 'NONE',  ( -0.2162459935897435848, -2.400000000000000355, 1.849732905982906184 ) ) ;
#2811 = MECHANICAL_DESIGN_GEOMETRIC_PRESENTATION_REPRESENTATION (  '', ( #5233 ), #816 ) ;
#2812 = UNCERTAINTY_MEASURE_WITH_UNIT (LENGTH_MEASURE( 1.000000000000000082E-05 ), #7203, 'distance_accuracy_value', 'NONE');
#2813 = LINE ( 'NONE', #2853, #423 ) ;
#2814 = PRESENTATION_STYLE_ASSIGNMENT (( #1651 ) ) ;
#2815 = PLANE ( 'NONE',  #7597 ) ;
#2816 = CARTESIAN_POINT ( 'NONE',  ( -1.634757397634042375, 0.000000000000000000, -3.591119187505327215 ) ) ;
#2817 = LINE ( 'NONE', #6326, #2272 ) ;
#2818 = CARTESIAN_POINT ( 'NONE',  ( 1.993914404288690490, -2.400000000000000355, 1.630485880782381436 ) ) ;
#2819 = DIRECTION ( 'NONE',  ( 0.000000000000000000, -1.000000000000000000, 0.000000000000000000 ) ) ;
#2820 = CARTESIAN_POINT ( 'NONE',  ( 2.422330262157132985, -2.400000000000000355, 1.837561106484415729 ) ) ;
#2821 =( LENGTH_UNIT ( ) NAMED_UNIT ( * ) SI_UNIT ( .MILLI., .METRE. ) );
#2822 = COLOUR_RGB ( '',0.1843137254901960898, 0.7568627450980391913, 1.000000000000000000 ) ;
#2823 = CARTESIAN_POINT ( 'NONE',  ( 0.03146275528338225713, -2.400000000000000799, 1.711786408425892470 ) ) ;
#2824 = ADVANCED_FACE ( 'NONE', ( #4560 ), #2875, .F. ) ;
#2825 = ORIENTED_EDGE ( 'NONE', *, *, #1798, .T. ) ;
#2826 = ORIENTED_EDGE ( 'NONE', *, *, #5834, .F. ) ;
#2827 = LINE ( 'NONE', #6488, #2474 ) ;
#2828 = AXIS2_PLACEMENT_3D ( 'NONE', #944, #2624, #1529 ) ;
#2829 = STYLED_ITEM ( 'NONE', ( #3931 ), #3959 ) ;
#2830 = ORIENTED_EDGE ( 'NONE', *, *, #5426, .F. ) ;
#2831 = SURFACE_SIDE_STYLE ('',( #5889 ) ) ;
#2832 = CARTESIAN_POINT ( 'NONE',  ( 2.609855936164528600, -2.500000000000000000, 2.195726495726495919 ) ) ;
#2833 = PRESENTATION_STYLE_ASSIGNMENT (( #5090 ) ) ;
#2834 = ADVANCED_FACE ( 'NONE', ( #7726 ), #5923, .F. ) ;
#2835 = STYLED_ITEM ( 'NONE', ( #3772 ), #5327 ) ;
#2836 = CARTESIAN_POINT ( 'NONE',  ( 2.699055885977699631, -2.500000000000000000, 1.846939807583052984 ) ) ;
#2837 = AXIS2_PLACEMENT_3D ( 'NONE', #3100, #4911, #5644 ) ;
#2838 = EDGE_CURVE ( 'NONE', #6241, #4986, #413, .T. ) ;
#2839 = ORIENTED_EDGE ( 'NONE', *, *, #2757, .T. ) ;
#2840 = SURFACE_STYLE_FILL_AREA ( #4638 ) ;
#2841 = EDGE_LOOP ( 'NONE', ( #7877, #1666 ) ) ;
#2842 = VECTOR ( 'NONE', #5937, 1000.000000000000000 ) ;
#2843 = CARTESIAN_POINT ( 'NONE',  ( 0.1430971256303192884, -2.500000000000000000, 2.145660952412253852 ) ) ;
#2844 =( GEOMETRIC_REPRESENTATION_CONTEXT ( 3 ) GLOBAL_UNCERTAINTY_ASSIGNED_CONTEXT ( ( #2738 ) ) GLOBAL_UNIT_ASSIGNED_CONTEXT ( ( #4920, #75, #1352 ) ) REPRESENTATION_CONTEXT ( 'NONE', 'WORKASPACE' ) );
#2845 = AXIS2_PLACEMENT_3D ( 'NONE', #5394, #5484, #74 ) ;
#2846 = CARTESIAN_POINT ( 'NONE',  ( 2.453529990251888560, -2.500000000000000000, 0.5137037129227551846 ) ) ;
#2847 = CARTESIAN_POINT ( 'NONE',  ( -4.299999999999999822, -2.366666666666666696, -4.349502369265499566E-17 ) ) ;
#2848 = UNCERTAINTY_MEASURE_WITH_UNIT (LENGTH_MEASURE( 1.000000000000000082E-05 ), #1503, 'distance_accuracy_value', 'NONE');
#2849 = LINE ( 'NONE', #5289, #2115 ) ;
#2850 = EDGE_CURVE ( 'NONE', #6505, #2497, #550, .T. ) ;
#2851 = EDGE_CURVE ( 'NONE', #7655, #4204, #5486, .T. ) ;
#2852 = VECTOR ( 'NONE', #1970, 1000.000000000000000 ) ;
#2853 = CARTESIAN_POINT ( 'NONE',  ( 0.5460855957113092130, -2.400000000000000355, 1.630485880782381436 ) ) ;
#2854 = ORIENTED_EDGE ( 'NONE', *, *, #2460, .T. ) ;
#2855 = CARTESIAN_POINT ( 'NONE',  ( 0.007578310413802624539, -2.400000000000000799, 1.763321876385254949 ) ) ;
#2856 =( LENGTH_UNIT ( ) NAMED_UNIT ( * ) SI_UNIT ( .MILLI., .METRE. ) );
#2857 = DIRECTION ( 'NONE',  ( 0.000000000000000000, -1.000000000000000000, 0.000000000000000000 ) ) ;
#2858 = SURFACE_STYLE_USAGE ( .BOTH. , #6440 ) ;
#2859 = CARTESIAN_POINT ( 'NONE',  ( 2.424798316876002779, -2.500000000000000444, 1.994995928441463340 ) ) ;
#2860 = VECTOR ( 'NONE', #2583, 1000.000000000000000 ) ;
#2861 = B_SPLINE_CURVE_WITH_KNOTS ( 'NONE', 3,
 ( #6401, #3868, #2208, #998, #2751, #5838, #888, #2174, #7066, #3943, #3271, #4577, #5731, #5183, #957, #387, #4020, #6479, #3980 ),
 .UNSPECIFIED., .F., .F.,
 ( 4, 1, 1, 1, 1, 1, 1, 1, 1, 1, 1, 1, 1, 1, 1, 1, 4 ),
 ( 0.000000000000000000, 0.06947963636698303858, 0.1365250035391403771, 0.2008008928734230092, 0.2639832069133266623, 0.3257111447611867883, 0.3872705140757306541, 0.4494927805315641622, 0.5129551957628502024, 0.5762663970701067395, 0.6375749668311768703, 0.6979010984244969906, 0.7575582794115640617, 0.8165875043650628884, 0.8766457566083128983, 0.9372858729381252640, 1.000000000000000000 ),
 .UNSPECIFIED. ) ;
#2862 = FACE_OUTER_BOUND ( 'NONE', #5192, .T. ) ;
#2863 = MECHANICAL_DESIGN_GEOMETRIC_PRESENTATION_REPRESENTATION (  '', ( #1493 ), #615 ) ;
#2864 = DIRECTION ( 'NONE',  ( -1.000000000000000000, 0.000000000000000000, 0.000000000000000000 ) ) ;
#2865 = CARTESIAN_POINT ( 'NONE',  ( 2.459588023546334767, -2.400000000000000355, 1.785741287151880519 ) ) ;
#2866 = FILL_AREA_STYLE ('',( #7107 ) ) ;
#2867 = CARTESIAN_POINT ( 'NONE',  ( 0.2531829830928687963, -2.400000000000000355, 1.926610731711220881 ) ) ;
#2868 = AXIS2_PLACEMENT_3D ( 'NONE', #2742, #2165, #7013 ) ;
#2869 = ORIENTED_EDGE ( 'NONE', *, *, #2945, .F. ) ;
#2870 = B_SPLINE_SURFACE_WITH_KNOTS ( 'NONE', 3, 1, ( 
 ( #124, #3719 ),
 ( #4845, #4213 ),
 ( #4891, #5498 ),
 ( #1289, #3005 ),
 ( #1829, #7334 ),
 ( #3685, #6180 ),
 ( #3122, #4251 ),
 ( #6697, #271 ),
 ( #7377, #1912 ),
 ( #1248, #5584 ),
 ( #7562, #3046 ),
 ( #3648, #2538 ),
 ( #736, #6105 ),
 ( #2461, #1875 ),
 ( #4964, #3082 ) ),
 .UNSPECIFIED., .F., .F., .F.,
 ( 4, 1, 1, 1, 1, 1, 1, 1, 1, 1, 1, 1, 4 ),
 ( 2, 2 ),
 ( 0.000000000000000000, 0.1107941734871626949, 0.2128129326077742300, 0.3060779098917647545, 0.3906174580602137514, 0.4672327266979069971, 0.5344506183816977174, 0.5938668014988494059, 0.6448329686326043086, 0.7362206188001779728, 0.8250374016667813004, 0.9119923130965329472, 0.9999999999999998890 ),
 ( 0.000000000000000000, 1.000000000000000000 ),
 .UNSPECIFIED. ) ;
#2871 = ORIENTED_EDGE ( 'NONE', *, *, #904, .T. ) ;
#2872 = PLANE ( 'NONE',  #322 ) ;
#2873 = EDGE_CURVE ( 'NONE', #3531, #5930, #3674, .T. ) ;
#2874 = CARTESIAN_POINT ( 'NONE',  ( 2.451458035316325557, -2.400000000000001243, 1.725324977164068407 ) ) ;
#2875 = PLANE ( 'NONE',  #7765 ) ;
#2876 = CARTESIAN_POINT ( 'NONE',  ( 2.547773634733388803, -2.399999999999999911, 1.707651764087707358 ) ) ;
#2877 = ORIENTED_EDGE ( 'NONE', *, *, #1846, .F. ) ;
#2878 = MECHANICAL_DESIGN_GEOMETRIC_PRESENTATION_REPRESENTATION (  '', ( #109 ), #6591 ) ;
#2879 = ORIENTED_EDGE ( 'NONE', *, *, #2850, .F. ) ;
#2880 = DIRECTION ( 'NONE',  ( 0.000000000000000000, -0.000000000000000000, 1.000000000000000000 ) ) ;
#2881 = CARTESIAN_POINT ( 'NONE',  ( 2.609855936164528600, -2.400000000000000355, 2.195726495726495919 ) ) ;
#2882 = EDGE_CURVE ( 'NONE', #242, #6619, #504, .T. ) ;
#2883 = CARTESIAN_POINT ( 'NONE',  ( 0.007578310413802624539, -2.500000000000000444, 1.763321876385254949 ) ) ;
#2884 = EDGE_LOOP ( 'NONE', ( #1088, #5609, #3358, #5660 ) ) ;
#2885 = VERTEX_POINT ( 'NONE', #1151 ) ;
#2886 = ORIENTED_EDGE ( 'NONE', *, *, #2986, .F. ) ;
#2887 = CARTESIAN_POINT ( 'NONE',  ( 0.000000000000000000, -1.000000000000000000, 0.000000000000000000 ) ) ;
#2888 = EDGE_CURVE ( 'NONE', #7884, #7373, #5526, .T. ) ;
#2889 = CARTESIAN_POINT ( 'NONE',  ( -0.2073931961804744706, -2.499999999999999112, 1.839182537864383571 ) ) ;
#2890 = ADVANCED_FACE ( 'NONE', ( #7241, #7320 ), #2383, .F. ) ;
#2891 = LINE ( 'NONE', #5946, #7307 ) ;
#2892 = FACE_OUTER_BOUND ( 'NONE', #5884, .T. ) ;
#2893 = PRESENTATION_STYLE_ASSIGNMENT (( #2362 ) ) ;
#2894 = CARTESIAN_POINT ( 'NONE',  ( 2.382280705375544372, -2.499999999999999112, 1.928828574855678379 ) ) ;
#2895 = B_SPLINE_CURVE_WITH_KNOTS ( 'NONE', 3,
 ( #1536, #424, #3899, #1614, #2745, #6397, #878, #6900, #951 ),
 .UNSPECIFIED., .F., .F.,
 ( 4, 1, 1, 1, 1, 1, 4 ),
 ( 0.6442348175608185734, 0.6735190137933516619, 0.7369579095099199062, 0.8007139985482566447, 0.8659999867276052532, 0.9320943581165901382, 1.000000000000000000 ),
 .UNSPECIFIED. ) ;
#2896 = CARTESIAN_POINT ( 'NONE',  ( -2.240000000000000657, -1.000000000000000000, 7.281332158035503710 ) ) ;
#2897 = CARTESIAN_POINT ( 'NONE',  ( -2.469296040331197428, -2.400000000000000355, 1.720833333333333437 ) ) ;
#2898 = VECTOR ( 'NONE', #3564, 1000.000000000000000 ) ;
#2899 = FILL_AREA_STYLE ('',( #7789 ) ) ;
#2900 = CARTESIAN_POINT ( 'NONE',  ( 0.03807537133258373507, -2.500000000000000000, 1.768889483205670965 ) ) ;
#2901 =( LENGTH_UNIT ( ) NAMED_UNIT ( * ) SI_UNIT ( .MILLI., .METRE. ) );
#2902 = CARTESIAN_POINT ( 'NONE',  ( 0.1100949254345724299, -2.500000000000000444, 1.737941432610797809 ) ) ;
#2903 = ORIENTED_EDGE ( 'NONE', *, *, #497, .T. ) ;
#2904 = VECTOR ( 'NONE', #2467, 1000.000000000000227 ) ;
#2905 = ORIENTED_EDGE ( 'NONE', *, *, #3615, .T. ) ;
#2906 = SURFACE_STYLE_USAGE ( .BOTH. , #5271 ) ;
#2907 = SURFACE_SIDE_STYLE ('',( #3551 ) ) ;
#2908 =( LENGTH_UNIT ( ) NAMED_UNIT ( * ) SI_UNIT ( .MILLI., .METRE. ) );
#2909 = DIRECTION ( 'NONE',  ( -1.000000000000000000, 0.000000000000000000, -0.000000000000000000 ) ) ;
#2910 = CARTESIAN_POINT ( 'NONE',  ( -0.1668950286408325545, -2.400000000000001243, 1.803683770583935253 ) ) ;
#2911 = LINE ( 'NONE', #5890, #6333 ) ;
#2912 = EDGE_CURVE ( 'NONE', #4784, #6728, #7218, .T. ) ;
#2913 = ORIENTED_EDGE ( 'NONE', *, *, #7843, .F. ) ;
#2914 = LINE ( 'NONE', #686, #3688 ) ;
#2915 = ORIENTED_EDGE ( 'NONE', *, *, #6850, .F. ) ;
#2916 = CARTESIAN_POINT ( 'NONE',  ( 2.443292310828020231, -2.399999999999999911, 1.801136259818344687 ) ) ;
#2917 = VECTOR ( 'NONE', #3697, 1000.000000000000000 ) ;
#2918 = CARTESIAN_POINT ( 'NONE',  ( 0.1472320258570455620, -2.400000000000000355, 2.211653126729520746 ) ) ;
#2919 = PRESENTATION_LAYER_ASSIGNMENT (  '', '', ( #4065 ) ) ;
#2920 = DIRECTION ( 'NONE',  ( 0.000000000000000000, 0.000000000000000000, -1.000000000000000000 ) ) ;
#2921 = CARTESIAN_POINT ( 'NONE',  ( 0.2062533226179258661, -2.500000000000000444, 1.940376099522968856 ) ) ;
#2922 = CARTESIAN_POINT ( 'NONE',  ( 0.2572255383632116588, -2.400000000000000355, 2.009213880671382402 ) ) ;
#2923 = CARTESIAN_POINT ( 'NONE',  ( 0.1472320258570455620, -2.399999999999999467, 2.211653126729520746 ) ) ;
#2924 = ADVANCED_FACE ( 'NONE', ( #3010 ), #3611, .F. ) ;
#2925 = EDGE_CURVE ( 'NONE', #7190, #206, #5507, .T. ) ;
#2926 = ORIENTED_EDGE ( 'NONE', *, *, #4846, .F. ) ;
#2927 = CARTESIAN_POINT ( 'NONE',  ( 0.2067061560346847016, -2.400000000000000355, 2.151357842035620305 ) ) ;
#2928 = ORIENTED_EDGE ( 'NONE', *, *, #7523, .T. ) ;
#2929 = LINE ( 'NONE', #7216, #7857 ) ;
#2930 =( NAMED_UNIT ( * ) SI_UNIT ( $, .STERADIAN. ) SOLID_ANGLE_UNIT ( ) );
#2931 = AXIS2_PLACEMENT_3D ( 'NONE', #5864, #5247, #1608 ) ;
#2932 = LINE ( 'NONE', #4811, #3977 ) ;
#2933 = CARTESIAN_POINT ( 'NONE',  ( -5.000000000000000000, -0.1000000000000000056, 0.4132593211698106228 ) ) ;
#2934 = DIRECTION ( 'NONE',  ( 0.000000000000000000, 0.000000000000000000, -1.000000000000000000 ) ) ;
#2935 = CARTESIAN_POINT ( 'NONE',  ( -1.634757397634042375, -2.500000000000000000, -3.591119187505327215 ) ) ;
#2936 = B_SPLINE_SURFACE_WITH_KNOTS ( 'NONE', 3, 1, ( 
 ( #2442, #4246 ),
 ( #5495, #3079 ),
 ( #6614, #1158 ),
 ( #5364, #39 ),
 ( #1285, #7772 ),
 ( #2, #6693 ),
 ( #6574, #7206 ),
 ( #2424, #1750 ),
 ( #1244, #2916 ),
 ( #4799, #4714 ),
 ( #2961, #4123 ),
 ( #524, #5973 ),
 ( #7286, #3645 ),
 ( #1871, #4164 ),
 ( #7249, #4841 ),
 ( #1197, #1124 ),
 ( #3528, #2344 ),
 ( #611, #2459 ),
 ( #4759, #3561 ) ),
 .UNSPECIFIED., .F., .F., .F.,
 ( 4, 1, 1, 1, 1, 1, 1, 1, 1, 1, 1, 1, 1, 1, 1, 1, 4 ),
 ( 2, 2 ),
 ( 0.000000000000000000, 0.06196903919174857889, 0.1221290764323361561, 0.1809991241916589499, 0.2401624165448510428, 0.2998647227478902222, 0.3599512670925810176, 0.4217417893803282469, 0.4865456790123976472, 0.5515084714935614141, 0.6149949372340040021, 0.6772396658274379977, 0.7397146797414259067, 0.8030385380943932949, 0.8664872928331470714, 0.9319694797733334424, 1.000000000000000000 ),
 ( 0.000000000000000000, 1.000000000000000000 ),
 .UNSPECIFIED. ) ;
#2937 = CARTESIAN_POINT ( 'NONE',  ( 2.564824860734261858, -2.400000000000000355, 1.710036870189499902 ) ) ;
#2938 = LINE ( 'NONE', #4183, #3915 ) ;
#2939 =( NAMED_UNIT ( * ) SI_UNIT ( $, .STERADIAN. ) SOLID_ANGLE_UNIT ( ) );
#2940 =( NAMED_UNIT ( * ) SI_UNIT ( $, .STERADIAN. ) SOLID_ANGLE_UNIT ( ) );
#2941 = CARTESIAN_POINT ( 'NONE',  ( 0.09525741982695712373, -2.399999999999999911, 1.791370264895706166 ) ) ;
#2942 = FACE_OUTER_BOUND ( 'NONE', #6678, .T. ) ;
#2943 = SURFACE_STYLE_USAGE ( .BOTH. , #4232 ) ;
#2944 = B_SPLINE_CURVE_WITH_KNOTS ( 'NONE', 3,
 ( #942, #2735, #6224, #3327, #3161, #5010, #7457, #2002, #7734, #5895, #5320, #3370, #5169, #6423, #4077 ),
 .UNSPECIFIED., .F., .F.,
 ( 4, 1, 1, 1, 1, 1, 1, 1, 1, 1, 1, 1, 4 ),
 ( 0.000000000000000000, 0.09870137488637069356, 0.1956706803858563326, 0.2924199929089608685, 0.3913392869674683361, 0.4444587417649342731, 0.5042245791547477207, 0.5703475914063536045, 0.6429138259794819898, 0.7222898165239616253, 0.8079227212022496163, 0.9004703662977913137, 1.000000000000000000 ),
 .UNSPECIFIED. ) ;
#2945 = EDGE_CURVE ( 'NONE', #146, #5228, #4177, .T. ) ;
#2946 = EDGE_LOOP ( 'NONE', ( #2913, #5634, #6762, #3933 ) ) ;
#2947 = VERTEX_POINT ( 'NONE', #3691 ) ;
#2948 = FILL_AREA_STYLE ('',( #3397 ) ) ;
#2949 = LINE ( 'NONE', #638, #4257 ) ;
#2950 = AXIS2_PLACEMENT_3D ( 'NONE', #3824, #6278, #224 ) ;
#2951 = CARTESIAN_POINT ( 'NONE',  ( 2.524444922068063146, -2.400000000000000355, 1.707399692989239881 ) ) ;
#2952 = CARTESIAN_POINT ( 'NONE',  ( -1.634757397634042597, -2.500000000000000000, -3.750000000000000444 ) ) ;
#2953 = PRESENTATION_STYLE_ASSIGNMENT (( #681 ) ) ;
#2954 = CARTESIAN_POINT ( 'NONE',  ( -0.2262936161616823094, -2.400000000000000799, 1.781789783068432165 ) ) ;
#2955 =( GEOMETRIC_REPRESENTATION_CONTEXT ( 3 ) GLOBAL_UNCERTAINTY_ASSIGNED_CONTEXT ( ( #6310 ) ) GLOBAL_UNIT_ASSIGNED_CONTEXT ( ( #1143, #6040, #65 ) ) REPRESENTATION_CONTEXT ( 'NONE', 'WORKASPACE' ) );
#2956 = STYLED_ITEM ( 'NONE', ( #6938 ), #5144 ) ;
#2957 = ORIENTED_EDGE ( 'NONE', *, *, #3615, .F. ) ;
#2958 = MECHANICAL_DESIGN_GEOMETRIC_PRESENTATION_REPRESENTATION (  '', ( #844 ), #4736 ) ;
#2959 = LINE ( 'NONE', #3557, #1928 ) ;
#2960 = ORIENTED_EDGE ( 'NONE', *, *, #2609, .F. ) ;
#2961 = CARTESIAN_POINT ( 'NONE',  ( 2.459588023546334767, -2.500000000000000000, 1.785741287151880519 ) ) ;
#2962 = CARTESIAN_POINT ( 'NONE',  ( -4.299999999999999822, -2.500000000000000000, -4.349502369265499566E-17 ) ) ;
#2963 = CARTESIAN_POINT ( 'NONE',  ( -2.750000000000000444, 0.000000000000000000, 0.3886139668323275731 ) ) ;
#2964 = PRESENTATION_LAYER_ASSIGNMENT (  '', '', ( #849 ) ) ;
#2965 = COLOUR_RGB ( '',0.1843137254901960898, 0.7568627450980391913, 1.000000000000000000 ) ;
#2966 = CARTESIAN_POINT ( 'NONE',  ( 0.2067061560346847016, -2.400000000000000355, 2.151357842035620305 ) ) ;
#2967 =( NAMED_UNIT ( * ) PLANE_ANGLE_UNIT ( ) SI_UNIT ( $, .RADIAN. ) );
#2968 = ORIENTED_EDGE ( 'NONE', *, *, #1613, .F. ) ;
#2969 = CARTESIAN_POINT ( 'NONE',  ( 0.000000000000000000, -1.500000000000000000, 0.000000000000000000 ) ) ;
#2970 = ORIENTED_EDGE ( 'NONE', *, *, #197, .T. ) ;
#2971 = UNCERTAINTY_MEASURE_WITH_UNIT (LENGTH_MEASURE( 1.000000000000000082E-05 ), #7627, 'distance_accuracy_value', 'NONE');
#2972 = VECTOR ( 'NONE', #1740, 1000.000000000000000 ) ;
#2973 = MECHANICAL_DESIGN_GEOMETRIC_PRESENTATION_REPRESENTATION (  '', ( #5142 ), #7582 ) ;
#2974 = CARTESIAN_POINT ( 'NONE',  ( 0.2999999999999999334, -1.000000000000000000, 2.250000000000000000 ) ) ;
#2975 = EDGE_CURVE ( 'NONE', #4441, #7283, #1168, .T. ) ;
#2976 = PRESENTATION_STYLE_ASSIGNMENT (( #1760 ) ) ;
#2977 = PRESENTATION_LAYER_ASSIGNMENT (  '', '', ( #5406 ) ) ;
#2978 = CARTESIAN_POINT ( 'NONE',  ( 2.682092489207998032, -2.500000000000000000, 1.797835658434528083 ) ) ;
#2979 = FACE_OUTER_BOUND ( 'NONE', #274, .T. ) ;
#2980 =( GEOMETRIC_REPRESENTATION_CONTEXT ( 3 ) GLOBAL_UNCERTAINTY_ASSIGNED_CONTEXT ( ( #1877 ) ) GLOBAL_UNIT_ASSIGNED_CONTEXT ( ( #6321, #3264, #5725 ) ) REPRESENTATION_CONTEXT ( 'NONE', 'WORKASPACE' ) );
#2981 = DIRECTION ( 'NONE',  ( 0.000000000000000000, 0.000000000000000000, -1.000000000000000000 ) ) ;
#2982 = STYLED_ITEM ( 'NONE', ( #4779 ), #6926 ) ;
#2983 = PLANE ( 'NONE',  #5443 ) ;
#2984 =( LENGTH_UNIT ( ) NAMED_UNIT ( * ) SI_UNIT ( .MILLI., .METRE. ) );
#2985 = SURFACE_STYLE_USAGE ( .BOTH. , #4817 ) ;
#2986 = EDGE_CURVE ( 'NONE', #7440, #6273, #2433, .T. ) ;
#2987 = CARTESIAN_POINT ( 'NONE',  ( 0.5460855957113092130, -2.400000000000000355, 2.250000000000000000 ) ) ;
#2988 = SURFACE_STYLE_USAGE ( .BOTH. , #7750 ) ;
#2989 = CARTESIAN_POINT ( 'NONE',  ( 0.1722995061637367931, -2.500000000000000444, 1.859738770615058545 ) ) ;
#2990 = CARTESIAN_POINT ( 'NONE',  ( -0.1131620648529207546, -2.500000000000000444, 2.252389323753448913 ) ) ;
#2991 = ORIENTED_EDGE ( 'NONE', *, *, #7233, .F. ) ;
#2992 = ORIENTED_EDGE ( 'NONE', *, *, #4005, .T. ) ;
#2993 =( NAMED_UNIT ( * ) SI_UNIT ( $, .STERADIAN. ) SOLID_ANGLE_UNIT ( ) );
#2994 = FACE_OUTER_BOUND ( 'NONE', #5309, .T. ) ;
#2995 = EDGE_CURVE ( 'NONE', #4064, #4043, #7295, .T. ) ;
#2996 = CARTESIAN_POINT ( 'NONE',  ( 2.414461735937181164, -2.400000000000001243, 1.753974954319019952 ) ) ;
#2997 = CARTESIAN_POINT ( 'NONE',  ( 0.3000000000000003775, -1.000000000000000000, 7.268409389428597045 ) ) ;
#2998 = CARTESIAN_POINT ( 'NONE',  ( -0.1748160299989920952, -2.500000000000000000, 1.743782984508301936 ) ) ;
#2999 = EDGE_LOOP ( 'NONE', ( #2826, #5451, #7779, #1308 ) ) ;
#3000 = FILL_AREA_STYLE_COLOUR ( '', #2551 ) ;
#3001 = VERTEX_POINT ( 'NONE', #1919 ) ;
#3002 = AXIS2_PLACEMENT_3D ( 'NONE', #4006, #1601, #6575 ) ;
#3003 = FILL_AREA_STYLE_COLOUR ( '', #2965 ) ;
#3004 = CARTESIAN_POINT ( 'NONE',  ( 0.2085425605164777374, -2.499999999999999556, 1.955220760148681958 ) ) ;
#3005 = CARTESIAN_POINT ( 'NONE',  ( 2.489786910086957850, -2.399999999999997691, 2.001134074637178628 ) ) ;
#3006 = CARTESIAN_POINT ( 'NONE',  ( 0.05315503717198669792, -2.400000000000000355, 2.254768118829721946 ) ) ;
#3007 =( GEOMETRIC_REPRESENTATION_CONTEXT ( 3 ) GLOBAL_UNCERTAINTY_ASSIGNED_CONTEXT ( ( #2971 ) ) GLOBAL_UNIT_ASSIGNED_CONTEXT ( ( #7627, #333, #1051 ) ) REPRESENTATION_CONTEXT ( 'NONE', 'WORKASPACE' ) );
#3008 =( NAMED_UNIT ( * ) SI_UNIT ( $, .STERADIAN. ) SOLID_ANGLE_UNIT ( ) );
#3009 = VERTEX_POINT ( 'NONE', #3731 ) ;
#3010 = FACE_OUTER_BOUND ( 'NONE', #5461, .T. ) ;
#3011 = SURFACE_STYLE_FILL_AREA ( #95 ) ;
#3012 = CARTESIAN_POINT ( 'NONE',  ( 2.530247729700853210, -2.500000000000000000, 1.707264957264957195 ) ) ;
#3013 = FACE_OUTER_BOUND ( 'NONE', #2884, .T. ) ;
#3014 = DIRECTION ( 'NONE',  ( 1.000000000000000000, -0.000000000000000000, -0.000000000000000000 ) ) ;
#3015 = ADVANCED_FACE ( 'NONE', ( #6188 ), #2214, .F. ) ;
#3016 = CARTESIAN_POINT ( 'NONE',  ( 2.544953899148049370, -2.399999999999999911, 1.761846130055314763 ) ) ;
#3017 = SURFACE_STYLE_FILL_AREA ( #1805 ) ;
#3018 = SURFACE_STYLE_USAGE ( .BOTH. , #2366 ) ;
#3019 = DIRECTION ( 'NONE',  ( -1.000000000000000000, 0.000000000000000000, -0.000000000000000000 ) ) ;
#3020 = CARTESIAN_POINT ( 'NONE',  ( 0.1722995061637367931, -2.400000000000000799, 1.859738770615058545 ) ) ;
#3021 = CARTESIAN_POINT ( 'NONE',  ( -0.2577991452991452714, -2.500000000000000000, 2.152583299946581263 ) ) ;
#3022 = CARTESIAN_POINT ( 'NONE',  ( 4.499087289663464162, -0.9004951481143085301, -2.149999999999999911 ) ) ;
#3023 =( GEOMETRIC_REPRESENTATION_CONTEXT ( 3 ) GLOBAL_UNCERTAINTY_ASSIGNED_CONTEXT ( ( #6443 ) ) GLOBAL_UNIT_ASSIGNED_CONTEXT ( ( #55, #4904, #4138 ) ) REPRESENTATION_CONTEXT ( 'NONE', 'WORKASPACE' ) );
#3024 = CARTESIAN_POINT ( 'NONE',  ( -3.086085595711309804, -2.400000000000000355, 2.250000000000000000 ) ) ;
#3025 = EDGE_CURVE ( 'NONE', #2646, #2375, #5914, .T. ) ;
#3026 = ORIENTED_EDGE ( 'NONE', *, *, #797, .T. ) ;
#3027 = ADVANCED_FACE ( 'NONE', ( #2791 ), #7611, .F. ) ;
#3028 = ORIENTED_EDGE ( 'NONE', *, *, #5597, .F. ) ;
#3029 = CARTESIAN_POINT ( 'NONE',  ( 0.1337989381929074184, -2.500000000000000444, 1.751505832549988595 ) ) ;
#3030 = STYLED_ITEM ( 'NONE', ( #1072 ), #2834 ) ;
#3031 = FILL_AREA_STYLE ('',( #6639 ) ) ;
#3032 = COLOUR_RGB ( '',0.8313725490196077761, 0.8313725490196077761, 0.8196078431372548767 ) ;
#3033 = DIRECTION ( 'NONE',  ( 0.000000000000000000, -1.000000000000000000, 0.000000000000000000 ) ) ;
#3034 = CARTESIAN_POINT ( 'NONE',  ( -0.08026252959337150383, -2.400000000000000355, 1.766667882189133953 ) ) ;
#3035 = LINE ( 'NONE', #4331, #4519 ) ;
#3036 = CARTESIAN_POINT ( 'NONE',  ( -0.1296463723675874424, -2.400000000000000799, 1.723388243999829372 ) ) ;
#3037 = VERTEX_POINT ( 'NONE', #1548 ) ;
#3038 = ADVANCED_FACE ( 'NONE', ( #507 ), #2755, .F. ) ;
#3039 = LINE ( 'NONE', #553, #5350 ) ;
#3040 = ORIENTED_EDGE ( 'NONE', *, *, #5777, .T. ) ;
#3041 = UNCERTAINTY_MEASURE_WITH_UNIT (LENGTH_MEASURE( 1.000000000000000082E-05 ), #3796, 'distance_accuracy_value', 'NONE');
#3042 = CARTESIAN_POINT ( 'NONE',  ( 2.532685797275640027, -2.500000000000000000, 1.761538461538461497 ) ) ;
#3043 = CARTESIAN_POINT ( 'NONE',  ( -2.671366323237657880, -1.000000000000000000, 7.750000000000000000 ) ) ;
#3044 =( NAMED_UNIT ( * ) SI_UNIT ( $, .STERADIAN. ) SOLID_ANGLE_UNIT ( ) );
#3045 = DIRECTION ( 'NONE',  ( 0.000000000000000000, 0.000000000000000000, 1.000000000000000000 ) ) ;
#3046 = CARTESIAN_POINT ( 'NONE',  ( 2.428231660998113828, -2.399999999999997247, 1.919243336423911206 ) ) ;
#3047 = PRESENTATION_STYLE_ASSIGNMENT (( #5005 ) ) ;
#3048 =( NAMED_UNIT ( * ) PLANE_ANGLE_UNIT ( ) SI_UNIT ( $, .RADIAN. ) );
#3049 = COLOUR_RGB ( '',1.000000000000000000, 1.000000000000000000, 1.000000000000000000 ) ;
#3050 = ORIENTED_EDGE ( 'NONE', *, *, #6526, .F. ) ;
#3051 = SURFACE_STYLE_USAGE ( .BOTH. , #4936 ) ;
#3052 = CARTESIAN_POINT ( 'NONE',  ( 0.1588128510079115652, -2.500000000000000000, 2.202585129899107486 ) ) ;
#3053 = DIRECTION ( 'NONE',  ( 0.000000000000000000, 0.000000000000000000, -1.000000000000000000 ) ) ;
#3054 = CARTESIAN_POINT ( 'NONE',  ( -5.000000000000000000, -2.500000000000000000, -2.250000000000000000 ) ) ;
#3055 = CARTESIAN_POINT ( 'NONE',  ( 2.417884615384614300, -2.400000000000000355, 1.868813434829059705 ) ) ;
#3056 = FACE_OUTER_BOUND ( 'NONE', #493, .T. ) ;
#3057 = FILL_AREA_STYLE ('',( #7172 ) ) ;
#3058 = MECHANICAL_DESIGN_GEOMETRIC_PRESENTATION_REPRESENTATION (  '', ( #6265 ), #4070 ) ;
#3059 = CARTESIAN_POINT ( 'NONE',  ( 2.375500115562295456, -2.400000000000000355, 1.908025937328494459 ) ) ;
#3060 = LINE ( 'NONE', #57, #3813 ) ;
#3061 =( NAMED_UNIT ( * ) SI_UNIT ( $, .STERADIAN. ) SOLID_ANGLE_UNIT ( ) );
#3062 = STYLED_ITEM ( 'NONE', ( #3842 ), #3613 ) ;
#3063 = ORIENTED_EDGE ( 'NONE', *, *, #2155, .F. ) ;
#3064 = CARTESIAN_POINT ( 'NONE',  ( 0.5460855957113092130, -2.400000000000000355, 1.630485880782381436 ) ) ;
#3065 = CARTESIAN_POINT ( 'NONE',  ( 0.08140518397636245518, -2.500000000000000444, 1.784460823925592132 ) ) ;
#3066 = ORIENTED_EDGE ( 'NONE', *, *, #1697, .T. ) ;
#3067 = VERTEX_POINT ( 'NONE', #3022 ) ;
#3068 = CARTESIAN_POINT ( 'NONE',  ( 0.1768718200112850414, -2.500000000000000444, 1.786331522357858859 ) ) ;
#3069 = CARTESIAN_POINT ( 'NONE',  ( 0.06365691332562645188, -2.400000000000000799, 2.251832513624740795 ) ) ;
#3070 = FACE_OUTER_BOUND ( 'NONE', #1664, .T. ) ;
#3071 = CARTESIAN_POINT ( 'NONE',  ( 2.528723457898697902, -2.500000000000000000, 1.761643554751386676 ) ) ;
#3072 = CARTESIAN_POINT ( 'NONE',  ( -0.05466377833075674458, -2.399999999999999911, 2.208536998948576802 ) ) ;
#3073 = CARTESIAN_POINT ( 'NONE',  ( -0.1296463723675874424, -2.500000000000000888, 1.723388243999829372 ) ) ;
#3074 = VECTOR ( 'NONE', #384, 1000.000000000000114 ) ;
#3075 = ORIENTED_EDGE ( 'NONE', *, *, #4210, .T. ) ;
#3076 = DIRECTION ( 'NONE',  ( 2.585880967736787790E-16, 0.000000000000000000, 1.000000000000000000 ) ) ;
#3077 = EDGE_LOOP ( 'NONE', ( #7378, #5267, #4344, #4322 ) ) ;
#3078 = LINE ( 'NONE', #4926, #5676 ) ;
#3079 = CARTESIAN_POINT ( 'NONE',  ( 2.417979746242397532, -2.399999999999999911, 1.865202395838984728 ) ) ;
#3080 = DIRECTION ( 'NONE',  ( -0.000000000000000000, -1.000000000000000000, -0.000000000000000000 ) ) ;
#3081 = ADVANCED_FACE ( 'NONE', ( #1183 ), #3703, .F. ) ;
#3082 = CARTESIAN_POINT ( 'NONE',  ( 2.417884615384614300, -2.399999999999998135, 1.868813434829059705 ) ) ;
#3083 =( NAMED_UNIT ( * ) SI_UNIT ( $, .STERADIAN. ) SOLID_ANGLE_UNIT ( ) );
#3084 = CARTESIAN_POINT ( 'NONE',  ( 0.000000000000000000, -2.100000000000000089, 0.5137037129227551846 ) ) ;
#3085 = ORIENTED_EDGE ( 'NONE', *, *, #1589, .F. ) ;
#3086 = VECTOR ( 'NONE', #2016, 1000.000000000000000 ) ;
#3087 = FACE_OUTER_BOUND ( 'NONE', #7683, .T. ) ;
#3088 = COLOUR_RGB ( '',1.000000000000000000, 1.000000000000000000, 1.000000000000000000 ) ;
#3089 = PRESENTATION_LAYER_ASSIGNMENT (  '', '', ( #5132 ) ) ;
#3090 = EDGE_CURVE ( 'NONE', #2072, #4784, #7792, .T. ) ;
#3091 = SURFACE_SIDE_STYLE ('',( #135 ) ) ;
#3092 = FILL_AREA_STYLE ('',( #4903 ) ) ;
#3093 = CARTESIAN_POINT ( 'NONE',  ( 2.477458266559828370, -2.500000000000000444, 2.054424579326923350 ) ) ;
#3094 = VECTOR ( 'NONE', #694, 1000.000000000000000 ) ;
#3095 = VECTOR ( 'NONE', #4166, 1000.000000000000000 ) ;
#3096 = MECHANICAL_DESIGN_GEOMETRIC_PRESENTATION_REPRESENTATION (  '', ( #2234 ), #7182 ) ;
#3097 = DIRECTION ( 'NONE',  ( -1.000000000000000000, 0.000000000000000000, -0.000000000000000000 ) ) ;
#3098 = DIRECTION ( 'NONE',  ( -1.000000000000000000, 0.000000000000000000, -0.000000000000000000 ) ) ;
#3099 = CARTESIAN_POINT ( 'NONE',  ( 2.579099362177621479, -2.500000000000000444, 1.769456413382344939 ) ) ;
#3100 = CARTESIAN_POINT ( 'NONE',  ( -2.540000000000000480, -2.100000000000000089, 0.5137037129227551846 ) ) ;
#3101 = COLOUR_RGB ( '',0.1843137254901960898, 0.7568627450980391913, 1.000000000000000000 ) ;
#3102 =( GEOMETRIC_REPRESENTATION_CONTEXT ( 3 ) GLOBAL_UNCERTAINTY_ASSIGNED_CONTEXT ( ( #1393 ) ) GLOBAL_UNIT_ASSIGNED_CONTEXT ( ( #6120, #664, #5514 ) ) REPRESENTATION_CONTEXT ( 'NONE', 'WORKASPACE' ) );
#3103 = CARTESIAN_POINT ( 'NONE',  ( -0.2376216936085415732, -2.400000000000000355, 1.793014411164541855 ) ) ;
#3104 = LINE ( 'NONE', #6237, #4998 ) ;
#3105 = AXIS2_PLACEMENT_3D ( 'NONE', #1277, #4921, #7367 ) ;
#3106 = ORIENTED_EDGE ( 'NONE', *, *, #4332, .F. ) ;
#3107 =( GEOMETRIC_REPRESENTATION_CONTEXT ( 3 ) GLOBAL_UNCERTAINTY_ASSIGNED_CONTEXT ( ( #3193 ) ) GLOBAL_UNIT_ASSIGNED_CONTEXT ( ( #5209, #2088, #3934 ) ) REPRESENTATION_CONTEXT ( 'NONE', 'WORKASPACE' ) );
#3108 = FACE_OUTER_BOUND ( 'NONE', #1735, .T. ) ;
#3109 = SURFACE_STYLE_USAGE ( .BOTH. , #149 ) ;
#3110 = VECTOR ( 'NONE', #306, 1000.000000000000000 ) ;
#3111 = CARTESIAN_POINT ( 'NONE',  ( 0.2468081077583795246, -2.400000000000000355, 1.900313012943395607 ) ) ;
#3112 = CARTESIAN_POINT ( 'NONE',  ( -0.06284280070091513570, -2.500000000000000444, 1.708889036659472893 ) ) ;
#3113 = ORIENTED_EDGE ( 'NONE', *, *, #2515, .T. ) ;
#3114 = COLOUR_RGB ( '',0.1843137254901960898, 0.7568627450980391913, 1.000000000000000000 ) ;
#3115 = EDGE_CURVE ( 'NONE', #5076, #4064, #1269, .T. ) ;
#3116 = ORIENTED_EDGE ( 'NONE', *, *, #6231, .F. ) ;
#3117 = UNCERTAINTY_MEASURE_WITH_UNIT (LENGTH_MEASURE( 1.000000000000000082E-05 ), #4656, 'distance_accuracy_value', 'NONE');
#3118 = SURFACE_STYLE_FILL_AREA ( #6172 ) ;
#3119 = ORIENTED_EDGE ( 'NONE', *, *, #4171, .T. ) ;
#3120 = VECTOR ( 'NONE', #5248, 1000.000000000000000 ) ;
#3121 = LINE ( 'NONE', #6807, #2537 ) ;
#3122 = CARTESIAN_POINT ( 'NONE',  ( 2.457218724984110203, -2.500000000000000888, 1.963574950866729951 ) ) ;
#3123 = LINE ( 'NONE', #2576, #4385 ) ;
#3124 = MECHANICAL_DESIGN_GEOMETRIC_PRESENTATION_REPRESENTATION (  '', ( #5729 ), #6205 ) ;
#3125 = ORIENTED_EDGE ( 'NONE', *, *, #1700, .T. ) ;
#3126 = ADVANCED_FACE ( 'NONE', ( #4278 ), #1855, .T. ) ;
#3127 = ORIENTED_EDGE ( 'NONE', *, *, #3880, .T. ) ;
#3128 = ORIENTED_EDGE ( 'NONE', *, *, #7176, .T. ) ;
#3129 = COLOUR_RGB ( '',1.000000000000000000, 1.000000000000000000, 1.000000000000000000 ) ;
#3130 = DIRECTION ( 'NONE',  ( 0.000000000000000000, -0.000000000000000000, -1.000000000000000000 ) ) ;
#3131 = PRESENTATION_STYLE_ASSIGNMENT (( #746 ) ) ;
#3132 = DIRECTION ( 'NONE',  ( -0.000000000000000000, 1.000000000000000000, -0.000000000000000000 ) ) ;
#3133 = SURFACE_STYLE_USAGE ( .BOTH. , #5679 ) ;
#3134 = LINE ( 'NONE', #139, #3306 ) ;
#3135 = AXIS2_PLACEMENT_3D ( 'NONE', #2846, #983, #7087 ) ;
#3136 = EDGE_CURVE ( 'NONE', #1048, #6334, #5606, .T. ) ;
#3137 = ADVANCED_FACE ( 'NONE', ( #263 ), #3744, .T. ) ;
#3138 = CARTESIAN_POINT ( 'NONE',  ( -1.800956594368268382, -2.299999999999999822, -1.225342217102087350 ) ) ;
#3139 = CARTESIAN_POINT ( 'NONE',  ( 2.556863182715068294, -2.500000000000000000, 1.763391227383212412 ) ) ;
#3140 = CARTESIAN_POINT ( 'NONE',  ( 0.000000000000000000, -2.500000000000000000, 1.347630107884207229 ) ) ;
#3141 = CARTESIAN_POINT ( 'NONE',  ( 0.2062533226179258661, -2.400000000000000799, 1.940376099522968856 ) ) ;
#3142 =( NAMED_UNIT ( * ) PLANE_ANGLE_UNIT ( ) SI_UNIT ( $, .RADIAN. ) );
#3143 = PRESENTATION_STYLE_ASSIGNMENT (( #225 ) ) ;
#3144 = FILL_AREA_STYLE ('',( #2634 ) ) ;
#3145 = UNCERTAINTY_MEASURE_WITH_UNIT (LENGTH_MEASURE( 1.000000000000000082E-05 ), #5690, 'distance_accuracy_value', 'NONE');
#3146 = ORIENTED_EDGE ( 'NONE', *, *, #5788, .T. ) ;
#3147 = DIRECTION ( 'NONE',  ( -0.000000000000000000, -1.000000000000000000, -0.000000000000000000 ) ) ;
#3148 = CARTESIAN_POINT ( 'NONE',  ( 0.04477143453100806275, -2.500000000000000000, 2.200695912739562665 ) ) ;
#3149 = DIRECTION ( 'NONE',  ( -4.659762792526940292E-16, 0.000000000000000000, -1.000000000000000000 ) ) ;
#3150 = CARTESIAN_POINT ( 'NONE',  ( 2.451458035316325557, -2.400000000000001688, 1.725324977164068407 ) ) ;
#3151 = VERTEX_POINT ( 'NONE', #1420 ) ;
#3152 = STYLED_ITEM ( 'NONE', ( #6238 ), #3137 ) ;
#3153 = ORIENTED_EDGE ( 'NONE', *, *, #6339, .F. ) ;
#3154 = FACE_OUTER_BOUND ( 'NONE', #6463, .T. ) ;
#3155 = VERTEX_POINT ( 'NONE', #2594 ) ;
#3156 = CARTESIAN_POINT ( 'NONE',  ( -0.02756076388888887077, -2.399999999999999911, 2.263568376068375798 ) ) ;
#3157 = CARTESIAN_POINT ( 'NONE',  ( 4.204293118990386269, -1.539533860053411196, -2.250000000000000000 ) ) ;
#3158 = EDGE_LOOP ( 'NONE', ( #4160, #5489, #6831, #6814 ) ) ;
#3159 = DIRECTION ( 'NONE',  ( -0.4189977888269755257, -0.9079872537420914380, 0.000000000000000000 ) ) ;
#3160 = ORIENTED_EDGE ( 'NONE', *, *, #719, .F. ) ;
#3161 = CARTESIAN_POINT ( 'NONE',  ( 2.382280705375544372, -2.399999999999999467, 1.928828574855678379 ) ) ;
#3162 =( LENGTH_UNIT ( ) NAMED_UNIT ( * ) SI_UNIT ( .MILLI., .METRE. ) );
#3163 = ADVANCED_FACE ( 'NONE', ( #5066, #1457 ), #6942, .T. ) ;
#3164 = CARTESIAN_POINT ( 'NONE',  ( 0.2999999999999999334, -1.500000000000000000, 2.250000000000000000 ) ) ;
#3165 = DIRECTION ( 'NONE',  ( 0.000000000000000000, -1.000000000000000000, 0.000000000000000000 ) ) ;
#3166 =( NAMED_UNIT ( * ) PLANE_ANGLE_UNIT ( ) SI_UNIT ( $, .RADIAN. ) );
#3167 = ADVANCED_FACE ( 'NONE', ( #4469 ), #1502, .F. ) ;
#3168 = APPLICATION_PROTOCOL_DEFINITION ( 'draft international standard', 'automotive_design', 1998, #6148 ) ;
#3169 = DIRECTION ( 'NONE',  ( 0.3385652849408001819, -0.000000000000000000, -0.9409429035988075007 ) ) ;
#3170 = SURFACE_SIDE_STYLE ('',( #2585 ) ) ;
#3171 = SURFACE_STYLE_USAGE ( .BOTH. , #218 ) ;
#3172 = FILL_AREA_STYLE ('',( #792 ) ) ;
#3173 = LINE ( 'NONE', #753, #3591 ) ;
#3174 =( GEOMETRIC_REPRESENTATION_CONTEXT ( 3 ) GLOBAL_UNCERTAINTY_ASSIGNED_CONTEXT ( ( #3604 ) ) GLOBAL_UNIT_ASSIGNED_CONTEXT ( ( #5718, #4309, #7460 ) ) REPRESENTATION_CONTEXT ( 'NONE', 'WORKASPACE' ) );
#3175 = ADVANCED_FACE ( 'NONE', ( #4015 ), #4574, .T. ) ;
#3176 = CARTESIAN_POINT ( 'NONE',  ( -0.03300478338361668290, -2.400000000000000355, 1.707337860919236894 ) ) ;
#3177 = DIRECTION ( 'NONE',  ( -2.585880967736787790E-16, -0.000000000000000000, -1.000000000000000000 ) ) ;
#3178 = SURFACE_STYLE_USAGE ( .BOTH. , #1974 ) ;
#3179 = EDGE_CURVE ( 'NONE', #2027, #6292, #4654, .T. ) ;
#3180 =( NAMED_UNIT ( * ) PLANE_ANGLE_UNIT ( ) SI_UNIT ( $, .RADIAN. ) );
#3181 = ORIENTED_EDGE ( 'NONE', *, *, #2697, .T. ) ;
#3182 = COLOUR_RGB ( '',0.1843137254901960898, 0.7568627450980391913, 1.000000000000000000 ) ;
#3183 = CARTESIAN_POINT ( 'NONE',  ( 0.2101186067088585130, -2.500000000000000000, 1.993767789897676002 ) ) ;
#3184 =( LENGTH_UNIT ( ) NAMED_UNIT ( * ) SI_UNIT ( .MILLI., .METRE. ) );
#3185 = CARTESIAN_POINT ( 'NONE',  ( -0.02692474626068373095, -2.400000000000000355, 1.707264957264957195 ) ) ;
#3186 =( NAMED_UNIT ( * ) SI_UNIT ( $, .STERADIAN. ) SOLID_ANGLE_UNIT ( ) );
#3187 = COLOUR_RGB ( '',0.1843137254901960898, 0.7568627450980391913, 1.000000000000000000 ) ;
#3188 = EDGE_CURVE ( 'NONE', #7646, #250, #2169, .T. ) ;
#3189 = CARTESIAN_POINT ( 'NONE',  ( 2.370552114129497401, -2.500000000000000444, 1.859338070843070678 ) ) ;
#3190 = ADVANCED_FACE ( 'NONE', ( #1575 ), #460, .F. ) ;
#3191 = EDGE_LOOP ( 'NONE', ( #3835, #1555, #6522, #3642 ) ) ;
#3192 = ORIENTED_EDGE ( 'NONE', *, *, #7682, .T. ) ;
#3193 = UNCERTAINTY_MEASURE_WITH_UNIT (LENGTH_MEASURE( 1.000000000000000082E-05 ), #5209, 'distance_accuracy_value', 'NONE');
#3194 = PRESENTATION_STYLE_ASSIGNMENT (( #5779 ) ) ;
#3195 = VERTEX_POINT ( 'NONE', #1687 ) ;
#3196 = LINE ( 'NONE', #199, #361 ) ;
#3197 = CARTESIAN_POINT ( 'NONE',  ( -0.2135895575303953797, -2.400000000000000355, 2.199669901977245434 ) ) ;
#3198 = UNCERTAINTY_MEASURE_WITH_UNIT (LENGTH_MEASURE( 1.000000000000000082E-05 ), #6766, 'distance_accuracy_value', 'NONE');
#3199 = ORIENTED_EDGE ( 'NONE', *, *, #2420, .T. ) ;
#3200 = ORIENTED_EDGE ( 'NONE', *, *, #571, .F. ) ;
#3201 = VERTEX_POINT ( 'NONE', #6980 ) ;
#3202 = CARTESIAN_POINT ( 'NONE',  ( 2.477579608168974268, -2.500000000000000444, 1.987577227425328941 ) ) ;
#3203 = SURFACE_STYLE_USAGE ( .BOTH. , #2659 ) ;
#3204 = COLOUR_RGB ( '',0.1843137254901960898, 0.7568627450980391913, 1.000000000000000000 ) ;
#3205 = SURFACE_SIDE_STYLE ('',( #3846 ) ) ;
#3206 = DIRECTION ( 'NONE',  ( -0.000000000000000000, -1.000000000000000000, -0.000000000000000000 ) ) ;
#3207 = FILL_AREA_STYLE_COLOUR ( '', #1972 ) ;
#3208 = PLANE ( 'NONE',  #4705 ) ;
#3209 =( NAMED_UNIT ( * ) PLANE_ANGLE_UNIT ( ) SI_UNIT ( $, .RADIAN. ) );
#3210 = AXIS2_PLACEMENT_3D ( 'NONE', #3704, #545, #7875 ) ;
#3211 =( NAMED_UNIT ( * ) SI_UNIT ( $, .STERADIAN. ) SOLID_ANGLE_UNIT ( ) );
#3212 = DIRECTION ( 'NONE',  ( 1.000000000000000000, 0.000000000000000000, 0.000000000000000000 ) ) ;
#3213 = MECHANICAL_DESIGN_GEOMETRIC_PRESENTATION_REPRESENTATION (  '', ( #5532 ), #7166 ) ;
#3214 = ORIENTED_EDGE ( 'NONE', *, *, #4158, .F. ) ;
#3215 = ADVANCED_FACE ( 'NONE', ( #1538 ), #7020, .F. ) ;
#3216 = CARTESIAN_POINT ( 'NONE',  ( 2.638331952401175240, -2.400000000000000355, 1.821320832821869740 ) ) ;
#3217 = CARTESIAN_POINT ( 'NONE',  ( 2.449086634504372917, -2.399999999999999911, 1.953110830506428419 ) ) ;
#3218 = CIRCLE ( 'NONE', #7699, 0.4149114923446328151 ) ;
#3219 = CARTESIAN_POINT ( 'NONE',  ( 4.021915064102565829, -1.154902199396359741, -2.149999999999999911 ) ) ;
#3220 = FILL_AREA_STYLE ('',( #6277 ) ) ;
#3221 = DIRECTION ( 'NONE',  ( 1.000000000000000000, -0.000000000000000000, 0.000000000000000000 ) ) ;
#3222 = VECTOR ( 'NONE', #6016, 1000.000000000000000 ) ;
#3223 = MECHANICAL_DESIGN_GEOMETRIC_PRESENTATION_REPRESENTATION (  '', ( #1976 ), #3863 ) ;
#3224 = UNCERTAINTY_MEASURE_WITH_UNIT (LENGTH_MEASURE( 1.000000000000000082E-05 ), #2715, 'distance_accuracy_value', 'NONE');
#3225 = VERTEX_POINT ( 'NONE', #5376 ) ;
#3226 = CARTESIAN_POINT ( 'NONE',  ( 4.200000000000001954, -1.694245148114308597, -2.250000000000000000 ) ) ;
#3227 = EDGE_CURVE ( 'NONE', #5232, #3201, #575, .T. ) ;
#3228 = CARTESIAN_POINT ( 'NONE',  ( -4.135872885735895288, -1.797251865729859954, 2.750000000000000000 ) ) ;
#3229 = COLOUR_RGB ( '',1.000000000000000000, 1.000000000000000000, 1.000000000000000000 ) ;
#3230 = CARTESIAN_POINT ( 'NONE',  ( 0.06669800411854982791, -2.399999999999999911, 2.193702337146667070 ) ) ;
#3231 = EDGE_CURVE ( 'NONE', #2332, #7721, #5220, .T. ) ;
#3232 = AXIS2_PLACEMENT_3D ( 'NONE', #4401, #2639, #185 ) ;
#3233 = SURFACE_STYLE_FILL_AREA ( #760 ) ;
#3234 = CARTESIAN_POINT ( 'NONE',  ( -2.839999999999999858, -1.000000000000000000, 2.250000000000000000 ) ) ;
#3235 =( LENGTH_UNIT ( ) NAMED_UNIT ( * ) SI_UNIT ( .MILLI., .METRE. ) );
#3236 = VECTOR ( 'NONE', #7321, 1000.000000000000000 ) ;
#3237 = SURFACE_STYLE_USAGE ( .BOTH. , #6287 ) ;
#3238 = PRESENTATION_STYLE_ASSIGNMENT (( #3312 ) ) ;
#3239 = PRESENTATION_LAYER_ASSIGNMENT (  '', '', ( #3999 ) ) ;
#3240 = ORIENTED_EDGE ( 'NONE', *, *, #6705, .T. ) ;
#3241 = ORIENTED_EDGE ( 'NONE', *, *, #6605, .F. ) ;
#3242 = LINE ( 'NONE', #5706, #1710 ) ;
#3243 = VECTOR ( 'NONE', #4467, 1000.000000000000000 ) ;
#3244 = EDGE_LOOP ( 'NONE', ( #4590, #312, #1860, #552 ) ) ;
#3245 = EDGE_CURVE ( 'NONE', #5108, #1017, #3538, .T. ) ;
#3246 = CARTESIAN_POINT ( 'NONE',  ( 0.1472320258570455620, -2.499999999999999556, 2.211653126729520746 ) ) ;
#3247 = CARTESIAN_POINT ( 'NONE',  ( -0.1876926276446750363, -2.500000000000000444, 2.218647384346349671 ) ) ;
#3248 = FILL_AREA_STYLE_COLOUR ( '', #7647 ) ;
#3249 = CARTESIAN_POINT ( 'NONE',  ( 2.453529990251888560, -2.100000000000000089, 0.5137037129227551846 ) ) ;
#3250 = VECTOR ( 'NONE', #516, 1000.000000000000000 ) ;
#3251 = EDGE_LOOP ( 'NONE', ( #7504, #1319, #5894, #5749 ) ) ;
#3252 = LINE ( 'NONE', #1958, #2691 ) ;
#3253 = ORIENTED_EDGE ( 'NONE', *, *, #2799, .T. ) ;
#3254 = AXIS2_PLACEMENT_3D ( 'NONE', #6930, #5967, #2294 ) ;
#3255 =( LENGTH_UNIT ( ) NAMED_UNIT ( * ) SI_UNIT ( .MILLI., .METRE. ) );
#3256 = DIRECTION ( 'NONE',  ( 1.000000000000000000, -0.000000000000000000, -0.000000000000000000 ) ) ;
#3257 = LINE ( 'NONE', #2772, #3865 ) ;
#3258 = PRODUCT_CONTEXT ( 'NONE', #5888, 'mechanical' ) ;
#3259 = SURFACE_STYLE_FILL_AREA ( #1532 ) ;
#3260 = LINE ( 'NONE', #2086, #4063 ) ;
#3261 = VECTOR ( 'NONE', #7208, 1000.000000000000000 ) ;
#3262 = CARTESIAN_POINT ( 'NONE',  ( 2.638331952401175240, -2.500000000000000000, 1.821320832821869740 ) ) ;
#3263 = CARTESIAN_POINT ( 'NONE',  ( -4.401045837440702435, -0.000000000000000000, 0.4132593211698106228 ) ) ;
#3264 =( NAMED_UNIT ( * ) PLANE_ANGLE_UNIT ( ) SI_UNIT ( $, .RADIAN. ) );
#3265 = CARTESIAN_POINT ( 'NONE',  ( -0.1602988875655602108, -2.400000000000002132, 1.736109099449436144 ) ) ;
#3266 = CARTESIAN_POINT ( 'NONE',  ( 2.517951388888887809, -2.400000000000000355, 2.030997930021367193 ) ) ;
#3267 = CARTESIAN_POINT ( 'NONE',  ( 2.408633676762342635, -1.000000000000000000, 7.750000000000000000 ) ) ;
#3268 = ADVANCED_FACE ( 'NONE', ( #2979 ), #4265, .F. ) ;
#3269 =( NAMED_UNIT ( * ) SI_UNIT ( $, .STERADIAN. ) SOLID_ANGLE_UNIT ( ) );
#3270 = VECTOR ( 'NONE', #1462, 1000.000000000000000 ) ;
#3271 = CARTESIAN_POINT ( 'NONE',  ( 2.404101843620028323, -2.499999999999999556, 1.765796645725187020 ) ) ;
#3272 = FACE_BOUND ( 'NONE', #439, .T. ) ;
#3273 = LINE ( 'NONE', #6948, #3385 ) ;
#3274 = PLANE ( 'NONE',  #3486 ) ;
#3275 = CARTESIAN_POINT ( 'NONE',  ( 2.387482000334955057, -2.499999999999999556, 1.791477234395828733 ) ) ;
#3276 = EDGE_CURVE ( 'NONE', #238, #815, #1260, .T. ) ;
#3277 = EDGE_CURVE ( 'NONE', #4526, #6171, #7347, .T. ) ;
#3278 = VERTEX_POINT ( 'NONE', #1883 ) ;
#3279 = PRESENTATION_LAYER_ASSIGNMENT (  '', '', ( #5729 ) ) ;
#3280 = VERTEX_POINT ( 'NONE', #7784 ) ;
#3281 = UNCERTAINTY_MEASURE_WITH_UNIT (LENGTH_MEASURE( 1.000000000000000082E-05 ), #11, 'distance_accuracy_value', 'NONE');
#3282 = ORIENTED_EDGE ( 'NONE', *, *, #7682, .F. ) ;
#3283 = CARTESIAN_POINT ( 'NONE',  ( -0.2255931228884972273, -2.399999999999999023, 2.189052483338517874 ) ) ;
#3284 = FILL_AREA_STYLE_COLOUR ( '', #518 ) ;
#3285 = ADVANCED_FACE ( 'NONE', ( #6027 ), #2319, .F. ) ;
#3286 = LINE ( 'NONE', #5748, #1606 ) ;
#3287 = STYLED_ITEM ( 'NONE', ( #5649 ), #3163 ) ;
#3288 = VERTEX_POINT ( 'NONE', #703 ) ;
#3289 =( LENGTH_UNIT ( ) NAMED_UNIT ( * ) SI_UNIT ( .MILLI., .METRE. ) );
#3290 = VERTEX_POINT ( 'NONE', #3093 ) ;
#3291 = CARTESIAN_POINT ( 'NONE',  ( 2.489786910086957850, -2.499999999999999556, 2.001134074637178628 ) ) ;
#3292 = VECTOR ( 'NONE', #5770, 1000.000000000000000 ) ;
#3293 = PRESENTATION_STYLE_ASSIGNMENT (( #5753 ) ) ;
#3294 = FACE_OUTER_BOUND ( 'NONE', #6455, .T. ) ;
#3295 = ADVANCED_FACE ( 'NONE', ( #255 ), #3208, .F. ) ;
#3296 = UNCERTAINTY_MEASURE_WITH_UNIT (LENGTH_MEASURE( 1.000000000000000082E-05 ), #4055, 'distance_accuracy_value', 'NONE');
#3297 = MECHANICAL_DESIGN_GEOMETRIC_PRESENTATION_REPRESENTATION (  '', ( #7121 ), #923 ) ;
#3298 = CARTESIAN_POINT ( 'NONE',  ( 4.200000000000000178, -1.250000000000000000, -2.149999999999999911 ) ) ;
#3299 = ORIENTED_EDGE ( 'NONE', *, *, #7244, .F. ) ;
#3300 = CARTESIAN_POINT ( 'NONE',  ( 4.576522435897437902, -0.9004951481143085301, -2.250000000000000000 ) ) ;
#3301 = CARTESIAN_POINT ( 'NONE',  ( 2.655331196581195208, -2.500000000000000000, 1.883653846153846123 ) ) ;
#3302 = DIRECTION ( 'NONE',  ( -0.000000000000000000, -0.000000000000000000, 1.000000000000000000 ) ) ;
#3303 =( NAMED_UNIT ( * ) SI_UNIT ( $, .STERADIAN. ) SOLID_ANGLE_UNIT ( ) );
#3304 = CARTESIAN_POINT ( 'NONE',  ( -2.438237179487180217, -2.500000000000000000, 1.775106837606837518 ) ) ;
#3305 = SURFACE_STYLE_USAGE ( .BOTH. , #6365 ) ;
#3306 = VECTOR ( 'NONE', #4390, 1000.000000000000000 ) ;
#3307 = CARTESIAN_POINT ( 'NONE',  ( -2.750000000000000444, -0.1000000000000000056, 2.250000000000000000 ) ) ;
#3308 = FILL_AREA_STYLE ('',( #4961 ) ) ;
#3309 = PRESENTATION_LAYER_ASSIGNMENT (  '', '', ( #6759 ) ) ;
#3310 = FILL_AREA_STYLE ('',( #927 ) ) ;
#3311 = CARTESIAN_POINT ( 'NONE',  ( 1.800956594368268382, -2.500000000000000000, -1.647441418907150457 ) ) ;
#3312 = SURFACE_STYLE_USAGE ( .BOTH. , #154 ) ;
#3313 =( GEOMETRIC_REPRESENTATION_CONTEXT ( 3 ) GLOBAL_UNCERTAINTY_ASSIGNED_CONTEXT ( ( #3939 ) ) GLOBAL_UNIT_ASSIGNED_CONTEXT ( ( #1764, #4773, #7222 ) ) REPRESENTATION_CONTEXT ( 'NONE', 'WORKASPACE' ) );
#3314 = EDGE_LOOP ( 'NONE', ( #5822, #5079, #4480, #9 ) ) ;
#3315 = ORIENTED_EDGE ( 'NONE', *, *, #2281, .F. ) ;
#3316 = DIRECTION ( 'NONE',  ( -1.000000000000000000, 0.000000000000000000, 2.464095846557965385E-16 ) ) ;
#3317 = VERTEX_POINT ( 'NONE', #1448 ) ;
#3318 = ADVANCED_FACE ( 'NONE', ( #5596 ), #136, .F. ) ;
#3319 = CARTESIAN_POINT ( 'NONE',  ( 2.370395299145298118, -2.500000000000000000, 1.864573317307692379 ) ) ;
#3320 = DIRECTION ( 'NONE',  ( 0.000000000000000000, 0.000000000000000000, -1.000000000000000000 ) ) ;
#3321 = DIRECTION ( 'NONE',  ( 0.000000000000000000, 0.000000000000000000, -1.000000000000000000 ) ) ;
#3322 = ORIENTED_EDGE ( 'NONE', *, *, #2851, .T. ) ;
#3323 =( NAMED_UNIT ( * ) PLANE_ANGLE_UNIT ( ) SI_UNIT ( $, .RADIAN. ) );
#3324 = ORIENTED_EDGE ( 'NONE', *, *, #6518, .T. ) ;
#3325 = ORIENTED_EDGE ( 'NONE', *, *, #1890, .F. ) ;
#3326 = EDGE_CURVE ( 'NONE', #3431, #3549, #152, .T. ) ;
#3327 = CARTESIAN_POINT ( 'NONE',  ( 2.375500115562295456, -2.399999999999999911, 1.908025937328494459 ) ) ;
#3328 = COLOUR_RGB ( '',0.1843137254901960898, 0.7568627450980391913, 1.000000000000000000 ) ;
#3329 = EDGE_CURVE ( 'NONE', #2218, #5760, #6887, .T. ) ;
#3330 =( NAMED_UNIT ( * ) PLANE_ANGLE_UNIT ( ) SI_UNIT ( $, .RADIAN. ) );
#3331 =( NAMED_UNIT ( * ) SI_UNIT ( $, .STERADIAN. ) SOLID_ANGLE_UNIT ( ) );
#3332 = B_SPLINE_CURVE_WITH_KNOTS ( 'NONE', 3,
 ( #6789, #6128, #3748, #1776, #147, #4196, #4827, #2450, #2414, #3068, #1187, #3029, #3583, #4875, #5439, #1233, #636, #5522, #4235 ),
 .UNSPECIFIED., .F., .F.,
 ( 4, 1, 1, 1, 1, 1, 1, 1, 1, 1, 1, 1, 1, 1, 1, 1, 4 ),
 ( 0.000000000000000000, 0.06455633610028209401, 0.1270105610545992636, 0.1879504144589990433, 0.2479281443229034987, 0.3077638717156572778, 0.3682492899446028201, 0.4294831870648246896, 0.4927553000744313572, 0.5562681466093977178, 0.6182257143964449142, 0.6796629675598471199, 0.7412515971715535334, 0.8034198622788645272, 0.8668185763619328243, 0.9323298946028559797, 1.000000000000000000 ),
 .UNSPECIFIED. ) ;
#3333 = COLOUR_RGB ( '',0.1843137254901960898, 0.7568627450980391913, 1.000000000000000000 ) ;
#3334 = ADVANCED_FACE ( 'NONE', ( #234 ), #6951, .T. ) ;
#3335 = SURFACE_STYLE_USAGE ( .BOTH. , #949 ) ;
#3336 = CARTESIAN_POINT ( 'NONE',  ( -1.148629566403928992, 0.000000000000000000, -1.647441418907150457 ) ) ;
#3337 = EDGE_CURVE ( 'NONE', #3067, #3706, #6330, .T. ) ;
#3338 = FILL_AREA_STYLE_COLOUR ( '', #1835 ) ;
#3339 = DIRECTION ( 'NONE',  ( 8.619603225789280719E-17, 0.000000000000000000, 1.000000000000000000 ) ) ;
#3340 = CARTESIAN_POINT ( 'NONE',  ( -1.722883656246370299, -0.2000000000000000111, -1.647441418907150457 ) ) ;
#3341 = STYLED_ITEM ( 'NONE', ( #3238 ), #7476 ) ;
#3342 = COLOUR_RGB ( '',0.1843137254901960898, 0.7568627450980391913, 1.000000000000000000 ) ;
#3343 =( LENGTH_UNIT ( ) NAMED_UNIT ( * ) SI_UNIT ( .MILLI., .METRE. ) );
#3344 = AXIS2_PLACEMENT_3D ( 'NONE', #535, #2435, #2934 ) ;
#3345 =( NAMED_UNIT ( * ) SI_UNIT ( $, .STERADIAN. ) SOLID_ANGLE_UNIT ( ) );
#3346 = LINE ( 'NONE', #2818, #5411 ) ;
#3347 =( NAMED_UNIT ( * ) SI_UNIT ( $, .STERADIAN. ) SOLID_ANGLE_UNIT ( ) );
#3348 = VECTOR ( 'NONE', #570, 1000.000000000000000 ) ;
#3349 = VECTOR ( 'NONE', #990, 1000.000000000000000 ) ;
#3350 = CARTESIAN_POINT ( 'NONE',  ( 2.749999999999999556, -0.1000000000000000056, 0.3886139668323262408 ) ) ;
#3352 = ORIENTED_EDGE ( 'NONE', *, *, #5523, .T. ) ;
#3351 = CIRCLE ( 'NONE', #4381, 0.2394398982144593790 ) ;
#3353 = CARTESIAN_POINT ( 'NONE',  ( 2.443292310828020231, -2.399999999999999911, 1.801136259818344687 ) ) ;
#3354 = CARTESIAN_POINT ( 'NONE',  ( 3.592137569868829594, -1.250000000000000000, -2.149999999999999911 ) ) ;
#3355 = FILL_AREA_STYLE ('',( #6407 ) ) ;
#3356 = VECTOR ( 'NONE', #2737, 1000.000000000000000 ) ;
#3357 = STYLED_ITEM ( 'NONE', ( #1955 ), #5598 ) ;
#3358 = ORIENTED_EDGE ( 'NONE', *, *, #3438, .F. ) ;
#3359 =( GEOMETRIC_REPRESENTATION_CONTEXT ( 3 ) GLOBAL_UNCERTAINTY_ASSIGNED_CONTEXT ( ( #3443 ) ) GLOBAL_UNIT_ASSIGNED_CONTEXT ( ( #3184, #6283, #113 ) ) REPRESENTATION_CONTEXT ( 'NONE', 'WORKASPACE' ) );
#3360 = ORIENTED_EDGE ( 'NONE', *, *, #6947, .T. ) ;
#3361 = ORIENTED_EDGE ( 'NONE', *, *, #3913, .F. ) ;
#3362 = LINE ( 'NONE', #4594, #4126 ) ;
#3363 = CARTESIAN_POINT ( 'NONE',  ( 2.370395299145298118, -2.400000000000000355, 1.864573317307692379 ) ) ;
#3364 = STYLED_ITEM ( 'NONE', ( #3463 ), #1471 ) ;
#3365 = FILL_AREA_STYLE_COLOUR ( '', #459 ) ;
#3366 = EDGE_CURVE ( 'NONE', #6292, #3155, #7563, .T. ) ;
#3367 = VERTEX_POINT ( 'NONE', #4993 ) ;
#3368 = VECTOR ( 'NONE', #6418, 1000.000000000000000 ) ;
#3369 = VERTEX_POINT ( 'NONE', #2720 ) ;
#3370 = CARTESIAN_POINT ( 'NONE',  ( 2.448680708150346330, -2.400000000000000799, 2.023181628860384773 ) ) ;
#3371 = FACE_OUTER_BOUND ( 'NONE', #1131, .T. ) ;
#3372 =( NAMED_UNIT ( * ) PLANE_ANGLE_UNIT ( ) SI_UNIT ( $, .RADIAN. ) );
#3373 = CARTESIAN_POINT ( 'NONE',  ( -0.02395666399572645572, -2.500000000000000000, 1.761538461538461497 ) ) ;
#3374 = EDGE_CURVE ( 'NONE', #6273, #2158, #5155, .T. ) ;
#3375 = ADVANCED_FACE ( 'NONE', ( #5657 ), #363, .T. ) ;
#3376 = DIRECTION ( 'NONE',  ( -0.000000000000000000, 1.000000000000000000, -0.000000000000000000 ) ) ;
#3377 =( NAMED_UNIT ( * ) SI_UNIT ( $, .STERADIAN. ) SOLID_ANGLE_UNIT ( ) );
#3378 = FACE_OUTER_BOUND ( 'NONE', #401, .T. ) ;
#3379 = CARTESIAN_POINT ( 'NONE',  ( 4.381742037259617639, -1.154902199396359741, -2.250000000000000000 ) ) ;
#3380 = AXIS2_PLACEMENT_3D ( 'NONE', #4544, #176, #5021 ) ;
#3381 = CARTESIAN_POINT ( 'NONE',  ( -1.993914404288691378, -2.400000000000000355, 2.250000000000000000 ) ) ;
#3382 =( NAMED_UNIT ( * ) SI_UNIT ( $, .STERADIAN. ) SOLID_ANGLE_UNIT ( ) );
#3383 = LINE ( 'NONE', #2816, #3074 ) ;
#3384 = UNCERTAINTY_MEASURE_WITH_UNIT (LENGTH_MEASURE( 1.000000000000000082E-05 ), #872, 'distance_accuracy_value', 'NONE');
#3385 = VECTOR ( 'NONE', #5734, 1000.000000000000000 ) ;
#3386 = CARTESIAN_POINT ( 'NONE',  ( 4.344216997195514907, -1.236312455806616306, -2.250000000000000000 ) ) ;
#3387 = LINE ( 'NONE', #5221, #5448 ) ;
#3388 = FACE_OUTER_BOUND ( 'NONE', #7692, .T. ) ;
#3389 = FACE_OUTER_BOUND ( 'NONE', #2946, .T. ) ;
#3390 = SURFACE_STYLE_FILL_AREA ( #394 ) ;
#3391 = CARTESIAN_POINT ( 'NONE',  ( -2.469296040331197428, -2.500000000000000000, 1.720833333333333437 ) ) ;
#3392 = MECHANICAL_DESIGN_GEOMETRIC_PRESENTATION_REPRESENTATION (  '', ( #4663 ), #4026 ) ;
#3393 = SURFACE_STYLE_USAGE ( .BOTH. , #1692 ) ;
#3394 = UNCERTAINTY_MEASURE_WITH_UNIT (LENGTH_MEASURE( 1.000000000000000082E-05 ), #6501, 'distance_accuracy_value', 'NONE');
#3395 = ORIENTED_EDGE ( 'NONE', *, *, #5080, .T. ) ;
#3396 = ORIENTED_EDGE ( 'NONE', *, *, #1310, .F. ) ;
#3397 = FILL_AREA_STYLE_COLOUR ( '', #7050 ) ;
#3398 = EDGE_LOOP ( 'NONE', ( #4529, #3515, #3199, #4883, #2830, #2645, #4847, #1077, #4928, #66, #3649, #4035 ) ) ;
#3399 = FILL_AREA_STYLE_COLOUR ( '', #7252 ) ;
#3400 = CARTESIAN_POINT ( 'NONE',  ( 2.639201743375348297, -2.400000000000000355, 1.745092423709590390 ) ) ;
#3401 = ORIENTED_EDGE ( 'NONE', *, *, #6338, .T. ) ;
#3402 =( LENGTH_UNIT ( ) NAMED_UNIT ( * ) SI_UNIT ( .MILLI., .METRE. ) );
#3403 = EDGE_LOOP ( 'NONE', ( #4740, #3028, #4477, #3805, #1392, #3352, #2387, #7567, #3761, #2578, #3687, #6382 ) ) ;
#3404 = ORIENTED_EDGE ( 'NONE', *, *, #1445, .F. ) ;
#3405 = CARTESIAN_POINT ( 'NONE',  ( 0.1843570907306734119, -2.500000000000000000, 2.093292361267840462 ) ) ;
#3406 = CARTESIAN_POINT ( 'NONE',  ( 2.840000000000000746, -1.000000000000000000, 7.281332158035497493 ) ) ;
#3407 = COLOUR_RGB ( '',0.1843137254901960898, 0.7568627450980391913, 1.000000000000000000 ) ;
#3408 = DIRECTION ( 'NONE',  ( 1.000000000000000000, 0.000000000000000000, 0.000000000000000000 ) ) ;
#3409 = UNCERTAINTY_MEASURE_WITH_UNIT (LENGTH_MEASURE( 1.000000000000000082E-05 ), #5420, 'distance_accuracy_value', 'NONE');
#3410 = CARTESIAN_POINT ( 'NONE',  ( -0.02756076388888887077, -2.500000000000000000, 2.263568376068375798 ) ) ;
#3411 = CARTESIAN_POINT ( 'NONE',  ( 0.000000000000000000, -2.400000000000000355, 2.016198513312075224 ) ) ;
#3412 = DIRECTION ( 'NONE',  ( 0.000000000000000000, -0.000000000000000000, -1.000000000000000000 ) ) ;
#3413 = B_SPLINE_CURVE_WITH_KNOTS ( 'NONE', 3,
 ( #2647, #7526, #2071, #4479, #3877, #896, #5743, #2689, #5116, #1113, #3550 ),
 .UNSPECIFIED., .F., .F.,
 ( 4, 1, 1, 1, 1, 1, 1, 1, 4 ),
 ( 0.000000000000000000, 0.1285151895116612430, 0.2529486363526578518, 0.3747547340060046195, 0.4959397538670497485, 0.6171806414298925958, 0.7409094692781372782, 0.8678111481862026411, 1.000000000000000000 ),
 .UNSPECIFIED. ) ;
#3414 = FILL_AREA_STYLE ('',( #1652 ) ) ;
#3415 = CARTESIAN_POINT ( 'NONE',  ( 3.400000000000001243, 0.000000000000000000, -2.810766349256795138 ) ) ;
#3416 = FILL_AREA_STYLE_COLOUR ( '', #3114 ) ;
#3417 = SURFACE_STYLE_USAGE ( .BOTH. , #6476 ) ;
#3418 = FACE_OUTER_BOUND ( 'NONE', #7089, .T. ) ;
#3419 = DIRECTION ( 'NONE',  ( -1.000000000000000000, 0.000000000000000000, 0.000000000000000000 ) ) ;
#3420 = AXIS2_PLACEMENT_3D ( 'NONE', #671, #4871, #5996 ) ;
#3421 = LINE ( 'NONE', #5877, #4328 ) ;
#3422 = CARTESIAN_POINT ( 'NONE',  ( -0.02395666399572645572, -2.399999999999999467, 1.761538461538461497 ) ) ;
#3423 = EDGE_CURVE ( 'NONE', #7229, #4365, #3451, .T. ) ;
#3424 =( NAMED_UNIT ( * ) SI_UNIT ( $, .STERADIAN. ) SOLID_ANGLE_UNIT ( ) );
#3425 = CARTESIAN_POINT ( 'NONE',  ( 2.426148155846993060, -2.399999999999999911, 1.827918569186863573 ) ) ;
#3426 = PLANE ( 'NONE',  #7564 ) ;
#3427 = CARTESIAN_POINT ( 'NONE',  ( 2.530247729700853210, -2.500000000000000000, 1.707264957264957195 ) ) ;
#3428 = AXIS2_PLACEMENT_3D ( 'NONE', #3298, #4351, #7503 ) ;
#3429 = VERTEX_POINT ( 'NONE', #5369 ) ;
#3430 = VECTOR ( 'NONE', #4472, 1000.000000000000000 ) ;
#3431 = VERTEX_POINT ( 'NONE', #1089 ) ;
#3432 =( NAMED_UNIT ( * ) PLANE_ANGLE_UNIT ( ) SI_UNIT ( $, .RADIAN. ) );
#3433 = ORIENTED_EDGE ( 'NONE', *, *, #7189, .T. ) ;
#3434 =( GEOMETRIC_REPRESENTATION_CONTEXT ( 3 ) GLOBAL_UNCERTAINTY_ASSIGNED_CONTEXT ( ( #444 ) ) GLOBAL_UNIT_ASSIGNED_CONTEXT ( ( #1696, #7150, #7237 ) ) REPRESENTATION_CONTEXT ( 'NONE', 'WORKASPACE' ) );
#3435 = EDGE_CURVE ( 'NONE', #6802, #3151, #1943, .T. ) ;
#3436 = CARTESIAN_POINT ( 'NONE',  ( 0.2576058371515521084, -2.499999999999999556, 1.991398331573822844 ) ) ;
#3437 =( NAMED_UNIT ( * ) PLANE_ANGLE_UNIT ( ) SI_UNIT ( $, .RADIAN. ) );
#3438 = EDGE_CURVE ( 'NONE', #3151, #2683, #2813, .T. ) ;
#3439 = AXIS2_PLACEMENT_3D ( 'NONE', #4224, #6661, #1841 ) ;
#3440 = ORIENTED_EDGE ( 'NONE', *, *, #935, .F. ) ;
#3441 = FILL_AREA_STYLE_COLOUR ( '', #2061 ) ;
#3442 = ORIENTED_EDGE ( 'NONE', *, *, #7767, .T. ) ;
#3443 = UNCERTAINTY_MEASURE_WITH_UNIT (LENGTH_MEASURE( 1.000000000000000082E-05 ), #3184, 'distance_accuracy_value', 'NONE');
#3444 = COLOUR_RGB ( '',0.8313725490196077761, 0.8313725490196077761, 0.8196078431372548767 ) ;
#3445 = CARTESIAN_POINT ( 'NONE',  ( 0.08746803362186544861, -2.500000000000000444, 2.184604303163777850 ) ) ;
#3446 = B_SPLINE_SURFACE_WITH_KNOTS ( 'NONE', 3, 1, ( 
 ( #475, #1386 ),
 ( #3183, #2020 ),
 ( #677, #5574 ),
 ( #1981, #4325 ),
 ( #2601, #1426 ),
 ( #3787, #6753 ),
 ( #4989, #6163 ),
 ( #3830, #6243 ),
 ( #1313, #5613 ),
 ( #1899, #7363 ),
 ( #6790, #7516 ),
 ( #718, #1350 ),
 ( #3671, #801 ),
 ( #841, #3230 ),
 ( #3148, #2563 ),
 ( #112, #7432 ),
 ( #2528, #4402 ),
 ( #2062, #5697 ),
 ( #6834, #72 ) ),
 .UNSPECIFIED., .F., .F., .F.,
 ( 4, 1, 1, 1, 1, 1, 1, 1, 1, 1, 1, 1, 1, 1, 1, 1, 4 ),
 ( 2, 2 ),
 ( 0.000000000000000000, 0.06432246778181961722, 0.1262886335379624081, 0.1867242955000420757, 0.2464168158680686560, 0.3055837265637827427, 0.3654367727676125499, 0.4263329871858878573, 0.4888458569063454662, 0.5517301902635035615, 0.6139230909085517940, 0.6754875435196862066, 0.7373369548421792041, 0.8002313699638063937, 0.8645038754762071065, 0.9310415419227366929, 1.000000000000000000 ),
 ( 0.000000000000000000, 1.000000000000000000 ),
 .UNSPECIFIED. ) ;
#3447 = CARTESIAN_POINT ( 'NONE',  ( 4.210176282051284247, -1.694245148114308597, -2.250000000000000000 ) ) ;
#3448 = CARTESIAN_POINT ( 'NONE',  ( 2.239999999999999769, -1.000000000000000000, 2.250000000000000000 ) ) ;
#3449 = CARTESIAN_POINT ( 'NONE',  ( 0.1873543905253103881, -2.500000000000000000, 2.174817562849269414 ) ) ;
#3450 = ORIENTED_EDGE ( 'NONE', *, *, #5122, .T. ) ;
#3451 = LINE ( 'NONE', #4083, #3828 ) ;
#3452 = EDGE_LOOP ( 'NONE', ( #2076, #2608, #492, #6301 ) ) ;
#3453 = CARTESIAN_POINT ( 'NONE',  ( -0.08017520020751860155, -2.500000000000000888, 1.711235023229426888 ) ) ;
#3454 = SURFACE_STYLE_FILL_AREA ( #6507 ) ;
#3455 = SURFACE_STYLE_USAGE ( .BOTH. , #7168 ) ;
#3456 = PRESENTATION_STYLE_ASSIGNMENT (( #4090 ) ) ;
#3457 =( NAMED_UNIT ( * ) SI_UNIT ( $, .STERADIAN. ) SOLID_ANGLE_UNIT ( ) );
#3458 = PLANE ( 'NONE',  #5776 ) ;
#3459 = UNCERTAINTY_MEASURE_WITH_UNIT (LENGTH_MEASURE( 1.000000000000000082E-05 ), #2015, 'distance_accuracy_value', 'NONE');
#3460 = EDGE_CURVE ( 'NONE', #5117, #7646, #160, .T. ) ;
#3461 = UNCERTAINTY_MEASURE_WITH_UNIT (LENGTH_MEASURE( 1.000000000000000082E-05 ), #2101, 'distance_accuracy_value', 'NONE');
#3462 =( NAMED_UNIT ( * ) PLANE_ANGLE_UNIT ( ) SI_UNIT ( $, .RADIAN. ) );
#3463 = PRESENTATION_STYLE_ASSIGNMENT (( #388 ) ) ;
#3464 = CARTESIAN_POINT ( 'NONE',  ( 2.419853215759774301, -2.400000000000000799, 1.847658442667884815 ) ) ;
#3465 =( LENGTH_UNIT ( ) NAMED_UNIT ( * ) SI_UNIT ( .MILLI., .METRE. ) );
#3466 = PRESENTATION_STYLE_ASSIGNMENT (( #359 ) ) ;
#3467 = PRESENTATION_LAYER_ASSIGNMENT (  '', '', ( #2705 ) ) ;
#3468 = CARTESIAN_POINT ( 'NONE',  ( 0.2380298619440948116, -2.400000000000001243, 1.875104562333181235 ) ) ;
#3469 = ORIENTED_EDGE ( 'NONE', *, *, #6796, .F. ) ;
#3470 =( GEOMETRIC_REPRESENTATION_CONTEXT ( 3 ) GLOBAL_UNCERTAINTY_ASSIGNED_CONTEXT ( ( #1444 ) ) GLOBAL_UNIT_ASSIGNED_CONTEXT ( ( #6485, #1067, #6453 ) ) REPRESENTATION_CONTEXT ( 'NONE', 'WORKASPACE' ) );
#3471 = EDGE_LOOP ( 'NONE', ( #6636, #1390, #4321 ) ) ;
#3472 = COLOUR_RGB ( '',0.8313725490196077761, 0.8313725490196077761, 0.8196078431372548767 ) ;
#3473 = VECTOR ( 'NONE', #1411, 1000.000000000000000 ) ;
#3474 = LINE ( 'NONE', #5922, #5910 ) ;
#3475 = MECHANICAL_DESIGN_GEOMETRIC_PRESENTATION_REPRESENTATION (  '', ( #451 ), #574 ) ;
#3476 = CARTESIAN_POINT ( 'NONE',  ( -0.03300478338361668290, -2.500000000000000000, 1.707337860919236894 ) ) ;
#3477 = CARTESIAN_POINT ( 'NONE',  ( 2.596778897368142491, -2.399999999999999467, 1.719343139532131470 ) ) ;
#3478 = AXIS2_PLACEMENT_3D ( 'NONE', #7031, #4068, #5119 ) ;
#3479 = PRESENTATION_LAYER_ASSIGNMENT (  '', '', ( #6307 ) ) ;
#3480 = ORIENTED_EDGE ( 'NONE', *, *, #3802, .T. ) ;
#3481 = ADVANCED_FACE ( 'NONE', ( #491 ), #7700, .T. ) ;
#3482 = ORIENTED_EDGE ( 'NONE', *, *, #5229, .T. ) ;
#3483 = DIRECTION ( 'NONE',  ( 0.000000000000000000, 1.000000000000000000, 0.000000000000000000 ) ) ;
#3484 = MECHANICAL_DESIGN_GEOMETRIC_PRESENTATION_REPRESENTATION (  '', ( #4254 ), #7053 ) ;
#3485 = FILL_AREA_STYLE ('',( #7657 ) ) ;
#3486 = AXIS2_PLACEMENT_3D ( 'NONE', #7676, #6403, #1577 ) ;
#3487 = STYLED_ITEM ( 'NONE', ( #2640 ), #1391 ) ;
#3488 = CARTESIAN_POINT ( 'NONE',  ( 0.1085282220468158920, -2.500000000000000000, 1.799176630188334736 ) ) ;
#3489 = DIRECTION ( 'NONE',  ( 0.000000000000000000, 0.000000000000000000, 1.000000000000000000 ) ) ;
#3490 = ORIENTED_EDGE ( 'NONE', *, *, #294, .T. ) ;
#3491 = CARTESIAN_POINT ( 'NONE',  ( 0.1226130980436064000, -2.399999999999999023, 2.227548820938789031 ) ) ;
#3492 = STYLED_ITEM ( 'NONE', ( #7154 ), #6654 ) ;
#3493 = PRESENTATION_LAYER_ASSIGNMENT (  '', '', ( #6939 ) ) ;
#3494 = SURFACE_STYLE_USAGE ( .BOTH. , #2242 ) ;
#3495 = ORIENTED_EDGE ( 'NONE', *, *, #1118, .T. ) ;
#3496 = ORIENTED_EDGE ( 'NONE', *, *, #3802, .F. ) ;
#3497 = COLOUR_RGB ( '',0.8980392156862745390, 0.8980392156862745390, 0.8980392156862745390 ) ;
#3498 = CARTESIAN_POINT ( 'NONE',  ( 0.1328776666525758599, -2.399999999999999023, 1.816822642486323858 ) ) ;
#3499 = CARTESIAN_POINT ( 'NONE',  ( -0.2132817395961957574, -2.500000000000000000, 1.846200240613654175 ) ) ;
#3500 = CARTESIAN_POINT ( 'NONE',  ( -0.02756076388888887077, -2.500000000000000000, 2.263568376068375798 ) ) ;
#3501 = CARTESIAN_POINT ( 'NONE',  ( 2.663236821978520741, -2.500000000000000000, 1.769442673155927181 ) ) ;
#3502 = FILL_AREA_STYLE_COLOUR ( '', #4500 ) ;
#3503 = CARTESIAN_POINT ( 'NONE',  ( 4.550784378080527048, -0.1000000000000000056, 0.8002088216562512901 ) ) ;
#3504 = CARTESIAN_POINT ( 'NONE',  ( 1.993914404288690490, -2.500000000000000000, 2.250000000000000000 ) ) ;
#3505 = MECHANICAL_DESIGN_GEOMETRIC_PRESENTATION_REPRESENTATION (  '', ( #5424 ), #2249 ) ;
#3506 = COLOUR_RGB ( '',0.1843137254901960898, 0.7568627450980391913, 1.000000000000000000 ) ;
#3507 = DIRECTION ( 'NONE',  ( -0.9409429035988075007, 0.000000000000000000, -0.3385652849408002374 ) ) ;
#3508 = FILL_AREA_STYLE ('',( #4730 ) ) ;
#3509 = CARTESIAN_POINT ( 'NONE',  ( -0.2577991452991452714, -2.500000000000000000, 1.817932024572649352 ) ) ;
#3510 = DIRECTION ( 'NONE',  ( 0.000000000000000000, 0.000000000000000000, -1.000000000000000000 ) ) ;
#3511 = VECTOR ( 'NONE', #6730, 1000.000000000000000 ) ;
#3512 = CARTESIAN_POINT ( 'NONE',  ( 0.2531829830928687963, -2.500000000000000000, 1.926610731711220881 ) ) ;
#3513 = VECTOR ( 'NONE', #3807, 1000.000000000000000 ) ;
#3514 = ORIENTED_EDGE ( 'NONE', *, *, #7243, .T. ) ;
#3515 = ORIENTED_EDGE ( 'NONE', *, *, #2912, .F. ) ;
#3516 = FACE_OUTER_BOUND ( 'NONE', #2765, .T. ) ;
#3517 = CARTESIAN_POINT ( 'NONE',  ( 1.993914404288690490, -2.400000000000000355, 1.630485880782381436 ) ) ;
#3518 = CARTESIAN_POINT ( 'NONE',  ( -2.408633676762341302, -1.000000000000000000, 7.750000000000000000 ) ) ;
#3519 = EDGE_CURVE ( 'NONE', #6251, #4986, #4719, .T. ) ;
#3520 = CARTESIAN_POINT ( 'NONE',  ( 2.498615044066823554, -2.499999999999999556, 1.765802083820995128 ) ) ;
#3521 = ADVANCED_FACE ( 'NONE', ( #1715 ), #4131, .F. ) ;
#3522 =( NAMED_UNIT ( * ) SI_UNIT ( $, .STERADIAN. ) SOLID_ANGLE_UNIT ( ) );
#3523 =( NAMED_UNIT ( * ) PLANE_ANGLE_UNIT ( ) SI_UNIT ( $, .RADIAN. ) );
#3524 = ORIENTED_EDGE ( 'NONE', *, *, #799, .F. ) ;
#3525 = CIRCLE ( 'NONE', #761, 0.4149114923446327596 ) ;
#3526 = ORIENTED_EDGE ( 'NONE', *, *, #1903, .F. ) ;
#3527 = UNCERTAINTY_MEASURE_WITH_UNIT (LENGTH_MEASURE( 1.000000000000000082E-05 ), #2908, 'distance_accuracy_value', 'NONE');
#3528 = CARTESIAN_POINT ( 'NONE',  ( 2.520947203135883274, -2.499999999999999112, 1.761849804524514784 ) ) ;
#3529 = DIRECTION ( 'NONE',  ( -0.000000000000000000, 1.000000000000000000, -0.000000000000000000 ) ) ;
#3530 = CARTESIAN_POINT ( 'NONE',  ( 0.1096313075153614730, -2.500000000000000888, 2.234472068534554268 ) ) ;
#3531 = VERTEX_POINT ( 'NONE', #5549 ) ;
#3532 = CARTESIAN_POINT ( 'NONE',  ( 0.2203374460449690209, -2.500000000000000444, 2.130149937256948789 ) ) ;
#3533 = ORIENTED_EDGE ( 'NONE', *, *, #4268, .T. ) ;
#3534 = CARTESIAN_POINT ( 'NONE',  ( -1.993914404288691378, -2.400000000000000355, 2.250000000000000000 ) ) ;
#3535 = CARTESIAN_POINT ( 'NONE',  ( 2.532685797275640027, -2.400000000000000355, 1.761538461538461497 ) ) ;
#3536 = FILL_AREA_STYLE ('',( #7706 ) ) ;
#3537 = SURFACE_STYLE_USAGE ( .BOTH. , #6542 ) ;
#3538 = LINE ( 'NONE', #2470, #1055 ) ;
#3539 = LINE ( 'NONE', #5423, #4866 ) ;
#3540 = STYLED_ITEM ( 'NONE', ( #4610 ), #3190 ) ;
#3541 = CARTESIAN_POINT ( 'NONE',  ( -1.800956594368268382, -0.2000000000000000111, -1.225342217102087350 ) ) ;
#3542 = CARTESIAN_POINT ( 'NONE',  ( 2.723173076923075531, -2.400000000000000355, 2.250000000000000000 ) ) ;
#3543 = LINE ( 'NONE', #2252, #5669 ) ;
#3544 = AXIS2_PLACEMENT_3D ( 'NONE', #7080, #7653, #4633 ) ;
#3545 =( NAMED_UNIT ( * ) SI_UNIT ( $, .STERADIAN. ) SOLID_ANGLE_UNIT ( ) );
#3546 = CARTESIAN_POINT ( 'NONE',  ( 3.086085595711308915, -2.400000000000000355, 1.630485880782381436 ) ) ;
#3547 = ORIENTED_EDGE ( 'NONE', *, *, #4306, .F. ) ;
#3548 = PRESENTATION_LAYER_ASSIGNMENT (  '', '', ( #7121 ) ) ;
#3549 = VERTEX_POINT ( 'NONE', #6108 ) ;
#3550 = CARTESIAN_POINT ( 'NONE',  ( -0.2162459935897435848, -2.400000000000000355, 2.121100427350427253 ) ) ;
#3551 = SURFACE_STYLE_FILL_AREA ( #3031 ) ;
#3552 = SURFACE_STYLE_USAGE ( .BOTH. , #513 ) ;
#3553 = CARTESIAN_POINT ( 'NONE',  ( 2.671366323237657880, -1.000000000000000000, 7.750000000000000000 ) ) ;
#3554 = DIRECTION ( 'NONE',  ( -8.641799330037944406E-17, 0.000000000000000000, 1.000000000000000000 ) ) ;
#3555 = LINE ( 'NONE', #1701, #7467 ) ;
#3556 = ORIENTED_EDGE ( 'NONE', *, *, #5964, .T. ) ;
#3557 = CARTESIAN_POINT ( 'NONE',  ( 2.609855936164528600, -2.500000000000000000, 2.195726495726495919 ) ) ;
#3558 = ADVANCED_FACE ( 'NONE', ( #46 ), #3653, .T. ) ;
#3559 = ORIENTED_EDGE ( 'NONE', *, *, #6751, .T. ) ;
#3560 =( NAMED_UNIT ( * ) SI_UNIT ( $, .STERADIAN. ) SOLID_ANGLE_UNIT ( ) );
#3561 = CARTESIAN_POINT ( 'NONE',  ( 2.532685797275640027, -2.400000000000000355, 1.761538461538461497 ) ) ;
#3562 = CARTESIAN_POINT ( 'NONE',  ( 3.400000000000001243, -2.500000000000000000, -2.810766349256795138 ) ) ;
#3563 = CARTESIAN_POINT ( 'NONE',  ( 2.702820512820511833, -2.500000000000000000, 1.883653846153846123 ) ) ;
#3564 = DIRECTION ( 'NONE',  ( -0.000000000000000000, -1.000000000000000000, -0.000000000000000000 ) ) ;
#3565 = B_SPLINE_CURVE_WITH_KNOTS ( 'NONE', 3,
 ( #1941, #150, #1388, #2604, #3111, #4361, #5575, #7518, #5035, #7366, #4330, #6793, #6873, #115, #2021, #4404, #2531, #1427, #3185 ),
 .UNSPECIFIED., .F., .F.,
 ( 4, 1, 1, 1, 1, 1, 1, 1, 1, 1, 1, 1, 1, 1, 1, 1, 4 ),
 ( 0.000000000000000000, 0.06455633610028209401, 0.1270105610545992636, 0.1879504144589990433, 0.2479281443229034987, 0.3077638717156572778, 0.3682492899446028201, 0.4294831870648246896, 0.4927553000744313572, 0.5562681466093977178, 0.6182257143964449142, 0.6796629675598471199, 0.7412515971715535334, 0.8034198622788645272, 0.8668185763619328243, 0.9323298946028559797, 1.000000000000000000 ),
 .UNSPECIFIED. ) ;
#3566 = DIRECTION ( 'NONE',  ( 0.000000000000000000, 0.000000000000000000, -1.000000000000000000 ) ) ;
#3567 = AXIS2_PLACEMENT_3D ( 'NONE', #6823, #3812, #1923 ) ;
#3568 = ADVANCED_FACE ( 'NONE', ( #1757 ), #90, .T. ) ;
#3569 = ORIENTED_EDGE ( 'NONE', *, *, #3814, .T. ) ;
#3570 =( GEOMETRIC_REPRESENTATION_CONTEXT ( 3 ) GLOBAL_UNCERTAINTY_ASSIGNED_CONTEXT ( ( #289 ) ) GLOBAL_UNIT_ASSIGNED_CONTEXT ( ( #3289, #3323, #6816 ) ) REPRESENTATION_CONTEXT ( 'NONE', 'WORKASPACE' ) );
#3571 = PLANE ( 'NONE',  #2494 ) ;
#3572 = DIRECTION ( 'NONE',  ( -0.000000000000000000, -1.000000000000000000, -0.000000000000000000 ) ) ;
#3573 = CARTESIAN_POINT ( 'NONE',  ( 2.436181336034762612, -2.400000000000000799, 2.008585383983133799 ) ) ;
#3574 = CARTESIAN_POINT ( 'NONE',  ( 2.608449926555001852, -2.399999999999999467, 1.785912163766971039 ) ) ;
#3575 = EDGE_CURVE ( 'NONE', #5318, #4341, #3252, .T. ) ;
#3576 = EDGE_CURVE ( 'NONE', #6965, #2261, #4377, .T. ) ;
#3577 = CARTESIAN_POINT ( 'NONE',  ( 2.671366323237657880, -1.000000000000000000, 7.750000000000000000 ) ) ;
#3578 =( NAMED_UNIT ( * ) PLANE_ANGLE_UNIT ( ) SI_UNIT ( $, .RADIAN. ) );
#3579 = CARTESIAN_POINT ( 'NONE',  ( 0.03807537133258373507, -2.400000000000000355, 1.768889483205670965 ) ) ;
#3580 = PLANE ( 'NONE',  #5661 ) ;
#3581 = ORIENTED_EDGE ( 'NONE', *, *, #4019, .T. ) ;
#3582 = ORIENTED_EDGE ( 'NONE', *, *, #2925, .F. ) ;
#3583 = CARTESIAN_POINT ( 'NONE',  ( 0.1100949254345724299, -2.500000000000000444, 1.737941432610797809 ) ) ;
#3584 = VERTEX_POINT ( 'NONE', #2541 ) ;
#3585 = DIRECTION ( 'NONE',  ( 0.000000000000000000, 0.000000000000000000, -1.000000000000000000 ) ) ;
#3586 = CARTESIAN_POINT ( 'NONE',  ( 2.451060259387555451, -2.499999999999999556, 1.793101956542050068 ) ) ;
#3587 = CARTESIAN_POINT ( 'NONE',  ( -0.1451777087237364205, -2.399999999999998579, 1.729408596346316163 ) ) ;
#3588 = VECTOR ( 'NONE', #5225, 1000.000000000000000 ) ;
#3589 = AXIS2_PLACEMENT_3D ( 'NONE', #5603, #1929, #667 ) ;
#3590 = ORIENTED_EDGE ( 'NONE', *, *, #101, .F. ) ;
#3591 = VECTOR ( 'NONE', #1971, 1000.000000000000000 ) ;
#3592 = CARTESIAN_POINT ( 'NONE',  ( 4.550784378080527048, -0.1000000000000000056, 0.8002088216562512901 ) ) ;
#3593 = VERTEX_POINT ( 'NONE', #6964 ) ;
#3594 = DIRECTION ( 'NONE',  ( 0.000000000000000000, -1.000000000000000000, 0.000000000000000000 ) ) ;
#3595 = COLOUR_RGB ( '',1.000000000000000000, 1.000000000000000000, 1.000000000000000000 ) ;
#3596 =( NAMED_UNIT ( * ) PLANE_ANGLE_UNIT ( ) SI_UNIT ( $, .RADIAN. ) );
#3597 = DIRECTION ( 'NONE',  ( -8.619603225789286882E-17, 0.000000000000000000, -1.000000000000000000 ) ) ;
#3598 = FILL_AREA_STYLE ('',( #6104 ) ) ;
#3599 = VECTOR ( 'NONE', #7783, 1000.000000000000000 ) ;
#3600 = VECTOR ( 'NONE', #2223, 1000.000000000000000 ) ;
#3601 = EDGE_CURVE ( 'NONE', #4206, #5550, #777, .T. ) ;
#3602 = ORIENTED_EDGE ( 'NONE', *, *, #4017, .T. ) ;
#3603 = CARTESIAN_POINT ( 'NONE',  ( 0.08226159186943915458, -2.399999999999999467, 2.246026221509347831 ) ) ;
#3604 = UNCERTAINTY_MEASURE_WITH_UNIT (LENGTH_MEASURE( 1.000000000000000082E-05 ), #5718, 'distance_accuracy_value', 'NONE');
#3605 = PRESENTATION_LAYER_ASSIGNMENT (  '', '', ( #6815 ) ) ;
#3606 = EDGE_LOOP ( 'NONE', ( #3879, #1242, #7796, #3442 ) ) ;
#3607 = VECTOR ( 'NONE', #4111, 1000.000000000000000 ) ;
#3608 = CYLINDRICAL_SURFACE ( 'NONE', #5945, 0.6685684054278682176 ) ;
#3609 = B_SPLINE_CURVE_WITH_KNOTS ( 'NONE', 3,
 ( #4603, #7051, #5866, #421, #3453, #4852, #566, #5554, #6655, #1293, #6110, #4258, #6735, #1206, #698, #1169, #7341, #6771, #654 ),
 .UNSPECIFIED., .F., .F.,
 ( 4, 1, 1, 1, 1, 1, 1, 1, 1, 1, 1, 1, 1, 1, 1, 1, 4 ),
 ( 0.000000000000000000, 0.06853542284148401997, 0.1356589674424568126, 0.2011794303826616170, 0.2656352828214549877, 0.3295956130800902217, 0.3925935151374382315, 0.4548846774505593826, 0.5172941855071916395, 0.5789464734792502121, 0.6398855303520567528, 0.6999987277606434244, 0.7598486901516336989, 0.8196601949445271318, 0.8793761117258547255, 0.9395222974028178964, 1.000000000000000000 ),
 .UNSPECIFIED. ) ;
#3610 = CARTESIAN_POINT ( 'NONE',  ( -5.000000000000000000, -2.500000000000000000, -2.250000000000000000 ) ) ;
#3611 = PLANE ( 'NONE',  #7515 ) ;
#3612 = SURFACE_SIDE_STYLE ('',( #5251 ) ) ;
#3613 = ADVANCED_FACE ( 'NONE', ( #7535 ), #7416, .T. ) ;
#3614 = LINE ( 'NONE', #6073, #4247 ) ;
#3615 = EDGE_CURVE ( 'NONE', #7146, #5329, #1525, .T. ) ;
#3616 = CARTESIAN_POINT ( 'NONE',  ( 2.472393491241448693, -2.400000000000001243, 2.048994332016086162 ) ) ;
#3617 = MECHANICAL_DESIGN_GEOMETRIC_PRESENTATION_REPRESENTATION (  '', ( #6560 ), #5809 ) ;
#3618 = VECTOR ( 'NONE', #4518, 1000.000000000000000 ) ;
#3619 = CARTESIAN_POINT ( 'NONE',  ( 2.653990048539566438, -2.400000000000000799, 1.869757031050708118 ) ) ;
#3620 = CARTESIAN_POINT ( 'NONE',  ( 2.840000000000000746, -1.000000000000000000, 7.281332158035497493 ) ) ;
#3621 = DIRECTION ( 'NONE',  ( 1.000000000000000000, 0.000000000000000000, -0.000000000000000000 ) ) ;
#3622 = DIRECTION ( 'NONE',  ( 0.7941277684358850619, 0.000000000000000000, 0.6077508431907285846 ) ) ;
#3623 =( LENGTH_UNIT ( ) NAMED_UNIT ( * ) SI_UNIT ( .MILLI., .METRE. ) );
#3624 = ADVANCED_FACE ( 'NONE', ( #2035 ), #164, .F. ) ;
#3625 = CARTESIAN_POINT ( 'NONE',  ( 0.1085282220468158920, -2.500000000000000000, 1.799176630188334736 ) ) ;
#3626 = PRESENTATION_LAYER_ASSIGNMENT (  '', '', ( #7854 ) ) ;
#3627 = FILL_AREA_STYLE ('',( #6159 ) ) ;
#3628 = CARTESIAN_POINT ( 'NONE',  ( 4.299999999999999822, -2.366666666666666696, 0.6000685097690720005 ) ) ;
#3629 = ADVANCED_FACE ( 'NONE', ( #6885 ), #1440, .F. ) ;
#3630 = UNCERTAINTY_MEASURE_WITH_UNIT (LENGTH_MEASURE( 1.000000000000000082E-05 ), #814, 'distance_accuracy_value', 'NONE');
#3631 = ORIENTED_EDGE ( 'NONE', *, *, #7839, .T. ) ;
#3632 = ORIENTED_EDGE ( 'NONE', *, *, #1159, .F. ) ;
#3633 = LINE ( 'NONE', #6044, #6182 ) ;
#3634 = DIRECTION ( 'NONE',  ( 0.9036123719369735241, 0.4283511191562788811, 0.000000000000000000 ) ) ;
#3635 = PLANE ( 'NONE',  #6689 ) ;
#3636 = CARTESIAN_POINT ( 'NONE',  ( 2.395172242805964302, -2.400000000000000799, 1.778422112744030281 ) ) ;
#3637 = CARTESIAN_POINT ( 'NONE',  ( 2.443292310828020231, -2.499999999999999556, 1.801136259818344687 ) ) ;
#3638 = FILL_AREA_STYLE_COLOUR ( '', #6564 ) ;
#3639 = SURFACE_STYLE_USAGE ( .BOTH. , #4290 ) ;
#3640 = ORIENTED_EDGE ( 'NONE', *, *, #7777, .F. ) ;
#3641 = CARTESIAN_POINT ( 'NONE',  ( 3.400000000000001243, 0.000000000000000000, -2.250000000000000000 ) ) ;
#3642 = ORIENTED_EDGE ( 'NONE', *, *, #6145, .T. ) ;
#3643 = CARTESIAN_POINT ( 'NONE',  ( 0.000000000000000000, -1.500000000000000000, 0.000000000000000000 ) ) ;
#3644 = VECTOR ( 'NONE', #7494, 999.9999999999998863 ) ;
#3645 = CARTESIAN_POINT ( 'NONE',  ( 2.478130898059530463, -2.399999999999999467, 1.773772669035937666 ) ) ;
#3646 = B_SPLINE_SURFACE_WITH_KNOTS ( 'NONE', 3, 1, ( 
 ( #720, #6987 ),
 ( #999, #1508 ),
 ( #303, #5150 ),
 ( #6946, #925 ),
 ( #4551, #5907 ),
 ( #1543, #7714 ),
 ( #466, #3906 ),
 ( #4616, #5879 ),
 ( #5771, #6402 ),
 ( #1620, #958 ),
 ( #5302, #4578 ),
 ( #7604, #2752 ),
 ( #7748, #3944 ),
 ( #7068, #7639 ),
 ( #6480, #3422 ) ),
 .UNSPECIFIED., .F., .F., .F.,
 ( 4, 1, 1, 1, 1, 1, 1, 1, 1, 1, 1, 1, 4 ),
 ( 2, 2 ),
 ( 0.000000000000000000, 0.06315763001745222649, 0.1254637582343947622, 0.1871045428727539650, 0.2482722171931065203, 0.3092672907402138072, 0.3700815693601423040, 0.4311994313023794767, 0.4926765658671882209, 0.6161821766213947393, 0.7408667954466647831, 0.8681943967256270378, 1.000000000000000000 ),
 ( 0.000000000000000000, 1.000000000000000000 ),
 .UNSPECIFIED. ) ;
#3647 = PRESENTATION_STYLE_ASSIGNMENT (( #43 ) ) ;
#3648 = CARTESIAN_POINT ( 'NONE',  ( 2.422198732394910348, -2.500000000000000000, 1.902866082502339573 ) ) ;
#3649 = ORIENTED_EDGE ( 'NONE', *, *, #935, .T. ) ;
#3650 = DIRECTION ( 'NONE',  ( -1.000000000000000000, -0.000000000000000000, 2.464095846557964892E-16 ) ) ;
#3651 =( GEOMETRIC_REPRESENTATION_CONTEXT ( 3 ) GLOBAL_UNCERTAINTY_ASSIGNED_CONTEXT ( ( #4095 ) ) GLOBAL_UNIT_ASSIGNED_CONTEXT ( ( #102, #7425, #3061 ) ) REPRESENTATION_CONTEXT ( 'NONE', 'WORKASPACE' ) );
#3652 =( GEOMETRIC_REPRESENTATION_CONTEXT ( 3 ) GLOBAL_UNCERTAINTY_ASSIGNED_CONTEXT ( ( #38 ) ) GLOBAL_UNIT_ASSIGNED_CONTEXT ( ( #6129, #2487, #3345 ) ) REPRESENTATION_CONTEXT ( 'NONE', 'WORKASPACE' ) );
#3653 = PLANE ( 'NONE',  #1567 ) ;
#3654 = ORIENTED_EDGE ( 'NONE', *, *, #4523, .T. ) ;
#3655 = CARTESIAN_POINT ( 'NONE',  ( -0.2999999999999999334, -1.500000000000000000, 2.250000000000000000 ) ) ;
#3656 = DIRECTION ( 'NONE',  ( -0.000000000000000000, -1.000000000000000000, -0.000000000000000000 ) ) ;
#3657 = CARTESIAN_POINT ( 'NONE',  ( -0.2477826824912451598, -2.400000000000000799, 2.165506433816382970 ) ) ;
#3658 = CARTESIAN_POINT ( 'NONE',  ( 2.671366323237657880, -1.500000000000000000, 7.750000000000000000 ) ) ;
#3659 = LINE ( 'NONE', #2317, #2740 ) ;
#3660 =( LENGTH_UNIT ( ) NAMED_UNIT ( * ) SI_UNIT ( .MILLI., .METRE. ) );
#3661 = LINE ( 'NONE', #3620, #2017 ) ;
#3662 = FILL_AREA_STYLE ('',( #4143 ) ) ;
#3663 = CARTESIAN_POINT ( 'NONE',  ( -4.299999999999999822, -2.366666666666666696, 0.6000685097690720005 ) ) ;
#3664 = SURFACE_SIDE_STYLE ('',( #5431 ) ) ;
#3665 = PRESENTATION_LAYER_ASSIGNMENT (  '', '', ( #7885 ) ) ;
#3666 = CARTESIAN_POINT ( 'NONE',  ( 4.200000000000000178, -1.250000000000000000, -2.250000000000000000 ) ) ;
#3667 = VERTEX_POINT ( 'NONE', #409 ) ;
#3668 = VERTEX_POINT ( 'NONE', #2804 ) ;
#3669 = DIRECTION ( 'NONE',  ( 0.000000000000000000, 0.000000000000000000, 1.000000000000000000 ) ) ;
#3670 = MECHANICAL_DESIGN_GEOMETRIC_PRESENTATION_REPRESENTATION (  '', ( #2152 ), #1032 ) ;
#3671 = CARTESIAN_POINT ( 'NONE',  ( 0.08746803362186544861, -2.500000000000000444, 2.184604303163777850 ) ) ;
#3672 =( NAMED_UNIT ( * ) PLANE_ANGLE_UNIT ( ) SI_UNIT ( $, .RADIAN. ) );
#3673 = CARTESIAN_POINT ( 'NONE',  ( 2.539999999999999591, -2.500000000000000000, 2.016198513312075224 ) ) ;
#3674 = LINE ( 'NONE', #1781, #2289 ) ;
#3675 = CARTESIAN_POINT ( 'NONE',  ( -0.2162459935897435848, -2.399999999999999911, 2.121100427350427253 ) ) ;
#3676 = CARTESIAN_POINT ( 'NONE',  ( -0.08017520020751860155, -2.500000000000000888, 1.711235023229426888 ) ) ;
#3677 = PRESENTATION_LAYER_ASSIGNMENT (  '', '', ( #2543 ) ) ;
#3678 = ORIENTED_EDGE ( 'NONE', *, *, #2748, .T. ) ;
#3679 = CARTESIAN_POINT ( 'NONE',  ( 2.839999999999999858, -1.000000000000000000, 2.250000000000000000 ) ) ;
#3680 = ORIENTED_EDGE ( 'NONE', *, *, #731, .T. ) ;
#3681 = DIRECTION ( 'NONE',  ( -0.7970624896273524884, 0.000000000000000000, 0.6038968352533788941 ) ) ;
#3682 = ADVANCED_FACE ( 'NONE', ( #5239 ), #5856, .F. ) ;
#3683 = EDGE_CURVE ( 'NONE', #7005, #1959, #5165, .T. ) ;
#3684 = LINE ( 'NONE', #3043, #6838 ) ;
#3685 = CARTESIAN_POINT ( 'NONE',  ( 2.466726523132978688, -2.499999999999999556, 1.975033816364070605 ) ) ;
#3686 = VECTOR ( 'NONE', #5682, 1000.000000000000000 ) ;
#3687 = ORIENTED_EDGE ( 'NONE', *, *, #7255, .T. ) ;
#3688 = VECTOR ( 'NONE', #5403, 1000.000000000000000 ) ;
#3689 = SURFACE_STYLE_FILL_AREA ( #4175 ) ;
#3690 = CLOSED_SHELL ( 'NONE', ( #7006, #1876, #4329, #5756, #2924, #198, #1782, #3558 ) ) ;
#3691 = CARTESIAN_POINT ( 'NONE',  ( -2.240000000000000657, -1.500000000000000000, 7.281332158035503710 ) ) ;
#3692 = FACE_OUTER_BOUND ( 'NONE', #4669, .T. ) ;
#3693 = CARTESIAN_POINT ( 'NONE',  ( -2.240000000000001101, -1.000000000000000000, 2.250000000000000000 ) ) ;
#3694 =( NAMED_UNIT ( * ) SI_UNIT ( $, .STERADIAN. ) SOLID_ANGLE_UNIT ( ) );
#3695 = SURFACE_STYLE_FILL_AREA ( #2550 ) ;
#3696 = CARTESIAN_POINT ( 'NONE',  ( 2.477458266559828370, -2.500000000000000444, 2.054424579326923350 ) ) ;
#3697 = DIRECTION ( 'NONE',  ( 1.000000000000000000, -0.000000000000000000, -0.000000000000000000 ) ) ;
#3698 = STYLED_ITEM ( 'NONE', ( #1649 ), #3481 ) ;
#3699 = FILL_AREA_STYLE_COLOUR ( '', #4905 ) ;
#3700 = CARTESIAN_POINT ( 'NONE',  ( -2.540000000000000480, -2.400000000000000355, 1.347630107884207229 ) ) ;
#3701 = CARTESIAN_POINT ( 'NONE',  ( -0.2144468597100274709, -2.399999999999999911, 1.771156477340314117 ) ) ;
#3702 = CARTESIAN_POINT ( 'NONE',  ( 2.932293049365057675E-17, -2.500000000000000000, 0.7531436111372146192 ) ) ;
#3703 = PLANE ( 'NONE',  #3420 ) ;
#3704 = CARTESIAN_POINT ( 'NONE',  ( 0.000000000000000000, -2.400000000000000355, 2.016198513312075224 ) ) ;
#3705 = ADVANCED_FACE ( 'NONE', ( #4036 ), #1047, .F. ) ;
#3706 = VERTEX_POINT ( 'NONE', #520 ) ;
#3707 = PRESENTATION_LAYER_ASSIGNMENT (  '', '', ( #4358 ) ) ;
#3708 =( LENGTH_UNIT ( ) NAMED_UNIT ( * ) SI_UNIT ( .MILLI., .METRE. ) );
#3709 = LINE ( 'NONE', #5654, #5918 ) ;
#3710 = CARTESIAN_POINT ( 'NONE',  ( -0.2999999999999999334, -1.500000000000000000, 2.250000000000000000 ) ) ;
#3711 = CARTESIAN_POINT ( 'NONE',  ( -0.1602988875655602108, -2.500000000000001776, 1.736109099449436144 ) ) ;
#3712 = ORIENTED_EDGE ( 'NONE', *, *, #1016, .T. ) ;
#3713 = ORIENTED_EDGE ( 'NONE', *, *, #2330, .T. ) ;
#3714 =( NAMED_UNIT ( * ) SI_UNIT ( $, .STERADIAN. ) SOLID_ANGLE_UNIT ( ) );
#3715 = COLOUR_RGB ( '',0.1843137254901960898, 0.7568627450980391913, 1.000000000000000000 ) ;
#3716 = ORIENTED_EDGE ( 'NONE', *, *, #153, .F. ) ;
#3717 = CARTESIAN_POINT ( 'NONE',  ( 0.1226130980436064000, -2.399999999999999911, 2.227548820938789031 ) ) ;
#3718 = CARTESIAN_POINT ( 'NONE',  ( -0.1594718177279929039, -2.500000000000000000, 2.234689664907174578 ) ) ;
#3719 = CARTESIAN_POINT ( 'NONE',  ( 2.517951388888888253, -2.399999999999998579, 2.030997930021367637 ) ) ;
#3720 = CARTESIAN_POINT ( 'NONE',  ( -2.567136752136752964, -2.400000000000000355, 1.720833333333333437 ) ) ;
#3721 = VECTOR ( 'NONE', #7227, 1000.000000000000000 ) ;
#3722 = EDGE_CURVE ( 'NONE', #1694, #2113, #2914, .T. ) ;
#3723 = ADVANCED_FACE ( 'NONE', ( #4205 ), #6009, .T. ) ;
#3724 = ORIENTED_EDGE ( 'NONE', *, *, #5028, .F. ) ;
#3725 = ORIENTED_EDGE ( 'NONE', *, *, #1230, .F. ) ;
#3726 = PRESENTATION_LAYER_ASSIGNMENT (  '', '', ( #3341 ) ) ;
#3727 = AXIS2_PLACEMENT_3D ( 'NONE', #1295, #6821, #6225 ) ;
#3728 = SURFACE_STYLE_USAGE ( .BOTH. , #5505 ) ;
#3729 = COLOUR_RGB ( '',1.000000000000000000, 1.000000000000000000, 1.000000000000000000 ) ;
#3730 = PRESENTATION_LAYER_ASSIGNMENT (  '', '', ( #6170 ) ) ;
#3731 = CARTESIAN_POINT ( 'NONE',  ( 2.363611111111109775, -2.500000000000000000, 2.250000000000000000 ) ) ;
#3732 = CARTESIAN_POINT ( 'NONE',  ( 4.299999999999999822, -2.366666666666666696, 0.000000000000000000 ) ) ;
#3733 = UNCERTAINTY_MEASURE_WITH_UNIT (LENGTH_MEASURE( 1.000000000000000082E-05 ), #5314, 'distance_accuracy_value', 'NONE');
#3734 = LINE ( 'NONE', #7421, #6701 ) ;
#3735 = CARTESIAN_POINT ( 'NONE',  ( 0.000000000000000000, -1.000000000000000000, 0.000000000000000000 ) ) ;
#3736 = PRESENTATION_LAYER_ASSIGNMENT (  '', '', ( #4896 ) ) ;
#3737 = COLOUR_RGB ( '',0.1843137254901960898, 0.7568627450980391913, 1.000000000000000000 ) ;
#3738 = CARTESIAN_POINT ( 'NONE',  ( -1.722883656246370299, 0.000000000000000000, -1.447028670344146617 ) ) ;
#3739 = MECHANICAL_DESIGN_GEOMETRIC_PRESENTATION_REPRESENTATION (  '', ( #4894 ), #3873 ) ;
#3740 = CARTESIAN_POINT ( 'NONE',  ( 2.556863182715068294, -2.400000000000000355, 1.763391227383212412 ) ) ;
#3741 = LINE ( 'NONE', #1379, #2227 ) ;
#3742 = STYLED_ITEM ( 'NONE', ( #7104 ), #1469 ) ;
#3743 = CARTESIAN_POINT ( 'NONE',  ( 0.2103098290598290343, -2.400000000000000355, 1.985946681356837384 ) ) ;
#3744 = PLANE ( 'NONE',  #4437 ) ;
#3745 = FACE_BOUND ( 'NONE', #865, .T. ) ;
#3746 = COLOUR_RGB ( '',0.8980392156862745390, 0.8980392156862745390, 0.8980392156862745390 ) ;
#3747 = ORIENTED_EDGE ( 'NONE', *, *, #7742, .F. ) ;
#3748 = CARTESIAN_POINT ( 'NONE',  ( 0.2570982895754061470, -2.499999999999999556, 1.954098906006184189 ) ) ;
#3749 = PLANE ( 'NONE',  #1265 ) ;
#3750 = EDGE_CURVE ( 'NONE', #7373, #6171, #3039, .T. ) ;
#3751 = VECTOR ( 'NONE', #3948, 1000.000000000000000 ) ;
#3752 = DIRECTION ( 'NONE',  ( -0.000000000000000000, 1.000000000000000000, -0.000000000000000000 ) ) ;
#3753 = DIRECTION ( 'NONE',  ( -0.000000000000000000, -0.000000000000000000, 1.000000000000000000 ) ) ;
#3754 = DIRECTION ( 'NONE',  ( 0.000000000000000000, -1.000000000000000000, 0.000000000000000000 ) ) ;
#3755 = SURFACE_STYLE_FILL_AREA ( #723 ) ;
#3756 = ORIENTED_EDGE ( 'NONE', *, *, #5597, .T. ) ;
#3757 = COLOUR_RGB ( '',0.8313725490196077761, 0.8313725490196077761, 0.8196078431372548767 ) ;
#3758 = ORIENTED_EDGE ( 'NONE', *, *, #4491, .F. ) ;
#3759 = UNCERTAINTY_MEASURE_WITH_UNIT (LENGTH_MEASURE( 1.000000000000000082E-05 ), #3995, 'distance_accuracy_value', 'NONE');
#3760 = DIRECTION ( 'NONE',  ( 0.000000000000000000, 0.000000000000000000, 1.000000000000000000 ) ) ;
#3761 = ORIENTED_EDGE ( 'NONE', *, *, #6268, .T. ) ;
#3762 =( NAMED_UNIT ( * ) SI_UNIT ( $, .STERADIAN. ) SOLID_ANGLE_UNIT ( ) );
#3763 = EDGE_CURVE ( 'NONE', #2794, #2050, #2959, .T. ) ;
#3764 =( NAMED_UNIT ( * ) SI_UNIT ( $, .STERADIAN. ) SOLID_ANGLE_UNIT ( ) );
#3765 = FACE_OUTER_BOUND ( 'NONE', #6222, .T. ) ;
#3766 = ORIENTED_EDGE ( 'NONE', *, *, #1307, .F. ) ;
#3767 =( GEOMETRIC_REPRESENTATION_CONTEXT ( 3 ) GLOBAL_UNCERTAINTY_ASSIGNED_CONTEXT ( ( #6335 ) ) GLOBAL_UNIT_ASSIGNED_CONTEXT ( ( #130, #2465, #6622 ) ) REPRESENTATION_CONTEXT ( 'NONE', 'WORKASPACE' ) );
#3768 = VERTEX_POINT ( 'NONE', #3641 ) ;
#3769 = DIRECTION ( 'NONE',  ( -0.000000000000000000, -0.000000000000000000, 1.000000000000000000 ) ) ;
#3770 = ADVANCED_FACE ( 'NONE', ( #5360 ), #1282, .F. ) ;
#3771 = COLOUR_RGB ( '',0.1843137254901960898, 0.7568627450980391913, 1.000000000000000000 ) ;
#3772 = PRESENTATION_STYLE_ASSIGNMENT (( #4383 ) ) ;
#3773 = DIRECTION ( 'NONE',  ( 0.000000000000000000, 0.000000000000000000, -1.000000000000000000 ) ) ;
#3774 = SURFACE_SIDE_STYLE ('',( #5016 ) ) ;
#3775 = DIRECTION ( 'NONE',  ( -1.000000000000000000, 0.000000000000000000, -0.000000000000000000 ) ) ;
#3776 = CARTESIAN_POINT ( 'NONE',  ( -0.1267165184313454040, -1.000000000000000000, 7.750000000000000000 ) ) ;
#3777 = EDGE_CURVE ( 'NONE', #4950, #6720, #5970, .T. ) ;
#3778 = CARTESIAN_POINT ( 'NONE',  ( 2.608449926555001852, -2.399999999999999467, 1.785912163766971039 ) ) ;
#3779 = DIRECTION ( 'NONE',  ( -0.000000000000000000, -4.336808689942017736E-16, -1.000000000000000000 ) ) ;
#3780 = CARTESIAN_POINT ( 'NONE',  ( -2.567136752136752964, -2.500000000000000000, 2.250000000000000000 ) ) ;
#3781 = CARTESIAN_POINT ( 'NONE',  ( -0.2480947366045500591, -2.400000000000000355, 1.805128116781354208 ) ) ;
#3782 = DIRECTION ( 'NONE',  ( -0.000000000000000000, -1.000000000000000000, -0.000000000000000000 ) ) ;
#3783 = DIRECTION ( 'NONE',  ( 0.000000000000000000, 0.000000000000000000, -1.000000000000000000 ) ) ;
#3784 = PRESENTATION_STYLE_ASSIGNMENT (( #4398 ) ) ;
#3785 = ORIENTED_EDGE ( 'NONE', *, *, #5170, .F. ) ;
#3786 =( LENGTH_UNIT ( ) NAMED_UNIT ( * ) SI_UNIT ( .MILLI., .METRE. ) );
#3787 = CARTESIAN_POINT ( 'NONE',  ( 0.1938062144732296543, -2.500000000000000000, 2.073690682535656027 ) ) ;
#3788 = FILL_AREA_STYLE ('',( #1818 ) ) ;
#3789 = COLOUR_RGB ( '',0.1843137254901960898, 0.7568627450980391913, 1.000000000000000000 ) ;
#3790 = SURFACE_SIDE_STYLE ('',( #151 ) ) ;
#3791 = CARTESIAN_POINT ( 'NONE',  ( 0.1960564678955034890, -2.500000000000000000, 2.164444662272211328 ) ) ;
#3792 = CARTESIAN_POINT ( 'NONE',  ( 2.404101843620028323, -2.499999999999999556, 1.765796645725187020 ) ) ;
#3793 = VERTEX_POINT ( 'NONE', #6325 ) ;
#3794 = STYLED_ITEM ( 'NONE', ( #5198 ), #2824 ) ;
#3795 = ORIENTED_EDGE ( 'NONE', *, *, #6288, .T. ) ;
#3796 =( LENGTH_UNIT ( ) NAMED_UNIT ( * ) SI_UNIT ( .MILLI., .METRE. ) );
#3797 = ORIENTED_EDGE ( 'NONE', *, *, #4558, .T. ) ;
#3798 = CARTESIAN_POINT ( 'NONE',  ( 0.1906992855235042639, -2.500000000000000000, 2.171027811164529808 ) ) ;
#3799 = CARTESIAN_POINT ( 'NONE',  ( -0.2135895575303953797, -2.500000000000000444, 2.199669901977245434 ) ) ;
#3800 = MECHANICAL_DESIGN_GEOMETRIC_PRESENTATION_REPRESENTATION (  '', ( #1917 ), #5863 ) ;
#3801 = LINE ( 'NONE', #5499, #2596 ) ;
#3802 = EDGE_CURVE ( 'NONE', #3429, #2618, #7008, .T. ) ;
#3803 = ORIENTED_EDGE ( 'NONE', *, *, #2873, .F. ) ;
#3804 = CARTESIAN_POINT ( 'NONE',  ( -5.000000000000000000, -2.500000000000000000, 2.250000000000000000 ) ) ;
#3805 = ORIENTED_EDGE ( 'NONE', *, *, #7696, .F. ) ;
#3806 = STYLED_ITEM ( 'NONE', ( #544 ), #3126 ) ;
#3807 = DIRECTION ( 'NONE',  ( 0.000000000000000000, 0.000000000000000000, 1.000000000000000000 ) ) ;
#3808 = PRESENTATION_STYLE_ASSIGNMENT (( #3203 ) ) ;
#3809 = FILL_AREA_STYLE_COLOUR ( '', #6045 ) ;
#3810 = CARTESIAN_POINT ( 'NONE',  ( 1.800956594368268382, -0.2000000000000000111, -1.225342217102087350 ) ) ;
#3811 = PRESENTATION_STYLE_ASSIGNMENT (( #658 ) ) ;
#3812 = DIRECTION ( 'NONE',  ( 0.000000000000000000, -1.000000000000000000, 0.000000000000000000 ) ) ;
#3813 = VECTOR ( 'NONE', #2475, 999.9999999999998863 ) ;
#3814 = EDGE_CURVE ( 'NONE', #7617, #3531, #265, .T. ) ;
#3815 = AXIS2_PLACEMENT_3D ( 'NONE', #3679, #6136, #3076 ) ;
#3816 = PLANE ( 'NONE',  #7569 ) ;
#3817 = DIRECTION ( 'NONE',  ( -1.000000000000000000, 0.000000000000000000, 0.000000000000000000 ) ) ;
#3818 = VERTEX_POINT ( 'NONE', #4614 ) ;
#3819 = PLANE ( 'NONE',  #5573 ) ;
#3820 = CARTESIAN_POINT ( 'NONE',  ( 2.625041605140542522, -2.399999999999999911, 1.801923215497356789 ) ) ;
#3821 = CARTESIAN_POINT ( 'NONE',  ( 2.556863182715068294, -2.500000000000000000, 1.763391227383212412 ) ) ;
#3822 = LINE ( 'NONE', #3663, #210 ) ;
#3823 = CARTESIAN_POINT ( 'NONE',  ( 0.2085425605164777374, -2.499999999999999556, 1.955220760148681958 ) ) ;
#3824 = CARTESIAN_POINT ( 'NONE',  ( 4.200000000000000178, -1.250000000000000000, -2.149999999999999911 ) ) ;
#3825 = ADVANCED_FACE ( 'NONE', ( #6985 ), #5182, .T. ) ;
#3826 = ORIENTED_EDGE ( 'NONE', *, *, #2084, .F. ) ;
#3827 = EDGE_CURVE ( 'NONE', #3009, #1907, #7514, .T. ) ;
#3828 = VECTOR ( 'NONE', #7811, 1000.000000000000000 ) ;
#3829 = CARTESIAN_POINT ( 'NONE',  ( -2.540000000000000480, -2.100000000000000089, 0.5137037129227551846 ) ) ;
#3830 = CARTESIAN_POINT ( 'NONE',  ( 0.1725671897419531753, -2.500000000000000000, 2.111757079035675666 ) ) ;
#3831 = DIRECTION ( 'NONE',  ( -1.000000000000000000, 0.000000000000000000, 0.000000000000000000 ) ) ;
#3832 = FILL_AREA_STYLE_COLOUR ( '', #675 ) ;
#3833 = CARTESIAN_POINT ( 'NONE',  ( 2.513042612355054217, -2.400000000000001243, 1.707664443874483240 ) ) ;
#3834 = VERTEX_POINT ( 'NONE', #5069 ) ;
#3835 = ORIENTED_EDGE ( 'NONE', *, *, #3115, .F. ) ;
#3836 = VERTEX_POINT ( 'NONE', #2096 ) ;
#3837 = CARTESIAN_POINT ( 'NONE',  ( 0.09616632909373383498, -2.499999999999999556, 2.240597729465799492 ) ) ;
#3838 = CARTESIAN_POINT ( 'NONE',  ( -0.1738709297679417731, -2.399999999999999023, 2.227062421896494282 ) ) ;
#3839 = PLANE ( 'NONE',  #6742 ) ;
#3840 = CARTESIAN_POINT ( 'NONE',  ( -0.2577991452991452714, -2.500000000000000000, 1.817932024572649352 ) ) ;
#3841 = ORIENTED_EDGE ( 'NONE', *, *, #441, .T. ) ;
#3842 = PRESENTATION_STYLE_ASSIGNMENT (( #1401 ) ) ;
#3843 = ORIENTED_EDGE ( 'NONE', *, *, #1298, .F. ) ;
#3844 = EDGE_CURVE ( 'NONE', #1826, #5480, #5146, .T. ) ;
#3845 = PRESENTATION_LAYER_ASSIGNMENT (  '', '', ( #6420 ) ) ;
#3846 = SURFACE_STYLE_FILL_AREA ( #4490 ) ;
#3847 = ORIENTED_EDGE ( 'NONE', *, *, #3326, .F. ) ;
#3848 = CARTESIAN_POINT ( 'NONE',  ( 0.000000000000000000, -2.100000000000000089, 0.2742638147082958611 ) ) ;
#3849 = FILL_AREA_STYLE_COLOUR ( '', #1309 ) ;
#3850 = STYLED_ITEM ( 'NONE', ( #6240 ), #7688 ) ;
#3851 = CARTESIAN_POINT ( 'NONE',  ( -2.519647435897436338, -2.500000000000000000, 2.250000000000000000 ) ) ;
#3852 = AXIS2_PLACEMENT_3D ( 'NONE', #6928, #1565, #6427 ) ;
#3853 = CARTESIAN_POINT ( 'NONE',  ( -0.1973012967262585959, -2.500000000000000444, 2.141897288718607406 ) ) ;
#3854 = MECHANICAL_DESIGN_GEOMETRIC_PRESENTATION_REPRESENTATION (  '', ( #7695 ), #2340 ) ;
#3855 = VERTEX_POINT ( 'NONE', #5218 ) ;
#3856 = CARTESIAN_POINT ( 'NONE',  ( 2.544953899148049370, -2.499999999999999556, 1.761846130055314763 ) ) ;
#3857 = EDGE_CURVE ( 'NONE', #1441, #3195, #6944, .T. ) ;
#3858 = CARTESIAN_POINT ( 'NONE',  ( 2.239999999999999769, -1.000000000000000000, 7.281332158035497493 ) ) ;
#3859 = ADVANCED_FACE ( 'NONE', ( #6906 ), #1505, .T. ) ;
#3860 = CARTESIAN_POINT ( 'NONE',  ( -0.1296463723675874424, -2.400000000000001243, 1.723388243999829372 ) ) ;
#3861 = PLANE ( 'NONE',  #6663 ) ;
#3862 = COLOUR_RGB ( '',0.1843137254901960898, 0.7568627450980391913, 1.000000000000000000 ) ;
#3863 =( GEOMETRIC_REPRESENTATION_CONTEXT ( 3 ) GLOBAL_UNCERTAINTY_ASSIGNED_CONTEXT ( ( #3041 ) ) GLOBAL_UNIT_ASSIGNED_CONTEXT ( ( #3796, #6253, #4527 ) ) REPRESENTATION_CONTEXT ( 'NONE', 'WORKASPACE' ) );
#3864 = UNCERTAINTY_MEASURE_WITH_UNIT (LENGTH_MEASURE( 1.000000000000000082E-05 ), #6836, 'distance_accuracy_value', 'NONE');
#3865 = VECTOR ( 'NONE', #7661, 1000.000000000000000 ) ;
#3866 = FILL_AREA_STYLE ('',( #301 ) ) ;
#3867 = VECTOR ( 'NONE', #3831, 1000.000000000000000 ) ;
#3868 = CARTESIAN_POINT ( 'NONE',  ( 2.524444922068063146, -2.500000000000000000, 1.707399692989239881 ) ) ;
#3869 = MECHANICAL_DESIGN_GEOMETRIC_PRESENTATION_REPRESENTATION (  '', ( #6553 ), #3359 ) ;
#3870 = SURFACE_STYLE_USAGE ( .BOTH. , #1031 ) ;
#3871 = SURFACE_STYLE_FILL_AREA ( #679 ) ;
#3872 = DIRECTION ( 'NONE',  ( -1.000000000000000000, 0.000000000000000000, -0.000000000000000000 ) ) ;
#3873 =( GEOMETRIC_REPRESENTATION_CONTEXT ( 3 ) GLOBAL_UNCERTAINTY_ASSIGNED_CONTEXT ( ( #5479 ) ) GLOBAL_UNIT_ASSIGNED_CONTEXT ( ( #2616, #4561, #1523 ) ) REPRESENTATION_CONTEXT ( 'NONE', 'WORKASPACE' ) );
#3874 = DIRECTION ( 'NONE',  ( 0.9079593845004517716, -0.4190581774617467836, 0.000000000000000000 ) ) ;
#3875 = VERTEX_POINT ( 'NONE', #1619 ) ;
#3876 = EDGE_LOOP ( 'NONE', ( #6818, #595, #4366, #7845 ) ) ;
#3877 = CARTESIAN_POINT ( 'NONE',  ( -0.1068553040214712396, -2.400000000000000355, 2.197376546325181756 ) ) ;
#3878 = STYLED_ITEM ( 'NONE', ( #4438 ), #6813 ) ;
#3879 = ORIENTED_EDGE ( 'NONE', *, *, #1230, .T. ) ;
#3880 = EDGE_CURVE ( 'NONE', #4644, #7037, #5874, .T. ) ;
#3881 = CARTESIAN_POINT ( 'NONE',  ( -0.08012641540943449270, -2.399999999999999911, 2.259563174491508342 ) ) ;
#3882 = SURFACE_STYLE_FILL_AREA ( #1481 ) ;
#3883 = STYLED_ITEM ( 'NONE', ( #5800 ), #7006 ) ;
#3884 = ORIENTED_EDGE ( 'NONE', *, *, #3423, .F. ) ;
#3885 = ORIENTED_EDGE ( 'NONE', *, *, #4631, .T. ) ;
#3886 = MECHANICAL_DESIGN_GEOMETRIC_PRESENTATION_REPRESENTATION (  '', ( #4778 ), #7472 ) ;
#3887 = ORIENTED_EDGE ( 'NONE', *, *, #3750, .T. ) ;
#3888 = CARTESIAN_POINT ( 'NONE',  ( 2.512954509395715519, -2.500000000000000444, 2.025782399106947462 ) ) ;
#3889 = FILL_AREA_STYLE_COLOUR ( '', #241 ) ;
#3890 = DIRECTION ( 'NONE',  ( 0.000000000000000000, -0.000000000000000000, -1.000000000000000000 ) ) ;
#3891 = SURFACE_STYLE_USAGE ( .BOTH. , #1744 ) ;
#3892 = LINE ( 'NONE', #3848, #6051 ) ;
#3893 = MECHANICAL_DESIGN_GEOMETRIC_PRESENTATION_REPRESENTATION (  '', ( #2744 ), #1116 ) ;
#3894 = LINE ( 'NONE', #873, #3473 ) ;
#3895 = DIRECTION ( 'NONE',  ( -1.000000000000000000, 0.000000000000000000, 0.000000000000000000 ) ) ;
#3896 = DIRECTION ( 'NONE',  ( -0.000000000000000000, -1.000000000000000000, -0.000000000000000000 ) ) ;
#3897 = VECTOR ( 'NONE', #3769, 1000.000000000000000 ) ;
#3898 = CARTESIAN_POINT ( 'NONE',  ( 2.651419970242198776, -2.499999999999999112, 1.856421852574904996 ) ) ;
#3899 = CARTESIAN_POINT ( 'NONE',  ( -0.1103230021405335465, -2.400000000000000799, 2.253120129774597302 ) ) ;
#3900 = PRESENTATION_STYLE_ASSIGNMENT (( #3417 ) ) ;
#3901 = FILL_AREA_STYLE_COLOUR ( '', #644 ) ;
#3902 = VECTOR ( 'NONE', #2041, 1000.000000000000000 ) ;
#3903 = ADVANCED_FACE ( 'NONE', ( #7462 ), #5796, .F. ) ;
#3904 = SURFACE_STYLE_FILL_AREA ( #3866 ) ;
#3905 = CARTESIAN_POINT ( 'NONE',  ( 2.539999999999999591, -2.500000000000000000, 1.347630107884207229 ) ) ;
#3906 = CARTESIAN_POINT ( 'NONE',  ( -0.1668950286408325545, -2.400000000000000355, 1.803683770583935253 ) ) ;
#3907 = PRESENTATION_STYLE_ASSIGNMENT (( #926 ) ) ;
#3908 = SURFACE_STYLE_FILL_AREA ( #3308 ) ;
#3909 = CARTESIAN_POINT ( 'NONE',  ( 0.04477143453100806275, -2.400000000000000355, 2.200695912739562665 ) ) ;
#3910 = PLANE ( 'NONE',  #5159 ) ;
#3911 = PRESENTATION_STYLE_ASSIGNMENT (( #3237 ) ) ;
#3912 = CARTESIAN_POINT ( 'NONE',  ( 2.404101843620028323, -2.400000000000000355, 1.765796645725187020 ) ) ;
#3913 = EDGE_CURVE ( 'NONE', #1693, #2296, #3894, .T. ) ;
#3914 = ORIENTED_EDGE ( 'NONE', *, *, #1255, .F. ) ;
#3915 = VECTOR ( 'NONE', #6630, 1000.000000000000000 ) ;
#3916 = ORIENTED_EDGE ( 'NONE', *, *, #3277, .T. ) ;
#3917 = ORIENTED_EDGE ( 'NONE', *, *, #1255, .T. ) ;
#3918 = DIRECTION ( 'NONE',  ( -0.000000000000000000, -1.000000000000000000, -0.000000000000000000 ) ) ;
#3919 = DIRECTION ( 'NONE',  ( 0.000000000000000000, -0.000000000000000000, 1.000000000000000000 ) ) ;
#3920 = CARTESIAN_POINT ( 'NONE',  ( -2.519647435897436338, -2.500000000000000000, 1.775106837606837518 ) ) ;
#3921 = PRESENTATION_LAYER_ASSIGNMENT (  '', '', ( #6368 ) ) ;
#3922 = ORIENTED_EDGE ( 'NONE', *, *, #2155, .T. ) ;
#3923 = FILL_AREA_STYLE ('',( #128 ) ) ;
#3924 = ORIENTED_EDGE ( 'NONE', *, *, #7103, .F. ) ;
#3925 = ADVANCED_FACE ( 'NONE', ( #337 ), #3816, .F. ) ;
#3926 = CARTESIAN_POINT ( 'NONE',  ( 2.417884615384614300, -2.500000000000000000, 1.868813434829059705 ) ) ;
#3927 = VECTOR ( 'NONE', #2652, 1000.000000000000000 ) ;
#3928 = DIRECTION ( 'NONE',  ( 0.000000000000000000, -0.000000000000000000, -1.000000000000000000 ) ) ;
#3929 =( LENGTH_UNIT ( ) NAMED_UNIT ( * ) SI_UNIT ( .MILLI., .METRE. ) );
#3930 = UNCERTAINTY_MEASURE_WITH_UNIT (LENGTH_MEASURE( 1.000000000000000082E-05 ), #6615, 'distance_accuracy_value', 'NONE');
#3931 = PRESENTATION_STYLE_ASSIGNMENT (( #6934 ) ) ;
#3932 = CARTESIAN_POINT ( 'NONE',  ( -2.540000000000000480, -2.100000000000000089, 0.2742638147082958611 ) ) ;
#3933 = ORIENTED_EDGE ( 'NONE', *, *, #5938, .F. ) ;
#3934 =( NAMED_UNIT ( * ) SI_UNIT ( $, .STERADIAN. ) SOLID_ANGLE_UNIT ( ) );
#3935 = LINE ( 'NONE', #1752, #3095 ) ;
#3936 = SURFACE_SIDE_STYLE ('',( #7668 ) ) ;
#3937 = DIRECTION ( 'NONE',  ( -0.9741522751607939457, 0.000000000000000000, 0.2258923301023048613 ) ) ;
#3938 = CARTESIAN_POINT ( 'NONE',  ( 2.448680708150346330, -2.500000000000000444, 2.023181628860384773 ) ) ;
#3939 = UNCERTAINTY_MEASURE_WITH_UNIT (LENGTH_MEASURE( 1.000000000000000082E-05 ), #1764, 'distance_accuracy_value', 'NONE');
#3940 = DIRECTION ( 'NONE',  ( 0.000000000000000000, 0.000000000000000000, 1.000000000000000000 ) ) ;
#3941 = STYLED_ITEM ( 'NONE', ( #2741 ), #751 ) ;
#3942 =( GEOMETRIC_REPRESENTATION_CONTEXT ( 3 ) GLOBAL_UNCERTAINTY_ASSIGNED_CONTEXT ( ( #376 ) ) GLOBAL_UNIT_ASSIGNED_CONTEXT ( ( #3402, #3962, #4119 ) ) REPRESENTATION_CONTEXT ( 'NONE', 'WORKASPACE' ) );
#3943 = CARTESIAN_POINT ( 'NONE',  ( 2.414461735937181164, -2.500000000000000888, 1.753974954319019952 ) ) ;
#3944 = CARTESIAN_POINT ( 'NONE',  ( -0.05251214987060905809, -2.399999999999999467, 1.762263071925939339 ) ) ;
#3945 = FILL_AREA_STYLE_COLOUR ( '', #986 ) ;
#3946 = LINE ( 'NONE', #3350, #79 ) ;
#3947 = EDGE_CURVE ( 'NONE', #6653, #519, #1450, .T. ) ;
#3948 = DIRECTION ( 'NONE',  ( -1.000000000000000000, 0.000000000000000000, 0.000000000000000000 ) ) ;
#3949 = DIRECTION ( 'NONE',  ( 0.9409429035988075007, 0.000000000000000000, -0.3385652849408002374 ) ) ;
#3950 =( LENGTH_UNIT ( ) NAMED_UNIT ( * ) SI_UNIT ( .MILLI., .METRE. ) );
#3951 = CARTESIAN_POINT ( 'NONE',  ( 0.05899202505172305294, -2.399999999999999467, 1.717887426620002378 ) ) ;
#3952 = MECHANICAL_DESIGN_GEOMETRIC_PRESENTATION_REPRESENTATION (  '', ( #6513 ), #3313 ) ;
#3953 = ORIENTED_EDGE ( 'NONE', *, *, #2029, .T. ) ;
#3954 = VERTEX_POINT ( 'NONE', #4495 ) ;
#3955 = LINE ( 'NONE', #6412, #7703 ) ;
#3956 = ORIENTED_EDGE ( 'NONE', *, *, #7296, .T. ) ;
#3957 = MECHANICAL_DESIGN_GEOMETRIC_PRESENTATION_REPRESENTATION (  '', ( #3062 ), #3570 ) ;
#3958 = CARTESIAN_POINT ( 'NONE',  ( 0.2487776942832457538, -2.499999999999999556, 2.060641429571397953 ) ) ;
#3959 = ADVANCED_FACE ( 'NONE', ( #256 ), #4144, .T. ) ;
#3960 = DIRECTION ( 'NONE',  ( 1.000000000000000000, -0.000000000000000000, -0.000000000000000000 ) ) ;
#3961 = ORIENTED_EDGE ( 'NONE', *, *, #2514, .T. ) ;
#3962 =( NAMED_UNIT ( * ) PLANE_ANGLE_UNIT ( ) SI_UNIT ( $, .RADIAN. ) );
#3963 = ORIENTED_EDGE ( 'NONE', *, *, #2029, .F. ) ;
#3964 = VERTEX_POINT ( 'NONE', #6033 ) ;
#3965 = CARTESIAN_POINT ( 'NONE',  ( -0.02724275507478629912, -2.500000000000000000, 2.209294871794871717 ) ) ;
#3966 = MECHANICAL_DESIGN_GEOMETRIC_PRESENTATION_REPRESENTATION (  '', ( #708 ), #2085 ) ;
#3967 = DIRECTION ( 'NONE',  ( 1.000000000000000000, -0.000000000000000000, 8.641799330037945638E-17 ) ) ;
#3968 = UNCERTAINTY_MEASURE_WITH_UNIT (LENGTH_MEASURE( 1.000000000000000082E-05 ), #2721, 'distance_accuracy_value', 'NONE');
#3969 = EDGE_CURVE ( 'NONE', #5901, #7283, #585, .T. ) ;
#3970 = VECTOR ( 'NONE', #4573, 999.9999999999998863 ) ;
#3971 = CARTESIAN_POINT ( 'NONE',  ( 2.647881796189349490, -2.499999999999999556, 1.843945017931539976 ) ) ;
#3972 = CARTESIAN_POINT ( 'NONE',  ( 5.000000000000000000, -1.797251865729859954, 2.750000000000000000 ) ) ;
#3973 = PRESENTATION_STYLE_ASSIGNMENT (( #1574 ) ) ;
#3974 = SURFACE_STYLE_FILL_AREA ( #993 ) ;
#3975 = STYLED_ITEM ( 'NONE', ( #7232 ), #7614 ) ;
#3976 = FILL_AREA_STYLE ('',( #1618 ) ) ;
#3977 = VECTOR ( 'NONE', #1097, 1000.000000000000000 ) ;
#3978 =( NAMED_UNIT ( * ) SI_UNIT ( $, .STERADIAN. ) SOLID_ANGLE_UNIT ( ) );
#3979 = VECTOR ( 'NONE', #1922, 1000.000000000000000 ) ;
#3980 = CARTESIAN_POINT ( 'NONE',  ( 2.370395299145298118, -2.500000000000000000, 1.864573317307692379 ) ) ;
#3981 = PLANE ( 'NONE',  #336 ) ;
#3982 =( LENGTH_UNIT ( ) NAMED_UNIT ( * ) SI_UNIT ( .MILLI., .METRE. ) );
#3983 = STYLED_ITEM ( 'NONE', ( #3293 ), #5341 ) ;
#3984 = VECTOR ( 'NONE', #6473, 1000.000000000000000 ) ;
#3985 = CARTESIAN_POINT ( 'NONE',  ( 4.299999999999999822, -2.500000000000000000, 0.000000000000000000 ) ) ;
#3986 = VECTOR ( 'NONE', #1284, 1000.000000000000000 ) ;
#3987 = CARTESIAN_POINT ( 'NONE',  ( -1.993914404288691378, -2.400000000000000355, 2.250000000000000000 ) ) ;
#3988 = CARTESIAN_POINT ( 'NONE',  ( 0.3000000000000003775, -1.500000000000000000, 7.268409389428597045 ) ) ;
#3989 =( NAMED_UNIT ( * ) PLANE_ANGLE_UNIT ( ) SI_UNIT ( $, .RADIAN. ) );
#3990 = VECTOR ( 'NONE', #6260, 1000.000000000000227 ) ;
#3991 =( GEOMETRIC_REPRESENTATION_CONTEXT ( 3 ) GLOBAL_UNCERTAINTY_ASSIGNED_CONTEXT ( ( #6812 ) ) GLOBAL_UNIT_ASSIGNED_CONTEXT ( ( #4007, #3372, #2771 ) ) REPRESENTATION_CONTEXT ( 'NONE', 'WORKASPACE' ) );
#3992 = EDGE_LOOP ( 'NONE', ( #4826, #6646, #7724, #4564 ) ) ;
#3993 = CIRCLE ( 'NONE', #4388, 0.6685684054278679955 ) ;
#3994 = ORIENTED_EDGE ( 'NONE', *, *, #1310, .T. ) ;
#3995 =( LENGTH_UNIT ( ) NAMED_UNIT ( * ) SI_UNIT ( .MILLI., .METRE. ) );
#3996 = ORIENTED_EDGE ( 'NONE', *, *, #392, .T. ) ;
#3997 = FILL_AREA_STYLE_COLOUR ( '', #6314 ) ;
#3998 = FILL_AREA_STYLE_COLOUR ( '', #2038 ) ;
#3999 = STYLED_ITEM ( 'NONE', ( #6198 ), #5048 ) ;
#4000 = CARTESIAN_POINT ( 'NONE',  ( -0.2162459935897435848, -2.500000000000000000, 1.849732905982905962 ) ) ;
#4001 = ORIENTED_EDGE ( 'NONE', *, *, #6462, .F. ) ;
#4002 =( GEOMETRIC_REPRESENTATION_CONTEXT ( 3 ) GLOBAL_UNCERTAINTY_ASSIGNED_CONTEXT ( ( #488 ) ) GLOBAL_UNIT_ASSIGNED_CONTEXT ( ( #505, #1140, #6123 ) ) REPRESENTATION_CONTEXT ( 'NONE', 'WORKASPACE' ) );
#4003 = ORIENTED_EDGE ( 'NONE', *, *, #1936, .T. ) ;
#4004 = UNCERTAINTY_MEASURE_WITH_UNIT (LENGTH_MEASURE( 1.000000000000000082E-05 ), #2693, 'distance_accuracy_value', 'NONE');
#4005 = EDGE_CURVE ( 'NONE', #5785, #3584, #5381, .T. ) ;
#4006 = CARTESIAN_POINT ( 'NONE',  ( -4.135872885735895288, -1.797251865729859954, 2.250000000000000000 ) ) ;
#4007 =( LENGTH_UNIT ( ) NAMED_UNIT ( * ) SI_UNIT ( .MILLI., .METRE. ) );
#4008 = LINE ( 'NONE', #7588, #6687 ) ;
#4009 = DIRECTION ( 'NONE',  ( 0.000000000000000000, 0.000000000000000000, 1.000000000000000000 ) ) ;
#4010 = STYLED_ITEM ( 'NONE', ( #2833 ), #7423 ) ;
#4011 = SURFACE_SIDE_STYLE ('',( #6434 ) ) ;
#4012 = DIRECTION ( 'NONE',  ( -0.000000000000000000, 0.000000000000000000, -1.000000000000000000 ) ) ;
#4013 =( GEOMETRIC_REPRESENTATION_CONTEXT ( 3 ) GLOBAL_UNCERTAINTY_ASSIGNED_CONTEXT ( ( #5219 ) ) GLOBAL_UNIT_ASSIGNED_CONTEXT ( ( #4259, #1170, #6024 ) ) REPRESENTATION_CONTEXT ( 'NONE', 'WORKASPACE' ) );
#4014 = CARTESIAN_POINT ( 'NONE',  ( -4.550784378080527048, -0.1000000000000000056, 0.8002088216562512901 ) ) ;
#4015 = FACE_OUTER_BOUND ( 'NONE', #209, .T. ) ;
#4016 = UNCERTAINTY_MEASURE_WITH_UNIT (LENGTH_MEASURE( 1.000000000000000082E-05 ), #1409, 'distance_accuracy_value', 'NONE');
#4017 = EDGE_CURVE ( 'NONE', #5480, #7379, #3543, .T. ) ;
#4018 = UNCERTAINTY_MEASURE_WITH_UNIT (LENGTH_MEASURE( 1.000000000000000082E-05 ), #3255, 'distance_accuracy_value', 'NONE');
#4019 = EDGE_CURVE ( 'NONE', #7616, #4674, #7824, .T. ) ;
#4020 = CARTESIAN_POINT ( 'NONE',  ( 2.370860558089967096, -2.500000000000000444, 1.849040712068144687 ) ) ;
#4021 =( NAMED_UNIT ( * ) SI_UNIT ( $, .STERADIAN. ) SOLID_ANGLE_UNIT ( ) );
#4022 =( NAMED_UNIT ( * ) SI_UNIT ( $, .STERADIAN. ) SOLID_ANGLE_UNIT ( ) );
#4023 = CARTESIAN_POINT ( 'NONE',  ( 0.1257995984109852305, -2.400000000000001243, 2.160555078871469803 ) ) ;
#4024 = CARTESIAN_POINT ( 'NONE',  ( 2.417979746242397532, -2.399999999999999911, 1.865202395838984728 ) ) ;
#4025 = CARTESIAN_POINT ( 'NONE',  ( 4.299999999999999822, -2.366666666666666696, -0.6000685097690720005 ) ) ;
#4026 =( GEOMETRIC_REPRESENTATION_CONTEXT ( 3 ) GLOBAL_UNCERTAINTY_ASSIGNED_CONTEXT ( ( #454 ) ) GLOBAL_UNIT_ASSIGNED_CONTEXT ( ( #3162, #6927, #907 ) ) REPRESENTATION_CONTEXT ( 'NONE', 'WORKASPACE' ) );
#4027 = CARTESIAN_POINT ( 'NONE',  ( -0.02692474626068373095, -2.500000000000000000, 1.707264957264957195 ) ) ;
#4028 = ORIENTED_EDGE ( 'NONE', *, *, #6904, .T. ) ;
#4029 = ORIENTED_EDGE ( 'NONE', *, *, #7401, .F. ) ;
#4030 = ORIENTED_EDGE ( 'NONE', *, *, #4651, .T. ) ;
#4031 = LINE ( 'NONE', #1522, #6551 ) ;
#4032 = CARTESIAN_POINT ( 'NONE',  ( -2.540000000000000480, -2.100000000000000089, 0.2742638147082958611 ) ) ;
#4033 = LINE ( 'NONE', #5924, #1241 ) ;
#4034 = SURFACE_STYLE_FILL_AREA ( #7728 ) ;
#4035 = ORIENTED_EDGE ( 'NONE', *, *, #6984, .F. ) ;
#4036 = FACE_OUTER_BOUND ( 'NONE', #1252, .T. ) ;
#4037 = ORIENTED_EDGE ( 'NONE', *, *, #52, .T. ) ;
#4038 = CARTESIAN_POINT ( 'NONE',  ( 0.1725671897419531753, -2.500000000000000000, 2.111757079035675666 ) ) ;
#4039 = LINE ( 'NONE', #414, #5586 ) ;
#4040 = AXIS2_PLACEMENT_3D ( 'NONE', #5298, #1617, #4688 ) ;
#4041 = CARTESIAN_POINT ( 'NONE',  ( 0.2576058371515521084, -2.399999999999999911, 1.991398331573822844 ) ) ;
#4042 = ADVANCED_FACE ( 'NONE', ( #1768 ), #4229, .T. ) ;
#4043 = VERTEX_POINT ( 'NONE', #2897 ) ;
#4044 = CARTESIAN_POINT ( 'NONE',  ( 0.1472320258570455620, -2.499999999999999556, 2.211653126729520746 ) ) ;
#4045 = CARTESIAN_POINT ( 'NONE',  ( 0.2203374460449690209, -2.400000000000000799, 2.130149937256948789 ) ) ;
#4046 = ORIENTED_EDGE ( 'NONE', *, *, #1846, .T. ) ;
#4047 = PRESENTATION_LAYER_ASSIGNMENT (  '', '', ( #3030 ) ) ;
#4048 = CARTESIAN_POINT ( 'NONE',  ( 0.2103098290598290343, -2.400000000000000355, 1.985946681356837384 ) ) ;
#4049 = CARTESIAN_POINT ( 'NONE',  ( 5.000000000000000000, -0.7027481342701401568, 2.250000000000000000 ) ) ;
#4050 = ADVANCED_FACE ( 'NONE', ( #5303 ), #4658, .F. ) ;
#4051 = VECTOR ( 'NONE', #604, 1000.000000000000000 ) ;
#4052 = LINE ( 'NONE', #5141, #298 ) ;
#4053 = DIRECTION ( 'NONE',  ( -0.000000000000000000, 1.000000000000000000, -0.000000000000000000 ) ) ;
#4054 = FILL_AREA_STYLE ('',( #1065 ) ) ;
#4055 =( LENGTH_UNIT ( ) NAMED_UNIT ( * ) SI_UNIT ( .MILLI., .METRE. ) );
#4056 = FILL_AREA_STYLE_COLOUR ( '', #7187 ) ;
#4057 = SURFACE_STYLE_USAGE ( .BOTH. , #7025 ) ;
#4058 = DIRECTION ( 'NONE',  ( -0.3385652849408002374, 0.000000000000000000, -0.9409429035988075007 ) ) ;
#4059 = SURFACE_STYLE_FILL_AREA ( #4662 ) ;
#4060 = EDGE_CURVE ( 'NONE', #3667, #7721, #4273, .T. ) ;
#4061 = CARTESIAN_POINT ( 'NONE',  ( 0.05899202505172305294, -2.499999999999999112, 1.717887426620002378 ) ) ;
#4062 = EDGE_CURVE ( 'NONE', #3369, #5232, #3173, .T. ) ;
#4063 = VECTOR ( 'NONE', #6857, 1000.000000000000000 ) ;
#4064 = VERTEX_POINT ( 'NONE', #6746 ) ;
#4065 = STYLED_ITEM ( 'NONE', ( #838 ), #3825 ) ;
#4066 = VERTEX_POINT ( 'NONE', #3140 ) ;
#4067 = ORIENTED_EDGE ( 'NONE', *, *, #237, .F. ) ;
#4068 = DIRECTION ( 'NONE',  ( 0.000000000000000000, -1.000000000000000000, 0.000000000000000000 ) ) ;
#4069 = SURFACE_SIDE_STYLE ('',( #1668 ) ) ;
#4070 =( GEOMETRIC_REPRESENTATION_CONTEXT ( 3 ) GLOBAL_UNCERTAINTY_ASSIGNED_CONTEXT ( ( #6503 ) ) GLOBAL_UNIT_ASSIGNED_CONTEXT ( ( #4475, #1468, #6208 ) ) REPRESENTATION_CONTEXT ( 'NONE', 'WORKASPACE' ) );
#4071 = CARTESIAN_POINT ( 'NONE',  ( 2.651709715877327511, -2.400000000000000355, 1.756721325761508190 ) ) ;
#4072 = ORIENTED_EDGE ( 'NONE', *, *, #5340, .T. ) ;
#4073 = CARTESIAN_POINT ( 'NONE',  ( 5.000000000000000000, -2.500000000000000000, -2.250000000000000000 ) ) ;
#4074 = EDGE_LOOP ( 'NONE', ( #7803, #283, #7397, #3797 ) ) ;
#4075 = UNCERTAINTY_MEASURE_WITH_UNIT (LENGTH_MEASURE( 1.000000000000000082E-05 ), #7157, 'distance_accuracy_value', 'NONE');
#4076 = SURFACE_STYLE_USAGE ( .BOTH. , #2343 ) ;
#4077 = CARTESIAN_POINT ( 'NONE',  ( 2.477458266559828370, -2.400000000000000799, 2.054424579326923350 ) ) ;
#4078 = DIRECTION ( 'NONE',  ( 8.641799330037945638E-17, 0.000000000000000000, -1.000000000000000000 ) ) ;
#4079 = DIRECTION ( 'NONE',  ( 0.000000000000000000, -0.000000000000000000, -1.000000000000000000 ) ) ;
#4080 = CARTESIAN_POINT ( 'NONE',  ( 3.400000000000001243, -2.500000000000000000, -2.250000000000000000 ) ) ;
#4081 = MANIFOLD_SOLID_BREP ( 'Boss-Extrude4', #7406 ) ;
#4082 = ORIENTED_EDGE ( 'NONE', *, *, #2180, .F. ) ;
#4083 = CARTESIAN_POINT ( 'NONE',  ( 2.750000000000000444, 0.000000000000000000, 2.249999999999998668 ) ) ;
#4084 = ORIENTED_EDGE ( 'NONE', *, *, #1363, .T. ) ;
#4085 = EDGE_LOOP ( 'NONE', ( #6676, #3724, #1650, #6291 ) ) ;
#4086 = CARTESIAN_POINT ( 'NONE',  ( -0.02395666399572645572, -2.400000000000000355, 1.761538461538461497 ) ) ;
#4087 = FILL_AREA_STYLE_COLOUR ( '', #2258 ) ;
#4088 =( LENGTH_UNIT ( ) NAMED_UNIT ( * ) SI_UNIT ( .MILLI., .METRE. ) );
#4089 = DIRECTION ( 'NONE',  ( -1.000000000000000000, -0.000000000000000000, -0.000000000000000000 ) ) ;
#4090 = SURFACE_STYLE_USAGE ( .BOTH. , #4726 ) ;
#4091 = SURFACE_STYLE_FILL_AREA ( #7135 ) ;
#4092 =( GEOMETRIC_REPRESENTATION_CONTEXT ( 3 ) GLOBAL_UNCERTAINTY_ASSIGNED_CONTEXT ( ( #6387 ) ) GLOBAL_UNIT_ASSIGNED_CONTEXT ( ( #3660, #5377, #4267 ) ) REPRESENTATION_CONTEXT ( 'NONE', 'WORKASPACE' ) );
#4093 =( LENGTH_UNIT ( ) NAMED_UNIT ( * ) SI_UNIT ( .MILLI., .METRE. ) );
#4094 = MECHANICAL_DESIGN_GEOMETRIC_PRESENTATION_REPRESENTATION (  '', ( #440 ), #4604 ) ;
#4095 = UNCERTAINTY_MEASURE_WITH_UNIT (LENGTH_MEASURE( 1.000000000000000082E-05 ), #102, 'distance_accuracy_value', 'NONE');
#4096 = FACE_OUTER_BOUND ( 'NONE', #2636, .T. ) ;
#4097 = EDGE_CURVE ( 'NONE', #3155, #4708, #1303, .T. ) ;
#4098 = DIRECTION ( 'NONE',  ( -0.000000000000000000, 0.000000000000000000, 1.000000000000000000 ) ) ;
#4099 = PRESENTATION_STYLE_ASSIGNMENT (( #7873 ) ) ;
#4100 = DIRECTION ( 'NONE',  ( 0.000000000000000000, -1.000000000000000000, 0.000000000000000000 ) ) ;
#4101 = LINE ( 'NONE', #6554, #3110 ) ;
#4102 = CARTESIAN_POINT ( 'NONE',  ( -2.519647435897436338, -2.500000000000000000, 2.250000000000000000 ) ) ;
#4103 =( NAMED_UNIT ( * ) PLANE_ANGLE_UNIT ( ) SI_UNIT ( $, .RADIAN. ) );
#4104 = UNCERTAINTY_MEASURE_WITH_UNIT (LENGTH_MEASURE( 1.000000000000000082E-05 ), #7678, 'distance_accuracy_value', 'NONE');
#4105 = VERTEX_POINT ( 'NONE', #4979 ) ;
#4106 = COLOUR_RGB ( '',0.1843137254901960898, 0.7568627450980391913, 1.000000000000000000 ) ;
#4107 = ORIENTED_EDGE ( 'NONE', *, *, #1987, .F. ) ;
#4108 = COLOUR_RGB ( '',0.1843137254901960898, 0.7568627450980391913, 1.000000000000000000 ) ;
#4109 = VECTOR ( 'NONE', #2134, 1000.000000000000000 ) ;
#4110 = AXIS2_PLACEMENT_3D ( 'NONE', #6457, #6562, #1665 ) ;
#4111 = DIRECTION ( 'NONE',  ( 1.000000000000000000, -0.000000000000000000, -0.000000000000000000 ) ) ;
#4112 = CARTESIAN_POINT ( 'NONE',  ( -0.1068092854673931696, -2.399999999999999911, 1.773653246747284751 ) ) ;
#4113 = PRESENTATION_LAYER_ASSIGNMENT (  '', '', ( #1087 ) ) ;
#4114 = CARTESIAN_POINT ( 'NONE',  ( 3.823477564102566451, -0.9004951481143085301, -2.149999999999999911 ) ) ;
#4115 = VECTOR ( 'NONE', #1678, 1000.000000000000000 ) ;
#4116 = CARTESIAN_POINT ( 'NONE',  ( 2.701903289454531176, -2.499999999999999556, 1.864980006369177046 ) ) ;
#4117 = MECHANICAL_DESIGN_GEOMETRIC_PRESENTATION_REPRESENTATION (  '', ( #7581 ), #7575 ) ;
#4118 = ORIENTED_EDGE ( 'NONE', *, *, #7733, .F. ) ;
#4119 =( NAMED_UNIT ( * ) SI_UNIT ( $, .STERADIAN. ) SOLID_ANGLE_UNIT ( ) );
#4120 = EDGE_LOOP ( 'NONE', ( #7730, #7313 ) ) ;
#4121 = SURFACE_SIDE_STYLE ('',( #2300 ) ) ;
#4122 = VECTOR ( 'NONE', #975, 1000.000000000000000 ) ;
#4123 = CARTESIAN_POINT ( 'NONE',  ( 2.459588023546334767, -2.400000000000000355, 1.785741287151880519 ) ) ;
#4124 = EDGE_CURVE ( 'NONE', #1366, #435, #3741, .T. ) ;
#4125 = DIRECTION ( 'NONE',  ( 0.000000000000000000, -1.000000000000000000, 0.000000000000000000 ) ) ;
#4126 = VECTOR ( 'NONE', #3918, 1000.000000000000000 ) ;
#4127 = CARTESIAN_POINT ( 'NONE',  ( 0.1960564678955034890, -2.400000000000000355, 2.164444662272211328 ) ) ;
#4128 = PRESENTATION_STYLE_ASSIGNMENT (( #7213 ) ) ;
#4129 = AXIS2_PLACEMENT_3D ( 'NONE', #2764, #1011, #5668 ) ;
#4130 = COLOUR_RGB ( '',0.1843137254901960898, 0.7568627450980391913, 1.000000000000000000 ) ;
#4131 = CYLINDRICAL_SURFACE ( 'NONE', #947, 0.2394398982144593790 ) ;
#4132 = ORIENTED_EDGE ( 'NONE', *, *, #3880, .F. ) ;
#4133 = LINE ( 'NONE', #1683, #4141 ) ;
#4134 = CARTESIAN_POINT ( 'NONE',  ( -0.1279707598993073403, -2.499999999999999112, 1.781774948430888683 ) ) ;
#4135 = DIRECTION ( 'NONE',  ( 1.000000000000000000, 0.000000000000000000, 0.000000000000000000 ) ) ;
#4136 = CARTESIAN_POINT ( 'NONE',  ( 2.701903289454531176, -2.499999999999999556, 1.864980006369177046 ) ) ;
#4137 = PRESENTATION_STYLE_ASSIGNMENT (( #6543 ) ) ;
#4138 =( NAMED_UNIT ( * ) SI_UNIT ( $, .STERADIAN. ) SOLID_ANGLE_UNIT ( ) );
#4139 = CARTESIAN_POINT ( 'NONE',  ( 2.390443867976470571, -2.400000000000002132, 1.945571570926606153 ) ) ;
#4140 = CARTESIAN_POINT ( 'NONE',  ( 2.536825063579338124, -2.400000000000000355, 1.761642269115034187 ) ) ;
#4141 = VECTOR ( 'NONE', #1719, 1000.000000000000000 ) ;
#4142 = CARTESIAN_POINT ( 'NONE',  ( 0.3000000000000003775, -1.000000000000000000, 7.268409389428597045 ) ) ;
#4143 = FILL_AREA_STYLE_COLOUR ( '', #2124 ) ;
#4144 = PLANE ( 'NONE',  #1335 ) ;
#4145 = DIRECTION ( 'NONE',  ( 0.000000000000000000, 0.000000000000000000, 1.000000000000000000 ) ) ;
#4146 = CARTESIAN_POINT ( 'NONE',  ( -0.2009542183170262286, -2.499999999999999556, 2.209550182785283035 ) ) ;
#4147 =( NAMED_UNIT ( * ) PLANE_ANGLE_UNIT ( ) SI_UNIT ( $, .RADIAN. ) );
#4148 = LINE ( 'NONE', #6599, #6167 ) ;
#4149 = VECTOR ( 'NONE', #3529, 1000.000000000000000 ) ;
#4150 = ORIENTED_EDGE ( 'NONE', *, *, #1749, .T. ) ;
#4151 = ORIENTED_EDGE ( 'NONE', *, *, #3575, .F. ) ;
#4152 = SURFACE_STYLE_FILL_AREA ( #7760 ) ;
#4153 = LINE ( 'NONE', #1149, #7325 ) ;
#4154 = DIRECTION ( 'NONE',  ( 0.000000000000000000, 0.000000000000000000, -1.000000000000000000 ) ) ;
#4155 = CARTESIAN_POINT ( 'NONE',  ( 2.509558929658024073, -2.500000000000000888, 1.763374180270459446 ) ) ;
#4156 = CARTESIAN_POINT ( 'NONE',  ( 5.000000000000000000, -2.500000000000000000, 2.250000000000000000 ) ) ;
#4157 = FILL_AREA_STYLE ('',( #2336 ) ) ;
#4158 = EDGE_CURVE ( 'NONE', #726, #3317, #2111, .T. ) ;
#4159 = CARTESIAN_POINT ( 'NONE',  ( 2.536156168275498057, -2.400000000000000355, 1.707395359908828292 ) ) ;
#4160 = ORIENTED_EDGE ( 'NONE', *, *, #4268, .F. ) ;
#4161 = VECTOR ( 'NONE', #1792, 1000.000000000000000 ) ;
#4162 = ORIENTED_EDGE ( 'NONE', *, *, #4798, .F. ) ;
#4163 = SURFACE_STYLE_USAGE ( .BOTH. , #4121 ) ;
#4164 = CARTESIAN_POINT ( 'NONE',  ( 2.488145794133909572, -2.400000000000001688, 1.769305983394179993 ) ) ;
#4165 = LINE ( 'NONE', #3562, #4782 ) ;
#4166 = DIRECTION ( 'NONE',  ( -1.000000000000000000, 0.000000000000000000, 0.000000000000000000 ) ) ;
#4167 = CARTESIAN_POINT ( 'NONE',  ( 0.2319668531582894655, -2.399999999999999911, 2.108026805079042276 ) ) ;
#4168 = SURFACE_SIDE_STYLE ('',( #2307 ) ) ;
#4169 = ADVANCED_FACE ( 'NONE', ( #6156 ), #1927, .F. ) ;
#4170 = UNCERTAINTY_MEASURE_WITH_UNIT (LENGTH_MEASURE( 1.000000000000000082E-05 ), #1355, 'distance_accuracy_value', 'NONE');
#4171 = EDGE_CURVE ( 'NONE', #3954, #7648, #4571, .T. ) ;
#4172 = EDGE_LOOP ( 'NONE', ( #6264, #6525, #92, #5280, #7274, #5349, #6010, #2825, #1991, #2525, #5361, #6173, #4283, #6878, #6558, #1662, #6913 ) ) ;
#4173 = SURFACE_STYLE_FILL_AREA ( #740 ) ;
#4174 = VERTEX_POINT ( 'NONE', #6976 ) ;
#4175 = FILL_AREA_STYLE ('',( #7860 ) ) ;
#4176 = SURFACE_SIDE_STYLE ('',( #458 ) ) ;
#4177 = LINE ( 'NONE', #1256, #1789 ) ;
#4178 = LINE ( 'NONE', #4049, #3348 ) ;
#4179 = CARTESIAN_POINT ( 'NONE',  ( 2.689216523159615235, -2.500000000000000444, 1.813391086287052145 ) ) ;
#4180 = DIRECTION ( 'NONE',  ( 0.000000000000000000, 1.000000000000000000, 0.000000000000000000 ) ) ;
#4181 = CARTESIAN_POINT ( 'NONE',  ( 2.370395299145298118, -2.400000000000000799, 1.864573317307692379 ) ) ;
#4182 = CARTESIAN_POINT ( 'NONE',  ( 2.536156168275498057, -2.400000000000000355, 1.707395359908828292 ) ) ;
#4183 = CARTESIAN_POINT ( 'NONE',  ( 4.807862430131171649, -1.250000000000000000, -2.149999999999999911 ) ) ;
#4184 = FACE_OUTER_BOUND ( 'NONE', #1945, .T. ) ;
#4185 = SURFACE_SIDE_STYLE ('',( #7749 ) ) ;
#4186 = PRESENTATION_LAYER_ASSIGNMENT (  '', '', ( #5075 ) ) ;
#4187 = CARTESIAN_POINT ( 'NONE',  ( 4.200000000000000178, -1.250000000000000000, -2.149999999999999911 ) ) ;
#4188 = CARTESIAN_POINT ( 'NONE',  ( -0.02395666399572645572, -2.400000000000000355, 1.761538461538461497 ) ) ;
#4189 = EDGE_LOOP ( 'NONE', ( #6691, #443 ) ) ;
#4190 = CARTESIAN_POINT ( 'NONE',  ( -0.02756076388888887077, -2.500000000000000000, 2.263568376068375798 ) ) ;
#4191 =( NAMED_UNIT ( * ) SI_UNIT ( $, .STERADIAN. ) SOLID_ANGLE_UNIT ( ) );
#4192 = CARTESIAN_POINT ( 'NONE',  ( 3.086085595711308915, -2.400000000000000355, 2.250000000000000000 ) ) ;
#4193 = ORIENTED_EDGE ( 'NONE', *, *, #3276, .F. ) ;
#4194 = COLOUR_RGB ( '',0.1843137254901960898, 0.7568627450980391913, 1.000000000000000000 ) ;
#4195 = ORIENTED_EDGE ( 'NONE', *, *, #285, .F. ) ;
#4196 = CARTESIAN_POINT ( 'NONE',  ( 0.2380298619440948116, -2.500000000000000888, 1.875104562333181235 ) ) ;
#4197 = EDGE_CURVE ( 'NONE', #3225, #5108, #2743, .T. ) ;
#4198 = CARTESIAN_POINT ( 'NONE',  ( 4.200000000000001954, -1.694245148114308597, -2.250000000000000000 ) ) ;
#4199 = CARTESIAN_POINT ( 'NONE',  ( -2.567136752136752964, -2.400000000000000355, 1.720833333333333437 ) ) ;
#4200 = SURFACE_STYLE_USAGE ( .BOTH. , #4791 ) ;
#4201 = LINE ( 'NONE', #4156, #3236 ) ;
#4202 = CARTESIAN_POINT ( 'NONE',  ( -0.2019036288712491023, -2.399999999999999911, 1.761293225996332756 ) ) ;
#4203 = STYLED_ITEM ( 'NONE', ( #1076 ), #3705 ) ;
#4204 = VERTEX_POINT ( 'NONE', #3263 ) ;
#4205 = FACE_OUTER_BOUND ( 'NONE', #2184, .T. ) ;
#4206 = VERTEX_POINT ( 'NONE', #4499 ) ;
#4207 =( NAMED_UNIT ( * ) PLANE_ANGLE_UNIT ( ) SI_UNIT ( $, .RADIAN. ) );
#4208 = CARTESIAN_POINT ( 'NONE',  ( 2.673370610034977446, -2.400000000000000355, 1.783234492338271249 ) ) ;
#4209 = EDGE_CURVE ( 'NONE', #453, #2332, #2348, .T. ) ;
#4210 = EDGE_CURVE ( 'NONE', #5359, #1702, #4465, .T. ) ;
#4211 = SURFACE_SIDE_STYLE ('',( #6732 ) ) ;
#4212 = FILL_AREA_STYLE ('',( #2391 ) ) ;
#4213 = CARTESIAN_POINT ( 'NONE',  ( 2.512954509395715519, -2.399999999999998579, 2.025782399106947462 ) ) ;
#4214 = CARTESIAN_POINT ( 'NONE',  ( -0.02756076388888887077, -2.399999999999999911, 2.263568376068375798 ) ) ;
#4215 = AXIS2_PLACEMENT_3D ( 'NONE', #2696, #6263, #3159 ) ;
#4216 = FILL_AREA_STYLE_COLOUR ( '', #7280 ) ;
#4217 = ORIENTED_EDGE ( 'NONE', *, *, #3025, .F. ) ;
#4218 = PLANE ( 'NONE',  #2141 ) ;
#4219 = LINE ( 'NONE', #568, #1376 ) ;
#4220 = DIRECTION ( 'NONE',  ( -0.000000000000000000, -0.000000000000000000, -1.000000000000000000 ) ) ;
#4221 = EDGE_CURVE ( 'NONE', #2036, #4553, #6396, .T. ) ;
#4222 = LINE ( 'NONE', #5509, #1737 ) ;
#4223 = DIRECTION ( 'NONE',  ( 0.000000000000000000, 0.000000000000000000, -1.000000000000000000 ) ) ;
#4224 = CARTESIAN_POINT ( 'NONE',  ( -2.540000000000000480, -2.500000000000000000, 2.016198513312075224 ) ) ;
#4225 = CARTESIAN_POINT ( 'NONE',  ( 2.414827379981605127, -2.500000000000000000, 1.982136000810999832 ) ) ;
#4226 = CARTESIAN_POINT ( 'NONE',  ( 2.643743234056711078, -2.400000000000000799, 1.832148512038424437 ) ) ;
#4227 = DIRECTION ( 'NONE',  ( 0.000000000000000000, -0.000000000000000000, 1.000000000000000000 ) ) ;
#4228 = CARTESIAN_POINT ( 'NONE',  ( 5.000000000000000000, 0.000000000000000000, -2.250000000000000000 ) ) ;
#4229 = PLANE ( 'NONE',  #567 ) ;
#4230 = DIRECTION ( 'NONE',  ( -0.000000000000000000, 1.000000000000000000, -0.000000000000000000 ) ) ;
#4231 = CARTESIAN_POINT ( 'NONE',  ( 0.1802440542939502954, -2.400000000000000355, 1.872019492588000711 ) ) ;
#4232 = SURFACE_SIDE_STYLE ('',( #672 ) ) ;
#4233 = ORIENTED_EDGE ( 'NONE', *, *, #5277, .F. ) ;
#4234 = ORIENTED_EDGE ( 'NONE', *, *, #6709, .F. ) ;
#4235 = CARTESIAN_POINT ( 'NONE',  ( -0.02692474626068373095, -2.500000000000000000, 1.707264957264957195 ) ) ;
#4236 = DIRECTION ( 'NONE',  ( 0.000000000000000000, 3.633999576981317006E-13, -1.000000000000000000 ) ) ;
#4237 = CARTESIAN_POINT ( 'NONE',  ( 5.000000000000000000, 0.000000000000000000, 1.187158322142691791 ) ) ;
#4238 = DIRECTION ( 'NONE',  ( -0.3385652849407995713, 0.000000000000000000, 0.9409429035988078338 ) ) ;
#4239 = CARTESIAN_POINT ( 'NONE',  ( -0.1068553040214712396, -2.500000000000000000, 2.197376546325181756 ) ) ;
#4240 = CARTESIAN_POINT ( 'NONE',  ( -0.09708501953246773120, -2.499999999999999556, 1.714432213203208599 ) ) ;
#4241 = VECTOR ( 'NONE', #5768, 1000.000000000000114 ) ;
#4242 = EDGE_LOOP ( 'NONE', ( #5042, #6456, #5979, #192 ) ) ;
#4243 = VECTOR ( 'NONE', #3169, 999.9999999999998863 ) ;
#4244 = SURFACE_STYLE_USAGE ( .BOTH. , #5450 ) ;
#4245 = ORIENTED_EDGE ( 'NONE', *, *, #4417, .F. ) ;
#4246 = CARTESIAN_POINT ( 'NONE',  ( 2.417884615384614300, -2.400000000000000355, 1.868813434829059705 ) ) ;
#4247 = VECTOR ( 'NONE', #623, 1000.000000000000000 ) ;
#4248 = DIRECTION ( 'NONE',  ( -0.7970624896273525994, 0.000000000000000000, 0.6038968352533787831 ) ) ;
#4249 = LINE ( 'NONE', #7853, #5468 ) ;
#4250 = COLOUR_RGB ( '',0.8313725490196077761, 0.8313725490196077761, 0.8196078431372548767 ) ;
#4251 = CARTESIAN_POINT ( 'NONE',  ( 2.457218724984110203, -2.399999999999999023, 1.963574950866729951 ) ) ;
#4252 = MECHANICAL_DESIGN_GEOMETRIC_PRESENTATION_REPRESENTATION (  '', ( #6307 ), #852 ) ;
#4253 = CYLINDRICAL_SURFACE ( 'NONE', #5548, 0.6685684054278682176 ) ;
#4254 = STYLED_ITEM ( 'NONE', ( #1290 ), #6435 ) ;
#4255 =( NAMED_UNIT ( * ) PLANE_ANGLE_UNIT ( ) SI_UNIT ( $, .RADIAN. ) );
#4256 = ORIENTED_EDGE ( 'NONE', *, *, #6223, .F. ) ;
#4257 = VECTOR ( 'NONE', #4877, 1000.000000000000000 ) ;
#4258 = CARTESIAN_POINT ( 'NONE',  ( -0.1887219147797668528, -2.500000000000000000, 1.752124152421669967 ) ) ;
#4259 =( LENGTH_UNIT ( ) NAMED_UNIT ( * ) SI_UNIT ( .MILLI., .METRE. ) );
#4260 = CARTESIAN_POINT ( 'NONE',  ( -2.408633676762341302, -1.000000000000000000, 7.750000000000000000 ) ) ;
#4261 = STYLED_ITEM ( 'NONE', ( #2145 ), #6698 ) ;
#4262 = DIRECTION ( 'NONE',  ( 0.000000000000000000, -1.000000000000000000, 0.000000000000000000 ) ) ;
#4263 = CARTESIAN_POINT ( 'NONE',  ( -1.993914404288691378, -2.500000000000000000, 1.630485880782381436 ) ) ;
#4264 = DIRECTION ( 'NONE',  ( 0.000000000000000000, -0.000000000000000000, -1.000000000000000000 ) ) ;
#4265 = PLANE ( 'NONE',  #1802 ) ;
#4266 = MECHANICAL_DESIGN_GEOMETRIC_PRESENTATION_REPRESENTATION (  '', ( #2220 ), #2980 ) ;
#4267 =( NAMED_UNIT ( * ) SI_UNIT ( $, .STERADIAN. ) SOLID_ANGLE_UNIT ( ) );
#4268 = EDGE_CURVE ( 'NONE', #5885, #7040, #7400, .T. ) ;
#4269 = MECHANICAL_DESIGN_GEOMETRIC_PRESENTATION_REPRESENTATION (  '', ( #4765 ), #6699 ) ;
#4270 = CARTESIAN_POINT ( 'NONE',  ( 2.530247729700853210, -2.400000000000000355, 1.707264957264957195 ) ) ;
#4271 = SURFACE_SIDE_STYLE ('',( #1850 ) ) ;
#4272 = DIRECTION ( 'NONE',  ( -0.9741522751607939457, -0.000000000000000000, -0.2258923301023050279 ) ) ;
#4273 = LINE ( 'NONE', #7465, #6039 ) ;
#4274 = DIRECTION ( 'NONE',  ( -0.000000000000000000, -1.000000000000000000, -0.000000000000000000 ) ) ;
#4275 = CARTESIAN_POINT ( 'NONE',  ( 0.1987205902430975724, -2.500000000000000000, 1.911824163414370004 ) ) ;
#4276 = PRESENTATION_LAYER_ASSIGNMENT (  '', '', ( #7723 ) ) ;
#4277 = CARTESIAN_POINT ( 'NONE',  ( -0.09690410707093266574, -2.500000000000000000, 2.256574301206327515 ) ) ;
#4278 = FACE_OUTER_BOUND ( 'NONE', #7235, .T. ) ;
#4279 = FILL_AREA_STYLE_COLOUR ( '', #7431 ) ;
#4280 = EDGE_CURVE ( 'NONE', #6619, #146, #1046, .T. ) ;
#4281 = EDGE_LOOP ( 'NONE', ( #1147, #1823, #6922, #2688 ) ) ;
#4282 = EDGE_CURVE ( 'NONE', #1185, #7229, #6436, .T. ) ;
#4283 = ORIENTED_EDGE ( 'NONE', *, *, #7546, .T. ) ;
#4284 = FILL_AREA_STYLE ('',( #2527 ) ) ;
#4285 = COLOUR_RGB ( '',0.1843137254901960898, 0.7568627450980391913, 1.000000000000000000 ) ;
#4286 = SURFACE_STYLE_FILL_AREA ( #7192 ) ;
#4287 = CARTESIAN_POINT ( 'NONE',  ( -0.02756076388888887077, -2.400000000000000355, 2.263568376068375798 ) ) ;
#4288 = FILL_AREA_STYLE_COLOUR ( '', #1663 ) ;
#4289 = CARTESIAN_POINT ( 'NONE',  ( -0.02724275507478629912, -2.399999999999999911, 2.209294871794871717 ) ) ;
#4290 = SURFACE_SIDE_STYLE ('',( #3755 ) ) ;
#4291 = ORIENTED_EDGE ( 'NONE', *, *, #3435, .F. ) ;
#4292 = SURFACE_STYLE_FILL_AREA ( #1869 ) ;
#4293 = EDGE_LOOP ( 'NONE', ( #2886, #757, #2413, #5858 ) ) ;
#4294 = SURFACE_STYLE_USAGE ( .BOTH. , #4884 ) ;
#4295 = MECHANICAL_DESIGN_GEOMETRIC_PRESENTATION_REPRESENTATION (  '', ( #6585 ), #5828 ) ;
#4296 = PRESENTATION_STYLE_ASSIGNMENT (( #17 ) ) ;
#4297 = FILL_AREA_STYLE ('',( #1872 ) ) ;
#4298 = LINE ( 'NONE', #7250, #3984 ) ;
#4299 =( LENGTH_UNIT ( ) NAMED_UNIT ( * ) SI_UNIT ( .MILLI., .METRE. ) );
#4300 = LINE ( 'NONE', #6142, #3094 ) ;
#4301 = CARTESIAN_POINT ( 'NONE',  ( -5.000000000000000000, -2.500000000000000000, -2.810766349256795138 ) ) ;
#4302 = VECTOR ( 'NONE', #4536, 1000.000000000000000 ) ;
#4303 =( NAMED_UNIT ( * ) SI_UNIT ( $, .STERADIAN. ) SOLID_ANGLE_UNIT ( ) );
#4304 = ORIENTED_EDGE ( 'NONE', *, *, #4987, .T. ) ;
#4305 =( NAMED_UNIT ( * ) PLANE_ANGLE_UNIT ( ) SI_UNIT ( $, .RADIAN. ) );
#4306 = EDGE_CURVE ( 'NONE', #7405, #2261, #5833, .T. ) ;
#4307 = DIRECTION ( 'NONE',  ( -1.000000000000000000, 0.000000000000000000, -0.000000000000000000 ) ) ;
#4308 = FILL_AREA_STYLE ('',( #3207 ) ) ;
#4309 =( NAMED_UNIT ( * ) PLANE_ANGLE_UNIT ( ) SI_UNIT ( $, .RADIAN. ) );
#4310 = CARTESIAN_POINT ( 'NONE',  ( 1.800956594368268382, 0.000000000000000000, -1.647441418907150457 ) ) ;
#4311 = VECTOR ( 'NONE', #2250, 1000.000000000000000 ) ;
#4312 = CARTESIAN_POINT ( 'NONE',  ( 2.625041605140542522, -2.399999999999999911, 1.801923215497356789 ) ) ;
#4313 = DIRECTION ( 'NONE',  ( 1.364799380695330128E-15, 0.000000000000000000, -1.000000000000000000 ) ) ;
#4314 = CARTESIAN_POINT ( 'NONE',  ( 2.655331196581195208, -2.400000000000000355, 1.883653846153846123 ) ) ;
#4315 = EDGE_CURVE ( 'NONE', #7835, #7625, #3935, .T. ) ;
#4316 =( NAMED_UNIT ( * ) SI_UNIT ( $, .STERADIAN. ) SOLID_ANGLE_UNIT ( ) );
#4317 = CARTESIAN_POINT ( 'NONE',  ( -0.02692474626068373095, -2.500000000000000000, 1.707264957264957195 ) ) ;
#4318 = DIRECTION ( 'NONE',  ( -1.000000000000000000, 0.000000000000000000, 0.000000000000000000 ) ) ;
#4319 = SURFACE_STYLE_FILL_AREA ( #6597 ) ;
#4320 = MECHANICAL_DESIGN_GEOMETRIC_PRESENTATION_REPRESENTATION (  '', ( #3152 ), #912 ) ;
#4321 = ORIENTED_EDGE ( 'NONE', *, *, #137, .F. ) ;
#4322 = ORIENTED_EDGE ( 'NONE', *, *, #7003, .T. ) ;
#4323 = PRESENTATION_STYLE_ASSIGNMENT (( #1898 ) ) ;
#4324 = STYLED_ITEM ( 'NONE', ( #3647 ), #2660 ) ;
#4325 = CARTESIAN_POINT ( 'NONE',  ( 0.2064160190363833192, -2.400000000000000355, 2.031618673597719749 ) ) ;
#4326 = CARTESIAN_POINT ( 'NONE',  ( 4.401045837440702435, -0.1000000000000000056, 0.4132593211698106228 ) ) ;
#4328 = VECTOR ( 'NONE', #429, 1000.000000000000000 ) ;
#4327 = VECTOR ( 'NONE', #7224, 1000.000000000000000 ) ;
#4329 = ADVANCED_FACE ( 'NONE', ( #4800 ), #5456, .F. ) ;
#4330 = CARTESIAN_POINT ( 'NONE',  ( 0.1560718533293988242, -2.399999999999999911, 1.767805232884770650 ) ) ;
#4331 = CARTESIAN_POINT ( 'NONE',  ( -5.000000000000000000, 0.000000000000000000, -2.250000000000000000 ) ) ;
#4332 = EDGE_CURVE ( 'NONE', #5329, #7405, #5410, .T. ) ;
#4333 = FACE_OUTER_BOUND ( 'NONE', #7770, .T. ) ;
#4334 = ORIENTED_EDGE ( 'NONE', *, *, #1637, .T. ) ;
#4335 = EDGE_LOOP ( 'NONE', ( #2533, #652, #2040, #3322 ) ) ;
#4336 = DIRECTION ( 'NONE',  ( 0.000000000000000000, 1.000000000000000000, 0.000000000000000000 ) ) ;
#4337 = ORIENTED_EDGE ( 'NONE', *, *, #1129, .T. ) ;
#4338 = CARTESIAN_POINT ( 'NONE',  ( 0.09616632909373383498, -2.400000000000000355, 2.240597729465799492 ) ) ;
#4339 =( NAMED_UNIT ( * ) PLANE_ANGLE_UNIT ( ) SI_UNIT ( $, .RADIAN. ) );
#4340 = FILL_AREA_STYLE ('',( #5628 ) ) ;
#4341 = VERTEX_POINT ( 'NONE', #2346 ) ;
#4342 = PRESENTATION_STYLE_ASSIGNMENT (( #7256 ) ) ;
#4343 = AXIS2_PLACEMENT_3D ( 'NONE', #5972, #484, #1673 ) ;
#4344 = ORIENTED_EDGE ( 'NONE', *, *, #1228, .T. ) ;
#4345 = MECHANICAL_DESIGN_GEOMETRIC_PRESENTATION_REPRESENTATION (  '', ( #4203 ), #2303 ) ;
#4346 = CARTESIAN_POINT ( 'NONE',  ( -0.1206605182823484584, -2.400000000000000355, 2.250000003224439382 ) ) ;
#4347 = CARTESIAN_POINT ( 'NONE',  ( -1.800956594368268382, -0.2000000000000000111, -1.647441418907150457 ) ) ;
#4348 = LINE ( 'NONE', #7388, #973 ) ;
#4349 = SURFACE_SIDE_STYLE ('',( #5559 ) ) ;
#4350 = EDGE_CURVE ( 'NONE', #6147, #3668, #5975, .T. ) ;
#4351 = DIRECTION ( 'NONE',  ( 0.000000000000000000, 0.000000000000000000, -1.000000000000000000 ) ) ;
#4352 = FACE_OUTER_BOUND ( 'NONE', #3606, .T. ) ;
#4353 = SURFACE_STYLE_FILL_AREA ( #5688 ) ;
#4354 = LINE ( 'NONE', #4984, #7693 ) ;
#4355 = EDGE_CURVE ( 'NONE', #5228, #2260, #7332, .T. ) ;
#4356 = ORIENTED_EDGE ( 'NONE', *, *, #576, .T. ) ;
#4357 = CARTESIAN_POINT ( 'NONE',  ( 1.800956594368268382, -0.2000000000000000111, -1.225342217102087350 ) ) ;
#4358 = STYLED_ITEM ( 'NONE', ( #5058 ), #4673 ) ;
#4359 = SURFACE_STYLE_FILL_AREA ( #5033 ) ;
#4360 = PRESENTATION_STYLE_ASSIGNMENT (( #1940 ) ) ;
#4361 = CARTESIAN_POINT ( 'NONE',  ( 0.2380298619440948116, -2.400000000000001243, 1.875104562333181235 ) ) ;
#4362 = PRESENTATION_STYLE_ASSIGNMENT (( #270 ) ) ;
#4363 = CARTESIAN_POINT ( 'NONE',  ( -2.839999999999999858, -1.000000000000000000, 2.250000000000000000 ) ) ;
#4364 = CARTESIAN_POINT ( 'NONE',  ( -0.2577991452991452714, -2.399999999999999911, 1.817932024572649352 ) ) ;
#4365 = VERTEX_POINT ( 'NONE', #7209 ) ;
#4366 = ORIENTED_EDGE ( 'NONE', *, *, #540, .F. ) ;
#4367 = PLANE ( 'NONE',  #1215 ) ;
#4368 = VECTOR ( 'NONE', #5913, 1000.000000000000000 ) ;
#4369 = VERTEX_POINT ( 'NONE', #4930 ) ;
#4370 = CARTESIAN_POINT ( 'NONE',  ( -0.06302095586332606691, -2.500000000000000000, 2.261941860213927846 ) ) ;
#4371 = SURFACE_STYLE_USAGE ( .BOTH. , #899 ) ;
#4372 =( NAMED_UNIT ( * ) PLANE_ANGLE_UNIT ( ) SI_UNIT ( $, .RADIAN. ) );
#4373 = DIRECTION ( 'NONE',  ( -1.000000000000000000, 0.000000000000000000, 0.000000000000000000 ) ) ;
#4374 =( GEOMETRIC_REPRESENTATION_CONTEXT ( 3 ) GLOBAL_UNCERTAINTY_ASSIGNED_CONTEXT ( ( #5130 ) ) GLOBAL_UNIT_ASSIGNED_CONTEXT ( ( #789, #6824, #3211 ) ) REPRESENTATION_CONTEXT ( 'NONE', 'WORKASPACE' ) );
#4375 = ORIENTED_EDGE ( 'NONE', *, *, #4282, .T. ) ;
#4376 = EDGE_CURVE ( 'NONE', #6770, #1870, #851, .T. ) ;
#4377 = LINE ( 'NONE', #3804, #2806 ) ;
#4378 = VERTEX_POINT ( 'NONE', #41 ) ;
#4379 = PRESENTATION_LAYER_ASSIGNMENT (  '', '', ( #2835 ) ) ;
#4380 = LINE ( 'NONE', #6967, #3897 ) ;
#4381 = AXIS2_PLACEMENT_3D ( 'NONE', #82, #7372, #6803 ) ;
#4382 = CARTESIAN_POINT ( 'NONE',  ( 4.344216997195514907, -1.236312455806616306, -2.250000000000000000 ) ) ;
#4383 = SURFACE_STYLE_USAGE ( .BOTH. , #1406 ) ;
#4384 = LINE ( 'NONE', #3164, #6458 ) ;
#4385 = VECTOR ( 'NONE', #3650, 1000.000000000000000 ) ;
#4386 = FILL_AREA_STYLE ('',( #824 ) ) ;
#4387 = MECHANICAL_DESIGN_GEOMETRIC_PRESENTATION_REPRESENTATION (  '', ( #5904 ), #3991 ) ;
#4388 = AXIS2_PLACEMENT_3D ( 'NONE', #3673, #3033, #7277 ) ;
#4389 = COLOUR_RGB ( '',0.1843137254901960898, 0.7568627450980391913, 1.000000000000000000 ) ;
#4390 = DIRECTION ( 'NONE',  ( -8.619603225789280719E-17, -0.000000000000000000, -1.000000000000000000 ) ) ;
#4391 = AXIS2_PLACEMENT_3D ( 'NONE', #3920, #1557, #6299 ) ;
#4392 = CARTESIAN_POINT ( 'NONE',  ( 2.568303769131692338, -2.500000000000000444, 1.765731198507652477 ) ) ;
#4393 = COLOUR_RGB ( '',0.1843137254901960898, 0.7568627450980391913, 1.000000000000000000 ) ;
#4394 = STYLED_ITEM ( 'NONE', ( #7426 ), #1534 ) ;
#4395 = CARTESIAN_POINT ( 'NONE',  ( -0.08017520020751860155, -2.400000000000001243, 1.711235023229426888 ) ) ;
#4396 = CARTESIAN_POINT ( 'NONE',  ( 0.2999999999999999334, -1.500000000000000000, 2.250000000000000000 ) ) ;
#4397 =( NAMED_UNIT ( * ) PLANE_ANGLE_UNIT ( ) SI_UNIT ( $, .RADIAN. ) );
#4398 = SURFACE_STYLE_USAGE ( .BOTH. , #6201 ) ;
#4399 = AXIS2_PLACEMENT_3D ( 'NONE', #7559, #4617, #5185 ) ;
#4400 = ORIENTED_EDGE ( 'NONE', *, *, #4557, .T. ) ;
#4401 = CARTESIAN_POINT ( 'NONE',  ( -2.438237179487180217, -2.500000000000000000, 1.775106837606837518 ) ) ;
#4402 = CARTESIAN_POINT ( 'NONE',  ( -0.002382878451735718876, -2.400000000000000355, 2.208830913688181852 ) ) ;
#4403 = SURFACE_SIDE_STYLE ('',( #2603 ) ) ;
#4404 = CARTESIAN_POINT ( 'NONE',  ( 0.03146275528338225713, -2.400000000000000799, 1.711786408425892470 ) ) ;
#4405 = EDGE_CURVE ( 'NONE', #6294, #7740, #5365, .T. ) ;
#4406 = LINE ( 'NONE', #6910, #729 ) ;
#4407 = DIRECTION ( 'NONE',  ( -0.4188422247446095259, -0.9080590238365487954, 0.000000000000000000 ) ) ;
#4408 = ORIENTED_EDGE ( 'NONE', *, *, #7544, .F. ) ;
#4409 = MECHANICAL_DESIGN_GEOMETRIC_PRESENTATION_REPRESENTATION (  '', ( #7854 ), #5287 ) ;
#4410 = ORIENTED_EDGE ( 'NONE', *, *, #7839, .F. ) ;
#4411 = UNCERTAINTY_MEASURE_WITH_UNIT (LENGTH_MEASURE( 1.000000000000000082E-05 ), #7264, 'distance_accuracy_value', 'NONE');
#4412 = SURFACE_STYLE_FILL_AREA ( #1992 ) ;
#4413 = ORIENTED_EDGE ( 'NONE', *, *, #2237, .F. ) ;
#4414 = PRESENTATION_LAYER_ASSIGNMENT (  '', '', ( #5167 ) ) ;
#4415 = CARTESIAN_POINT ( 'NONE',  ( 0.1226130980436064000, -2.499999999999999112, 2.227548820938789031 ) ) ;
#4416 = EDGE_CURVE ( 'NONE', #2690, #6147, #6103, .T. ) ;
#4417 = EDGE_CURVE ( 'NONE', #7190, #6087, #4298, .T. ) ;
#4418 = EDGE_LOOP ( 'NONE', ( #1123, #2150, #84, #7685 ) ) ;
#4419 =( GEOMETRIC_REPRESENTATION_CONTEXT ( 3 ) GLOBAL_UNCERTAINTY_ASSIGNED_CONTEXT ( ( #3281 ) ) GLOBAL_UNIT_ASSIGNED_CONTEXT ( ( #11, #4305, #4898 ) ) REPRESENTATION_CONTEXT ( 'NONE', 'WORKASPACE' ) );
#4420 = VERTEX_POINT ( 'NONE', #6062 ) ;
#4421 = CARTESIAN_POINT ( 'NONE',  ( 3.823477564102566451, -0.9004951481143085301, -2.250000000000000000 ) ) ;
#4422 = VECTOR ( 'NONE', #5793, 1000.000000000000000 ) ;
#4423 = ADVANCED_FACE ( 'NONE', ( #1790 ), #1563, .T. ) ;
#4424 = DIRECTION ( 'NONE',  ( 0.000000000000000000, -1.000000000000000000, 0.000000000000000000 ) ) ;
#4425 = ADVANCED_FACE ( 'NONE', ( #1952 ), #733, .T. ) ;
#4426 = DIRECTION ( 'NONE',  ( 1.000000000000000000, 0.000000000000000000, 0.000000000000000000 ) ) ;
#4427 = AXIS2_PLACEMENT_3D ( 'NONE', #5512, #661, #3097 ) ;
#4428 = FACE_OUTER_BOUND ( 'NONE', #6043, .T. ) ;
#4429 = CARTESIAN_POINT ( 'NONE',  ( 2.651419970242198776, -2.499999999999999112, 1.856421852574904996 ) ) ;
#4430 =( NAMED_UNIT ( * ) SI_UNIT ( $, .STERADIAN. ) SOLID_ANGLE_UNIT ( ) );
#4431 = PLANE ( 'NONE',  #596 ) ;
#4432 = CARTESIAN_POINT ( 'NONE',  ( -0.04503960455947197961, -2.399999999999999911, 1.707482166360894782 ) ) ;
#4433 = CARTESIAN_POINT ( 'NONE',  ( -2.408633676762341302, -1.500000000000000000, 7.750000000000000000 ) ) ;
#4434 = ORIENTED_EDGE ( 'NONE', *, *, #7296, .F. ) ;
#4435 = FACE_OUTER_BOUND ( 'NONE', #2796, .T. ) ;
#4436 = SURFACE_STYLE_USAGE ( .BOTH. , #7474 ) ;
#4437 = AXIS2_PLACEMENT_3D ( 'NONE', #7509, #3221, #7552 ) ;
#4438 = PRESENTATION_STYLE_ASSIGNMENT (( #5109 ) ) ;
#4439 = CARTESIAN_POINT ( 'NONE',  ( 0.2067061560346847016, -2.500000000000000000, 2.151357842035620305 ) ) ;
#4440 = CARTESIAN_POINT ( 'NONE',  ( 2.395172242805964302, -2.400000000000001243, 1.778422112744030281 ) ) ;
#4441 = VERTEX_POINT ( 'NONE', #5852 ) ;
#4442 = EDGE_CURVE ( 'NONE', #519, #5076, #3474, .T. ) ;
#4443 = ORIENTED_EDGE ( 'NONE', *, *, #5938, .T. ) ;
#4444 = ORIENTED_EDGE ( 'NONE', *, *, #6798, .F. ) ;
#4445 = CARTESIAN_POINT ( 'NONE',  ( -0.5460855957113092130, -2.400000000000000355, 2.250000000000000000 ) ) ;
#4446 = COLOUR_RGB ( '',0.8313725490196077761, 0.8313725490196077761, 0.8196078431372548767 ) ;
#4447 = VERTEX_POINT ( 'NONE', #3319 ) ;
#4448 = SURFACE_SIDE_STYLE ('',( #817 ) ) ;
#4449 = EDGE_CURVE ( 'NONE', #2296, #6802, #6925, .T. ) ;
#4450 = VERTEX_POINT ( 'NONE', #1590 ) ;
#4451 = VECTOR ( 'NONE', #2410, 1000.000000000000000 ) ;
#4452 =( NAMED_UNIT ( * ) PLANE_ANGLE_UNIT ( ) SI_UNIT ( $, .RADIAN. ) );
#4453 = SURFACE_SIDE_STYLE ('',( #2545 ) ) ;
#4454 = SURFACE_STYLE_USAGE ( .BOTH. , #4537 ) ;
#4455 = FILL_AREA_STYLE ('',( #4902 ) ) ;
#4456 = DIRECTION ( 'NONE',  ( 1.000000000000000000, 0.000000000000000000, 0.000000000000000000 ) ) ;
#4457 = STYLED_ITEM ( 'NONE', ( #5020 ), #684 ) ;
#4458 = VECTOR ( 'NONE', #2637, 1000.000000000000000 ) ;
#4459 = SURFACE_SIDE_STYLE ('',( #2130 ) ) ;
#4460 = MECHANICAL_DESIGN_GEOMETRIC_PRESENTATION_REPRESENTATION (  '', ( #1052 ), #6392 ) ;
#4461 = DIRECTION ( 'NONE',  ( -0.000000000000000000, -0.000000000000000000, 1.000000000000000000 ) ) ;
#4462 = PRESENTATION_LAYER_ASSIGNMENT (  '', '', ( #5492 ) ) ;
#4463 = FILL_AREA_STYLE ('',( #828 ) ) ;
#4464 = CARTESIAN_POINT ( 'NONE',  ( 2.544953899148049370, -2.399999999999999911, 1.761846130055314763 ) ) ;
#4465 = LINE ( 'NONE', #3379, #4109 ) ;
#4466 = LINE ( 'NONE', #4501, #7712 ) ;
#4467 = DIRECTION ( 'NONE',  ( -0.000000000000000000, -0.000000000000000000, -1.000000000000000000 ) ) ;
#4468 = FILL_AREA_STYLE ('',( #6866 ) ) ;
#4469 = FACE_OUTER_BOUND ( 'NONE', #7757, .T. ) ;
#4470 = FACE_BOUND ( 'NONE', #6221, .T. ) ;
#4471 = EDGE_LOOP ( 'NONE', ( #5851, #6540, #2926, #965 ) ) ;
#4472 = DIRECTION ( 'NONE',  ( 1.000000000000000000, 0.000000000000000000, 0.000000000000000000 ) ) ;
#4473 = DIRECTION ( 'NONE',  ( 0.000000000000000000, 0.000000000000000000, -1.000000000000000000 ) ) ;
#4474 = FACE_OUTER_BOUND ( 'NONE', #7116, .T. ) ;
#4475 =( LENGTH_UNIT ( ) NAMED_UNIT ( * ) SI_UNIT ( .MILLI., .METRE. ) );
#4476 = LINE ( 'NONE', #6331, #3588 ) ;
#4477 = ORIENTED_EDGE ( 'NONE', *, *, #7045, .T. ) ;
#4478 = ORIENTED_EDGE ( 'NONE', *, *, #4990, .F. ) ;
#4479 = CARTESIAN_POINT ( 'NONE',  ( -0.08132894421807215779, -2.400000000000000799, 2.204279588664525669 ) ) ;
#4480 = ORIENTED_EDGE ( 'NONE', *, *, #4744, .T. ) ;
#4481 = FILL_AREA_STYLE_COLOUR ( '', #3729 ) ;
#4482 = DIRECTION ( 'NONE',  ( 0.000000000000000000, 0.000000000000000000, -1.000000000000000000 ) ) ;
#4483 = CIRCLE ( 'NONE', #2323, 0.6000685097690720005 ) ;
#4484 =( NAMED_UNIT ( * ) SI_UNIT ( $, .STERADIAN. ) SOLID_ANGLE_UNIT ( ) );
#4485 = ORIENTED_EDGE ( 'NONE', *, *, #2084, .T. ) ;
#4486 = PRESENTATION_STYLE_ASSIGNMENT (( #1367 ) ) ;
#4487 = ORIENTED_EDGE ( 'NONE', *, *, #4060, .F. ) ;
#4488 = CARTESIAN_POINT ( 'NONE',  ( -5.000000000000000000, -1.797251865729859954, 2.750000000000000000 ) ) ;
#4489 = VECTOR ( 'NONE', #1513, 1000.000000000000000 ) ;
#4490 = FILL_AREA_STYLE ('',( #908 ) ) ;
#4491 = EDGE_CURVE ( 'NONE', #3225, #483, #2800, .T. ) ;
#4492 = CARTESIAN_POINT ( 'NONE',  ( -5.000000000000000000, -1.797251865729859954, 2.750000000000000000 ) ) ;
#4493 = DIRECTION ( 'NONE',  ( 0.000000000000000000, 0.000000000000000000, 1.000000000000000000 ) ) ;
#4494 = CIRCLE ( 'NONE', #4609, 0.6078624301311709166 ) ;
#4495 = CARTESIAN_POINT ( 'NONE',  ( 2.239999999999999769, -1.000000000000000000, 7.281332158035497493 ) ) ;
#4496 = CARTESIAN_POINT ( 'NONE',  ( -5.000000000000000000, -0.1000000000000000056, 1.187158322142691791 ) ) ;
#4497 = ORIENTED_EDGE ( 'NONE', *, *, #441, .F. ) ;
#4498 = VECTOR ( 'NONE', #4701, 1000.000000000000000 ) ;
#4499 = CARTESIAN_POINT ( 'NONE',  ( 4.210176282051284247, -1.694245148114308597, -2.149999999999999911 ) ) ;
#4500 = COLOUR_RGB ( '',1.000000000000000000, 1.000000000000000000, 1.000000000000000000 ) ;
#4501 = CARTESIAN_POINT ( 'NONE',  ( 4.381742037259617639, -1.154902199396359741, -2.250000000000000000 ) ) ;
#4502 = EDGE_CURVE ( 'NONE', #146, #4917, #1633, .T. ) ;
#4503 = CARTESIAN_POINT ( 'NONE',  ( 5.000000000000000000, 0.000000000000000000, -2.250000000000000000 ) ) ;
#4504 = AXIS2_PLACEMENT_3D ( 'NONE', #2847, #5288, #3566 ) ;
#4505 = SURFACE_STYLE_USAGE ( .BOTH. , #1616 ) ;
#4506 =( NAMED_UNIT ( * ) SI_UNIT ( $, .STERADIAN. ) SOLID_ANGLE_UNIT ( ) );
#4507 = STYLED_ITEM ( 'NONE', ( #7392 ), #4169 ) ;
#4508 = EDGE_CURVE ( 'NONE', #2766, #3009, #403, .T. ) ;
#4509 = SURFACE_STYLE_FILL_AREA ( #2092 ) ;
#4510 = AXIS2_PLACEMENT_3D ( 'NONE', #5193, #1554, #854 ) ;
#4511 = CIRCLE ( 'NONE', #5398, 0.6685684054278679955 ) ;
#4512 = DIRECTION ( 'NONE',  ( -1.000000000000000000, 0.000000000000000000, 0.000000000000000000 ) ) ;
#4513 = CIRCLE ( 'NONE', #717, 0.6685684054278679955 ) ;
#4514 = DIRECTION ( 'NONE',  ( -0.000000000000000000, 1.000000000000000000, -0.000000000000000000 ) ) ;
#4515 =( LENGTH_UNIT ( ) NAMED_UNIT ( * ) SI_UNIT ( .MILLI., .METRE. ) );
#4516 = CARTESIAN_POINT ( 'NONE',  ( 0.1699485625782940768, -2.400000000000001243, 2.192808150634868447 ) ) ;
#4517 = DIRECTION ( 'NONE',  ( -0.000000000000000000, -0.000000000000000000, 1.000000000000000000 ) ) ;
#4518 = DIRECTION ( 'NONE',  ( -0.000000000000000000, 1.000000000000000000, -0.000000000000000000 ) ) ;
#4519 = VECTOR ( 'NONE', #5487, 1000.000000000000000 ) ;
#4520 = CARTESIAN_POINT ( 'NONE',  ( 0.1906992855235042639, -2.500000000000000000, 2.171027811164529808 ) ) ;
#4521 = EDGE_CURVE ( 'NONE', #2493, #1746, #7620, .T. ) ;
#4522 = CARTESIAN_POINT ( 'NONE',  ( 2.438276598249069949, -2.499999999999999556, 1.733502740221340099 ) ) ;
#4523 = EDGE_CURVE ( 'NONE', #4447, #2759, #4031, .T. ) ;
#4524 = MECHANICAL_DESIGN_GEOMETRIC_PRESENTATION_REPRESENTATION (  '', ( #6939 ), #343 ) ;
#4525 = ORIENTED_EDGE ( 'NONE', *, *, #4681, .F. ) ;
#4526 = VERTEX_POINT ( 'NONE', #4632 ) ;
#4527 =( NAMED_UNIT ( * ) SI_UNIT ( $, .STERADIAN. ) SOLID_ANGLE_UNIT ( ) );
#4528 = MECHANICAL_DESIGN_GEOMETRIC_PRESENTATION_REPRESENTATION (  '', ( #5929 ), #7211 ) ;
#4529 = ORIENTED_EDGE ( 'NONE', *, *, #197, .F. ) ;
#4530 = CARTESIAN_POINT ( 'NONE',  ( 0.1906992855235042639, -2.500000000000000000, 2.171027811164529808 ) ) ;
#4531 = DIRECTION ( 'NONE',  ( -8.641799330037944406E-17, 0.000000000000000000, 1.000000000000000000 ) ) ;
#4532 = ORIENTED_EDGE ( 'NONE', *, *, #6338, .F. ) ;
#4533 =( NAMED_UNIT ( * ) SI_UNIT ( $, .STERADIAN. ) SOLID_ANGLE_UNIT ( ) );
#4534 = ORIENTED_EDGE ( 'NONE', *, *, #7733, .T. ) ;
#4535 = CARTESIAN_POINT ( 'NONE',  ( 2.442294309320563350, -2.500000000000000000, 1.943731255309914863 ) ) ;
#4536 = DIRECTION ( 'NONE',  ( 0.000000000000000000, 0.000000000000000000, 1.000000000000000000 ) ) ;
#4537 = SURFACE_SIDE_STYLE ('',( #2042 ) ) ;
#4538 = UNCERTAINTY_MEASURE_WITH_UNIT (LENGTH_MEASURE( 1.000000000000000082E-05 ), #1073, 'distance_accuracy_value', 'NONE');
#4539 = SURFACE_SIDE_STYLE ('',( #1489 ) ) ;
#4540 = VECTOR ( 'NONE', #166, 1000.000000000000000 ) ;
#4541 = SURFACE_STYLE_FILL_AREA ( #7591 ) ;
#4542 = PLANE ( 'NONE',  #2059 ) ;
#4543 = EDGE_CURVE ( 'NONE', #1441, #4636, #7571, .T. ) ;
#4544 = CARTESIAN_POINT ( 'NONE',  ( 0.000000000000000000, -2.400000000000000355, 2.016198513312075224 ) ) ;
#4545 = DIRECTION ( 'NONE',  ( -1.000000000000000000, 0.000000000000000000, 0.000000000000000000 ) ) ;
#4546 = DIRECTION ( 'NONE',  ( -0.9035018415143105663, -0.4285842068721730791, 0.000000000000000000 ) ) ;
#4547 = CARTESIAN_POINT ( 'NONE',  ( -1.993914404288691378, -2.500000000000000000, 1.630485880782381436 ) ) ;
#4548 = AXIS2_PLACEMENT_3D ( 'NONE', #6536, #2808, #1564 ) ;
#4549 = EDGE_CURVE ( 'NONE', #5969, #933, #6448, .T. ) ;
#4550 = FILL_AREA_STYLE ('',( #2143 ) ) ;
#4551 = CARTESIAN_POINT ( 'NONE',  ( -0.1880455110234360572, -2.500000000000000888, 1.820097407492300645 ) ) ;
#4552 =( NAMED_UNIT ( * ) SI_UNIT ( $, .STERADIAN. ) SOLID_ANGLE_UNIT ( ) );
#4553 = VERTEX_POINT ( 'NONE', #2263 ) ;
#4554 = EDGE_LOOP ( 'NONE', ( #1631, #36, #3533, #2230, #6303, #4700, #3996, #1232, #1038, #3192, #3040, #6886, #1069, #6082, #7234, #2153, #3569 ) ) ;
#4555 = PLANE ( 'NONE',  #4510 ) ;
#4556 = ORIENTED_EDGE ( 'NONE', *, *, #4449, .F. ) ;
#4557 = EDGE_CURVE ( 'NONE', #5166, #3793, #1071, .T. ) ;
#4558 = EDGE_CURVE ( 'NONE', #3037, #4341, #3362, .T. ) ;
#4559 = CARTESIAN_POINT ( 'NONE',  ( -2.750000000000000444, -0.1000000000000000056, 2.250000000000000000 ) ) ;
#4560 = FACE_OUTER_BOUND ( 'NONE', #2110, .T. ) ;
#4561 =( NAMED_UNIT ( * ) PLANE_ANGLE_UNIT ( ) SI_UNIT ( $, .RADIAN. ) );
#4562 = AXIS2_PLACEMENT_3D ( 'NONE', #3503, #1211, #6627 ) ;
#4563 = ORIENTED_EDGE ( 'NONE', *, *, #5387, .T. ) ;
#4564 = ORIENTED_EDGE ( 'NONE', *, *, #530, .T. ) ;
#4565 = VECTOR ( 'NONE', #936, 1000.000000000000000 ) ;
#4566 = DIRECTION ( 'NONE',  ( 0.000000000000000000, 1.000000000000000000, 0.000000000000000000 ) ) ;
#4567 = CARTESIAN_POINT ( 'NONE',  ( 4.381742037259617639, -1.154902199396359741, -2.250000000000000000 ) ) ;
#4568 = DIRECTION ( 'NONE',  ( 0.000000000000000000, 0.000000000000000000, -1.000000000000000000 ) ) ;
#4569 = SURFACE_STYLE_FILL_AREA ( #529 ) ;
#4570 =( NAMED_UNIT ( * ) SI_UNIT ( $, .STERADIAN. ) SOLID_ANGLE_UNIT ( ) );
#4571 = LINE ( 'NONE', #3858, #1213 ) ;
#4572 = SURFACE_STYLE_FILL_AREA ( #5177 ) ;
#4573 = DIRECTION ( 'NONE',  ( 0.3385652849408001819, -0.000000000000000000, -0.9409429035988075007 ) ) ;
#4574 = PLANE ( 'NONE',  #5194 ) ;
#4575 = PRESENTATION_LAYER_ASSIGNMENT (  '', '', ( #1304 ) ) ;
#4576 = VECTOR ( 'NONE', #659, 1000.000000000000000 ) ;
#4577 = CARTESIAN_POINT ( 'NONE',  ( 2.395172242805964302, -2.500000000000000444, 1.778422112744030281 ) ) ;
#4578 = CARTESIAN_POINT ( 'NONE',  ( -0.1068092854673931696, -2.399999999999999023, 1.773653246747284751 ) ) ;
#4579 = DIRECTION ( 'NONE',  ( 0.000000000000000000, -1.000000000000000000, 0.000000000000000000 ) ) ;
#4580 = CARTESIAN_POINT ( 'NONE',  ( 0.1072414044444087999, -2.399999999999999911, 2.173670996413831435 ) ) ;
#4581 = ORIENTED_EDGE ( 'NONE', *, *, #2851, .F. ) ;
#4582 = CARTESIAN_POINT ( 'NONE',  ( 2.451060259387555451, -2.399999999999999911, 1.793101956542050068 ) ) ;
#4583 = DIRECTION ( 'NONE',  ( 0.000000000000000000, -0.000000000000000000, -1.000000000000000000 ) ) ;
#4584 = DIRECTION ( 'NONE',  ( -1.000000000000000000, 0.000000000000000000, 0.000000000000000000 ) ) ;
#4585 = CARTESIAN_POINT ( 'NONE',  ( -0.02692474626068373095, -2.400000000000000355, 1.707264957264957195 ) ) ;
#4586 = ADVANCED_FACE ( 'NONE', ( #5234 ), #5274, .F. ) ;
#4587 = UNCERTAINTY_MEASURE_WITH_UNIT (LENGTH_MEASURE( 1.000000000000000082E-05 ), #3465, 'distance_accuracy_value', 'NONE');
#4588 = PRESENTATION_LAYER_ASSIGNMENT (  '', '', ( #34 ) ) ;
#4589 = EDGE_CURVE ( 'NONE', #6490, #7835, #2293, .T. ) ;
#4590 = ORIENTED_EDGE ( 'NONE', *, *, #5537, .F. ) ;
#4591 = ORIENTED_EDGE ( 'NONE', *, *, #4315, .F. ) ;
#4592 = CARTESIAN_POINT ( 'NONE',  ( 5.000000000000000000, 0.000000000000000000, -2.250000000000000000 ) ) ;
#4593 = EDGE_LOOP ( 'NONE', ( #2193, #6126 ) ) ;
#4594 = CARTESIAN_POINT ( 'NONE',  ( 0.1267165184313454040, -1.000000000000000000, 7.750000000000000000 ) ) ;
#4595 = CARTESIAN_POINT ( 'NONE',  ( -2.540000000000000480, -2.400000000000000355, 2.016198513312075224 ) ) ;
#4596 = CARTESIAN_POINT ( 'NONE',  ( -5.000000000000000000, -2.500000000000000000, -2.250000000000000000 ) ) ;
#4597 = EDGE_CURVE ( 'NONE', #730, #7740, #6604, .T. ) ;
#4598 = VERTEX_POINT ( 'NONE', #603 ) ;
#4599 = CARTESIAN_POINT ( 'NONE',  ( 4.299999999999999822, -2.366666666666666696, 0.000000000000000000 ) ) ;
#4600 = ORIENTED_EDGE ( 'NONE', *, *, #7095, .T. ) ;
#4601 = CARTESIAN_POINT ( 'NONE',  ( 1.800956594368268382, -2.500000000000000000, -1.647441418907150457 ) ) ;
#4602 = CARTESIAN_POINT ( 'NONE',  ( 0.2572255383632116588, -2.400000000000000355, 2.009213880671382402 ) ) ;
#4603 = CARTESIAN_POINT ( 'NONE',  ( -0.02692474626068373095, -2.500000000000000000, 1.707264957264957195 ) ) ;
#4604 =( GEOMETRIC_REPRESENTATION_CONTEXT ( 3 ) GLOBAL_UNCERTAINTY_ASSIGNED_CONTEXT ( ( #4737 ) ) GLOBAL_UNIT_ASSIGNED_CONTEXT ( ( #6782, #3142, #2560 ) ) REPRESENTATION_CONTEXT ( 'NONE', 'WORKASPACE' ) );
#4605 = CARTESIAN_POINT ( 'NONE',  ( 2.536825063579338124, -2.500000000000000000, 1.761642269115034187 ) ) ;
#4606 = CARTESIAN_POINT ( 'NONE',  ( -4.299999999999999822, -2.366666666666666696, -4.349502369265499566E-17 ) ) ;
#4607 = SURFACE_STYLE_FILL_AREA ( #1537 ) ;
#4608 = FILL_AREA_STYLE ('',( #6360 ) ) ;
#4609 = AXIS2_PLACEMENT_3D ( 'NONE', #3666, #5478, #1933 ) ;
#4610 = PRESENTATION_STYLE_ASSIGNMENT (( #2858 ) ) ;
#4611 = CARTESIAN_POINT ( 'NONE',  ( 0.03475739763404359084, -2.500000000000000000, -3.750000000000000888 ) ) ;
#4612 = VECTOR ( 'NONE', #629, 1000.000000000000000 ) ;
#4613 = COLOUR_RGB ( '',0.8980392156862745390, 0.8980392156862745390, 0.8980392156862745390 ) ;
#4614 = CARTESIAN_POINT ( 'NONE',  ( 0.1906992855235042639, -2.400000000000000355, 2.171027811164529808 ) ) ;
#4615 = AXIS2_PLACEMENT_3D ( 'NONE', #6941, #1501, #3937 ) ;
#4616 = CARTESIAN_POINT ( 'NONE',  ( -0.1557965652895243747, -2.499999999999998668, 1.796244718072508073 ) ) ;
#4617 = DIRECTION ( 'NONE',  ( -1.000000000000000000, 0.000000000000000000, 0.000000000000000000 ) ) ;
#4618 = PRESENTATION_LAYER_ASSIGNMENT (  '', '', ( #578 ) ) ;
#4619 = VECTOR ( 'NONE', #1612, 1000.000000000000000 ) ;
#4620 = CARTESIAN_POINT ( 'NONE',  ( 0.1725671897419531753, -2.400000000000000355, 2.111757079035675666 ) ) ;
#4621 =( LENGTH_UNIT ( ) NAMED_UNIT ( * ) SI_UNIT ( .MILLI., .METRE. ) );
#4622 = CARTESIAN_POINT ( 'NONE',  ( -0.01694863821277715898, -2.400000000000000355, 1.707508878620662029 ) ) ;
#4623 = STYLED_ITEM ( 'NONE', ( #1531 ), #6374 ) ;
#4624 = MECHANICAL_DESIGN_GEOMETRIC_PRESENTATION_REPRESENTATION (  '', ( #3357 ), #2109 ) ;
#4625 = ORIENTED_EDGE ( 'NONE', *, *, #2356, .T. ) ;
#4626 = AXIS2_PLACEMENT_3D ( 'NONE', #6369, #4659, #2176 ) ;
#4627 =( GEOMETRIC_REPRESENTATION_CONTEXT ( 3 ) GLOBAL_UNCERTAINTY_ASSIGNED_CONTEXT ( ( #6252 ) ) GLOBAL_UNIT_ASSIGNED_CONTEXT ( ( #1351, #2530, #7433 ) ) REPRESENTATION_CONTEXT ( 'NONE', 'WORKASPACE' ) );
#4628 = ORIENTED_EDGE ( 'NONE', *, *, #4491, .T. ) ;
#4629 =( NAMED_UNIT ( * ) SI_UNIT ( $, .STERADIAN. ) SOLID_ANGLE_UNIT ( ) );
#4630 = ORIENTED_EDGE ( 'NONE', *, *, #5523, .F. ) ;
#4631 = EDGE_CURVE ( 'NONE', #1320, #3288, #5313, .T. ) ;
#4632 = CARTESIAN_POINT ( 'NONE',  ( -1.634757397634042375, -2.500000000000000000, -3.591119187505327215 ) ) ;
#4633 = DIRECTION ( 'NONE',  ( 0.000000000000000000, 0.000000000000000000, -1.000000000000000000 ) ) ;
#4634 = AXIS2_PLACEMENT_3D ( 'NONE', #2707, #1455, #7549 ) ;
#4635 = CARTESIAN_POINT ( 'NONE',  ( 2.682092489207998032, -2.500000000000000000, 1.797835658434528083 ) ) ;
#4636 = VERTEX_POINT ( 'NONE', #7799 ) ;
#4637 = PRESENTATION_LAYER_ASSIGNMENT (  '', '', ( #869 ) ) ;
#4638 = FILL_AREA_STYLE ('',( #7691 ) ) ;
#4639 = EDGE_LOOP ( 'NONE', ( #4667, #898, #5857, #5855, #7684, #3085 ) ) ;
#4640 = CARTESIAN_POINT ( 'NONE',  ( 1.800956594368268382, -2.299999999999999822, -1.647441418907150457 ) ) ;
#4641 = DIRECTION ( 'NONE',  ( -0.000000000000000000, -1.000000000000000000, -0.000000000000000000 ) ) ;
#4642 = AXIS2_PLACEMENT_3D ( 'NONE', #1296, #5015, #5594 ) ;
#4643 = CARTESIAN_POINT ( 'NONE',  ( 4.200000000000001954, -1.694245148114308597, -2.149999999999999911 ) ) ;
#4644 = VERTEX_POINT ( 'NONE', #3518 ) ;
#4645 = CARTESIAN_POINT ( 'NONE',  ( 0.1588128510079115652, -2.500000000000000000, 2.202585129899107486 ) ) ;
#4646 = UNCERTAINTY_MEASURE_WITH_UNIT (LENGTH_MEASURE( 1.000000000000000082E-05 ), #6921, 'distance_accuracy_value', 'NONE');
#4647 = ORIENTED_EDGE ( 'NONE', *, *, #428, .F. ) ;
#4648 = CARTESIAN_POINT ( 'NONE',  ( 0.2487776942832457538, -2.499999999999999556, 2.060641429571397953 ) ) ;
#4649 = EDGE_LOOP ( 'NONE', ( #6612, #5705, #5962, #4738 ) ) ;
#4650 = PRESENTATION_LAYER_ASSIGNMENT (  '', '', ( #223 ) ) ;
#4651 = EDGE_CURVE ( 'NONE', #5480, #3954, #4703, .T. ) ;
#4652 =( NAMED_UNIT ( * ) SI_UNIT ( $, .STERADIAN. ) SOLID_ANGLE_UNIT ( ) );
#4653 = PLANE ( 'NONE',  #6067 ) ;
#4654 = LINE ( 'NONE', #2709, #512 ) ;
#4655 = CARTESIAN_POINT ( 'NONE',  ( 2.398681202074133711, -2.499999999999999112, 1.959061548128040231 ) ) ;
#4656 =( LENGTH_UNIT ( ) NAMED_UNIT ( * ) SI_UNIT ( .MILLI., .METRE. ) );
#4657 = FILL_AREA_STYLE ('',( #2786 ) ) ;
#4658 = PLANE ( 'NONE',  #5006 ) ;
#4659 = DIRECTION ( 'NONE',  ( -1.000000000000000000, 0.000000000000000000, 0.000000000000000000 ) ) ;
#4660 = FILL_AREA_STYLE_COLOUR ( '', #348 ) ;
#4661 = LINE ( 'NONE', #6452, #4489 ) ;
#4662 = FILL_AREA_STYLE ('',( #5844 ) ) ;
#4663 = STYLED_ITEM ( 'NONE', ( #3808 ), #2376 ) ;
#4664 = CARTESIAN_POINT ( 'NONE',  ( 0.2380298619440948116, -2.500000000000000888, 1.875104562333181235 ) ) ;
#4665 =( GEOMETRIC_REPRESENTATION_CONTEXT ( 3 ) GLOBAL_UNCERTAINTY_ASSIGNED_CONTEXT ( ( #7205 ) ) GLOBAL_UNIT_ASSIGNED_CONTEXT ( ( #6118, #1139, #5990 ) ) REPRESENTATION_CONTEXT ( 'NONE', 'WORKASPACE' ) );
#4666 = ORIENTED_EDGE ( 'NONE', *, *, #5714, .T. ) ;
#4667 = ORIENTED_EDGE ( 'NONE', *, *, #7429, .F. ) ;
#4668 =( NAMED_UNIT ( * ) PLANE_ANGLE_UNIT ( ) SI_UNIT ( $, .RADIAN. ) );
#4669 = EDGE_LOOP ( 'NONE', ( #2191, #6137, #7117, #6066 ) ) ;
#4670 = CARTESIAN_POINT ( 'NONE',  ( 3.901230719150643456, -0.9004951481143085301, -2.250000000000000000 ) ) ;
#4671 = CARTESIAN_POINT ( 'NONE',  ( -0.02692474626068373095, -2.399999999999999911, 1.707264957264957195 ) ) ;
#4672 = SURFACE_SIDE_STYLE ('',( #4034 ) ) ;
#4673 = ADVANCED_BREP_SHAPE_REPRESENTATION ( 'ECE ESP1010', ( #6983, #1581, #6787, #1534, #4081, #6997, #693 ), #4092 ) ;
#4674 = VERTEX_POINT ( 'NONE', #1864 ) ;
#4675 = ORIENTED_EDGE ( 'NONE', *, *, #6070, .T. ) ;
#4676 = DIRECTION ( 'NONE',  ( -0.000000000000000000, -1.000000000000000000, -0.000000000000000000 ) ) ;
#4677 = CARTESIAN_POINT ( 'NONE',  ( 4.401045837440702435, -0.1000000000000000056, 1.187158322142691791 ) ) ;
#4678 = CARTESIAN_POINT ( 'NONE',  ( 4.550784378080527048, -0.1000000000000000056, 0.8002088216562512901 ) ) ;
#4679 = SURFACE_STYLE_FILL_AREA ( #2349 ) ;
#4680 = DIRECTION ( 'NONE',  ( -1.000000000000000000, -0.000000000000000000, -0.000000000000000000 ) ) ;
#4681 = EDGE_CURVE ( 'NONE', #741, #827, #7761, .T. ) ;
#4682 = CARTESIAN_POINT ( 'NONE',  ( -1.634757397634042597, -2.500000000000000000, -3.750000000000000444 ) ) ;
#4683 = ORIENTED_EDGE ( 'NONE', *, *, #4783, .T. ) ;
#4684 =( GEOMETRIC_REPRESENTATION_CONTEXT ( 3 ) GLOBAL_UNCERTAINTY_ASSIGNED_CONTEXT ( ( #2194 ) ) GLOBAL_UNIT_ASSIGNED_CONTEXT ( ( #4299, #4339, #813 ) ) REPRESENTATION_CONTEXT ( 'NONE', 'WORKASPACE' ) );
#4685 = CARTESIAN_POINT ( 'NONE',  ( -0.008093303164247356643, -2.399999999999999467, 1.761721944755243685 ) ) ;
#4686 = FACE_OUTER_BOUND ( 'NONE', #4242, .T. ) ;
#4687 =( LENGTH_UNIT ( ) NAMED_UNIT ( * ) SI_UNIT ( .MILLI., .METRE. ) );
#4688 = DIRECTION ( 'NONE',  ( 1.000000000000000000, 0.000000000000000000, 0.000000000000000000 ) ) ;
#4689 = AXIS2_PLACEMENT_3D ( 'NONE', #7718, #1109, #3510 ) ;
#4690 = SURFACE_STYLE_FILL_AREA ( #5952 ) ;
#4691 = CARTESIAN_POINT ( 'NONE',  ( 0.2103098290598290343, -2.400000000000000355, 1.985946681356837384 ) ) ;
#4692 = CARTESIAN_POINT ( 'NONE',  ( 2.517951388888887809, -2.500000000000000000, 2.030997930021367193 ) ) ;
#4693 = CARTESIAN_POINT ( 'NONE',  ( -0.2477826824912451598, -2.500000000000000444, 2.165506433816382970 ) ) ;
#4694 = DIRECTION ( 'NONE',  ( -0.000000000000000000, 0.000000000000000000, -1.000000000000000000 ) ) ;
#4695 = FACE_OUTER_BOUND ( 'NONE', #2561, .T. ) ;
#4696 = EDGE_CURVE ( 'NONE', #1203, #2759, #2629, .T. ) ;
#4697 = VECTOR ( 'NONE', #3212, 1000.000000000000000 ) ;
#4698 = ORIENTED_EDGE ( 'NONE', *, *, #3136, .T. ) ;
#4699 = COLOUR_RGB ( '',0.1843137254901960898, 0.7568627450980391913, 1.000000000000000000 ) ;
#4700 = ORIENTED_EDGE ( 'NONE', *, *, #6363, .T. ) ;
#4701 = DIRECTION ( 'NONE',  ( -0.000000000000000000, -0.000000000000000000, 1.000000000000000000 ) ) ;
#4702 = ORIENTED_EDGE ( 'NONE', *, *, #4977, .F. ) ;
#4703 = LINE ( 'NONE', #6640, #203 ) ;
#4704 = CARTESIAN_POINT ( 'NONE',  ( 2.488145794133909572, -2.500000000000001332, 1.769305983394179993 ) ) ;
#4705 = AXIS2_PLACEMENT_3D ( 'NONE', #1331, #6891, #1297 ) ;
#4706 = CARTESIAN_POINT ( 'NONE',  ( -4.135872885735895288, -1.797251865729859954, 2.250000000000000000 ) ) ;
#4707 = CARTESIAN_POINT ( 'NONE',  ( 2.530247729700853210, -2.400000000000000355, 1.707264957264957195 ) ) ;
#4708 = VERTEX_POINT ( 'NONE', #2382 ) ;
#4709 =( NAMED_UNIT ( * ) PLANE_ANGLE_UNIT ( ) SI_UNIT ( $, .RADIAN. ) );
#4710 = ORIENTED_EDGE ( 'NONE', *, *, #3750, .F. ) ;
#4711 = UNCERTAINTY_MEASURE_WITH_UNIT (LENGTH_MEASURE( 1.000000000000000082E-05 ), #422, 'distance_accuracy_value', 'NONE');
#4712 = LINE ( 'NONE', #6972, #5348 ) ;
#4713 = STYLED_ITEM ( 'NONE', ( #4342 ), #3558 ) ;
#4714 = CARTESIAN_POINT ( 'NONE',  ( 2.451060259387555451, -2.399999999999999911, 1.793101956542050068 ) ) ;
#4715 = CARTESIAN_POINT ( 'NONE',  ( 2.477458266559828370, -2.500000000000000444, 2.054424579326923350 ) ) ;
#4716 = B_SPLINE_SURFACE_WITH_KNOTS ( 'NONE', 3, 1, ( 
 ( #2033, #2226 ),
 ( #6609, #1636 ),
 ( #4116, #5853 ),
 ( #2836, #6531 ),
 ( #5236, #5968 ),
 ( #5358, #407 ),
 ( #4635, #517 ),
 ( #6493, #7802 ),
 ( #2802, #2265 ),
 ( #2337, #4071 ),
 ( #5279, #3400 ),
 ( #1044, #7115 ),
 ( #1074, #4751 ),
 ( #5891, #3477 ),
 ( #7200, #438 ),
 ( #1669, #5927 ),
 ( #480, #2876 ),
 ( #5315, #4159 ),
 ( #2295, #4707 ) ),
 .UNSPECIFIED., .F., .F., .F.,
 ( 4, 1, 1, 1, 1, 1, 1, 1, 1, 1, 1, 1, 1, 1, 1, 1, 4 ),
 ( 2, 2 ),
 ( 0.000000000000000000, 0.06879851674524077587, 0.1351184559300882826, 0.1990010113675050041, 0.2619337007769908521, 0.3235312844431775248, 0.3854347205665492049, 0.4472155159851222694, 0.5100181032833273065, 0.5725109099917946587, 0.6333640222588500235, 0.6932167277430215657, 0.7525553881310316218, 0.8125582265741697618, 0.8732608589653620967, 0.9355427078252673834, 1.000000000000000000 ),
 ( 0.000000000000000000, 1.000000000000000000 ),
 .UNSPECIFIED. ) ;
#4717 = CARTESIAN_POINT ( 'NONE',  ( 0.1210871850759027007, -2.500000000000001332, 1.807688785981686586 ) ) ;
#4718 = VERTEX_POINT ( 'NONE', #4830 ) ;
#4719 = LINE ( 'NONE', #7163, #6144 ) ;
#4720 = ORIENTED_EDGE ( 'NONE', *, *, #2356, .F. ) ;
#4721 = ORIENTED_EDGE ( 'NONE', *, *, #5454, .T. ) ;
#4722 = VECTOR ( 'NONE', #995, 1000.000000000000000 ) ;
#4723 = CARTESIAN_POINT ( 'NONE',  ( 0.1635924186294319127, -2.400000000000000799, 1.848048434489704350 ) ) ;
#4724 = SURFACE_STYLE_USAGE ( .BOTH. , #2313 ) ;
#4725 = CARTESIAN_POINT ( 'NONE',  ( 0.03475739763404337573, -2.500000000000000000, -3.591119187505327659 ) ) ;
#4726 = SURFACE_SIDE_STYLE ('',( #6588 ) ) ;
#4727 =( NAMED_UNIT ( * ) PLANE_ANGLE_UNIT ( ) SI_UNIT ( $, .RADIAN. ) );
#4728 = FACE_OUTER_BOUND ( 'NONE', #6250, .T. ) ;
#4729 = CARTESIAN_POINT ( 'NONE',  ( 0.3000000000000003775, -1.500000000000000000, 7.268409389428597045 ) ) ;
#4730 = FILL_AREA_STYLE_COLOUR ( '', #5128 ) ;
#4731 = MECHANICAL_DESIGN_GEOMETRIC_PRESENTATION_REPRESENTATION (  '', ( #3975 ), #966 ) ;
#4732 = DIRECTION ( 'NONE',  ( 0.000000000000000000, 0.000000000000000000, -1.000000000000000000 ) ) ;
#4733 = CARTESIAN_POINT ( 'NONE',  ( 0.06731375492938847238, -2.399999999999999911, 1.778204357328972751 ) ) ;
#4734 = DIRECTION ( 'NONE',  ( 1.000000000000000000, 0.000000000000000000, 0.000000000000000000 ) ) ;
#4735 = DIRECTION ( 'NONE',  ( 0.000000000000000000, 0.000000000000000000, -1.000000000000000000 ) ) ;
#4736 =( GEOMETRIC_REPRESENTATION_CONTEXT ( 3 ) GLOBAL_UNCERTAINTY_ASSIGNED_CONTEXT ( ( #3296 ) ) GLOBAL_UNIT_ASSIGNED_CONTEXT ( ( #4055, #7354, #4430 ) ) REPRESENTATION_CONTEXT ( 'NONE', 'WORKASPACE' ) );
#4737 = UNCERTAINTY_MEASURE_WITH_UNIT (LENGTH_MEASURE( 1.000000000000000082E-05 ), #6782, 'distance_accuracy_value', 'NONE');
#4738 = ORIENTED_EDGE ( 'NONE', *, *, #3722, .T. ) ;
#4739 = STYLED_ITEM ( 'NONE', ( #431 ), #7536 ) ;
#4740 = ORIENTED_EDGE ( 'NONE', *, *, #530, .F. ) ;
#4741 = COLOUR_RGB ( '',0.1843137254901960898, 0.7568627450980391913, 1.000000000000000000 ) ;
#4742 =( LENGTH_UNIT ( ) NAMED_UNIT ( * ) SI_UNIT ( .MILLI., .METRE. ) );
#4743 = MECHANICAL_DESIGN_GEOMETRIC_PRESENTATION_REPRESENTATION (  '', ( #6170 ), #6055 ) ;
#4744 = EDGE_CURVE ( 'NONE', #4450, #2036, #4790, .T. ) ;
#4745 = CARTESIAN_POINT ( 'NONE',  ( 2.387482000334955057, -2.399999999999999911, 1.791477234395828733 ) ) ;
#4746 = CARTESIAN_POINT ( 'NONE',  ( 2.430735214541067002, -2.499999999999999112, 1.818541180706042093 ) ) ;
#4747 = CARTESIAN_POINT ( 'NONE',  ( 5.000000000000000000, -0.1000000000000000056, 0.4132593211698106228 ) ) ;
#4748 = EDGE_CURVE ( 'NONE', #167, #6099, #3993, .T. ) ;
#4749 = CARTESIAN_POINT ( 'NONE',  ( -1.634757397634042597, 0.000000000000000000, -3.750000000000000444 ) ) ;
#4750 = PRESENTATION_LAYER_ASSIGNMENT (  '', '', ( #7180 ) ) ;
#4751 = CARTESIAN_POINT ( 'NONE',  ( 2.611605895280330270, -2.400000000000000355, 1.726467682300723228 ) ) ;
#4752 = MECHANICAL_DESIGN_GEOMETRIC_PRESENTATION_REPRESENTATION (  '', ( #3487 ), #4627 ) ;
#4753 = ORIENTED_EDGE ( 'NONE', *, *, #6288, .F. ) ;
#4754 = B_SPLINE_CURVE_WITH_KNOTS ( 'NONE', 3,
 ( #4972, #3888, #779, #3291, #3202, #1960, #2700, #1527, #4535, #5126, #2078, #5633, #6347, #5088, #3926 ),
 .UNSPECIFIED., .F., .F.,
 ( 4, 1, 1, 1, 1, 1, 1, 1, 1, 1, 1, 1, 4 ),
 ( 0.000000000000000000, 0.1107941734871626949, 0.2128129326077742300, 0.3060779098917647545, 0.3906174580602137514, 0.4672327266979069971, 0.5344506183816977174, 0.5938668014988494059, 0.6448329686326043086, 0.7362206188001779728, 0.8250374016667813004, 0.9119923130965329472, 0.9999999999999998890 ),
 .UNSPECIFIED. ) ;
#4755 = PRESENTATION_STYLE_ASSIGNMENT (( #4244 ) ) ;
#4756 = VERTEX_POINT ( 'NONE', #4237 ) ;
#4757 = CARTESIAN_POINT ( 'NONE',  ( 0.000000000000000000, -2.500000000000000000, 0.000000000000000000 ) ) ;
#4758 = STYLED_ITEM ( 'NONE', ( #4128 ), #6414 ) ;
#4759 = CARTESIAN_POINT ( 'NONE',  ( 2.532685797275640027, -2.500000000000000000, 1.761538461538461497 ) ) ;
#4760 = CARTESIAN_POINT ( 'NONE',  ( -0.2577991452991453269, -2.500000000000000444, 2.152583299946581263 ) ) ;
#4761 =( GEOMETRIC_REPRESENTATION_CONTEXT ( 3 ) GLOBAL_UNCERTAINTY_ASSIGNED_CONTEXT ( ( #5283 ) ) GLOBAL_UNIT_ASSIGNED_CONTEXT ( ( #352, #2209, #4021 ) ) REPRESENTATION_CONTEXT ( 'NONE', 'WORKASPACE' ) );
#4762 =( NAMED_UNIT ( * ) PLANE_ANGLE_UNIT ( ) SI_UNIT ( $, .RADIAN. ) );
#4763 = LINE ( 'NONE', #6617, #5138 ) ;
#4764 =( LENGTH_UNIT ( ) NAMED_UNIT ( * ) SI_UNIT ( .MILLI., .METRE. ) );
#4765 = STYLED_ITEM ( 'NONE', ( #4362 ), #6787 ) ;
#4766 = DIRECTION ( 'NONE',  ( 0.000000000000000000, 0.000000000000000000, -1.000000000000000000 ) ) ;
#4767 = ORIENTED_EDGE ( 'NONE', *, *, #7876, .T. ) ;
#4768 = MECHANICAL_DESIGN_GEOMETRIC_PRESENTATION_REPRESENTATION (  '', ( #3878 ), #213 ) ;
#4769 = CARTESIAN_POINT ( 'NONE',  ( 2.839999999999999858, -1.000000000000000000, 2.250000000000000000 ) ) ;
#4770 = DIRECTION ( 'NONE',  ( 0.000000000000000000, 0.000000000000000000, 1.000000000000000000 ) ) ;
#4771 = LINE ( 'NONE', #1653, #7048 ) ;
#4772 = LINE ( 'NONE', #2933, #1000 ) ;
#4773 =( NAMED_UNIT ( * ) PLANE_ANGLE_UNIT ( ) SI_UNIT ( $, .RADIAN. ) );
#4774 = CARTESIAN_POINT ( 'NONE',  ( 2.477458266559828370, -2.400000000000001243, 2.054424579326923350 ) ) ;
#4775 = PRESENTATION_LAYER_ASSIGNMENT (  '', '', ( #3883 ) ) ;
#4776 = ADVANCED_FACE ( 'NONE', ( #6684 ), #6131, .T. ) ;
#4777 = CARTESIAN_POINT ( 'NONE',  ( 2.654876722198234340, -2.400000000000000355, 1.878944637123165284 ) ) ;
#4778 = STYLED_ITEM ( 'NONE', ( #5292 ), #1581 ) ;
#4779 = PRESENTATION_STYLE_ASSIGNMENT (( #2408 ) ) ;
#4780 =( NAMED_UNIT ( * ) SI_UNIT ( $, .STERADIAN. ) SOLID_ANGLE_UNIT ( ) );
#4781 = DIRECTION ( 'NONE',  ( -0.000000000000000000, -1.000000000000000000, -0.000000000000000000 ) ) ;
#4782 = VECTOR ( 'NONE', #6140, 1000.000000000000000 ) ;
#4783 = EDGE_CURVE ( 'NONE', #5329, #435, #2564, .T. ) ;
#4784 = VERTEX_POINT ( 'NONE', #4991 ) ;
#4785 = VERTEX_POINT ( 'NONE', #1900 ) ;
#4786 =( LENGTH_UNIT ( ) NAMED_UNIT ( * ) SI_UNIT ( .MILLI., .METRE. ) );
#4787 = FACE_OUTER_BOUND ( 'NONE', #6254, .T. ) ;
#4788 = FILL_AREA_STYLE_COLOUR ( '', #5269 ) ;
#4789 = COLOUR_RGB ( '',1.000000000000000000, 1.000000000000000000, 1.000000000000000000 ) ;
#4790 = LINE ( 'NONE', #7240, #2725 ) ;
#4791 = SURFACE_SIDE_STYLE ('',( #1190 ) ) ;
#4792 = CARTESIAN_POINT ( 'NONE',  ( 4.204293118990386269, -1.539533860053411196, -2.250000000000000000 ) ) ;
#4793 = VERTEX_POINT ( 'NONE', #6165 ) ;
#4794 = SURFACE_SIDE_STYLE ('',( #6869 ) ) ;
#4795 = EDGE_LOOP ( 'NONE', ( #4291, #2871, #3713, #5115 ) ) ;
#4796 = UNCERTAINTY_MEASURE_WITH_UNIT (LENGTH_MEASURE( 1.000000000000000082E-05 ), #7167, 'distance_accuracy_value', 'NONE');
#4797 = PLANE ( 'NONE',  #4969 ) ;
#4798 = EDGE_CURVE ( 'NONE', #4420, #5123, #3565, .T. ) ;
#4799 = CARTESIAN_POINT ( 'NONE',  ( 2.451060259387555451, -2.499999999999999556, 1.793101956542050068 ) ) ;
#4800 = FACE_OUTER_BOUND ( 'NONE', #4471, .T. ) ;
#4801 = SURFACE_SIDE_STYLE ('',( #5 ) ) ;
#4802 = SURFACE_STYLE_USAGE ( .BOTH. , #449 ) ;
#4803 = ORIENTED_EDGE ( 'NONE', *, *, #3136, .F. ) ;
#4804 = CARTESIAN_POINT ( 'NONE',  ( 0.02217601774821083629, -2.399999999999999911, 2.260450532915397215 ) ) ;
#4805 = SURFACE_SIDE_STYLE ('',( #4173 ) ) ;
#4806 = ORIENTED_EDGE ( 'NONE', *, *, #1950, .T. ) ;
#4807 = FILL_AREA_STYLE ('',( #5462 ) ) ;
#4808 = MECHANICAL_DESIGN_GEOMETRIC_PRESENTATION_REPRESENTATION (  '', ( #3287 ), #1906 ) ;
#4809 = FILL_AREA_STYLE ('',( #4087 ) ) ;
#4810 = CARTESIAN_POINT ( 'NONE',  ( 4.204293118990386269, -1.539533860053411196, -2.149999999999999911 ) ) ;
#4811 = CARTESIAN_POINT ( 'NONE',  ( 4.210176282051284247, -1.694245148114308597, -2.250000000000000000 ) ) ;
#4812 = FILL_AREA_STYLE ('',( #3502 ) ) ;
#4813 = DIRECTION ( 'NONE',  ( -0.000000000000000000, -1.000000000000000000, -0.000000000000000000 ) ) ;
#4814 = MECHANICAL_DESIGN_GEOMETRIC_PRESENTATION_REPRESENTATION (  '', ( #3794 ), #6 ) ;
#4815 = CARTESIAN_POINT ( 'NONE',  ( 2.568303769131692338, -2.400000000000000799, 1.765731198507652477 ) ) ;
#4816 = LINE ( 'NONE', #2404, #2635 ) ;
#4817 = SURFACE_SIDE_STYLE ('',( #6078 ) ) ;
#4818 = DIRECTION ( 'NONE',  ( 1.000000000000000000, 0.000000000000000000, 0.000000000000000000 ) ) ;
#4819 = MECHANICAL_DESIGN_GEOMETRIC_PRESENTATION_REPRESENTATION (  '', ( #2667 ), #6871 ) ;
#4820 = CARTESIAN_POINT ( 'NONE',  ( -0.008093303164247356643, -2.399999999999999467, 1.761721944755243685 ) ) ;
#4821 = CARTESIAN_POINT ( 'NONE',  ( -0.08012641540943449270, -2.500000000000000000, 2.259563174491508342 ) ) ;
#4822 = DIRECTION ( 'NONE',  ( 0.000000000000000000, -1.000000000000000000, 0.000000000000000000 ) ) ;
#4823 = PLANE ( 'NONE',  #186 ) ;
#4824 = UNCERTAINTY_MEASURE_WITH_UNIT (LENGTH_MEASURE( 1.000000000000000082E-05 ), #7134, 'distance_accuracy_value', 'NONE');
#4825 = ORIENTED_EDGE ( 'NONE', *, *, #1371, .T. ) ;
#4826 = ORIENTED_EDGE ( 'NONE', *, *, #3857, .T. ) ;
#4827 = CARTESIAN_POINT ( 'NONE',  ( 0.2264490086761391241, -2.499999999999999556, 1.851129613084712799 ) ) ;
#4828 = CARTESIAN_POINT ( 'NONE',  ( 1.800956594368268382, -2.299999999999999822, -1.647441418907150457 ) ) ;
#4829 = PLANE ( 'NONE',  #332 ) ;
#4830 = CARTESIAN_POINT ( 'NONE',  ( -5.000000000000000000, 0.000000000000000000, -2.250000000000000000 ) ) ;
#4831 = EDGE_CURVE ( 'NONE', #933, #4420, #3709, .T. ) ;
#4832 = CARTESIAN_POINT ( 'NONE',  ( 2.532685797275640027, -2.500000000000000000, 1.761538461538461497 ) ) ;
#4833 = CARTESIAN_POINT ( 'NONE',  ( -0.1764397973762563410, -2.500000000000000444, 2.159932548552653042 ) ) ;
#4834 = EDGE_CURVE ( 'NONE', #2276, #5076, #6835, .T. ) ;
#4835 = AXIS2_PLACEMENT_3D ( 'NONE', #3226, #7555, #231 ) ;
#4836 = ORIENTED_EDGE ( 'NONE', *, *, #6518, .F. ) ;
#4837 =( NAMED_UNIT ( * ) PLANE_ANGLE_UNIT ( ) SI_UNIT ( $, .RADIAN. ) );
#4838 = COLOUR_RGB ( '',1.000000000000000000, 1.000000000000000000, 1.000000000000000000 ) ;
#4839 = ORIENTED_EDGE ( 'NONE', *, *, #125, .T. ) ;
#4840 = PRESENTATION_STYLE_ASSIGNMENT (( #4294 ) ) ;
#4841 = CARTESIAN_POINT ( 'NONE',  ( 2.498615044066823554, -2.399999999999999911, 1.765802083820995128 ) ) ;
#4842 =( LENGTH_UNIT ( ) NAMED_UNIT ( * ) SI_UNIT ( .MILLI., .METRE. ) );
#4843 = VECTOR ( 'NONE', #2023, 1000.000000000000000 ) ;
#4844 = LINE ( 'NONE', #4931, #5199 ) ;
#4845 = CARTESIAN_POINT ( 'NONE',  ( 2.512954509395715519, -2.500000000000000444, 2.025782399106947462 ) ) ;
#4846 = EDGE_CURVE ( 'NONE', #3431, #2657, #1315, .T. ) ;
#4847 = ORIENTED_EDGE ( 'NONE', *, *, #1120, .F. ) ;
#4848 = DIRECTION ( 'NONE',  ( 0.000000000000000000, 0.000000000000000000, -1.000000000000000000 ) ) ;
#4849 = COLOUR_RGB ( '',0.1843137254901960898, 0.7568627450980391913, 1.000000000000000000 ) ;
#4850 = SURFACE_STYLE_FILL_AREA ( #7858 ) ;
#4851 = ORIENTED_EDGE ( 'NONE', *, *, #52, .F. ) ;
#4852 = CARTESIAN_POINT ( 'NONE',  ( -0.09708501953246773120, -2.499999999999999556, 1.714432213203208599 ) ) ;
#4853 = CARTESIAN_POINT ( 'NONE',  ( -0.1068092854673931696, -2.499999999999999556, 1.773653246747284751 ) ) ;
#4854 = FILL_AREA_STYLE_COLOUR ( '', #4446 ) ;
#4855 = PLANE ( 'NONE',  #3727 ) ;
#4856 = ADVANCED_FACE ( 'NONE', ( #3070 ), #762, .F. ) ;
#4857 = CARTESIAN_POINT ( 'NONE',  ( -0.1267165184313454040, -1.000000000000000000, 7.750000000000000000 ) ) ;
#4858 = EDGE_CURVE ( 'NONE', #4674, #6620, #1851, .T. ) ;
#4859 = FILL_AREA_STYLE ('',( #5297 ) ) ;
#4860 = CARTESIAN_POINT ( 'NONE',  ( -1.722883656246370299, 0.000000000000000000, -1.447028670344146617 ) ) ;
#4861 = CARTESIAN_POINT ( 'NONE',  ( 2.581135374328825449, -2.399999999999999911, 1.714001798419692024 ) ) ;
#4862 = DIRECTION ( 'NONE',  ( -0.9741522751607939457, 0.000000000000000000, -0.2258923301023050001 ) ) ;
#4863 = FILL_AREA_STYLE_COLOUR ( '', #7238 ) ;
#4864 =( NAMED_UNIT ( * ) PLANE_ANGLE_UNIT ( ) SI_UNIT ( $, .RADIAN. ) );
#4865 = SURFACE_STYLE_USAGE ( .BOTH. , #5023 ) ;
#4866 = VECTOR ( 'NONE', #7865, 1000.000000000000000 ) ;
#4867 = CARTESIAN_POINT ( 'NONE',  ( 0.03475739763404359084, -2.500000000000000000, -3.750000000000000888 ) ) ;
#4868 = CARTESIAN_POINT ( 'NONE',  ( 0.1935119189942911266, -2.400000000000000799, 1.898115078623342500 ) ) ;
#4869 = ORIENTED_EDGE ( 'NONE', *, *, #2882, .F. ) ;
#4870 =( NAMED_UNIT ( * ) PLANE_ANGLE_UNIT ( ) SI_UNIT ( $, .RADIAN. ) );
#4871 = DIRECTION ( 'NONE',  ( 0.000000000000000000, 0.000000000000000000, 1.000000000000000000 ) ) ;
#4872 = DIRECTION ( 'NONE',  ( 0.000000000000000000, 0.000000000000000000, 1.000000000000000000 ) ) ;
#4873 = ORIENTED_EDGE ( 'NONE', *, *, #4557, .F. ) ;
#4874 = ORIENTED_EDGE ( 'NONE', *, *, #4209, .T. ) ;
#4875 = CARTESIAN_POINT ( 'NONE',  ( 0.08522141336499511333, -2.500000000000000000, 1.726602717971427392 ) ) ;
#4876 = FACE_OUTER_BOUND ( 'NONE', #1916, .T. ) ;
#4877 = DIRECTION ( 'NONE',  ( 0.000000000000000000, 0.000000000000000000, -1.000000000000000000 ) ) ;
#4878 = CARTESIAN_POINT ( 'NONE',  ( 2.422330262157132985, -2.500000000000000000, 1.837561106484415729 ) ) ;
#4879 = CARTESIAN_POINT ( 'NONE',  ( -0.2098457643977127141, -2.399999999999999911, 2.128126387184484880 ) ) ;
#4880 = CARTESIAN_POINT ( 'NONE',  ( -0.1136001503114828365, -2.499999999999999556, 1.718408903032914381 ) ) ;
#4881 = MECHANICAL_DESIGN_GEOMETRIC_PRESENTATION_REPRESENTATION (  '', ( #4739 ), #3470 ) ;
#4882 = EDGE_LOOP ( 'NONE', ( #1434, #4959, #5312, #5707 ) ) ;
#4883 = ORIENTED_EDGE ( 'NONE', *, *, #979, .F. ) ;
#4884 = SURFACE_SIDE_STYLE ('',( #3118 ) ) ;
#4885 = LINE ( 'NONE', #7330, #3511 ) ;
#4886 = AXIS2_PLACEMENT_3D ( 'NONE', #1210, #2857, #4264 ) ;
#4887 = CARTESIAN_POINT ( 'NONE',  ( 4.344216997195514907, -1.236312455806616306, -2.149999999999999911 ) ) ;
#4888 =( NAMED_UNIT ( * ) PLANE_ANGLE_UNIT ( ) SI_UNIT ( $, .RADIAN. ) );
#4889 = DIRECTION ( 'NONE',  ( -0.000000000000000000, -1.000000000000000000, -0.000000000000000000 ) ) ;
#4890 = MECHANICAL_DESIGN_GEOMETRIC_PRESENTATION_REPRESENTATION (  '', ( #5391 ), #1474 ) ;
#4891 = CARTESIAN_POINT ( 'NONE',  ( 2.503356526529290083, -2.500000000000000888, 2.015764431608567442 ) ) ;
#4892 = VECTOR ( 'NONE', #808, 1000.000000000000000 ) ;
#4893 = UNCERTAINTY_MEASURE_WITH_UNIT (LENGTH_MEASURE( 1.000000000000000082E-05 ), #6235, 'distance_accuracy_value', 'NONE');
#4894 = STYLED_ITEM ( 'NONE', ( #1438 ), #6557 ) ;
#4895 = EDGE_LOOP ( 'NONE', ( #1321, #3404, #6690, #1121 ) ) ;
#4896 = STYLED_ITEM ( 'NONE', ( #7607 ), #4933 ) ;
#4897 = VECTOR ( 'NONE', #1861, 1000.000000000000000 ) ;
#4898 =( NAMED_UNIT ( * ) SI_UNIT ( $, .STERADIAN. ) SOLID_ANGLE_UNIT ( ) );
#4899 = CARTESIAN_POINT ( 'NONE',  ( 0.02217601774821083629, -2.500000000000000000, 2.260450532915397215 ) ) ;
#4900 =( NAMED_UNIT ( * ) PLANE_ANGLE_UNIT ( ) SI_UNIT ( $, .RADIAN. ) );
#4901 =( GEOMETRIC_REPRESENTATION_CONTEXT ( 3 ) GLOBAL_UNCERTAINTY_ASSIGNED_CONTEXT ( ( #633 ) ) GLOBAL_UNIT_ASSIGNED_CONTEXT ( ( #4515, #2063, #2210 ) ) REPRESENTATION_CONTEXT ( 'NONE', 'WORKASPACE' ) );
#4902 = FILL_AREA_STYLE_COLOUR ( '', #742 ) ;
#4903 = FILL_AREA_STYLE_COLOUR ( '', #327 ) ;
#4904 =( NAMED_UNIT ( * ) PLANE_ANGLE_UNIT ( ) SI_UNIT ( $, .RADIAN. ) );
#4905 = COLOUR_RGB ( '',0.8980392156862745390, 0.8980392156862745390, 0.8980392156862745390 ) ;
#4906 = LINE ( 'NONE', #1299, #2917 ) ;
#4907 = ORIENTED_EDGE ( 'NONE', *, *, #2524, .F. ) ;
#4908 = EDGE_CURVE ( 'NONE', #798, #7617, #4513, .T. ) ;
#4909 = LINE ( 'NONE', #1336, #5054 ) ;
#4910 = CARTESIAN_POINT ( 'NONE',  ( 2.647881796189349490, -2.499999999999999556, 1.843945017931539976 ) ) ;
#4911 = DIRECTION ( 'NONE',  ( 0.000000000000000000, -1.000000000000000000, 0.000000000000000000 ) ) ;
#4912 = CARTESIAN_POINT ( 'NONE',  ( 0.02298696838416585536, -2.400000000000000799, 1.765596497220667471 ) ) ;
#4913 = ORIENTED_EDGE ( 'NONE', *, *, #3601, .T. ) ;
#4914 = SURFACE_SIDE_STYLE ('',( #2447 ) ) ;
#4915 = ORIENTED_EDGE ( 'NONE', *, *, #6380, .T. ) ;
#4916 = MECHANICAL_DESIGN_GEOMETRIC_PRESENTATION_REPRESENTATION (  '', ( #617 ), #5293 ) ;
#4917 = VERTEX_POINT ( 'NONE', #5881 ) ;
#4918 = LINE ( 'NONE', #111, #204 ) ;
#4919 = CARTESIAN_POINT ( 'NONE',  ( -3.086085595711309804, -2.500000000000000000, 1.630485880782381436 ) ) ;
#4920 =( LENGTH_UNIT ( ) NAMED_UNIT ( * ) SI_UNIT ( .MILLI., .METRE. ) );
#4921 = DIRECTION ( 'NONE',  ( 0.000000000000000000, -1.000000000000000000, 0.000000000000000000 ) ) ;
#4922 = CIRCLE ( 'NONE', #490, 0.6000685097690720005 ) ;
#4923 = CARTESIAN_POINT ( 'NONE',  ( -0.06284280070091513570, -2.400000000000000355, 1.708889036659472893 ) ) ;
#4924 = ORIENTED_EDGE ( 'NONE', *, *, #3763, .T. ) ;
#4925 = ORIENTED_EDGE ( 'NONE', *, *, #7489, .T. ) ;
#4926 = CARTESIAN_POINT ( 'NONE',  ( 0.000000000000000000, -2.400000000000000355, 1.347630107884207229 ) ) ;
#4927 = AXIS2_PLACEMENT_3D ( 'NONE', #6849, #330, #5751 ) ;
#4928 = ORIENTED_EDGE ( 'NONE', *, *, #7489, .F. ) ;
#4929 = CARTESIAN_POINT ( 'NONE',  ( -0.3000000000000003775, -1.000000000000000000, 7.268409389428597045 ) ) ;
#4930 = CARTESIAN_POINT ( 'NONE',  ( 2.671366323237657880, -1.000000000000000000, 7.750000000000000000 ) ) ;
#4931 = CARTESIAN_POINT ( 'NONE',  ( 4.200000000000001954, -1.694245148114308597, -2.250000000000000000 ) ) ;
#4932 = SURFACE_STYLE_FILL_AREA ( #2501 ) ;
#4933 = ADVANCED_FACE ( 'NONE', ( #355 ), #3274, .T. ) ;
#4934 = ORIENTED_EDGE ( 'NONE', *, *, #7544, .T. ) ;
#4935 = VERTEX_POINT ( 'NONE', #7023 ) ;
#4936 = SURFACE_SIDE_STYLE ('',( #3689 ) ) ;
#4937 = CARTESIAN_POINT ( 'NONE',  ( -0.1594718177279929039, -2.400000000000000355, 2.234689664907174578 ) ) ;
#4938 = SURFACE_SIDE_STYLE ('',( #3011 ) ) ;
#4939 = LINE ( 'NONE', #6890, #2131 ) ;
#4940 = DIRECTION ( 'NONE',  ( 1.000000000000000000, -0.000000000000000000, 1.364799380695330128E-15 ) ) ;
#4941 = EDGE_CURVE ( 'NONE', #4995, #5085, #6261, .T. ) ;
#4942 = CARTESIAN_POINT ( 'NONE',  ( -0.2162459935897435848, -2.500000000000000000, 2.121100427350427253 ) ) ;
#4943 = FILL_AREA_STYLE ('',( #3699 ) ) ;
#4944 = DIRECTION ( 'NONE',  ( 1.000000000000000000, 0.000000000000000000, 0.000000000000000000 ) ) ;
#4945 = EDGE_CURVE ( 'NONE', #5917, #3201, #2104, .T. ) ;
#4946 = CARTESIAN_POINT ( 'NONE',  ( 0.1987205902430975724, -2.400000000000000355, 1.911824163414370004 ) ) ;
#4947 = PRESENTATION_STYLE_ASSIGNMENT (( #180 ) ) ;
#4948 = CARTESIAN_POINT ( 'NONE',  ( 0.000000000000000000, 0.000000000000000000, -2.250000000000000000 ) ) ;
#4949 = FACE_OUTER_BOUND ( 'NONE', #7112, .T. ) ;
#4950 = VERTEX_POINT ( 'NONE', #1545 ) ;
#4951 = CARTESIAN_POINT ( 'NONE',  ( -0.02692474626068373095, -2.500000000000000000, 1.707264957264957195 ) ) ;
#4952 = LINE ( 'NONE', #1273, #5490 ) ;
#4953 = PLANE ( 'NONE',  #5805 ) ;
#4954 = CARTESIAN_POINT ( 'NONE',  ( -2.519647435897436338, -2.500000000000000000, 1.775106837606837518 ) ) ;
#4955 = EDGE_CURVE ( 'NONE', #1858, #4365, #3946, .T. ) ;
#4956 = CARTESIAN_POINT ( 'NONE',  ( -0.1887219147797668528, -2.399999999999999911, 1.752124152421669967 ) ) ;
#4957 = AXIS2_PLACEMENT_3D ( 'NONE', #7231, #1225, #4735 ) ;
#4958 = ORIENTED_EDGE ( 'NONE', *, *, #4221, .F. ) ;
#4959 = ORIENTED_EDGE ( 'NONE', *, *, #3227, .F. ) ;
#4960 = ORIENTED_EDGE ( 'NONE', *, *, #6958, .F. ) ;
#4961 = FILL_AREA_STYLE_COLOUR ( '', #3771 ) ;
#4962 = CARTESIAN_POINT ( 'NONE',  ( -0.2477826824912451598, -2.500000000000000444, 2.165506433816382970 ) ) ;
#4963 = CARTESIAN_POINT ( 'NONE',  ( -1.800956594368268382, -2.500000000000000000, -1.647441418907150457 ) ) ;
#4964 = CARTESIAN_POINT ( 'NONE',  ( 2.417884615384614300, -2.500000000000000000, 1.868813434829059705 ) ) ;
#4965 = CARTESIAN_POINT ( 'NONE',  ( 3.592137569868829594, -1.250000000000000000, -2.149999999999999911 ) ) ;
#4966 = UNCERTAINTY_MEASURE_WITH_UNIT (LENGTH_MEASURE( 1.000000000000000082E-05 ), #6071, 'distance_accuracy_value', 'NONE');
#4967 = ORIENTED_EDGE ( 'NONE', *, *, #885, .T. ) ;
#4968 = CARTESIAN_POINT ( 'NONE',  ( 4.210176282051284247, -1.694245148114308597, -2.149999999999999911 ) ) ;
#4969 = AXIS2_PLACEMENT_3D ( 'NONE', #4757, #3483, #2880 ) ;
#4970 = ORIENTED_EDGE ( 'NONE', *, *, #1936, .F. ) ;
#4971 = MECHANICAL_DESIGN_GEOMETRIC_PRESENTATION_REPRESENTATION (  '', ( #4065 ), #537 ) ;
#4972 = CARTESIAN_POINT ( 'NONE',  ( 2.517951388888887809, -2.500000000000000000, 2.030997930021367193 ) ) ;
#4973 = ORIENTED_EDGE ( 'NONE', *, *, #6190, .F. ) ;
#4974 = PRESENTATION_STYLE_ASSIGNMENT (( #6348 ) ) ;
#4975 = DIRECTION ( 'NONE',  ( -0.9741522751607939457, -0.000000000000000000, -0.2258923301023050279 ) ) ;
#4976 = CARTESIAN_POINT ( 'NONE',  ( 2.932293049365057059E-17, -2.100000000000000089, 0.7531436111372146192 ) ) ;
#4977 = EDGE_CURVE ( 'NONE', #2027, #1320, #1066, .T. ) ;
#4978 = CARTESIAN_POINT ( 'NONE',  ( 2.589475894404736689, -2.500000000000000000, 1.773816290709922416 ) ) ;
#4979 = CARTESIAN_POINT ( 'NONE',  ( 4.200000000000001954, -1.694245148114308597, -2.149999999999999911 ) ) ;
#4980 = SURFACE_STYLE_FILL_AREA ( #2558 ) ;
#4981 = CARTESIAN_POINT ( 'NONE',  ( -0.02692474626068373095, -2.400000000000000355, 1.707264957264957195 ) ) ;
#4982 = LINE ( 'NONE', #4396, #963 ) ;
#4983 =( NAMED_UNIT ( * ) PLANE_ANGLE_UNIT ( ) SI_UNIT ( $, .RADIAN. ) );
#4984 = CARTESIAN_POINT ( 'NONE',  ( -2.540000000000000480, -2.100000000000000089, 0.7531436111372146192 ) ) ;
#4985 = UNCERTAINTY_MEASURE_WITH_UNIT (LENGTH_MEASURE( 1.000000000000000082E-05 ), #2780, 'distance_accuracy_value', 'NONE');
#4986 = VERTEX_POINT ( 'NONE', #468 ) ;
#4987 = EDGE_CURVE ( 'NONE', #1384, #1068, #1101, .T. ) ;
#4988 = PRODUCT_DEFINITION_FORMATION_WITH_SPECIFIED_SOURCE ( 'ANY', '', #5118, .NOT_KNOWN. ) ;
#4989 = CARTESIAN_POINT ( 'NONE',  ( 0.1843570907306734119, -2.500000000000000000, 2.093292361267840462 ) ) ;
#4990 = EDGE_CURVE ( 'NONE', #6734, #4995, #6632, .T. ) ;
#4991 = CARTESIAN_POINT ( 'NONE',  ( 5.000000000000000000, -0.1000000000000000056, 1.187158322142691791 ) ) ;
#4992 = SURFACE_STYLE_FILL_AREA ( #2605 ) ;
#4993 = CARTESIAN_POINT ( 'NONE',  ( 5.000000000000000000, 0.000000000000000000, 0.4132593211698106228 ) ) ;
#4994 = CARTESIAN_POINT ( 'NONE',  ( 5.000000000000000000, -2.500000000000000000, 2.250000000000000000 ) ) ;
#4995 = VERTEX_POINT ( 'NONE', #4691 ) ;
#4996 = ORIENTED_EDGE ( 'NONE', *, *, #3857, .F. ) ;
#4997 = PLANE ( 'NONE',  #1475 ) ;
#4998 = VECTOR ( 'NONE', #4318, 1000.000000000000000 ) ;
#4999 = ORIENTED_EDGE ( 'NONE', *, *, #6462, .T. ) ;
#5000 = ADVANCED_FACE ( 'NONE', ( #6552 ), #588, .F. ) ;
#5001 = ADVANCED_FACE ( 'NONE', ( #2444 ), #1809, .T. ) ;
#5002 = CARTESIAN_POINT ( 'NONE',  ( -0.2544549849167421773, -2.399999999999999911, 2.156897900133565305 ) ) ;
#5003 = SURFACE_SIDE_STYLE ('',( #735 ) ) ;
#5004 =( GEOMETRIC_REPRESENTATION_CONTEXT ( 3 ) GLOBAL_UNCERTAINTY_ASSIGNED_CONTEXT ( ( #471 ) ) GLOBAL_UNIT_ASSIGNED_CONTEXT ( ( #5646, #1380, #5024 ) ) REPRESENTATION_CONTEXT ( 'NONE', 'WORKASPACE' ) );
#5005 = SURFACE_STYLE_USAGE ( .BOTH. , #650 ) ;
#5006 = AXIS2_PLACEMENT_3D ( 'NONE', #5515, #6862, #7427 ) ;
#5007 = ORIENTED_EDGE ( 'NONE', *, *, #2975, .F. ) ;
#5008 = ORIENTED_EDGE ( 'NONE', *, *, #799, .T. ) ;
#5009 =( GEOMETRIC_REPRESENTATION_CONTEXT ( 3 ) GLOBAL_UNCERTAINTY_ASSIGNED_CONTEXT ( ( #5547 ) ) GLOBAL_UNIT_ASSIGNED_CONTEXT ( ( #4088, #5373, #4652 ) ) REPRESENTATION_CONTEXT ( 'NONE', 'WORKASPACE' ) );
#5010 = CARTESIAN_POINT ( 'NONE',  ( 2.390443867976470571, -2.400000000000001688, 1.945571570926606153 ) ) ;
#5011 = MECHANICAL_DESIGN_GEOMETRIC_PRESENTATION_REPRESENTATION (  '', ( #4507 ), #2473 ) ;
#5012 = PRESENTATION_LAYER_ASSIGNMENT (  '', '', ( #5393 ) ) ;
#5013 = PLANE ( 'NONE',  #756 ) ;
#5014 = DIRECTION ( 'NONE',  ( 1.000000000000000000, -0.000000000000000000, -0.000000000000000000 ) ) ;
#5015 = DIRECTION ( 'NONE',  ( -0.000000000000000000, -0.000000000000000000, -1.000000000000000000 ) ) ;
#5016 = SURFACE_STYLE_FILL_AREA ( #6822 ) ;
#5017 = VECTOR ( 'NONE', #288, 1000.000000000000000 ) ;
#5018 = COLOUR_RGB ( '',1.000000000000000000, 1.000000000000000000, 1.000000000000000000 ) ;
#5019 =( LENGTH_UNIT ( ) NAMED_UNIT ( * ) SI_UNIT ( .MILLI., .METRE. ) );
#5020 = PRESENTATION_STYLE_ASSIGNMENT (( #5641 ) ) ;
#5021 = DIRECTION ( 'NONE',  ( 0.000000000000000000, 0.000000000000000000, 1.000000000000000000 ) ) ;
#5022 = CARTESIAN_POINT ( 'NONE',  ( 2.532685797275640027, -2.400000000000000355, 1.761538461538461497 ) ) ;
#5023 = SURFACE_SIDE_STYLE ('',( #6779 ) ) ;
#5024 =( NAMED_UNIT ( * ) SI_UNIT ( $, .STERADIAN. ) SOLID_ANGLE_UNIT ( ) );
#5025 = PRESENTATION_STYLE_ASSIGNMENT (( #7508 ) ) ;
#5026 = SURFACE_STYLE_USAGE ( .BOTH. , #6829 ) ;
#5027 =( NAMED_UNIT ( * ) PLANE_ANGLE_UNIT ( ) SI_UNIT ( $, .RADIAN. ) );
#5028 = EDGE_CURVE ( 'NONE', #7805, #1627, #2369, .T. ) ;
#5029 = STYLED_ITEM ( 'NONE', ( #5025 ), #6983 ) ;
#5030 = ORIENTED_EDGE ( 'NONE', *, *, #3025, .T. ) ;
#5031 = CARTESIAN_POINT ( 'NONE',  ( 2.239999999999999769, -1.000000000000000000, 2.250000000000000000 ) ) ;
#5032 = DIRECTION ( 'NONE',  ( 0.000000000000000000, -1.000000000000000000, 0.000000000000000000 ) ) ;
#5033 = FILL_AREA_STYLE ('',( #1938 ) ) ;
#5034 = VECTOR ( 'NONE', #2548, 1000.000000000000000 ) ;
#5035 = CARTESIAN_POINT ( 'NONE',  ( 0.1958342463705839420, -2.400000000000000355, 1.806595101336694542 ) ) ;
#5036 = FILL_AREA_STYLE_COLOUR ( '', #1728 ) ;
#5037 = DIRECTION ( 'NONE',  ( 0.000000000000000000, 1.000000000000000000, 0.000000000000000000 ) ) ;
#5038 = VERTEX_POINT ( 'NONE', #5474 ) ;
#5039 = PRESENTATION_LAYER_ASSIGNMENT (  '', '', ( #4010 ) ) ;
#5040 = ORIENTED_EDGE ( 'NONE', *, *, #389, .F. ) ;
#5041 = DIRECTION ( 'NONE',  ( -0.000000000000000000, -0.000000000000000000, -1.000000000000000000 ) ) ;
#5042 = ORIENTED_EDGE ( 'NONE', *, *, #7866, .T. ) ;
#5043 = MECHANICAL_DESIGN_GEOMETRIC_PRESENTATION_REPRESENTATION (  '', ( #7086 ), #4013 ) ;
#5044 = CARTESIAN_POINT ( 'NONE',  ( 0.006000212079390300317, -2.500000000000000000, 2.262181624091073928 ) ) ;
#5045 = CARTESIAN_POINT ( 'NONE',  ( -0.1290673389812787841, -2.499999999999999112, 2.247408435336165855 ) ) ;
#5046 = DIRECTION ( 'NONE',  ( -1.000000000000000000, -0.000000000000000000, -0.000000000000000000 ) ) ;
#5047 = CARTESIAN_POINT ( 'NONE',  ( 4.299999999999999822, -2.500000000000000000, -0.6000685097690720005 ) ) ;
#5048 = ADVANCED_FACE ( 'NONE', ( #20 ), #7305, .F. ) ;
#5049 = EDGE_CURVE ( 'NONE', #3151, #687, #221, .T. ) ;
#5050 = ORIENTED_EDGE ( 'NONE', *, *, #7601, .T. ) ;
#5051 = SURFACE_SIDE_STYLE ('',( #208 ) ) ;
#5052 = ORIENTED_EDGE ( 'NONE', *, *, #4543, .T. ) ;
#5053 = FILL_AREA_STYLE_COLOUR ( '', #2504 ) ;
#5054 = VECTOR ( 'NONE', #4313, 1000.000000000000000 ) ;
#5055 =( LENGTH_UNIT ( ) NAMED_UNIT ( * ) SI_UNIT ( .MILLI., .METRE. ) );
#5056 = LINE ( 'NONE', #7498, #216 ) ;
#5057 = CARTESIAN_POINT ( 'NONE',  ( -5.000000000000000000, -1.797251865729859954, 2.250000000000000000 ) ) ;
#5058 = PRESENTATION_STYLE_ASSIGNMENT (( #2665 ) ) ;
#5059 = STYLED_ITEM ( 'NONE', ( #6872 ), #54 ) ;
#5060 = CARTESIAN_POINT ( 'NONE',  ( -0.02724275507478629912, -2.500000000000000000, 2.209294871794871717 ) ) ;
#5061 = FILL_AREA_STYLE_COLOUR ( '', #3506 ) ;
#5062 = DIRECTION ( 'NONE',  ( 0.000000000000000000, -0.000000000000000000, 1.000000000000000000 ) ) ;
#5063 = DIRECTION ( 'NONE',  ( -0.4285960263555427252, 0.9034962347415946837, 0.000000000000000000 ) ) ;
#5064 = CARTESIAN_POINT ( 'NONE',  ( -0.06284280070091513570, -2.400000000000000799, 1.708889036659472893 ) ) ;
#5065 = CARTESIAN_POINT ( 'NONE',  ( -5.000000000000000000, -0.1000000000000000056, 1.187158322142691791 ) ) ;
#5066 = FACE_OUTER_BOUND ( 'NONE', #2610, .T. ) ;
#5067 = DIRECTION ( 'NONE',  ( 0.000000000000000000, -0.000000000000000000, -1.000000000000000000 ) ) ;
#5068 = EDGE_LOOP ( 'NONE', ( #3181, #1546, #6161, #1186 ) ) ;
#5069 = CARTESIAN_POINT ( 'NONE',  ( 3.086085595711308915, -2.500000000000000000, 2.250000000000000000 ) ) ;
#5070 = FILL_AREA_STYLE_COLOUR ( '', #1222 ) ;
#5071 = COLOUR_RGB ( '',0.1843137254901960898, 0.7568627450980391913, 1.000000000000000000 ) ;
#5072 = CARTESIAN_POINT ( 'NONE',  ( 4.060553135016027326, -1.236312455806616306, -2.149999999999999911 ) ) ;
#5073 = CARTESIAN_POINT ( 'NONE',  ( 2.370395299145298118, -2.500000000000000000, 1.864573317307692379 ) ) ;
#5074 = ORIENTED_EDGE ( 'NONE', *, *, #2799, .F. ) ;
#5075 = STYLED_ITEM ( 'NONE', ( #1398 ), #2713 ) ;
#5076 = VERTEX_POINT ( 'NONE', #6780 ) ;
#5077 = DIRECTION ( 'NONE',  ( -0.000000000000000000, 1.000000000000000000, -0.000000000000000000 ) ) ;
#5078 = MECHANICAL_DESIGN_GEOMETRIC_PRESENTATION_REPRESENTATION (  '', ( #1914 ), #921 ) ;
#5079 = ORIENTED_EDGE ( 'NONE', *, *, #540, .T. ) ;
#5080 = EDGE_CURVE ( 'NONE', #2686, #6653, #143, .T. ) ;
#5081 = CARTESIAN_POINT ( 'NONE',  ( -0.02756076388888887077, -2.500000000000000000, 2.263568376068375798 ) ) ;
#5082 = CARTESIAN_POINT ( 'NONE',  ( -0.1876926276446750363, -2.400000000000000355, 2.218647384346349671 ) ) ;
#5083 = LINE ( 'NONE', #1996, #5612 ) ;
#5084 = VECTOR ( 'NONE', #7841, 1000.000000000000000 ) ;
#5085 = VERTEX_POINT ( 'NONE', #2632 ) ;
#5086 = FILL_AREA_STYLE_COLOUR ( '', #4849 ) ;
#5087 = ORIENTED_EDGE ( 'NONE', *, *, #4651, .F. ) ;
#5088 = CARTESIAN_POINT ( 'NONE',  ( 2.418106119990975689, -2.500000000000000000, 1.874555084739255806 ) ) ;
#5089 = ADVANCED_FACE ( 'NONE', ( #7394 ), #4431, .T. ) ;
#5090 = SURFACE_STYLE_USAGE ( .BOTH. , #6608 ) ;
#5091 = ORIENTED_EDGE ( 'NONE', *, *, #5635, .T. ) ;
#5092 = FILL_AREA_STYLE ('',( #5861 ) ) ;
#5093 = SURFACE_STYLE_FILL_AREA ( #2512 ) ;
#5094 = SHAPE_DEFINITION_REPRESENTATION ( #1261, #4673 ) ;
#5095 = MECHANICAL_DESIGN_GEOMETRIC_PRESENTATION_REPRESENTATION (  '', ( #3941 ), #6390 ) ;
#5096 = FILL_AREA_STYLE_COLOUR ( '', #3342 ) ;
#5097 = FILL_AREA_STYLE_COLOUR ( '', #7404 ) ;
#5098 = EDGE_CURVE ( 'NONE', #3001, #6770, #3822, .T. ) ;
#5099 = CARTESIAN_POINT ( 'NONE',  ( 2.418546479496323620, -2.400000000000001243, 1.885969701147815591 ) ) ;
#5100 = EDGE_CURVE ( 'NONE', #5582, #5108, #832, .T. ) ;
#5101 = AXIS2_PLACEMENT_3D ( 'NONE', #5111, #3874, #2568 ) ;
#5102 = DIRECTION ( 'NONE',  ( 0.4285842068721730791, -0.9035018415143105663, 0.000000000000000000 ) ) ;
#5103 =( NAMED_UNIT ( * ) PLANE_ANGLE_UNIT ( ) SI_UNIT ( $, .RADIAN. ) );
#5104 = FACE_BOUND ( 'NONE', #563, .T. ) ;
#5105 = PRESENTATION_LAYER_ASSIGNMENT (  '', '', ( #3698 ) ) ;
#5106 = CARTESIAN_POINT ( 'NONE',  ( -2.540000000000000480, -2.500000000000000000, 0.5137037129227551846 ) ) ;
#5107 = CARTESIAN_POINT ( 'NONE',  ( 0.1807016036277474536, -2.400000000000001243, 2.182355141866507697 ) ) ;
#5108 = VERTEX_POINT ( 'NONE', #1852 ) ;
#5109 = SURFACE_STYLE_USAGE ( .BOTH. , #2105 ) ;
#5110 = FILL_AREA_STYLE_COLOUR ( '', #2472 ) ;
#5111 = CARTESIAN_POINT ( 'NONE',  ( 4.210176282051284247, -1.694245148114308597, -2.250000000000000000 ) ) ;
#5112 =( NAMED_UNIT ( * ) PLANE_ANGLE_UNIT ( ) SI_UNIT ( $, .RADIAN. ) );
#5113 = ORIENTED_EDGE ( 'NONE', *, *, #5143, .T. ) ;
#5114 = PRESENTATION_LAYER_ASSIGNMENT (  '', '', ( #708 ) ) ;
#5115 = ORIENTED_EDGE ( 'NONE', *, *, #5049, .F. ) ;
#5116 = CARTESIAN_POINT ( 'NONE',  ( -0.1973012967262585959, -2.400000000000000799, 2.141897288718607406 ) ) ;
#5117 = VERTEX_POINT ( 'NONE', #6122 ) ;
#5118 = PRODUCT ( 'ECE ESP1010', 'ECE ESP1010', '', ( #3258 ) ) ;
#5119 = DIRECTION ( 'NONE',  ( 0.000000000000000000, 0.000000000000000000, 1.000000000000000000 ) ) ;
#5120 =( GEOMETRIC_REPRESENTATION_CONTEXT ( 3 ) GLOBAL_UNCERTAINTY_ASSIGNED_CONTEXT ( ( #2005 ) ) GLOBAL_UNIT_ASSIGNED_CONTEXT ( ( #1377, #3209, #749 ) ) REPRESENTATION_CONTEXT ( 'NONE', 'WORKASPACE' ) );
#5121 = FACE_OUTER_BOUND ( 'NONE', #7245, .T. ) ;
#5122 = EDGE_CURVE ( 'NONE', #1090, #5123, #1889, .T. ) ;
#5123 = VERTEX_POINT ( 'NONE', #1305 ) ;
#5124 =( GEOMETRIC_REPRESENTATION_CONTEXT ( 3 ) GLOBAL_UNCERTAINTY_ASSIGNED_CONTEXT ( ( #5730 ) ) GLOBAL_UNIT_ASSIGNED_CONTEXT ( ( #1224, #4870, #670 ) ) REPRESENTATION_CONTEXT ( 'NONE', 'WORKASPACE' ) );
#5125 = VERTEX_POINT ( 'NONE', #3700 ) ;
#5126 = CARTESIAN_POINT ( 'NONE',  ( 2.435095860050272343, -2.500000000000000444, 1.932712522558078572 ) ) ;
#5127 = CARTESIAN_POINT ( 'NONE',  ( 2.239999999999999769, -1.500000000000000000, 2.250000000000000000 ) ) ;
#5128 = COLOUR_RGB ( '',0.1843137254901960898, 0.7568627450980391913, 1.000000000000000000 ) ;
#5129 = SURFACE_STYLE_USAGE ( .BOTH. , #3205 ) ;
#5130 = UNCERTAINTY_MEASURE_WITH_UNIT (LENGTH_MEASURE( 1.000000000000000082E-05 ), #789, 'distance_accuracy_value', 'NONE');
#5131 = CARTESIAN_POINT ( 'NONE',  ( 2.239999999999999769, -1.500000000000000000, 7.281332158035497493 ) ) ;
#5132 = STYLED_ITEM ( 'NONE', ( #3194 ), #945 ) ;
#5133 = DIRECTION ( 'NONE',  ( -1.000000000000000000, 0.000000000000000000, 0.000000000000000000 ) ) ;
#5134 = DIRECTION ( 'NONE',  ( 0.000000000000000000, 0.000000000000000000, -1.000000000000000000 ) ) ;
#5135 = CARTESIAN_POINT ( 'NONE',  ( -4.135872885735895288, -1.797251865729859954, 2.250000000000000000 ) ) ;
#5136 = AXIS2_PLACEMENT_3D ( 'NONE', #2511, #4940, #6740 ) ;
#5137 = SURFACE_SIDE_STYLE ('',( #4607 ) ) ;
#5138 = VECTOR ( 'NONE', #1793, 1000.000000000000000 ) ;
#5139 = PRESENTATION_STYLE_ASSIGNMENT (( #4505 ) ) ;
#5140 = STYLED_ITEM ( 'NONE', ( #2453 ), #4776 ) ;
#5141 = CARTESIAN_POINT ( 'NONE',  ( 4.576522435897437902, -0.9004951481143085301, -2.149999999999999911 ) ) ;
#5142 = STYLED_ITEM ( 'NONE', ( #6870 ), #1201 ) ;
#5143 = EDGE_CURVE ( 'NONE', #2885, #5125, #6061, .T. ) ;
#5144 = ADVANCED_FACE ( 'NONE', ( #342 ), #2136, .T. ) ;
#5145 =( GEOMETRIC_REPRESENTATION_CONTEXT ( 3 ) GLOBAL_UNCERTAINTY_ASSIGNED_CONTEXT ( ( #7794 ) ) GLOBAL_UNIT_ASSIGNED_CONTEXT ( ( #3929, #3330, #6019 ) ) REPRESENTATION_CONTEXT ( 'NONE', 'WORKASPACE' ) );
#5146 = LINE ( 'NONE', #386, #1167 ) ;
#5147 = PRESENTATION_LAYER_ASSIGNMENT (  '', '', ( #724 ) ) ;
#5148 = FACE_OUTER_BOUND ( 'NONE', #7522, .T. ) ;
#5149 = COLOUR_RGB ( '',0.1843137254901960898, 0.7568627450980391913, 1.000000000000000000 ) ;
#5150 = CARTESIAN_POINT ( 'NONE',  ( -0.2073931961804744706, -2.399999999999998579, 1.839182537864383571 ) ) ;
#5151 = FILL_AREA_STYLE ('',( #304 ) ) ;
#5152 =( LENGTH_UNIT ( ) NAMED_UNIT ( * ) SI_UNIT ( .MILLI., .METRE. ) );
#5153 = FACE_OUTER_BOUND ( 'NONE', #895, .T. ) ;
#5154 = B_SPLINE_CURVE_WITH_KNOTS ( 'NONE', 3,
 ( #5464, #3499, #2889, #6656, #6069, #5372, #2395, #7258, #5334, #4134, #4853, #534, #7294, #1837, #655 ),
 .UNSPECIFIED., .F., .F.,
 ( 4, 1, 1, 1, 1, 1, 1, 1, 1, 1, 1, 1, 4 ),
 ( 0.000000000000000000, 0.06315763001745222649, 0.1254637582343947622, 0.1871045428727539650, 0.2482722171931065203, 0.3092672907402138072, 0.3700815693601423040, 0.4311994313023794767, 0.4926765658671882209, 0.6161821766213947393, 0.7408667954466647831, 0.8681943967256270378, 1.000000000000000000 ),
 .UNSPECIFIED. ) ;
#5155 = LINE ( 'NONE', #5072, #6141 ) ;
#5156 = VERTEX_POINT ( 'NONE', #3972 ) ;
#5157 = ORIENTED_EDGE ( 'NONE', *, *, #4521, .T. ) ;
#5158 =( NAMED_UNIT ( * ) PLANE_ANGLE_UNIT ( ) SI_UNIT ( $, .RADIAN. ) );
#5159 = AXIS2_PLACEMENT_3D ( 'NONE', #7477, #803, #3872 ) ;
#5160 = ORIENTED_EDGE ( 'NONE', *, *, #4834, .T. ) ;
#5161 = DIRECTION ( 'NONE',  ( 0.000000000000000000, -0.000000000000000000, 1.000000000000000000 ) ) ;
#5162 = CARTESIAN_POINT ( 'NONE',  ( -0.2999999999999999334, -1.000000000000000000, 2.250000000000000000 ) ) ;
#5163 = VECTOR ( 'NONE', #4975, 1000.000000000000114 ) ;
#5164 = ORIENTED_EDGE ( 'NONE', *, *, #5143, .F. ) ;
#5165 = LINE ( 'NONE', #4073, #2182 ) ;
#5166 = VERTEX_POINT ( 'NONE', #6977 ) ;
#5167 = STYLED_ITEM ( 'NONE', ( #619 ), #1847 ) ;
#5168 = EDGE_LOOP ( 'NONE', ( #5942, #2181, #26, #6496, #344, #1040, #3241, #5438 ) ) ;
#5169 = CARTESIAN_POINT ( 'NONE',  ( 2.462619233819913322, -2.399999999999999911, 2.038514768414101841 ) ) ;
#5170 = EDGE_CURVE ( 'NONE', #5359, #3706, #4466, .T. ) ;
#5171 = SURFACE_SIDE_STYLE ('',( #1603 ) ) ;
#5172 =( LENGTH_UNIT ( ) NAMED_UNIT ( * ) SI_UNIT ( .MILLI., .METRE. ) );
#5173 =( GEOMETRIC_REPRESENTATION_CONTEXT ( 3 ) GLOBAL_UNCERTAINTY_ASSIGNED_CONTEXT ( ( #5875 ) ) GLOBAL_UNIT_ASSIGNED_CONTEXT ( ( #5824, #2160, #5933 ) ) REPRESENTATION_CONTEXT ( 'NONE', 'WORKASPACE' ) );
#5174 =( NAMED_UNIT ( * ) PLANE_ANGLE_UNIT ( ) SI_UNIT ( $, .RADIAN. ) );
#5175 = EDGE_CURVE ( 'NONE', #7283, #328, #2895, .T. ) ;
#5176 = CARTESIAN_POINT ( 'NONE',  ( 3.901230719150643456, -0.9004951481143085301, -2.250000000000000000 ) ) ;
#5177 = FILL_AREA_STYLE ('',( #3338 ) ) ;
#5178 =( NAMED_UNIT ( * ) PLANE_ANGLE_UNIT ( ) SI_UNIT ( $, .RADIAN. ) );
#5179 = DIRECTION ( 'NONE',  ( -0.000000000000000000, -1.000000000000000000, -0.000000000000000000 ) ) ;
#5180 = DIRECTION ( 'NONE',  ( -0.000000000000000000, -1.000000000000000000, -0.000000000000000000 ) ) ;
#5181 = CARTESIAN_POINT ( 'NONE',  ( 2.472393491241448693, -2.500000000000000444, 2.048994332016086162 ) ) ;
#5182 = PLANE ( 'NONE',  #4835 ) ;
#5183 = CARTESIAN_POINT ( 'NONE',  ( 2.381187777080554735, -2.500000000000000000, 1.805063990170788113 ) ) ;
#5184 = DIRECTION ( 'NONE',  ( 0.000000000000000000, 0.000000000000000000, 1.000000000000000000 ) ) ;
#5185 = DIRECTION ( 'NONE',  ( 0.000000000000000000, 0.000000000000000000, 1.000000000000000000 ) ) ;
#5186 = CARTESIAN_POINT ( 'NONE',  ( 0.2097431669871131499, -2.400000000000000799, 2.009123499099085386 ) ) ;
#5187 = DIRECTION ( 'NONE',  ( 1.000000000000000000, 0.000000000000000000, -0.000000000000000000 ) ) ;
#5188 = FILL_AREA_STYLE_COLOUR ( '', #3715 ) ;
#5189 = SURFACE_STYLE_FILL_AREA ( #2866 ) ;
#5190 = CARTESIAN_POINT ( 'NONE',  ( 0.2124294492257645106, -2.500000000000000444, 1.828286908842917446 ) ) ;
#5191 = EDGE_LOOP ( 'NONE', ( #5402, #610, #6884, #5713 ) ) ;
#5192 = EDGE_LOOP ( 'NONE', ( #1990, #4873, #5404, #2485 ) ) ;
#5193 = CARTESIAN_POINT ( 'NONE',  ( -1.993914404288691378, -2.400000000000000355, 1.630485880782381436 ) ) ;
#5194 = AXIS2_PLACEMENT_3D ( 'NONE', #2781, #5252, #2206 ) ;
#5195 = ORIENTED_EDGE ( 'NONE', *, *, #6751, .F. ) ;
#5196 = ADVANCED_FACE ( 'NONE', ( #1573 ), #5765, .F. ) ;
#5197 = DIRECTION ( 'NONE',  ( 0.000000000000000000, 1.000000000000000000, 0.000000000000000000 ) ) ;
#5198 = PRESENTATION_STYLE_ASSIGNMENT (( #5276 ) ) ;
#5199 = VECTOR ( 'NONE', #5412, 1000.000000000000000 ) ;
#5200 = VERTEX_POINT ( 'NONE', #3415 ) ;
#5201 = SURFACE_STYLE_USAGE ( .BOTH. , #5281 ) ;
#5202 = ORIENTED_EDGE ( 'NONE', *, *, #7244, .T. ) ;
#5203 = LINE ( 'NONE', #7158, #6085 ) ;
#5204 = CARTESIAN_POINT ( 'NONE',  ( 0.1873499515952978811, -2.499999999999999556, 1.884829937444385095 ) ) ;
#5205 = CARTESIAN_POINT ( 'NONE',  ( 4.135872885735895288, -1.797251865729859954, 2.750000000000000000 ) ) ;
#5206 = PRESENTATION_LAYER_ASSIGNMENT (  '', '', ( #266 ) ) ;
#5207 = CARTESIAN_POINT ( 'NONE',  ( 0.2414746200812157850, -2.500000000000000444, 2.084860304494573047 ) ) ;
#5208 = LINE ( 'NONE', #3534, #7615 ) ;
#5209 =( LENGTH_UNIT ( ) NAMED_UNIT ( * ) SI_UNIT ( .MILLI., .METRE. ) );
#5210 = CARTESIAN_POINT ( 'NONE',  ( 2.517951388888887809, -2.400000000000000355, 2.030997930021367193 ) ) ;
#5211 = VECTOR ( 'NONE', #2049, 1000.000000000000000 ) ;
#5212 =( LENGTH_UNIT ( ) NAMED_UNIT ( * ) SI_UNIT ( .MILLI., .METRE. ) );
#5213 = DIRECTION ( 'NONE',  ( -0.000000000000000000, -1.000000000000000000, -0.000000000000000000 ) ) ;
#5214 = FILL_AREA_STYLE ('',( #2139 ) ) ;
#5215 = DIRECTION ( 'NONE',  ( -0.000000000000000000, -1.000000000000000000, -0.000000000000000000 ) ) ;
#5216 = UNCERTAINTY_MEASURE_WITH_UNIT (LENGTH_MEASURE( 1.000000000000000082E-05 ), #5727, 'distance_accuracy_value', 'NONE');
#5217 = EDGE_CURVE ( 'NONE', #129, #4206, #2932, .T. ) ;
#5218 = CARTESIAN_POINT ( 'NONE',  ( 4.807862430131171649, -1.250000000000000000, -2.149999999999999911 ) ) ;
#5219 = UNCERTAINTY_MEASURE_WITH_UNIT (LENGTH_MEASURE( 1.000000000000000082E-05 ), #4259, 'distance_accuracy_value', 'NONE');
#5220 = CIRCLE ( 'NONE', #3439, 0.6685684054278679955 ) ;
#5221 = CARTESIAN_POINT ( 'NONE',  ( 4.060553135016027326, -1.236312455806616306, -2.250000000000000000 ) ) ;
#5222 = VERTEX_POINT ( 'NONE', #3500 ) ;
#5223 = PRESENTATION_STYLE_ASSIGNMENT (( #4057 ) ) ;
#5224 = FILL_AREA_STYLE_COLOUR ( '', #6178 ) ;
#5225 = DIRECTION ( 'NONE',  ( -0.000000000000000000, 1.000000000000000000, -0.000000000000000000 ) ) ;
#5226 = UNCERTAINTY_MEASURE_WITH_UNIT (LENGTH_MEASURE( 1.000000000000000082E-05 ), #2901, 'distance_accuracy_value', 'NONE');
#5227 =( GEOMETRIC_REPRESENTATION_CONTEXT ( 3 ) GLOBAL_UNCERTAINTY_ASSIGNED_CONTEXT ( ( #2666 ) ) GLOBAL_UNIT_ASSIGNED_CONTEXT ( ( #2431, #4255, #4303 ) ) REPRESENTATION_CONTEXT ( 'NONE', 'WORKASPACE' ) );
#5228 = VERTEX_POINT ( 'NONE', #1720 ) ;
#5229 = EDGE_CURVE ( 'NONE', #1584, #6404, #2891, .T. ) ;
#5230 = ORIENTED_EDGE ( 'NONE', *, *, #893, .T. ) ;
#5231 = CARTESIAN_POINT ( 'NONE',  ( -5.000000000000000000, 0.000000000000000000, -2.250000000000000000 ) ) ;
#5232 = VERTEX_POINT ( 'NONE', #2360 ) ;
#5233 = STYLED_ITEM ( 'NONE', ( #442 ), #3629 ) ;
#5234 = FACE_OUTER_BOUND ( 'NONE', #7110, .T. ) ;
#5235 = CARTESIAN_POINT ( 'NONE',  ( 1.800956594368268382, -0.2000000000000000111, -1.647441418907150457 ) ) ;
#5236 = CARTESIAN_POINT ( 'NONE',  ( 2.694985379901633671, -2.499999999999999556, 1.829694217808513379 ) ) ;
#5237 = ORIENTED_EDGE ( 'NONE', *, *, #3374, .T. ) ;
#5238 = EDGE_CURVE ( 'NONE', #1959, #3278, #4771, .T. ) ;
#5239 = FACE_OUTER_BOUND ( 'NONE', #2058, .T. ) ;
#5240 = ORIENTED_EDGE ( 'NONE', *, *, #7546, .F. ) ;
#5241 = EDGE_CURVE ( 'NONE', #6404, #3768, #1173, .T. ) ;
#5242 = CARTESIAN_POINT ( 'NONE',  ( 0.1257995984109852305, -2.500000000000000888, 2.160555078871469803 ) ) ;
#5243 = PRESENTATION_STYLE_ASSIGNMENT (( #7694 ) ) ;
#5244 = CARTESIAN_POINT ( 'NONE',  ( 0.000000000000000000, -0.2000000000000000111, 0.000000000000000000 ) ) ;
#5245 = LINE ( 'NONE', #2704, #722 ) ;
#5246 = ORIENTED_EDGE ( 'NONE', *, *, #7207, .F. ) ;
#5247 = DIRECTION ( 'NONE',  ( 0.000000000000000000, -1.000000000000000000, 0.000000000000000000 ) ) ;
#5248 = DIRECTION ( 'NONE',  ( -1.000000000000000000, 0.000000000000000000, 0.000000000000000000 ) ) ;
#5249 =( GEOMETRIC_REPRESENTATION_CONTEXT ( 3 ) GLOBAL_UNCERTAINTY_ASSIGNED_CONTEXT ( ( #3145 ) ) GLOBAL_UNIT_ASSIGNED_CONTEXT ( ( #5690, #1931, #7395 ) ) REPRESENTATION_CONTEXT ( 'NONE', 'WORKASPACE' ) );
#5250 =( NAMED_UNIT ( * ) PLANE_ANGLE_UNIT ( ) SI_UNIT ( $, .RADIAN. ) );
#5251 = SURFACE_STYLE_FILL_AREA ( #2397 ) ;
#5252 = DIRECTION ( 'NONE',  ( -1.000000000000000000, 0.000000000000000000, 0.000000000000000000 ) ) ;
#5253 = FILL_AREA_STYLE ('',( #5871 ) ) ;
#5254 = PRESENTATION_LAYER_ASSIGNMENT (  '', '', ( #2240 ) ) ;
#5255 = PRESENTATION_LAYER_ASSIGNMENT (  '', '', ( #7695 ) ) ;
#5256 = LINE ( 'NONE', #1576, #3270 ) ;
#5257 = PLANE ( 'NONE',  #1989 ) ;
#5258 = MECHANICAL_DESIGN_GEOMETRIC_PRESENTATION_REPRESENTATION (  '', ( #578 ), #5009 ) ;
#5259 = AXIS2_PLACEMENT_3D ( 'NONE', #2962, #4, #2920 ) ;
#5260 = SURFACE_STYLE_FILL_AREA ( #3310 ) ;
#5261 = VECTOR ( 'NONE', #1585, 1000.000000000000114 ) ;
#5262 = EDGE_CURVE ( 'NONE', #2113, #2727, #4178, .T. ) ;
#5263 = CARTESIAN_POINT ( 'NONE',  ( 2.468598399148477451, -2.400000000000000355, 1.779221475812797548 ) ) ;
#5264 = SURFACE_STYLE_USAGE ( .BOTH. , #6520 ) ;
#5265 = CARTESIAN_POINT ( 'NONE',  ( 0.2264490086761391241, -2.499999999999999556, 1.851129613084712799 ) ) ;
#5266 =( GEOMETRIC_REPRESENTATION_CONTEXT ( 3 ) GLOBAL_UNCERTAINTY_ASSIGNED_CONTEXT ( ( #3630 ) ) GLOBAL_UNIT_ASSIGNED_CONTEXT ( ( #814, #1913, #4484 ) ) REPRESENTATION_CONTEXT ( 'NONE', 'WORKASPACE' ) );
#5267 = ORIENTED_EDGE ( 'NONE', *, *, #2328, .F. ) ;
#5268 = PRESENTATION_LAYER_ASSIGNMENT (  '', '', ( #859 ) ) ;
#5269 = COLOUR_RGB ( '',0.1843137254901960898, 0.7568627450980391913, 1.000000000000000000 ) ;
#5270 = ORIENTED_EDGE ( 'NONE', *, *, #125, .F. ) ;
#5271 = SURFACE_SIDE_STYLE ('',( #434 ) ) ;
#5272 = EDGE_LOOP ( 'NONE', ( #2915, #2069, #2483, #7836 ) ) ;
#5273 = MECHANICAL_DESIGN_GEOMETRIC_PRESENTATION_REPRESENTATION (  '', ( #7711 ), #5921 ) ;
#5274 = PLANE ( 'NONE',  #6441 ) ;
#5275 = ADVANCED_FACE ( 'NONE', ( #4686 ), #1797, .F. ) ;
#5276 = SURFACE_STYLE_USAGE ( .BOTH. , #1042 ) ;
#5277 = EDGE_CURVE ( 'NONE', #1476, #3278, #621, .T. ) ;
#5278 = COLOUR_RGB ( '',1.000000000000000000, 1.000000000000000000, 1.000000000000000000 ) ;
#5279 = CARTESIAN_POINT ( 'NONE',  ( 2.639201743375348297, -2.500000000000000000, 1.745092423709590390 ) ) ;
#5280 = ORIENTED_EDGE ( 'NONE', *, *, #4798, .T. ) ;
#5281 = SURFACE_SIDE_STYLE ('',( #2840 ) ) ;
#5282 = VERTEX_POINT ( 'NONE', #7131 ) ;
#5283 = UNCERTAINTY_MEASURE_WITH_UNIT (LENGTH_MEASURE( 1.000000000000000082E-05 ), #352, 'distance_accuracy_value', 'NONE');
#5284 = CARTESIAN_POINT ( 'NONE',  ( 0.04477143453100806275, -2.500000000000000000, 2.200695912739562665 ) ) ;
#5285 = ADVANCED_FACE ( 'NONE', ( #1761 ), #2315, .T. ) ;
#5286 = CARTESIAN_POINT ( 'NONE',  ( -0.01865246773709242079, -2.500000000000000000, 1.761599812408703780 ) ) ;
#5287 =( GEOMETRIC_REPRESENTATION_CONTEXT ( 3 ) GLOBAL_UNCERTAINTY_ASSIGNED_CONTEXT ( ( #3409 ) ) GLOBAL_UNIT_ASSIGNED_CONTEXT ( ( #5420, #7815, #5375 ) ) REPRESENTATION_CONTEXT ( 'NONE', 'WORKASPACE' ) );
#5288 = DIRECTION ( 'NONE',  ( 0.000000000000000000, -1.000000000000000000, 0.000000000000000000 ) ) ;
#5289 = CARTESIAN_POINT ( 'NONE',  ( -5.000000000000000000, -0.1000000000000000056, 0.4132593211698106228 ) ) ;
#5290 = CARTESIAN_POINT ( 'NONE',  ( 0.2576058371515521084, -2.399999999999999911, 1.991398331573822844 ) ) ;
#5291 = CARTESIAN_POINT ( 'NONE',  ( 0.1802440542939502954, -2.400000000000000355, 1.872019492588000711 ) ) ;
#5292 = PRESENTATION_STYLE_ASSIGNMENT (( #4724 ) ) ;
#5293 =( GEOMETRIC_REPRESENTATION_CONTEXT ( 3 ) GLOBAL_UNCERTAINTY_ASSIGNED_CONTEXT ( ( #7064 ) ) GLOBAL_UNIT_ASSIGNED_CONTEXT ( ( #2630, #5642, #291 ) ) REPRESENTATION_CONTEXT ( 'NONE', 'WORKASPACE' ) );
#5294 = SURFACE_STYLE_FILL_AREA ( #3536 ) ;
#5295 = ADVANCED_FACE ( 'NONE', ( #2546 ), #4855, .F. ) ;
#5296 =( NAMED_UNIT ( * ) SI_UNIT ( $, .STERADIAN. ) SOLID_ANGLE_UNIT ( ) );
#5297 = FILL_AREA_STYLE_COLOUR ( '', #7817 ) ;
#5298 = CARTESIAN_POINT ( 'NONE',  ( -5.000000000000000000, -0.1000000000000000056, 1.187158322142691791 ) ) ;
#5299 = SURFACE_STYLE_USAGE ( .BOTH. , #6511 ) ;
#5300 = MECHANICAL_DESIGN_GEOMETRIC_PRESENTATION_REPRESENTATION (  '', ( #5436 ), #5173 ) ;
#5301 = CARTESIAN_POINT ( 'NONE',  ( -4.299999999999999822, -2.366666666666666696, -0.6000685097690720005 ) ) ;
#5302 = CARTESIAN_POINT ( 'NONE',  ( -0.1068092854673931696, -2.499999999999999556, 1.773653246747284751 ) ) ;
#5303 = FACE_OUTER_BOUND ( 'NONE', #3876, .T. ) ;
#5304 = SURFACE_SIDE_STYLE ('',( #5911 ) ) ;
#5305 =( NAMED_UNIT ( * ) PLANE_ANGLE_UNIT ( ) SI_UNIT ( $, .RADIAN. ) );
#5306 = CARTESIAN_POINT ( 'NONE',  ( 2.239999999999999769, -1.000000000000000000, 7.281332158035497493 ) ) ;
#5307 =( GEOMETRIC_REPRESENTATION_CONTEXT ( 3 ) GLOBAL_UNCERTAINTY_ASSIGNED_CONTEXT ( ( #290 ) ) GLOBAL_UNIT_ASSIGNED_CONTEXT ( ( #6889, #781, #868 ) ) REPRESENTATION_CONTEXT ( 'NONE', 'WORKASPACE' ) );
#5308 = CARTESIAN_POINT ( 'NONE',  ( 0.2124294492257645106, -2.400000000000000799, 1.828286908842917446 ) ) ;
#5309 = EDGE_LOOP ( 'NONE', ( #7471, #769, #6760, #4375 ) ) ;
#5310 = EDGE_LOOP ( 'NONE', ( #2371, #362, #4628, #5481 ) ) ;
#5311 = CARTESIAN_POINT ( 'NONE',  ( 0.000000000000000000, -1.500000000000000000, 0.000000000000000000 ) ) ;
#5312 = ORIENTED_EDGE ( 'NONE', *, *, #4062, .F. ) ;
#5313 = LINE ( 'NONE', #5354, #2972 ) ;
#5314 =( LENGTH_UNIT ( ) NAMED_UNIT ( * ) SI_UNIT ( .MILLI., .METRE. ) );
#5315 = CARTESIAN_POINT ( 'NONE',  ( 2.536156168275498057, -2.500000000000000000, 1.707395359908828292 ) ) ;
#5316 = COLOUR_RGB ( '',0.8313725490196077761, 0.8313725490196077761, 0.8196078431372548767 ) ;
#5317 = ORIENTED_EDGE ( 'NONE', *, *, #571, .T. ) ;
#5318 = VERTEX_POINT ( 'NONE', #657 ) ;
#5319 = FACE_OUTER_BOUND ( 'NONE', #6973, .T. ) ;
#5320 = CARTESIAN_POINT ( 'NONE',  ( 2.436181336034762612, -2.400000000000000355, 2.008585383983133799 ) ) ;
#5321 = PLANE ( 'NONE',  #625 ) ;
#5322 = PRESENTATION_LAYER_ASSIGNMENT (  '', '', ( #3287 ) ) ;
#5323 = DIRECTION ( 'NONE',  ( 1.000000000000000000, 0.000000000000000000, 0.000000000000000000 ) ) ;
#5324 = FILL_AREA_STYLE_COLOUR ( '', #6185 ) ;
#5325 = ORIENTED_EDGE ( 'NONE', *, *, #673, .F. ) ;
#5326 = DIRECTION ( 'NONE',  ( -1.000000000000000000, 0.000000000000000000, 1.364799380695330128E-15 ) ) ;
#5327 = ADVANCED_FACE ( 'NONE', ( #744 ), #6853, .T. ) ;
#5328 = ORIENTED_EDGE ( 'NONE', *, *, #1700, .F. ) ;
#5329 = VERTEX_POINT ( 'NONE', #783 ) ;
#5330 = VECTOR ( 'NONE', #6064, 1000.000000000000000 ) ;
#5331 = EDGE_CURVE ( 'NONE', #2724, #7028, #1329, .T. ) ;
#5332 = VECTOR ( 'NONE', #1507, 1000.000000000000114 ) ;
#5333 = CARTESIAN_POINT ( 'NONE',  ( 0.2999999999999999334, -1.000000000000000000, 2.250000000000000000 ) ) ;
#5334 = CARTESIAN_POINT ( 'NONE',  ( -0.1440843178034553473, -2.500000000000001332, 1.789731571613484284 ) ) ;
#5335 = CARTESIAN_POINT ( 'NONE',  ( 5.000000000000000000, 0.000000000000000000, -2.250000000000000000 ) ) ;
#5336 = SURFACE_STYLE_FILL_AREA ( #2398 ) ;
#5337 =( NAMED_UNIT ( * ) PLANE_ANGLE_UNIT ( ) SI_UNIT ( $, .RADIAN. ) );
#5338 = DIRECTION ( 'NONE',  ( 0.000000000000000000, 0.000000000000000000, -1.000000000000000000 ) ) ;
#5339 =( GEOMETRIC_REPRESENTATION_CONTEXT ( 3 ) GLOBAL_UNCERTAINTY_ASSIGNED_CONTEXT ( ( #7554 ) ) GLOBAL_UNIT_ASSIGNED_CONTEXT ( ( #2821, #1624, #4191 ) ) REPRESENTATION_CONTEXT ( 'NONE', 'WORKASPACE' ) );
#5340 = EDGE_CURVE ( 'NONE', #827, #4378, #6704, .T. ) ;
#5341 = ADVANCED_FACE ( 'NONE', ( #3692 ), #6150, .F. ) ;
#5342 = B_SPLINE_CURVE_WITH_KNOTS ( 'NONE', 3,
 ( #5425, #4140, #3016, #7820, #4815, #7867, #7175, #7300, #3574, #7351, #4312, #1765, #1804, #4226, #6711, #2365, #3619, #4777, #581 ),
 .UNSPECIFIED., .F., .F.,
 ( 4, 1, 1, 1, 1, 1, 1, 1, 1, 1, 1, 1, 1, 1, 1, 1, 4 ),
 ( 0.000000000000000000, 0.06444201985308740943, 0.1265534866972376771, 0.1867788219416115780, 0.2459439745213410911, 0.3041103458128570081, 0.3617852793109971321, 0.4202554070674600073, 0.4799428587769953292, 0.5402862362437811372, 0.6007123566267289494, 0.6619622304358139253, 0.7244721944653063073, 0.7888813129531346835, 0.8563062910592516008, 0.9263482014292836464, 1.000000000000000000 ),
 .UNSPECIFIED. ) ;
#5343 =( NAMED_UNIT ( * ) SI_UNIT ( $, .STERADIAN. ) SOLID_ANGLE_UNIT ( ) );
#5344 = SURFACE_STYLE_FILL_AREA ( #502 ) ;
#5345 = CARTESIAN_POINT ( 'NONE',  ( 0.000000000000000000, -2.100000000000000089, 0.5137037129227551846 ) ) ;
#5346 = SURFACE_STYLE_FILL_AREA ( #3627 ) ;
#5347 = CARTESIAN_POINT ( 'NONE',  ( 0.2570982895754061470, -2.399999999999999911, 1.954098906006184189 ) ) ;
#5348 = VECTOR ( 'NONE', #4676, 1000.000000000000000 ) ;
#5349 = ORIENTED_EDGE ( 'NONE', *, *, #786, .T. ) ;
#5350 = VECTOR ( 'NONE', #7804, 1000.000000000000000 ) ;
#5351 = ORIENTED_EDGE ( 'NONE', *, *, #901, .F. ) ;
#5352 = SURFACE_STYLE_USAGE ( .BOTH. , #2907 ) ;
#5353 = FACE_OUTER_BOUND ( 'NONE', #7566, .T. ) ;
#5354 = CARTESIAN_POINT ( 'NONE',  ( 1.800956594368268382, -2.299999999999999822, -1.225342217102087350 ) ) ;
#5355 = CARTESIAN_POINT ( 'NONE',  ( 2.419853215759774301, -2.500000000000000444, 1.847658442667884815 ) ) ;
#5356 = PRESENTATION_LAYER_ASSIGNMENT (  '', '', ( #941 ) ) ;
#5357 = LINE ( 'NONE', #4114, #5699 ) ;
#5358 = CARTESIAN_POINT ( 'NONE',  ( 2.689216523159615235, -2.500000000000000444, 1.813391086287052145 ) ) ;
#5359 = VERTEX_POINT ( 'NONE', #4567 ) ;
#5360 = FACE_OUTER_BOUND ( 'NONE', #1479, .T. ) ;
#5361 = ORIENTED_EDGE ( 'NONE', *, *, #389, .T. ) ;
#5362 = FILL_AREA_STYLE ('',( #1533 ) ) ;
#5363 =( GEOMETRIC_REPRESENTATION_CONTEXT ( 3 ) GLOBAL_UNCERTAINTY_ASSIGNED_CONTEXT ( ( #1712 ) ) GLOBAL_UNIT_ASSIGNED_CONTEXT ( ( #8, #3048, #6021 ) ) REPRESENTATION_CONTEXT ( 'NONE', 'WORKASPACE' ) );
#5364 = CARTESIAN_POINT ( 'NONE',  ( 2.419853215759774301, -2.500000000000000444, 1.847658442667884815 ) ) ;
#5365 = LINE ( 'NONE', #5540, #2717 ) ;
#5366 =( NAMED_UNIT ( * ) SI_UNIT ( $, .STERADIAN. ) SOLID_ANGLE_UNIT ( ) );
#5367 = CARTESIAN_POINT ( 'NONE',  ( 0.03475739763404337573, 0.000000000000000000, -3.591119187505327659 ) ) ;
#5368 = ADVANCED_FACE ( 'NONE', ( #334 ), #7496, .F. ) ;
#5369 = CARTESIAN_POINT ( 'NONE',  ( -2.540000000000000480, -2.500000000000000000, 0.2742638147082958611 ) ) ;
#5370 = ORIENTED_EDGE ( 'NONE', *, *, #3276, .T. ) ;
#5371 = LINE ( 'NONE', #5333, #3120 ) ;
#5372 = CARTESIAN_POINT ( 'NONE',  ( -0.1777829642168598234, -2.500000000000000000, 1.811433482379124271 ) ) ;
#5373 =( NAMED_UNIT ( * ) PLANE_ANGLE_UNIT ( ) SI_UNIT ( $, .RADIAN. ) );
#5374 = ADVANCED_FACE ( 'NONE', ( #2127 ), #2080, .T. ) ;
#5375 =( NAMED_UNIT ( * ) SI_UNIT ( $, .STERADIAN. ) SOLID_ANGLE_UNIT ( ) );
#5376 = CARTESIAN_POINT ( 'NONE',  ( 3.901230719150643456, -0.9004951481143085301, -2.250000000000000000 ) ) ;
#5377 =( NAMED_UNIT ( * ) PLANE_ANGLE_UNIT ( ) SI_UNIT ( $, .RADIAN. ) );
#5378 = CARTESIAN_POINT ( 'NONE',  ( 2.547773634733388803, -2.399999999999999911, 1.707651764087707358 ) ) ;
#5379 = CARTESIAN_POINT ( 'NONE',  ( 2.417884615384614300, -2.500000000000000000, 1.868813434829059705 ) ) ;
#5380 = DIRECTION ( 'NONE',  ( -0.6837766319733927789, 0.000000000000000000, -0.7296913851534245765 ) ) ;
#5381 = LINE ( 'NONE', #1219, #7309 ) ;
#5382 = CARTESIAN_POINT ( 'NONE',  ( 0.1328776666525758599, -2.499999999999998668, 1.816822642486323858 ) ) ;
#5383 = AXIS2_PLACEMENT_3D ( 'NONE', #4187, #1221, #2284 ) ;
#5384 = LINE ( 'NONE', #5995, #6293 ) ;
#5385 = PRESENTATION_LAYER_ASSIGNMENT (  '', '', ( #6300 ) ) ;
#5386 =( LENGTH_UNIT ( ) NAMED_UNIT ( * ) SI_UNIT ( .MILLI., .METRE. ) );
#5387 = EDGE_CURVE ( 'NONE', #2077, #3593, #7123, .T. ) ;
#5388 = EDGE_LOOP ( 'NONE', ( #7847, #118, #4413, #37 ) ) ;
#5389 = ORIENTED_EDGE ( 'NONE', *, *, #4350, .T. ) ;
#5390 = FACE_OUTER_BOUND ( 'NONE', #598, .T. ) ;
#5391 = STYLED_ITEM ( 'NONE', ( #6806 ), #4425 ) ;
#5392 = PRESENTATION_STYLE_ASSIGNMENT (( #5352 ) ) ;
#5393 = STYLED_ITEM ( 'NONE', ( #7149 ), #1037 ) ;
#5394 = CARTESIAN_POINT ( 'NONE',  ( 4.200000000000000178, -1.250000000000000000, -2.250000000000000000 ) ) ;
#5395 = CARTESIAN_POINT ( 'NONE',  ( 2.370860558089967096, -2.400000000000000799, 1.849040712068144687 ) ) ;
#5396 = CARTESIAN_POINT ( 'NONE',  ( -5.000000000000000000, -2.500000000000000000, -2.810766349256795138 ) ) ;
#5397 =( LENGTH_UNIT ( ) NAMED_UNIT ( * ) SI_UNIT ( .MILLI., .METRE. ) );
#5398 = AXIS2_PLACEMENT_3D ( 'NONE', #6931, #6428, #985 ) ;
#5399 = VECTOR ( 'NONE', #5413, 1000.000000000000000 ) ;
#5400 = VECTOR ( 'NONE', #4145, 1000.000000000000000 ) ;
#5401 = VECTOR ( 'NONE', #1272, 1000.000000000000000 ) ;
#5402 = ORIENTED_EDGE ( 'NONE', *, *, #5777, .F. ) ;
#5403 = DIRECTION ( 'NONE',  ( 1.000000000000000000, 0.000000000000000000, 0.000000000000000000 ) ) ;
#5404 = ORIENTED_EDGE ( 'NONE', *, *, #1016, .F. ) ;
#5405 = FILL_AREA_STYLE_COLOUR ( '', #1556 ) ;
#5406 = STYLED_ITEM ( 'NONE', ( #5733 ), #6664 ) ;
#5407 = CARTESIAN_POINT ( 'NONE',  ( 2.702820512820511833, -2.400000000000000355, 1.883653846153846123 ) ) ;
#5408 =( NAMED_UNIT ( * ) SI_UNIT ( $, .STERADIAN. ) SOLID_ANGLE_UNIT ( ) );
#5409 = PRESENTATION_LAYER_ASSIGNMENT (  '', '', ( #2220 ) ) ;
#5410 = LINE ( 'NONE', #5497, #1708 ) ;
#5411 = VECTOR ( 'NONE', #2144, 1000.000000000000000 ) ;
#5412 = DIRECTION ( 'NONE',  ( 1.000000000000000000, 0.000000000000000000, 0.000000000000000000 ) ) ;
#5413 = DIRECTION ( 'NONE',  ( -0.000000000000000000, -1.000000000000000000, -0.000000000000000000 ) ) ;
#5414 = VECTOR ( 'NONE', #2565, 1000.000000000000000 ) ;
#5415 = VERTEX_POINT ( 'NONE', #7160 ) ;
#5416 = ORIENTED_EDGE ( 'NONE', *, *, #5175, .T. ) ;
#5417 = MECHANICAL_DESIGN_GEOMETRIC_PRESENTATION_REPRESENTATION (  '', ( #2982 ), #4002 ) ;
#5418 = CARTESIAN_POINT ( 'NONE',  ( -0.1314875002579593000, -2.399999999999999911, 2.246477874925407736 ) ) ;
#5419 = DIRECTION ( 'NONE',  ( 0.000000000000000000, 1.000000000000000000, 0.000000000000000000 ) ) ;
#5420 =( LENGTH_UNIT ( ) NAMED_UNIT ( * ) SI_UNIT ( .MILLI., .METRE. ) );
#5421 = CARTESIAN_POINT ( 'NONE',  ( 2.840000000000000746, -1.000000000000000000, 7.281332158035497493 ) ) ;
#5422 = CARTESIAN_POINT ( 'NONE',  ( 4.135872885735895288, -1.797251865729859954, 2.750000000000000000 ) ) ;
#5423 = CARTESIAN_POINT ( 'NONE',  ( 2.839999999999999858, -1.500000000000000000, 2.250000000000000000 ) ) ;
#5424 = STYLED_ITEM ( 'NONE', ( #3131 ), #7178 ) ;
#5425 = CARTESIAN_POINT ( 'NONE',  ( 2.532685797275640027, -2.400000000000000355, 1.761538461538461497 ) ) ;
#5426 = EDGE_CURVE ( 'NONE', #2727, #1229, #6468, .T. ) ;
#5427 = FACE_OUTER_BOUND ( 'NONE', #3452, .T. ) ;
#5428 = LINE ( 'NONE', #5991, #2026 ) ;
#5429 = SURFACE_STYLE_FILL_AREA ( #2405 ) ;
#5430 = DIRECTION ( 'NONE',  ( -0.000000000000000000, -1.000000000000000000, -0.000000000000000000 ) ) ;
#5431 = SURFACE_STYLE_FILL_AREA ( #2325 ) ;
#5432 = SURFACE_STYLE_FILL_AREA ( #591 ) ;
#5433 = CARTESIAN_POINT ( 'NONE',  ( 4.060553135016027326, -1.236312455806616306, -2.250000000000000000 ) ) ;
#5434 = FILL_AREA_STYLE_COLOUR ( '', #6034 ) ;
#5435 = B_SPLINE_CURVE_WITH_KNOTS ( 'NONE', 3,
 ( #5539, #2498, #1910, #4338, #6764, #3717, #6174, #2918, #1951, #4516, #5107, #6217, #7409 ),
 .UNSPECIFIED., .F., .F.,
 ( 4, 1, 1, 1, 1, 1, 1, 1, 1, 1, 4 ),
 ( 0.4022051177873892658, 0.4561800316591691495, 0.5169956491967200307, 0.5773959379659518998, 0.6371983435092755110, 0.6969991842614552402, 0.7567561942255600638, 0.8165539052726085156, 0.8769479965978703717, 0.9381317879205950394, 1.000000000000000000 ),
 .UNSPECIFIED. ) ;
#5436 = STYLED_ITEM ( 'NONE', ( #7626 ), #2039 ) ;
#5437 = VERTEX_POINT ( 'NONE', #5367 ) ;
#5438 = ORIENTED_EDGE ( 'NONE', *, *, #175, .F. ) ;
#5439 = CARTESIAN_POINT ( 'NONE',  ( 0.05899202505172305294, -2.499999999999999112, 1.717887426620002378 ) ) ;
#5440 = FILL_AREA_STYLE_COLOUR ( '', #4838 ) ;
#5441 = CARTESIAN_POINT ( 'NONE',  ( -4.550784378080527048, 0.000000000000000000, 0.8002088216562512901 ) ) ;
#5442 = B_SPLINE_CURVE_WITH_KNOTS ( 'NONE', 3,
 ( #4287, #7193, #1739, #6089, #6722, #1274, #6130, #3069, #6603, #5524 ),
 .UNSPECIFIED., .F., .F.,
 ( 4, 1, 1, 1, 1, 1, 1, 4 ),
 ( 0.000000000000000000, 0.06966280089907728179, 0.1377495622582729784, 0.2039167435177828280, 0.2687798623293367606, 0.3324137064772237915, 0.3947535404471397280, 0.4022051177873892658 ),
 .UNSPECIFIED. ) ;
#5443 = AXIS2_PLACEMENT_3D ( 'NONE', #3138, #140, #16 ) ;
#5444 = CARTESIAN_POINT ( 'NONE',  ( 5.000000000000000000, -2.500000000000000000, 2.250000000000000000 ) ) ;
#5445 = CARTESIAN_POINT ( 'NONE',  ( 2.417979746242397532, -2.499999999999999556, 1.865202395838984728 ) ) ;
#5446 = CARTESIAN_POINT ( 'NONE',  ( -0.1068553040214712396, -2.399999999999999911, 2.197376546325181756 ) ) ;
#5447 = CARTESIAN_POINT ( 'NONE',  ( -0.2480947366045500591, -2.399999999999999911, 1.805128116781354208 ) ) ;
#5448 = VECTOR ( 'NONE', #1029, 1000.000000000000000 ) ;
#5449 = ORIENTED_EDGE ( 'NONE', *, *, #5939, .F. ) ;
#5450 = SURFACE_SIDE_STYLE ('',( #4292 ) ) ;
#5451 = ORIENTED_EDGE ( 'NONE', *, *, #237, .T. ) ;
#5452 = LINE ( 'NONE', #6761, #2678 ) ;
#5453 =( NAMED_UNIT ( * ) SI_UNIT ( $, .STERADIAN. ) SOLID_ANGLE_UNIT ( ) );
#5454 = EDGE_CURVE ( 'NONE', #4105, #4206, #7088, .T. ) ;
#5455 = EDGE_CURVE ( 'NONE', #229, #3001, #716, .T. ) ;
#5456 = PLANE ( 'NONE',  #6433 ) ;
#5457 = CARTESIAN_POINT ( 'NONE',  ( 0.2101277519482090128, -2.500000000000000888, 1.970435845640735373 ) ) ;
#5458 = FILL_AREA_STYLE ('',( #5110 ) ) ;
#5459 = CARTESIAN_POINT ( 'NONE',  ( 0.1096313075153614730, -2.400000000000000799, 2.234472068534554268 ) ) ;
#5460 = FILL_AREA_STYLE_COLOUR ( '', #3444 ) ;
#5461 = EDGE_LOOP ( 'NONE', ( #4767, #7094, #1785, #3922 ) ) ;
#5462 = FILL_AREA_STYLE_COLOUR ( '', #7619 ) ;
#5463 =( GEOMETRIC_REPRESENTATION_CONTEXT ( 3 ) GLOBAL_UNCERTAINTY_ASSIGNED_CONTEXT ( ( #6364 ) ) GLOBAL_UNIT_ASSIGNED_CONTEXT ( ( #297, #7671, #3382 ) ) REPRESENTATION_CONTEXT ( 'NONE', 'WORKASPACE' ) );
#5464 = CARTESIAN_POINT ( 'NONE',  ( -0.2162459935897435848, -2.500000000000000000, 1.849732905982905962 ) ) ;
#5465 = CARTESIAN_POINT ( 'NONE',  ( -0.2009542183170262286, -2.399999999999999911, 2.209550182785283035 ) ) ;
#5466 = SURFACE_SIDE_STYLE ('',( #6113 ) ) ;
#5467 = CARTESIAN_POINT ( 'NONE',  ( 2.371158834268646043, -2.500000000000000444, 1.886554596089867308 ) ) ;
#5468 = VECTOR ( 'NONE', #3045, 1000.000000000000000 ) ;
#5469 = VECTOR ( 'NONE', #1542, 1000.000000000000000 ) ;
#5470 = PLANE ( 'NONE',  #4427 ) ;
#5471 = FACE_OUTER_BOUND ( 'NONE', #5272, .T. ) ;
#5472 =( NAMED_UNIT ( * ) PLANE_ANGLE_UNIT ( ) SI_UNIT ( $, .RADIAN. ) );
#5473 = FILL_AREA_STYLE_COLOUR ( '', #3862 ) ;
#5474 = CARTESIAN_POINT ( 'NONE',  ( -2.750000000000000444, 0.000000000000000000, 0.3886139668323275731 ) ) ;
#5475 = CARTESIAN_POINT ( 'NONE',  ( 0.06731375492938847238, -2.499999999999999556, 1.778204357328972751 ) ) ;
#5476 = CARTESIAN_POINT ( 'NONE',  ( -0.06302095586332606691, -2.500000000000000000, 2.261941860213927846 ) ) ;
#5477 = SURFACE_SIDE_STYLE ('',( #5346 ) ) ;
#5478 = DIRECTION ( 'NONE',  ( 0.000000000000000000, 0.000000000000000000, -1.000000000000000000 ) ) ;
#5479 = UNCERTAINTY_MEASURE_WITH_UNIT (LENGTH_MEASURE( 1.000000000000000082E-05 ), #2616, 'distance_accuracy_value', 'NONE');
#5480 = VERTEX_POINT ( 'NONE', #3448 ) ;
#5481 = ORIENTED_EDGE ( 'NONE', *, *, #2328, .T. ) ;
#5482 = LINE ( 'NONE', #27, #4897 ) ;
#5483 = PRESENTATION_STYLE_ASSIGNMENT (( #7316 ) ) ;
#5484 = DIRECTION ( 'NONE',  ( 0.000000000000000000, 0.000000000000000000, -1.000000000000000000 ) ) ;
#5485 = SURFACE_SIDE_STYLE ('',( #639 ) ) ;
#5486 = LINE ( 'NONE', #6685, #6242 ) ;
#5487 = DIRECTION ( 'NONE',  ( 1.000000000000000000, 0.000000000000000000, 0.000000000000000000 ) ) ;
#5488 = EDGE_CURVE ( 'NONE', #509, #2027, #1015, .T. ) ;
#5489 = ORIENTED_EDGE ( 'NONE', *, *, #134, .F. ) ;
#5490 = VECTOR ( 'NONE', #5653, 1000.000000000000000 ) ;
#5491 =( NAMED_UNIT ( * ) SI_UNIT ( $, .STERADIAN. ) SOLID_ANGLE_UNIT ( ) );
#5492 = STYLED_ITEM ( 'NONE', ( #5483 ), #1 ) ;
#5493 = ORIENTED_EDGE ( 'NONE', *, *, #497, .F. ) ;
#5494 = CARTESIAN_POINT ( 'NONE',  ( 0.2999999999999999334, -1.000000000000000000, 2.250000000000000000 ) ) ;
#5495 = CARTESIAN_POINT ( 'NONE',  ( 2.417979746242397532, -2.499999999999999556, 1.865202395838984728 ) ) ;
#5496 = MECHANICAL_DESIGN_GEOMETRIC_PRESENTATION_REPRESENTATION (  '', ( #5632 ), #3174 ) ;
#5497 = CARTESIAN_POINT ( 'NONE',  ( -4.135872885735895288, -1.797251865729859954, 2.250000000000000000 ) ) ;
#5498 = CARTESIAN_POINT ( 'NONE',  ( 2.503356526529290083, -2.399999999999999023, 2.015764431608567442 ) ) ;
#5499 = CARTESIAN_POINT ( 'NONE',  ( -1.148629566403928992, -0.2000000000000000111, -1.447028670344146617 ) ) ;
#5500 = ADVANCED_FACE ( 'NONE', ( #415 ), #6018, .F. ) ;
#5501 = EDGE_CURVE ( 'NONE', #4369, #4378, #1084, .T. ) ;
#5502 = MECHANICAL_DESIGN_GEOMETRIC_PRESENTATION_REPRESENTATION (  '', ( #1806 ), #1184 ) ;
#5503 = SURFACE_SIDE_STYLE ('',( #4850 ) ) ;
#5504 = EDGE_LOOP ( 'NONE', ( #1053, #3843 ) ) ;
#5505 = SURFACE_SIDE_STYLE ('',( #6023 ) ) ;
#5506 = CARTESIAN_POINT ( 'NONE',  ( 0.1807016036277474536, -2.500000000000000444, 2.182355141866507697 ) ) ;
#5507 = LINE ( 'NONE', #1171, #2173 ) ;
#5508 =( LENGTH_UNIT ( ) NAMED_UNIT ( * ) SI_UNIT ( .MILLI., .METRE. ) );
#5509 = CARTESIAN_POINT ( 'NONE',  ( -1.722883656246370299, 0.000000000000000000, -1.647441418907150457 ) ) ;
#5510 = PLANE ( 'NONE',  #2231 ) ;
#5511 = CARTESIAN_POINT ( 'NONE',  ( 2.406096811670702884, -2.400000000000000799, 1.970174012709384748 ) ) ;
#5512 = CARTESIAN_POINT ( 'NONE',  ( 4.200000000000000178, -1.250000000000000000, -2.149999999999999911 ) ) ;
#5513 = FILL_AREA_STYLE ('',( #7390 ) ) ;
#5514 =( NAMED_UNIT ( * ) SI_UNIT ( $, .STERADIAN. ) SOLID_ANGLE_UNIT ( ) );
#5515 = CARTESIAN_POINT ( 'NONE',  ( -1.722883656246370299, 0.000000000000000000, -1.447028670344146617 ) ) ;
#5516 = PRESENTATION_LAYER_ASSIGNMENT (  '', '', ( #6775 ) ) ;
#5517 = SURFACE_STYLE_USAGE ( .BOTH. , #2591 ) ;
#5518 = CARTESIAN_POINT ( 'NONE',  ( 0.08140518397636245518, -2.400000000000000799, 1.784460823925592132 ) ) ;
#5519 = CYLINDRICAL_SURFACE ( 'NONE', #3210, 0.6685684054278682176 ) ;
#5520 = EDGE_LOOP ( 'NONE', ( #6459, #850, #7148, #2648 ) ) ;
#5521 = ORIENTED_EDGE ( 'NONE', *, *, #901, .T. ) ;
#5522 = CARTESIAN_POINT ( 'NONE',  ( -0.01694863821277715898, -2.500000000000000000, 1.707508878620662029 ) ) ;
#5523 = EDGE_CURVE ( 'NONE', #1959, #6965, #1709, .T. ) ;
#5524 = CARTESIAN_POINT ( 'NONE',  ( 0.06969562759687994435, -2.400000000000000355, 2.249999994087765298 ) ) ;
#5525 = VECTOR ( 'NONE', #6672, 1000.000000000000000 ) ;
#5526 = LINE ( 'NONE', #2952, #5084 ) ;
#5527 = CARTESIAN_POINT ( 'NONE',  ( 0.2103098290598290343, -2.500000000000000000, 1.985946681356837384 ) ) ;
#5528 = PRESENTATION_STYLE_ASSIGNMENT (( #3639 ) ) ;
#5529 = PRESENTATION_LAYER_ASSIGNMENT (  '', '', ( #3850 ) ) ;
#5530 = MECHANICAL_DESIGN_GEOMETRIC_PRESENTATION_REPRESENTATION (  '', ( #2835 ), #1464 ) ;
#5531 = ORIENTED_EDGE ( 'NONE', *, *, #2566, .T. ) ;
#5532 = STYLED_ITEM ( 'NONE', ( #2739 ), #3903 ) ;
#5533 = PRESENTATION_LAYER_ASSIGNMENT (  '', '', ( #1345 ) ) ;
#5534 = ORIENTED_EDGE ( 'NONE', *, *, #7651, .T. ) ;
#5535 = DIRECTION ( 'NONE',  ( 0.000000000000000000, -1.000000000000000000, 0.000000000000000000 ) ) ;
#5536 = ORIENTED_EDGE ( 'NONE', *, *, #227, .F. ) ;
#5537 = EDGE_CURVE ( 'NONE', #3818, #4420, #5955, .T. ) ;
#5538 = AXIS2_PLACEMENT_3D ( 'NONE', #3735, #3165, #6192 ) ;
#5539 = CARTESIAN_POINT ( 'NONE',  ( 0.06969562759687994435, -2.400000000000000355, 2.249999994087765298 ) ) ;
#5540 = CARTESIAN_POINT ( 'NONE',  ( 1.993914404288690490, -2.400000000000000355, 2.250000000000000000 ) ) ;
#5541 = CARTESIAN_POINT ( 'NONE',  ( 0.2102488081201960568, -2.500000000000000000, 1.980748412549365733 ) ) ;
#5542 = AXIS2_PLACEMENT_3D ( 'NONE', #5244, #7736, #4079 ) ;
#5543 = VECTOR ( 'NONE', #7725, 1000.000000000000114 ) ;
#5544 = PLANE ( 'NONE',  #2723 ) ;
#5545 = CIRCLE ( 'NONE', #2480, 0.4149114923446328151 ) ;
#5546 = DIRECTION ( 'NONE',  ( 0.000000000000000000, -0.000000000000000000, 1.000000000000000000 ) ) ;
#5547 = UNCERTAINTY_MEASURE_WITH_UNIT (LENGTH_MEASURE( 1.000000000000000082E-05 ), #4088, 'distance_accuracy_value', 'NONE');
#5548 = AXIS2_PLACEMENT_3D ( 'NONE', #6883, #6919, #7036 ) ;
#5549 = CARTESIAN_POINT ( 'NONE',  ( 3.086085595711308915, -2.400000000000000355, 2.250000000000000000 ) ) ;
#5550 = VERTEX_POINT ( 'NONE', #559 ) ;
#5551 = VECTOR ( 'NONE', #4517, 1000.000000000000000 ) ;
#5552 = PRESENTATION_LAYER_ASSIGNMENT (  '', '', ( #5142 ) ) ;
#5553 = EDGE_CURVE ( 'NONE', #3593, #5156, #4763, .T. ) ;
#5554 = CARTESIAN_POINT ( 'NONE',  ( -0.1296463723675874424, -2.500000000000000888, 1.723388243999829372 ) ) ;
#5555 = PRESENTATION_LAYER_ASSIGNMENT (  '', '', ( #7831 ) ) ;
#5556 =( NAMED_UNIT ( * ) PLANE_ANGLE_UNIT ( ) SI_UNIT ( $, .RADIAN. ) );
#5557 = CARTESIAN_POINT ( 'NONE',  ( 2.750000000000000444, 0.000000000000000000, 2.250000000000000000 ) ) ;
#5558 = SURFACE_SIDE_STYLE ('',( #96 ) ) ;
#5559 = SURFACE_STYLE_FILL_AREA ( #4386 ) ;
#5560 = PRESENTATION_LAYER_ASSIGNMENT (  '', '', ( #6560 ) ) ;
#5561 = LINE ( 'NONE', #1885, #4327 ) ;
#5562 = CARTESIAN_POINT ( 'NONE',  ( -0.5460855957113092130, -2.400000000000000355, 1.630485880782381436 ) ) ;
#5563 = EDGE_CURVE ( 'NONE', #2296, #1268, #1163, .T. ) ;
#5564 = CARTESIAN_POINT ( 'NONE',  ( 2.625041605140542522, -2.499999999999999556, 1.801923215497356789 ) ) ;
#5565 = SURFACE_STYLE_FILL_AREA ( #105 ) ;
#5566 = LINE ( 'NONE', #6359, #6577 ) ;
#5567 = VECTOR ( 'NONE', #6773, 1000.000000000000000 ) ;
#5568 = DIRECTION ( 'NONE',  ( -0.3385652849408007925, 0.000000000000000000, -0.9409429035988072787 ) ) ;
#5569 = FILL_AREA_STYLE ('',( #1343 ) ) ;
#5570 = FACE_OUTER_BOUND ( 'NONE', #4554, .T. ) ;
#5571 = UNCERTAINTY_MEASURE_WITH_UNIT (LENGTH_MEASURE( 1.000000000000000082E-05 ), #1119, 'distance_accuracy_value', 'NONE');
#5572 = ORIENTED_EDGE ( 'NONE', *, *, #2619, .F. ) ;
#5573 = AXIS2_PLACEMENT_3D ( 'NONE', #2887, #2357, #3412 ) ;
#5574 = CARTESIAN_POINT ( 'NONE',  ( 0.2097431669871131499, -2.400000000000000799, 2.009123499099085386 ) ) ;
#5575 = CARTESIAN_POINT ( 'NONE',  ( 0.2264490086761391241, -2.399999999999999911, 1.851129613084712799 ) ) ;
#5576 = CARTESIAN_POINT ( 'NONE',  ( -0.1973012967262585959, -2.400000000000000355, 2.141897288718607406 ) ) ;
#5577 = COLOUR_RGB ( '',0.8313725490196077761, 0.8313725490196077761, 0.8196078431372548767 ) ;
#5578 = FILL_AREA_STYLE_COLOUR ( '', #880 ) ;
#5579 = ORIENTED_EDGE ( 'NONE', *, *, #1798, .F. ) ;
#5580 = EDGE_LOOP ( 'NONE', ( #318, #5887, #1270, #7485 ) ) ;
#5581 =( LENGTH_UNIT ( ) NAMED_UNIT ( * ) SI_UNIT ( .MILLI., .METRE. ) );
#5582 = VERTEX_POINT ( 'NONE', #1364 ) ;
#5583 = CARTESIAN_POINT ( 'NONE',  ( -0.02756076388888887077, -2.500000000000000000, 2.263568376068375798 ) ) ;
#5584 = CARTESIAN_POINT ( 'NONE',  ( 2.435095860050272343, -2.399999999999998579, 1.932712522558078572 ) ) ;
#5585 = DIRECTION ( 'NONE',  ( 0.000000000000000000, 0.000000000000000000, 1.000000000000000000 ) ) ;
#5586 = VECTOR ( 'NONE', #4641, 1000.000000000000000 ) ;
#5587 = ADVANCED_FACE ( 'NONE', ( #2685 ), #2870, .T. ) ;
#5588 = ORIENTED_EDGE ( 'NONE', *, *, #187, .F. ) ;
#5589 = ORIENTED_EDGE ( 'NONE', *, *, #893, .F. ) ;
#5590 = DIRECTION ( 'NONE',  ( 0.000000000000000000, -0.000000000000000000, 1.000000000000000000 ) ) ;
#5591 = ORIENTED_EDGE ( 'NONE', *, *, #1228, .F. ) ;
#5592 = CARTESIAN_POINT ( 'NONE',  ( -0.2577991452991452714, -2.400000000000000355, 2.152583299946581263 ) ) ;
#5593 = CARTESIAN_POINT ( 'NONE',  ( 5.000000000000000000, -2.500000000000000000, 2.250000000000000000 ) ) ;
#5594 = DIRECTION ( 'NONE',  ( -1.000000000000000000, 0.000000000000000000, 0.000000000000000000 ) ) ;
#5595 = FACE_OUTER_BOUND ( 'NONE', #3398, .T. ) ;
#5596 = FACE_OUTER_BOUND ( 'NONE', #5849, .T. ) ;
#5597 = EDGE_CURVE ( 'NONE', #5415, #5785, #4300, .T. ) ;
#5598 = ADVANCED_FACE ( 'NONE', ( #5627 ), #5544, .T. ) ;
#5599 = DIRECTION ( 'NONE',  ( -0.000000000000000000, 1.000000000000000000, -0.000000000000000000 ) ) ;
#5600 = CARTESIAN_POINT ( 'NONE',  ( -5.000000000000000000, -0.1000000000000000056, 0.4132593211698106228 ) ) ;
#5601 = CARTESIAN_POINT ( 'NONE',  ( 2.579099362177621479, -2.400000000000000799, 1.769456413382344939 ) ) ;
#5602 =( LENGTH_UNIT ( ) NAMED_UNIT ( * ) SI_UNIT ( .MILLI., .METRE. ) );
#5603 = CARTESIAN_POINT ( 'NONE',  ( 0.000000000000000000, -2.400000000000000355, 2.016198513312075224 ) ) ;
#5604 = CARTESIAN_POINT ( 'NONE',  ( -0.5460855957113092130, -2.500000000000000000, 1.630485880782381436 ) ) ;
#5605 = DIRECTION ( 'NONE',  ( 0.000000000000000000, 0.000000000000000000, -1.000000000000000000 ) ) ;
#5606 = CIRCLE ( 'NONE', #7759, 0.4149114923446327596 ) ;
#5607 = SURFACE_SIDE_STYLE ('',( #920 ) ) ;
#5608 = EDGE_CURVE ( 'NONE', #127, #2727, #7071, .T. ) ;
#5609 = ORIENTED_EDGE ( 'NONE', *, *, #7598, .F. ) ;
#5610 = ADVANCED_FACE ( 'NONE', ( #5153 ), #1578, .F. ) ;
#5611 = DIRECTION ( 'NONE',  ( 1.000000000000000000, -0.000000000000000000, -0.000000000000000000 ) ) ;
#5612 = VECTOR ( 'NONE', #6258, 1000.000000000000114 ) ;
#5613 = CARTESIAN_POINT ( 'NONE',  ( 0.1588607382608415164, -2.399999999999999911, 2.129355349384334239 ) ) ;
#5614 =( NAMED_UNIT ( * ) SI_UNIT ( $, .STERADIAN. ) SOLID_ANGLE_UNIT ( ) );
#5615 = SURFACE_SIDE_STYLE ('',( #3871 ) ) ;
#5616 = CARTESIAN_POINT ( 'NONE',  ( -3.086085595711309804, -2.400000000000000355, 1.630485880782381436 ) ) ;
#5617 = CARTESIAN_POINT ( 'NONE',  ( 2.465602449220652748, -2.500000000000000444, 1.718749262217152740 ) ) ;
#5618 = AXIS2_PLACEMENT_3D ( 'NONE', #2358, #7862, #1327 ) ;
#5619 = ORIENTED_EDGE ( 'NONE', *, *, #3683, .F. ) ;
#5620 = EDGE_LOOP ( 'NONE', ( #546, #7677, #4193, #4150 ) ) ;
#5621 = UNCERTAINTY_MEASURE_WITH_UNIT (LENGTH_MEASURE( 1.000000000000000082E-05 ), #4786, 'distance_accuracy_value', 'NONE');
#5622 = FILL_AREA_STYLE_COLOUR ( '', #6546 ) ;
#5623 = ORIENTED_EDGE ( 'NONE', *, *, #3827, .F. ) ;
#5624 = CARTESIAN_POINT ( 'NONE',  ( -0.1444945033505377618, -2.400000000000000355, 2.241476637091720292 ) ) ;
#5625 = CARTESIAN_POINT ( 'NONE',  ( 4.135872885735895288, -1.797251865729859954, 2.250000000000000000 ) ) ;
#5626 = AXIS2_PLACEMENT_3D ( 'NONE', #4599, #7083, #978 ) ;
#5627 = FACE_OUTER_BOUND ( 'NONE', #696, .T. ) ;
#5628 = FILL_AREA_STYLE_COLOUR ( '', #77 ) ;
#5629 = ORIENTED_EDGE ( 'NONE', *, *, #1648, .F. ) ;
#5630 = DIRECTION ( 'NONE',  ( -0.000000000000000000, -4.336808689942017736E-16, -1.000000000000000000 ) ) ;
#5631 = ORIENTED_EDGE ( 'NONE', *, *, #5645, .T. ) ;
#5632 = STYLED_ITEM ( 'NONE', ( #6228 ), #3318 ) ;
#5633 = CARTESIAN_POINT ( 'NONE',  ( 2.422198732394910348, -2.500000000000000000, 1.902866082502339573 ) ) ;
#5634 = ORIENTED_EDGE ( 'NONE', *, *, #5098, .T. ) ;
#5635 = EDGE_CURVE ( 'NONE', #6417, #2339, #2256, .T. ) ;
#5636 = DIRECTION ( 'NONE',  ( -0.000000000000000000, -0.000000000000000000, 1.000000000000000000 ) ) ;
#5637 = FILL_AREA_STYLE_COLOUR ( '', #4741 ) ;
#5638 = DIRECTION ( 'NONE',  ( -1.000000000000000000, 0.000000000000000000, 0.000000000000000000 ) ) ;
#5639 = FILL_AREA_STYLE_COLOUR ( '', #7662 ) ;
#5640 = SURFACE_STYLE_USAGE ( .BOTH. , #4459 ) ;
#5641 = SURFACE_STYLE_USAGE ( .BOTH. , #3170 ) ;
#5642 =( NAMED_UNIT ( * ) PLANE_ANGLE_UNIT ( ) SI_UNIT ( $, .RADIAN. ) );
#5643 = CARTESIAN_POINT ( 'NONE',  ( 2.617133105493495648, -2.500000000000000444, 1.793433152290673682 ) ) ;
#5644 = DIRECTION ( 'NONE',  ( 0.000000000000000000, 0.000000000000000000, -1.000000000000000000 ) ) ;
#5645 = EDGE_CURVE ( 'NONE', #5969, #3818, #6406, .T. ) ;
#5646 =( LENGTH_UNIT ( ) NAMED_UNIT ( * ) SI_UNIT ( .MILLI., .METRE. ) );
#5647 = CARTESIAN_POINT ( 'NONE',  ( -0.2545584209074405191, -2.399999999999999911, 1.813656242544682717 ) ) ;
#5648 = LINE ( 'NONE', #1342, #699 ) ;
#5649 = PRESENTATION_STYLE_ASSIGNMENT (( #6361 ) ) ;
#5650 = UNCERTAINTY_MEASURE_WITH_UNIT (LENGTH_MEASURE( 1.000000000000000082E-05 ), #747, 'distance_accuracy_value', 'NONE');
#5651 = VERTEX_POINT ( 'NONE', #4025 ) ;
#5652 = PLANE ( 'NONE',  #3232 ) ;
#5653 = DIRECTION ( 'NONE',  ( 1.000000000000000000, 0.000000000000000000, 0.000000000000000000 ) ) ;
#5654 = CARTESIAN_POINT ( 'NONE',  ( 0.2577991452991452714, -2.500000000000000000, 1.982342581463675257 ) ) ;
#5655 = PLANE ( 'NONE',  #6451 ) ;
#5656 = EDGE_CURVE ( 'NONE', #7884, #4526, #5812, .T. ) ;
#5657 = FACE_OUTER_BOUND ( 'NONE', #3244, .T. ) ;
#5658 = FILL_AREA_STYLE_COLOUR ( '', #7042 ) ;
#5659 = VERTEX_POINT ( 'NONE', #3988 ) ;
#5660 = ORIENTED_EDGE ( 'NONE', *, *, #5049, .T. ) ;
#5661 = AXIS2_PLACEMENT_3D ( 'NONE', #4102, #4734, #6555 ) ;
#5662 = ORIENTED_EDGE ( 'NONE', *, *, #3179, .T. ) ;
#5663 = CARTESIAN_POINT ( 'NONE',  ( -2.519647435897436338, -2.500000000000000000, 2.250000000000000000 ) ) ;
#5664 = CARTESIAN_POINT ( 'NONE',  ( -0.1131620648529207546, -2.400000000000000355, 2.252389323753448913 ) ) ;
#5665 = DIRECTION ( 'NONE',  ( -0.000000000000000000, -1.000000000000000000, -0.000000000000000000 ) ) ;
#5666 = VECTOR ( 'NONE', #7830, 1000.000000000000000 ) ;
#5667 = PRESENTATION_LAYER_ASSIGNMENT (  '', '', ( #2956 ) ) ;
#5668 = DIRECTION ( 'NONE',  ( 0.000000000000000000, 0.000000000000000000, 1.000000000000000000 ) ) ;
#5669 = VECTOR ( 'NONE', #5430, 1000.000000000000000 ) ;
#5670 = ORIENTED_EDGE ( 'NONE', *, *, #1999, .T. ) ;
#5671 = ORIENTED_EDGE ( 'NONE', *, *, #2619, .T. ) ;
#5672 = VECTOR ( 'NONE', #7551, 1000.000000000000000 ) ;
#5673 = STYLED_ITEM ( 'NONE', ( #7584 ), #5368 ) ;
#5674 = CARTESIAN_POINT ( 'NONE',  ( 2.840000000000000746, -1.500000000000000000, 7.281332158035497493 ) ) ;
#5675 = VECTOR ( 'NONE', #7507, 1000.000000000000000 ) ;
#5676 = VECTOR ( 'NONE', #768, 1000.000000000000000 ) ;
#5677 =( NAMED_UNIT ( * ) SI_UNIT ( $, .STERADIAN. ) SOLID_ANGLE_UNIT ( ) );
#5678 =( GEOMETRIC_REPRESENTATION_CONTEXT ( 3 ) GLOBAL_UNCERTAINTY_ASSIGNED_CONTEXT ( ( #2374 ) ) GLOBAL_UNIT_ASSIGNED_CONTEXT ( ( #1447, #7011, #7629 ) ) REPRESENTATION_CONTEXT ( 'NONE', 'WORKASPACE' ) );
#5679 = SURFACE_SIDE_STYLE ('',( #5093 ) ) ;
#5680 = VECTOR ( 'NONE', #1275, 999.9999999999998863 ) ;
#5681 = VECTOR ( 'NONE', #839, 999.9999999999998863 ) ;
#5682 = DIRECTION ( 'NONE',  ( -0.000000000000000000, -1.000000000000000000, -0.000000000000000000 ) ) ;
#5683 = ORIENTED_EDGE ( 'NONE', *, *, #4158, .T. ) ;
#5684 = SURFACE_SIDE_STYLE ('',( #6232 ) ) ;
#5685 = CARTESIAN_POINT ( 'NONE',  ( 2.653990048539566438, -2.400000000000000799, 1.869757031050708118 ) ) ;
#5686 = CARTESIAN_POINT ( 'NONE',  ( 2.418106119990975689, -2.400000000000000355, 1.874555084739255806 ) ) ;
#5687 = MECHANICAL_DESIGN_GEOMETRIC_PRESENTATION_REPRESENTATION (  '', ( #2956 ), #969 ) ;
#5688 = FILL_AREA_STYLE ('',( #4056 ) ) ;
#5689 = MECHANICAL_DESIGN_GEOMETRIC_PRESENTATION_REPRESENTATION (  '', ( #6063 ), #3107 ) ;
#5690 =( LENGTH_UNIT ( ) NAMED_UNIT ( * ) SI_UNIT ( .MILLI., .METRE. ) );
#5691 = FILL_AREA_STYLE ('',( #3901 ) ) ;
#5692 = CARTESIAN_POINT ( 'NONE',  ( -4.135872885735895288, -1.797251865729859954, 2.750000000000000000 ) ) ;
#5693 = EDGE_CURVE ( 'NONE', #2686, #7835, #4661, .T. ) ;
#5694 = ORIENTED_EDGE ( 'NONE', *, *, #2748, .F. ) ;
#5695 = SURFACE_STYLE_USAGE ( .BOTH. , #350 ) ;
#5696 = SURFACE_SIDE_STYLE ('',( #1385 ) ) ;
#5697 = CARTESIAN_POINT ( 'NONE',  ( -0.01885801388626712205, -2.399999999999999467, 2.209138387967300332 ) ) ;
#5698 = SURFACE_STYLE_USAGE ( .BOTH. , #7558 ) ;
#5699 = VECTOR ( 'NONE', #1635, 999.9999999999998863 ) ;
#5700 = FILL_AREA_STYLE_COLOUR ( '', #5018 ) ;
#5701 = CARTESIAN_POINT ( 'NONE',  ( 2.370860558089967096, -2.500000000000000444, 1.849040712068144687 ) ) ;
#5702 = EDGE_CURVE ( 'NONE', #4793, #250, #7038, .T. ) ;
#5703 = ORIENTED_EDGE ( 'NONE', *, *, #2306, .T. ) ;
#5704 = ADVANCED_FACE ( 'NONE', ( #2754 ), #3426, .T. ) ;
#5705 = ORIENTED_EDGE ( 'NONE', *, *, #5608, .F. ) ;
#5706 = CARTESIAN_POINT ( 'NONE',  ( -0.2577991452991452714, -2.500000000000000000, 1.817932024572649352 ) ) ;
#5707 = ORIENTED_EDGE ( 'NONE', *, *, #695, .T. ) ;
#5708 =( GEOMETRIC_REPRESENTATION_CONTEXT ( 3 ) GLOBAL_UNCERTAINTY_ASSIGNED_CONTEXT ( ( #4711 ) ) GLOBAL_UNIT_ASSIGNED_CONTEXT ( ( #422, #5250, #4570 ) ) REPRESENTATION_CONTEXT ( 'NONE', 'WORKASPACE' ) );
#5709 = LINE ( 'NONE', #1414, #6203 ) ;
#5710 = CARTESIAN_POINT ( 'NONE',  ( -1.722883656246370299, -0.2000000000000000111, -1.647441418907150457 ) ) ;
#5711 = SURFACE_SIDE_STYLE ('',( #5784 ) ) ;
#5712 = ORIENTED_EDGE ( 'NONE', *, *, #5790, .F. ) ;
#5713 = ORIENTED_EDGE ( 'NONE', *, *, #1035, .T. ) ;
#5714 = EDGE_CURVE ( 'NONE', #4043, #6490, #5384, .T. ) ;
#5715 = CARTESIAN_POINT ( 'NONE',  ( -5.000000000000000000, -2.500000000000000000, -2.250000000000000000 ) ) ;
#5716 =( NAMED_UNIT ( * ) PLANE_ANGLE_UNIT ( ) SI_UNIT ( $, .RADIAN. ) );
#5717 = CARTESIAN_POINT ( 'NONE',  ( 4.401045837440702435, 0.000000000000000000, 1.187158322142691791 ) ) ;
#5718 =( LENGTH_UNIT ( ) NAMED_UNIT ( * ) SI_UNIT ( .MILLI., .METRE. ) );
#5719 = SURFACE_SIDE_STYLE ('',( #7461 ) ) ;
#5720 = FILL_AREA_STYLE ('',( #6229 ) ) ;
#5721 = CARTESIAN_POINT ( 'NONE',  ( 4.381742037259617639, -1.154902199396359741, -2.149999999999999911 ) ) ;
#5722 = PLANE ( 'NONE',  #3380 ) ;
#5723 = CARTESIAN_POINT ( 'NONE',  ( 2.654876722198234340, -2.400000000000000355, 1.878944637123165284 ) ) ;
#5724 = CARTESIAN_POINT ( 'NONE',  ( 2.466726523132978688, -2.399999999999999911, 1.975033816364070605 ) ) ;
#5725 =( NAMED_UNIT ( * ) SI_UNIT ( $, .STERADIAN. ) SOLID_ANGLE_UNIT ( ) );
#5726 = CARTESIAN_POINT ( 'NONE',  ( -0.1887219147797668528, -2.400000000000000355, 1.752124152421669967 ) ) ;
#5727 =( LENGTH_UNIT ( ) NAMED_UNIT ( * ) SI_UNIT ( .MILLI., .METRE. ) );
#5728 = DIRECTION ( 'NONE',  ( -0.000000000000000000, -1.000000000000000000, -0.000000000000000000 ) ) ;
#5729 = STYLED_ITEM ( 'NONE', ( #4296 ), #349 ) ;
#5730 = UNCERTAINTY_MEASURE_WITH_UNIT (LENGTH_MEASURE( 1.000000000000000082E-05 ), #1224, 'distance_accuracy_value', 'NONE');
#5731 = CARTESIAN_POINT ( 'NONE',  ( 2.387482000334955057, -2.499999999999999556, 1.791477234395828733 ) ) ;
#5732 = FACE_OUTER_BOUND ( 'NONE', #4649, .T. ) ;
#5733 = PRESENTATION_STYLE_ASSIGNMENT (( #3870 ) ) ;
#5734 = DIRECTION ( 'NONE',  ( -0.000000000000000000, -0.000000000000000000, -1.000000000000000000 ) ) ;
#5735 = CARTESIAN_POINT ( 'NONE',  ( 0.2013194802264900440, -2.400000000000000355, 2.053189753338102719 ) ) ;
#5736 = EDGE_CURVE ( 'NONE', #3549, #2493, #7753, .T. ) ;
#5737 = FACE_OUTER_BOUND ( 'NONE', #634, .T. ) ;
#5738 = STYLED_ITEM ( 'NONE', ( #1177 ), #405 ) ;
#5739 = CARTESIAN_POINT ( 'NONE',  ( 2.480534708646548570, -2.400000000000000799, 1.713508735292704754 ) ) ;
#5740 = EDGE_LOOP ( 'NONE', ( #3524, #6539, #4967, #2422 ) ) ;
#5741 = AXIS2_PLACEMENT_3D ( 'NONE', #2157, #1634, #3320 ) ;
#5742 = ORIENTED_EDGE ( 'NONE', *, *, #6984, .T. ) ;
#5743 = CARTESIAN_POINT ( 'NONE',  ( -0.1544269689723937744, -2.400000000000001243, 2.175157108589249599 ) ) ;
#5744 = ORIENTED_EDGE ( 'NONE', *, *, #673, .T. ) ;
#5745 = CARTESIAN_POINT ( 'NONE',  ( -0.2009542183170262286, -2.399999999999999467, 2.209550182785283035 ) ) ;
#5746 = EDGE_CURVE ( 'NONE', #6700, #5222, #7766, .T. ) ;
#5747 = PRESENTATION_STYLE_ASSIGNMENT (( #4371 ) ) ;
#5748 = CARTESIAN_POINT ( 'NONE',  ( 1.800956594368268382, -0.2000000000000000111, -1.647441418907150457 ) ) ;
#5749 = ORIENTED_EDGE ( 'NONE', *, *, #7349, .T. ) ;
#5750 = ORIENTED_EDGE ( 'NONE', *, *, #2687, .T. ) ;
#5751 = DIRECTION ( 'NONE',  ( 0.000000000000000000, 0.000000000000000000, -1.000000000000000000 ) ) ;
#5752 = B_SPLINE_CURVE_WITH_KNOTS ( 'NONE', 3,
 ( #1258, #1098, #4136, #6587, #1136, #4179, #2978, #6625, #3501, #1799, #1174, #6659, #5947, #1209, #7297, #7863, #6072, #622, #3012 ),
 .UNSPECIFIED., .F., .F.,
 ( 4, 1, 1, 1, 1, 1, 1, 1, 1, 1, 1, 1, 1, 1, 1, 1, 4 ),
 ( 0.000000000000000000, 0.06879851674524077587, 0.1351184559300882826, 0.1990010113675050041, 0.2619337007769908521, 0.3235312844431775248, 0.3854347205665492049, 0.4472155159851222694, 0.5100181032833273065, 0.5725109099917946587, 0.6333640222588500235, 0.6932167277430215657, 0.7525553881310316218, 0.8125582265741697618, 0.8732608589653620967, 0.9355427078252673834, 1.000000000000000000 ),
 .UNSPECIFIED. ) ;
#5753 = SURFACE_STYLE_USAGE ( .BOTH. , #4938 ) ;
#5754 = ADVANCED_FACE ( 'NONE', ( #2942 ), #3580, .T. ) ;
#5755 = DIRECTION ( 'NONE',  ( -0.000000000000000000, -1.000000000000000000, -0.000000000000000000 ) ) ;
#5756 = ADVANCED_FACE ( 'NONE', ( #7183 ), #3861, .F. ) ;
#5757 = LINE ( 'NONE', #871, #5017 ) ;
#5758 = CIRCLE ( 'NONE', #3428, 0.6078624301311709166 ) ;
#5759 = DIRECTION ( 'NONE',  ( 1.000000000000000000, -0.000000000000000000, 0.000000000000000000 ) ) ;
#5760 = VERTEX_POINT ( 'NONE', #3702 ) ;
#5761 = CLOSED_SHELL ( 'NONE', ( #3481, #2367, #6117, #2316, #3137, #1469, #7743, #5926, #751, #4425 ) ) ;
#5762 = PRESENTATION_STYLE_ASSIGNMENT (( #3171 ) ) ;
#5763 = DIRECTION ( 'NONE',  ( -1.000000000000000000, 0.000000000000000000, 0.000000000000000000 ) ) ;
#5764 = CARTESIAN_POINT ( 'NONE',  ( 2.638331952401175240, -2.500000000000000000, 1.821320832821869740 ) ) ;
#5765 = CYLINDRICAL_SURFACE ( 'NONE', #565, 0.6000685097690720005 ) ;
#5766 = SURFACE_STYLE_USAGE ( .BOTH. , #5137 ) ;
#5767 = DIRECTION ( 'NONE',  ( 0.000000000000000000, 0.000000000000000000, 1.000000000000000000 ) ) ;
#5768 = DIRECTION ( 'NONE',  ( 0.6837407958614036829, 0.000000000000000000, 0.7297249646783467991 ) ) ;
#5769 = B_SPLINE_CURVE_WITH_KNOTS ( 'NONE', 3,
 ( #4981, #3176, #4432, #5064, #4395, #7466, #1456, #3860, #6828, #3265, #6940, #5726, #1381, #3701, #794, #3103, #3781, #5647, #6157 ),
 .UNSPECIFIED., .F., .F.,
 ( 4, 1, 1, 1, 1, 1, 1, 1, 1, 1, 1, 1, 1, 1, 1, 1, 4 ),
 ( 0.000000000000000000, 0.06853542284148401997, 0.1356589674424568126, 0.2011794303826616170, 0.2656352828214549877, 0.3295956130800902217, 0.3925935151374382315, 0.4548846774505593826, 0.5172941855071916395, 0.5789464734792502121, 0.6398855303520567528, 0.6999987277606434244, 0.7598486901516336989, 0.8196601949445271318, 0.8793761117258547255, 0.9395222974028178964, 1.000000000000000000 ),
 .UNSPECIFIED. ) ;
#5770 = DIRECTION ( 'NONE',  ( 1.000000000000000000, 0.000000000000000000, -2.365532012695646217E-16 ) ) ;
#5771 = CARTESIAN_POINT ( 'NONE',  ( -0.1440843178034553473, -2.500000000000001332, 1.789731571613484284 ) ) ;
#5772 =( NAMED_UNIT ( * ) PLANE_ANGLE_UNIT ( ) SI_UNIT ( $, .RADIAN. ) );
#5773 = CARTESIAN_POINT ( 'NONE',  ( -2.750000000000000444, -0.1000000000000000056, 0.3886139668323275731 ) ) ;
#5774 = DIRECTION ( 'NONE',  ( 1.000000000000000000, 0.000000000000000000, 0.000000000000000000 ) ) ;
#5775 = ORIENTED_EDGE ( 'NONE', *, *, #2477, .T. ) ;
#5776 = AXIS2_PLACEMENT_3D ( 'NONE', #1025, #6545, #6442 ) ;
#5777 = EDGE_CURVE ( 'NONE', #2050, #6920, #3104, .T. ) ;
#5778 = ORIENTED_EDGE ( 'NONE', *, *, #1371, .F. ) ;
#5779 = SURFACE_STYLE_USAGE ( .BOTH. , #6995 ) ;
#5780 = ORIENTED_EDGE ( 'NONE', *, *, #4197, .T. ) ;
#5781 =( NAMED_UNIT ( * ) PLANE_ANGLE_UNIT ( ) SI_UNIT ( $, .RADIAN. ) );
#5782 = CARTESIAN_POINT ( 'NONE',  ( 0.000000000000000000, -2.500000000000000000, 0.000000000000000000 ) ) ;
#5783 = VERTEX_POINT ( 'NONE', #144 ) ;
#5784 = SURFACE_STYLE_FILL_AREA ( #7621 ) ;
#5785 = VERTEX_POINT ( 'NONE', #5065 ) ;
#5786 =( GEOMETRIC_REPRESENTATION_CONTEXT ( 3 ) GLOBAL_UNCERTAINTY_ASSIGNED_CONTEXT ( ( #4587 ) ) GLOBAL_UNIT_ASSIGNED_CONTEXT ( ( #3465, #7106, #7679 ) ) REPRESENTATION_CONTEXT ( 'NONE', 'WORKASPACE' ) );
#5787 =( LENGTH_UNIT ( ) NAMED_UNIT ( * ) SI_UNIT ( .MILLI., .METRE. ) );
#5788 = EDGE_CURVE ( 'NONE', #1905, #1008, #5648, .T. ) ;
#5789 = ORIENTED_EDGE ( 'NONE', *, *, #4549, .F. ) ;
#5790 = EDGE_CURVE ( 'NONE', #5659, #3836, #4982, .T. ) ;
#5791 = VECTOR ( 'NONE', #5037, 1000.000000000000000 ) ;
#5792 = PLANE ( 'NONE',  #4927 ) ;
#5793 = DIRECTION ( 'NONE',  ( -0.000000000000000000, 1.000000000000000000, -0.000000000000000000 ) ) ;
#5794 = UNCERTAINTY_MEASURE_WITH_UNIT (LENGTH_MEASURE( 1.000000000000000082E-05 ), #6378, 'distance_accuracy_value', 'NONE');
#5795 = STYLED_ITEM ( 'NONE', ( #3811 ), #6117 ) ;
#5796 = PLANE ( 'NONE',  #6792 ) ;
#5797 = MECHANICAL_DESIGN_GEOMETRIC_PRESENTATION_REPRESENTATION (  '', ( #7174 ), #7315 ) ;
#5798 = PLANE ( 'NONE',  #2868 ) ;
#5799 = CARTESIAN_POINT ( 'NONE',  ( 2.568303769131692338, -2.500000000000000444, 1.765731198507652477 ) ) ;
#5800 = PRESENTATION_STYLE_ASSIGNMENT (( #5766 ) ) ;
#5801 = COLOUR_RGB ( '',0.1843137254901960898, 0.7568627450980391913, 1.000000000000000000 ) ;
#5802 = LINE ( 'NONE', #345, #1591 ) ;
#5803 = DIRECTION ( 'NONE',  ( -1.000000000000000000, 0.000000000000000000, 0.000000000000000000 ) ) ;
#5804 = CARTESIAN_POINT ( 'NONE',  ( 2.371158834268646043, -2.500000000000000444, 1.886554596089867308 ) ) ;
#5805 = AXIS2_PLACEMENT_3D ( 'NONE', #268, #7517, #7399 ) ;
#5806 = COLOUR_RGB ( '',0.1843137254901960898, 0.7568627450980391913, 1.000000000000000000 ) ;
#5807 = ADVANCED_FACE ( 'NONE', ( #6158 ), #2593, .F. ) ;
#5808 = CARTESIAN_POINT ( 'NONE',  ( 2.517951388888887809, -2.500000000000000000, 2.030997930021367193 ) ) ;
#5809 =( GEOMETRIC_REPRESENTATION_CONTEXT ( 3 ) GLOBAL_UNCERTAINTY_ASSIGNED_CONTEXT ( ( #2270 ) ) GLOBAL_UNIT_ASSIGNED_CONTEXT ( ( #7304, #4864, #1725 ) ) REPRESENTATION_CONTEXT ( 'NONE', 'WORKASPACE' ) );
#5810 = SURFACE_SIDE_STYLE ('',( #6446 ) ) ;
#5811 = DIRECTION ( 'NONE',  ( -0.000000000000000000, -1.000000000000000000, -0.000000000000000000 ) ) ;
#5812 = LINE ( 'NONE', #358, #7162 ) ;
#5813 = SURFACE_SIDE_STYLE ('',( #6484 ) ) ;
#5814 = VERTEX_POINT ( 'NONE', #2014 ) ;
#5815 = VERTEX_POINT ( 'NONE', #6323 ) ;
#5816 = VERTEX_POINT ( 'NONE', #4433 ) ;
#5817 = CARTESIAN_POINT ( 'NONE',  ( -2.839999999999999858, -1.500000000000000000, 7.281332158035501045 ) ) ;
#5818 = ORIENTED_EDGE ( 'NONE', *, *, #5426, .T. ) ;
#5819 = LINE ( 'NONE', #2190, #1857 ) ;
#5820 = ORIENTED_EDGE ( 'NONE', *, *, #3366, .F. ) ;
#5821 = SURFACE_STYLE_FILL_AREA ( #3923 ) ;
#5822 = ORIENTED_EDGE ( 'NONE', *, *, #4062, .T. ) ;
#5823 = VECTOR ( 'NONE', #3656, 1000.000000000000000 ) ;
#5824 =( LENGTH_UNIT ( ) NAMED_UNIT ( * ) SI_UNIT ( .MILLI., .METRE. ) );
#5825 = CARTESIAN_POINT ( 'NONE',  ( 0.06731375492938847238, -2.499999999999999556, 1.778204357328972751 ) ) ;
#5826 = UNCERTAINTY_MEASURE_WITH_UNIT (LENGTH_MEASURE( 1.000000000000000082E-05 ), #4093, 'distance_accuracy_value', 'NONE');
#5827 = LINE ( 'NONE', #4492, #7446 ) ;
#5828 =( GEOMETRIC_REPRESENTATION_CONTEXT ( 3 ) GLOBAL_UNCERTAINTY_ASSIGNED_CONTEXT ( ( #1028 ) ) GLOBAL_UNIT_ASSIGNED_CONTEXT ( ( #556, #1788, #85 ) ) REPRESENTATION_CONTEXT ( 'NONE', 'WORKASPACE' ) );
#5829 = FILL_AREA_STYLE ('',( #7127 ) ) ;
#5830 = CARTESIAN_POINT ( 'NONE',  ( -0.01865246773709242079, -2.400000000000000355, 1.761599812408703780 ) ) ;
#5831 = MECHANICAL_DESIGN_GEOMETRIC_PRESENTATION_REPRESENTATION (  '', ( #2756 ), #3007 ) ;
#5832 = DIRECTION ( 'NONE',  ( -0.000000000000000000, -1.000000000000000000, -0.000000000000000000 ) ) ;
#5833 = LINE ( 'NONE', #5135, #712 ) ;
#5834 = EDGE_CURVE ( 'NONE', #3855, #6417, #835, .T. ) ;
#5835 = FILL_AREA_STYLE_COLOUR ( '', #3333 ) ;
#5836 = CARTESIAN_POINT ( 'NONE',  ( 2.375500115562295456, -2.499999999999999556, 1.908025937328494459 ) ) ;
#5837 = DIRECTION ( 'NONE',  ( 0.000000000000000000, -1.000000000000000000, 0.000000000000000000 ) ) ;
#5838 = CARTESIAN_POINT ( 'NONE',  ( 2.465602449220652748, -2.500000000000000444, 1.718749262217152740 ) ) ;
#5839 = SURFACE_SIDE_STYLE ('',( #6515 ) ) ;
#5840 = FACE_OUTER_BOUND ( 'NONE', #1774, .T. ) ;
#5841 = SURFACE_STYLE_USAGE ( .BOTH. , #1001 ) ;
#5842 = CARTESIAN_POINT ( 'NONE',  ( -4.299999999999999822, -2.366666666666666696, -4.349502369265499566E-17 ) ) ;
#5843 = SURFACE_SIDE_STYLE ('',( #3390 ) ) ;
#5844 = FILL_AREA_STYLE_COLOUR ( '', #2047 ) ;
#5845 = EDGE_CURVE ( 'NONE', #1320, #3155, #2633, .T. ) ;
#5846 = CARTESIAN_POINT ( 'NONE',  ( 0.08522141336499511333, -2.400000000000000355, 1.726602717971427392 ) ) ;
#5847 = EDGE_CURVE ( 'NONE', #5816, #2947, #7019, .T. ) ;
#5848 = ORIENTED_EDGE ( 'NONE', *, *, #5241, .T. ) ;
#5849 = EDGE_LOOP ( 'NONE', ( #1515, #5416, #1638 ) ) ;
#5850 = MECHANICAL_DESIGN_GEOMETRIC_PRESENTATION_REPRESENTATION (  '', ( #3540 ), #6858 ) ;
#5851 = ORIENTED_EDGE ( 'NONE', *, *, #5736, .T. ) ;
#5852 = CARTESIAN_POINT ( 'NONE',  ( -0.2577991452991452714, -2.400000000000000355, 2.152583299946581263 ) ) ;
#5853 = CARTESIAN_POINT ( 'NONE',  ( 2.701903289454531176, -2.399999999999999911, 1.864980006369177046 ) ) ;
#5854 = AXIS2_PLACEMENT_3D ( 'NONE', #5625, #2615, #2032 ) ;
#5855 = ORIENTED_EDGE ( 'NONE', *, *, #4521, .F. ) ;
#5856 = CYLINDRICAL_SURFACE ( 'NONE', #5626, 0.6000685097690720005 ) ;
#5857 = ORIENTED_EDGE ( 'NONE', *, *, #7876, .F. ) ;
#5858 = ORIENTED_EDGE ( 'NONE', *, *, #1977, .T. ) ;
#5859 = CARTESIAN_POINT ( 'NONE',  ( 0.1938062144732296543, -2.500000000000000000, 2.073690682535656027 ) ) ;
#5860 = VECTOR ( 'NONE', #4584, 1000.000000000000000 ) ;
#5861 = FILL_AREA_STYLE_COLOUR ( '', #7589 ) ;
#5862 = UNCERTAINTY_MEASURE_WITH_UNIT (LENGTH_MEASURE( 1.000000000000000082E-05 ), #5602, 'distance_accuracy_value', 'NONE');
#5863 =( GEOMETRIC_REPRESENTATION_CONTEXT ( 3 ) GLOBAL_UNCERTAINTY_ASSIGNED_CONTEXT ( ( #7061 ) ) GLOBAL_UNIT_ASSIGNED_CONTEXT ( ( #22, #2446, #1730 ) ) REPRESENTATION_CONTEXT ( 'NONE', 'WORKASPACE' ) );
#5864 = CARTESIAN_POINT ( 'NONE',  ( 2.453529990251888560, -2.100000000000000089, 0.5137037129227551846 ) ) ;
#5865 = ADVANCED_FACE ( 'NONE', ( #7100 ), #6508, .F. ) ;
#5866 = CARTESIAN_POINT ( 'NONE',  ( -0.04503960455947197961, -2.499999999999999556, 1.707482166360894782 ) ) ;
#5867 = FILL_AREA_STYLE_COLOUR ( '', #1205 ) ;
#5868 =( GEOMETRIC_REPRESENTATION_CONTEXT ( 3 ) GLOBAL_UNCERTAINTY_ASSIGNED_CONTEXT ( ( #4075 ) ) GLOBAL_UNIT_ASSIGNED_CONTEXT ( ( #7157, #7731, #5932 ) ) REPRESENTATION_CONTEXT ( 'NONE', 'WORKASPACE' ) );
#5869 = CARTESIAN_POINT ( 'NONE',  ( -1.800956594368268382, -0.2000000000000000111, -1.647441418907150457 ) ) ;
#5870 = STYLED_ITEM ( 'NONE', ( #7327 ), #3723 ) ;
#5871 = FILL_AREA_STYLE_COLOUR ( '', #3328 ) ;
#5872 =( GEOMETRIC_REPRESENTATION_CONTEXT ( 3 ) GLOBAL_UNCERTAINTY_ASSIGNED_CONTEXT ( ( #6011 ) ) GLOBAL_UNIT_ASSIGNED_CONTEXT ( ( #3708, #759, #148 ) ) REPRESENTATION_CONTEXT ( 'NONE', 'WORKASPACE' ) );
#5873 = UNCERTAINTY_MEASURE_WITH_UNIT (LENGTH_MEASURE( 1.000000000000000082E-05 ), #3950, 'distance_accuracy_value', 'NONE');
#5874 = LINE ( 'NONE', #6478, #4243 ) ;
#5875 = UNCERTAINTY_MEASURE_WITH_UNIT (LENGTH_MEASURE( 1.000000000000000082E-05 ), #5824, 'distance_accuracy_value', 'NONE');
#5876 = VECTOR ( 'NONE', #4180, 1000.000000000000000 ) ;
#5877 = CARTESIAN_POINT ( 'NONE',  ( 5.000000000000000000, 0.000000000000000000, 2.250000000000000000 ) ) ;
#5878 = EDGE_CURVE ( 'NONE', #6817, #519, #2205, .T. ) ;
#5879 = CARTESIAN_POINT ( 'NONE',  ( -0.1557965652895243747, -2.399999999999998135, 1.796244718072508073 ) ) ;
#5880 = FILL_AREA_STYLE_COLOUR ( '', #7452 ) ;
#5881 = CARTESIAN_POINT ( 'NONE',  ( 2.655331196581195208, -2.400000000000000355, 1.883653846153846123 ) ) ;
#5882 = PRESENTATION_STYLE_ASSIGNMENT (( #6483 ) ) ;
#5883 = DIRECTION ( 'NONE',  ( -0.000000000000000000, 1.000000000000000000, -0.000000000000000000 ) ) ;
#5884 = EDGE_LOOP ( 'NONE', ( #2448, #4591, #1716, #3395, #7577, #7778, #6991, #7430, #643, #5240, #7292, #7689, #7085, #7156, #80, #1283, #970, #531, #2761, #3803, #5050, #6169, #4925, #1155, #2018, #635, #5818, #6916, #2028, #5588, #4400, #3716, #68, #2269, #6719, #6846, #5928, #2149 ) ) ;
#5885 = VERTEX_POINT ( 'NONE', #3266 ) ;
#5886 = CARTESIAN_POINT ( 'NONE',  ( 4.401045837440702435, 0.000000000000000000, 0.4132593211698106228 ) ) ;
#5887 = ORIENTED_EDGE ( 'NONE', *, *, #1825, .F. ) ;
#5888 = APPLICATION_CONTEXT ( 'automotive_design' ) ;
#5889 = SURFACE_STYLE_FILL_AREA ( #6998 ) ;
#5890 = CARTESIAN_POINT ( 'NONE',  ( 4.021915064102565829, -1.154902199396359741, -2.250000000000000000 ) ) ;
#5891 = CARTESIAN_POINT ( 'NONE',  ( 2.596778897368142491, -2.499999999999999112, 1.719343139532131470 ) ) ;
#5892 = ORIENTED_EDGE ( 'NONE', *, *, #7176, .F. ) ;
#5893 = SURFACE_STYLE_FILL_AREA ( #7624 ) ;
#5894 = ORIENTED_EDGE ( 'NONE', *, *, #5488, .F. ) ;
#5895 = CARTESIAN_POINT ( 'NONE',  ( 2.424798316876002779, -2.400000000000000799, 1.994995928441463340 ) ) ;
#5896 = COLOUR_RGB ( '',0.8980392156862745390, 0.8980392156862745390, 0.8980392156862745390 ) ;
#5897 = CARTESIAN_POINT ( 'NONE',  ( -5.000000000000000000, 0.000000000000000000, -2.810766349256795138 ) ) ;
#5898 = CARTESIAN_POINT ( 'NONE',  ( -1.800956594368268382, -2.299999999999999822, -1.647441418907150457 ) ) ;
#5899 = UNCERTAINTY_MEASURE_WITH_UNIT (LENGTH_MEASURE( 1.000000000000000082E-05 ), #5212, 'distance_accuracy_value', 'NONE');
#5900 = CARTESIAN_POINT ( 'NONE',  ( 0.1906992855235042639, -2.500000000000000000, 2.171027811164529808 ) ) ;
#5901 = VERTEX_POINT ( 'NONE', #7634 ) ;
#5902 =( LENGTH_UNIT ( ) NAMED_UNIT ( * ) SI_UNIT ( .MILLI., .METRE. ) );
#5903 = FACE_OUTER_BOUND ( 'NONE', #2698, .T. ) ;
#5904 = STYLED_ITEM ( 'NONE', ( #1604 ), #5374 ) ;
#5905 = MECHANICAL_DESIGN_GEOMETRIC_PRESENTATION_REPRESENTATION (  '', ( #2221 ), #1083 ) ;
#5906 = MECHANICAL_DESIGN_GEOMETRIC_PRESENTATION_REPRESENTATION (  '', ( #5795 ), #6923 ) ;
#5907 = CARTESIAN_POINT ( 'NONE',  ( -0.1880455110234360572, -2.400000000000000355, 1.820097407492300645 ) ) ;
#5908 = SURFACE_STYLE_USAGE ( .BOTH. , #7788 ) ;
#5909 =( GEOMETRIC_REPRESENTATION_CONTEXT ( 3 ) GLOBAL_UNCERTAINTY_ASSIGNED_CONTEXT ( ( #3198 ) ) GLOBAL_UNIT_ASSIGNED_CONTEXT ( ( #6766, #4372, #44 ) ) REPRESENTATION_CONTEXT ( 'NONE', 'WORKASPACE' ) );
#5910 = VECTOR ( 'NONE', #476, 1000.000000000000000 ) ;
#5911 = SURFACE_STYLE_FILL_AREA ( #2899 ) ;
#5912 = CARTESIAN_POINT ( 'NONE',  ( 2.417884615384614300, -2.400000000000000355, 1.868813434829059705 ) ) ;
#5913 = DIRECTION ( 'NONE',  ( -0.000000000000000000, -0.000000000000000000, -1.000000000000000000 ) ) ;
#5914 = LINE ( 'NONE', #3391, #5860 ) ;
#5915 = EDGE_CURVE ( 'NONE', #3367, #1048, #953, .T. ) ;
#5916 = MECHANICAL_DESIGN_GEOMETRIC_PRESENTATION_REPRESENTATION (  '', ( #6815 ), #5266 ) ;
#5917 = VERTEX_POINT ( 'NONE', #3340 ) ;
#5918 = VECTOR ( 'NONE', #6284, 1000.000000000000000 ) ;
#5919 = ORIENTED_EDGE ( 'NONE', *, *, #2183, .T. ) ;
#5920 = PRESENTATION_STYLE_ASSIGNMENT (( #1070 ) ) ;
#5921 =( GEOMETRIC_REPRESENTATION_CONTEXT ( 3 ) GLOBAL_UNCERTAINTY_ASSIGNED_CONTEXT ( ( #2057 ) ) GLOBAL_UNIT_ASSIGNED_CONTEXT ( ( #5397, #1821, #7242 ) ) REPRESENTATION_CONTEXT ( 'NONE', 'WORKASPACE' ) );
#5922 = CARTESIAN_POINT ( 'NONE',  ( -2.519647435897436338, -2.400000000000000355, 2.250000000000000000 ) ) ;
#5923 = PLANE ( 'NONE',  #653 ) ;
#5924 = CARTESIAN_POINT ( 'NONE',  ( -2.408633676762341302, -1.000000000000000000, 7.750000000000000000 ) ) ;
#5925 = AXIS2_PLACEMENT_3D ( 'NONE', #7665, #5134, #7052 ) ;
#5926 = ADVANCED_FACE ( 'NONE', ( #7707 ), #2138, .T. ) ;
#5927 = CARTESIAN_POINT ( 'NONE',  ( 2.564824860734261858, -2.400000000000000355, 1.710036870189499902 ) ) ;
#5928 = ORIENTED_EDGE ( 'NONE', *, *, #3576, .F. ) ;
#5929 = STYLED_ITEM ( 'NONE', ( #2708 ), #6997 ) ;
#5930 = VERTEX_POINT ( 'NONE', #6399 ) ;
#5931 = UNCERTAINTY_MEASURE_WITH_UNIT (LENGTH_MEASURE( 1.000000000000000082E-05 ), #2670, 'distance_accuracy_value', 'NONE');
#5932 =( NAMED_UNIT ( * ) SI_UNIT ( $, .STERADIAN. ) SOLID_ANGLE_UNIT ( ) );
#5933 =( NAMED_UNIT ( * ) SI_UNIT ( $, .STERADIAN. ) SOLID_ANGLE_UNIT ( ) );
#5934 = CARTESIAN_POINT ( 'NONE',  ( 0.1328776666525758599, -2.499999999999998668, 1.816822642486323858 ) ) ;
#5935 = AXIS2_PLACEMENT_3D ( 'NONE', #2204, #952, #3339 ) ;
#5936 = CARTESIAN_POINT ( 'NONE',  ( 0.1906992855235042639, -2.400000000000000355, 2.171027811164529808 ) ) ;
#5937 = DIRECTION ( 'NONE',  ( 0.000000000000000000, 0.000000000000000000, 1.000000000000000000 ) ) ;
#5938 = EDGE_CURVE ( 'NONE', #229, #1870, #5802, .T. ) ;
#5939 = EDGE_CURVE ( 'NONE', #4174, #5437, #1763, .T. ) ;
#5940 = VECTOR ( 'NONE', #2669, 1000.000000000000000 ) ;
#5941 =( NAMED_UNIT ( * ) PLANE_ANGLE_UNIT ( ) SI_UNIT ( $, .RADIAN. ) );
#5942 = ORIENTED_EDGE ( 'NONE', *, *, #5656, .F. ) ;
#5943 = ORIENTED_EDGE ( 'NONE', *, *, #2687, .F. ) ;
#5944 = CARTESIAN_POINT ( 'NONE',  ( 0.1541317754847514876, -2.399999999999999911, 1.837004341283215325 ) ) ;
#5945 = AXIS2_PLACEMENT_3D ( 'NONE', #93, #2506, #6068 ) ;
#5946 = CARTESIAN_POINT ( 'NONE',  ( -5.000000000000000000, -2.500000000000000000, -2.250000000000000000 ) ) ;
#5947 = CARTESIAN_POINT ( 'NONE',  ( 2.611605895280330270, -2.500000000000000000, 1.726467682300723228 ) ) ;
#5948 = FACE_OUTER_BOUND ( 'NONE', #3314, .T. ) ;
#5949 = DIRECTION ( 'NONE',  ( -1.000000000000000000, 0.000000000000000000, 0.000000000000000000 ) ) ;
#5950 = DIRECTION ( 'NONE',  ( -1.000000000000000000, 0.000000000000000000, 0.000000000000000000 ) ) ;
#5951 = STYLED_ITEM ( 'NONE', ( #2553 ), #2316 ) ;
#5952 = FILL_AREA_STYLE ('',( #7787 ) ) ;
#5953 = CARTESIAN_POINT ( 'NONE',  ( 2.532685797275640027, -2.500000000000000000, 1.761538461538461497 ) ) ;
#5954 = FILL_AREA_STYLE_COLOUR ( '', #2711 ) ;
#5955 = B_SPLINE_CURVE_WITH_KNOTS ( 'NONE', 3,
 ( #5936, #4127, #2966, #528, #4167, #6578, #2236, #487, #2922, #4041, #7809 ),
 .UNSPECIFIED., .F., .F.,
 ( 4, 1, 1, 1, 1, 1, 1, 1, 4 ),
 ( 0.000000000000000000, 0.1243264850794587179, 0.2471519917741153427, 0.3687737442333481885, 0.4902465348858408012, 0.6136200636025062050, 0.7389618264298503103, 0.8673127358513662566, 1.000000000000000000 ),
 .UNSPECIFIED. ) ;
#5956 = FILL_AREA_STYLE_COLOUR ( '', #4393 ) ;
#5957 = CARTESIAN_POINT ( 'NONE',  ( 0.09525741982695712373, -2.499999999999999556, 1.791370264895706166 ) ) ;
#5958 = CARTESIAN_POINT ( 'NONE',  ( -0.2255931228884972273, -2.499999999999999112, 2.189052483338517874 ) ) ;
#5959 = DIRECTION ( 'NONE',  ( -1.000000000000000000, 0.000000000000000000, 0.000000000000000000 ) ) ;
#5960 = CARTESIAN_POINT ( 'NONE',  ( 0.1560718533293988242, -2.399999999999999911, 1.767805232884770650 ) ) ;
#5961 = ORIENTED_EDGE ( 'NONE', *, *, #477, .F. ) ;
#5962 = ORIENTED_EDGE ( 'NONE', *, *, #2662, .F. ) ;
#5963 = DIRECTION ( 'NONE',  ( -0.4283511191562788811, 0.9036123719369735241, 0.000000000000000000 ) ) ;
#5964 = EDGE_CURVE ( 'NONE', #7608, #6419, #1839, .T. ) ;
#5965 = CARTESIAN_POINT ( 'NONE',  ( -0.5460855957113092130, -2.500000000000000000, 1.630485880782381436 ) ) ;
#5966 = CARTESIAN_POINT ( 'NONE',  ( 2.465602449220652748, -2.400000000000000799, 1.718749262217152740 ) ) ;
#5967 = DIRECTION ( 'NONE',  ( 0.7296913851534245765, 0.000000000000000000, -0.6837766319733927789 ) ) ;
#5968 = CARTESIAN_POINT ( 'NONE',  ( 2.694985379901633671, -2.399999999999999911, 1.829694217808513379 ) ) ;
#5969 = VERTEX_POINT ( 'NONE', #7745 ) ;
#5970 = LINE ( 'NONE', #3386, #6391 ) ;
#5971 = ORIENTED_EDGE ( 'NONE', *, *, #5656, .T. ) ;
#5972 = CARTESIAN_POINT ( 'NONE',  ( 1.800956594368268382, -2.299999999999999822, -1.225342217102087350 ) ) ;
#5973 = CARTESIAN_POINT ( 'NONE',  ( 2.468598399148477451, -2.400000000000000355, 1.779221475812797548 ) ) ;
#5974 = CARTESIAN_POINT ( 'NONE',  ( 4.135872885735895288, -1.797251865729859954, 2.250000000000000000 ) ) ;
#5975 = LINE ( 'NONE', #613, #579 ) ;
#5976 = CARTESIAN_POINT ( 'NONE',  ( 0.2103098290598290343, -2.500000000000000000, 1.985946681356837384 ) ) ;
#5977 = MECHANICAL_DESIGN_GEOMETRIC_PRESENTATION_REPRESENTATION (  '', ( #7885 ), #3023 ) ;
#5978 = PRESENTATION_STYLE_ASSIGNMENT (( #4802 ) ) ;
#5979 = ORIENTED_EDGE ( 'NONE', *, *, #3844, .F. ) ;
#5980 = DIRECTION ( 'NONE',  ( 0.000000000000000000, 0.000000000000000000, 1.000000000000000000 ) ) ;
#5981 = EDGE_LOOP ( 'NONE', ( #3766, #674, #7797, #5631, #1552 ) ) ;
#5982 = VECTOR ( 'NONE', #2427, 1000.000000000000000 ) ;
#5983 = CARTESIAN_POINT ( 'NONE',  ( 0.05281356083001088192, -2.400000000000000799, 1.773176652020947319 ) ) ;
#5984 =( NAMED_UNIT ( * ) PLANE_ANGLE_UNIT ( ) SI_UNIT ( $, .RADIAN. ) );
#5985 = ADVANCED_FACE ( 'NONE', ( #5948 ), #573, .F. ) ;
#5986 = DIRECTION ( 'NONE',  ( 0.9034962347415947947, 0.4285960263555428362, 0.000000000000000000 ) ) ;
#5987 = PLANE ( 'NONE',  #3344 ) ;
#5988 = STYLED_ITEM ( 'NONE', ( #6641 ), #2890 ) ;
#5989 = LINE ( 'NONE', #7223, #6410 ) ;
#5990 =( NAMED_UNIT ( * ) SI_UNIT ( $, .STERADIAN. ) SOLID_ANGLE_UNIT ( ) );
#5991 = CARTESIAN_POINT ( 'NONE',  ( -1.800956594368268382, -0.2000000000000000111, -1.225342217102087350 ) ) ;
#5992 =( NAMED_UNIT ( * ) PLANE_ANGLE_UNIT ( ) SI_UNIT ( $, .RADIAN. ) );
#5993 = MECHANICAL_DESIGN_GEOMETRIC_PRESENTATION_REPRESENTATION (  '', ( #2557 ), #2103 ) ;
#5994 = FILL_AREA_STYLE ('',( #5956 ) ) ;
#5995 = CARTESIAN_POINT ( 'NONE',  ( -2.469296040331197428, -2.400000000000000355, 1.720833333333333437 ) ) ;
#5996 = DIRECTION ( 'NONE',  ( 1.000000000000000000, 0.000000000000000000, -0.000000000000000000 ) ) ;
#5997 = STYLED_ITEM ( 'NONE', ( #6012 ), #775 ) ;
#5998 = VERTEX_POINT ( 'NONE', #1137 ) ;
#5999 = COLOUR_RGB ( '',0.1843137254901960898, 0.7568627450980391913, 1.000000000000000000 ) ;
#6000 = ORIENTED_EDGE ( 'NONE', *, *, #5100, .F. ) ;
#6001 = LINE ( 'NONE', #5231, #4498 ) ;
#6002 = CARTESIAN_POINT ( 'NONE',  ( -0.2162459935897435848, -2.500000000000000000, 1.849732905982905962 ) ) ;
#6003 = CARTESIAN_POINT ( 'NONE',  ( 2.376416475941637074, -2.399999999999999911, 1.819226625150198284 ) ) ;
#6004 = CARTESIAN_POINT ( 'NONE',  ( -0.03358418873149144473, -2.399999999999999911, 1.761782765013450325 ) ) ;
#6005 = CARTESIAN_POINT ( 'NONE',  ( -0.2577991452991452714, -2.500000000000000000, 2.152583299946581263 ) ) ;
#6006 = PRESENTATION_LAYER_ASSIGNMENT (  '', '', ( #5632 ) ) ;
#6007 = PRESENTATION_STYLE_ASSIGNMENT (( #3891 ) ) ;
#6008 = EDGE_LOOP ( 'NONE', ( #7370, #1395, #1978, #6202 ) ) ;
#6009 = PLANE ( 'NONE',  #937 ) ;
#6010 = ORIENTED_EDGE ( 'NONE', *, *, #2838, .T. ) ;
#6011 = UNCERTAINTY_MEASURE_WITH_UNIT (LENGTH_MEASURE( 1.000000000000000082E-05 ), #3708, 'distance_accuracy_value', 'NONE');
#6012 = PRESENTATION_STYLE_ASSIGNMENT (( #4163 ) ) ;
#6013 = COLOUR_RGB ( '',1.000000000000000000, 1.000000000000000000, 1.000000000000000000 ) ;
#6014 = LINE ( 'NONE', #555, #2503 ) ;
#6015 = PLANE ( 'NONE',  #6957 ) ;
#6016 = DIRECTION ( 'NONE',  ( -0.000000000000000000, 1.000000000000000000, -0.000000000000000000 ) ) ;
#6017 = LINE ( 'NONE', #2963, #5982 ) ;
#6018 = PLANE ( 'NONE',  #5542 ) ;
#6019 =( NAMED_UNIT ( * ) SI_UNIT ( $, .STERADIAN. ) SOLID_ANGLE_UNIT ( ) );
#6020 = ADVANCED_FACE ( 'NONE', ( #3013 ), #5987, .F. ) ;
#6021 =( NAMED_UNIT ( * ) SI_UNIT ( $, .STERADIAN. ) SOLID_ANGLE_UNIT ( ) );
#6022 = ORIENTED_EDGE ( 'NONE', *, *, #7103, .T. ) ;
#6023 = SURFACE_STYLE_FILL_AREA ( #4807 ) ;
#6024 =( NAMED_UNIT ( * ) SI_UNIT ( $, .STERADIAN. ) SOLID_ANGLE_UNIT ( ) );
#6025 = CARTESIAN_POINT ( 'NONE',  ( -0.2544549849167421773, -2.400000000000000355, 2.156897900133565305 ) ) ;
#6026 =( NAMED_UNIT ( * ) PLANE_ANGLE_UNIT ( ) SI_UNIT ( $, .RADIAN. ) );
#6027 = FACE_OUTER_BOUND ( 'NONE', #432, .T. ) ;
#6028 = CARTESIAN_POINT ( 'NONE',  ( 2.472393491241448693, -2.500000000000000444, 2.048994332016086162 ) ) ;
#6029 = CARTESIAN_POINT ( 'NONE',  ( 2.639201743375348297, -2.400000000000000355, 1.745092423709590390 ) ) ;
#6030 = MECHANICAL_DESIGN_GEOMETRIC_PRESENTATION_REPRESENTATION (  '', ( #1328 ), #5124 ) ;
#6031 = PRESENTATION_STYLE_ASSIGNMENT (( #6592 ) ) ;
#6032 = LINE ( 'NONE', #6548, #1105 ) ;
#6033 = CARTESIAN_POINT ( 'NONE',  ( 1.800956594368268382, -0.2000000000000000111, -1.225342217102087350 ) ) ;
#6034 = COLOUR_RGB ( '',0.1843137254901960898, 0.7568627450980391913, 1.000000000000000000 ) ;
#6035 = CARTESIAN_POINT ( 'NONE',  ( 0.05281356083001088192, -2.500000000000000444, 1.773176652020947319 ) ) ;
#6036 =( GEOMETRIC_REPRESENTATION_CONTEXT ( 3 ) GLOBAL_UNCERTAINTY_ASSIGNED_CONTEXT ( ( #1647 ) ) GLOBAL_UNIT_ASSIGNED_CONTEXT ( ( #1107, #3578, #6669 ) ) REPRESENTATION_CONTEXT ( 'NONE', 'WORKASPACE' ) );
#6037 = CARTESIAN_POINT ( 'NONE',  ( -0.04542846596047516589, -2.499999999999999112, 2.263353387093528291 ) ) ;
#6038 = DIRECTION ( 'NONE',  ( 1.000000000000000000, -0.000000000000000000, -0.000000000000000000 ) ) ;
#6039 = VECTOR ( 'NONE', #6080, 1000.000000000000000 ) ;
#6040 =( NAMED_UNIT ( * ) PLANE_ANGLE_UNIT ( ) SI_UNIT ( $, .RADIAN. ) );
#6041 = ORIENTED_EDGE ( 'NONE', *, *, #4508, .T. ) ;
#6042 = AXIS2_PLACEMENT_3D ( 'NONE', #4014, #7670, #5767 ) ;
#6043 = EDGE_LOOP ( 'NONE', ( #4356, #7537, #6645, #5750, #7622, #3127 ) ) ;
#6044 = CARTESIAN_POINT ( 'NONE',  ( 4.499087289663464162, -0.9004951481143085301, -2.250000000000000000 ) ) ;
#6045 = COLOUR_RGB ( '',0.1843137254901960898, 0.7568627450980391913, 1.000000000000000000 ) ;
#6046 = AXIS2_PLACEMENT_3D ( 'NONE', #7686, #5197, #5161 ) ;
#6047 = FACE_OUTER_BOUND ( 'NONE', #4293, .T. ) ;
#6048 = COLOUR_RGB ( '',0.1843137254901960898, 0.7568627450980391913, 1.000000000000000000 ) ;
#6049 = CARTESIAN_POINT ( 'NONE',  ( -4.135872885735895288, -1.797251865729859954, 2.750000000000000000 ) ) ;
#6050 = FACE_OUTER_BOUND ( 'NONE', #676, .T. ) ;
#6051 = VECTOR ( 'NONE', #1566, 1000.000000000000000 ) ;
#6052 = CARTESIAN_POINT ( 'NONE',  ( -0.2144468597100274709, -2.399999999999999467, 1.771156477340314117 ) ) ;
#6053 = VECTOR ( 'NONE', #7775, 1000.000000000000000 ) ;
#6054 = PRESENTATION_LAYER_ASSIGNMENT (  '', '', ( #7324 ) ) ;
#6055 =( GEOMETRIC_REPRESENTATION_CONTEXT ( 3 ) GLOBAL_UNCERTAINTY_ASSIGNED_CONTEXT ( ( #5621 ) ) GLOBAL_UNIT_ASSIGNED_CONTEXT ( ( #4786, #1312, #2993 ) ) REPRESENTATION_CONTEXT ( 'NONE', 'WORKASPACE' ) );
#6056 = ORIENTED_EDGE ( 'NONE', *, *, #6091, .T. ) ;
#6057 = DIRECTION ( 'NONE',  ( 1.000000000000000000, 0.000000000000000000, 0.000000000000000000 ) ) ;
#6058 = ORIENTED_EDGE ( 'NONE', *, *, #1791, .T. ) ;
#6059 = CARTESIAN_POINT ( 'NONE',  ( 2.539999999999999591, -2.400000000000000355, 1.347630107884207229 ) ) ;
#6060 = CARTESIAN_POINT ( 'NONE',  ( 2.689216523159615235, -2.400000000000000799, 1.813391086287052145 ) ) ;
#6061 = CIRCLE ( 'NONE', #4634, 0.6685684054278679955 ) ;
#6062 = CARTESIAN_POINT ( 'NONE',  ( 0.2577991452991452714, -2.400000000000000355, 1.982342581463675257 ) ) ;
#6063 = STYLED_ITEM ( 'NONE', ( #1497 ), #1550 ) ;
#6064 = DIRECTION ( 'NONE',  ( -0.000000000000000000, -1.000000000000000000, -0.000000000000000000 ) ) ;
#6065 = CARTESIAN_POINT ( 'NONE',  ( 0.006000212079390300317, -2.500000000000000000, 2.262181624091073928 ) ) ;
#6066 = ORIENTED_EDGE ( 'NONE', *, *, #3329, .T. ) ;
#6067 = AXIS2_PLACEMENT_3D ( 'NONE', #53, #5986, #2468 ) ;
#6068 = DIRECTION ( 'NONE',  ( 0.000000000000000000, 0.000000000000000000, -1.000000000000000000 ) ) ;
#6069 = CARTESIAN_POINT ( 'NONE',  ( -0.1880455110234360572, -2.500000000000000888, 1.820097407492300645 ) ) ;
#6070 = EDGE_CURVE ( 'NONE', #2457, #1905, #6626, .T. ) ;
#6071 =( LENGTH_UNIT ( ) NAMED_UNIT ( * ) SI_UNIT ( .MILLI., .METRE. ) );
#6072 = CARTESIAN_POINT ( 'NONE',  ( 2.547773634733388803, -2.499999999999999556, 1.707651764087707358 ) ) ;
#6073 = CARTESIAN_POINT ( 'NONE',  ( 2.750000000000000444, -0.1000000000000000056, 2.249999999999998668 ) ) ;
#6074 = FILL_AREA_STYLE_COLOUR ( '', #155 ) ;
#6075 =( GEOMETRIC_REPRESENTATION_CONTEXT ( 3 ) GLOBAL_UNCERTAINTY_ASSIGNED_CONTEXT ( ( #4538 ) ) GLOBAL_UNIT_ASSIGNED_CONTEXT ( ( #1073, #7586, #1043 ) ) REPRESENTATION_CONTEXT ( 'NONE', 'WORKASPACE' ) );
#6076 = CARTESIAN_POINT ( 'NONE',  ( 0.03475739763404337573, -2.500000000000000000, -3.591119187505327659 ) ) ;
#6077 = LINE ( 'NONE', #3577, #906 ) ;
#6078 = SURFACE_STYLE_FILL_AREA ( #3662 ) ;
#6079 = EDGE_CURVE ( 'NONE', #3584, #7655, #3218, .T. ) ;
#6080 = DIRECTION ( 'NONE',  ( -0.000000000000000000, -1.000000000000000000, -0.000000000000000000 ) ) ;
#6081 = DIRECTION ( 'NONE',  ( 0.000000000000000000, 0.000000000000000000, 1.000000000000000000 ) ) ;
#6082 = ORIENTED_EDGE ( 'NONE', *, *, #6785, .T. ) ;
#6083 =( LENGTH_UNIT ( ) NAMED_UNIT ( * ) SI_UNIT ( .MILLI., .METRE. ) );
#6084 = CARTESIAN_POINT ( 'NONE',  ( 3.086085595711308915, -2.400000000000000355, 1.630485880782381436 ) ) ;
#6085 = VECTOR ( 'NONE', #6466, 1000.000000000000000 ) ;
#6086 = EDGE_LOOP ( 'NONE', ( #6905, #3401, #1553, #2070 ) ) ;
#6087 = VERTEX_POINT ( 'NONE', #6660 ) ;
#6088 = FILL_AREA_STYLE_COLOUR ( '', #6512 ) ;
#6089 = CARTESIAN_POINT ( 'NONE',  ( 0.006000212079390300317, -2.400000000000000355, 2.262181624091073928 ) ) ;
#6090 = MECHANICAL_DESIGN_GEOMETRIC_PRESENTATION_REPRESENTATION (  '', ( #5951 ), #1383 ) ;
#6091 = EDGE_CURVE ( 'NONE', #1185, #1858, #3614, .T. ) ;
#6092 = FILL_AREA_STYLE ('',( #1236 ) ) ;
#6093 = CARTESIAN_POINT ( 'NONE',  ( 2.417884615384614300, -2.500000000000000000, 1.868813434829059705 ) ) ;
#6094 = CARTESIAN_POINT ( 'NONE',  ( -0.03648089972024515931, -2.499999999999999556, 2.209039544380150488 ) ) ;
#6095 = EDGE_CURVE ( 'NONE', #2261, #1948, #2626, .T. ) ;
#6096 = CARTESIAN_POINT ( 'NONE',  ( -0.1451777087237364205, -2.499999999999998668, 1.729408596346316163 ) ) ;
#6097 = ORIENTED_EDGE ( 'NONE', *, *, #3777, .T. ) ;
#6098 =( LENGTH_UNIT ( ) NAMED_UNIT ( * ) SI_UNIT ( .MILLI., .METRE. ) );
#6099 = VERTEX_POINT ( 'NONE', #1965 ) ;
#6100 = UNCERTAINTY_MEASURE_WITH_UNIT (LENGTH_MEASURE( 1.000000000000000082E-05 ), #400, 'distance_accuracy_value', 'NONE');
#6101 =( NAMED_UNIT ( * ) PLANE_ANGLE_UNIT ( ) SI_UNIT ( $, .RADIAN. ) );
#6102 = CARTESIAN_POINT ( 'NONE',  ( 5.000000000000000000, -0.7027481342701399347, 2.750000000000000000 ) ) ;
#6103 = LINE ( 'NONE', #2390, #4619 ) ;
#6104 = FILL_AREA_STYLE_COLOUR ( '', #264 ) ;
#6105 = CARTESIAN_POINT ( 'NONE',  ( 2.418546479496323620, -2.399999999999999023, 1.885969701147815591 ) ) ;
#6106 = ORIENTED_EDGE ( 'NONE', *, *, #4597, .F. ) ;
#6107 = CARTESIAN_POINT ( 'NONE',  ( 2.363611111111109775, -2.500000000000000000, 2.195726495726495919 ) ) ;
#6108 = CARTESIAN_POINT ( 'NONE',  ( -2.839999999999999858, -1.500000000000000000, 2.250000000000000000 ) ) ;
#6109 = ORIENTED_EDGE ( 'NONE', *, *, #5488, .T. ) ;
#6110 = CARTESIAN_POINT ( 'NONE',  ( -0.1748160299989920952, -2.500000000000000000, 1.743782984508301936 ) ) ;
#6111 = CARTESIAN_POINT ( 'NONE',  ( 0.05315503717198669792, -2.500000000000000444, 2.254768118829721946 ) ) ;
#6112 = CARTESIAN_POINT ( 'NONE',  ( -2.438237179487180217, -2.400000000000000355, 1.775106837606837518 ) ) ;
#6113 = SURFACE_STYLE_FILL_AREA ( #6738 ) ;
#6114 =( NAMED_UNIT ( * ) PLANE_ANGLE_UNIT ( ) SI_UNIT ( $, .RADIAN. ) );
#6115 = CARTESIAN_POINT ( 'NONE',  ( 0.2999999999999999334, -1.000000000000000000, 2.250000000000000000 ) ) ;
#6116 = CARTESIAN_POINT ( 'NONE',  ( 2.370651308386320544, -2.400000000000000799, 1.871943522456937625 ) ) ;
#6117 = ADVANCED_FACE ( 'NONE', ( #1259 ), #6707, .T. ) ;
#6118 =( LENGTH_UNIT ( ) NAMED_UNIT ( * ) SI_UNIT ( .MILLI., .METRE. ) );
#6119 = SURFACE_STYLE_USAGE ( .BOTH. , #6777 ) ;
#6120 =( LENGTH_UNIT ( ) NAMED_UNIT ( * ) SI_UNIT ( .MILLI., .METRE. ) );
#6121 = PRESENTATION_LAYER_ASSIGNMENT (  '', '', ( #5988 ) ) ;
#6122 = CARTESIAN_POINT ( 'NONE',  ( 2.453529990251888560, -2.100000000000000089, 0.7531436111372146192 ) ) ;
#6123 =( NAMED_UNIT ( * ) SI_UNIT ( $, .STERADIAN. ) SOLID_ANGLE_UNIT ( ) );
#6124 = CARTESIAN_POINT ( 'NONE',  ( 4.550784378080527048, 0.000000000000000000, 0.8002088216562512901 ) ) ;
#6125 = DIRECTION ( 'NONE',  ( -1.000000000000000000, 0.000000000000000000, 0.000000000000000000 ) ) ;
#6126 = ORIENTED_EDGE ( 'NONE', *, *, #885, .F. ) ;
#6127 = ORIENTED_EDGE ( 'NONE', *, *, #153, .T. ) ;
#6128 = CARTESIAN_POINT ( 'NONE',  ( 0.2575629631699180577, -2.500000000000000444, 1.972824714689088932 ) ) ;
#6129 =( LENGTH_UNIT ( ) NAMED_UNIT ( * ) SI_UNIT ( .MILLI., .METRE. ) );
#6130 = CARTESIAN_POINT ( 'NONE',  ( 0.05315503717198669792, -2.400000000000000799, 2.254768118829721946 ) ) ;
#6131 = PLANE ( 'NONE',  #1349 ) ;
#6132 = CARTESIAN_POINT ( 'NONE',  ( -0.1887219147797668528, -2.500000000000000000, 1.752124152421669967 ) ) ;
#6133 = VECTOR ( 'NONE', #7285, 1000.000000000000000 ) ;
#6134 =( GEOMETRIC_REPRESENTATION_CONTEXT ( 3 ) GLOBAL_UNCERTAINTY_ASSIGNED_CONTEXT ( ( #2812 ) ) GLOBAL_UNIT_ASSIGNED_CONTEXT ( ( #7203, #4837, #5491 ) ) REPRESENTATION_CONTEXT ( 'NONE', 'WORKASPACE' ) );
#6135 = ORIENTED_EDGE ( 'NONE', *, *, #6990, .T. ) ;
#6136 = DIRECTION ( 'NONE',  ( -1.000000000000000000, 0.000000000000000000, 2.585880967736787790E-16 ) ) ;
#6137 = ORIENTED_EDGE ( 'NONE', *, *, #4987, .F. ) ;
#6138 = CARTESIAN_POINT ( 'NONE',  ( -3.086085595711309804, -2.500000000000000000, 2.250000000000000000 ) ) ;
#6139 = CARTESIAN_POINT ( 'NONE',  ( 2.699055885977699631, -2.400000000000000355, 1.846939807583052984 ) ) ;
#6140 = DIRECTION ( 'NONE',  ( 0.000000000000000000, 1.000000000000000000, 0.000000000000000000 ) ) ;
#6141 = VECTOR ( 'NONE', #5774, 1000.000000000000000 ) ;
#6142 = CARTESIAN_POINT ( 'NONE',  ( -5.000000000000000000, -0.1000000000000000056, 0.4132593211698106228 ) ) ;
#6143 =( LENGTH_UNIT ( ) NAMED_UNIT ( * ) SI_UNIT ( .MILLI., .METRE. ) );
#6144 = VECTOR ( 'NONE', #3376, 1000.000000000000000 ) ;
#6145 = EDGE_CURVE ( 'NONE', #7656, #4064, #4348, .T. ) ;
#6146 =( NAMED_UNIT ( * ) PLANE_ANGLE_UNIT ( ) SI_UNIT ( $, .RADIAN. ) );
#6147 = VERTEX_POINT ( 'NONE', #7346 ) ;
#6148 = APPLICATION_CONTEXT ( 'automotive_design' ) ;
#6149 = SURFACE_SIDE_STYLE ('',( #1208 ) ) ;
#6150 = CYLINDRICAL_SURFACE ( 'NONE', #2828, 0.2394398982144593790 ) ;
#6151 = CARTESIAN_POINT ( 'NONE',  ( 5.000000000000000000, 0.000000000000000000, 2.250000000000000000 ) ) ;
#6152 =( NAMED_UNIT ( * ) SI_UNIT ( $, .STERADIAN. ) SOLID_ANGLE_UNIT ( ) );
#6153 =( LENGTH_UNIT ( ) NAMED_UNIT ( * ) SI_UNIT ( .MILLI., .METRE. ) );
#6154 = VECTOR ( 'NONE', #5215, 1000.000000000000000 ) ;
#6155 = CARTESIAN_POINT ( 'NONE',  ( 2.596778897368142491, -2.399999999999999467, 1.719343139532131470 ) ) ;
#6156 = FACE_OUTER_BOUND ( 'NONE', #618, .T. ) ;
#6157 = CARTESIAN_POINT ( 'NONE',  ( -0.2577991452991452714, -2.400000000000000355, 1.817932024572649352 ) ) ;
#6158 = FACE_OUTER_BOUND ( 'NONE', #1560, .T. ) ;
#6159 = FILL_AREA_STYLE_COLOUR ( '', #7260 ) ;
#6160 = AXIS2_PLACEMENT_3D ( 'NONE', #6902, #3782, #5605 ) ;
#6161 = ORIENTED_EDGE ( 'NONE', *, *, #7084, .F. ) ;
#6162 = LINE ( 'NONE', #7236, #1844 ) ;
#6163 = CARTESIAN_POINT ( 'NONE',  ( 0.1843570907306734119, -2.400000000000000355, 2.093292361267840462 ) ) ;
#6164 = MECHANICAL_DESIGN_GEOMETRIC_PRESENTATION_REPRESENTATION (  '', ( #6300 ), #4374 ) ;
#6165 = CARTESIAN_POINT ( 'NONE',  ( 2.453529990251888560, -2.500000000000000000, 0.7531436111372146192 ) ) ;
#6166 = CARTESIAN_POINT ( 'NONE',  ( 2.530247729700853210, -2.400000000000000799, 1.707264957264957195 ) ) ;
#6167 = VECTOR ( 'NONE', #4781, 1000.000000000000000 ) ;
#6168 =( GEOMETRIC_REPRESENTATION_CONTEXT ( 3 ) GLOBAL_UNCERTAINTY_ASSIGNED_CONTEXT ( ( #6454 ) ) GLOBAL_UNIT_ASSIGNED_CONTEXT ( ( #5055, #6386, #821 ) ) REPRESENTATION_CONTEXT ( 'NONE', 'WORKASPACE' ) );
#6169 = ORIENTED_EDGE ( 'NONE', *, *, #6709, .T. ) ;
#6170 = STYLED_ITEM ( 'NONE', ( #4323 ), #1079 ) ;
#6171 = VERTEX_POINT ( 'NONE', #823 ) ;
#6172 = FILL_AREA_STYLE ('',( #5622 ) ) ;
#6173 = ORIENTED_EDGE ( 'NONE', *, *, #2975, .T. ) ;
#6174 = CARTESIAN_POINT ( 'NONE',  ( 0.1351057300848813869, -2.400000000000000799, 2.219886205686428138 ) ) ;
#6175 = SURFACE_STYLE_USAGE ( .BOTH. , #7487 ) ;
#6176 = ADVANCED_FACE ( 'NONE', ( #3056 ), #1374, .F. ) ;
#6177 = FACE_OUTER_BOUND ( 'NONE', #7587, .T. ) ;
#6178 = COLOUR_RGB ( '',0.8313725490196077761, 0.8313725490196077761, 0.8196078431372548767 ) ;
#6179 =( GEOMETRIC_REPRESENTATION_CONTEXT ( 3 ) GLOBAL_UNCERTAINTY_ASSIGNED_CONTEXT ( ( #7697 ) ) GLOBAL_UNIT_ASSIGNED_CONTEXT ( ( #5152, #2788, #4552 ) ) REPRESENTATION_CONTEXT ( 'NONE', 'WORKASPACE' ) );
#6180 = CARTESIAN_POINT ( 'NONE',  ( 2.466726523132978688, -2.399999999999997691, 1.975033816364070605 ) ) ;
#6181 = ADVANCED_FACE ( 'NONE', ( #5595 ), #5510, .T. ) ;
#6182 = VECTOR ( 'NONE', #6204, 1000.000000000000000 ) ;
#6183 = FACE_OUTER_BOUND ( 'NONE', #1280, .T. ) ;
#6184 = ORIENTED_EDGE ( 'NONE', *, *, #5702, .T. ) ;
#6185 = COLOUR_RGB ( '',0.1843137254901960898, 0.7568627450980391913, 1.000000000000000000 ) ;
#6186 = ORIENTED_EDGE ( 'NONE', *, *, #5915, .T. ) ;
#6187 = VECTOR ( 'NONE', #4274, 1000.000000000000000 ) ;
#6188 = FACE_OUTER_BOUND ( 'NONE', #6411, .T. ) ;
#6189 = COLOUR_RGB ( '',0.1843137254901960898, 0.7568627450980391913, 1.000000000000000000 ) ;
#6190 = EDGE_CURVE ( 'NONE', #554, #1694, #1018, .T. ) ;
#6191 = DIRECTION ( 'NONE',  ( -0.4188422247446095259, -0.9080590238365487954, 0.000000000000000000 ) ) ;
#6192 = DIRECTION ( 'NONE',  ( 0.000000000000000000, -0.000000000000000000, -1.000000000000000000 ) ) ;
#6193 = STYLED_ITEM ( 'NONE', ( #913 ), #1568 ) ;
#6194 = MECHANICAL_DESIGN_GEOMETRIC_PRESENTATION_REPRESENTATION (  '', ( #7716 ), #2126 ) ;
#6195 = LINE ( 'NONE', #7545, #411 ) ;
#6196 = DIRECTION ( 'NONE',  ( 0.3385652849408001819, -0.000000000000000000, -0.9409429035988075007 ) ) ;
#6197 = LINE ( 'NONE', #752, #2852 ) ;
#6198 = PRESENTATION_STYLE_ASSIGNMENT (( #2520 ) ) ;
#6199 = SURFACE_SIDE_STYLE ('',( #107 ) ) ;
#6200 =( GEOMETRIC_REPRESENTATION_CONTEXT ( 3 ) GLOBAL_UNCERTAINTY_ASSIGNED_CONTEXT ( ( #6929 ) ) GLOBAL_UNIT_ASSIGNED_CONTEXT ( ( #2856, #5178, #2779 ) ) REPRESENTATION_CONTEXT ( 'NONE', 'WORKASPACE' ) );
#6201 = SURFACE_SIDE_STYLE ('',( #4509 ) ) ;
#6202 = ORIENTED_EDGE ( 'NONE', *, *, #1903, .T. ) ;
#6203 = VECTOR ( 'NONE', #3896, 1000.000000000000000 ) ;
#6204 = DIRECTION ( 'NONE',  ( -0.000000000000000000, -0.000000000000000000, 1.000000000000000000 ) ) ;
#6205 =( GEOMETRIC_REPRESENTATION_CONTEXT ( 3 ) GLOBAL_UNCERTAINTY_ASSIGNED_CONTEXT ( ( #7284 ) ) GLOBAL_UNIT_ASSIGNED_CONTEXT ( ( #7806, #6101, #5453 ) ) REPRESENTATION_CONTEXT ( 'NONE', 'WORKASPACE' ) );
#6206 = DIRECTION ( 'NONE',  ( 8.619603225789286882E-17, 0.000000000000000000, 1.000000000000000000 ) ) ;
#6207 =( NAMED_UNIT ( * ) PLANE_ANGLE_UNIT ( ) SI_UNIT ( $, .RADIAN. ) );
#6208 =( NAMED_UNIT ( * ) SI_UNIT ( $, .STERADIAN. ) SOLID_ANGLE_UNIT ( ) );
#6209 = STYLED_ITEM ( 'NONE', ( #7851 ), #2094 ) ;
#6210 = DIRECTION ( 'NONE',  ( -1.000000000000000000, 0.000000000000000000, 0.000000000000000000 ) ) ;
#6211 = EDGE_LOOP ( 'NONE', ( #3200, #3785, #3075, #2653 ) ) ;
#6212 = EDGE_CURVE ( 'NONE', #1384, #2218, #3892, .T. ) ;
#6213 = ORIENTED_EDGE ( 'NONE', *, *, #979, .T. ) ;
#6214 = DIRECTION ( 'NONE',  ( -0.9080590238365489064, 0.4188422247446095814, 0.000000000000000000 ) ) ;
#6215 = VECTOR ( 'NONE', #5636, 1000.000000000000000 ) ;
#6216 = ORIENTED_EDGE ( 'NONE', *, *, #6290, .F. ) ;
#6217 = CARTESIAN_POINT ( 'NONE',  ( 0.1873543905253103881, -2.400000000000000799, 2.174817562849269414 ) ) ;
#6218 = CARTESIAN_POINT ( 'NONE',  ( -0.09690410707093266574, -2.500000000000000000, 2.256574301206327515 ) ) ;
#6219 =( NAMED_UNIT ( * ) PLANE_ANGLE_UNIT ( ) SI_UNIT ( $, .RADIAN. ) );
#6220 = CARTESIAN_POINT ( 'NONE',  ( 4.576522435897437902, -0.9004951481143085301, -2.250000000000000000 ) ) ;
#6221 = EDGE_LOOP ( 'NONE', ( #931, #5820, #3116, #3725 ) ) ;
#6222 = EDGE_LOOP ( 'NONE', ( #1747, #3153, #1346, #1012, #5351, #4217 ) ) ;
#6223 = EDGE_CURVE ( 'NONE', #5125, #3667, #4511, .T. ) ;
#6224 = CARTESIAN_POINT ( 'NONE',  ( 2.371158834268646043, -2.400000000000000799, 1.886554596089867308 ) ) ;
#6225 = DIRECTION ( 'NONE',  ( -0.3385652849408002374, 0.000000000000000000, 0.9409429035988075007 ) ) ;
#6226 = DIRECTION ( 'NONE',  ( 0.3385652849407995713, 0.000000000000000000, 0.9409429035988078338 ) ) ;
#6227 = SURFACE_STYLE_USAGE ( .BOTH. , #3774 ) ;
#6228 = PRESENTATION_STYLE_ASSIGNMENT (( #6313 ) ) ;
#6229 = FILL_AREA_STYLE_COLOUR ( '', #3088 ) ;
#6230 = CARTESIAN_POINT ( 'NONE',  ( -0.2098457643977127141, -2.500000000000000000, 2.128126387184484880 ) ) ;
#6231 = EDGE_CURVE ( 'NONE', #2726, #6292, #5757, .T. ) ;
#6232 = SURFACE_STYLE_FILL_AREA ( #1571 ) ;
#6233 = CARTESIAN_POINT ( 'NONE',  ( 2.651419970242198776, -2.399999999999999467, 1.856421852574904996 ) ) ;
#6234 = SURFACE_SIDE_STYLE ('',( #5565 ) ) ;
#6235 =( LENGTH_UNIT ( ) NAMED_UNIT ( * ) SI_UNIT ( .MILLI., .METRE. ) );
#6236 = CARTESIAN_POINT ( 'NONE',  ( 0.2101277519482090128, -2.500000000000000888, 1.970435845640735373 ) ) ;
#6237 = CARTESIAN_POINT ( 'NONE',  ( 2.609855936164528600, -2.400000000000000355, 2.195726495726495919 ) ) ;
#6238 = PRESENTATION_STYLE_ASSIGNMENT (( #3178 ) ) ;
#6239 = AXIS2_PLACEMENT_3D ( 'NONE', #201, #6297, #4482 ) ;
#6240 = PRESENTATION_STYLE_ASSIGNMENT (( #7396 ) ) ;
#6241 = VERTEX_POINT ( 'NONE', #2810 ) ;
#6242 = VECTOR ( 'NONE', #6566, 1000.000000000000000 ) ;
#6243 = CARTESIAN_POINT ( 'NONE',  ( 0.1725671897419531753, -2.400000000000000355, 2.111757079035675666 ) ) ;
#6244 = DIRECTION ( 'NONE',  ( 1.000000000000000000, 0.000000000000000000, -4.659762792526940292E-16 ) ) ;
#6245 =( LENGTH_UNIT ( ) NAMED_UNIT ( * ) SI_UNIT ( .MILLI., .METRE. ) );
#6246 = FACE_OUTER_BOUND ( 'NONE', #2734, .T. ) ;
#6247 = CARTESIAN_POINT ( 'NONE',  ( 0.1960564678955034890, -2.400000000000000355, 2.164444662272211328 ) ) ;
#6248 = CARTESIAN_POINT ( 'NONE',  ( 2.376416475941637074, -2.499999999999999556, 1.819226625150198284 ) ) ;
#6249 = MECHANICAL_DESIGN_GEOMETRIC_PRESENTATION_REPRESENTATION (  '', ( #266 ), #5339 ) ;
#6250 = EDGE_LOOP ( 'NONE', ( #3125, #1010, #5237 ) ) ;
#6251 = VERTEX_POINT ( 'NONE', #3373 ) ;
#6252 = UNCERTAINTY_MEASURE_WITH_UNIT (LENGTH_MEASURE( 1.000000000000000082E-05 ), #1351, 'distance_accuracy_value', 'NONE');
#6253 =( NAMED_UNIT ( * ) PLANE_ANGLE_UNIT ( ) SI_UNIT ( $, .RADIAN. ) );
#6254 = EDGE_LOOP ( 'NONE', ( #7407, #6383, #4702, #5662 ) ) ;
#6255 = LINE ( 'NONE', #5663, #6581 ) ;
#6256 = CARTESIAN_POINT ( 'NONE',  ( -0.1738709297679417731, -2.499999999999999112, 2.227062421896494282 ) ) ;
#6257 = VECTOR ( 'NONE', #3817, 1000.000000000000000 ) ;
#6258 = DIRECTION ( 'NONE',  ( 0.3385652849408007925, 0.000000000000000000, 0.9409429035988072787 ) ) ;
#6259 = PRESENTATION_LAYER_ASSIGNMENT (  '', '', ( #5870 ) ) ;
#6260 = DIRECTION ( 'NONE',  ( -0.4283511191562788811, 0.9036123719369734131, 0.000000000000000000 ) ) ;
#6261 = B_SPLINE_CURVE_WITH_KNOTS ( 'NONE', 3,
 ( #305, #2718, #5186, #1511, #5735, #2211, #960, #4620, #2254, #7069, #4023, #4580, #269, #2682, #3909, #1658, #1033, #6988, #7561 ),
 .UNSPECIFIED., .F., .F.,
 ( 4, 1, 1, 1, 1, 1, 1, 1, 1, 1, 1, 1, 1, 1, 1, 1, 4 ),
 ( 0.000000000000000000, 0.06432246778181961722, 0.1262886335379624081, 0.1867242955000420757, 0.2464168158680686560, 0.3055837265637827427, 0.3654367727676125499, 0.4263329871858878573, 0.4888458569063454662, 0.5517301902635035615, 0.6139230909085517940, 0.6754875435196862066, 0.7373369548421792041, 0.8002313699638063937, 0.8645038754762071065, 0.9310415419227366929, 1.000000000000000000 ),
 .UNSPECIFIED. ) ;
#6262 = EDGE_LOOP ( 'NONE', ( #2540, #5694, #6914, #5670 ) ) ;
#6263 = DIRECTION ( 'NONE',  ( -0.9079872537420915490, 0.4189977888269755812, 0.000000000000000000 ) ) ;
#6264 = ORIENTED_EDGE ( 'NONE', *, *, #1172, .T. ) ;
#6265 = STYLED_ITEM ( 'NONE', ( #3911 ), #3334 ) ;
#6266 = FILL_AREA_STYLE ('',( #5053 ) ) ;
#6267 = CARTESIAN_POINT ( 'NONE',  ( 5.000000000000000000, -0.1000000000000000056, 1.187158322142691791 ) ) ;
#6268 = EDGE_CURVE ( 'NONE', #1948, #1366, #5827, .T. ) ;
#6269 = LINE ( 'NONE', #822, #7077 ) ;
#6270 = PRESENTATION_LAYER_ASSIGNMENT (  '', '', ( #1806 ) ) ;
#6271 = SURFACE_STYLE_USAGE ( .BOTH. , #7502 ) ;
#6272 = CARTESIAN_POINT ( 'NONE',  ( -2.519647435897436338, -2.400000000000000355, 2.250000000000000000 ) ) ;
#6273 = VERTEX_POINT ( 'NONE', #375 ) ;
#6274 = CARTESIAN_POINT ( 'NONE',  ( 2.536825063579338124, -2.500000000000000000, 1.761642269115034187 ) ) ;
#6275 = CARTESIAN_POINT ( 'NONE',  ( 2.619693091670945773, -2.500000000000000000, 1.796281688826478984 ) ) ;
#6276 = DIRECTION ( 'NONE',  ( -0.000000000000000000, -1.000000000000000000, -0.000000000000000000 ) ) ;
#6277 = FILL_AREA_STYLE_COLOUR ( '', #469 ) ;
#6278 = DIRECTION ( 'NONE',  ( 0.000000000000000000, 0.000000000000000000, -1.000000000000000000 ) ) ;
#6279 = DIRECTION ( 'NONE',  ( -1.000000000000000000, 0.000000000000000000, -0.000000000000000000 ) ) ;
#6280 = UNCERTAINTY_MEASURE_WITH_UNIT (LENGTH_MEASURE( 1.000000000000000082E-05 ), #4764, 'distance_accuracy_value', 'NONE');
#6281 = ORIENTED_EDGE ( 'NONE', *, *, #3460, .F. ) ;
#6282 = CARTESIAN_POINT ( 'NONE',  ( 3.823477564102566451, -0.9004951481143085301, -2.250000000000000000 ) ) ;
#6283 =( NAMED_UNIT ( * ) PLANE_ANGLE_UNIT ( ) SI_UNIT ( $, .RADIAN. ) );
#6284 = DIRECTION ( 'NONE',  ( -0.000000000000000000, 1.000000000000000000, -0.000000000000000000 ) ) ;
#6285 =( NAMED_UNIT ( * ) PLANE_ANGLE_UNIT ( ) SI_UNIT ( $, .RADIAN. ) );
#6286 = ORIENTED_EDGE ( 'NONE', *, *, #1120, .T. ) ;
#6287 = SURFACE_SIDE_STYLE ('',( #6911 ) ) ;
#6288 = EDGE_CURVE ( 'NONE', #1702, #3225, #2198, .T. ) ;
#6289 = FACE_OUTER_BOUND ( 'NONE', #6495, .T. ) ;
#6290 = EDGE_CURVE ( 'NONE', #3201, #5815, #3257, .T. ) ;
#6291 = ORIENTED_EDGE ( 'NONE', *, *, #2888, .T. ) ;
#6292 = VERTEX_POINT ( 'NONE', #4601 ) ;
#6293 = VECTOR ( 'NONE', #543, 1000.000000000000000 ) ;
#6294 = VERTEX_POINT ( 'NONE', #7046 ) ;
#6295 = CARTESIAN_POINT ( 'NONE',  ( 2.477458266559828370, -2.400000000000000799, 2.054424579326923350 ) ) ;
#6296 = CARTESIAN_POINT ( 'NONE',  ( -0.1131620648529207546, -2.500000000000000444, 2.252389323753448913 ) ) ;
#6297 = DIRECTION ( 'NONE',  ( -0.000000000000000000, -1.000000000000000000, -0.000000000000000000 ) ) ;
#6298 = COLOUR_RGB ( '',0.1843137254901960898, 0.7568627450980391913, 1.000000000000000000 ) ;
#6299 = DIRECTION ( 'NONE',  ( 1.000000000000000000, 0.000000000000000000, 0.000000000000000000 ) ) ;
#6300 = STYLED_ITEM ( 'NONE', ( #1492 ), #3925 ) ;
#6301 = ORIENTED_EDGE ( 'NONE', *, *, #5939, .T. ) ;
#6302 = DIRECTION ( 'NONE',  ( 0.000000000000000000, 0.000000000000000000, 1.000000000000000000 ) ) ;
#6303 = ORIENTED_EDGE ( 'NONE', *, *, #402, .T. ) ;
#6304 = PRESENTATION_LAYER_ASSIGNMENT (  '', '', ( #1840 ) ) ;
#6305 =( GEOMETRIC_REPRESENTATION_CONTEXT ( 3 ) GLOBAL_UNCERTAINTY_ASSIGNED_CONTEXT ( ( #4966 ) ) GLOBAL_UNIT_ASSIGNED_CONTEXT ( ( #6071, #6026, #1060 ) ) REPRESENTATION_CONTEXT ( 'NONE', 'WORKASPACE' ) );
#6306 = PRESENTATION_LAYER_ASSIGNMENT (  '', '', ( #7581 ) ) ;
#6307 = STYLED_ITEM ( 'NONE', ( #7722 ), #1058 ) ;
#6308 = FACE_OUTER_BOUND ( 'NONE', #4085, .T. ) ;
#6309 = FILL_AREA_STYLE_COLOUR ( '', #448 ) ;
#6310 = UNCERTAINTY_MEASURE_WITH_UNIT (LENGTH_MEASURE( 1.000000000000000082E-05 ), #1143, 'distance_accuracy_value', 'NONE');
#6311 = DIRECTION ( 'NONE',  ( 0.000000000000000000, 1.000000000000000000, 0.000000000000000000 ) ) ;
#6312 = CIRCLE ( 'NONE', #7322, 0.2394398982144593790 ) ;
#6313 = SURFACE_STYLE_USAGE ( .BOTH. , #172 ) ;
#6314 = COLOUR_RGB ( '',0.8313725490196077761, 0.8313725490196077761, 0.8196078431372548767 ) ;
#6315 = CIRCLE ( 'NONE', #2845, 0.6078624301311709166 ) ;
#6316 = DIRECTION ( 'NONE',  ( -0.000000000000000000, 1.000000000000000000, -0.000000000000000000 ) ) ;
#6317 = CARTESIAN_POINT ( 'NONE',  ( -4.135872885735895288, -0.7027481342701399347, 2.750000000000000000 ) ) ;
#6318 = LINE ( 'NONE', #7463, #230 ) ;
#6319 = SURFACE_SIDE_STYLE ('',( #7391 ) ) ;
#6320 = DIRECTION ( 'NONE',  ( 0.000000000000000000, 1.000000000000000000, 0.000000000000000000 ) ) ;
#6321 =( LENGTH_UNIT ( ) NAMED_UNIT ( * ) SI_UNIT ( .MILLI., .METRE. ) );
#6322 = CARTESIAN_POINT ( 'NONE',  ( 0.2102488081201960568, -2.500000000000000000, 1.980748412549365733 ) ) ;
#6323 = CARTESIAN_POINT ( 'NONE',  ( -1.148629566403928992, -0.2000000000000000111, -1.447028670344146617 ) ) ;
#6324 = FILL_AREA_STYLE_COLOUR ( '', #4106 ) ;
#6325 = CARTESIAN_POINT ( 'NONE',  ( -2.750000000000000444, 0.000000000000000000, 2.250000000000000000 ) ) ;
#6326 = CARTESIAN_POINT ( 'NONE',  ( 5.000000000000000000, -2.500000000000000000, -2.250000000000000000 ) ) ;
#6327 = PRESENTATION_STYLE_ASSIGNMENT (( #3109 ) ) ;
#6328 = AXIS2_PLACEMENT_3D ( 'NONE', #1921, #4424, #3773 ) ;
#6329 = SURFACE_STYLE_USAGE ( .BOTH. , #7435 ) ;
#6330 = LINE ( 'NONE', #2643, #1431 ) ;
#6331 = CARTESIAN_POINT ( 'NONE',  ( -2.469296040331197428, -2.500000000000000000, 1.720833333333333437 ) ) ;
#6332 = ORIENTED_EDGE ( 'NONE', *, *, #1495, .F. ) ;
#6333 = VECTOR ( 'NONE', #7727, 1000.000000000000000 ) ;
#6334 = VERTEX_POINT ( 'NONE', #5717 ) ;
#6335 = UNCERTAINTY_MEASURE_WITH_UNIT (LENGTH_MEASURE( 1.000000000000000082E-05 ), #130, 'distance_accuracy_value', 'NONE');
#6336 = CARTESIAN_POINT ( 'NONE',  ( -2.750000000000000444, -0.1000000000000000056, 0.3886139668323275731 ) ) ;
#6337 = EDGE_LOOP ( 'NONE', ( #3315, #5449, #4600, #372 ) ) ;
#6338 = EDGE_CURVE ( 'NONE', #2803, #7190, #5245, .T. ) ;
#6339 = EDGE_CURVE ( 'NONE', #2276, #7656, #4008, .T. ) ;
#6340 = PRESENTATION_LAYER_ASSIGNMENT (  '', '', ( #1878 ) ) ;
#6341 = CARTESIAN_POINT ( 'NONE',  ( -0.06302095586332606691, -2.399999999999999911, 2.261941860213927846 ) ) ;
#6342 = CARTESIAN_POINT ( 'NONE',  ( -2.567136752136752964, -2.500000000000000000, 2.250000000000000000 ) ) ;
#6343 = ORIENTED_EDGE ( 'NONE', *, *, #6571, .F. ) ;
#6344 = MECHANICAL_DESIGN_GEOMETRIC_PRESENTATION_REPRESENTATION (  '', ( #1881 ), #4419 ) ;
#6345 =( NAMED_UNIT ( * ) PLANE_ANGLE_UNIT ( ) SI_UNIT ( $, .RADIAN. ) );
#6346 = ORIENTED_EDGE ( 'NONE', *, *, #1159, .T. ) ;
#6347 = CARTESIAN_POINT ( 'NONE',  ( 2.418546479496323620, -2.500000000000000888, 1.885969701147815591 ) ) ;
#6348 = SURFACE_STYLE_USAGE ( .BOTH. , #4453 ) ;
#6349 = PRESENTATION_LAYER_ASSIGNMENT (  '', '', ( #4663 ) ) ;
#6350 = CARTESIAN_POINT ( 'NONE',  ( 4.021915064102565829, -1.154902199396359741, -2.250000000000000000 ) ) ;
#6351 = CARTESIAN_POINT ( 'NONE',  ( -0.1561176850584081732, -2.400000000000000799, 1.734338935487763189 ) ) ;
#6352 = UNCERTAINTY_MEASURE_WITH_UNIT (LENGTH_MEASURE( 1.000000000000000082E-05 ), #1726, 'distance_accuracy_value', 'NONE');
#6353 = FILL_AREA_STYLE_COLOUR ( '', #6426 ) ;
#6354 = DIRECTION ( 'NONE',  ( -0.000000000000000000, 1.000000000000000000, -0.000000000000000000 ) ) ;
#6355 =( NAMED_UNIT ( * ) SI_UNIT ( $, .STERADIAN. ) SOLID_ANGLE_UNIT ( ) );
#6356 =( NAMED_UNIT ( * ) SI_UNIT ( $, .STERADIAN. ) SOLID_ANGLE_UNIT ( ) );
#6357 = CARTESIAN_POINT ( 'NONE',  ( 2.653990048539566438, -2.500000000000000444, 1.869757031050708118 ) ) ;
#6358 = DIRECTION ( 'NONE',  ( -0.000000000000000000, -0.000000000000000000, 1.000000000000000000 ) ) ;
#6359 = CARTESIAN_POINT ( 'NONE',  ( 4.200000000000001954, -1.694245148114308597, -2.250000000000000000 ) ) ;
#6360 = FILL_AREA_STYLE_COLOUR ( '', #3595 ) ;
#6361 = SURFACE_STYLE_USAGE ( .BOTH. , #181 ) ;
#6362 = FACE_BOUND ( 'NONE', #4189, .T. ) ;
#6363 = EDGE_CURVE ( 'NONE', #4917, #2260, #6469, .T. ) ;
#6364 = UNCERTAINTY_MEASURE_WITH_UNIT (LENGTH_MEASURE( 1.000000000000000082E-05 ), #297, 'distance_accuracy_value', 'NONE');
#6365 = SURFACE_SIDE_STYLE ('',( #3904 ) ) ;
#6366 = CARTESIAN_POINT ( 'NONE',  ( 4.135872885735895288, -0.7027481342701399347, 2.250000000000000000 ) ) ;
#6367 = SURFACE_STYLE_FILL_AREA ( #1509 ) ;
#6368 = STYLED_ITEM ( 'NONE', ( #918 ), #3175 ) ;
#6369 = CARTESIAN_POINT ( 'NONE',  ( -1.148629566403928992, 0.000000000000000000, -1.447028670344146617 ) ) ;
#6370 = FILL_AREA_STYLE ('',( #6794 ) ) ;
#6371 = DIRECTION ( 'NONE',  ( 0.000000000000000000, -1.000000000000000000, 0.000000000000000000 ) ) ;
#6372 = COLOUR_RGB ( '',0.1843137254901960898, 0.7568627450980391913, 1.000000000000000000 ) ;
#6373 = CARTESIAN_POINT ( 'NONE',  ( 2.376416475941637074, -2.400000000000000355, 1.819226625150198284 ) ) ;
#6374 = ADVANCED_FACE ( 'NONE', ( #2663 ), #7147, .T. ) ;
#6375 = ORIENTED_EDGE ( 'NONE', *, *, #7538, .T. ) ;
#6376 = ORIENTED_EDGE ( 'NONE', *, *, #4977, .T. ) ;
#6377 = ORIENTED_EDGE ( 'NONE', *, *, #3231, .T. ) ;
#6378 =( LENGTH_UNIT ( ) NAMED_UNIT ( * ) SI_UNIT ( .MILLI., .METRE. ) );
#6379 = LINE ( 'NONE', #4032, #4565 ) ;
#6380 = EDGE_CURVE ( 'NONE', #7655, #5415, #2849, .T. ) ;
#6381 = DIRECTION ( 'NONE',  ( -0.000000000000000000, -0.000000000000000000, -1.000000000000000000 ) ) ;
#6382 = ORIENTED_EDGE ( 'NONE', *, *, #4543, .F. ) ;
#6383 = ORIENTED_EDGE ( 'NONE', *, *, #5845, .F. ) ;
#6384 = CARTESIAN_POINT ( 'NONE',  ( -1.148629566403928992, 0.000000000000000000, -1.447028670344146617 ) ) ;
#6385 = CARTESIAN_POINT ( 'NONE',  ( -2.540000000000000480, -2.500000000000000000, 1.347630107884207229 ) ) ;
#6386 =( NAMED_UNIT ( * ) PLANE_ANGLE_UNIT ( ) SI_UNIT ( $, .RADIAN. ) );
#6387 = UNCERTAINTY_MEASURE_WITH_UNIT (LENGTH_MEASURE( 1.000000000000000082E-05 ), #3660, 'distance_accuracy_value', 'NONE');
#6388 = EDGE_LOOP ( 'NONE', ( #4698, #3526, #862, #6464 ) ) ;
#6389 = EDGE_CURVE ( 'NONE', #6099, #3834, #1679, .T. ) ;
#6390 =( GEOMETRIC_REPRESENTATION_CONTEXT ( 3 ) GLOBAL_UNCERTAINTY_ASSIGNED_CONTEXT ( ( #6497 ) ) GLOBAL_UNIT_ASSIGNED_CONTEXT ( ( #6393, #338, #3560 ) ) REPRESENTATION_CONTEXT ( 'NONE', 'WORKASPACE' ) );
#6391 = VECTOR ( 'NONE', #2677, 1000.000000000000227 ) ;
#6392 =( GEOMETRIC_REPRESENTATION_CONTEXT ( 3 ) GLOBAL_UNCERTAINTY_ASSIGNED_CONTEXT ( ( #1156 ) ) GLOBAL_UNIT_ASSIGNED_CONTEXT ( ( #4742, #28, #2292 ) ) REPRESENTATION_CONTEXT ( 'NONE', 'WORKASPACE' ) );
#6393 =( LENGTH_UNIT ( ) NAMED_UNIT ( * ) SI_UNIT ( .MILLI., .METRE. ) );
#6394 = MECHANICAL_DESIGN_GEOMETRIC_PRESENTATION_REPRESENTATION (  '', ( #5492 ), #3434 ) ;
#6395 = CARTESIAN_POINT ( 'NONE',  ( -2.540000000000000480, -2.400000000000000355, 2.016198513312075224 ) ) ;
#6396 = LINE ( 'NONE', #3336, #6800 ) ;
#6397 = CARTESIAN_POINT ( 'NONE',  ( -0.06302095586332606691, -2.400000000000000355, 2.261941860213927846 ) ) ;
#6398 = PLANE ( 'NONE',  #5935 ) ;
#6399 = CARTESIAN_POINT ( 'NONE',  ( 2.723173076923075531, -2.400000000000000355, 2.250000000000000000 ) ) ;
#6400 = SURFACE_STYLE_FILL_AREA ( #3976 ) ;
#6401 = CARTESIAN_POINT ( 'NONE',  ( 2.530247729700853210, -2.500000000000000000, 1.707264957264957195 ) ) ;
#6402 = CARTESIAN_POINT ( 'NONE',  ( -0.1440843178034553473, -2.400000000000000799, 1.789731571613484284 ) ) ;
#6403 = DIRECTION ( 'NONE',  ( 0.000000000000000000, -1.000000000000000000, -0.000000000000000000 ) ) ;
#6404 = VERTEX_POINT ( 'NONE', #4080 ) ;
#6405 = SURFACE_STYLE_FILL_AREA ( #393 ) ;
#6406 = LINE ( 'NONE', #4520, #1579 ) ;
#6407 = FILL_AREA_STYLE_COLOUR ( '', #4194 ) ;
#6408 = CARTESIAN_POINT ( 'NONE',  ( 0.2575629631699180577, -2.500000000000000444, 1.972824714689088932 ) ) ;
#6409 = ORIENTED_EDGE ( 'NONE', *, *, #100, .F. ) ;
#6410 = VECTOR ( 'NONE', #3014, 1000.000000000000000 ) ;
#6411 = EDGE_LOOP ( 'NONE', ( #6186, #5961, #2394, #2970 ) ) ;
#6412 = CARTESIAN_POINT ( 'NONE',  ( -0.02724275507478629912, -2.500000000000000000, 2.209294871794871717 ) ) ;
#6413 = EDGE_LOOP ( 'NONE', ( #5040, #4647, #6375, #6848 ) ) ;
#6414 = ADVANCED_FACE ( 'NONE', ( #6537 ), #489, .T. ) ;
#6415 = CARTESIAN_POINT ( 'NONE',  ( 0.2203374460449690209, -2.500000000000000444, 2.130149937256948789 ) ) ;
#6416 = DIRECTION ( 'NONE',  ( 0.000000000000000000, 1.000000000000000000, 0.000000000000000000 ) ) ;
#6417 = VERTEX_POINT ( 'NONE', #4965 ) ;
#6418 = DIRECTION ( 'NONE',  ( -0.000000000000000000, -1.000000000000000000, -0.000000000000000000 ) ) ;
#6419 = VERTEX_POINT ( 'NONE', #2428 ) ;
#6420 = STYLED_ITEM ( 'NONE', ( #3900 ), #5865 ) ;
#6421 = ORIENTED_EDGE ( 'NONE', *, *, #3374, .F. ) ;
#6422 = EDGE_CURVE ( 'NONE', #242, #7040, #1323, .T. ) ;
#6423 = CARTESIAN_POINT ( 'NONE',  ( 2.472393491241448693, -2.400000000000000799, 2.048994332016086162 ) ) ;
#6424 = EDGE_CURVE ( 'NONE', #5815, #4553, #3801, .T. ) ;
#6425 = VECTOR ( 'NONE', #6747, 1000.000000000000000 ) ;
#6426 = COLOUR_RGB ( '',1.000000000000000000, 1.000000000000000000, 1.000000000000000000 ) ;
#6427 = DIRECTION ( 'NONE',  ( 1.000000000000000000, 0.000000000000000000, -0.000000000000000000 ) ) ;
#6428 = DIRECTION ( 'NONE',  ( 0.000000000000000000, -1.000000000000000000, 0.000000000000000000 ) ) ;
#6429 = UNCERTAINTY_MEASURE_WITH_UNIT (LENGTH_MEASURE( 1.000000000000000082E-05 ), #5787, 'distance_accuracy_value', 'NONE');
#6430 = PRESENTATION_LAYER_ASSIGNMENT (  '', '', ( #451 ) ) ;
#6431 = SURFACE_SIDE_STYLE ('',( #4569 ) ) ;
#6432 = MECHANICAL_DESIGN_GEOMETRIC_PRESENTATION_REPRESENTATION (  '', ( #849 ), #6305 ) ;
#6433 = AXIS2_PLACEMENT_3D ( 'NONE', #1022, #1198, #3597 ) ;
#6434 = SURFACE_STYLE_FILL_AREA ( #4463 ) ;
#6435 = ADVANCED_FACE ( 'NONE', ( #2502 ), #7290, .T. ) ;
#6436 = LINE ( 'NONE', #293, #3349 ) ;
#6437 = AXIS2_PLACEMENT_3D ( 'NONE', #6107, #4373, #5585 ) ;
#6438 = SURFACE_SIDE_STYLE ('',( #4572 ) ) ;
#6439 =( GEOMETRIC_REPRESENTATION_CONTEXT ( 3 ) GLOBAL_UNCERTAINTY_ASSIGNED_CONTEXT ( ( #3394 ) ) GLOBAL_UNIT_ASSIGNED_CONTEXT ( ( #6501, #7212, #1127 ) ) REPRESENTATION_CONTEXT ( 'NONE', 'WORKASPACE' ) );
#6440 = SURFACE_SIDE_STYLE ('',( #6509 ) ) ;
#6441 = AXIS2_PLACEMENT_3D ( 'NONE', #3553, #4154, #2909 ) ;
#6442 = DIRECTION ( 'NONE',  ( 0.000000000000000000, 0.000000000000000000, 1.000000000000000000 ) ) ;
#6443 = UNCERTAINTY_MEASURE_WITH_UNIT (LENGTH_MEASURE( 1.000000000000000082E-05 ), #55, 'distance_accuracy_value', 'NONE');
#6444 = CARTESIAN_POINT ( 'NONE',  ( 3.901230719150643456, -0.9004951481143085301, -2.250000000000000000 ) ) ;
#6445 = PRESENTATION_LAYER_ASSIGNMENT (  '', '', ( #4394 ) ) ;
#6446 = SURFACE_STYLE_FILL_AREA ( #4657 ) ;
#6447 = SURFACE_SIDE_STYLE ('',( #6367 ) ) ;
#6448 = B_SPLINE_CURVE_WITH_KNOTS ( 'NONE', 3,
 ( #4530, #2187, #367, #6415, #2156, #2762, #3958, #6959, #6491, #3436, #1667 ),
 .UNSPECIFIED., .F., .F.,
 ( 4, 1, 1, 1, 1, 1, 1, 1, 4 ),
 ( 0.000000000000000000, 0.1243264850794587179, 0.2471519917741153427, 0.3687737442333481885, 0.4902465348858408012, 0.6136200636025062050, 0.7389618264298503103, 0.8673127358513662566, 1.000000000000000000 ),
 .UNSPECIFIED. ) ;
#6449 = DIRECTION ( 'NONE',  ( 0.000000000000000000, 0.000000000000000000, 1.000000000000000000 ) ) ;
#6450 = DIRECTION ( 'NONE',  ( 0.000000000000000000, 0.000000000000000000, 1.000000000000000000 ) ) ;
#6451 = AXIS2_PLACEMENT_3D ( 'NONE', #6519, #6450, #5187 ) ;
#6452 = CARTESIAN_POINT ( 'NONE',  ( -2.567136752136752964, -2.500000000000000000, 2.250000000000000000 ) ) ;
#6453 =( NAMED_UNIT ( * ) SI_UNIT ( $, .STERADIAN. ) SOLID_ANGLE_UNIT ( ) );
#6454 = UNCERTAINTY_MEASURE_WITH_UNIT (LENGTH_MEASURE( 1.000000000000000082E-05 ), #5055, 'distance_accuracy_value', 'NONE');
#6455 = EDGE_LOOP ( 'NONE', ( #7812, #7527, #4046, #1786 ) ) ;
#6456 = ORIENTED_EDGE ( 'NONE', *, *, #4017, .F. ) ;
#6457 = CARTESIAN_POINT ( 'NONE',  ( 0.000000000000000000, -1.000000000000000000, 0.000000000000000000 ) ) ;
#6458 = VECTOR ( 'NONE', #5638, 1000.000000000000000 ) ;
#6459 = ORIENTED_EDGE ( 'NONE', *, *, #4097, .T. ) ;
#6460 = SURFACE_STYLE_USAGE ( .BOTH. , #2831 ) ;
#6461 = LINE ( 'NONE', #2074, #3368 ) ;
#6462 = EDGE_CURVE ( 'NONE', #1858, #6533, #3123, .T. ) ;
#6463 = EDGE_LOOP ( 'NONE', ( #1007, #4444, #4001, #162 ) ) ;
#6464 = ORIENTED_EDGE ( 'NONE', *, *, #477, .T. ) ;
#6465 = COLOUR_RGB ( '',0.8980392156862745390, 0.8980392156862745390, 0.8980392156862745390 ) ;
#6466 = DIRECTION ( 'NONE',  ( -0.000000000000000000, 1.000000000000000000, -0.000000000000000000 ) ) ;
#6467 = LINE ( 'NONE', #3447, #6598 ) ;
#6468 = LINE ( 'NONE', #2392, #4115 ) ;
#6469 = LINE ( 'NONE', #2128, #582 ) ;
#6470 = CARTESIAN_POINT ( 'NONE',  ( 0.2319668531582894655, -2.499999999999999556, 2.108026805079042276 ) ) ;
#6471 = CARTESIAN_POINT ( 'NONE',  ( 0.2101277519482090128, -2.400000000000001243, 1.970435845640735373 ) ) ;
#6472 = PRESENTATION_LAYER_ASSIGNMENT (  '', '', ( #2756 ) ) ;
#6473 = DIRECTION ( 'NONE',  ( -0.000000000000000000, 1.000000000000000000, -0.000000000000000000 ) ) ;
#6474 = DIRECTION ( 'NONE',  ( -0.000000000000000000, -1.000000000000000000, -0.000000000000000000 ) ) ;
#6475 = VECTOR ( 'NONE', #4514, 1000.000000000000000 ) ;
#6476 = SURFACE_SIDE_STYLE ('',( #3974 ) ) ;
#6477 = EDGE_CURVE ( 'NONE', #6720, #3875, #1830, .T. ) ;
#6478 = CARTESIAN_POINT ( 'NONE',  ( -2.240000000000000657, -1.000000000000000000, 7.281332158035503710 ) ) ;
#6479 = CARTESIAN_POINT ( 'NONE',  ( 2.370552114129497401, -2.500000000000000444, 1.859338070843070678 ) ) ;
#6480 = CARTESIAN_POINT ( 'NONE',  ( -0.02395666399572645572, -2.500000000000000000, 1.761538461538461497 ) ) ;
#6481 = SURFACE_STYLE_FILL_AREA ( #5151 ) ;
#6482 = CARTESIAN_POINT ( 'NONE',  ( 2.488145794133909572, -2.400000000000001688, 1.769305983394179993 ) ) ;
#6483 = SURFACE_STYLE_USAGE ( .BOTH. , #5843 ) ;
#6484 = SURFACE_STYLE_FILL_AREA ( #3355 ) ;
#6485 =( LENGTH_UNIT ( ) NAMED_UNIT ( * ) SI_UNIT ( .MILLI., .METRE. ) );
#6486 = ORIENTED_EDGE ( 'NONE', *, *, #576, .F. ) ;
#6487 = ORIENTED_EDGE ( 'NONE', *, *, #6744, .F. ) ;
#6488 = CARTESIAN_POINT ( 'NONE',  ( -2.750000000000000444, -0.1000000000000000056, 2.250000000000000000 ) ) ;
#6489 =( GEOMETRIC_REPRESENTATION_CONTEXT ( 3 ) GLOBAL_UNCERTAINTY_ASSIGNED_CONTEXT ( ( #300 ) ) GLOBAL_UNIT_ASSIGNED_CONTEXT ( ( #6083, #4147, #4780 ) ) REPRESENTATION_CONTEXT ( 'NONE', 'WORKASPACE' ) );
#6490 = VERTEX_POINT ( 'NONE', #3720 ) ;
#6491 = CARTESIAN_POINT ( 'NONE',  ( 0.2572255383632116588, -2.500000000000000000, 2.009213880671382402 ) ) ;
#6492 = DIRECTION ( 'NONE',  ( 0.000000000000000000, 0.000000000000000000, 1.000000000000000000 ) ) ;
#6493 = CARTESIAN_POINT ( 'NONE',  ( 2.673370610034977446, -2.500000000000000000, 1.783234492338271249 ) ) ;
#6494 = CIRCLE ( 'NONE', #5741, 0.2394398982144593790 ) ;
#6495 = EDGE_LOOP ( 'NONE', ( #3994, #3160, #3469, #2463 ) ) ;
#6496 = ORIENTED_EDGE ( 'NONE', *, *, #1520, .F. ) ;
#6497 = UNCERTAINTY_MEASURE_WITH_UNIT (LENGTH_MEASURE( 1.000000000000000082E-05 ), #6393, 'distance_accuracy_value', 'NONE');
#6498 = CARTESIAN_POINT ( 'NONE',  ( 0.1588607382608415164, -2.499999999999999556, 2.129355349384334239 ) ) ;
#6499 =( GEOMETRIC_REPRESENTATION_CONTEXT ( 3 ) GLOBAL_UNCERTAINTY_ASSIGNED_CONTEXT ( ( #2750 ) ) GLOBAL_UNIT_ASSIGNED_CONTEXT ( ( #7072, #3989, #2286 ) ) REPRESENTATION_CONTEXT ( 'NONE', 'WORKASPACE' ) );
#6500 = DIRECTION ( 'NONE',  ( 0.4190581774617467836, 0.9079593845004517716, 0.000000000000000000 ) ) ;
#6501 =( LENGTH_UNIT ( ) NAMED_UNIT ( * ) SI_UNIT ( .MILLI., .METRE. ) );
#6502 = CARTESIAN_POINT ( 'NONE',  ( -0.02186939994087903905, -2.399999999999999911, 2.263528765289108069 ) ) ;
#6503 = UNCERTAINTY_MEASURE_WITH_UNIT (LENGTH_MEASURE( 1.000000000000000082E-05 ), #4475, 'distance_accuracy_value', 'NONE');
#6504 = CARTESIAN_POINT ( 'NONE',  ( 0.2576058371515521084, -2.499999999999999556, 1.991398331573822844 ) ) ;
#6505 = VERTEX_POINT ( 'NONE', #4301 ) ;
#6506 =( NAMED_UNIT ( * ) PLANE_ANGLE_UNIT ( ) SI_UNIT ( $, .RADIAN. ) );
#6507 = FILL_AREA_STYLE ('',( #6975 ) ) ;
#6508 = CYLINDRICAL_SURFACE ( 'NONE', #6042, 0.4149114923446327596 ) ;
#6509 = SURFACE_STYLE_FILL_AREA ( #5214 ) ;
#6510 = MECHANICAL_DESIGN_GEOMETRIC_PRESENTATION_REPRESENTATION (  '', ( #5870 ), #1676 ) ;
#6511 = SURFACE_SIDE_STYLE ('',( #2248 ) ) ;
#6512 = COLOUR_RGB ( '',0.1843137254901960898, 0.7568627450980391913, 1.000000000000000000 ) ;
#6513 = STYLED_ITEM ( 'NONE', ( #2893 ), #3268 ) ;
#6514 = DIRECTION ( 'NONE',  ( 0.3385652849407995713, -0.000000000000000000, -0.9409429035988078338 ) ) ;
#6515 = SURFACE_STYLE_FILL_AREA ( #4054 ) ;
#6516 = ADVANCED_FACE ( 'NONE', ( #6183 ), #4253, .F. ) ;
#6517 = DIRECTION ( 'NONE',  ( -0.000000000000000000, -1.000000000000000000, -0.000000000000000000 ) ) ;
#6518 = EDGE_CURVE ( 'NONE', #2380, #7608, #6961, .T. ) ;
#6519 = CARTESIAN_POINT ( 'NONE',  ( 1.800956594368268382, -0.2000000000000000111, -1.225342217102087350 ) ) ;
#6520 = SURFACE_SIDE_STYLE ('',( #7610 ) ) ;
#6521 = CARTESIAN_POINT ( 'NONE',  ( 0.002685323702752086001, -2.399999999999999911, 1.707988939841460496 ) ) ;
#6522 = ORIENTED_EDGE ( 'NONE', *, *, #6339, .T. ) ;
#6523 = ORIENTED_EDGE ( 'NONE', *, *, #7337, .T. ) ;
#6524 =( NAMED_UNIT ( * ) SI_UNIT ( $, .STERADIAN. ) SOLID_ANGLE_UNIT ( ) );
#6525 = ORIENTED_EDGE ( 'NONE', *, *, #2171, .T. ) ;
#6526 = EDGE_CURVE ( 'NONE', #7646, #5117, #6312, .T. ) ;
#6527 = CARTESIAN_POINT ( 'NONE',  ( 2.363611111111109775, -2.500000000000000000, 2.195726495726495919 ) ) ;
#6528 = SURFACE_STYLE_USAGE ( .BOTH. , #4069 ) ;
#6529 = EDGE_CURVE ( 'NONE', #6851, #1075, #7574, .T. ) ;
#6530 = SURFACE_STYLE_FILL_AREA ( #4157 ) ;
#6531 = CARTESIAN_POINT ( 'NONE',  ( 2.699055885977699631, -2.400000000000000355, 1.846939807583052984 ) ) ;
#6532 = EDGE_LOOP ( 'NONE', ( #1144, #5534, #1091, #5074 ) ) ;
#6533 = VERTEX_POINT ( 'NONE', #247 ) ;
#6534 = CARTESIAN_POINT ( 'NONE',  ( -0.01885801388626712205, -2.499999999999999112, 2.209138387967300332 ) ) ;
#6535 =( GEOMETRIC_REPRESENTATION_CONTEXT ( 3 ) GLOBAL_UNCERTAINTY_ASSIGNED_CONTEXT ( ( #5826 ) ) GLOBAL_UNIT_ASSIGNED_CONTEXT ( ( #4093, #1688, #347 ) ) REPRESENTATION_CONTEXT ( 'NONE', 'WORKASPACE' ) );
#6536 = CARTESIAN_POINT ( 'NONE',  ( 0.000000000000000000, -2.500000000000000000, 2.016198513312075224 ) ) ;
#6537 = FACE_OUTER_BOUND ( 'NONE', #2288, .T. ) ;
#6538 = STYLED_ITEM ( 'NONE', ( #5882 ), #5704 ) ;
#6539 = ORIENTED_EDGE ( 'NONE', *, *, #626, .T. ) ;
#6540 = ORIENTED_EDGE ( 'NONE', *, *, #6894, .F. ) ;
#6541 = CARTESIAN_POINT ( 'NONE',  ( 0.2102488081201960568, -2.400000000000000355, 1.980748412549365733 ) ) ;
#6542 = SURFACE_SIDE_STYLE ('',( #5336 ) ) ;
#6543 = SURFACE_STYLE_USAGE ( .BOTH. , #7170 ) ;
#6544 = AXIS2_PLACEMENT_3D ( 'NONE', #1975, #834, #5067 ) ;
#6545 = DIRECTION ( 'NONE',  ( -1.000000000000000000, 0.000000000000000000, 0.000000000000000000 ) ) ;
#6546 = COLOUR_RGB ( '',0.8313725490196077761, 0.8313725490196077761, 0.8196078431372548767 ) ;
#6547 = MECHANICAL_DESIGN_GEOMETRIC_PRESENTATION_REPRESENTATION (  '', ( #2108 ), #7312 ) ;
#6548 = CARTESIAN_POINT ( 'NONE',  ( 0.03475739763404337573, -2.500000000000000000, -3.591119187505327659 ) ) ;
#6549 = CARTESIAN_POINT ( 'NONE',  ( -0.2577991452991452714, -2.500000000000000000, 1.817932024572649352 ) ) ;
#6550 = STYLED_ITEM ( 'NONE', ( #7 ), #5587 ) ;
#6551 = VECTOR ( 'NONE', #436, 1000.000000000000000 ) ;
#6552 = FACE_OUTER_BOUND ( 'NONE', #2999, .T. ) ;
#6553 = STYLED_ITEM ( 'NONE', ( #6327 ), #1373 ) ;
#6554 = CARTESIAN_POINT ( 'NONE',  ( -2.839999999999999858, -1.000000000000000000, 7.281332158035501045 ) ) ;
#6555 = DIRECTION ( 'NONE',  ( 0.000000000000000000, 0.000000000000000000, -1.000000000000000000 ) ) ;
#6556 =( GEOMETRIC_REPRESENTATION_CONTEXT ( 3 ) GLOBAL_UNCERTAINTY_ASSIGNED_CONTEXT ( ( #6280 ) ) GLOBAL_UNIT_ASSIGNED_CONTEXT ( ( #4764, #2967, #737 ) ) REPRESENTATION_CONTEXT ( 'NONE', 'WORKASPACE' ) );
#6557 = ADVANCED_FACE ( 'NONE', ( #861 ), #7533, .T. ) ;
#6558 = ORIENTED_EDGE ( 'NONE', *, *, #4449, .T. ) ;
#6559 = VECTOR ( 'NONE', #4230, 1000.000000000000000 ) ;
#6560 = STYLED_ITEM ( 'NONE', ( #6714 ), #1506 ) ;
#6561 = ORIENTED_EDGE ( 'NONE', *, *, #4858, .T. ) ;
#6562 = DIRECTION ( 'NONE',  ( 0.000000000000000000, -1.000000000000000000, 0.000000000000000000 ) ) ;
#6563 = DIRECTION ( 'NONE',  ( 1.000000000000000000, 0.000000000000000000, 0.000000000000000000 ) ) ;
#6564 = COLOUR_RGB ( '',0.1843137254901960898, 0.7568627450980391913, 1.000000000000000000 ) ;
#6565 = CARTESIAN_POINT ( 'NONE',  ( 2.513042612355054217, -2.400000000000000799, 1.707664443874483240 ) ) ;
#6566 = DIRECTION ( 'NONE',  ( -0.000000000000000000, 1.000000000000000000, -0.000000000000000000 ) ) ;
#6567 =( NAMED_UNIT ( * ) PLANE_ANGLE_UNIT ( ) SI_UNIT ( $, .RADIAN. ) );
#6568 = MECHANICAL_DESIGN_GEOMETRIC_PRESENTATION_REPRESENTATION (  '', ( #4394 ), #867 ) ;
#6569 = ORIENTED_EDGE ( 'NONE', *, *, #6079, .T. ) ;
#6570 =( GEOMETRIC_REPRESENTATION_CONTEXT ( 3 ) GLOBAL_UNCERTAINTY_ASSIGNED_CONTEXT ( ( #4104 ) ) GLOBAL_UNIT_ASSIGNED_CONTEXT ( ( #7678, #5305, #2255 ) ) REPRESENTATION_CONTEXT ( 'NONE', 'WORKASPACE' ) );
#6571 = EDGE_CURVE ( 'NONE', #3964, #2803, #3286, .T. ) ;
#6572 = ORIENTED_EDGE ( 'NONE', *, *, #2912, .T. ) ;
#6573 = EDGE_CURVE ( 'NONE', #6965, #894, #5819, .T. ) ;
#6574 = CARTESIAN_POINT ( 'NONE',  ( 2.430735214541067002, -2.499999999999999112, 1.818541180706042093 ) ) ;
#6575 = DIRECTION ( 'NONE',  ( 0.000000000000000000, -0.000000000000000000, -1.000000000000000000 ) ) ;
#6576 = CARTESIAN_POINT ( 'NONE',  ( 0.02298696838416585536, -2.500000000000000444, 1.765596497220667471 ) ) ;
#6577 = VECTOR ( 'NONE', #3302, 1000.000000000000000 ) ;
#6578 = CARTESIAN_POINT ( 'NONE',  ( 0.2414746200812157850, -2.400000000000000799, 2.084860304494573047 ) ) ;
#6579 = CARTESIAN_POINT ( 'NONE',  ( 0.1807016036277474536, -2.400000000000000355, 2.182355141866507697 ) ) ;
#6580 = UNCERTAINTY_MEASURE_WITH_UNIT (LENGTH_MEASURE( 1.000000000000000082E-05 ), #6098, 'distance_accuracy_value', 'NONE');
#6581 = VECTOR ( 'NONE', #811, 1000.000000000000000 ) ;
#6582 = FILL_AREA_STYLE_COLOUR ( '', #2441 ) ;
#6583 = ORIENTED_EDGE ( 'NONE', *, *, #6624, .T. ) ;
#6584 = CARTESIAN_POINT ( 'NONE',  ( 0.03807537133258373507, -2.400000000000000355, 1.768889483205670965 ) ) ;
#6585 = STYLED_ITEM ( 'NONE', ( #6694 ), #2133 ) ;
#6586 = DIRECTION ( 'NONE',  ( 0.000000000000000000, 1.000000000000000000, 0.000000000000000000 ) ) ;
#6587 = CARTESIAN_POINT ( 'NONE',  ( 2.699055885977699631, -2.500000000000000000, 1.846939807583052984 ) ) ;
#6588 = SURFACE_STYLE_FILL_AREA ( #4812 ) ;
#6589 = SURFACE_SIDE_STYLE ('',( #7299 ) ) ;
#6590 = CARTESIAN_POINT ( 'NONE',  ( 2.382280705375544372, -2.399999999999999911, 1.928828574855678379 ) ) ;
#6591 =( GEOMETRIC_REPRESENTATION_CONTEXT ( 3 ) GLOBAL_UNCERTAINTY_ASSIGNED_CONTEXT ( ( #3461 ) ) GLOBAL_UNIT_ASSIGNED_CONTEXT ( ( #2101, #5772, #3762 ) ) REPRESENTATION_CONTEXT ( 'NONE', 'WORKASPACE' ) );
#6592 = SURFACE_STYLE_USAGE ( .BOTH. , #1063 ) ;
#6593 =( LENGTH_UNIT ( ) NAMED_UNIT ( * ) SI_UNIT ( .MILLI., .METRE. ) );
#6594 = SURFACE_STYLE_USAGE ( .BOTH. , #5304 ) ;
#6595 = EDGE_CURVE ( 'NONE', #5125, #2332, #6461, .T. ) ;
#6596 = CARTESIAN_POINT ( 'NONE',  ( 0.1210871850759027007, -2.400000000000001688, 1.807688785981686586 ) ) ;
#6597 = FILL_AREA_STYLE ('',( #631 ) ) ;
#6598 = VECTOR ( 'NONE', #6500, 1000.000000000000000 ) ;
#6599 = CARTESIAN_POINT ( 'NONE',  ( 0.5460855957113092130, -2.400000000000000355, 2.250000000000000000 ) ) ;
#6600 = ORIENTED_EDGE ( 'NONE', *, *, #1723, .F. ) ;
#6601 = ORIENTED_EDGE ( 'NONE', *, *, #4908, .F. ) ;
#6602 = LINE ( 'NONE', #2378, #5261 ) ;
#6603 = CARTESIAN_POINT ( 'NONE',  ( 0.06911349108114901718, -2.400000000000000355, 2.250178085906934466 ) ) ;
#6604 = LINE ( 'NONE', #5444, #3607 ) ;
#6605 = EDGE_CURVE ( 'NONE', #6505, #1584, #281, .T. ) ;
#6606 = CARTESIAN_POINT ( 'NONE',  ( 2.520947203135883274, -2.499999999999999112, 1.761849804524514784 ) ) ;
#6607 = FILL_AREA_STYLE ('',( #3638 ) ) ;
#6608 = SURFACE_SIDE_STYLE ('',( #6530 ) ) ;
#6609 = CARTESIAN_POINT ( 'NONE',  ( 2.702511055465022238, -2.500000000000000000, 1.877353573732830183 ) ) ;
#6610 = ORIENTED_EDGE ( 'NONE', *, *, #3337, .F. ) ;
#6611 =( NAMED_UNIT ( * ) PLANE_ANGLE_UNIT ( ) SI_UNIT ( $, .RADIAN. ) );
#6612 = ORIENTED_EDGE ( 'NONE', *, *, #5262, .T. ) ;
#6613 = LINE ( 'NONE', #7771, #1926 ) ;
#6614 = CARTESIAN_POINT ( 'NONE',  ( 2.418167230895263753, -2.499999999999999556, 1.858085731411538211 ) ) ;
#6615 =( LENGTH_UNIT ( ) NAMED_UNIT ( * ) SI_UNIT ( .MILLI., .METRE. ) );
#6616 = DIRECTION ( 'NONE',  ( 0.000000000000000000, 0.000000000000000000, -1.000000000000000000 ) ) ;
#6617 = CARTESIAN_POINT ( 'NONE',  ( 5.000000000000000000, -1.797251865729859954, 2.250000000000000000 ) ) ;
#6618 = CARTESIAN_POINT ( 'NONE',  ( 0.06790526839857598251, -2.500000000000000444, 2.250644964554241234 ) ) ;
#6619 = VERTEX_POINT ( 'NONE', #368 ) ;
#6620 = VERTEX_POINT ( 'NONE', #5047 ) ;
#6621 = MECHANICAL_DESIGN_GEOMETRIC_PRESENTATION_REPRESENTATION (  '', ( #5075 ), #7510 ) ;
#6622 =( NAMED_UNIT ( * ) SI_UNIT ( $, .STERADIAN. ) SOLID_ANGLE_UNIT ( ) );
#6623 = DIRECTION ( 'NONE',  ( 1.000000000000000000, 0.000000000000000000, 0.000000000000000000 ) ) ;
#6624 = EDGE_CURVE ( 'NONE', #1324, #6241, #1593, .T. ) ;
#6625 = CARTESIAN_POINT ( 'NONE',  ( 2.673370610034977446, -2.500000000000000000, 1.783234492338271249 ) ) ;
#6626 = LINE ( 'NONE', #5421, #6677 ) ;
#6627 = DIRECTION ( 'NONE',  ( 0.000000000000000000, 0.000000000000000000, 1.000000000000000000 ) ) ;
#6628 = CARTESIAN_POINT ( 'NONE',  ( 2.414827379981605127, -2.400000000000000799, 1.982136000810999832 ) ) ;
#6629 = FILL_AREA_STYLE ('',( #1262 ) ) ;
#6630 = DIRECTION ( 'NONE',  ( -0.000000000000000000, -0.000000000000000000, -1.000000000000000000 ) ) ;
#6631 = AXIS2_PLACEMENT_3D ( 'NONE', #5031, #6057, #2386 ) ;
#6632 = LINE ( 'NONE', #1769, #6559 ) ;
#6633 = CARTESIAN_POINT ( 'NONE',  ( -0.01865246773709242079, -2.400000000000000355, 1.761599812408703780 ) ) ;
#6634 = CARTESIAN_POINT ( 'NONE',  ( -2.839999999999999858, -1.500000000000000000, 2.250000000000000000 ) ) ;
#6635 = PRESENTATION_STYLE_ASSIGNMENT (( #2943 ) ) ;
#6636 = ORIENTED_EDGE ( 'NONE', *, *, #6477, .F. ) ;
#6637 =( GEOMETRIC_REPRESENTATION_CONTEXT ( 3 ) GLOBAL_UNCERTAINTY_ASSIGNED_CONTEXT ( ( #4016 ) ) GLOBAL_UNIT_ASSIGNED_CONTEXT ( ( #1409, #2044, #1375 ) ) REPRESENTATION_CONTEXT ( 'NONE', 'WORKASPACE' ) );
#6638 = ORIENTED_EDGE ( 'NONE', *, *, #4502, .F. ) ;
#6639 = FILL_AREA_STYLE_COLOUR ( '', #23 ) ;
#6640 = CARTESIAN_POINT ( 'NONE',  ( 2.239999999999999769, -1.000000000000000000, 2.250000000000000000 ) ) ;
#6641 = PRESENTATION_STYLE_ASSIGNMENT (( #4200 ) ) ;
#6642 = CARTESIAN_POINT ( 'NONE',  ( -0.02724275507478629912, -2.500000000000000000, 2.209294871794871717 ) ) ;
#6643 = PRESENTATION_LAYER_ASSIGNMENT (  '', '', ( #2195 ) ) ;
#6644 =( NAMED_UNIT ( * ) SI_UNIT ( $, .STERADIAN. ) SOLID_ANGLE_UNIT ( ) );
#6645 = ORIENTED_EDGE ( 'NONE', *, *, #4846, .T. ) ;
#6646 = ORIENTED_EDGE ( 'NONE', *, *, #1118, .F. ) ;
#6647 = SURFACE_STYLE_FILL_AREA ( #4297 ) ;
#6648 = PRESENTATION_STYLE_ASSIGNMENT (( #1287 ) ) ;
#6649 = CARTESIAN_POINT ( 'NONE',  ( -3.086085595711309804, -2.400000000000000355, 2.250000000000000000 ) ) ;
#6650 = SURFACE_SIDE_STYLE ('',( #7289 ) ) ;
#6651 = CARTESIAN_POINT ( 'NONE',  ( 0.06790526839857598251, -2.400000000000000355, 2.250644964554241234 ) ) ;
#6652 = EDGE_CURVE ( 'NONE', #1358, #798, #7062, .T. ) ;
#6653 = VERTEX_POINT ( 'NONE', #205 ) ;
#6654 = ADVANCED_FACE ( 'NONE', ( #5121 ), #4716, .T. ) ;
#6655 = CARTESIAN_POINT ( 'NONE',  ( -0.1451777087237364205, -2.499999999999998668, 1.729408596346316163 ) ) ;
#6656 = CARTESIAN_POINT ( 'NONE',  ( -0.1979201681242242217, -2.500000000000000000, 1.829327324817665801 ) ) ;
#6657 =( NAMED_UNIT ( * ) SI_UNIT ( $, .STERADIAN. ) SOLID_ANGLE_UNIT ( ) );
#6658 = PRESENTATION_STYLE_ASSIGNMENT (( #7744 ) ) ;
#6659 = CARTESIAN_POINT ( 'NONE',  ( 2.625787846674053849, -2.500000000000000000, 1.734944002685713693 ) ) ;
#6660 = CARTESIAN_POINT ( 'NONE',  ( -1.800956594368268382, 0.000000000000000000, -1.647441418907150457 ) ) ;
#6661 = DIRECTION ( 'NONE',  ( 0.000000000000000000, -1.000000000000000000, 0.000000000000000000 ) ) ;
#6662 = CARTESIAN_POINT ( 'NONE',  ( 2.462619233819913322, -2.400000000000000355, 2.038514768414101841 ) ) ;
#6663 = AXIS2_PLACEMENT_3D ( 'NONE', #2522, #2055, #5568 ) ;
#6664 = ADVANCED_FACE ( 'NONE', ( #4474 ), #959, .F. ) ;
#6665 = ADVANCED_FACE ( 'NONE', ( #2787 ), #353, .T. ) ;
#6666 = PLANE ( 'NONE',  #7741 ) ;
#6667 = DIRECTION ( 'NONE',  ( 0.000000000000000000, -0.000000000000000000, -1.000000000000000000 ) ) ;
#6668 = VECTOR ( 'NONE', #5883, 1000.000000000000000 ) ;
#6669 =( NAMED_UNIT ( * ) SI_UNIT ( $, .STERADIAN. ) SOLID_ANGLE_UNIT ( ) );
#6670 = CARTESIAN_POINT ( 'NONE',  ( 0.1873499515952978811, -2.499999999999999556, 1.884829937444385095 ) ) ;
#6671 = MECHANICAL_DESIGN_GEOMETRIC_PRESENTATION_REPRESENTATION (  '', ( #3999 ), #5004 ) ;
#6672 = DIRECTION ( 'NONE',  ( 8.619603225789286882E-17, 0.000000000000000000, 1.000000000000000000 ) ) ;
#6673 = PRESENTATION_LAYER_ASSIGNMENT (  '', '', ( #2221 ) ) ;
#6674 = CARTESIAN_POINT ( 'NONE',  ( 2.539999999999999591, -2.400000000000000355, 2.016198513312075224 ) ) ;
#6675 = UNCERTAINTY_MEASURE_WITH_UNIT (LENGTH_MEASURE( 1.000000000000000082E-05 ), #4687, 'distance_accuracy_value', 'NONE');
#6676 = ORIENTED_EDGE ( 'NONE', *, *, #1540, .F. ) ;
#6677 = VECTOR ( 'NONE', #1175, 1000.000000000000000 ) ;
#6678 = EDGE_LOOP ( 'NONE', ( #2120, #767, #1460, #5160 ) ) ;
#6679 = LINE ( 'NONE', #4357, #7450 ) ;
#6680 = AXIS2_PLACEMENT_3D ( 'NONE', #2777, #341, #2053 ) ;
#6681 = PLANE ( 'NONE',  #7138 ) ;
#6682 = MECHANICAL_DESIGN_GEOMETRIC_PRESENTATION_REPRESENTATION (  '', ( #5393 ), #1595 ) ;
#6683 = CARTESIAN_POINT ( 'NONE',  ( -0.1561176850584081732, -2.500000000000000444, 1.734338935487763189 ) ) ;
#6684 = FACE_OUTER_BOUND ( 'NONE', #7381, .T. ) ;
#6685 = CARTESIAN_POINT ( 'NONE',  ( -4.401045837440702435, -0.1000000000000000056, 0.4132593211698106228 ) ) ;
#6686 = CARTESIAN_POINT ( 'NONE',  ( -0.1973012967262585959, -2.500000000000000444, 2.141897288718607406 ) ) ;
#6687 = VECTOR ( 'NONE', #4456, 1000.000000000000000 ) ;
#6688 = CARTESIAN_POINT ( 'NONE',  ( -0.09708501953246773120, -2.399999999999999467, 1.714432213203208599 ) ) ;
#6689 = AXIS2_PLACEMENT_3D ( 'NONE', #6683, #29, #4236 ) ;
#6690 = ORIENTED_EDGE ( 'NONE', *, *, #6785, .F. ) ;
#6691 = ORIENTED_EDGE ( 'NONE', *, *, #2514, .F. ) ;
#6692 =( NAMED_UNIT ( * ) PLANE_ANGLE_UNIT ( ) SI_UNIT ( $, .RADIAN. ) );
#6693 = CARTESIAN_POINT ( 'NONE',  ( 2.426148155846993060, -2.399999999999999911, 1.827918569186863573 ) ) ;
#6694 = PRESENTATION_STYLE_ASSIGNMENT (( #7374 ) ) ;
#6695 = PRESENTATION_STYLE_ASSIGNMENT (( #1161 ) ) ;
#6696 = SURFACE_STYLE_FILL_AREA ( #3598 ) ;
#6697 = CARTESIAN_POINT ( 'NONE',  ( 2.449086634504372917, -2.499999999999999556, 1.953110830506428419 ) ) ;
#6698 = ADVANCED_FACE ( 'NONE', ( #3272, #5840 ), #7842, .T. ) ;
#6699 =( GEOMETRIC_REPRESENTATION_CONTEXT ( 3 ) GLOBAL_UNCERTAINTY_ASSIGNED_CONTEXT ( ( #6903 ) ) GLOBAL_UNIT_ASSIGNED_CONTEXT ( ( #3235, #6207, #7519 ) ) REPRESENTATION_CONTEXT ( 'NONE', 'WORKASPACE' ) );
#6700 = VERTEX_POINT ( 'NONE', #6005 ) ;
#6701 = VECTOR ( 'NONE', #1407, 1000.000000000000000 ) ;
#6702 = PRESENTATION_STYLE_ASSIGNMENT (( #7130 ) ) ;
#6703 = DIRECTION ( 'NONE',  ( -0.4283511191562788811, 0.9036123719369734131, 0.000000000000000000 ) ) ;
#6704 = LINE ( 'NONE', #3658, #319 ) ;
#6705 = EDGE_CURVE ( 'NONE', #1879, #6419, #1742, .T. ) ;
#6706 = DIRECTION ( 'NONE',  ( 0.000000000000000000, -0.000000000000000000, 1.000000000000000000 ) ) ;
#6707 = PLANE ( 'NONE',  #5136 ) ;
#6708 = DIRECTION ( 'NONE',  ( -1.000000000000000000, 0.000000000000000000, -0.000000000000000000 ) ) ;
#6709 = EDGE_CURVE ( 'NONE', #3834, #7027, #4201, .T. ) ;
#6710 = CARTESIAN_POINT ( 'NONE',  ( 2.406096811670702884, -2.500000000000000000, 1.970174012709384748 ) ) ;
#6711 = CARTESIAN_POINT ( 'NONE',  ( 2.647881796189349490, -2.399999999999999911, 1.843945017931539976 ) ) ;
#6712 = PRESENTATION_STYLE_ASSIGNMENT (( #6119 ) ) ;
#6713 = ORIENTED_EDGE ( 'NONE', *, *, #5693, .T. ) ;
#6714 = PRESENTATION_STYLE_ASSIGNMENT (( #7822 ) ) ;
#6715 = FILL_AREA_STYLE_COLOUR ( '', #7065 ) ;
#6716 = FACE_OUTER_BOUND ( 'NONE', #7451, .T. ) ;
#6717 = FILL_AREA_STYLE ('',( #5434 ) ) ;
#6718 = PRESENTATION_LAYER_ASSIGNMENT (  '', '', ( #5436 ) ) ;
#6719 = ORIENTED_EDGE ( 'NONE', *, *, #4332, .T. ) ;
#6720 = VERTEX_POINT ( 'NONE', #4792 ) ;
#6721 = CARTESIAN_POINT ( 'NONE',  ( 2.750000000000000444, -0.1000000000000000056, 2.249999999999998668 ) ) ;
#6722 = CARTESIAN_POINT ( 'NONE',  ( 0.02217601774821083629, -2.400000000000000355, 2.260450532915397215 ) ) ;
#6723 = CARTESIAN_POINT ( 'NONE',  ( 2.425739397123529262, -2.400000000000000355, 1.742895607158566840 ) ) ;
#6724 = CARTESIAN_POINT ( 'NONE',  ( -0.2073931961804744706, -2.399999999999999467, 1.839182537864383571 ) ) ;
#6725 = CARTESIAN_POINT ( 'NONE',  ( -0.1544269689723937744, -2.400000000000000799, 2.175157108589249599 ) ) ;
#6726 = ADVANCED_FACE ( 'NONE', ( #6050 ), #1884, .T. ) ;
#6727 = CARTESIAN_POINT ( 'NONE',  ( 2.524444922068063146, -2.400000000000000799, 1.707399692989239881 ) ) ;
#6728 = VERTEX_POINT ( 'NONE', #4747 ) ;
#6729 = ORIENTED_EDGE ( 'NONE', *, *, #2850, .T. ) ;
#6730 = DIRECTION ( 'NONE',  ( -2.585880967736787790E-16, -0.000000000000000000, -1.000000000000000000 ) ) ;
#6731 = SURFACE_SIDE_STYLE ('',( #7331 ) ) ;
#6732 = SURFACE_STYLE_FILL_AREA ( #2426 ) ;
#6733 =( LENGTH_UNIT ( ) NAMED_UNIT ( * ) SI_UNIT ( .MILLI., .METRE. ) );
#6734 = VERTEX_POINT ( 'NONE', #5527 ) ;
#6735 = CARTESIAN_POINT ( 'NONE',  ( -0.2019036288712491023, -2.500000000000000000, 1.761293225996332756 ) ) ;
#6736 = MECHANICAL_DESIGN_GEOMETRIC_PRESENTATION_REPRESENTATION (  '', ( #6368 ), #5463 ) ;
#6737 = PRESENTATION_LAYER_ASSIGNMENT (  '', '', ( #5738 ) ) ;
#6738 = FILL_AREA_STYLE ('',( #700 ) ) ;
#6739 =( LENGTH_UNIT ( ) NAMED_UNIT ( * ) SI_UNIT ( .MILLI., .METRE. ) );
#6740 = DIRECTION ( 'NONE',  ( 1.364799380695330128E-15, 0.000000000000000000, -1.000000000000000000 ) ) ;
#6741 = CARTESIAN_POINT ( 'NONE',  ( 2.436181336034762612, -2.500000000000000000, 2.008585383983133799 ) ) ;
#6742 = AXIS2_PLACEMENT_3D ( 'NONE', #5782, #6416, #3919 ) ;
#6743 = SURFACE_STYLE_USAGE ( .BOTH. , #1216 ) ;
#6744 = EDGE_CURVE ( 'NONE', #4718, #3768, #3035, .T. ) ;
#6745 =( LENGTH_UNIT ( ) NAMED_UNIT ( * ) SI_UNIT ( .MILLI., .METRE. ) );
#6746 = CARTESIAN_POINT ( 'NONE',  ( -2.438237179487180217, -2.400000000000000355, 1.775106837606837518 ) ) ;
#6747 = DIRECTION ( 'NONE',  ( -0.000000000000000000, 1.000000000000000000, -0.000000000000000000 ) ) ;
#6748 = DIRECTION ( 'NONE',  ( -8.641799330037944406E-17, -0.000000000000000000, -1.000000000000000000 ) ) ;
#6749 =( NAMED_UNIT ( * ) SI_UNIT ( $, .STERADIAN. ) SOLID_ANGLE_UNIT ( ) );
#6750 = ORIENTED_EDGE ( 'NONE', *, *, #5915, .F. ) ;
#6751 = EDGE_CURVE ( 'NONE', #7616, #5651, #7194, .T. ) ;
#6752 = ORIENTED_EDGE ( 'NONE', *, *, #6796, .T. ) ;
#6753 = CARTESIAN_POINT ( 'NONE',  ( 0.1938062144732296543, -2.400000000000000355, 2.073690682535656027 ) ) ;
#6754 = DIRECTION ( 'NONE',  ( -1.000000000000000000, 0.000000000000000000, 0.000000000000000000 ) ) ;
#6755 = CARTESIAN_POINT ( 'NONE',  ( -4.135872885735895288, -0.7027481342701401568, 2.250000000000000000 ) ) ;
#6756 = CARTESIAN_POINT ( 'NONE',  ( -0.2019036288712491023, -2.500000000000000000, 1.761293225996332756 ) ) ;
#6757 = VECTOR ( 'NONE', #1924, 1000.000000000000000 ) ;
#6758 = ORIENTED_EDGE ( 'NONE', *, *, #7034, .T. ) ;
#6759 = STYLED_ITEM ( 'NONE', ( #5920 ), #42 ) ;
#6760 = ORIENTED_EDGE ( 'NONE', *, *, #6091, .F. ) ;
#6761 = CARTESIAN_POINT ( 'NONE',  ( -5.000000000000000000, -2.500000000000000000, -2.250000000000000000 ) ) ;
#6762 = ORIENTED_EDGE ( 'NONE', *, *, #4376, .T. ) ;
#6763 = EDGE_CURVE ( 'NONE', #5038, #3793, #1902, .T. ) ;
#6764 = CARTESIAN_POINT ( 'NONE',  ( 0.1096313075153614730, -2.400000000000001688, 2.234472068534554268 ) ) ;
#6765 = COLOUR_RGB ( '',0.1843137254901960898, 0.7568627450980391913, 1.000000000000000000 ) ;
#6766 =( LENGTH_UNIT ( ) NAMED_UNIT ( * ) SI_UNIT ( .MILLI., .METRE. ) );
#6767 = DIRECTION ( 'NONE',  ( -0.000000000000000000, 1.000000000000000000, -0.000000000000000000 ) ) ;
#6768 = EDGE_LOOP ( 'NONE', ( #1013, #3050, #714, #3961 ) ) ;
#6769 = CARTESIAN_POINT ( 'NONE',  ( 4.381742037259617639, -1.154902199396359741, -2.250000000000000000 ) ) ;
#6770 = VERTEX_POINT ( 'NONE', #6874 ) ;
#6771 = CARTESIAN_POINT ( 'NONE',  ( -0.2545584209074405191, -2.499999999999999556, 1.813656242544682717 ) ) ;
#6772 = CARTESIAN_POINT ( 'NONE',  ( -0.2135895575303953797, -2.400000000000000799, 2.199669901977245434 ) ) ;
#6773 = DIRECTION ( 'NONE',  ( -0.000000000000000000, 1.000000000000000000, -0.000000000000000000 ) ) ;
#6774 =( LENGTH_UNIT ( ) NAMED_UNIT ( * ) SI_UNIT ( .MILLI., .METRE. ) );
#6775 = STYLED_ITEM ( 'NONE', ( #500 ), #7743 ) ;
#6776 = LINE ( 'NONE', #4976, #1301 ) ;
#6777 = SURFACE_SIDE_STYLE ('',( #3017 ) ) ;
#6778 = CARTESIAN_POINT ( 'NONE',  ( 2.536825063579338124, -2.400000000000000355, 1.761642269115034187 ) ) ;
#6779 = SURFACE_STYLE_FILL_AREA ( #665 ) ;
#6780 = CARTESIAN_POINT ( 'NONE',  ( -2.519647435897436338, -2.400000000000000355, 1.775106837606837518 ) ) ;
#6781 = CARTESIAN_POINT ( 'NONE',  ( 0.2101277519482090128, -2.400000000000001243, 1.970435845640735373 ) ) ;
#6782 =( LENGTH_UNIT ( ) NAMED_UNIT ( * ) SI_UNIT ( .MILLI., .METRE. ) );
#6783 = SURFACE_SIDE_STYLE ('',( #882 ) ) ;
#6784 = PLANE ( 'NONE',  #955 ) ;
#6785 = EDGE_CURVE ( 'NONE', #6294, #1358, #4406, .T. ) ;
#6786 =( GEOMETRIC_REPRESENTATION_CONTEXT ( 3 ) GLOBAL_UNCERTAINTY_ASSIGNED_CONTEXT ( ( #5226 ) ) GLOBAL_UNIT_ASSIGNED_CONTEXT ( ( #2901, #7829, #1108 ) ) REPRESENTATION_CONTEXT ( 'NONE', 'WORKASPACE' ) );
#6787 = MANIFOLD_SOLID_BREP ( 'Boss-Extrude3[2]', #7271 ) ;
#6788 = ORIENTED_EDGE ( 'NONE', *, *, #2662, .T. ) ;
#6789 = CARTESIAN_POINT ( 'NONE',  ( 0.2577991452991452714, -2.500000000000000000, 1.982342581463675257 ) ) ;
#6790 = CARTESIAN_POINT ( 'NONE',  ( 0.1257995984109852305, -2.500000000000000888, 2.160555078871469803 ) ) ;
#6791 =( LENGTH_UNIT ( ) NAMED_UNIT ( * ) SI_UNIT ( .MILLI., .METRE. ) );
#6792 = AXIS2_PLACEMENT_3D ( 'NONE', #7631, #6856, #3775 ) ;
#6793 = CARTESIAN_POINT ( 'NONE',  ( 0.1337989381929074184, -2.400000000000000799, 1.751505832549988595 ) ) ;
#6794 = FILL_AREA_STYLE_COLOUR ( '', #3746 ) ;
#6795 = CARTESIAN_POINT ( 'NONE',  ( -0.02724275507478629912, -2.500000000000000000, 2.209294871794871717 ) ) ;
#6796 = EDGE_CURVE ( 'NONE', #7625, #2885, #763, .T. ) ;
#6797 = VECTOR ( 'NONE', #13, 1000.000000000000000 ) ;
#6798 = EDGE_CURVE ( 'NONE', #6533, #5038, #845, .T. ) ;
#6799 = ORIENTED_EDGE ( 'NONE', *, *, #7795, .T. ) ;
#6800 = VECTOR ( 'NONE', #7632, 1000.000000000000000 ) ;
#6801 = MECHANICAL_DESIGN_GEOMETRIC_PRESENTATION_REPRESENTATION (  '', ( #1345 ), #580 ) ;
#6802 = VERTEX_POINT ( 'NONE', #1512 ) ;
#6803 = DIRECTION ( 'NONE',  ( 0.000000000000000000, 0.000000000000000000, -1.000000000000000000 ) ) ;
#6804 = ORIENTED_EDGE ( 'NONE', *, *, #3575, .T. ) ;
#6805 = PRESENTATION_STYLE_ASSIGNMENT (( #732 ) ) ;
#6806 = PRESENTATION_STYLE_ASSIGNMENT (( #6175 ) ) ;
#6807 = CARTESIAN_POINT ( 'NONE',  ( 4.299999999999999822, -2.366666666666666696, -0.6000685097690720005 ) ) ;
#6808 = SURFACE_STYLE_USAGE ( .BOTH. , #7412 ) ;
#6809 = PRESENTATION_LAYER_ASSIGNMENT (  '', '', ( #982 ) ) ;
#6810 =( NAMED_UNIT ( * ) PLANE_ANGLE_UNIT ( ) SI_UNIT ( $, .RADIAN. ) );
#6811 = ADVANCED_FACE ( 'NONE', ( #6246 ), #3910, .F. ) ;
#6812 = UNCERTAINTY_MEASURE_WITH_UNIT (LENGTH_MEASURE( 1.000000000000000082E-05 ), #4007, 'distance_accuracy_value', 'NONE');
#6813 = ADVANCED_FACE ( 'NONE', ( #5737 ), #5655, .F. ) ;
#6814 = ORIENTED_EDGE ( 'NONE', *, *, #6422, .T. ) ;
#6815 = STYLED_ITEM ( 'NONE', ( #3047 ), #6516 ) ;
#6816 =( NAMED_UNIT ( * ) SI_UNIT ( $, .STERADIAN. ) SOLID_ANGLE_UNIT ( ) );
#6817 = VERTEX_POINT ( 'NONE', #3987 ) ;
#6818 = ORIENTED_EDGE ( 'NONE', *, *, #6290, .T. ) ;
#6819 = FILL_AREA_STYLE ('',( #3889 ) ) ;
#6820 = MECHANICAL_DESIGN_GEOMETRIC_PRESENTATION_REPRESENTATION (  '', ( #5406 ), #4901 ) ;
#6821 = DIRECTION ( 'NONE',  ( -0.9409429035988075007, 0.000000000000000000, -0.3385652849408002374 ) ) ;
#6822 = FILL_AREA_STYLE ('',( #2549 ) ) ;
#6823 = CARTESIAN_POINT ( 'NONE',  ( -4.550784378080527048, -0.1000000000000000056, 0.8002088216562512901 ) ) ;
#6824 =( NAMED_UNIT ( * ) PLANE_ANGLE_UNIT ( ) SI_UNIT ( $, .RADIAN. ) );
#6825 = VECTOR ( 'NONE', #7790, 1000.000000000000000 ) ;
#6826 = LINE ( 'NONE', #7424, #1424 ) ;
#6827 = PLANE ( 'NONE',  #5925 ) ;
#6828 = CARTESIAN_POINT ( 'NONE',  ( -0.1451777087237364205, -2.399999999999999023, 1.729408596346316163 ) ) ;
#6829 = SURFACE_SIDE_STYLE ('',( #1419 ) ) ;
#6830 = SURFACE_STYLE_FILL_AREA ( #5569 ) ;
#6831 = ORIENTED_EDGE ( 'NONE', *, *, #1890, .T. ) ;
#6832 = PRESENTATION_LAYER_ASSIGNMENT (  '', '', ( #2744 ) ) ;
#6833 = FILL_AREA_STYLE ('',( #5070 ) ) ;
#6834 = CARTESIAN_POINT ( 'NONE',  ( -0.02724275507478629912, -2.500000000000000000, 2.209294871794871717 ) ) ;
#6835 = LINE ( 'NONE', #4954, #587 ) ;
#6836 =( LENGTH_UNIT ( ) NAMED_UNIT ( * ) SI_UNIT ( .MILLI., .METRE. ) );
#6837 = CARTESIAN_POINT ( 'NONE',  ( 0.1906992855235042639, -2.500000000000000000, 2.171027811164529808 ) ) ;
#6838 = VECTOR ( 'NONE', #3080, 1000.000000000000000 ) ;
#6839 = ORIENTED_EDGE ( 'NONE', *, *, #5277, .T. ) ;
#6840 = ORIENTED_EDGE ( 'NONE', *, *, #2995, .T. ) ;
#6841 = DIRECTION ( 'NONE',  ( 0.7941277684358849509, 0.000000000000000000, 0.6077508431907284736 ) ) ;
#6842 = ORIENTED_EDGE ( 'NONE', *, *, #7497, .T. ) ;
#6843 = EDGE_CURVE ( 'NONE', #2794, #2766, #7609, .T. ) ;
#6844 = B_SPLINE_SURFACE_WITH_KNOTS ( 'NONE', 3, 1, ( 
 ( #1770, #4188 ),
 ( #668, #6633 ),
 ( #1181, #4820 ),
 ( #7306, #1306 ),
 ( #542, #4912 ),
 ( #2900, #3579 ),
 ( #6035, #61 ),
 ( #5475, #4733 ),
 ( #3065, #5518 ),
 ( #5957, #2941 ),
 ( #3625, #2481 ),
 ( #1727, #6596 ),
 ( #5382, #7828 ),
 ( #1853, #1810 ),
 ( #590, #7228 ),
 ( #7356, #2370 ),
 ( #2989, #3020 ),
 ( #7268, #4231 ),
 ( #6670, #21 ),
 ( #2445, #4868 ),
 ( #4275, #4946 ),
 ( #261, #7550 ),
 ( #179, #3141 ),
 ( #3823, #6865 ),
 ( #6236, #6781 ),
 ( #6322, #833 ),
 ( #2013, #3743 ) ),
 .UNSPECIFIED., .F., .F., .F.,
 ( 4, 1, 1, 1, 1, 1, 1, 1, 1, 1, 1, 1, 1, 1, 1, 1, 1, 1, 1, 1, 1, 1, 1, 1, 4 ),
 ( 2, 2 ),
 ( 0.000000000000000000, 0.04395667070316812419, 0.08750538204041458101, 0.1304678559235578628, 0.1730450983334627935, 0.2154162619627679742, 0.2576647176575916354, 0.3001693404700906953, 0.3431398032843397394, 0.3859451926419475987, 0.4277074306817492677, 0.4688413024238546889, 0.5095167823780931693, 0.5497040964414293684, 0.5898026954992344750, 0.6299942800385471831, 0.6704592979647946427, 0.7109762396519020422, 0.7513435876474673369, 0.7917672308313199458, 0.8324522034361715450, 0.8733139674018709497, 0.9145395303442610535, 0.9569218316235561517, 1.000000000000000000 ),
 ( 0.000000000000000000, 1.000000000000000000 ),
 .UNSPECIFIED. ) ;
#6845 = CARTESIAN_POINT ( 'NONE',  ( 0.1351057300848813869, -2.500000000000000000, 2.219886205686428138 ) ) ;
#6846 = ORIENTED_EDGE ( 'NONE', *, *, #4306, .T. ) ;
#6847 = FILL_AREA_STYLE ('',( #2620 ) ) ;
#6848 = ORIENTED_EDGE ( 'NONE', *, *, #1832, .T. ) ;
#6849 = CARTESIAN_POINT ( 'NONE',  ( -4.135872885735895288, 0.000000000000000000, 0.000000000000000000 ) ) ;
#6850 = EDGE_CURVE ( 'NONE', #7040, #1582, #836, .T. ) ;
#6851 = VERTEX_POINT ( 'NONE', #3509 ) ;
#6852 = FACE_OUTER_BOUND ( 'NONE', #7417, .T. ) ;
#6853 = PLANE ( 'NONE',  #2102 ) ;
#6854 = CARTESIAN_POINT ( 'NONE',  ( -2.240000000000001101, -1.500000000000000000, 2.250000000000000000 ) ) ;
#6855 = SURFACE_SIDE_STYLE ('',( #7500 ) ) ;
#6856 = DIRECTION ( 'NONE',  ( 0.000000000000000000, 0.000000000000000000, -1.000000000000000000 ) ) ;
#6857 = DIRECTION ( 'NONE',  ( -0.000000000000000000, -1.000000000000000000, -0.000000000000000000 ) ) ;
#6858 =( GEOMETRIC_REPRESENTATION_CONTEXT ( 3 ) GLOBAL_UNCERTAINTY_ASSIGNED_CONTEXT ( ( #6982 ) ) GLOBAL_UNIT_ASSIGNED_CONTEXT ( ( #7057, #994, #3457 ) ) REPRESENTATION_CONTEXT ( 'NONE', 'WORKASPACE' ) );
#6859 = B_SPLINE_CURVE_WITH_KNOTS ( 'NONE', 3,
 ( #1643, #7007, #1050, #1562, #2232, #5859, #3405, #4038, #6498, #2843, #5242, #412, #3445, #1125, #5284, #7120, #1675, #6534, #3965 ),
 .UNSPECIFIED., .F., .F.,
 ( 4, 1, 1, 1, 1, 1, 1, 1, 1, 1, 1, 1, 1, 1, 1, 1, 4 ),
 ( 0.000000000000000000, 0.06432246778181961722, 0.1262886335379624081, 0.1867242955000420757, 0.2464168158680686560, 0.3055837265637827427, 0.3654367727676125499, 0.4263329871858878573, 0.4888458569063454662, 0.5517301902635035615, 0.6139230909085517940, 0.6754875435196862066, 0.7373369548421792041, 0.8002313699638063937, 0.8645038754762071065, 0.9310415419227366929, 1.000000000000000000 ),
 .UNSPECIFIED. ) ;
#6860 = CARTESIAN_POINT ( 'NONE',  ( 4.021915064102565829, -1.154902199396359741, -2.250000000000000000 ) ) ;
#6861 = CARTESIAN_POINT ( 'NONE',  ( 2.655331196581195208, -2.500000000000000000, 1.883653846153846123 ) ) ;
#6862 = DIRECTION ( 'NONE',  ( 0.000000000000000000, 0.000000000000000000, -1.000000000000000000 ) ) ;
#6863 = ADVANCED_FACE ( 'NONE', ( #3389 ), #961, .F. ) ;
#6864 = DIRECTION ( 'NONE',  ( -1.000000000000000000, 0.000000000000000000, 0.000000000000000000 ) ) ;
#6865 = CARTESIAN_POINT ( 'NONE',  ( 0.2085425605164777374, -2.399999999999999911, 1.955220760148681958 ) ) ;
#6866 = FILL_AREA_STYLE_COLOUR ( '', #3204 ) ;
#6867 = SURFACE_STYLE_FILL_AREA ( #796 ) ;
#6868 = ORIENTED_EDGE ( 'NONE', *, *, #6363, .F. ) ;
#6869 = SURFACE_STYLE_FILL_AREA ( #2341 ) ;
#6870 = PRESENTATION_STYLE_ASSIGNMENT (( #2562 ) ) ;
#6871 =( GEOMETRIC_REPRESENTATION_CONTEXT ( 3 ) GLOBAL_UNCERTAINTY_ASSIGNED_CONTEXT ( ( #866 ) ) GLOBAL_UNIT_ASSIGNED_CONTEXT ( ( #1880, #4900, #620 ) ) REPRESENTATION_CONTEXT ( 'NONE', 'WORKASPACE' ) );
#6872 = PRESENTATION_STYLE_ASSIGNMENT (( #4436 ) ) ;
#6873 = CARTESIAN_POINT ( 'NONE',  ( 0.1100949254345724299, -2.400000000000000799, 1.737941432610797809 ) ) ;
#6874 = CARTESIAN_POINT ( 'NONE',  ( -4.299999999999999822, -2.500000000000000000, 0.6000685097690720005 ) ) ;
#6875 =( NAMED_UNIT ( * ) PLANE_ANGLE_UNIT ( ) SI_UNIT ( $, .RADIAN. ) );
#6876 = FILL_AREA_STYLE ('',( #5658 ) ) ;
#6877 = ORIENTED_EDGE ( 'NONE', *, *, #1062, .T. ) ;
#6878 = ORIENTED_EDGE ( 'NONE', *, *, #3913, .T. ) ;
#6879 = VERTEX_POINT ( 'NONE', #4692 ) ;
#6880 = CARTESIAN_POINT ( 'NONE',  ( 4.135872885735895288, -0.7027481342701399347, 2.750000000000000000 ) ) ;
#6881 =( LENGTH_UNIT ( ) NAMED_UNIT ( * ) SI_UNIT ( .MILLI., .METRE. ) );
#6882 = MECHANICAL_DESIGN_GEOMETRIC_PRESENTATION_REPRESENTATION (  '', ( #1304 ), #3942 ) ;
#6883 = CARTESIAN_POINT ( 'NONE',  ( 2.539999999999999591, -2.400000000000000355, 2.016198513312075224 ) ) ;
#6884 = ORIENTED_EDGE ( 'NONE', *, *, #6843, .T. ) ;
#6885 = FACE_OUTER_BOUND ( 'NONE', #275, .T. ) ;
#6886 = ORIENTED_EDGE ( 'NONE', *, *, #1064, .T. ) ;
#6887 = CIRCLE ( 'NONE', #2801, 0.2394398982144593790 ) ;
#6888 = SURFACE_SIDE_STYLE ('',( #212 ) ) ;
#6889 =( LENGTH_UNIT ( ) NAMED_UNIT ( * ) SI_UNIT ( .MILLI., .METRE. ) );
#6890 = CARTESIAN_POINT ( 'NONE',  ( 4.499087289663464162, -0.9004951481143085301, -2.250000000000000000 ) ) ;
#6891 = DIRECTION ( 'NONE',  ( 1.000000000000000000, 0.000000000000000000, -0.000000000000000000 ) ) ;
#6892 = MECHANICAL_DESIGN_GEOMETRIC_PRESENTATION_REPRESENTATION (  '', ( #34 ), #2569 ) ;
#6893 = FILL_AREA_STYLE_COLOUR ( '', #5896 ) ;
#6894 = EDGE_CURVE ( 'NONE', #2657, #2493, #4101, .T. ) ;
#6895 = DIRECTION ( 'NONE',  ( 0.000000000000000000, 0.000000000000000000, -1.000000000000000000 ) ) ;
#6896 = DIRECTION ( 'NONE',  ( -0.000000000000000000, -1.000000000000000000, -0.000000000000000000 ) ) ;
#6897 = ORIENTED_EDGE ( 'NONE', *, *, #134, .T. ) ;
#6898 = DIRECTION ( 'NONE',  ( -0.4189977888269755257, -0.9079872537420914380, 0.000000000000000000 ) ) ;
#6899 = CARTESIAN_POINT ( 'NONE',  ( 2.457218724984110203, -2.400000000000001243, 1.963574950866729951 ) ) ;
#6900 = CARTESIAN_POINT ( 'NONE',  ( -0.03357009422298138507, -2.400000000000000799, 2.263496070196985066 ) ) ;
#6901 = DIRECTION ( 'NONE',  ( 0.000000000000000000, 0.000000000000000000, -1.000000000000000000 ) ) ;
#6902 = CARTESIAN_POINT ( 'NONE',  ( 2.539999999999999591, -2.400000000000000355, 2.016198513312075224 ) ) ;
#6903 = UNCERTAINTY_MEASURE_WITH_UNIT (LENGTH_MEASURE( 1.000000000000000082E-05 ), #3235, 'distance_accuracy_value', 'NONE');
#6904 = EDGE_CURVE ( 'NONE', #7617, #6099, #1891, .T. ) ;
#6905 = ORIENTED_EDGE ( 'NONE', *, *, #6571, .T. ) ;
#6906 = FACE_OUTER_BOUND ( 'NONE', #5191, .T. ) ;
#6907 = DIRECTION ( 'NONE',  ( 0.000000000000000000, -0.000000000000000000, 1.000000000000000000 ) ) ;
#6908 = FACE_OUTER_BOUND ( 'NONE', #4418, .T. ) ;
#6909 = ORIENTED_EDGE ( 'NONE', *, *, #5241, .F. ) ;
#6910 = CARTESIAN_POINT ( 'NONE',  ( 1.993914404288690490, -2.400000000000000355, 1.630485880782381436 ) ) ;
#6911 = SURFACE_STYLE_FILL_AREA ( #1430 ) ;
#6912 = CARTESIAN_POINT ( 'NONE',  ( 2.387482000334955057, -2.400000000000000355, 1.791477234395828733 ) ) ;
#6913 = ORIENTED_EDGE ( 'NONE', *, *, #3438, .T. ) ;
#6914 = ORIENTED_EDGE ( 'NONE', *, *, #2699, .T. ) ;
#6915 = FILL_AREA_STYLE ('',( #195 ) ) ;
#6916 = ORIENTED_EDGE ( 'NONE', *, *, #7165, .F. ) ;
#6917 = FILL_AREA_STYLE ('',( #4481 ) ) ;
#6918 = CARTESIAN_POINT ( 'NONE',  ( -1.993914404288691378, -2.500000000000000000, 2.250000000000000000 ) ) ;
#6919 = DIRECTION ( 'NONE',  ( -0.000000000000000000, -1.000000000000000000, -0.000000000000000000 ) ) ;
#6920 = VERTEX_POINT ( 'NONE', #1223 ) ;
#6921 =( LENGTH_UNIT ( ) NAMED_UNIT ( * ) SI_UNIT ( .MILLI., .METRE. ) );
#6922 = ORIENTED_EDGE ( 'NONE', *, *, #2430, .T. ) ;
#6923 =( GEOMETRIC_REPRESENTATION_CONTEXT ( 3 ) GLOBAL_UNCERTAINTY_ASSIGNED_CONTEXT ( ( #5650 ) ) GLOBAL_UNIT_ASSIGNED_CONTEXT ( ( #747, #6114, #6152 ) ) REPRESENTATION_CONTEXT ( 'NONE', 'WORKASPACE' ) );
#6924 = COLOUR_RGB ( '',1.000000000000000000, 1.000000000000000000, 1.000000000000000000 ) ;
#6925 = CIRCLE ( 'NONE', #3478, 0.6685684054278679955 ) ;
#6926 = ADVANCED_FACE ( 'NONE', ( #6716 ), #6844, .T. ) ;
#6927 =( NAMED_UNIT ( * ) PLANE_ANGLE_UNIT ( ) SI_UNIT ( $, .RADIAN. ) );
#6928 = CARTESIAN_POINT ( 'NONE',  ( -1.722883656246370299, 0.000000000000000000, -1.647441418907150457 ) ) ;
#6929 = UNCERTAINTY_MEASURE_WITH_UNIT (LENGTH_MEASURE( 1.000000000000000082E-05 ), #2856, 'distance_accuracy_value', 'NONE');
#6930 = CARTESIAN_POINT ( 'NONE',  ( 2.723173076923075531, -2.500000000000000000, 2.250000000000000000 ) ) ;
#6931 = CARTESIAN_POINT ( 'NONE',  ( -2.540000000000000480, -2.400000000000000355, 2.016198513312075224 ) ) ;
#6932 = PRESENTATION_LAYER_ASSIGNMENT (  '', '', ( #4894 ) ) ;
#6933 = AXIS2_PLACEMENT_3D ( 'NONE', #599, #3147, #1817 ) ;
#6934 = SURFACE_STYLE_USAGE ( .BOTH. , #7543 ) ;
#6935 = LINE ( 'NONE', #5721, #5211 ) ;
#6936 =( NAMED_UNIT ( * ) PLANE_ANGLE_UNIT ( ) SI_UNIT ( $, .RADIAN. ) );
#6937 = CARTESIAN_POINT ( 'NONE',  ( 2.608449926555001852, -2.499999999999999112, 1.785912163766971039 ) ) ;
#6938 = PRESENTATION_STYLE_ASSIGNMENT (( #295 ) ) ;
#6939 = STYLED_ITEM ( 'NONE', ( #259 ), #1551 ) ;
#6940 = CARTESIAN_POINT ( 'NONE',  ( -0.1748160299989920952, -2.400000000000000355, 1.743782984508301936 ) ) ;
#6941 = CARTESIAN_POINT ( 'NONE',  ( -1.634757397634042375, -2.500000000000000000, -3.591119187505327215 ) ) ;
#6942 = PLANE ( 'NONE',  #2770 ) ;
#6943 = AXIS2_PLACEMENT_3D ( 'NONE', #5842, #5811, #7752 ) ;
#6944 = LINE ( 'NONE', #7636, #3430 ) ;
#6945 = LINE ( 'NONE', #7713, #5332 ) ;
#6946 = CARTESIAN_POINT ( 'NONE',  ( -0.1979201681242242217, -2.500000000000000000, 1.829327324817665801 ) ) ;
#6947 = EDGE_CURVE ( 'NONE', #6720, #7440, #2521, .T. ) ;
#6948 = CARTESIAN_POINT ( 'NONE',  ( 1.993914404288690490, -2.500000000000000000, 1.630485880782381436 ) ) ;
#6949 = VECTOR ( 'NONE', #572, 1000.000000000000000 ) ;
#6950 = DIRECTION ( 'NONE',  ( 0.000000000000000000, 0.000000000000000000, -1.000000000000000000 ) ) ;
#6951 = PLANE ( 'NONE',  #5101 ) ;
#6952 = CARTESIAN_POINT ( 'NONE',  ( 2.451458035316325557, -2.500000000000000888, 1.725324977164068407 ) ) ;
#6953 = ORIENTED_EDGE ( 'NONE', *, *, #2566, .F. ) ;
#6954 = ORIENTED_EDGE ( 'NONE', *, *, #6389, .T. ) ;
#6955 = CARTESIAN_POINT ( 'NONE',  ( 2.363611111111109775, -2.400000000000000355, 2.250000000000000000 ) ) ;
#6956 = ORIENTED_EDGE ( 'NONE', *, *, #4315, .T. ) ;
#6957 = AXIS2_PLACEMENT_3D ( 'NONE', #7287, #612, #4248 ) ;
#6958 = EDGE_CURVE ( 'NONE', #7028, #1268, #1930, .T. ) ;
#6959 = CARTESIAN_POINT ( 'NONE',  ( 0.2539122301933806614, -2.500000000000000000, 2.035409141408177192 ) ) ;
#6960 =( NAMED_UNIT ( * ) PLANE_ANGLE_UNIT ( ) SI_UNIT ( $, .RADIAN. ) );
#6961 = LINE ( 'NONE', #5162, #7185 ) ;
#6962 = EDGE_LOOP ( 'NONE', ( #1596, #3963, #5521, #6713 ) ) ;
#6963 = B_SPLINE_CURVE_WITH_KNOTS ( 'NONE', 3,
 ( #5081, #1435, #2613, #5044, #4899, #856, #6111, #1994, #7342, #3837, #7486, #4415, #6845, #3246, #3052, #1396, #5506, #2030, #3798 ),
 .UNSPECIFIED., .F., .F.,
 ( 4, 1, 1, 1, 1, 1, 1, 1, 1, 1, 1, 1, 1, 1, 1, 1, 4 ),
 ( 0.000000000000000000, 0.06966280089907728179, 0.1377495622582729784, 0.2039167435177828280, 0.2687798623293367606, 0.3324137064772237915, 0.3947535404471397280, 0.4561800316591691495, 0.5169956491967200307, 0.5773959379659518998, 0.6371983435092755110, 0.6969991842614552402, 0.7567561942255600638, 0.8165539052726085156, 0.8769479965978703717, 0.9381317879205950394, 1.000000000000000000 ),
 .UNSPECIFIED. ) ;
#6964 = CARTESIAN_POINT ( 'NONE',  ( 5.000000000000000000, -1.797251865729859954, 2.250000000000000000 ) ) ;
#6965 = VERTEX_POINT ( 'NONE', #2559 ) ;
#6966 = UNCERTAINTY_MEASURE_WITH_UNIT (LENGTH_MEASURE( 1.000000000000000082E-05 ), #614, 'distance_accuracy_value', 'NONE');
#6967 = CARTESIAN_POINT ( 'NONE',  ( 4.060553135016027326, -1.236312455806616306, -2.250000000000000000 ) ) ;
#6968 = CARTESIAN_POINT ( 'NONE',  ( -1.634757397634042597, -2.500000000000000000, -3.750000000000000444 ) ) ;
#6969 = COLOUR_RGB ( '',0.1843137254901960898, 0.7568627450980391913, 1.000000000000000000 ) ;
#6970 = SURFACE_STYLE_USAGE ( .BOTH. , #4539 ) ;
#6971 = UNCERTAINTY_MEASURE_WITH_UNIT (LENGTH_MEASURE( 1.000000000000000082E-05 ), #5019, 'distance_accuracy_value', 'NONE');
#6972 = CARTESIAN_POINT ( 'NONE',  ( -3.086085595711309804, -2.400000000000000355, 1.630485880782381436 ) ) ;
#6973 = EDGE_LOOP ( 'NONE', ( #6610, #2805, #3128, #2571 ) ) ;
#6974 = CARTESIAN_POINT ( 'NONE',  ( -2.671366323237657880, -1.500000000000000000, 7.750000000000000000 ) ) ;
#6975 = FILL_AREA_STYLE_COLOUR ( '', #2484 ) ;
#6976 = CARTESIAN_POINT ( 'NONE',  ( 0.03475739763404337573, -2.500000000000000000, -3.591119187505327659 ) ) ;
#6977 = CARTESIAN_POINT ( 'NONE',  ( -2.750000000000000444, -0.1000000000000000056, 2.250000000000000000 ) ) ;
#6978 = CARTESIAN_POINT ( 'NONE',  ( 5.000000000000000000, -2.500000000000000000, -2.250000000000000000 ) ) ;
#6979 = CARTESIAN_POINT ( 'NONE',  ( 5.000000000000000000, 0.000000000000000000, 0.4132593211698106228 ) ) ;
#6980 = CARTESIAN_POINT ( 'NONE',  ( -1.722883656246370299, -0.2000000000000000111, -1.447028670344146617 ) ) ;
#6981 = CARTESIAN_POINT ( 'NONE',  ( 2.370395299145298118, -2.500000000000000000, 1.864573317307692379 ) ) ;
#6982 = UNCERTAINTY_MEASURE_WITH_UNIT (LENGTH_MEASURE( 1.000000000000000082E-05 ), #7057, 'distance_accuracy_value', 'NONE');
#6983 = MANIFOLD_SOLID_BREP ( 'Boss-Extrude2', #5761 ) ;
#6984 = EDGE_CURVE ( 'NONE', #3367, #1476, #2091, .T. ) ;
#6985 = FACE_OUTER_BOUND ( 'NONE', #369, .T. ) ;
#6986 = LINE ( 'NONE', #2680, #7871 ) ;
#6987 = CARTESIAN_POINT ( 'NONE',  ( -0.2162459935897435848, -2.399999999999999467, 1.849732905982905962 ) ) ;
#6988 = CARTESIAN_POINT ( 'NONE',  ( -0.01885801388626712205, -2.399999999999999467, 2.209138387967300332 ) ) ;
#6989 = FILL_AREA_STYLE ('',( #5224 ) ) ;
#6990 = EDGE_CURVE ( 'NONE', #3288, #509, #710, .T. ) ;
#6991 = ORIENTED_EDGE ( 'NONE', *, *, #1825, .T. ) ;
#6992 = PRESENTATION_LAYER_ASSIGNMENT (  '', '', ( #2415 ) ) ;
#6993 = EDGE_CURVE ( 'NONE', #5123, #1075, #5769, .T. ) ;
#6994 = ORIENTED_EDGE ( 'NONE', *, *, #1832, .F. ) ;
#6995 = SURFACE_SIDE_STYLE ('',( #365 ) ) ;
#6996 = ORIENTED_EDGE ( 'NONE', *, *, #4416, .F. ) ;
#6997 = MANIFOLD_SOLID_BREP ( 'Boss-Extrude7', #417 ) ;
#6998 = FILL_AREA_STYLE ('',( #3997 ) ) ;
#6999 =( NAMED_UNIT ( * ) SI_UNIT ( $, .STERADIAN. ) SOLID_ANGLE_UNIT ( ) );
#7000 = PRESENTATION_LAYER_ASSIGNMENT (  '', '', ( #2667 ) ) ;
#7001 = ORIENTED_EDGE ( 'NONE', *, *, #988, .T. ) ;
#7002 = ORIENTED_EDGE ( 'NONE', *, *, #2411, .F. ) ;
#7003 = EDGE_CURVE ( 'NONE', #1368, #4105, #5566, .T. ) ;
#7004 = CARTESIAN_POINT ( 'NONE',  ( 2.453529990251888560, -2.100000000000000089, 0.5137037129227551846 ) ) ;
#7005 = VERTEX_POINT ( 'NONE', #6978 ) ;
#7006 = ADVANCED_FACE ( 'NONE', ( #916 ), #6398, .F. ) ;
#7007 = CARTESIAN_POINT ( 'NONE',  ( 0.2101186067088585130, -2.500000000000000000, 1.993767789897676002 ) ) ;
#7008 = CIRCLE ( 'NONE', #7531, 0.2394398982144593790 ) ;
#7009 = DIRECTION ( 'NONE',  ( 0.000000000000000000, 0.000000000000000000, 1.000000000000000000 ) ) ;
#7010 =( NAMED_UNIT ( * ) PLANE_ANGLE_UNIT ( ) SI_UNIT ( $, .RADIAN. ) );
#7011 =( NAMED_UNIT ( * ) PLANE_ANGLE_UNIT ( ) SI_UNIT ( $, .RADIAN. ) );
#7012 = CARTESIAN_POINT ( 'NONE',  ( 0.2572255383632116588, -2.500000000000000000, 2.009213880671382402 ) ) ;
#7013 = DIRECTION ( 'NONE',  ( 0.000000000000000000, -0.000000000000000000, -1.000000000000000000 ) ) ;
#7014 = CARTESIAN_POINT ( 'NONE',  ( 2.489786910086957850, -2.399999999999999911, 2.001134074637178628 ) ) ;
#7015 = STYLED_ITEM ( 'NONE', ( #2664 ), #3295 ) ;
#7016 = FILL_AREA_STYLE ('',( #5867 ) ) ;
#7017 = SURFACE_SIDE_STYLE ('',( #2167 ) ) ;
#7018 = ORIENTED_EDGE ( 'NONE', *, *, #1445, .T. ) ;
#7019 = LINE ( 'NONE', #2247, #3970 ) ;
#7020 = CYLINDRICAL_SURFACE ( 'NONE', #4562, 0.4149114923446327596 ) ;
#7021 = AXIS2_PLACEMENT_3D ( 'NONE', #6769, #562, #2353 ) ;
#7022 = DIRECTION ( 'NONE',  ( -0.000000000000000000, -0.000000000000000000, -1.000000000000000000 ) ) ;
#7023 = CARTESIAN_POINT ( 'NONE',  ( -5.000000000000000000, 0.000000000000000000, 0.4132593211698106228 ) ) ;
#7024 = ADVANCED_FACE ( 'NONE', ( #7633 ), #4653, .T. ) ;
#7025 = SURFACE_SIDE_STYLE ('',( #6405 ) ) ;
#7026 = LINE ( 'NONE', #7073, #7171 ) ;
#7027 = VERTEX_POINT ( 'NONE', #1721 ) ;
#7028 = VERTEX_POINT ( 'NONE', #498 ) ;
#7029 = CARTESIAN_POINT ( 'NONE',  ( 3.823477564102566451, -0.9004951481143085301, -2.149999999999999911 ) ) ;
#7030 = ORIENTED_EDGE ( 'NONE', *, *, #7651, .F. ) ;
#7031 = CARTESIAN_POINT ( 'NONE',  ( 0.000000000000000000, -2.400000000000000355, 2.016198513312075224 ) ) ;
#7032 = ADVANCED_FACE ( 'NONE', ( #2892 ), #3571, .T. ) ;
#7033 = DIRECTION ( 'NONE',  ( 0.000000000000000000, 0.000000000000000000, -1.000000000000000000 ) ) ;
#7034 = EDGE_CURVE ( 'NONE', #3009, #932, #3659, .T. ) ;
#7035 = EDGE_LOOP ( 'NONE', ( #5007, #6994, #2081, #157, #7361 ) ) ;
#7036 = DIRECTION ( 'NONE',  ( 0.000000000000000000, 0.000000000000000000, -1.000000000000000000 ) ) ;
#7037 = VERTEX_POINT ( 'NONE', #7133 ) ;
#7038 = CIRCLE ( 'NONE', #309, 0.2394398982144593790 ) ;
#7039 = DIRECTION ( 'NONE',  ( -0.000000000000000000, -1.000000000000000000, -0.000000000000000000 ) ) ;
#7040 = VERTEX_POINT ( 'NONE', #3055 ) ;
#7041 = UNCERTAINTY_MEASURE_WITH_UNIT (LENGTH_MEASURE( 1.000000000000000082E-05 ), #6881, 'distance_accuracy_value', 'NONE');
#7042 = COLOUR_RGB ( '',0.1843137254901960898, 0.7568627450980391913, 1.000000000000000000 ) ;
#7043 =( GEOMETRIC_REPRESENTATION_CONTEXT ( 3 ) GLOBAL_UNCERTAINTY_ASSIGNED_CONTEXT ( ( #45 ) ) GLOBAL_UNIT_ASSIGNED_CONTEXT ( ( #3623, #503, #3545 ) ) REPRESENTATION_CONTEXT ( 'NONE', 'WORKASPACE' ) );
#7044 = MECHANICAL_DESIGN_GEOMETRIC_PRESENTATION_REPRESENTATION (  '', ( #2829 ), #1207 ) ;
#7045 = EDGE_CURVE ( 'NONE', #5415, #4935, #4772, .T. ) ;
#7046 = CARTESIAN_POINT ( 'NONE',  ( 1.993914404288690490, -2.400000000000000355, 2.250000000000000000 ) ) ;
#7047 = CARTESIAN_POINT ( 'NONE',  ( 0.2577991452991452714, -2.500000000000000000, 1.982342581463675257 ) ) ;
#7048 = VECTOR ( 'NONE', #6586, 1000.000000000000000 ) ;
#7049 = VECTOR ( 'NONE', #1041, 1000.000000000000000 ) ;
#7050 = COLOUR_RGB ( '',0.8313725490196077761, 0.8313725490196077761, 0.8196078431372548767 ) ;
#7051 = CARTESIAN_POINT ( 'NONE',  ( -0.03300478338361668290, -2.500000000000000000, 1.707337860919236894 ) ) ;
#7052 = DIRECTION ( 'NONE',  ( -1.000000000000000000, 0.000000000000000000, -0.000000000000000000 ) ) ;
#7053 =( GEOMETRIC_REPRESENTATION_CONTEXT ( 3 ) GLOBAL_UNCERTAINTY_ASSIGNED_CONTEXT ( ( #884 ) ) GLOBAL_UNIT_ASSIGNED_CONTEXT ( ( #6143, #6810, #3083 ) ) REPRESENTATION_CONTEXT ( 'NONE', 'WORKASPACE' ) );
#7054 = FILL_AREA_STYLE ('',( #3416 ) ) ;
#7055 = PRESENTATION_LAYER_ASSIGNMENT (  '', '', ( #6550 ) ) ;
#7056 = SURFACE_STYLE_FILL_AREA ( #4608 ) ;
#7057 =( LENGTH_UNIT ( ) NAMED_UNIT ( * ) SI_UNIT ( .MILLI., .METRE. ) );
#7058 = VECTOR ( 'NONE', #7151, 1000.000000000000000 ) ;
#7059 = CARTESIAN_POINT ( 'NONE',  ( 2.370395299145298118, -2.500000000000000000, 1.864573317307692379 ) ) ;
#7060 = PRESENTATION_LAYER_ASSIGNMENT (  '', '', ( #3487 ) ) ;
#7061 = UNCERTAINTY_MEASURE_WITH_UNIT (LENGTH_MEASURE( 1.000000000000000082E-05 ), #22, 'distance_accuracy_value', 'NONE');
#7062 = CIRCLE ( 'NONE', #4129, 0.6685684054278679955 ) ;
#7063 = DIRECTION ( 'NONE',  ( -0.000000000000000000, 0.000000000000000000, -1.000000000000000000 ) ) ;
#7064 = UNCERTAINTY_MEASURE_WITH_UNIT (LENGTH_MEASURE( 1.000000000000000082E-05 ), #2630, 'distance_accuracy_value', 'NONE');
#7065 = COLOUR_RGB ( '',0.1843137254901960898, 0.7568627450980391913, 1.000000000000000000 ) ;
#7066 = CARTESIAN_POINT ( 'NONE',  ( 2.425739397123529262, -2.500000000000000000, 1.742895607158566840 ) ) ;
#7067 = VECTOR ( 'NONE', #5380, 1000.000000000000000 ) ;
#7068 = CARTESIAN_POINT ( 'NONE',  ( -0.03358418873149144473, -2.499999999999999556, 1.761782765013450325 ) ) ;
#7069 = CARTESIAN_POINT ( 'NONE',  ( 0.1430971256303192884, -2.400000000000000355, 2.145660952412253852 ) ) ;
#7070 = CARTESIAN_POINT ( 'NONE',  ( 2.609855936164528600, -2.500000000000000000, 2.195726495726495919 ) ) ;
#7071 = LINE ( 'NONE', #1623, #1717 ) ;
#7072 =( LENGTH_UNIT ( ) NAMED_UNIT ( * ) SI_UNIT ( .MILLI., .METRE. ) );
#7073 = CARTESIAN_POINT ( 'NONE',  ( -0.2162459935897435848, -2.500000000000000000, 2.121100427350427253 ) ) ;
#7074 = ORIENTED_EDGE ( 'NONE', *, *, #3722, .F. ) ;
#7075 = EDGE_LOOP ( 'NONE', ( #2331, #3847, #2991, #5230 ) ) ;
#7076 = FILL_AREA_STYLE ('',( #1009 ) ) ;
#7077 = VECTOR ( 'NONE', #3206, 1000.000000000000000 ) ;
#7078 = VERTEX_POINT ( 'NONE', #4857 ) ;
#7079 = CARTESIAN_POINT ( 'NONE',  ( -5.000000000000000000, 0.000000000000000000, -2.250000000000000000 ) ) ;
#7080 = CARTESIAN_POINT ( 'NONE',  ( 4.299999999999999822, -2.366666666666666696, 0.000000000000000000 ) ) ;
#7081 = VECTOR ( 'NONE', #606, 1000.000000000000000 ) ;
#7082 = ORIENTED_EDGE ( 'NONE', *, *, #2945, .T. ) ;
#7083 = DIRECTION ( 'NONE',  ( -0.000000000000000000, -1.000000000000000000, -0.000000000000000000 ) ) ;
#7084 = EDGE_CURVE ( 'NONE', #2036, #3369, #4222, .T. ) ;
#7085 = ORIENTED_EDGE ( 'NONE', *, *, #7598, .T. ) ;
#7086 = STYLED_ITEM ( 'NONE', ( #6702 ), #1611 ) ;
#7087 = DIRECTION ( 'NONE',  ( 0.000000000000000000, 0.000000000000000000, -1.000000000000000000 ) ) ;
#7088 = LINE ( 'NONE', #4643, #455 ) ;
#7089 = EDGE_LOOP ( 'NONE', ( #4107, #2385, #4534, #4485 ) ) ;
#7090 = CARTESIAN_POINT ( 'NONE',  ( 0.1588128510079115652, -2.399999999999999911, 2.202585129899107486 ) ) ;
#7091 = COLOUR_RGB ( '',0.1843137254901960898, 0.7568627450980391913, 1.000000000000000000 ) ;
#7092 = ORIENTED_EDGE ( 'NONE', *, *, #137, .T. ) ;
#7093 = CARTESIAN_POINT ( 'NONE',  ( 0.2487776942832457538, -2.399999999999999911, 2.060641429571397953 ) ) ;
#7094 = ORIENTED_EDGE ( 'NONE', *, *, #7350, .F. ) ;
#7095 = EDGE_CURVE ( 'NONE', #4174, #7805, #7221, .T. ) ;
#7096 = CARTESIAN_POINT ( 'NONE',  ( 0.2062533226179258661, -2.400000000000000799, 1.940376099522968856 ) ) ;
#7097 = CIRCLE ( 'NONE', #370, 0.6685684054278679955 ) ;
#7098 = FACE_OUTER_BOUND ( 'NONE', #7272, .T. ) ;
#7099 = FILL_AREA_STYLE_COLOUR ( '', #4108 ) ;
#7100 = FACE_OUTER_BOUND ( 'NONE', #408, .T. ) ;
#7101 = DIRECTION ( 'NONE',  ( -0.000000000000000000, -1.000000000000000000, -0.000000000000000000 ) ) ;
#7102 = DIRECTION ( 'NONE',  ( 0.000000000000000000, -0.000000000000000000, 1.000000000000000000 ) ) ;
#7103 = EDGE_CURVE ( 'NONE', #5228, #1758, #5752, .T. ) ;
#7104 = PRESENTATION_STYLE_ASSIGNMENT (( #7675 ) ) ;
#7105 = CARTESIAN_POINT ( 'NONE',  ( 2.539999999999999591, -2.400000000000000355, 2.016198513312075224 ) ) ;
#7106 =( NAMED_UNIT ( * ) PLANE_ANGLE_UNIT ( ) SI_UNIT ( $, .RADIAN. ) );
#7107 = FILL_AREA_STYLE_COLOUR ( '', #398 ) ;
#7108 = CARTESIAN_POINT ( 'NONE',  ( 0.2264490086761391241, -2.399999999999999911, 1.851129613084712799 ) ) ;
#7109 = ORIENTED_EDGE ( 'NONE', *, *, #5501, .F. ) ;
#7110 = EDGE_LOOP ( 'NONE', ( #4072, #7109, #2595, #5744 ) ) ;
#7111 = COLOUR_RGB ( '',1.000000000000000000, 1.000000000000000000, 1.000000000000000000 ) ;
#7112 = EDGE_LOOP ( 'NONE', ( #196, #4556, #7282, #5775 ) ) ;
#7113 = PRESENTATION_STYLE_ASSIGNMENT (( #6460 ) ) ;
#7114 = FILL_AREA_STYLE ('',( #3998 ) ) ;
#7115 = CARTESIAN_POINT ( 'NONE',  ( 2.625787846674053849, -2.400000000000000355, 1.734944002685713693 ) ) ;
#7116 = EDGE_LOOP ( 'NONE', ( #282, #1516, #3361, #7155 ) ) ;
#7117 = ORIENTED_EDGE ( 'NONE', *, *, #6212, .T. ) ;
#7118 = UNCERTAINTY_MEASURE_WITH_UNIT (LENGTH_MEASURE( 1.000000000000000082E-05 ), #6745, 'distance_accuracy_value', 'NONE');
#7119 = FACE_OUTER_BOUND ( 'NONE', #5168, .T. ) ;
#7120 = CARTESIAN_POINT ( 'NONE',  ( 0.02172776862980435944, -2.500000000000000000, 2.205619298379928317 ) ) ;
#7121 = STYLED_ITEM ( 'NONE', ( #3466 ), #3015 ) ;
#7122 = CARTESIAN_POINT ( 'NONE',  ( 0.08140518397636245518, -2.500000000000000444, 1.784460823925592132 ) ) ;
#7123 = LINE ( 'NONE', #2809, #6053 ) ;
#7124 = EDGE_CURVE ( 'NONE', #7721, #2724, #1838, .T. ) ;
#7125 = CARTESIAN_POINT ( 'NONE',  ( 0.08226159186943915458, -2.499999999999999556, 2.246026221509347831 ) ) ;
#7126 = ORIENTED_EDGE ( 'NONE', *, *, #6843, .F. ) ;
#7127 = FILL_AREA_STYLE_COLOUR ( '', #6013 ) ;
#7128 = ORIENTED_EDGE ( 'NONE', *, *, #7358, .T. ) ;
#7129 = CARTESIAN_POINT ( 'NONE',  ( 0.1935119189942911266, -2.400000000000000799, 1.898115078623342500 ) ) ;
#7130 = SURFACE_STYLE_USAGE ( .BOTH. , #4176 ) ;
#7131 = CARTESIAN_POINT ( 'NONE',  ( 4.499087289663464162, -0.9004951481143085301, -2.250000000000000000 ) ) ;
#7132 = MECHANICAL_DESIGN_GEOMETRIC_PRESENTATION_REPRESENTATION (  '', ( #4457 ), #5868 ) ;
#7133 = CARTESIAN_POINT ( 'NONE',  ( -2.240000000000000657, -1.000000000000000000, 7.281332158035503710 ) ) ;
#7134 =( LENGTH_UNIT ( ) NAMED_UNIT ( * ) SI_UNIT ( .MILLI., .METRE. ) );
#7135 = FILL_AREA_STYLE ('',( #7635 ) ) ;
#7136 = MECHANICAL_DESIGN_GEOMETRIC_PRESENTATION_REPRESENTATION (  '', ( #2795 ), #6134 ) ;
#7137 = CARTESIAN_POINT ( 'NONE',  ( 2.382280705375544372, -2.499999999999999112, 1.928828574855678379 ) ) ;
#7138 = AXIS2_PLACEMENT_3D ( 'NONE', #1234, #3634, #5963 ) ;
#7139 = UNCERTAINTY_MEASURE_WITH_UNIT (LENGTH_MEASURE( 1.000000000000000082E-05 ), #1887, 'distance_accuracy_value', 'NONE');
#7140 = SURFACE_STYLE_FILL_AREA ( #5994 ) ;
#7141 =( NAMED_UNIT ( * ) PLANE_ANGLE_UNIT ( ) SI_UNIT ( $, .RADIAN. ) );
#7142 = CARTESIAN_POINT ( 'NONE',  ( -0.1594718177279929039, -2.500000000000000000, 2.234689664907174578 ) ) ;
#7143 = EDGE_CURVE ( 'NONE', #5200, #5437, #1446, .T. ) ;
#7144 = SURFACE_STYLE_FILL_AREA ( #7793 ) ;
#7145 = UNCERTAINTY_MEASURE_WITH_UNIT (LENGTH_MEASURE( 1.000000000000000082E-05 ), #1963, 'distance_accuracy_value', 'NONE');
#7146 = VERTEX_POINT ( 'NONE', #2043 ) ;
#7147 = B_SPLINE_SURFACE_WITH_KNOTS ( 'NONE', 3, 1, ( 
 ( #3410, #4214 ),
 ( #1755, #6502 ),
 ( #7856, #2393 ),
 ( #6065, #7737 ),
 ( #7810, #4804 ),
 ( #1164, #1128 ),
 ( #1086, #3006 ),
 ( #6618, #6651 ),
 ( #7125, #3603 ),
 ( #2275, #450 ),
 ( #3530, #5459 ),
 ( #7254, #3491 ),
 ( #616, #2238 ),
 ( #4044, #2923 ),
 ( #4645, #7090 ),
 ( #1646, #1054 ),
 ( #1794, #6579 ),
 ( #3449, #2351 ),
 ( #5900, #7161 ) ),
 .UNSPECIFIED., .F., .F., .F.,
 ( 4, 1, 1, 1, 1, 1, 1, 1, 1, 1, 1, 1, 1, 1, 1, 1, 4 ),
 ( 2, 2 ),
 ( 0.000000000000000000, 0.06966280089907728179, 0.1377495622582729784, 0.2039167435177828280, 0.2687798623293367606, 0.3324137064772237915, 0.3947535404471397280, 0.4561800316591691495, 0.5169956491967200307, 0.5773959379659518998, 0.6371983435092755110, 0.6969991842614552402, 0.7567561942255600638, 0.8165539052726085156, 0.8769479965978703717, 0.9381317879205950394, 1.000000000000000000 ),
 ( 0.000000000000000000, 1.000000000000000000 ),
 .UNSPECIFIED. ) ;
#7148 = ORIENTED_EDGE ( 'NONE', *, *, #4631, .F. ) ;
#7149 = PRESENTATION_STYLE_ASSIGNMENT (( #1695 ) ) ;
#7150 =( NAMED_UNIT ( * ) PLANE_ANGLE_UNIT ( ) SI_UNIT ( $, .RADIAN. ) );
#7151 = DIRECTION ( 'NONE',  ( 0.000000000000000000, 0.000000000000000000, 1.000000000000000000 ) ) ;
#7152 =( NAMED_UNIT ( * ) SI_UNIT ( $, .STERADIAN. ) SOLID_ANGLE_UNIT ( ) );
#7153 = FILL_AREA_STYLE_COLOUR ( '', #7340 ) ;
#7154 = PRESENTATION_STYLE_ASSIGNMENT (( #7764 ) ) ;
#7155 = ORIENTED_EDGE ( 'NONE', *, *, #292, .T. ) ;
#7156 = ORIENTED_EDGE ( 'NONE', *, *, #4597, .T. ) ;
#7157 =( LENGTH_UNIT ( ) NAMED_UNIT ( * ) SI_UNIT ( .MILLI., .METRE. ) );
#7158 = CARTESIAN_POINT ( 'NONE',  ( -2.567136752136752964, -2.500000000000000000, 1.720833333333333437 ) ) ;
#7159 = CARTESIAN_POINT ( 'NONE',  ( -0.02395666399572645572, -2.500000000000000000, 1.761538461538461497 ) ) ;
#7160 = CARTESIAN_POINT ( 'NONE',  ( -5.000000000000000000, -0.1000000000000000056, 0.4132593211698106228 ) ) ;
#7161 = CARTESIAN_POINT ( 'NONE',  ( 0.1906992855235042639, -2.399999999999999911, 2.171027811164529808 ) ) ;
#7162 = VECTOR ( 'NONE', #2790, 1000.000000000000000 ) ;
#7163 = CARTESIAN_POINT ( 'NONE',  ( -0.02395666399572645572, -2.500000000000000000, 1.761538461538461497 ) ) ;
#7164 = ORIENTED_EDGE ( 'NONE', *, *, #5238, .T. ) ;
#7165 = EDGE_CURVE ( 'NONE', #7229, #1229, #7345, .T. ) ;
#7166 =( GEOMETRIC_REPRESENTATION_CONTEXT ( 3 ) GLOBAL_UNCERTAINTY_ASSIGNED_CONTEXT ( ( #6971 ) ) GLOBAL_UNIT_ASSIGNED_CONTEXT ( ( #5019, #5174, #3331 ) ) REPRESENTATION_CONTEXT ( 'NONE', 'WORKASPACE' ) );
#7167 =( LENGTH_UNIT ( ) NAMED_UNIT ( * ) SI_UNIT ( .MILLI., .METRE. ) );
#7168 = SURFACE_SIDE_STYLE ('',( #5294 ) ) ;
#7169 = FILL_AREA_STYLE_COLOUR ( '', #354 ) ;
#7170 = SURFACE_SIDE_STYLE ('',( #7298 ) ) ;
#7171 = VECTOR ( 'NONE', #2257, 1000.000000000000000 ) ;
#7172 = FILL_AREA_STYLE_COLOUR ( '', #3407 ) ;
#7173 = CARTESIAN_POINT ( 'NONE',  ( 2.371158834268646043, -2.400000000000001243, 1.886554596089867308 ) ) ;
#7174 = STYLED_ITEM ( 'NONE', ( #6648 ), #4423 ) ;
#7175 = CARTESIAN_POINT ( 'NONE',  ( 2.589475894404736689, -2.400000000000000355, 1.773816290709922416 ) ) ;
#7176 = EDGE_CURVE ( 'NONE', #5282, #5359, #4939, .T. ) ;
#7177 = PRESENTATION_LAYER_ASSIGNMENT (  '', '', ( #2108 ) ) ;
#7178 = ADVANCED_FACE ( 'NONE', ( #170 ), #7387, .F. ) ;
#7179 = CARTESIAN_POINT ( 'NONE',  ( 2.477458266559827926, -2.500000000000000000, 2.054424579326922906 ) ) ;
#7180 = STYLED_ITEM ( 'NONE', ( #2147 ), #5610 ) ;
#7181 =( GEOMETRIC_REPRESENTATION_CONTEXT ( 3 ) GLOBAL_UNCERTAINTY_ASSIGNED_CONTEXT ( ( #1019 ) ) GLOBAL_UNIT_ASSIGNED_CONTEXT ( ( #6245, #802, #3424 ) ) REPRESENTATION_CONTEXT ( 'NONE', 'WORKASPACE' ) );
#7182 =( GEOMETRIC_REPRESENTATION_CONTEXT ( 3 ) GLOBAL_UNCERTAINTY_ASSIGNED_CONTEXT ( ( #3527 ) ) GLOBAL_UNIT_ASSIGNED_CONTEXT ( ( #2908, #3672, #1862 ) ) REPRESENTATION_CONTEXT ( 'NONE', 'WORKASPACE' ) );
#7183 = FACE_OUTER_BOUND ( 'NONE', #121, .T. ) ;
#7184 = CARTESIAN_POINT ( 'NONE',  ( 0.08522141336499511333, -2.500000000000000000, 1.726602717971427392 ) ) ;
#7185 = VECTOR ( 'NONE', #4531, 1000.000000000000000 ) ;
#7186 = ORIENTED_EDGE ( 'NONE', *, *, #2699, .F. ) ;
#7187 = COLOUR_RGB ( '',0.1843137254901960898, 0.7568627450980391913, 1.000000000000000000 ) ;
#7188 = PRESENTATION_LAYER_ASSIGNMENT (  '', '', ( #3742 ) ) ;
#7189 = EDGE_CURVE ( 'NONE', #1870, #6770, #1998, .T. ) ;
#7190 = VERTEX_POINT ( 'NONE', #4347 ) ;
#7191 = DIRECTION ( 'NONE',  ( 0.000000000000000000, -1.000000000000000000, 0.000000000000000000 ) ) ;
#7192 = FILL_AREA_STYLE ('',( #6088 ) ) ;
#7193 = CARTESIAN_POINT ( 'NONE',  ( -0.02186939994087903905, -2.400000000000000355, 2.263528765289108069 ) ) ;
#7194 = CIRCLE ( 'NONE', #3105, 0.6000685097690720005 ) ;
#7195 = CARTESIAN_POINT ( 'NONE',  ( 2.381187777080554735, -2.400000000000000355, 1.805063990170788113 ) ) ;
#7196 = CARTESIAN_POINT ( 'NONE',  ( 2.468598399148477451, -2.500000000000000000, 1.779221475812797548 ) ) ;
#7197 = CARTESIAN_POINT ( 'NONE',  ( 4.200000000000000178, -1.250000000000000000, -2.149999999999999911 ) ) ;
#7198 = LINE ( 'NONE', #909, #3250 ) ;
#7199 = MECHANICAL_DESIGN_GEOMETRIC_PRESENTATION_REPRESENTATION (  '', ( #6193 ), #5708 ) ;
#7200 = CARTESIAN_POINT ( 'NONE',  ( 2.581135374328825449, -2.499999999999999556, 1.714001798419692024 ) ) ;
#7201 = ORIENTED_EDGE ( 'NONE', *, *, #478, .T. ) ;
#7202 = PRESENTATION_LAYER_ASSIGNMENT (  '', '', ( #3878 ) ) ;
#7203 =( LENGTH_UNIT ( ) NAMED_UNIT ( * ) SI_UNIT ( .MILLI., .METRE. ) );
#7204 = EDGE_LOOP ( 'NONE', ( #364, #7524, #5030, #3953 ) ) ;
#7205 = UNCERTAINTY_MEASURE_WITH_UNIT (LENGTH_MEASURE( 1.000000000000000082E-05 ), #6118, 'distance_accuracy_value', 'NONE');
#7206 = CARTESIAN_POINT ( 'NONE',  ( 2.430735214541067002, -2.399999999999999467, 1.818541180706042093 ) ) ;
#7207 = EDGE_CURVE ( 'NONE', #2077, #554, #2006, .T. ) ;
#7208 = DIRECTION ( 'NONE',  ( 1.000000000000000000, -0.000000000000000000, -0.000000000000000000 ) ) ;
#7209 = CARTESIAN_POINT ( 'NONE',  ( 2.749999999999999556, 0.000000000000000000, 0.3886139668323262408 ) ) ;
#7210 = CYLINDRICAL_SURFACE ( 'NONE', #1405, 0.6000685097690720005 ) ;
#7211 =( GEOMETRIC_REPRESENTATION_CONTEXT ( 3 ) GLOBAL_UNCERTAINTY_ASSIGNED_CONTEXT ( ( #5899 ) ) GLOBAL_UNIT_ASSIGNED_CONTEXT ( ( #5212, #2746, #7669 ) ) REPRESENTATION_CONTEXT ( 'NONE', 'WORKASPACE' ) );
#7212 =( NAMED_UNIT ( * ) PLANE_ANGLE_UNIT ( ) SI_UNIT ( $, .RADIAN. ) );
#7213 = SURFACE_STYLE_USAGE ( .BOTH. , #4168 ) ;
#7214 = DIRECTION ( 'NONE',  ( 0.000000000000000000, -1.000000000000000000, 0.000000000000000000 ) ) ;
#7215 = VERTEX_POINT ( 'NONE', #6854 ) ;
#7216 = CARTESIAN_POINT ( 'NONE',  ( -0.2577991452991452714, -2.500000000000000000, 2.152583299946581263 ) ) ;
#7217 = CARTESIAN_POINT ( 'NONE',  ( 2.723173076923075531, -2.500000000000000000, 2.250000000000000000 ) ) ;
#7218 = LINE ( 'NONE', #7385, #7393 ) ;
#7219 =( GEOMETRIC_REPRESENTATION_CONTEXT ( 3 ) GLOBAL_UNCERTAINTY_ASSIGNED_CONTEXT ( ( #2282 ) ) GLOBAL_UNIT_ASSIGNED_CONTEXT ( ( #4842, #3596, #5408 ) ) REPRESENTATION_CONTEXT ( 'NONE', 'WORKASPACE' ) );
#7220 = DIRECTION ( 'NONE',  ( 1.000000000000000000, 0.000000000000000000, -0.000000000000000000 ) ) ;
#7221 = LINE ( 'NONE', #4725, #6949 ) ;
#7222 =( NAMED_UNIT ( * ) SI_UNIT ( $, .STERADIAN. ) SOLID_ANGLE_UNIT ( ) );
#7223 = CARTESIAN_POINT ( 'NONE',  ( -2.408633676762341302, -1.500000000000000000, 7.750000000000000000 ) ) ;
#7224 = DIRECTION ( 'NONE',  ( -0.000000000000000000, 1.000000000000000000, -0.000000000000000000 ) ) ;
#7225 = CARTESIAN_POINT ( 'NONE',  ( 2.453529990251888560, -2.500000000000000000, 0.2742638147082958611 ) ) ;
#7226 = CARTESIAN_POINT ( 'NONE',  ( -2.750000000000000444, -0.1000000000000000056, 2.250000000000000000 ) ) ;
#7227 = DIRECTION ( 'NONE',  ( -1.000000000000000000, 0.000000000000000000, 0.000000000000000000 ) ) ;
#7228 = CARTESIAN_POINT ( 'NONE',  ( 0.1541317754847514876, -2.399999999999999911, 1.837004341283215325 ) ) ;
#7229 = VERTEX_POINT ( 'NONE', #5557 ) ;
#7230 = DIRECTION ( 'NONE',  ( 1.000000000000000000, 0.000000000000000000, 0.000000000000000000 ) ) ;
#7231 = CARTESIAN_POINT ( 'NONE',  ( 3.086085595711308915, -2.400000000000000355, 1.630485880782381436 ) ) ;
#7232 = PRESENTATION_STYLE_ASSIGNMENT (( #1895 ) ) ;
#7233 = EDGE_CURVE ( 'NONE', #3280, #3431, #1964, .T. ) ;
#7234 = ORIENTED_EDGE ( 'NONE', *, *, #6652, .T. ) ;
#7235 = EDGE_LOOP ( 'NONE', ( #6421, #1402, #7092, #2733 ) ) ;
#7236 = CARTESIAN_POINT ( 'NONE',  ( 2.363611111111109775, -2.400000000000000355, 2.195726495726495919 ) ) ;
#7237 =( NAMED_UNIT ( * ) SI_UNIT ( $, .STERADIAN. ) SOLID_ANGLE_UNIT ( ) );
#7238 = COLOUR_RGB ( '',0.1843137254901960898, 0.7568627450980391913, 1.000000000000000000 ) ;
#7239 = DIRECTION ( 'NONE',  ( 0.3385652849407995713, -0.000000000000000000, -0.9409429035988078338 ) ) ;
#7240 = CARTESIAN_POINT ( 'NONE',  ( -1.148629566403928992, 0.000000000000000000, -1.447028670344146617 ) ) ;
#7241 = FACE_BOUND ( 'NONE', #1292, .T. ) ;
#7242 =( NAMED_UNIT ( * ) SI_UNIT ( $, .STERADIAN. ) SOLID_ANGLE_UNIT ( ) );
#7243 = EDGE_CURVE ( 'NONE', #3964, #6147, #2510, .T. ) ;
#7244 = EDGE_CURVE ( 'NONE', #6419, #5318, #214, .T. ) ;
#7245 = EDGE_LOOP ( 'NONE', ( #248, #727, #6022, #4934 ) ) ;
#7246 = SURFACE_STYLE_USAGE ( .BOTH. , #4794 ) ;
#7247 = EDGE_LOOP ( 'NONE', ( #3678, #3559 ) ) ;
#7248 = DIRECTION ( 'NONE',  ( 0.000000000000000000, 0.000000000000000000, 1.000000000000000000 ) ) ;
#7249 = CARTESIAN_POINT ( 'NONE',  ( 2.498615044066823554, -2.499999999999999556, 1.765802083820995128 ) ) ;
#7250 = CARTESIAN_POINT ( 'NONE',  ( -1.800956594368268382, -0.2000000000000000111, -1.647441418907150457 ) ) ;
#7251 = LINE ( 'NONE', #6649, #5330 ) ;
#7252 = COLOUR_RGB ( '',0.1843137254901960898, 0.7568627450980391913, 1.000000000000000000 ) ;
#7253 = CARTESIAN_POINT ( 'NONE',  ( -0.5460855957113092130, -2.400000000000000355, 1.630485880782381436 ) ) ;
#7254 = CARTESIAN_POINT ( 'NONE',  ( 0.1226130980436064000, -2.499999999999999112, 2.227548820938789031 ) ) ;
#7255 = EDGE_CURVE ( 'NONE', #435, #4636, #3734, .T. ) ;
#7256 = SURFACE_STYLE_USAGE ( .BOTH. , #4805 ) ;
#7257 = ORIENTED_EDGE ( 'NONE', *, *, #4210, .F. ) ;
#7258 = CARTESIAN_POINT ( 'NONE',  ( -0.1557965652895243747, -2.499999999999998668, 1.796244718072508073 ) ) ;
#7259 = SURFACE_SIDE_STYLE ('',( #2436 ) ) ;
#7260 = COLOUR_RGB ( '',0.1843137254901960898, 0.7568627450980391913, 1.000000000000000000 ) ;
#7261 = SURFACE_STYLE_USAGE ( .BOTH. , #1849 ) ;
#7262 = CARTESIAN_POINT ( 'NONE',  ( 0.2999999999999999334, -1.000000000000000000, 2.250000000000000000 ) ) ;
#7263 = MECHANICAL_DESIGN_GEOMETRIC_PRESENTATION_REPRESENTATION (  '', ( #5997 ), #1049 ) ;
#7264 =( LENGTH_UNIT ( ) NAMED_UNIT ( * ) SI_UNIT ( .MILLI., .METRE. ) );
#7265 =( NAMED_UNIT ( * ) SI_UNIT ( $, .STERADIAN. ) SOLID_ANGLE_UNIT ( ) );
#7266 = PRESENTATION_LAYER_ASSIGNMENT (  '', '', ( #2795 ) ) ;
#7267 = PRESENTATION_STYLE_ASSIGNMENT (( #2988 ) ) ;
#7268 = CARTESIAN_POINT ( 'NONE',  ( 0.1802440542939502954, -2.500000000000000000, 1.872019492588000711 ) ) ;
#7269 = SURFACE_STYLE_USAGE ( .BOTH. , #7874 ) ;
#7270 = DIRECTION ( 'NONE',  ( 0.000000000000000000, -0.000000000000000000, -1.000000000000000000 ) ) ;
#7271 = CLOSED_SHELL ( 'NONE', ( #3770, #5275, #3705, #5610, #4586, #5295, #6176, #1058 ) ) ;
#7272 = EDGE_LOOP ( 'NONE', ( #399, #5164, #806, #4874 ) ) ;
#7273 = PRESENTATION_LAYER_ASSIGNMENT (  '', '', ( #7015 ) ) ;
#7274 = ORIENTED_EDGE ( 'NONE', *, *, #6993, .T. ) ;
#7275 = CYLINDRICAL_SURFACE ( 'NONE', #6933, 0.2394398982144593790 ) ;
#7276 = CARTESIAN_POINT ( 'NONE',  ( 1.800956594368268382, -2.299999999999999822, -1.225342217102087350 ) ) ;
#7277 = DIRECTION ( 'NONE',  ( 0.000000000000000000, 0.000000000000000000, 1.000000000000000000 ) ) ;
#7278 = CARTESIAN_POINT ( 'NONE',  ( -0.1777829642168598234, -2.400000000000000355, 1.811433482379124271 ) ) ;
#7279 = CARTESIAN_POINT ( 'NONE',  ( -0.1544269689723937744, -2.500000000000000888, 2.175157108589249599 ) ) ;
#7280 = COLOUR_RGB ( '',0.1843137254901960898, 0.7568627450980391913, 1.000000000000000000 ) ;
#7281 = CARTESIAN_POINT ( 'NONE',  ( -0.2376216936085415732, -2.500000000000000000, 1.793014411164541855 ) ) ;
#7282 = ORIENTED_EDGE ( 'NONE', *, *, #5563, .T. ) ;
#7283 = VERTEX_POINT ( 'NONE', #2625 ) ;
#7284 = UNCERTAINTY_MEASURE_WITH_UNIT (LENGTH_MEASURE( 1.000000000000000082E-05 ), #7806, 'distance_accuracy_value', 'NONE');
#7285 = DIRECTION ( 'NONE',  ( -0.000000000000000000, 1.000000000000000000, -0.000000000000000000 ) ) ;
#7286 = CARTESIAN_POINT ( 'NONE',  ( 2.478130898059530463, -2.499999999999999112, 1.773772669035937666 ) ) ;
#7287 = CARTESIAN_POINT ( 'NONE',  ( -0.2162459935897435848, -2.500000000000000000, 2.121100427350427253 ) ) ;
#7288 = CARTESIAN_POINT ( 'NONE',  ( 0.2029461931184516343, -2.500000000000000444, 1.925927811526813027 ) ) ;
#7289 = SURFACE_STYLE_FILL_AREA ( #5458 ) ;
#7290 = PLANE ( 'NONE',  #7821 ) ;
#7291 = SURFACE_STYLE_USAGE ( .BOTH. , #5503 ) ;
#7292 = ORIENTED_EDGE ( 'NONE', *, *, #3969, .F. ) ;
#7293 = CARTESIAN_POINT ( 'NONE',  ( 2.749999999999999556, -0.1000000000000000056, 0.3886139668323262408 ) ) ;
#7294 = CARTESIAN_POINT ( 'NONE',  ( -0.05251214987060905809, -2.500000000000000000, 1.762263071925939339 ) ) ;
#7295 = LINE ( 'NONE', #6112, #2904 ) ;
#7296 = EDGE_CURVE ( 'NONE', #3836, #1879, #4384, .T. ) ;
#7297 = CARTESIAN_POINT ( 'NONE',  ( 2.581135374328825449, -2.499999999999999556, 1.714001798419692024 ) ) ;
#7298 = SURFACE_STYLE_FILL_AREA ( #4859 ) ;
#7299 = SURFACE_STYLE_FILL_AREA ( #3057 ) ;
#7300 = CARTESIAN_POINT ( 'NONE',  ( 2.599168655274914475, -2.400000000000000355, 1.779461564940238549 ) ) ;
#7301 = VECTOR ( 'NONE', #5213, 1000.000000000000000 ) ;
#7302 = CARTESIAN_POINT ( 'NONE',  ( -2.519647435897436338, -2.500000000000000000, 1.775106837606837518 ) ) ;
#7303 = FILL_AREA_STYLE ('',( #4863 ) ) ;
#7304 =( LENGTH_UNIT ( ) NAMED_UNIT ( * ) SI_UNIT ( .MILLI., .METRE. ) );
#7305 = CYLINDRICAL_SURFACE ( 'NONE', #3589, 0.6685684054278682176 ) ;
#7306 = CARTESIAN_POINT ( 'NONE',  ( 0.007578310413802624539, -2.500000000000000444, 1.763321876385254949 ) ) ;
#7307 = VECTOR ( 'NONE', #4135, 1000.000000000000000 ) ;
#7308 = CARTESIAN_POINT ( 'NONE',  ( -0.2544549849167421773, -2.500000000000000000, 2.156897900133565305 ) ) ;
#7309 = VECTOR ( 'NONE', #4818, 1000.000000000000000 ) ;
#7310 = FILL_AREA_STYLE ('',( #4279 ) ) ;
#7311 = ORIENTED_EDGE ( 'NONE', *, *, #2697, .F. ) ;
#7312 =( GEOMETRIC_REPRESENTATION_CONTEXT ( 3 ) GLOBAL_UNCERTAINTY_ASSIGNED_CONTEXT ( ( #1732 ) ) GLOBAL_UNIT_ASSIGNED_CONTEXT ( ( #262, #2674, #917 ) ) REPRESENTATION_CONTEXT ( 'NONE', 'WORKASPACE' ) );
#7313 = ORIENTED_EDGE ( 'NONE', *, *, #7843, .T. ) ;
#7314 = CARTESIAN_POINT ( 'NONE',  ( -4.401045837440702435, -0.1000000000000000056, 1.187158322142691791 ) ) ;
#7315 =( GEOMETRIC_REPRESENTATION_CONTEXT ( 3 ) GLOBAL_UNCERTAINTY_ASSIGNED_CONTEXT ( ( #948 ) ) GLOBAL_UNIT_ASSIGNED_CONTEXT ( ( #1827, #771, #245 ) ) REPRESENTATION_CONTEXT ( 'NONE', 'WORKASPACE' ) );
#7316 = SURFACE_STYLE_USAGE ( .BOTH. , #600 ) ;
#7317 = COLOUR_RGB ( '',0.1843137254901960898, 0.7568627450980391913, 1.000000000000000000 ) ;
#7318 = PRESENTATION_STYLE_ASSIGNMENT (( #3552 ) ) ;
#7319 =( NAMED_UNIT ( * ) SI_UNIT ( $, .STERADIAN. ) SOLID_ANGLE_UNIT ( ) );
#7320 = FACE_OUTER_BOUND ( 'NONE', #1483, .T. ) ;
#7321 = DIRECTION ( 'NONE',  ( 1.000000000000000000, -0.000000000000000000, -0.000000000000000000 ) ) ;
#7322 = AXIS2_PLACEMENT_3D ( 'NONE', #3249, #938, #3321 ) ;
#7323 = CARTESIAN_POINT ( 'NONE',  ( -0.2545584209074405191, -2.399999999999999467, 1.813656242544682717 ) ) ;
#7324 = STYLED_ITEM ( 'NONE', ( #7113 ), #4586 ) ;
#7325 = VECTOR ( 'NONE', #6754, 1000.000000000000000 ) ;
#7326 = ORIENTED_EDGE ( 'NONE', *, *, #7777, .T. ) ;
#7327 = PRESENTATION_STYLE_ASSIGNMENT (( #7246 ) ) ;
#7328 = ORIENTED_EDGE ( 'NONE', *, *, #2451, .T. ) ;
#7329 = LINE ( 'NONE', #3042, #6133 ) ;
#7330 = CARTESIAN_POINT ( 'NONE',  ( 2.839999999999999858, -1.000000000000000000, 2.250000000000000000 ) ) ;
#7331 = SURFACE_STYLE_FILL_AREA ( #1322 ) ;
#7332 = LINE ( 'NONE', #3563, #3222 ) ;
#7333 = PRESENTATION_STYLE_ASSIGNMENT (( #1828 ) ) ;
#7334 = CARTESIAN_POINT ( 'NONE',  ( 2.477579608168974268, -2.399999999999998579, 1.987577227425328941 ) ) ;
#7335 = FILL_AREA_STYLE ('',( #2462 ) ) ;
#7336 = VECTOR ( 'NONE', #6901, 1000.000000000000000 ) ;
#7337 = EDGE_CURVE ( 'NONE', #7037, #2947, #6269, .T. ) ;
#7338 = DIRECTION ( 'NONE',  ( 0.000000000000000000, -0.000000000000000000, -1.000000000000000000 ) ) ;
#7339 = ORIENTED_EDGE ( 'NONE', *, *, #7429, .T. ) ;
#7340 = COLOUR_RGB ( '',0.1843137254901960898, 0.7568627450980391913, 1.000000000000000000 ) ;
#7341 = CARTESIAN_POINT ( 'NONE',  ( -0.2480947366045500591, -2.500000000000000000, 1.805128116781354208 ) ) ;
#7342 = CARTESIAN_POINT ( 'NONE',  ( 0.08226159186943915458, -2.499999999999999556, 2.246026221509347831 ) ) ;
#7343 = CARTESIAN_POINT ( 'NONE',  ( -0.2369805841525731427, -2.400000000000001243, 2.177644857190575323 ) ) ;
#7344 = FILL_AREA_STYLE ('',( #3809 ) ) ;
#7345 = LINE ( 'NONE', #6151, #2617 ) ;
#7346 = CARTESIAN_POINT ( 'NONE',  ( 1.800956594368268382, 0.000000000000000000, -1.225342217102087350 ) ) ;
#7347 = LINE ( 'NONE', #2935, #5876 ) ;
#7348 = CARTESIAN_POINT ( 'NONE',  ( 2.398681202074133711, -2.499999999999999112, 1.959061548128040231 ) ) ;
#7349 = EDGE_CURVE ( 'NONE', #509, #2726, #5056, .T. ) ;
#7350 = EDGE_CURVE ( 'NONE', #4644, #5816, #4033, .T. ) ;
#7351 = CARTESIAN_POINT ( 'NONE',  ( 2.617133105493495648, -2.400000000000000799, 1.793433152290673682 ) ) ;
#7352 =( GEOMETRIC_REPRESENTATION_CONTEXT ( 3 ) GLOBAL_UNCERTAINTY_ASSIGNED_CONTEXT ( ( #7525 ) ) GLOBAL_UNIT_ASSIGNED_CONTEXT ( ( #2009, #6936, #6355 ) ) REPRESENTATION_CONTEXT ( 'NONE', 'WORKASPACE' ) );
#7353 = ORIENTED_EDGE ( 'NONE', *, *, #946, .T. ) ;
#7354 =( NAMED_UNIT ( * ) PLANE_ANGLE_UNIT ( ) SI_UNIT ( $, .RADIAN. ) );
#7355 = DIRECTION ( 'NONE',  ( -0.000000000000000000, 0.000000000000000000, -1.000000000000000000 ) ) ;
#7356 = CARTESIAN_POINT ( 'NONE',  ( 0.1635924186294319127, -2.500000000000000444, 1.848048434489704350 ) ) ;
#7357 =( NAMED_UNIT ( * ) PLANE_ANGLE_UNIT ( ) SI_UNIT ( $, .RADIAN. ) );
#7358 = EDGE_CURVE ( 'NONE', #1017, #4105, #5357, .T. ) ;
#7359 = ORIENTED_EDGE ( 'NONE', *, *, #7003, .F. ) ;
#7360 = EDGE_CURVE ( 'NONE', #5814, #4644, #7198, .T. ) ;
#7361 = ORIENTED_EDGE ( 'NONE', *, *, #5175, .F. ) ;
#7362 = CARTESIAN_POINT ( 'NONE',  ( -0.2577991452991452714, -2.400000000000000355, 1.817932024572649352 ) ) ;
#7363 = CARTESIAN_POINT ( 'NONE',  ( 0.1430971256303192884, -2.400000000000000355, 2.145660952412253852 ) ) ;
#7364 = DIRECTION ( 'NONE',  ( -0.000000000000000000, -0.000000000000000000, -1.000000000000000000 ) ) ;
#7365 = MECHANICAL_DESIGN_GEOMETRIC_PRESENTATION_REPRESENTATION (  '', ( #7623 ), #3651 ) ;
#7366 = CARTESIAN_POINT ( 'NONE',  ( 0.1768718200112850414, -2.400000000000000799, 1.786331522357858859 ) ) ;
#7367 = DIRECTION ( 'NONE',  ( 0.000000000000000000, 0.000000000000000000, -1.000000000000000000 ) ) ;
#7368 = LINE ( 'NONE', #1822, #7081 ) ;
#7369 = ORIENTED_EDGE ( 'NONE', *, *, #3090, .T. ) ;
#7370 = ORIENTED_EDGE ( 'NONE', *, *, #445, .T. ) ;
#7371 = UNCERTAINTY_MEASURE_WITH_UNIT (LENGTH_MEASURE( 1.000000000000000082E-05 ), #7849, 'distance_accuracy_value', 'NONE');
#7372 = DIRECTION ( 'NONE',  ( 0.000000000000000000, -1.000000000000000000, 0.000000000000000000 ) ) ;
#7373 = VERTEX_POINT ( 'NONE', #4749 ) ;
#7374 = SURFACE_STYLE_USAGE ( .BOTH. , #6731 ) ;
#7375 = CARTESIAN_POINT ( 'NONE',  ( -0.09690410707093266574, -2.399999999999999911, 2.256574301206327515 ) ) ;
#7376 = CARTESIAN_POINT ( 'NONE',  ( -2.469296040331197428, -2.500000000000000000, 1.720833333333333437 ) ) ;
#7377 = CARTESIAN_POINT ( 'NONE',  ( 2.442294309320563350, -2.500000000000000000, 1.943731255309914863 ) ) ;
#7378 = ORIENTED_EDGE ( 'NONE', *, *, #7358, .F. ) ;
#7379 = VERTEX_POINT ( 'NONE', #7801 ) ;
#7380 = PRESENTATION_STYLE_ASSIGNMENT (( #7291 ) ) ;
#7381 = EDGE_LOOP ( 'NONE', ( #1915, #5493, #2905, #4683 ) ) ;
#7382 = CARTESIAN_POINT ( 'NONE',  ( -2.240000000000001101, -1.000000000000000000, 2.250000000000000000 ) ) ;
#7383 = AXIS2_PLACEMENT_3D ( 'NONE', #5433, #4822, #7270 ) ;
#7384 = ADVANCED_FACE ( 'NONE', ( #1117 ), #7763, .T. ) ;
#7385 = CARTESIAN_POINT ( 'NONE',  ( 5.000000000000000000, -0.1000000000000000056, 0.4132593211698106228 ) ) ;
#7386 = SURFACE_STYLE_USAGE ( .BOTH. , #5466 ) ;
#7387 = CYLINDRICAL_SURFACE ( 'NONE', #4642, 0.6078624301311709166 ) ;
#7388 = CARTESIAN_POINT ( 'NONE',  ( -2.438237179487180217, -2.500000000000000000, 1.775106837606837518 ) ) ;
#7389 = LINE ( 'NONE', #3738, #4697 ) ;
#7390 = FILL_AREA_STYLE_COLOUR ( '', #3129 ) ;
#7391 = SURFACE_STYLE_FILL_AREA ( #4943 ) ;
#7392 = PRESENTATION_STYLE_ASSIGNMENT (( #2519 ) ) ;
#7393 = VECTOR ( 'NONE', #4220, 1000.000000000000000 ) ;
#7394 = FACE_OUTER_BOUND ( 'NONE', #7204, .T. ) ;
#7395 =( NAMED_UNIT ( * ) SI_UNIT ( $, .STERADIAN. ) SOLID_ANGLE_UNIT ( ) );
#7396 = SURFACE_STYLE_USAGE ( .BOTH. , #5607 ) ;
#7397 = ORIENTED_EDGE ( 'NONE', *, *, #1363, .F. ) ;
#7398 = FACE_OUTER_BOUND ( 'NONE', #5310, .T. ) ;
#7399 = DIRECTION ( 'NONE',  ( 0.000000000000000000, -4.336808689942018229E-16, -1.000000000000000000 ) ) ;
#7400 = B_SPLINE_CURVE_WITH_KNOTS ( 'NONE', 3,
 ( #5210, #1535, #1454, #7014, #830, #5724, #6899, #3217, #260, #2166, #7548, #2671, #5099, #5686, #950 ),
 .UNSPECIFIED., .F., .F.,
 ( 4, 1, 1, 1, 1, 1, 1, 1, 1, 1, 1, 1, 4 ),
 ( 0.000000000000000000, 0.1107941734871626949, 0.2128129326077742300, 0.3060779098917647545, 0.3906174580602137514, 0.4672327266979069971, 0.5344506183816977174, 0.5938668014988494059, 0.6448329686326043086, 0.7362206188001779728, 0.8250374016667813004, 0.9119923130965329472, 0.9999999999999998890 ),
 .UNSPECIFIED. ) ;
#7401 = EDGE_CURVE ( 'NONE', #1702, #5582, #2911, .T. ) ;
#7402 = EDGE_CURVE ( 'NONE', #4204, #4935, #3555, .T. ) ;
#7403 = CARTESIAN_POINT ( 'NONE',  ( -0.08017520020751860155, -2.400000000000000799, 1.711235023229426888 ) ) ;
#7404 = COLOUR_RGB ( '',1.000000000000000000, 1.000000000000000000, 1.000000000000000000 ) ;
#7405 = VERTEX_POINT ( 'NONE', #4706 ) ;
#7406 = CLOSED_SHELL ( 'NONE', ( #3925, #4050, #4856, #5368, #5985, #5374 ) ) ;
#7407 = ORIENTED_EDGE ( 'NONE', *, *, #3366, .T. ) ;
#7408 = ORIENTED_EDGE ( 'NONE', *, *, #1939, .F. ) ;
#7409 = CARTESIAN_POINT ( 'NONE',  ( 0.1906992855235042639, -2.400000000000000355, 2.171027811164529808 ) ) ;
#7410 = CARTESIAN_POINT ( 'NONE',  ( -0.2009542183170262286, -2.499999999999999556, 2.209550182785283035 ) ) ;
#7411 = CARTESIAN_POINT ( 'NONE',  ( -1.800956594368268382, 0.000000000000000000, -1.225342217102087350 ) ) ;
#7412 = SURFACE_SIDE_STYLE ('',( #4932 ) ) ;
#7413 = CARTESIAN_POINT ( 'NONE',  ( 2.417884615384614300, -2.500000000000000000, 1.868813434829059705 ) ) ;
#7414 = EDGE_LOOP ( 'NONE', ( #5712, #4195, #4151, #3299, #1519, #4434 ) ) ;
#7415 = VECTOR ( 'NONE', #2656, 1000.000000000000000 ) ;
#7416 = PLANE ( 'NONE',  #4215 ) ;
#7417 = EDGE_LOOP ( 'NONE', ( #4304, #5008 ) ) ;
#7418 =( NAMED_UNIT ( * ) SI_UNIT ( $, .STERADIAN. ) SOLID_ANGLE_UNIT ( ) );
#7419 = CARTESIAN_POINT ( 'NONE',  ( -0.2999999999999999334, -1.000000000000000000, 2.250000000000000000 ) ) ;
#7420 = DIRECTION ( 'NONE',  ( 0.000000000000000000, 0.000000000000000000, 1.000000000000000000 ) ) ;
#7421 = CARTESIAN_POINT ( 'NONE',  ( -5.000000000000000000, -2.500000000000000000, 2.250000000000000000 ) ) ;
#7422 = PRESENTATION_LAYER_ASSIGNMENT (  '', '', ( #1449 ) ) ;
#7423 = ADVANCED_FACE ( 'NONE', ( #3294 ), #825, .T. ) ;
#7424 = CARTESIAN_POINT ( 'NONE',  ( 3.086085595711308915, -2.400000000000000355, 2.250000000000000000 ) ) ;
#7425 =( NAMED_UNIT ( * ) PLANE_ANGLE_UNIT ( ) SI_UNIT ( $, .RADIAN. ) );
#7426 = PRESENTATION_STYLE_ASSIGNMENT (( #219 ) ) ;
#7427 = DIRECTION ( 'NONE',  ( -1.000000000000000000, 0.000000000000000000, -0.000000000000000000 ) ) ;
#7428 = MECHANICAL_DESIGN_GEOMETRIC_PRESENTATION_REPRESENTATION (  '', ( #6420 ), #58 ) ;
#7429 = EDGE_CURVE ( 'NONE', #2947, #7215, #7368, .T. ) ;
#7430 = ORIENTED_EDGE ( 'NONE', *, *, #5331, .T. ) ;
#7431 = COLOUR_RGB ( '',0.1843137254901960898, 0.7568627450980391913, 1.000000000000000000 ) ;
#7432 = CARTESIAN_POINT ( 'NONE',  ( 0.02172776862980435944, -2.400000000000000355, 2.205619298379928317 ) ) ;
#7433 =( NAMED_UNIT ( * ) SI_UNIT ( $, .STERADIAN. ) SOLID_ANGLE_UNIT ( ) );
#7434 = PRESENTATION_LAYER_ASSIGNMENT (  '', '', ( #2829 ) ) ;
#7435 = SURFACE_SIDE_STYLE ('',( #4992 ) ) ;
#7436 = SURFACE_SIDE_STYLE ('',( #7520 ) ) ;
#7437 = CARTESIAN_POINT ( 'NONE',  ( 2.381187777080554735, -2.500000000000000000, 1.805063990170788113 ) ) ;
#7438 =( GEOMETRIC_REPRESENTATION_CONTEXT ( 3 ) GLOBAL_UNCERTAINTY_ASSIGNED_CONTEXT ( ( #4824 ) ) GLOBAL_UNIT_ASSIGNED_CONTEXT ( ( #7134, #7816, #499 ) ) REPRESENTATION_CONTEXT ( 'NONE', 'WORKASPACE' ) );
#7439 = AXIS2_PLACEMENT_3D ( 'NONE', #7814, #496, #7220 ) ;
#7440 = VERTEX_POINT ( 'NONE', #1239 ) ;
#7441 = COLOUR_RGB ( '',0.8313725490196077761, 0.8313725490196077761, 0.8196078431372548767 ) ;
#7442 = ORIENTED_EDGE ( 'NONE', *, *, #946, .F. ) ;
#7443 = UNCERTAINTY_MEASURE_WITH_UNIT (LENGTH_MEASURE( 1.000000000000000082E-05 ), #6791, 'distance_accuracy_value', 'NONE');
#7444 = FILL_AREA_STYLE_COLOUR ( '', #1085 ) ;
#7445 = VERTEX_POINT ( 'NONE', #6795 ) ;
#7446 = VECTOR ( 'NONE', #6311, 1000.000000000000000 ) ;
#7447 = CARTESIAN_POINT ( 'NONE',  ( -0.03357009422298138507, -2.400000000000000355, 2.263496070196985066 ) ) ;
#7448 = SURFACE_STYLE_USAGE ( .BOTH. , #5003 ) ;
#7449 = MECHANICAL_DESIGN_GEOMETRIC_PRESENTATION_REPRESENTATION (  '', ( #5140 ), #2844 ) ;
#7450 = VECTOR ( 'NONE', #5611, 1000.000000000000000 ) ;
#7451 = EDGE_LOOP ( 'NONE', ( #5579, #1249, #3113, #2495 ) ) ;
#7452 = COLOUR_RGB ( '',0.1843137254901960898, 0.7568627450980391913, 1.000000000000000000 ) ;
#7453 = ADVANCED_FACE ( 'NONE', ( #4333 ), #243, .T. ) ;
#7454 = CARTESIAN_POINT ( 'NONE',  ( -4.135872885735895288, -0.7027481342701401568, 2.250000000000000000 ) ) ;
#7455 = ORIENTED_EDGE ( 'NONE', *, *, #2281, .T. ) ;
#7456 = MECHANICAL_DESIGN_GEOMETRIC_PRESENTATION_REPRESENTATION (  '', ( #2240 ), #7043 ) ;
#7457 = CARTESIAN_POINT ( 'NONE',  ( 2.398681202074133711, -2.399999999999999467, 1.959061548128040231 ) ) ;
#7458 = CARTESIAN_POINT ( 'NONE',  ( 3.592137569868829594, -1.250000000000000000, -2.250000000000000000 ) ) ;
#7459 =( NAMED_UNIT ( * ) SI_UNIT ( $, .STERADIAN. ) SOLID_ANGLE_UNIT ( ) );
#7460 =( NAMED_UNIT ( * ) SI_UNIT ( $, .STERADIAN. ) SOLID_ANGLE_UNIT ( ) );
#7461 = SURFACE_STYLE_FILL_AREA ( #1332 ) ;
#7462 = FACE_OUTER_BOUND ( 'NONE', #3251, .T. ) ;
#7463 = CARTESIAN_POINT ( 'NONE',  ( 4.344216997195514907, -1.236312455806616306, -2.149999999999999911 ) ) ;
#7464 = CARTESIAN_POINT ( 'NONE',  ( 2.589475894404736689, -2.400000000000000355, 1.773816290709922416 ) ) ;
#7465 = CARTESIAN_POINT ( 'NONE',  ( -1.993914404288691378, -2.400000000000000355, 1.630485880782381436 ) ) ;
#7466 = CARTESIAN_POINT ( 'NONE',  ( -0.09708501953246773120, -2.399999999999999911, 1.714432213203208599 ) ) ;
#7467 = VECTOR ( 'NONE', #2661, 1000.000000000000000 ) ;
#7468 = FILL_AREA_STYLE_COLOUR ( '', #1656 ) ;
#7469 =( NAMED_UNIT ( * ) SI_UNIT ( $, .STERADIAN. ) SOLID_ANGLE_UNIT ( ) );
#7470 = UNCERTAINTY_MEASURE_WITH_UNIT (LENGTH_MEASURE( 1.000000000000000082E-05 ), #6774, 'distance_accuracy_value', 'NONE');
#7471 = ORIENTED_EDGE ( 'NONE', *, *, #3423, .T. ) ;
#7472 =( GEOMETRIC_REPRESENTATION_CONTEXT ( 3 ) GLOBAL_UNCERTAINTY_ASSIGNED_CONTEXT ( ( #4796 ) ) GLOBAL_UNIT_ASSIGNED_CONTEXT ( ( #7167, #5984, #2930 ) ) REPRESENTATION_CONTEXT ( 'NONE', 'WORKASPACE' ) );
#7473 = CARTESIAN_POINT ( 'NONE',  ( 2.530247729700853210, -2.400000000000000355, 1.707264957264957195 ) ) ;
#7474 = SURFACE_SIDE_STYLE ('',( #4359 ) ) ;
#7475 = CARTESIAN_POINT ( 'NONE',  ( -4.135872885735895288, -0.7027481342701401568, 2.250000000000000000 ) ) ;
#7476 = ADVANCED_FACE ( 'NONE', ( #6289 ), #190, .F. ) ;
#7477 = CARTESIAN_POINT ( 'NONE',  ( 0.1267165184313454040, -1.000000000000000000, 7.750000000000000000 ) ) ;
#7478 = CARTESIAN_POINT ( 'NONE',  ( 0.1906992855235042639, -2.400000000000000355, 2.171027811164529808 ) ) ;
#7479 = VECTOR ( 'NONE', #286, 1000.000000000000000 ) ;
#7480 = CARTESIAN_POINT ( 'NONE',  ( 2.381187777080554735, -2.400000000000000799, 1.805063990170788113 ) ) ;
#7481 = ORIENTED_EDGE ( 'NONE', *, *, #5455, .F. ) ;
#7482 = ORIENTED_EDGE ( 'NONE', *, *, #6605, .T. ) ;
#7483 = CARTESIAN_POINT ( 'NONE',  ( 0.2577991452991452714, -2.500000000000000000, 1.982342581463675257 ) ) ;
#7484 = PRESENTATION_LAYER_ASSIGNMENT (  '', '', ( #1639 ) ) ;
#7485 = ORIENTED_EDGE ( 'NONE', *, *, #4060, .T. ) ;
#7486 = CARTESIAN_POINT ( 'NONE',  ( 0.1096313075153614730, -2.500000000000000888, 2.234472068534554268 ) ) ;
#7487 = SURFACE_SIDE_STYLE ('',( #161 ) ) ;
#7488 = PRESENTATION_LAYER_ASSIGNMENT (  '', '', ( #5059 ) ) ;
#7489 = EDGE_CURVE ( 'NONE', #7027, #3593, #2570, .T. ) ;
#7490 = FILL_AREA_STYLE_COLOUR ( '', #863 ) ;
#7491 = ORIENTED_EDGE ( 'NONE', *, *, #6763, .F. ) ;
#7492 = CARTESIAN_POINT ( 'NONE',  ( 1.993914404288690490, -2.400000000000000355, 1.630485880782381436 ) ) ;
#7493 = ORIENTED_EDGE ( 'NONE', *, *, #6529, .F. ) ;
#7494 = DIRECTION ( 'NONE',  ( 0.3385652849408001819, -0.000000000000000000, -0.9409429035988075007 ) ) ;
#7495 = CARTESIAN_POINT ( 'NONE',  ( -2.567136752136752964, -2.500000000000000000, 1.720833333333333437 ) ) ;
#7496 = PLANE ( 'NONE',  #3852 ) ;
#7497 = EDGE_CURVE ( 'NONE', #81, #167, #564, .T. ) ;
#7498 = CARTESIAN_POINT ( 'NONE',  ( -1.800956594368268382, -2.299999999999999822, -1.647441418907150457 ) ) ;
#7499 = PRODUCT_RELATED_PRODUCT_CATEGORY ( 'part', '', ( #5118 ) ) ;
#7500 = SURFACE_STYLE_FILL_AREA ( #4308 ) ;
#7501 = APPLICATION_PROTOCOL_DEFINITION ( 'draft international standard', 'automotive_design', 1998, #5888 ) ;
#7502 = SURFACE_SIDE_STYLE ('',( #3259 ) ) ;
#7503 = DIRECTION ( 'NONE',  ( -1.000000000000000000, 0.000000000000000000, 0.000000000000000000 ) ) ;
#7504 = ORIENTED_EDGE ( 'NONE', *, *, #6231, .T. ) ;
#7505 = FILL_AREA_STYLE_COLOUR ( '', #886 ) ;
#7506 = CARTESIAN_POINT ( 'NONE',  ( 2.608449926555001852, -2.499999999999999112, 1.785912163766971039 ) ) ;
#7507 = DIRECTION ( 'NONE',  ( -0.000000000000000000, -0.000000000000000000, 1.000000000000000000 ) ) ;
#7508 = SURFACE_STYLE_USAGE ( .BOTH. , #6199 ) ;
#7509 = CARTESIAN_POINT ( 'NONE',  ( 3.400000000000001243, -2.500000000000000000, -2.250000000000000000 ) ) ;
#7510 =( GEOMETRIC_REPRESENTATION_CONTEXT ( 3 ) GLOBAL_UNCERTAINTY_ASSIGNED_CONTEXT ( ( #7041 ) ) GLOBAL_UNIT_ASSIGNED_CONTEXT ( ( #6881, #123, #7530 ) ) REPRESENTATION_CONTEXT ( 'NONE', 'WORKASPACE' ) );
#7511 = FACE_OUTER_BOUND ( 'NONE', #7878, .T. ) ;
#7512 = PRESENTATION_LAYER_ASSIGNMENT (  '', '', ( #1914 ) ) ;
#7513 = ORIENTED_EDGE ( 'NONE', *, *, #3277, .F. ) ;
#7514 = LINE ( 'NONE', #2784, #4458 ) ;
#7515 = AXIS2_PLACEMENT_3D ( 'NONE', #4260, #3053, #4307 ) ;
#7516 = CARTESIAN_POINT ( 'NONE',  ( 0.1257995984109852305, -2.400000000000001243, 2.160555078871469803 ) ) ;
#7517 = DIRECTION ( 'NONE',  ( 0.000000000000000000, -1.000000000000000000, 4.336808689942018229E-16 ) ) ;
#7518 = CARTESIAN_POINT ( 'NONE',  ( 0.2124294492257645106, -2.400000000000000799, 1.828286908842917446 ) ) ;
#7519 =( NAMED_UNIT ( * ) SI_UNIT ( $, .STERADIAN. ) SOLID_ANGLE_UNIT ( ) );
#7520 = SURFACE_STYLE_FILL_AREA ( #2606 ) ;
#7521 = CARTESIAN_POINT ( 'NONE',  ( 2.370552114129497401, -2.400000000000001243, 1.859338070843070678 ) ) ;
#7522 = EDGE_LOOP ( 'NONE', ( #194, #967, #4132, #7650 ) ) ;
#7523 = EDGE_CURVE ( 'NONE', #2646, #4043, #4476, .T. ) ;
#7524 = ORIENTED_EDGE ( 'NONE', *, *, #7523, .F. ) ;
#7525 = UNCERTAINTY_MEASURE_WITH_UNIT (LENGTH_MEASURE( 1.000000000000000082E-05 ), #2009, 'distance_accuracy_value', 'NONE');
#7526 = CARTESIAN_POINT ( 'NONE',  ( -0.03648089972024515931, -2.399999999999999911, 2.209039544380150488 ) ) ;
#7527 = ORIENTED_EDGE ( 'NONE', *, *, #5122, .F. ) ;
#7528 = CARTESIAN_POINT ( 'NONE',  ( -0.2369805841525731427, -2.400000000000000799, 2.177644857190575323 ) ) ;
#7529 = VECTOR ( 'NONE', #6354, 1000.000000000000000 ) ;
#7530 =( NAMED_UNIT ( * ) SI_UNIT ( $, .STERADIAN. ) SOLID_ANGLE_UNIT ( ) );
#7531 = AXIS2_PLACEMENT_3D ( 'NONE', #5106, #5837, #7674 ) ;
#7532 = COLOUR_RGB ( '',0.1843137254901960898, 0.7568627450980391913, 1.000000000000000000 ) ;
#7533 = PLANE ( 'NONE',  #4391 ) ;
#7534 = ORIENTED_EDGE ( 'NONE', *, *, #5217, .T. ) ;
#7535 = FACE_OUTER_BOUND ( 'NONE', #156, .T. ) ;
#7536 = ADVANCED_FACE ( 'NONE', ( #4695 ), #2513, .T. ) ;
#7537 = ORIENTED_EDGE ( 'NONE', *, *, #7233, .T. ) ;
#7538 = EDGE_CURVE ( 'NONE', #4598, #6700, #7026, .T. ) ;
#7539 = LINE ( 'NONE', #819, #3513 ) ;
#7540 = DIRECTION ( 'NONE',  ( 0.000000000000000000, 0.000000000000000000, 1.000000000000000000 ) ) ;
#7541 = AXIS2_PLACEMENT_3D ( 'NONE', #4682, #5326, #2309 ) ;
#7542 = UNCERTAINTY_MEASURE_WITH_UNIT (LENGTH_MEASURE( 1.000000000000000082E-05 ), #1541, 'distance_accuracy_value', 'NONE');
#7543 = SURFACE_SIDE_STYLE ('',( #4541 ) ) ;
#7544 = EDGE_CURVE ( 'NONE', #1758, #1203, #1625, .T. ) ;
#7545 = CARTESIAN_POINT ( 'NONE',  ( 4.401045837440702435, -0.1000000000000000056, 0.4132593211698106228 ) ) ;
#7546 = EDGE_CURVE ( 'NONE', #7283, #1693, #2373, .T. ) ;
#7547 = CARTESIAN_POINT ( 'NONE',  ( 2.530247729700853210, -2.500000000000000000, 1.707264957264957195 ) ) ;
#7548 = CARTESIAN_POINT ( 'NONE',  ( 2.428231660998113828, -2.399999999999999467, 1.919243336423911206 ) ) ;
#7549 = DIRECTION ( 'NONE',  ( 0.000000000000000000, 0.000000000000000000, 1.000000000000000000 ) ) ;
#7550 = CARTESIAN_POINT ( 'NONE',  ( 0.2029461931184516343, -2.400000000000000799, 1.925927811526813027 ) ) ;
#7551 = DIRECTION ( 'NONE',  ( -1.000000000000000000, 0.000000000000000000, 0.000000000000000000 ) ) ;
#7552 = DIRECTION ( 'NONE',  ( 0.000000000000000000, 0.000000000000000000, -1.000000000000000000 ) ) ;
#7553 = CARTESIAN_POINT ( 'NONE',  ( -5.000000000000000000, 0.000000000000000000, -2.250000000000000000 ) ) ;
#7554 = UNCERTAINTY_MEASURE_WITH_UNIT (LENGTH_MEASURE( 1.000000000000000082E-05 ), #2821, 'distance_accuracy_value', 'NONE');
#7555 = DIRECTION ( 'NONE',  ( 0.000000000000000000, -1.000000000000000000, 0.000000000000000000 ) ) ;
#7556 = EDGE_CURVE ( 'NONE', #7805, #7884, #1813, .T. ) ;
#7557 = LINE ( 'NONE', #5808, #6475 ) ;
#7558 = SURFACE_SIDE_STYLE ('',( #3233 ) ) ;
#7559 = CARTESIAN_POINT ( 'NONE',  ( -0.5460855957113092130, -2.400000000000000355, 1.630485880782381436 ) ) ;
#7560 = CARTESIAN_POINT ( 'NONE',  ( 3.400000000000001243, -2.500000000000000000, -2.250000000000000000 ) ) ;
#7561 = CARTESIAN_POINT ( 'NONE',  ( -0.02724275507478629912, -2.400000000000000355, 2.209294871794871717 ) ) ;
#7562 = CARTESIAN_POINT ( 'NONE',  ( 2.428231660998113828, -2.499999999999999112, 1.919243336423911206 ) ) ;
#7563 = LINE ( 'NONE', #3311, #1680 ) ;
#7564 = AXIS2_PLACEMENT_3D ( 'NONE', #7791, #1141, #7230 ) ;
#7565 =( NAMED_UNIT ( * ) SI_UNIT ( $, .STERADIAN. ) SOLID_ANGLE_UNIT ( ) );
#7566 = EDGE_LOOP ( 'NONE', ( #2877, #3632, #5789, #5629, #1439, #1896, #2114, #7832, #765, #2968, #239 ) ) ;
#7567 = ORIENTED_EDGE ( 'NONE', *, *, #6095, .T. ) ;
#7568 = FACE_OUTER_BOUND ( 'NONE', #5580, .T. ) ;
#7569 = AXIS2_PLACEMENT_3D ( 'NONE', #2048, #5759, #6895 ) ;
#7570 = ORIENTED_EDGE ( 'NONE', *, *, #5331, .F. ) ;
#7571 = LINE ( 'NONE', #7079, #1220 ) ;
#7572 = LINE ( 'NONE', #5710, #2170 ) ;
#7573 = VECTOR ( 'NONE', #5014, 1000.000000000000000 ) ;
#7574 = LINE ( 'NONE', #3840, #4122 ) ;
#7575 =( GEOMETRIC_REPRESENTATION_CONTEXT ( 3 ) GLOBAL_UNCERTAINTY_ASSIGNED_CONTEXT ( ( #3930 ) ) GLOBAL_UNIT_ASSIGNED_CONTEXT ( ( #6615, #4888, #3044 ) ) REPRESENTATION_CONTEXT ( 'NONE', 'WORKASPACE' ) );
#7576 = VECTOR ( 'NONE', #511, 1000.000000000000000 ) ;
#7577 = ORIENTED_EDGE ( 'NONE', *, *, #3947, .T. ) ;
#7578 = ORIENTED_EDGE ( 'NONE', *, *, #593, .F. ) ;
#7579 = PRESENTATION_LAYER_ASSIGNMENT (  '', '', ( #5904 ) ) ;
#7580 = LINE ( 'NONE', #6384, #4540 ) ;
#7581 = STYLED_ITEM ( 'NONE', ( #6695 ), #4329 ) ;
#7582 =( GEOMETRIC_REPRESENTATION_CONTEXT ( 3 ) GLOBAL_UNCERTAINTY_ASSIGNED_CONTEXT ( ( #1078 ) ) GLOBAL_UNIT_ASSIGNED_CONTEXT ( ( #3786, #800, #232 ) ) REPRESENTATION_CONTEXT ( 'NONE', 'WORKASPACE' ) );
#7583 = LINE ( 'NONE', #4421, #3902 ) ;
#7584 = PRESENTATION_STYLE_ASSIGNMENT (( #5129 ) ) ;
#7585 = UNCERTAINTY_MEASURE_WITH_UNIT (LENGTH_MEASURE( 1.000000000000000082E-05 ), #879, 'distance_accuracy_value', 'NONE');
#7586 =( NAMED_UNIT ( * ) PLANE_ANGLE_UNIT ( ) SI_UNIT ( $, .RADIAN. ) );
#7587 = EDGE_LOOP ( 'NONE', ( #7859, #4851, #5246, #4563 ) ) ;
#7588 = CARTESIAN_POINT ( 'NONE',  ( -2.519647435897436338, -2.500000000000000000, 1.775106837606837518 ) ) ;
#7589 = COLOUR_RGB ( '',0.1843137254901960898, 0.7568627450980391913, 1.000000000000000000 ) ;
#7590 = PRESENTATION_LAYER_ASSIGNMENT (  '', '', ( #3364 ) ) ;
#7591 = FILL_AREA_STYLE ('',( #5096 ) ) ;
#7592 = DIRECTION ( 'NONE',  ( -0.000000000000000000, -1.000000000000000000, -0.000000000000000000 ) ) ;
#7593 = VECTOR ( 'NONE', #3753, 1000.000000000000000 ) ;
#7594 = SURFACE_STYLE_USAGE ( .BOTH. , #5684 ) ;
#7595 = SURFACE_SIDE_STYLE ('',( #3454 ) ) ;
#7596 = CARTESIAN_POINT ( 'NONE',  ( 2.632236038060014049, -2.500000000000000000, 1.811164499263358652 ) ) ;
#7597 = AXIS2_PLACEMENT_3D ( 'NONE', #2245, #4012, #5763 ) ;
#7598 = EDGE_CURVE ( 'NONE', #2683, #730, #4148, .T. ) ;
#7599 = FILL_AREA_STYLE ('',( #2137 ) ) ;
#7600 = CARTESIAN_POINT ( 'NONE',  ( 2.453529990251888560, -2.100000000000000089, 0.2742638147082958611 ) ) ;
#7601 = EDGE_CURVE ( 'NONE', #3531, #3834, #1773, .T. ) ;
#7602 = SURFACE_STYLE_USAGE ( .BOTH. , #2279 ) ;
#7603 = PLANE ( 'NONE',  #7751 ) ;
#7604 = CARTESIAN_POINT ( 'NONE',  ( -0.08026252959337150383, -2.500000000000000000, 1.766667882189133953 ) ) ;
#7605 = SURFACE_STYLE_USAGE ( .BOTH. , #2641 ) ;
#7606 = MECHANICAL_DESIGN_GEOMETRIC_PRESENTATION_REPRESENTATION (  '', ( #7723 ), #874 ) ;
#7607 = PRESENTATION_STYLE_ASSIGNMENT (( #5841 ) ) ;
#7608 = VERTEX_POINT ( 'NONE', #713 ) ;
#7609 = LINE ( 'NONE', #7070, #3751 ) ;
#7610 = SURFACE_STYLE_FILL_AREA ( #6989 ) ;
#7611 = CYLINDRICAL_SURFACE ( 'NONE', #4689, 0.2394398982144593790 ) ;
#7612 = ADVANCED_FACE ( 'NONE', ( #4949 ), #5519, .F. ) ;
#7613 = CARTESIAN_POINT ( 'NONE',  ( -3.086085595711309804, -2.400000000000000355, 1.630485880782381436 ) ) ;
#7614 = ADVANCED_FACE ( 'NONE', ( #5570 ), #4823, .F. ) ;
#7615 = VECTOR ( 'NONE', #533, 1000.000000000000000 ) ;
#7616 = VERTEX_POINT ( 'NONE', #3628 ) ;
#7617 = VERTEX_POINT ( 'NONE', #6084 ) ;
#7618 = EDGE_LOOP ( 'NONE', ( #1473, #7311, #1300, #6216 ) ) ;
#7619 = COLOUR_RGB ( '',0.8313725490196077761, 0.8313725490196077761, 0.8196078431372548767 ) ;
#7620 = LINE ( 'NONE', #5817, #5543 ) ;
#7621 = FILL_AREA_STYLE ('',( #3365 ) ) ;
#7622 = ORIENTED_EDGE ( 'NONE', *, *, #7360, .T. ) ;
#7623 = STYLED_ITEM ( 'NONE', ( #6712 ), #2212 ) ;
#7624 = FILL_AREA_STYLE ('',( #3441 ) ) ;
#7625 = VERTEX_POINT ( 'NONE', #3024 ) ;
#7626 = PRESENTATION_STYLE_ASSIGNMENT (( #373 ) ) ;
#7627 =( LENGTH_UNIT ( ) NAMED_UNIT ( * ) SI_UNIT ( .MILLI., .METRE. ) );
#7628 = CIRCLE ( 'NONE', #3135, 0.2394398982144593790 ) ;
#7629 =( NAMED_UNIT ( * ) SI_UNIT ( $, .STERADIAN. ) SOLID_ANGLE_UNIT ( ) );
#7630 = UNCERTAINTY_MEASURE_WITH_UNIT (LENGTH_MEASURE( 1.000000000000000082E-05 ), #1480, 'distance_accuracy_value', 'NONE');
#7631 = CARTESIAN_POINT ( 'NONE',  ( -1.800956594368268382, -2.299999999999999822, -1.647441418907150457 ) ) ;
#7632 = DIRECTION ( 'NONE',  ( -0.000000000000000000, -1.000000000000000000, -0.000000000000000000 ) ) ;
#7633 = FACE_OUTER_BOUND ( 'NONE', #547, .T. ) ;
#7634 = CARTESIAN_POINT ( 'NONE',  ( 0.06969562759687994435, -2.400000000000000355, 2.249999994087765298 ) ) ;
#7635 = FILL_AREA_STYLE_COLOUR ( '', #3789 ) ;
#7636 = CARTESIAN_POINT ( 'NONE',  ( -5.000000000000000000, 0.000000000000000000, 1.187158322142691791 ) ) ;
#7637 = CARTESIAN_POINT ( 'NONE',  ( 2.655331196581195208, -2.500000000000000000, 1.883653846153846123 ) ) ;
#7638 = EDGE_CURVE ( 'NONE', #2339, #5998, #4494, .T. ) ;
#7639 = CARTESIAN_POINT ( 'NONE',  ( -0.03358418873149144473, -2.399999999999999023, 1.761782765013450325 ) ) ;
#7640 =( GEOMETRIC_REPRESENTATION_CONTEXT ( 3 ) GLOBAL_UNCERTAINTY_ASSIGNED_CONTEXT ( ( #5216 ) ) GLOBAL_UNIT_ASSIGNED_CONTEXT ( ( #5727, #4983, #954 ) ) REPRESENTATION_CONTEXT ( 'NONE', 'WORKASPACE' ) );
#7641 = DIRECTION ( 'NONE',  ( -0.000000000000000000, 1.000000000000000000, -0.000000000000000000 ) ) ;
#7642 =( LENGTH_UNIT ( ) NAMED_UNIT ( * ) SI_UNIT ( .MILLI., .METRE. ) );
#7643 = PRESENTATION_STYLE_ASSIGNMENT (( #962 ) ) ;
#7644 = CARTESIAN_POINT ( 'NONE',  ( -0.01694863821277715898, -2.500000000000000000, 1.707508878620662029 ) ) ;
#7645 = UNCERTAINTY_MEASURE_WITH_UNIT (LENGTH_MEASURE( 1.000000000000000082E-05 ), #7642, 'distance_accuracy_value', 'NONE');
#7646 = VERTEX_POINT ( 'NONE', #226 ) ;
#7647 = COLOUR_RGB ( '',0.1843137254901960898, 0.7568627450980391913, 1.000000000000000000 ) ;
#7648 = VERTEX_POINT ( 'NONE', #3267 ) ;
#7649 = LINE ( 'NONE', #4592, #1093 ) ;
#7650 = ORIENTED_EDGE ( 'NONE', *, *, #7350, .T. ) ;
#7651 = EDGE_CURVE ( 'NONE', #3317, #2618, #4354, .T. ) ;
#7652 = CARTESIAN_POINT ( 'NONE',  ( 2.655331196581195208, -2.500000000000000000, 1.883653846153846123 ) ) ;
#7653 = DIRECTION ( 'NONE',  ( 0.000000000000000000, -1.000000000000000000, 0.000000000000000000 ) ) ;
#7654 =( GEOMETRIC_REPRESENTATION_CONTEXT ( 3 ) GLOBAL_UNCERTAINTY_ASSIGNED_CONTEXT ( ( #1403 ) ) GLOBAL_UNIT_ASSIGNED_CONTEXT ( ( #2490, #1901, #6657 ) ) REPRESENTATION_CONTEXT ( 'NONE', 'WORKASPACE' ) );
#7655 = VERTEX_POINT ( 'NONE', #1344 ) ;
#7656 = VERTEX_POINT ( 'NONE', #3304 ) ;
#7657 = FILL_AREA_STYLE_COLOUR ( '', #235 ) ;
#7658 = PRESENTATION_LAYER_ASSIGNMENT (  '', '', ( #2557 ) ) ;
#7659 = CARTESIAN_POINT ( 'NONE',  ( 0.1935119189942911266, -2.500000000000000444, 1.898115078623342500 ) ) ;
#7660 =( NAMED_UNIT ( * ) SI_UNIT ( $, .STERADIAN. ) SOLID_ANGLE_UNIT ( ) );
#7661 = DIRECTION ( 'NONE',  ( 1.000000000000000000, 0.000000000000000000, 0.000000000000000000 ) ) ;
#7662 = COLOUR_RGB ( '',1.000000000000000000, 1.000000000000000000, 1.000000000000000000 ) ;
#7663 = SURFACE_STYLE_FILL_AREA ( #5829 ) ;
#7664 = DIRECTION ( 'NONE',  ( -0.000000000000000000, 1.000000000000000000, -0.000000000000000000 ) ) ;
#7665 = CARTESIAN_POINT ( 'NONE',  ( 5.000000000000000000, -2.500000000000000000, -2.250000000000000000 ) ) ;
#7666 = CARTESIAN_POINT ( 'NONE',  ( 2.617133105493495648, -2.500000000000000444, 1.793433152290673682 ) ) ;
#7667 = PRESENTATION_LAYER_ASSIGNMENT (  '', '', ( #3062 ) ) ;
#7668 = SURFACE_STYLE_FILL_AREA ( #7016 ) ;
#7669 =( NAMED_UNIT ( * ) SI_UNIT ( $, .STERADIAN. ) SOLID_ANGLE_UNIT ( ) );
#7670 = DIRECTION ( 'NONE',  ( -0.000000000000000000, 1.000000000000000000, -0.000000000000000000 ) ) ;
#7671 =( NAMED_UNIT ( * ) PLANE_ANGLE_UNIT ( ) SI_UNIT ( $, .RADIAN. ) );
#7672 = CARTESIAN_POINT ( 'NONE',  ( 2.390443867976470571, -2.500000000000001332, 1.945571570926606153 ) ) ;
#7673 = PRESENTATION_LAYER_ASSIGNMENT (  '', '', ( #5233 ) ) ;
#7674 = DIRECTION ( 'NONE',  ( 0.000000000000000000, 0.000000000000000000, -1.000000000000000000 ) ) ;
#7675 = SURFACE_STYLE_USAGE ( .BOTH. , #5810 ) ;
#7676 = CARTESIAN_POINT ( 'NONE',  ( 0.000000000000000000, -2.299999999999999822, 0.000000000000000000 ) ) ;
#7677 = ORIENTED_EDGE ( 'NONE', *, *, #7795, .F. ) ;
#7678 =( LENGTH_UNIT ( ) NAMED_UNIT ( * ) SI_UNIT ( .MILLI., .METRE. ) );
#7679 =( NAMED_UNIT ( * ) SI_UNIT ( $, .STERADIAN. ) SOLID_ANGLE_UNIT ( ) );
#7680 = SURFACE_SIDE_STYLE ('',( #4059 ) ) ;
#7681 = CARTESIAN_POINT ( 'NONE',  ( 0.2570982895754061470, -2.499999999999999556, 1.954098906006184189 ) ) ;
#7682 = EDGE_CURVE ( 'NONE', #1645, #2050, #755, .T. ) ;
#7683 = EDGE_LOOP ( 'NONE', ( #4256, #2229, #6377, #4487 ) ) ;
#7684 = ORIENTED_EDGE ( 'NONE', *, *, #5736, .F. ) ;
#7685 = ORIENTED_EDGE ( 'NONE', *, *, #3519, .T. ) ;
#7686 = CARTESIAN_POINT ( 'NONE',  ( 0.000000000000000000, 0.000000000000000000, 0.000000000000000000 ) ) ;
#7687 = DIRECTION ( 'NONE',  ( -0.000000000000000000, 1.000000000000000000, 0.000000000000000000 ) ) ;
#7688 = ADVANCED_FACE ( 'NONE', ( #4470, #2056, #5104, #3745, #2710, #6362, #1421 ), #1458, .T. ) ;
#7689 = ORIENTED_EDGE ( 'NONE', *, *, #1172, .F. ) ;
#7690 = MECHANICAL_DESIGN_GEOMETRIC_PRESENTATION_REPRESENTATION (  '', ( #2705 ), #5249 ) ;
#7691 = FILL_AREA_STYLE_COLOUR ( '', #1814 ) ;
#7692 = EDGE_LOOP ( 'NONE', ( #6487, #1558, #3482, #5848 ) ) ;
#7693 = VECTOR ( 'NONE', #5728, 1000.000000000000000 ) ;
#7694 = SURFACE_STYLE_USAGE ( .BOTH. , #5171 ) ;
#7695 = STYLED_ITEM ( 'NONE', ( #4099 ), #4042 ) ;
#7696 = EDGE_CURVE ( 'NONE', #3278, #4935, #182, .T. ) ;
#7697 = UNCERTAINTY_MEASURE_WITH_UNIT (LENGTH_MEASURE( 1.000000000000000082E-05 ), #5152, 'distance_accuracy_value', 'NONE');
#7698 = ADVANCED_FACE ( 'NONE', ( #7511 ), #6784, .T. ) ;
#7699 = AXIS2_PLACEMENT_3D ( 'NONE', #7864, #2399, #4223 ) ;
#7700 = PLANE ( 'NONE',  #7541 ) ;
#7701 =( GEOMETRIC_REPRESENTATION_CONTEXT ( 3 ) GLOBAL_UNCERTAINTY_ASSIGNED_CONTEXT ( ( #1956 ) ) GLOBAL_UNIT_ASSIGNED_CONTEXT ( ( #5172, #7010, #7660 ) ) REPRESENTATION_CONTEXT ( 'NONE', 'WORKASPACE' ) );
#7702 = PRESENTATION_LAYER_ASSIGNMENT (  '', '', ( #7174 ) ) ;
#7703 = VECTOR ( 'NONE', #5077, 1000.000000000000000 ) ;
#7704 = CARTESIAN_POINT ( 'NONE',  ( 0.1722995061637367931, -2.400000000000000799, 1.859738770615058545 ) ) ;
#7705 = SURFACE_STYLE_FILL_AREA ( #3172 ) ;
#7706 = FILL_AREA_STYLE_COLOUR ( '', #4250 ) ;
#7707 = FACE_OUTER_BOUND ( 'NONE', #7720, .T. ) ;
#7708 = DIRECTION ( 'NONE',  ( 0.000000000000000000, 0.000000000000000000, 1.000000000000000000 ) ) ;
#7709 = COLOUR_RGB ( '',0.1843137254901960898, 0.7568627450980391913, 1.000000000000000000 ) ;
#7710 = LINE ( 'NONE', #1655, #4722 ) ;
#7711 = STYLED_ITEM ( 'NONE', ( #2953 ), #6726 ) ;
#7712 = VECTOR ( 'NONE', #6358, 1000.000000000000000 ) ;
#7713 = CARTESIAN_POINT ( 'NONE',  ( -1.634757397634042375, -2.500000000000000000, -3.591119187505327215 ) ) ;
#7714 = CARTESIAN_POINT ( 'NONE',  ( -0.1777829642168598234, -2.399999999999999467, 1.811433482379124271 ) ) ;
#7715 = CARTESIAN_POINT ( 'NONE',  ( 2.520947203135883274, -2.399999999999999467, 1.761849804524514784 ) ) ;
#7716 = STYLED_ITEM ( 'NONE', ( #188 ), #6811 ) ;
#7717 = DIRECTION ( 'NONE',  ( -0.000000000000000000, 1.000000000000000000, -0.000000000000000000 ) ) ;
#7718 = CARTESIAN_POINT ( 'NONE',  ( -2.540000000000000480, -2.100000000000000089, 0.5137037129227551846 ) ) ;
#7719 = CARTESIAN_POINT ( 'NONE',  ( 0.1958342463705839420, -2.500000000000000000, 1.806595101336694542 ) ) ;
#7720 = EDGE_LOOP ( 'NONE', ( #3640, #7513, #1815, #6729 ) ) ;
#7721 = VERTEX_POINT ( 'NONE', #4547 ) ;
#7722 = PRESENTATION_STYLE_ASSIGNMENT (( #2906 ) ) ;
#7723 = STYLED_ITEM ( 'NONE', ( #3973 ), #7024 ) ;
#7724 = ORIENTED_EDGE ( 'NONE', *, *, #4005, .F. ) ;
#7725 = DIRECTION ( 'NONE',  ( 0.3385652849408007925, 0.000000000000000000, 0.9409429035988072787 ) ) ;
#7726 = FACE_OUTER_BOUND ( 'NONE', #4074, .T. ) ;
#7727 = DIRECTION ( 'NONE',  ( -0.000000000000000000, -0.000000000000000000, 1.000000000000000000 ) ) ;
#7728 = FILL_AREA_STYLE ('',( #7490 ) ) ;
#7729 = ORIENTED_EDGE ( 'NONE', *, *, #4589, .T. ) ;
#7730 = ORIENTED_EDGE ( 'NONE', *, *, #5455, .T. ) ;
#7731 =( NAMED_UNIT ( * ) PLANE_ANGLE_UNIT ( ) SI_UNIT ( $, .RADIAN. ) );
#7732 = AXIS2_PLACEMENT_3D ( 'NONE', #2974, #7782, #7861 ) ;
#7733 = EDGE_CURVE ( 'NONE', #4447, #3290, #1294, .T. ) ;
#7734 = CARTESIAN_POINT ( 'NONE',  ( 2.414827379981605127, -2.400000000000000355, 1.982136000810999832 ) ) ;
#7735 = CARTESIAN_POINT ( 'NONE',  ( -0.008093303164247356643, -2.499999999999999112, 1.761721944755243685 ) ) ;
#7736 = DIRECTION ( 'NONE',  ( 0.000000000000000000, -1.000000000000000000, 0.000000000000000000 ) ) ;
#7737 = CARTESIAN_POINT ( 'NONE',  ( 0.006000212079390300317, -2.399999999999999911, 2.262181624091073928 ) ) ;
#7738 = PRESENTATION_LAYER_ASSIGNMENT (  '', '', ( #6585 ) ) ;
#7739 =( NAMED_UNIT ( * ) SI_UNIT ( $, .STERADIAN. ) SOLID_ANGLE_UNIT ( ) );
#7740 = VERTEX_POINT ( 'NONE', #3504 ) ;
#7741 = AXIS2_PLACEMENT_3D ( 'NONE', #6076, #2440, #4862 ) ;
#7742 = EDGE_CURVE ( 'NONE', #5550, #3067, #4052, .T. ) ;
#7743 = ADVANCED_FACE ( 'NONE', ( #5903 ), #3458, .T. ) ;
#7744 = SURFACE_STYLE_USAGE ( .BOTH. , #3612 ) ;
#7745 = CARTESIAN_POINT ( 'NONE',  ( 0.1906992855235042639, -2.500000000000000000, 2.171027811164529808 ) ) ;
#7746 = PRESENTATION_STYLE_ASSIGNMENT (( #5299 ) ) ;
#7747 = DIRECTION ( 'NONE',  ( 1.000000000000000000, -0.000000000000000000, -0.000000000000000000 ) ) ;
#7748 = CARTESIAN_POINT ( 'NONE',  ( -0.05251214987060905809, -2.500000000000000000, 1.762263071925939339 ) ) ;
#7749 = SURFACE_STYLE_FILL_AREA ( #3508 ) ;
#7750 = SURFACE_SIDE_STYLE ('',( #7140 ) ) ;
#7751 = AXIS2_PLACEMENT_3D ( 'NONE', #2896, #3507, #541 ) ;
#7752 = DIRECTION ( 'NONE',  ( 0.000000000000000000, 0.000000000000000000, -1.000000000000000000 ) ) ;
#7753 = LINE ( 'NONE', #6634, #5525 ) ;
#7754 =( NAMED_UNIT ( * ) SI_UNIT ( $, .STERADIAN. ) SOLID_ANGLE_UNIT ( ) );
#7755 = CARTESIAN_POINT ( 'NONE',  ( 0.1560718533293988242, -2.499999999999999556, 1.767805232884770650 ) ) ;
#7756 = EDGE_LOOP ( 'NONE', ( #6868, #6638, #7082, #2412 ) ) ;
#7757 = EDGE_LOOP ( 'NONE', ( #4003, #5536, #3582, #356 ) ) ;
#7758 = LINE ( 'NONE', #7798, #7576 ) ;
#7759 = AXIS2_PLACEMENT_3D ( 'NONE', #6124, #1812, #63 ) ;
#7760 = FILL_AREA_STYLE ('',( #5440 ) ) ;
#7761 = LINE ( 'NONE', #2417, #5680 ) ;
#7762 =( LENGTH_UNIT ( ) NAMED_UNIT ( * ) SI_UNIT ( .MILLI., .METRE. ) );
#7763 = PLANE ( 'NONE',  #3254 ) ;
#7764 = SURFACE_STYLE_USAGE ( .BOTH. , #4672 ) ;
#7765 = AXIS2_PLACEMENT_3D ( 'NONE', #4595, #7687, #6492 ) ;
#7766 = B_SPLINE_CURVE_WITH_KNOTS ( 'NONE', 3,
 ( #3021, #7308, #4693, #2326, #5958, #1729, #4146, #1182, #506, #7142, #2409, #1771, #2990, #4277, #4821, #5476, #6037, #1691, #4190 ),
 .UNSPECIFIED., .F., .F.,
 ( 4, 1, 1, 1, 1, 1, 1, 1, 1, 1, 1, 1, 1, 1, 1, 1, 4 ),
 ( 0.000000000000000000, 0.06168004274517305957, 0.1230646415701006635, 0.1834922666867984664, 0.2437494364462801377, 0.3040608341645435475, 0.3646505398839697265, 0.4253979562663962599, 0.4868487645608022829, 0.5486837371169496214, 0.6111282014272194640, 0.6735190137933516619, 0.7369579095099199062, 0.8007139985482566447, 0.8659999867276052532, 0.9320943581165901382, 1.000000000000000000 ),
 .UNSPECIFIED. ) ;
#7767 = EDGE_CURVE ( 'NONE', #3288, #4708, #7710, .T. ) ;
#7768 = EDGE_LOOP ( 'NONE', ( #4233, #3440, #1775, #7164 ) ) ;
#7769 = SURFACE_STYLE_USAGE ( .BOTH. , #371 ) ;
#7770 = EDGE_LOOP ( 'NONE', ( #159, #4408, #1194, #3654 ) ) ;
#7771 = CARTESIAN_POINT ( 'NONE',  ( -1.993914404288691378, -2.400000000000000355, 1.630485880782381436 ) ) ;
#7772 = CARTESIAN_POINT ( 'NONE',  ( 2.422330262157132985, -2.400000000000000355, 1.837561106484415729 ) ) ;
#7773 = MECHANICAL_DESIGN_GEOMETRIC_PRESENTATION_REPRESENTATION (  '', ( #2543 ), #6499 ) ;
#7774 = CARTESIAN_POINT ( 'NONE',  ( 0.03807537133258373507, -2.500000000000000000, 1.768889483205670965 ) ) ;
#7775 = DIRECTION ( 'NONE',  ( 1.000000000000000000, 0.000000000000000000, 0.000000000000000000 ) ) ;
#7776 = FILL_AREA_STYLE ('',( #5324 ) ) ;
#7777 = EDGE_CURVE ( 'NONE', #6171, #2497, #3383, .T. ) ;
#7778 = ORIENTED_EDGE ( 'NONE', *, *, #5878, .F. ) ;
#7779 = ORIENTED_EDGE ( 'NONE', *, *, #1298, .T. ) ;
#7780 = ORIENTED_EDGE ( 'NONE', *, *, #2125, .T. ) ;
#7781 = CARTESIAN_POINT ( 'NONE',  ( 0.02298696838416585536, -2.400000000000000799, 1.765596497220667471 ) ) ;
#7782 = DIRECTION ( 'NONE',  ( -1.000000000000000000, 0.000000000000000000, 8.641799330037945638E-17 ) ) ;
#7783 = DIRECTION ( 'NONE',  ( -1.000000000000000000, 0.000000000000000000, 0.000000000000000000 ) ) ;
#7784 = CARTESIAN_POINT ( 'NONE',  ( -2.240000000000001101, -1.000000000000000000, 2.250000000000000000 ) ) ;
#7785 = CARTESIAN_POINT ( 'NONE',  ( 2.390443867976470571, -2.500000000000001332, 1.945571570926606153 ) ) ;
#7786 = MECHANICAL_DESIGN_GEOMETRIC_PRESENTATION_REPRESENTATION (  '', ( #7015 ), #6637 ) ;
#7787 = FILL_AREA_STYLE_COLOUR ( '', #5316 ) ;
#7788 = SURFACE_SIDE_STYLE ('',( #5344 ) ) ;
#7789 = FILL_AREA_STYLE_COLOUR ( '', #3101 ) ;
#7790 = DIRECTION ( 'NONE',  ( -0.000000000000000000, -1.000000000000000000, -0.000000000000000000 ) ) ;
#7791 = CARTESIAN_POINT ( 'NONE',  ( 2.655331196581195208, -2.500000000000000000, 1.883653846153846123 ) ) ;
#7792 = LINE ( 'NONE', #2327, #1416 ) ;
#7793 = FILL_AREA_STYLE ('',( #2179 ) ) ;
#7794 = UNCERTAINTY_MEASURE_WITH_UNIT (LENGTH_MEASURE( 1.000000000000000082E-05 ), #3929, 'distance_accuracy_value', 'NONE');
#7795 = EDGE_CURVE ( 'NONE', #815, #3836, #1061, .T. ) ;
#7796 = ORIENTED_EDGE ( 'NONE', *, *, #6990, .F. ) ;
#7797 = ORIENTED_EDGE ( 'NONE', *, *, #1648, .T. ) ;
#7798 = CARTESIAN_POINT ( 'NONE',  ( 2.363611111111109775, -2.500000000000000000, 2.195726495726495919 ) ) ;
#7799 = CARTESIAN_POINT ( 'NONE',  ( -5.000000000000000000, 0.000000000000000000, 2.250000000000000000 ) ) ;
#7800 = CARTESIAN_POINT ( 'NONE',  ( 2.436595520279248639, -2.500000000000001332, 1.809714042897088371 ) ) ;
#7801 = CARTESIAN_POINT ( 'NONE',  ( 2.239999999999999769, -1.500000000000000000, 2.250000000000000000 ) ) ;
#7802 = CARTESIAN_POINT ( 'NONE',  ( 2.673370610034977446, -2.400000000000000355, 1.783234492338271249 ) ) ;
#7803 = ORIENTED_EDGE ( 'NONE', *, *, #285, .T. ) ;
#7804 = DIRECTION ( 'NONE',  ( 1.364799380695330128E-15, 0.000000000000000000, 1.000000000000000000 ) ) ;
#7805 = VERTEX_POINT ( 'NONE', #4611 ) ;
#7806 =( LENGTH_UNIT ( ) NAMED_UNIT ( * ) SI_UNIT ( .MILLI., .METRE. ) );
#7807 = CARTESIAN_POINT ( 'NONE',  ( 0.1267165184313454040, -1.000000000000000000, 7.750000000000000000 ) ) ;
#7808 = FACE_OUTER_BOUND ( 'NONE', #6262, .T. ) ;
#7809 = CARTESIAN_POINT ( 'NONE',  ( 0.2577991452991452714, -2.400000000000000355, 1.982342581463675257 ) ) ;
#7810 = CARTESIAN_POINT ( 'NONE',  ( 0.02217601774821083629, -2.500000000000000000, 2.260450532915397215 ) ) ;
#7811 = DIRECTION ( 'NONE',  ( -4.659762792526940292E-16, 0.000000000000000000, -1.000000000000000000 ) ) ;
#7812 = ORIENTED_EDGE ( 'NONE', *, *, #6993, .F. ) ;
#7813 = DIRECTION ( 'NONE',  ( -1.000000000000000000, 0.000000000000000000, 0.000000000000000000 ) ) ;
#7814 = CARTESIAN_POINT ( 'NONE',  ( 2.839999999999999858, -1.000000000000000000, 2.250000000000000000 ) ) ;
#7815 =( NAMED_UNIT ( * ) PLANE_ANGLE_UNIT ( ) SI_UNIT ( $, .RADIAN. ) );
#7816 =( NAMED_UNIT ( * ) PLANE_ANGLE_UNIT ( ) SI_UNIT ( $, .RADIAN. ) );
#7817 = COLOUR_RGB ( '',0.1843137254901960898, 0.7568627450980391913, 1.000000000000000000 ) ;
#7818 =( GEOMETRIC_REPRESENTATION_CONTEXT ( 3 ) GLOBAL_UNCERTAINTY_ASSIGNED_CONTEXT ( ( #7145 ) ) GLOBAL_UNIT_ASSIGNED_CONTEXT ( ( #1963, #1370, #7459 ) ) REPRESENTATION_CONTEXT ( 'NONE', 'WORKASPACE' ) );
#7819 = AXIS2_PLACEMENT_3D ( 'NONE', #6275, #6320, #5062 ) ;
#7820 = CARTESIAN_POINT ( 'NONE',  ( 2.556863182715068294, -2.400000000000000355, 1.763391227383212412 ) ) ;
#7821 = AXIS2_PLACEMENT_3D ( 'NONE', #6220, #1250, #5546 ) ;
#7822 = SURFACE_STYLE_USAGE ( .BOTH. , #18 ) ;
#7823 = ADVANCED_FACE ( 'NONE', ( #3418 ), #2154, .T. ) ;
#7824 = LINE ( 'NONE', #2322, #64 ) ;
#7825 = MECHANICAL_DESIGN_GEOMETRIC_PRESENTATION_REPRESENTATION (  '', ( #7180 ), #5786 ) ;
#7826 = CARTESIAN_POINT ( 'NONE',  ( -2.567136752136752964, -2.500000000000000000, 1.720833333333333437 ) ) ;
#7827 = MECHANICAL_DESIGN_GEOMETRIC_PRESENTATION_REPRESENTATION (  '', ( #982 ), #597 ) ;
#7828 = CARTESIAN_POINT ( 'NONE',  ( 0.1328776666525758599, -2.399999999999999023, 1.816822642486323858 ) ) ;
#7829 =( NAMED_UNIT ( * ) PLANE_ANGLE_UNIT ( ) SI_UNIT ( $, .RADIAN. ) );
#7830 = DIRECTION ( 'NONE',  ( -1.000000000000000000, -0.000000000000000000, 2.597646155777628234E-16 ) ) ;
#7831 = STYLED_ITEM ( 'NONE', ( #3907 ), #6665 ) ;
#7832 = ORIENTED_EDGE ( 'NONE', *, *, #2075, .F. ) ;
#7833 = AXIS2_PLACEMENT_3D ( 'NONE', #2090, #4546, #5102 ) ;
#7834 = PRESENTATION_LAYER_ASSIGNMENT (  '', '', ( #2364 ) ) ;
#7835 = VERTEX_POINT ( 'NONE', #577 ) ;
#7836 = ORIENTED_EDGE ( 'NONE', *, *, #788, .T. ) ;
#7837 = LINE ( 'NONE', #2381, #2112 ) ;
#7838 = VECTOR ( 'NONE', #2694, 1000.000000000000000 ) ;
#7839 = EDGE_CURVE ( 'NONE', #3668, #6087, #538, .T. ) ;
#7840 = CARTESIAN_POINT ( 'NONE',  ( 2.370395299145298118, -2.400000000000000355, 1.864573317307692379 ) ) ;
#7841 = DIRECTION ( 'NONE',  ( 0.000000000000000000, 1.000000000000000000, 0.000000000000000000 ) ) ;
#7842 = PLANE ( 'NONE',  #1227 ) ;
#7843 = EDGE_CURVE ( 'NONE', #3001, #229, #4483, .T. ) ;
#7844 = CARTESIAN_POINT ( 'NONE',  ( -0.03300478338361668290, -2.399999999999999911, 1.707337860919236894 ) ) ;
#7845 = ORIENTED_EDGE ( 'NONE', *, *, #3227, .T. ) ;
#7846 = COLOUR_RGB ( '',0.1843137254901960898, 0.7568627450980391913, 1.000000000000000000 ) ;
#7847 = ORIENTED_EDGE ( 'NONE', *, *, #1939, .T. ) ;
#7848 = UNCERTAINTY_MEASURE_WITH_UNIT (LENGTH_MEASURE( 1.000000000000000082E-05 ), #313, 'distance_accuracy_value', 'NONE');
#7849 =( LENGTH_UNIT ( ) NAMED_UNIT ( * ) SI_UNIT ( .MILLI., .METRE. ) );
#7850 = CARTESIAN_POINT ( 'NONE',  ( 2.702511055465022238, -2.400000000000000355, 1.877353573732830183 ) ) ;
#7851 = PRESENTATION_STYLE_ASSIGNMENT (( #1751 ) ) ;
#7852 = DIRECTION ( 'NONE',  ( -0.000000000000000000, -1.000000000000000000, -0.000000000000000000 ) ) ;
#7853 = CARTESIAN_POINT ( 'NONE',  ( -4.135872885735895288, -1.797251865729859954, 2.250000000000000000 ) ) ;
#7854 = STYLED_ITEM ( 'NONE', ( #1762 ), #7032 ) ;
#7855 = CARTESIAN_POINT ( 'NONE',  ( 2.671366323237657880, -1.000000000000000000, 7.750000000000000000 ) ) ;
#7856 = CARTESIAN_POINT ( 'NONE',  ( -0.01061543250958594566, -2.499999999999999556, 2.263450439878207820 ) ) ;
#7857 = VECTOR ( 'NONE', #7664, 1000.000000000000000 ) ;
#7858 = FILL_AREA_STYLE ('',( #4216 ) ) ;
#7859 = ORIENTED_EDGE ( 'NONE', *, *, #5553, .T. ) ;
#7860 = FILL_AREA_STYLE_COLOUR ( '', #748 ) ;
#7861 = DIRECTION ( 'NONE',  ( 8.641799330037945638E-17, 0.000000000000000000, 1.000000000000000000 ) ) ;
#7862 = DIRECTION ( 'NONE',  ( 0.000000000000000000, -1.000000000000000000, 0.000000000000000000 ) ) ;
#7863 = CARTESIAN_POINT ( 'NONE',  ( 2.564824860734261858, -2.500000000000000000, 1.710036870189499902 ) ) ;
#7864 = CARTESIAN_POINT ( 'NONE',  ( -4.550784378080527048, -0.1000000000000000056, 0.8002088216562512901 ) ) ;
#7865 = DIRECTION ( 'NONE',  ( -1.000000000000000000, 0.000000000000000000, 0.000000000000000000 ) ) ;
#7866 = EDGE_CURVE ( 'NONE', #1008, #7379, #3539, .T. ) ;
#7867 = CARTESIAN_POINT ( 'NONE',  ( 2.579099362177621479, -2.400000000000000799, 1.769456413382344939 ) ) ;
#7868 = MECHANICAL_DESIGN_GEOMETRIC_PRESENTATION_REPRESENTATION (  '', ( #1639 ), #5307 ) ;
#7869 = CARTESIAN_POINT ( 'NONE',  ( -5.000000000000000000, -1.797251865729859954, 2.250000000000000000 ) ) ;
#7870 =( NAMED_UNIT ( * ) PLANE_ANGLE_UNIT ( ) SI_UNIT ( $, .RADIAN. ) );
#7871 = VECTOR ( 'NONE', #267, 1000.000000000000000 ) ;
#7872 = PRESENTATION_STYLE_ASSIGNMENT (( #2985 ) ) ;
#7873 = SURFACE_STYLE_USAGE ( .BOTH. , #4185 ) ;
#7874 = SURFACE_SIDE_STYLE ('',( #5432 ) ) ;
#7875 = DIRECTION ( 'NONE',  ( 0.000000000000000000, 0.000000000000000000, -1.000000000000000000 ) ) ;
#7876 = EDGE_CURVE ( 'NONE', #1746, #5816, #5989, .T. ) ;
#7877 = ORIENTED_EDGE ( 'NONE', *, *, #1999, .F. ) ;
#7878 = EDGE_LOOP ( 'NONE', ( #2123, #5778, #2574, #2903 ) ) ;
#7879 = SURFACE_STYLE_FILL_AREA ( #4284 ) ;
#7880 = PLANE ( 'NONE',  #1428 ) ;
#7881 = CARTESIAN_POINT ( 'NONE',  ( 2.418167230895263753, -2.499999999999999556, 1.858085731411538211 ) ) ;
#7882 = CARTESIAN_POINT ( 'NONE',  ( -0.1312442307961861621, -2.499999999999999556, 2.187715789022162571 ) ) ;
#7883 = CARTESIAN_POINT ( 'NONE',  ( -0.1136001503114828365, -2.399999999999999467, 1.718408903032914381 ) ) ;
#7884 = VERTEX_POINT ( 'NONE', #2401 ) ;
#7885 = STYLED_ITEM ( 'NONE', ( #2400 ), #3215 ) ;
#7886 = ORIENTED_EDGE ( 'NONE', *, *, #2095, .T. ) ;
#7887 = CARTESIAN_POINT ( 'NONE',  ( 0.000000000000000000, -2.100000000000000089, 0.5137037129227551846 ) ) ;
ENDSEC;
END-ISO-10303-21;
