ISO-10303-21;
HEADER;
FILE_DESCRIPTION (( 'STEP AP214' ),
    '1' );
FILE_NAME ('CFR_RB2_26.5X16X7_L26.8H16.1T7.2S22.5LL27F0.85.STEP',
    '2019-09-11T17:48:11',
    ( '' ),
    ( '' ),
    'SwSTEP 2.0',
    'SolidWorks 2014',
    '' );
FILE_SCHEMA (( 'AUTOMOTIVE_DESIGN' ));
ENDSEC;

DATA;
#1 = SURFACE_STYLE_USAGE ( .BOTH. , #1403 ) ;
#2 = FACE_OUTER_BOUND ( 'NONE', #486, .T. ) ;
#3 = CARTESIAN_POINT ( 'NONE',  ( 12.96235672504577800, 9.600276224591722100, 7.204999999999999200 ) ) ;
#4 = VECTOR ( 'NONE', #1484, 1000.000000000000100 ) ;
#5 = DIRECTION ( 'NONE',  ( 1.000000000000000000, -0.0000000000000000000, -0.0000000000000000000 ) ) ;
#6 = PLANE ( 'NONE',  #1179 ) ;
#7 = EDGE_CURVE ( 'NONE', #296, #1766, #815, .T. ) ;
#8 = VECTOR ( 'NONE', #1665, 1000.000000000000000 ) ;
#9 = PRESENTATION_STYLE_ASSIGNMENT (( #262 ) ) ;
#10 = CARTESIAN_POINT ( 'NONE',  ( 13.50492685657716400, 7.785112756973051200, 7.204999999999999200 ) ) ;
#11 = VERTEX_POINT ( 'NONE', #1000 ) ;
#12 = LINE ( 'NONE', #1520, #1863 ) ;
#13 = COLOUR_RGB ( '',0.4980392156862745200, 0.4980392156862745200, 0.4980392156862745200 ) ;
#14 = FILL_AREA_STYLE ('',( #689 ) ) ;
#15 = DIRECTION ( 'NONE',  ( -0.4443210308329518800, -0.8958676361826801700, 0.0000000000000000000 ) ) ;
#16 = EDGE_LOOP ( 'NONE', ( #811, #2557, #99, #406 ) ) ;
#17 = CARTESIAN_POINT ( 'NONE',  ( 11.64331587583164800, 7.498929097572961700, 7.204999999999999200 ) ) ;
#18 = EDGE_LOOP ( 'NONE', ( #2163, #1044, #1579, #2628 ) ) ;
#19 = ADVANCED_FACE ( 'NONE', ( #653 ), #6, .F. ) ;
#20 = ORIENTED_EDGE ( 'NONE', *, *, #87, .F. ) ;
#21 = CARTESIAN_POINT ( 'NONE',  ( 0.0000000000000000000, 0.0000000000000000000, 7.200000000000000200 ) ) ;
#22 = ORIENTED_EDGE ( 'NONE', *, *, #2609, .F. ) ;
#23 = EDGE_CURVE ( 'NONE', #2044, #1394, #1531, .T. ) ;
#24 = ORIENTED_EDGE ( 'NONE', *, *, #631, .F. ) ;
#25 = EDGE_LOOP ( 'NONE', ( #709, #1985, #2895, #1605, #1948, #2926, #197, #2085, #704, #265, #1572, #1391, #619, #2745, #38, #2231, #2461 ) ) ;
#26 = DIRECTION ( 'NONE',  ( 1.000000000000000000, -1.104435275910379200E-013, 0.0000000000000000000 ) ) ;
#27 = VERTEX_POINT ( 'NONE', #1232 ) ;
#28 = ORIENTED_EDGE ( 'NONE', *, *, #1496, .F. ) ;
#29 = CARTESIAN_POINT ( 'NONE',  ( 2.150000000000000800, 0.7500000000000000000, 4.025000000000000400 ) ) ;
#30 = VECTOR ( 'NONE', #2155, 1000.000000000000100 ) ;
#31 = EDGE_CURVE ( 'NONE', #272, #1453, #2921, .T. ) ;
#32 =( NAMED_UNIT ( * ) SI_UNIT ( $, .STERADIAN. ) SOLID_ANGLE_UNIT ( ) );
#33 = FACE_OUTER_BOUND ( 'NONE', #2304, .T. ) ;
#34 = ADVANCED_FACE ( 'NONE', ( #194 ), #1917, .F. ) ;
#35 = CARTESIAN_POINT ( 'NONE',  ( 8.961130752620432500, 6.927829999999906000, 7.204999999999999200 ) ) ;
#36 = CARTESIAN_POINT ( 'NONE',  ( 16.24677438074236600, 9.929655370087539600, 7.200000000000000200 ) ) ;
#37 = CARTESIAN_POINT ( 'NONE',  ( 8.364087004062046300, 9.929655370087539600, 7.200000000000000200 ) ) ;
#38 = ORIENTED_EDGE ( 'NONE', *, *, #2040, .F. ) ;
#39 = AXIS2_PLACEMENT_3D ( 'NONE', #2693, #1481, #1297 ) ;
#40 = DIRECTION ( 'NONE',  ( 0.0000000000000000000, 0.0000000000000000000, 1.000000000000000000 ) ) ;
#41 = CARTESIAN_POINT ( 'NONE',  ( 15.88513000492852000, 9.929655370087539600, 7.204999999999999200 ) ) ;
#42 = DIRECTION ( 'NONE',  ( 0.0000000000000000000, 0.0000000000000000000, -1.000000000000000000 ) ) ;
#43 = LINE ( 'NONE', #1374, #1154 ) ;
#44 = DIRECTION ( 'NONE',  ( -0.05596501978069370200, -0.9984327301130239100, 0.0000000000000000000 ) ) ;
#45 = DIRECTION ( 'NONE',  ( 1.000000000000000000, 0.0000000000000000000, 0.0000000000000000000 ) ) ;
#46 = EDGE_CURVE ( 'NONE', #2300, #418, #120, .T. ) ;
#47 = COLOUR_RGB ( '',0.4980392156862745200, 0.4980392156862745200, 0.4980392156862745200 ) ;
#48 = ORIENTED_EDGE ( 'NONE', *, *, #1069, .T. ) ;
#49 = MANIFOLD_SOLID_BREP ( 'Fillet1', #857 ) ;
#50 = DIRECTION ( 'NONE',  ( 1.000000000000000000, 0.0000000000000000000, 0.0000000000000000000 ) ) ;
#51 = SURFACE_STYLE_USAGE ( .BOTH. , #954 ) ;
#52 = VECTOR ( 'NONE', #878, 1000.000000000000000 ) ;
#53 = PRESENTATION_LAYER_ASSIGNMENT (  '', '', ( #1919 ) ) ;
#54 = ORIENTED_EDGE ( 'NONE', *, *, #2803, .F. ) ;
#55 = FACE_OUTER_BOUND ( 'NONE', #2669, .T. ) ;
#56 = CARTESIAN_POINT ( 'NONE',  ( 15.38334410133418800, 6.927829999999906900, 7.200000000000000200 ) ) ;
#57 = VERTEX_POINT ( 'NONE', #505 ) ;
#58 = DIRECTION ( 'NONE',  ( 1.104435275910379600E-013, 1.000000000000000000, -0.0000000000000000000 ) ) ;
#59 = DIRECTION ( 'NONE',  ( -0.2762033010290175800, -0.9610992334304892000, 0.0000000000000000000 ) ) ;
#60 = EDGE_LOOP ( 'NONE', ( #1278, #823, #1825, #122 ) ) ;
#61 = VERTEX_POINT ( 'NONE', #745 ) ;
#62 = CARTESIAN_POINT ( 'NONE',  ( 19.22229468849963000, 9.350058697642236200, 7.204999999999999200 ) ) ;
#63 = ORIENTED_EDGE ( 'NONE', *, *, #1199, .F. ) ;
#64 = ORIENTED_EDGE ( 'NONE', *, *, #2201, .T. ) ;
#65 = PRODUCT_RELATED_PRODUCT_CATEGORY ( 'part', '', ( #1513 ) ) ;
#66 = ORIENTED_EDGE ( 'NONE', *, *, #2756, .F. ) ;
#67 =( LENGTH_UNIT ( ) NAMED_UNIT ( * ) SI_UNIT ( .MILLI., .METRE. ) );
#68 = CARTESIAN_POINT ( 'NONE',  ( 12.19501932481243500, 6.927829999999906900, 7.204999999999999200 ) ) ;
#69 = LINE ( 'NONE', #35, #1923 ) ;
#70 = EDGE_CURVE ( 'NONE', #2599, #1571, #1204, .T. ) ;
#71 =( NAMED_UNIT ( * ) SI_UNIT ( $, .STERADIAN. ) SOLID_ANGLE_UNIT ( ) );
#72 = FACE_OUTER_BOUND ( 'NONE', #2517, .T. ) ;
#73 =( NAMED_UNIT ( * ) PLANE_ANGLE_UNIT ( ) SI_UNIT ( $, .RADIAN. ) );
#74 = VECTOR ( 'NONE', #2540, 1000.000000000000000 ) ;
#75 = PRESENTATION_LAYER_ASSIGNMENT (  '', '', ( #242 ) ) ;
#76 = SURFACE_STYLE_FILL_AREA ( #1038 ) ;
#77 = CARTESIAN_POINT ( 'NONE',  ( 12.19501932481243500, 6.927829999999906900, 7.204999999999999200 ) ) ;
#78 = DIRECTION ( 'NONE',  ( 0.0000000000000000000, 1.000000000000000000, 0.0000000000000000000 ) ) ;
#79 = FILL_AREA_STYLE ('',( #1477 ) ) ;
#80 = EDGE_CURVE ( 'NONE', #1576, #2713, #1637, .T. ) ;
#81 = MECHANICAL_DESIGN_GEOMETRIC_PRESENTATION_REPRESENTATION (  '', ( #1510 ), #230 ) ;
#82 = DIRECTION ( 'NONE',  ( 1.000000000000000000, 0.0000000000000000000, 0.0000000000000000000 ) ) ;
#83 = PLANE ( 'NONE',  #1159 ) ;
#84 = VECTOR ( 'NONE', #2950, 1000.000000000000000 ) ;
#85 = COLOUR_RGB ( '',0.7921568627450980000, 0.8196078431372548800, 0.9333333333333333500 ) ;
#86 = PLANE ( 'NONE',  #2210 ) ;
#87 = EDGE_CURVE ( 'NONE', #861, #2423, #2445, .T. ) ;
#88 = ORIENTED_EDGE ( 'NONE', *, *, #1116, .F. ) ;
#89 = VECTOR ( 'NONE', #1267, 1000.000000000000200 ) ;
#90 = LINE ( 'NONE', #3018, #1271 ) ;
#91 = DIRECTION ( 'NONE',  ( 1.000000000000000000, 0.0000000000000000000, 0.0000000000000000000 ) ) ;
#92 = CARTESIAN_POINT ( 'NONE',  ( 19.38098302013320100, 6.927829999999908700, 7.200000000000000200 ) ) ;
#93 = EDGE_LOOP ( 'NONE', ( #1983, #2424, #2346, #2157 ) ) ;
#94 = MECHANICAL_DESIGN_GEOMETRIC_PRESENTATION_REPRESENTATION (  '', ( #242 ), #391 ) ;
#95 = EDGE_LOOP ( 'NONE', ( #1042, #2631, #2710, #698 ) ) ;
#96 = ORIENTED_EDGE ( 'NONE', *, *, #693, .T. ) ;
#97 = ORIENTED_EDGE ( 'NONE', *, *, #1871, .F. ) ;
#98 =( NAMED_UNIT ( * ) PLANE_ANGLE_UNIT ( ) SI_UNIT ( $, .RADIAN. ) );
#99 = ORIENTED_EDGE ( 'NONE', *, *, #2236, .F. ) ;
#100 = FILL_AREA_STYLE ('',( #806 ) ) ;
#101 = PRODUCT_CONTEXT ( 'NONE', #1651, 'mechanical' ) ;
#102 = ORIENTED_EDGE ( 'NONE', *, *, #1556, .T. ) ;
#103 = PLANE ( 'NONE',  #1111 ) ;
#104 = CARTESIAN_POINT ( 'NONE',  ( 22.40576400000000100, 0.5551279999999997300, 7.200000000000000200 ) ) ;
#105 = LINE ( 'NONE', #2208, #281 ) ;
#106 = DIRECTION ( 'NONE',  ( -0.9601763114346034700, 0.2793947940814923700, 0.0000000000000000000 ) ) ;
#107 = FILL_AREA_STYLE ('',( #2224 ) ) ;
#108 = CARTESIAN_POINT ( 'NONE',  ( 14.25927284894691400, 6.927829999999906900, 7.200000000000000200 ) ) ;
#109 = CARTESIAN_POINT ( 'NONE',  ( 16.77163425537493100, 8.799833879061310400, 7.204999999999999200 ) ) ;
#110 = CARTESIAN_POINT ( 'NONE',  ( 15.38334410133418800, 6.927829999999906900, 7.204999999999999200 ) ) ;
#111 = PRESENTATION_STYLE_ASSIGNMENT (( #1117 ) ) ;
#112 = VECTOR ( 'NONE', #1869, 1000.000000000000000 ) ;
#113 = CARTESIAN_POINT ( 'NONE',  ( 0.0000000000000000000, 0.0000000000000000000, 7.200000000000000200 ) ) ;
#114 = DIRECTION ( 'NONE',  ( 0.0000000000000000000, 0.0000000000000000000, 1.000000000000000000 ) ) ;
#115 = VECTOR ( 'NONE', #1492, 999.9999999999998900 ) ;
#116 = AXIS2_PLACEMENT_3D ( 'NONE', #17, #2375, #436 ) ;
#117 = DIRECTION ( 'NONE',  ( 0.0000000000000000000, 0.0000000000000000000, 1.000000000000000000 ) ) ;
#118 = CARTESIAN_POINT ( 'NONE',  ( 18.30970443484510200, 9.354302921397765800, 7.200000000000000200 ) ) ;
#119 = DIRECTION ( 'NONE',  ( 1.000000000000000000, 0.0000000000000000000, 0.0000000000000000000 ) ) ;
#120 = LINE ( 'NONE', #2173, #2292 ) ;
#121 = VECTOR ( 'NONE', #2607, 1000.000000000000000 ) ;
#122 = ORIENTED_EDGE ( 'NONE', *, *, #976, .T. ) ;
#123 = FACE_OUTER_BOUND ( 'NONE', #937, .T. ) ;
#124 = DIRECTION ( 'NONE',  ( 0.0000000000000000000, -0.0000000000000000000, -1.000000000000000000 ) ) ;
#125 = EDGE_CURVE ( 'NONE', #2262, #1089, #2959, .T. ) ;
#126 = ORIENTED_EDGE ( 'NONE', *, *, #2490, .T. ) ;
#127 = EDGE_LOOP ( 'NONE', ( #2715, #2153, #558, #2344 ) ) ;
#128 = DIRECTION ( 'NONE',  ( 0.2755265765475025700, 0.9612934544747576700, 0.0000000000000000000 ) ) ;
#129 = ORIENTED_EDGE ( 'NONE', *, *, #955, .T. ) ;
#130 = MECHANICAL_DESIGN_GEOMETRIC_PRESENTATION_REPRESENTATION (  '', ( #2082 ), #1561 ) ;
#131 = VERTEX_POINT ( 'NONE', #104 ) ;
#132 = ORIENTED_EDGE ( 'NONE', *, *, #420, .F. ) ;
#133 = DIRECTION ( 'NONE',  ( 0.2762033010290175800, 0.9610992334304890900, 0.0000000000000000000 ) ) ;
#134 = ORIENTED_EDGE ( 'NONE', *, *, #1995, .F. ) ;
#135 = CARTESIAN_POINT ( 'NONE',  ( 10.51263641270627100, 9.358273324269784900, 7.204999999999999200 ) ) ;
#136 = VECTOR ( 'NONE', #805, 1000.000000000000000 ) ;
#137 =( NAMED_UNIT ( * ) PLANE_ANGLE_UNIT ( ) SI_UNIT ( $, .RADIAN. ) );
#138 = VECTOR ( 'NONE', #3051, 1000.000000000000000 ) ;
#139 = EDGE_CURVE ( 'NONE', #2012, #418, #12, .T. ) ;
#140 =( NAMED_UNIT ( * ) PLANE_ANGLE_UNIT ( ) SI_UNIT ( $, .RADIAN. ) );
#141 = PRESENTATION_LAYER_ASSIGNMENT (  '', '', ( #1578 ) ) ;
#142 = DIRECTION ( 'NONE',  ( 0.0000000000000000000, 0.0000000000000000000, 1.000000000000000000 ) ) ;
#143 =( GEOMETRIC_REPRESENTATION_CONTEXT ( 3 ) GLOBAL_UNCERTAINTY_ASSIGNED_CONTEXT ( ( #1188 ) ) GLOBAL_UNIT_ASSIGNED_CONTEXT ( ( #844, #2728, #584 ) ) REPRESENTATION_CONTEXT ( 'NONE', 'WORKASPACE' ) );
#144 = DIRECTION ( 'NONE',  ( 0.9999891854650020400, -0.004650693823678667000, 0.0000000000000000000 ) ) ;
#145 = VECTOR ( 'NONE', #1852, 1000.000000000000000 ) ;
#146 = PRODUCT_DEFINITION_SHAPE ( 'NONE', 'NONE',  #571 ) ;
#147 = UNCERTAINTY_MEASURE_WITH_UNIT (LENGTH_MEASURE( 1.000000000000000100E-005 ), #2351, 'distance_accuracy_value', 'NONE');
#148 = CARTESIAN_POINT ( 'NONE',  ( 14.25927284894691400, 6.927829999999906900, 7.204999999999999200 ) ) ;
#149 = ORIENTED_EDGE ( 'NONE', *, *, #2236, .T. ) ;
#150 = VECTOR ( 'NONE', #2600, 1000.000000000000000 ) ;
#151 = FACE_OUTER_BOUND ( 'NONE', #1433, .T. ) ;
#152 = ORIENTED_EDGE ( 'NONE', *, *, #1735, .T. ) ;
#153 =( NAMED_UNIT ( * ) SI_UNIT ( $, .STERADIAN. ) SOLID_ANGLE_UNIT ( ) );
#154 = VERTEX_POINT ( 'NONE', #1733 ) ;
#155 = CARTESIAN_POINT ( 'NONE',  ( 17.90134621804373400, 8.244999742206992700, 7.204999999999999200 ) ) ;
#156 = ORIENTED_EDGE ( 'NONE', *, *, #2360, .T. ) ;
#157 = EDGE_CURVE ( 'NONE', #2560, #269, #586, .T. ) ;
#158 = ORIENTED_EDGE ( 'NONE', *, *, #880, .F. ) ;
#159 = ORIENTED_EDGE ( 'NONE', *, *, #2120, .F. ) ;
#160 = CARTESIAN_POINT ( 'NONE',  ( 13.50492685657716400, 7.785112756973051200, 7.204999999999999200 ) ) ;
#161 =( LENGTH_UNIT ( ) NAMED_UNIT ( * ) SI_UNIT ( .MILLI., .METRE. ) );
#162 = PLANE ( 'NONE',  #1859 ) ;
#163 = ORIENTED_EDGE ( 'NONE', *, *, #1355, .F. ) ;
#164 = ADVANCED_FACE ( 'NONE', ( #55 ), #1970, .F. ) ;
#165 = CARTESIAN_POINT ( 'NONE',  ( 12.96235672504577800, 9.600276224591722100, 7.204999999999999200 ) ) ;
#166 = VECTOR ( 'NONE', #2401, 1000.000000000000000 ) ;
#167 = FILL_AREA_STYLE ('',( #397 ) ) ;
#168 = DIRECTION ( 'NONE',  ( -1.000000000000000000, 0.0000000000000000000, 0.0000000000000000000 ) ) ;
#170 = LINE ( 'NONE', #1473, #793 ) ;
#169 = CARTESIAN_POINT ( 'NONE',  ( 10.19184611570141100, 8.244999742213012800, 7.204999999999999200 ) ) ;
#171 = UNCERTAINTY_MEASURE_WITH_UNIT (LENGTH_MEASURE( 1.000000000000000100E-005 ), #2388, 'distance_accuracy_value', 'NONE');
#172 = CARTESIAN_POINT ( 'NONE',  ( 17.81339494899777200, 7.499038625920482200, 7.204999999999999200 ) ) ;
#173 = FILL_AREA_STYLE ('',( #1370 ) ) ;
#174 = VECTOR ( 'NONE', #1082, 1000.000000000000000 ) ;
#175 = SURFACE_STYLE_USAGE ( .BOTH. , #2074 ) ;
#176 = CARTESIAN_POINT ( 'NONE',  ( 13.40000000000000000, 0.5551280000000008400, 0.0000000000000000000 ) ) ;
#177 = EDGE_CURVE ( 'NONE', #1418, #1686, #616, .T. ) ;
#178 =( NAMED_UNIT ( * ) PLANE_ANGLE_UNIT ( ) SI_UNIT ( $, .RADIAN. ) );
#179 = VECTOR ( 'NONE', #764, 1000.000000000000000 ) ;
#180 = LINE ( 'NONE', #3032, #2539 ) ;
#181 = AXIS2_PLACEMENT_3D ( 'NONE', #919, #2568, #1630 ) ;
#182 = DIRECTION ( 'NONE',  ( 0.0000000000000000000, -1.000000000000000000, 0.0000000000000000000 ) ) ;
#183 = DIRECTION ( 'NONE',  ( -0.9985542843760946100, 0.05375259206908576700, 0.0000000000000000000 ) ) ;
#184 = LINE ( 'NONE', #1300, #1449 ) ;
#185 = SURFACE_STYLE_FILL_AREA ( #997 ) ;
#186 = CARTESIAN_POINT ( 'NONE',  ( 19.38098302013320100, 6.927829999999908700, 7.204999999999999200 ) ) ;
#187 = VERTEX_POINT ( 'NONE', #2193 ) ;
#188 =( GEOMETRIC_REPRESENTATION_CONTEXT ( 3 ) GLOBAL_UNCERTAINTY_ASSIGNED_CONTEXT ( ( #865 ) ) GLOBAL_UNIT_ASSIGNED_CONTEXT ( ( #1781, #1593, #2922 ) ) REPRESENTATION_CONTEXT ( 'NONE', 'WORKASPACE' ) );
#189 = DIRECTION ( 'NONE',  ( -1.000000000000000000, 0.0000000000000000000, 0.0000000000000000000 ) ) ;
#190 = ORIENTED_EDGE ( 'NONE', *, *, #31, .T. ) ;
#191 = VECTOR ( 'NONE', #2341, 1000.000000000000000 ) ;
#192 = PLANE ( 'NONE',  #494 ) ;
#193 = CLOSED_SHELL ( 'NONE', ( #2514, #1927, #1628, #164, #2763, #1968, #726, #3023, #34, #2608, #2100, #1585, #2859, #2838, #2328, #2117, #1914, #909, #1151 ) ) ;
#194 = FACE_OUTER_BOUND ( 'NONE', #1290, .T. ) ;
#195 = CARTESIAN_POINT ( 'NONE',  ( 21.06565690514807400, 9.929655370087539600, 7.204999999999999200 ) ) ;
#196 = DIRECTION ( 'NONE',  ( 0.2793947940814923700, 0.9601763114346033600, 0.0000000000000000000 ) ) ;
#197 = ORIENTED_EDGE ( 'NONE', *, *, #429, .F. ) ;
#198 = ADVANCED_FACE ( 'NONE', ( #2330 ), #1727, .F. ) ;
#199 = ORIENTED_EDGE ( 'NONE', *, *, #2490, .F. ) ;
#200 = EDGE_CURVE ( 'NONE', #2507, #975, #1090, .T. ) ;
#201 = CARTESIAN_POINT ( 'NONE',  ( 25.90666675600000000, 0.0000000000000000000, 6.306666755999999400 ) ) ;
#202 = VERTEX_POINT ( 'NONE', #1245 ) ;
#203 = FILL_AREA_STYLE ('',( #2078 ) ) ;
#204 = ORIENTED_EDGE ( 'NONE', *, *, #899, .F. ) ;
#205 = ORIENTED_EDGE ( 'NONE', *, *, #955, .F. ) ;
#206 = ORIENTED_EDGE ( 'NONE', *, *, #2925, .T. ) ;
#207 = CARTESIAN_POINT ( 'NONE',  ( 18.05985200241929800, 8.799833879061310400, 7.200000000000000200 ) ) ;
#208 = VECTOR ( 'NONE', #738, 1000.000000000000000 ) ;
#209 = CARTESIAN_POINT ( 'NONE',  ( 15.38334410133418800, 6.927829999999906900, 7.200000000000000200 ) ) ;
#210 = DIRECTION ( 'NONE',  ( 0.0000000000000000000, 0.0000000000000000000, -1.000000000000000000 ) ) ;
#211 = FACE_OUTER_BOUND ( 'NONE', #2806, .T. ) ;
#212 = FILL_AREA_STYLE ('',( #240 ) ) ;
#213 = VECTOR ( 'NONE', #1962, 1000.000000000000000 ) ;
#214 = STYLED_ITEM ( 'NONE', ( #2207 ), #2619 ) ;
#215 = ADVANCED_FACE ( 'NONE', ( #475 ), #2888, .F. ) ;
#216 = COLOUR_RGB ( '',0.8980392156862745400, 0.9215686274509803400, 0.9294117647058823800 ) ;
#217 = CARTESIAN_POINT ( 'NONE',  ( 11.88029872655940800, 9.358273324269784900, 7.204999999999999200 ) ) ;
#218 = CARTESIAN_POINT ( 'NONE',  ( 17.90134621804373400, 8.244999742206992700, 7.204999999999999200 ) ) ;
#220 = SURFACE_STYLE_FILL_AREA ( #2162 ) ;
#219 = DIRECTION ( 'NONE',  ( -1.002616505299178800E-015, 1.000000000000000000, 0.0000000000000000000 ) ) ;
#221 = CARTESIAN_POINT ( 'NONE',  ( 0.0000000000000000000, 0.0000000000000000000, 7.200000000000000200 ) ) ;
#222 = EDGE_CURVE ( 'NONE', #1424, #2386, #2585, .T. ) ;
#223 = LINE ( 'NONE', #36, #2656 ) ;
#224 = VERTEX_POINT ( 'NONE', #2449 ) ;
#225 = STYLED_ITEM ( 'NONE', ( #960 ), #1167 ) ;
#226 = LINE ( 'NONE', #209, #402 ) ;
#227 = ADVANCED_FACE ( 'NONE', ( #2734 ), #1272, .F. ) ;
#228 = ORIENTED_EDGE ( 'NONE', *, *, #657, .F. ) ;
#229 = LINE ( 'NONE', #1566, #2370 ) ;
#230 =( GEOMETRIC_REPRESENTATION_CONTEXT ( 3 ) GLOBAL_UNCERTAINTY_ASSIGNED_CONTEXT ( ( #316 ) ) GLOBAL_UNIT_ASSIGNED_CONTEXT ( ( #2321, #178, #1376 ) ) REPRESENTATION_CONTEXT ( 'NONE', 'WORKASPACE' ) );
#231 = VERTEX_POINT ( 'NONE', #1051 ) ;
#232 = PLANE ( 'NONE',  #2131 ) ;
#233 = ORIENTED_EDGE ( 'NONE', *, *, #2280, .F. ) ;
#234 = VERTEX_POINT ( 'NONE', #1030 ) ;
#235 = CARTESIAN_POINT ( 'NONE',  ( 20.89907209255935100, 9.349993450466376600, 7.204999999999999200 ) ) ;
#236 = FILL_AREA_STYLE_COLOUR ( '', #2250 ) ;
#237 = VERTEX_POINT ( 'NONE', #2673 ) ;
#238 = VERTEX_POINT ( 'NONE', #2917 ) ;
#239 = EDGE_CURVE ( 'NONE', #61, #1394, #699, .T. ) ;
#240 = FILL_AREA_STYLE_COLOUR ( '', #2142 ) ;
#241 = ORIENTED_EDGE ( 'NONE', *, *, #2698, .T. ) ;
#242 = STYLED_ITEM ( 'NONE', ( #1929 ), #1293 ) ;
#243 = ADVANCED_FACE ( 'NONE', ( #2919 ), #83, .F. ) ;
#244 = CARTESIAN_POINT ( 'NONE',  ( 6.591461850002521500, 6.927829999999906900, 7.204999999999999200 ) ) ;
#245 = SURFACE_SIDE_STYLE ('',( #2312 ) ) ;
#246 = SURFACE_SIDE_STYLE ('',( #1379 ) ) ;
#247 = SURFACE_SIDE_STYLE ('',( #507 ) ) ;
#248 = VECTOR ( 'NONE', #1701, 1000.000000000000000 ) ;
#249 = PLANE ( 'NONE',  #358 ) ;
#250 = MECHANICAL_DESIGN_GEOMETRIC_PRESENTATION_REPRESENTATION (  '', ( #1339 ), #188 ) ;
#251 = DIRECTION ( 'NONE',  ( -1.000000000000000000, 0.0000000000000000000, 0.0000000000000000000 ) ) ;
#252 = LINE ( 'NONE', #1558, #1266 ) ;
#253 = CARTESIAN_POINT ( 'NONE',  ( 24.64999999999999900, 0.7500000000000006700, 3.600000000000000100 ) ) ;
#254 = DIRECTION ( 'NONE',  ( -0.0000000000000000000, -0.0000000000000000000, -1.000000000000000000 ) ) ;
#255 = PLANE ( 'NONE',  #2205 ) ;
#256 = ADVANCED_FACE ( 'NONE', ( #1387 ), #2650, .F. ) ;
#257 =( NAMED_UNIT ( * ) PLANE_ANGLE_UNIT ( ) SI_UNIT ( $, .RADIAN. ) );
#258 = MECHANICAL_DESIGN_GEOMETRIC_PRESENTATION_REPRESENTATION (  '', ( #2688 ), #2872 ) ;
#259 = PLANE ( 'NONE',  #1782 ) ;
#260 = VERTEX_POINT ( 'NONE', #2212 ) ;
#261 = CARTESIAN_POINT ( 'NONE',  ( 0.2071067811865475700, 16.10000000000000100, 6.992893218813451400 ) ) ;
#262 = SURFACE_STYLE_USAGE ( .BOTH. , #1228 ) ;
#263 = EDGE_LOOP ( 'NONE', ( #241, #1382, #1866, #2592 ) ) ;
#264 = DIRECTION ( 'NONE',  ( 0.0000000000000000000, -1.000000000000000000, 0.0000000000000000000 ) ) ;
#265 = ORIENTED_EDGE ( 'NONE', *, *, #753, .F. ) ;
#266 = SURFACE_SIDE_STYLE ('',( #220 ) ) ;
#267 = ORIENTED_EDGE ( 'NONE', *, *, #2070, .F. ) ;
#268 =( GEOMETRIC_REPRESENTATION_CONTEXT ( 3 ) GLOBAL_UNCERTAINTY_ASSIGNED_CONTEXT ( ( #503 ) ) GLOBAL_UNIT_ASSIGNED_CONTEXT ( ( #730, #936, #2594 ) ) REPRESENTATION_CONTEXT ( 'NONE', 'WORKASPACE' ) );
#269 = VERTEX_POINT ( 'NONE', #2036 ) ;
#270 = ORIENTED_EDGE ( 'NONE', *, *, #901, .F. ) ;
#271 = CARTESIAN_POINT ( 'NONE',  ( 6.591461850002521500, 6.927829999999906900, 7.200000000000000200 ) ) ;
#272 = VERTEX_POINT ( 'NONE', #1559 ) ;
#273 = ORIENTED_EDGE ( 'NONE', *, *, #2077, .F. ) ;
#274 = VECTOR ( 'NONE', #1079, 1000.000000000000000 ) ;
#275 = EDGE_CURVE ( 'NONE', #2897, #1287, #1903, .T. ) ;
#276 = FILL_AREA_STYLE_COLOUR ( '', #1778 ) ;
#277 =( NAMED_UNIT ( * ) SI_UNIT ( $, .STERADIAN. ) SOLID_ANGLE_UNIT ( ) );
#278 = LINE ( 'NONE', #2709, #2310 ) ;
#279 = MECHANICAL_DESIGN_GEOMETRIC_PRESENTATION_REPRESENTATION (  '', ( #641 ), #433 ) ;
#280 = FILL_AREA_STYLE ('',( #1225 ) ) ;
#281 = VECTOR ( 'NONE', #324, 999.9999999999998900 ) ;
#282 =( BOUNDED_CURVE ( )  B_SPLINE_CURVE ( 3, ( #2987, #415, #393, #2055 ),
 .UNSPECIFIED., .F., .F. ) 
 B_SPLINE_CURVE_WITH_KNOTS ( ( 4, 4 ),
 ( 4.712388980384689700, 6.283185307179586200 ),
 .UNSPECIFIED. ) 
 CURVE ( )  GEOMETRIC_REPRESENTATION_ITEM ( )  RATIONAL_B_SPLINE_CURVE ( ( 1.000000000000000000, 0.8047378541243649400, 0.8047378541243649400, 1.000000000000000000 ) ) 
 REPRESENTATION_ITEM ( '' )  );
#283 = CARTESIAN_POINT ( 'NONE',  ( 0.0000000000000000000, 15.60000000000000000, 0.5000000000000004400 ) ) ;
#284 = AXIS2_PLACEMENT_3D ( 'NONE', #842, #2059, #1591 ) ;
#285 = CARTESIAN_POINT ( 'NONE',  ( 0.8933332440000000300, 0.0000000000000000000, 6.306666755999995800 ) ) ;
#286 = LINE ( 'NONE', #1029, #535 ) ;
#287 = PRESENTATION_STYLE_ASSIGNMENT (( #963 ) ) ;
#288 = SURFACE_STYLE_FILL_AREA ( #3001 ) ;
#289 = EDGE_CURVE ( 'NONE', #747, #1987, #2810, .T. ) ;
#290 = ORIENTED_EDGE ( 'NONE', *, *, #2982, .T. ) ;
#291 = SURFACE_SIDE_STYLE ('',( #1557 ) ) ;
#292 = VECTOR ( 'NONE', #196, 1000.000000000000200 ) ;
#293 = ORIENTED_EDGE ( 'NONE', *, *, #2447, .F. ) ;
#294 = LINE ( 'NONE', #109, #2550 ) ;
#295 = VECTOR ( 'NONE', #2029, 1000.000000000000000 ) ;
#296 = VERTEX_POINT ( 'NONE', #2691 ) ;
#297 = UNCERTAINTY_MEASURE_WITH_UNIT (LENGTH_MEASURE( 1.000000000000000100E-005 ), #2463, 'distance_accuracy_value', 'NONE');
#298 = ORIENTED_EDGE ( 'NONE', *, *, #1657, .F. ) ;
#299 = AXIS2_PLACEMENT_3D ( 'NONE', #3008, #642, #1369 ) ;
#300 = VERTEX_POINT ( 'NONE', #2939 ) ;
#301 = CARTESIAN_POINT ( 'NONE',  ( 18.52587689811365800, 6.927829999999908700, 7.204999999999999200 ) ) ;
#302 = ORIENTED_EDGE ( 'NONE', *, *, #761, .F. ) ;
#303 = CARTESIAN_POINT ( 'NONE',  ( 19.22229468849963000, 9.350058697642236200, 7.200000000000000200 ) ) ;
#304 = ORIENTED_EDGE ( 'NONE', *, *, #1612, .F. ) ;
#305 = ORIENTED_EDGE ( 'NONE', *, *, #637, .F. ) ;
#306 = ORIENTED_EDGE ( 'NONE', *, *, #2982, .F. ) ;
#307 = CARTESIAN_POINT ( 'NONE',  ( 10.51263641270627100, 9.358273324269784900, 7.200000000000000200 ) ) ;
#308 = VECTOR ( 'NONE', #804, 1000.000000000000000 ) ;
#309 = CARTESIAN_POINT ( 'NONE',  ( 0.0000000000000000000, 0.0000000000000000000, 7.200000000000000200 ) ) ;
#310 = EDGE_CURVE ( 'NONE', #2591, #296, #1275, .T. ) ;
#311 = DIRECTION ( 'NONE',  ( -0.0000000000000000000, -0.0000000000000000000, -1.000000000000000000 ) ) ;
#312 = FACE_BOUND ( 'NONE', #1020, .T. ) ;
#313 = EDGE_CURVE ( 'NONE', #411, #300, #929, .T. ) ;
#314 = CARTESIAN_POINT ( 'NONE',  ( 10.35016935282230600, 8.799934280058121100, 7.204999999999999200 ) ) ;
#315 = LINE ( 'NONE', #2052, #951 ) ;
#316 = UNCERTAINTY_MEASURE_WITH_UNIT (LENGTH_MEASURE( 1.000000000000000100E-005 ), #2321, 'distance_accuracy_value', 'NONE');
#317 = LINE ( 'NONE', #1021, #2907 ) ;
#318 = DIRECTION ( 'NONE',  ( 0.9999999968487352000, -7.938847109813994200E-005, 0.0000000000000000000 ) ) ;
#319 =( NAMED_UNIT ( * ) SI_UNIT ( $, .STERADIAN. ) SOLID_ANGLE_UNIT ( ) );
#320 = EDGE_CURVE ( 'NONE', #2121, #1310, #294, .T. ) ;
#321 = LINE ( 'NONE', #1189, #2615 ) ;
#322 = FILL_AREA_STYLE_COLOUR ( '', #2190 ) ;
#323 = PRESENTATION_STYLE_ASSIGNMENT (( #2433 ) ) ;
#324 = DIRECTION ( 'NONE',  ( 0.8015735119582766400, 0.5978962325745785800, 6.948835849128774600E-018 ) ) ;
#325 =( NAMED_UNIT ( * ) SI_UNIT ( $, .STERADIAN. ) SOLID_ANGLE_UNIT ( ) );
#326 = EDGE_CURVE ( 'NONE', #2090, #1575, #1494, .T. ) ;
#327 = ORIENTED_EDGE ( 'NONE', *, *, #1932, .F. ) ;
#328 = CYLINDRICAL_SURFACE ( 'NONE', #2915, 0.4250000000000000400 ) ;
#329 = CARTESIAN_POINT ( 'NONE',  ( 26.30000000000000100, 16.10000000000000100, 6.699999999999999300 ) ) ;
#330 = VERTEX_POINT ( 'NONE', #1326 ) ;
#331 = VECTOR ( 'NONE', #964, 1000.000000000000100 ) ;
#332 = ORIENTED_EDGE ( 'NONE', *, *, #1891, .F. ) ;
#333 = ORIENTED_EDGE ( 'NONE', *, *, #2567, .F. ) ;
#334 = VERTEX_POINT ( 'NONE', #564 ) ;
#335 = DIRECTION ( 'NONE',  ( 0.2745159998572630500, 0.9615825319869153500, 0.0000000000000000000 ) ) ;
#336 = SURFACE_STYLE_USAGE ( .BOTH. , #1761 ) ;
#337 = ORIENTED_EDGE ( 'NONE', *, *, #2905, .T. ) ;
#338 = DIRECTION ( 'NONE',  ( -0.0000000000000000000, -0.0000000000000000000, 1.000000000000000000 ) ) ;
#339 = AXIS2_PLACEMENT_3D ( 'NONE', #1068, #1707, #2620 ) ;
#340 = SURFACE_SIDE_STYLE ('',( #1971 ) ) ;
#341 = ORIENTED_EDGE ( 'NONE', *, *, #657, .T. ) ;
#342 = ORIENTED_EDGE ( 'NONE', *, *, #2504, .F. ) ;
#343 = PLANE ( 'NONE',  #688 ) ;
#344 = CARTESIAN_POINT ( 'NONE',  ( 9.979269833414731400, 7.498929097572961700, 7.204999999999999200 ) ) ;
#345 = LINE ( 'NONE', #271, #308 ) ;
#346 = PRESENTATION_STYLE_ASSIGNMENT (( #336 ) ) ;
#347 = EDGE_CURVE ( 'NONE', #2376, #2675, #229, .T. ) ;
#348 = CARTESIAN_POINT ( 'NONE',  ( 2.150000000000000800, 0.7500000000000000000, 3.600000000000000100 ) ) ;
#349 = VECTOR ( 'NONE', #2664, 1000.000000000000000 ) ;
#350 = COLOUR_RGB ( '',0.4980392156862745200, 0.4980392156862745200, 0.4980392156862745200 ) ;
#351 = AXIS2_PLACEMENT_3D ( 'NONE', #2246, #1608, #1108 ) ;
#352 = FILL_AREA_STYLE_COLOUR ( '', #354 ) ;
#353 = CARTESIAN_POINT ( 'NONE',  ( 17.65131123836012600, 6.927829999999908700, 7.204999999999999200 ) ) ;
#354 = COLOUR_RGB ( '',0.7921568627450980000, 0.8196078431372548800, 0.9333333333333333500 ) ;
#355 = CARTESIAN_POINT ( 'NONE',  ( 16.61331101825768600, 8.244999742206992700, 7.204999999999999200 ) ) ;
#356 = FACE_OUTER_BOUND ( 'NONE', #1025, .T. ) ;
#357 = VECTOR ( 'NONE', #1694, 1000.000000000000000 ) ;
#358 = AXIS2_PLACEMENT_3D ( 'NONE', #2116, #219, #448 ) ;
#359 = DIRECTION ( 'NONE',  ( 0.2755520632520602200, 0.9612861490927312500, 0.0000000000000000000 ) ) ;
#360 = DIRECTION ( 'NONE',  ( -1.000000000000000000, 0.0000000000000000000, 0.0000000000000000000 ) ) ;
#361 = VECTOR ( 'NONE', #1153, 1000.000000000000000 ) ;
#362 = PRESENTATION_STYLE_ASSIGNMENT (( #1867 ) ) ;
#363 = VERTEX_POINT ( 'NONE', #329 ) ;
#364 = DIRECTION ( 'NONE',  ( 0.7059037656364501900, 0.7083077534943971200, 0.0000000000000000000 ) ) ;
#365 = VERTEX_POINT ( 'NONE', #2701 ) ;
#366 = VECTOR ( 'NONE', #2722, 1000.000000000000100 ) ;
#367 = VECTOR ( 'NONE', #384, 1000.000000000000200 ) ;
#368 = EDGE_CURVE ( 'NONE', #187, #2079, #1942, .T. ) ;
#369 = ORIENTED_EDGE ( 'NONE', *, *, #2791, .T. ) ;
#370 = DIRECTION ( 'NONE',  ( -1.000000000000000000, 0.0000000000000000000, 0.0000000000000000000 ) ) ;
#371 = VERTEX_POINT ( 'NONE', #1768 ) ;
#372 = CARTESIAN_POINT ( 'NONE',  ( 9.351959747037526000, 9.929655370087539600, 7.204999999999999200 ) ) ;
#373 = ORIENTED_EDGE ( 'NONE', *, *, #2746, .T. ) ;
#374 =( GEOMETRIC_REPRESENTATION_CONTEXT ( 3 ) GLOBAL_UNCERTAINTY_ASSIGNED_CONTEXT ( ( #171 ) ) GLOBAL_UNIT_ASSIGNED_CONTEXT ( ( #2388, #257, #71 ) ) REPRESENTATION_CONTEXT ( 'NONE', 'WORKASPACE' ) );
#375 = VERTEX_POINT ( 'NONE', #2008 ) ;
#376 = ORIENTED_EDGE ( 'NONE', *, *, #1336, .T. ) ;
#377 = ORIENTED_EDGE ( 'NONE', *, *, #326, .T. ) ;
#378 = EDGE_CURVE ( 'NONE', #1838, #2090, #1125, .T. ) ;
#379 = ORIENTED_EDGE ( 'NONE', *, *, #3020, .F. ) ;
#380 = AXIS2_PLACEMENT_3D ( 'NONE', #169, #1833, #923 ) ;
#381 = FILL_AREA_STYLE_COLOUR ( '', #216 ) ;
#382 = LINE ( 'NONE', #2676, #3011 ) ;
#383 = SURFACE_SIDE_STYLE ('',( #2004 ) ) ;
#384 = DIRECTION ( 'NONE',  ( 0.2759782365590697800, 0.9611638845408966300, 0.0000000000000000000 ) ) ;
#385 = LINE ( 'NONE', #1227, #349 ) ;
#386 =( NAMED_UNIT ( * ) PLANE_ANGLE_UNIT ( ) SI_UNIT ( $, .RADIAN. ) );
#387 = EDGE_CURVE ( 'NONE', #234, #2602, #2010, .T. ) ;
#388 =( NAMED_UNIT ( * ) SI_UNIT ( $, .STERADIAN. ) SOLID_ANGLE_UNIT ( ) );
#389 = ADVANCED_FACE ( 'NONE', ( #123 ), #1797, .F. ) ;
#390 = LINE ( 'NONE', #108, #2279 ) ;
#391 =( GEOMETRIC_REPRESENTATION_CONTEXT ( 3 ) GLOBAL_UNCERTAINTY_ASSIGNED_CONTEXT ( ( #2740 ) ) GLOBAL_UNIT_ASSIGNED_CONTEXT ( ( #1775, #1742, #2904 ) ) REPRESENTATION_CONTEXT ( 'NONE', 'WORKASPACE' ) );
#392 = FILL_AREA_STYLE_COLOUR ( '', #1439 ) ;
#393 = CARTESIAN_POINT ( 'NONE',  ( 26.80000000000000100, 15.89289321881345200, 5.421010862427522200E-016 ) ) ;
#394 = CARTESIAN_POINT ( 'NONE',  ( 4.394236000000001100, 0.5551279999999997300, 0.0000000000000000000 ) ) ;
#395 = PRESENTATION_LAYER_ASSIGNMENT (  '', '', ( #1440 ) ) ;
#396 = LINE ( 'NONE', #1280, #115 ) ;
#397 = FILL_AREA_STYLE_COLOUR ( '', #1526 ) ;
#398 = CARTESIAN_POINT ( 'NONE',  ( 9.351959747037526000, 9.929655370087539600, 7.204999999999999200 ) ) ;
#399 = DIRECTION ( 'NONE',  ( -0.0000000000000000000, -0.0000000000000000000, -1.000000000000000000 ) ) ;
#400 = DIRECTION ( 'NONE',  ( -1.000000000000000000, 0.0000000000000000000, 0.0000000000000000000 ) ) ;
#401 = VECTOR ( 'NONE', #1658, 1000.000000000000000 ) ;
#402 = VECTOR ( 'NONE', #446, 1000.000000000000000 ) ;
#403 = FACE_OUTER_BOUND ( 'NONE', #412, .T. ) ;
#404 = ORIENTED_EDGE ( 'NONE', *, *, #1995, .T. ) ;
#405 =( NAMED_UNIT ( * ) PLANE_ANGLE_UNIT ( ) SI_UNIT ( $, .RADIAN. ) );
#406 = ORIENTED_EDGE ( 'NONE', *, *, #1398, .T. ) ;
#407 = ORIENTED_EDGE ( 'NONE', *, *, #440, .T. ) ;
#408 =( LENGTH_UNIT ( ) NAMED_UNIT ( * ) SI_UNIT ( .MILLI., .METRE. ) );
#409 = VERTEX_POINT ( 'NONE', #1528 ) ;
#410 = STYLED_ITEM ( 'NONE', ( #9 ), #697 ) ;
#411 = VERTEX_POINT ( 'NONE', #809 ) ;
#412 = EDGE_LOOP ( 'NONE', ( #2452, #2418, #2633, #2864 ) ) ;
#413 = CARTESIAN_POINT ( 'NONE',  ( 13.50492685657716400, 7.785112756973051200, 7.204999999999999200 ) ) ;
#414 = EDGE_LOOP ( 'NONE', ( #2381, #2425, #784, #2967 ) ) ;
#415 = CARTESIAN_POINT ( 'NONE',  ( 26.59289321881345100, 16.10000000000000100, 0.2071067811865480700 ) ) ;
#416 = VERTEX_POINT ( 'NONE', #118 ) ;
#417 = DIRECTION ( 'NONE',  ( 0.0000000000000000000, 0.0000000000000000000, 1.000000000000000000 ) ) ;
#418 = VERTEX_POINT ( 'NONE', #1315 ) ;
#419 = EDGE_CURVE ( 'NONE', #1395, #231, #2662, .T. ) ;
#420 = EDGE_CURVE ( 'NONE', #2588, #2380, #2954, .T. ) ;
#421 = STYLED_ITEM ( 'NONE', ( #362 ), #3057 ) ;
#423 = FACE_OUTER_BOUND ( 'NONE', #2481, .T. ) ;
#422 = DIRECTION ( 'NONE',  ( -0.9620200793798827600, 0.2729786930694848000, 0.0000000000000000000 ) ) ;
#424 = DIRECTION ( 'NONE',  ( -0.0000000000000000000, -0.0000000000000000000, -1.000000000000000000 ) ) ;
#425 = DIRECTION ( 'NONE',  ( 1.000000000000000000, 0.0000000000000000000, 0.0000000000000000000 ) ) ;
#426 = PRESENTATION_STYLE_ASSIGNMENT (( #3003 ) ) ;
#427 = DIRECTION ( 'NONE',  ( -0.8015735119582766400, 0.5978962325745785800, -6.948835849128774600E-018 ) ) ;
#428 = COLOUR_RGB ( '',0.4980392156862745200, 0.4980392156862745200, 0.4980392156862745200 ) ;
#429 = EDGE_CURVE ( 'NONE', #1766, #3037, #1158, .T. ) ;
#430 = CARTESIAN_POINT ( 'NONE',  ( 7.058627666061942900, 8.557739705116342000, 7.204999999999999200 ) ) ;
#431 = VECTOR ( 'NONE', #732, 1000.000000000000200 ) ;
#432 = CARTESIAN_POINT ( 'NONE',  ( 16.77163425537493100, 8.799833879061310400, 7.204999999999999200 ) ) ;
#433 =( GEOMETRIC_REPRESENTATION_CONTEXT ( 3 ) GLOBAL_UNCERTAINTY_ASSIGNED_CONTEXT ( ( #1334 ) ) GLOBAL_UNIT_ASSIGNED_CONTEXT ( ( #1712, #2868, #2172 ) ) REPRESENTATION_CONTEXT ( 'NONE', 'WORKASPACE' ) );
#434 = CARTESIAN_POINT ( 'NONE',  ( 1.442892915397364600E-016, 15.89289321881345200, 5.779701605339383100E-016 ) ) ;
#435 = CARTESIAN_POINT ( 'NONE',  ( 9.824935253907714400, 9.929655370087539600, 7.200000000000000200 ) ) ;
#436 = DIRECTION ( 'NONE',  ( 0.0000000000000000000, 0.0000000000000000000, -1.000000000000000000 ) ) ;
#437 = ADVANCED_FACE ( 'NONE', ( #1455 ), #1083, .F. ) ;
#438 = FACE_OUTER_BOUND ( 'NONE', #1544, .T. ) ;
#439 = CARTESIAN_POINT ( 'NONE',  ( 18.47520178162222500, 9.929655370087539600, 7.200000000000000200 ) ) ;
#440 = EDGE_CURVE ( 'NONE', #2965, #2196, #1489, .T. ) ;
#441 = PRESENTATION_LAYER_ASSIGNMENT (  '', '', ( #1510 ) ) ;
#442 = DIRECTION ( 'NONE',  ( 0.0000000000000000000, -1.000000000000000000, 0.0000000000000000000 ) ) ;
#443 = ORIENTED_EDGE ( 'NONE', *, *, #1294, .F. ) ;
#444 = LINE ( 'NONE', #2961, #2886 ) ;
#445 = PLANE ( 'NONE',  #941 ) ;
#446 = DIRECTION ( 'NONE',  ( 1.000000000000000000, 5.694109626320596000E-016, 0.0000000000000000000 ) ) ;
#447 = VERTEX_POINT ( 'NONE', #1588 ) ;
#448 = DIRECTION ( 'NONE',  ( -1.000000000000000000, -1.002616505299178800E-015, 0.0000000000000000000 ) ) ;
#449 = VERTEX_POINT ( 'NONE', #1097 ) ;
#450 = EDGE_CURVE ( 'NONE', #2072, #1217, #1713, .T. ) ;
#451 = ORIENTED_EDGE ( 'NONE', *, *, #1592, .T. ) ;
#452 = ORIENTED_EDGE ( 'NONE', *, *, #1243, .F. ) ;
#453 = EDGE_LOOP ( 'NONE', ( #1385, #290 ) ) ;
#454 = ADVANCED_FACE ( 'NONE', ( #2409 ), #2761, .F. ) ;
#455 = CARTESIAN_POINT ( 'NONE',  ( 3.650000000000001200, 2.234980408443919700E-016, 0.8933332440000003600 ) ) ;
#456 = ORIENTED_EDGE ( 'NONE', *, *, #378, .F. ) ;
#457 = DIRECTION ( 'NONE',  ( 0.9610664548999008300, -0.2763173343569616000, 0.0000000000000000000 ) ) ;
#458 = ORIENTED_EDGE ( 'NONE', *, *, #3045, .T. ) ;
#459 = CARTESIAN_POINT ( 'NONE',  ( 14.56854981385287200, 9.929655370087539600, 7.204999999999999200 ) ) ;
#460 = CARTESIAN_POINT ( 'NONE',  ( 7.455275478652722200, 9.929655370087539600, 7.204999999999999200 ) ) ;
#461 = LINE ( 'NONE', #471, #2092 ) ;
#462 = VECTOR ( 'NONE', #1709, 1000.000000000000000 ) ;
#463 = VECTOR ( 'NONE', #2094, 1000.000000000000000 ) ;
#464 = CARTESIAN_POINT ( 'NONE',  ( 0.8933332440000000300, 0.7500000000000000000, 0.8933332440000003600 ) ) ;
#465 = VECTOR ( 'NONE', #832, 1000.000000000000000 ) ;
#466 = ADVANCED_FACE ( 'NONE', ( #812 ), #2541, .F. ) ;
#467 = CARTESIAN_POINT ( 'NONE',  ( 12.96235672504577800, 9.600276224591722100, 7.200000000000000200 ) ) ;
#468 = EDGE_CURVE ( 'NONE', #2262, #2454, #1674, .T. ) ;
#469 = SURFACE_STYLE_FILL_AREA ( #2516 ) ;
#470 = EDGE_CURVE ( 'NONE', #2380, #933, #2293, .T. ) ;
#471 = CARTESIAN_POINT ( 'NONE',  ( 7.950617461619126300, 8.557739705116359700, 7.204999999999999200 ) ) ;
#472 = LINE ( 'NONE', #218, #1785 ) ;
#473 = ORIENTED_EDGE ( 'NONE', *, *, #2356, .F. ) ;
#474 = CARTESIAN_POINT ( 'NONE',  ( 15.88513000492852000, 9.929655370087539600, 7.204999999999999200 ) ) ;
#475 = FACE_OUTER_BOUND ( 'NONE', #263, .T. ) ;
#476 = AXIS2_PLACEMENT_3D ( 'NONE', #1085, #841, #2492 ) ;
#477 = EDGE_LOOP ( 'NONE', ( #1607, #2773, #20, #206 ) ) ;
#478 = EDGE_LOOP ( 'NONE', ( #2080, #1215, #628, #1463, #2125, #1748, #1138, #2415 ) ) ;
#479 = ADVANCED_FACE ( 'NONE', ( #2771 ), #652, .F. ) ;
#480 = CARTESIAN_POINT ( 'NONE',  ( 14.25927284894691400, 6.927829999999906900, 7.200000000000000200 ) ) ;
#481 = ORIENTED_EDGE ( 'NONE', *, *, #1600, .F. ) ;
#482 = ORIENTED_EDGE ( 'NONE', *, *, #658, .T. ) ;
#483 = DIRECTION ( 'NONE',  ( 0.2763173343569616000, 0.9610664548999008300, 0.0000000000000000000 ) ) ;
#484 = DIRECTION ( 'NONE',  ( 0.0000000000000000000, 0.0000000000000000000, 1.000000000000000000 ) ) ;
#485 = ORIENTED_EDGE ( 'NONE', *, *, #2332, .F. ) ;
#486 = EDGE_LOOP ( 'NONE', ( #2559, #333, #1026, #2109 ) ) ;
#487 = EDGE_CURVE ( 'NONE', #1832, #1571, #2073, .T. ) ;
#488 = ORIENTED_EDGE ( 'NONE', *, *, #761, .T. ) ;
#489 = VERTEX_POINT ( 'NONE', #1381 ) ;
#490 = PRESENTATION_LAYER_ASSIGNMENT (  '', '', ( #641 ) ) ;
#491 = LINE ( 'NONE', #2708, #674 ) ;
#492 = DIRECTION ( 'NONE',  ( 0.0000000000000000000, -0.0000000000000000000, 1.000000000000000000 ) ) ;
#493 = ADVANCED_FACE ( 'NONE', ( #2804 ), #1010, .T. ) ;
#494 = AXIS2_PLACEMENT_3D ( 'NONE', #2548, #442, #2797 ) ;
#495 = CARTESIAN_POINT ( 'NONE',  ( 5.737880000000000500, 6.927830000000001000, 7.204999999999999200 ) ) ;
#496 = FACE_OUTER_BOUND ( 'NONE', #708, .T. ) ;
#497 = PRESENTATION_STYLE_ASSIGNMENT (( #594 ) ) ;
#498 = ORIENTED_EDGE ( 'NONE', *, *, #1629, .T. ) ;
#499 = SURFACE_STYLE_USAGE ( .BOTH. , #992 ) ;
#500 = DIRECTION ( 'NONE',  ( 0.8015735119582766400, -0.5978962325745785800, -0.0000000000000000000 ) ) ;
#501 = LINE ( 'NONE', #1454, #357 ) ;
#502 = EDGE_CURVE ( 'NONE', #1908, #711, #1532, .T. ) ;
#503 = UNCERTAINTY_MEASURE_WITH_UNIT (LENGTH_MEASURE( 1.000000000000000100E-005 ), #730, 'distance_accuracy_value', 'NONE');
#504 = CARTESIAN_POINT ( 'NONE',  ( 12.19501932481243500, 6.927829999999906900, 7.200000000000000200 ) ) ;
#505 = CARTESIAN_POINT ( 'NONE',  ( 8.961130752620432500, 6.927829999999906000, 7.200000000000000200 ) ) ;
#506 = AXIS2_PLACEMENT_3D ( 'NONE', #1878, #1163, #2373 ) ;
#507 = SURFACE_STYLE_FILL_AREA ( #2339 ) ;
#508 = DIRECTION ( 'NONE',  ( 0.2762517575166416600, 0.9610853065513833600, 0.0000000000000000000 ) ) ;
#509 = VECTOR ( 'NONE', #425, 1000.000000000000000 ) ;
#510 = DIRECTION ( 'NONE',  ( -1.000000000000000000, 1.104435275910379600E-013, 0.0000000000000000000 ) ) ;
#511 = DIRECTION ( 'NONE',  ( 0.0000000000000000000, 1.000000000000000000, 0.0000000000000000000 ) ) ;
#512 = EDGE_LOOP ( 'NONE', ( #54, #2221, #24, #158 ) ) ;
#513 = VECTOR ( 'NONE', #2247, 1000.000000000000000 ) ;
#514 = DIRECTION ( 'NONE',  ( -1.000000000000000000, 0.0000000000000000000, 0.0000000000000000000 ) ) ;
#515 = CARTESIAN_POINT ( 'NONE',  ( 13.62036847658837700, 9.929655370087539600, 7.204999999999999200 ) ) ;
#516 = ORIENTED_EDGE ( 'NONE', *, *, #1732, .T. ) ;
#517 = ORIENTED_EDGE ( 'NONE', *, *, #1437, .T. ) ;
#518 = ORIENTED_EDGE ( 'NONE', *, *, #1283, .T. ) ;
#519 = ORIENTED_EDGE ( 'NONE', *, *, #1233, .F. ) ;
#520 = ORIENTED_EDGE ( 'NONE', *, *, #734, .F. ) ;
#521 = CARTESIAN_POINT ( 'NONE',  ( 4.394236000000001100, 0.5551279999999997300, 6.306666755999997600 ) ) ;
#522 = ORIENTED_EDGE ( 'NONE', *, *, #1765, .T. ) ;
#523 = EDGE_CURVE ( 'NONE', #2885, #260, #582, .T. ) ;
#524 = DIRECTION ( 'NONE',  ( 0.9999960426590096500, -0.002813301676021314700, 0.0000000000000000000 ) ) ;
#525 = LINE ( 'NONE', #1874, #2826 ) ;
#526 = MECHANICAL_DESIGN_GEOMETRIC_PRESENTATION_REPRESENTATION (  '', ( #2219 ), #2123 ) ;
#527 = LINE ( 'NONE', #679, #138 ) ;
#528 = FACE_OUTER_BOUND ( 'NONE', #1248, .T. ) ;
#529 = CARTESIAN_POINT ( 'NONE',  ( 15.03040723215170300, 9.613145806295236200, 7.204999999999999200 ) ) ;
#530 = LINE ( 'NONE', #2315, #2981 ) ;
#531 = EDGE_CURVE ( 'NONE', #2121, #2507, #1858, .T. ) ;
#532 = PRESENTATION_LAYER_ASSIGNMENT (  '', '', ( #2281 ) ) ;
#533 = DIRECTION ( 'NONE',  ( -0.2763173343569616000, -0.9610664548999008300, 0.0000000000000000000 ) ) ;
#534 = DIRECTION ( 'NONE',  ( 0.9280290862137038400, 0.3725077383643967700, -0.0000000000000000000 ) ) ;
#535 = VECTOR ( 'NONE', #311, 1000.000000000000000 ) ;
#536 = LINE ( 'NONE', #896, #2799 ) ;
#537 = CARTESIAN_POINT ( 'NONE',  ( 26.30000000000000100, 16.10000000000000100, 7.200000000000000200 ) ) ;
#538 = EDGE_CURVE ( 'NONE', #1838, #1902, #1633, .T. ) ;
#539 = ORIENTED_EDGE ( 'NONE', *, *, #470, .F. ) ;
#540 = CARTESIAN_POINT ( 'NONE',  ( 15.03040723215170300, 9.613145806295236200, 7.204999999999999200 ) ) ;
#541 = CYLINDRICAL_SURFACE ( 'NONE', #3006, 0.5000000000000000000 ) ;
#542 = STYLED_ITEM ( 'NONE', ( #323 ), #792 ) ;
#543 = ORIENTED_EDGE ( 'NONE', *, *, #1256, .T. ) ;
#544 = VECTOR ( 'NONE', #2845, 1000.000000000000200 ) ;
#545 = VECTOR ( 'NONE', #2354, 1000.000000000000100 ) ;
#546 = EDGE_LOOP ( 'NONE', ( #980, #1682, #973, #204 ) ) ;
#547 = ORIENTED_EDGE ( 'NONE', *, *, #80, .T. ) ;
#548 = DIRECTION ( 'NONE',  ( 0.0000000000000000000, 0.0000000000000000000, 1.000000000000000000 ) ) ;
#549 = DIRECTION ( 'NONE',  ( -0.0000000000000000000, 1.000000000000000000, -0.0000000000000000000 ) ) ;
#550 = ORIENTED_EDGE ( 'NONE', *, *, #658, .F. ) ;
#551 = AXIS2_PLACEMENT_3D ( 'NONE', #1325, #2956, #1337 ) ;
#552 = ORIENTED_EDGE ( 'NONE', *, *, #826, .F. ) ;
#553 = CARTESIAN_POINT ( 'NONE',  ( 0.5000000000000000000, 16.10000000000000100, 0.5000000000000004400 ) ) ;
#554 = ORIENTED_EDGE ( 'NONE', *, *, #531, .T. ) ;
#555 = DIRECTION ( 'NONE',  ( 0.0000000000000000000, 0.0000000000000000000, 1.000000000000000000 ) ) ;
#556 = ORIENTED_EDGE ( 'NONE', *, *, #1140, .T. ) ;
#557 = EDGE_LOOP ( 'NONE', ( #543, #2297, #650, #2269 ) ) ;
#558 = ORIENTED_EDGE ( 'NONE', *, *, #1951, .F. ) ;
#559 = DIRECTION ( 'NONE',  ( 0.0000000000000000000, 0.0000000000000000000, -1.000000000000000000 ) ) ;
#560 = SURFACE_STYLE_FILL_AREA ( #280 ) ;
#561 = SURFACE_STYLE_USAGE ( .BOTH. , #340 ) ;
#562 = STYLED_ITEM ( 'NONE', ( #661 ), #227 ) ;
#563 = FACE_BOUND ( 'NONE', #1212, .T. ) ;
#564 = CARTESIAN_POINT ( 'NONE',  ( 15.03040723215170300, 9.613145806295236200, 7.200000000000000200 ) ) ;
#565 = FACE_OUTER_BOUND ( 'NONE', #2924, .T. ) ;
#566 = ADVANCED_FACE ( 'NONE', ( #969 ), #1348, .F. ) ;
#567 = DIRECTION ( 'NONE',  ( 0.9610853065513834700, -0.2762517575166417200, 0.0000000000000000000 ) ) ;
#568 = PRESENTATION_STYLE_ASSIGNMENT (( #1992 ) ) ;
#569 = FILL_AREA_STYLE ('',( #2934 ) ) ;
#570 = EDGE_CURVE ( 'NONE', #968, #2932, #2660, .T. ) ;
#571 = PRODUCT_DEFINITION ( 'UNKNOWN', '', #676, #2034 ) ;
#572 = FACE_OUTER_BOUND ( 'NONE', #512, .T. ) ;
#573 = PLANE ( 'NONE',  #2278 ) ;
#574 = CARTESIAN_POINT ( 'NONE',  ( 17.81339494899777200, 7.499038625920482200, 7.200000000000000200 ) ) ;
#575 = FILL_AREA_STYLE ('',( #2704 ) ) ;
#576 = FACE_OUTER_BOUND ( 'NONE', #478, .T. ) ;
#577 = PLANE ( 'NONE',  #2558 ) ;
#578 = EDGE_LOOP ( 'NONE', ( #902, #895, #1493, #458 ) ) ;
#579 = CARTESIAN_POINT ( 'NONE',  ( 18.30970443484510200, 9.354302921397765800, 7.204999999999999200 ) ) ;
#580 = EDGE_CURVE ( 'NONE', #1255, #1164, #1237, .T. ) ;
#581 = FILL_AREA_STYLE_COLOUR ( '', #1011 ) ;
#582 = LINE ( 'NONE', #2511, #885 ) ;
#583 = LINE ( 'NONE', #1330, #2881 ) ;
#584 =( NAMED_UNIT ( * ) SI_UNIT ( $, .STERADIAN. ) SOLID_ANGLE_UNIT ( ) );
#585 = VERTEX_POINT ( 'NONE', #1624 ) ;
#586 = LINE ( 'NONE', #303, #1715 ) ;
#587 = STYLED_ITEM ( 'NONE', ( #1741 ), #922 ) ;
#588 = ORIENTED_EDGE ( 'NONE', *, *, #1659, .T. ) ;
#589 = ORIENTED_EDGE ( 'NONE', *, *, #1294, .T. ) ;
#590 = CARTESIAN_POINT ( 'NONE',  ( 14.56854981385287200, 9.929655370087539600, 7.200000000000000200 ) ) ;
#591 = EDGE_CURVE ( 'NONE', #1024, #2821, #1048, .T. ) ;
#592 = ORIENTED_EDGE ( 'NONE', *, *, #313, .F. ) ;
#593 = EDGE_LOOP ( 'NONE', ( #2225, #2342, #2583, #2017 ) ) ;
#594 = SURFACE_STYLE_USAGE ( .BOTH. , #2266 ) ;
#595 = DIRECTION ( 'NONE',  ( 0.0000000000000000000, 0.0000000000000000000, 1.000000000000000000 ) ) ;
#596 = CARTESIAN_POINT ( 'NONE',  ( 5.737880000000000500, 6.927830000000001000, 7.200000000000000200 ) ) ;
#597 = ORIENTED_EDGE ( 'NONE', *, *, #1811, .T. ) ;
#598 = LINE ( 'NONE', #1996, #3050 ) ;
#599 = EDGE_CURVE ( 'NONE', #622, #269, #2107, .T. ) ;
#600 = CARTESIAN_POINT ( 'NONE',  ( 15.02208307717376300, 6.927829999999906900, 7.200000000000000200 ) ) ;
#601 = FACE_OUTER_BOUND ( 'NONE', #2041, .T. ) ;
#602 = SURFACE_SIDE_STYLE ('',( #874 ) ) ;
#603 = LINE ( 'NONE', #2523, #1885 ) ;
#604 = DIRECTION ( 'NONE',  ( 0.2740217765954066100, 0.9617234872620595800, 0.0000000000000000000 ) ) ;
#605 = CARTESIAN_POINT ( 'NONE',  ( 18.30970443484510200, 9.354302921397765800, 7.204999999999999200 ) ) ;
#606 = SURFACE_STYLE_FILL_AREA ( #167 ) ;
#607 =( BOUNDED_CURVE ( )  B_SPLINE_CURVE ( 3, ( #1360, #2552, #434, #2063 ),
 .UNSPECIFIED., .F., .F. ) 
 B_SPLINE_CURVE_WITH_KNOTS ( ( 4, 4 ),
 ( 1.570796326794896800, 3.141592653589793100 ),
 .UNSPECIFIED. ) 
 CURVE ( )  GEOMETRIC_REPRESENTATION_ITEM ( )  RATIONAL_B_SPLINE_CURVE ( ( 1.000000000000000000, 0.8047378541243650500, 0.8047378541243650500, 1.000000000000000000 ) ) 
 REPRESENTATION_ITEM ( '' )  );
#608 = SURFACE_STYLE_USAGE ( .BOTH. , #602 ) ;
#609 = VECTOR ( 'NONE', #338, 1000.000000000000000 ) ;
#610 =( NAMED_UNIT ( * ) SI_UNIT ( $, .STERADIAN. ) SOLID_ANGLE_UNIT ( ) );
#611 = ADVANCED_FACE ( 'NONE', ( #654 ), #2114, .F. ) ;
#612 = VECTOR ( 'NONE', #2574, 1000.000000000000000 ) ;
#613 = CARTESIAN_POINT ( 'NONE',  ( 8.626224864559842900, 6.927829999999908700, 7.204999999999999200 ) ) ;
#614 = DIRECTION ( 'NONE',  ( -0.0000000000000000000, -0.0000000000000000000, -1.000000000000000000 ) ) ;
#615 = ORIENTED_EDGE ( 'NONE', *, *, #1140, .F. ) ;
#616 = LINE ( 'NONE', #1009, #1791 ) ;
#617 = LINE ( 'NONE', #1879, #545 ) ;
#618 = EDGE_CURVE ( 'NONE', #2379, #1972, #226, .T. ) ;
#619 = ORIENTED_EDGE ( 'NONE', *, *, #1028, .F. ) ;
#620 = ORIENTED_EDGE ( 'NONE', *, *, #70, .T. ) ;
#621 = DIRECTION ( 'NONE',  ( -0.9611638845408967400, 0.2759782365590698300, 0.0000000000000000000 ) ) ;
#622 = VERTEX_POINT ( 'NONE', #1434 ) ;
#623 = DIRECTION ( 'NONE',  ( 1.000000000000000000, 0.0000000000000000000, 1.387039016726486000E-016 ) ) ;
#624 = MECHANICAL_DESIGN_GEOMETRIC_PRESENTATION_REPRESENTATION (  '', ( #2439 ), #849 ) ;
#625 = ORIENTED_EDGE ( 'NONE', *, *, #2587, .T. ) ;
#626 = CARTESIAN_POINT ( 'NONE',  ( 8.490201022725440100, 10.93479069361932500, 0.8933332440000004700 ) ) ;
#627 = VERTEX_POINT ( 'NONE', #1664 ) ;
#628 = ORIENTED_EDGE ( 'NONE', *, *, #996, .T. ) ;
#629 = EDGE_CURVE ( 'NONE', #2079, #375, #2038, .T. ) ;
#630 = UNCERTAINTY_MEASURE_WITH_UNIT (LENGTH_MEASURE( 1.000000000000000100E-005 ), #1922, 'distance_accuracy_value', 'NONE');
#631 = EDGE_CURVE ( 'NONE', #1241, #363, #2102, .T. ) ;
#632 = ORIENTED_EDGE ( 'NONE', *, *, #2648, .T. ) ;
#633 = CARTESIAN_POINT ( 'NONE',  ( 9.351959747037526000, 9.929655370087539600, 7.200000000000000200 ) ) ;
#634 = CARTESIAN_POINT ( 'NONE',  ( 25.90666675600000000, 0.7500000000000000000, 6.306666755999999400 ) ) ;
#635 = COLOUR_RGB ( '',0.4980392156862745200, 0.4980392156862745200, 0.4980392156862745200 ) ;
#636 = PLANE ( 'NONE',  #2298 ) ;
#637 = EDGE_CURVE ( 'NONE', #627, #57, #1312, .T. ) ;
#638 = CARTESIAN_POINT ( 'NONE',  ( 0.0000000000000000000, 0.0000000000000000000, 7.200000000000000200 ) ) ;
#639 = FACE_OUTER_BOUND ( 'NONE', #95, .T. ) ;
#640 = SURFACE_STYLE_FILL_AREA ( #858 ) ;
#641 = STYLED_ITEM ( 'NONE', ( #287 ), #1198 ) ;
#642 = DIRECTION ( 'NONE',  ( -0.9615454294334481200, 0.2746459304916892800, 0.0000000000000000000 ) ) ;
#644 = CIRCLE ( 'NONE', #748, 0.4250000000000000400 ) ;
#643 = CARTESIAN_POINT ( 'NONE',  ( 6.591461850002521500, 6.927829999999906900, 7.204999999999999200 ) ) ;
#645 = SURFACE_STYLE_FILL_AREA ( #212 ) ;
#646 = ADVANCED_FACE ( 'NONE', ( #2218 ), #3052, .F. ) ;
#647 = SURFACE_STYLE_USAGE ( .BOTH. , #1386 ) ;
#648 = LINE ( 'NONE', #1516, #2320 ) ;
#649 = DIRECTION ( 'NONE',  ( -0.0000000000000000000, -0.0000000000000000000, -1.000000000000000000 ) ) ;
#650 = ORIENTED_EDGE ( 'NONE', *, *, #531, .F. ) ;
#651 = CARTESIAN_POINT ( 'NONE',  ( 24.56177044895147400, -1.053044069066174600, 6.306666755999999400 ) ) ;
#652 = PLANE ( 'NONE',  #1794 ) ;
#653 = FACE_OUTER_BOUND ( 'NONE', #1676, .T. ) ;
#654 = FACE_OUTER_BOUND ( 'NONE', #927, .T. ) ;
#655 = VECTOR ( 'NONE', #2420, 1000.000000000000000 ) ;
#656 = PLANE ( 'NONE',  #1446 ) ;
#657 = EDGE_CURVE ( 'NONE', #2444, #2161, #472, .T. ) ;
#658 = EDGE_CURVE ( 'NONE', #1089, #1458, #3024, .T. ) ;
#659 = ORIENTED_EDGE ( 'NONE', *, *, #2863, .F. ) ;
#660 = DIRECTION ( 'NONE',  ( 0.2729786930694847500, 0.9620200793798827600, 0.0000000000000000000 ) ) ;
#661 = PRESENTATION_STYLE_ASSIGNMENT (( #801 ) ) ;
#662 = CARTESIAN_POINT ( 'NONE',  ( 15.38334410133418800, 6.927829999999906900, 7.204999999999999200 ) ) ;
#663 = EDGE_LOOP ( 'NONE', ( #233, #1055, #856, #293, #379, #890, #828, #159, #2962, #707, #1868 ) ) ;
#664 = AXIS2_PLACEMENT_3D ( 'NONE', #1393, #1644, #2095 ) ;
#665 = ADVANCED_FACE ( 'NONE', ( #1043 ), #2595, .F. ) ;
#666 = EDGE_LOOP ( 'NONE', ( #2460, #1501, #1870, #1470, #659, #199, #1876, #2046 ) ) ;
#667 = ORIENTED_EDGE ( 'NONE', *, *, #502, .T. ) ;
#668 = DIRECTION ( 'NONE',  ( 1.000000000000000000, 0.0000000000000000000, 0.0000000000000000000 ) ) ;
#669 = CARTESIAN_POINT ( 'NONE',  ( 3.650000000000001200, 2.234980408443919700E-016, 0.0000000000000000000 ) ) ;
#670 = VERTEX_POINT ( 'NONE', #2126 ) ;
#671 = DIRECTION ( 'NONE',  ( -0.0000000000000000000, -0.0000000000000000000, -1.000000000000000000 ) ) ;
#672 = ORIENTED_EDGE ( 'NONE', *, *, #2966, .T. ) ;
#673 = UNCERTAINTY_MEASURE_WITH_UNIT (LENGTH_MEASURE( 1.000000000000000100E-005 ), #2638, 'distance_accuracy_value', 'NONE');
#674 = VECTOR ( 'NONE', #559, 1000.000000000000000 ) ;
#675 = EDGE_CURVE ( 'NONE', #1217, #746, #1900, .T. ) ;
#676 = PRODUCT_DEFINITION_FORMATION_WITH_SPECIFIED_SOURCE ( 'ANY', '', #1513, .NOT_KNOWN. ) ;
#678 = VECTOR ( 'NONE', #668, 1000.000000000000000 ) ;
#677 = DIRECTION ( 'NONE',  ( 1.000000000000000000, 0.0000000000000000000, 0.0000000000000000000 ) ) ;
#679 = CARTESIAN_POINT ( 'NONE',  ( 0.0000000000000000000, 0.0000000000000000000, 0.0000000000000000000 ) ) ;
#680 =( NAMED_UNIT ( * ) SI_UNIT ( $, .STERADIAN. ) SOLID_ANGLE_UNIT ( ) );
#681 = CARTESIAN_POINT ( 'NONE',  ( 11.63858790185063300, 8.799934280058121100, 7.204999999999999200 ) ) ;
#682 = VECTOR ( 'NONE', #1483, 1000.000000000000000 ) ;
#683 = ADVANCED_FACE ( 'NONE', ( #2147 ), #255, .F. ) ;
#684 = DIRECTION ( 'NONE',  ( -0.0000000000000000000, -0.0000000000000000000, -1.000000000000000000 ) ) ;
#685 = EDGE_CURVE ( 'NONE', #1728, #1253, #729, .T. ) ;
#686 = PRESENTATION_STYLE_ASSIGNMENT (( #2887 ) ) ;
#687 = CARTESIAN_POINT ( 'NONE',  ( 16.93410131525536500, 9.358172923274562300, 7.200000000000000200 ) ) ;
#688 = AXIS2_PLACEMENT_3D ( 'NONE', #1063, #1305, #117 ) ;
#689 = FILL_AREA_STYLE_COLOUR ( '', #1146 ) ;
#690 = UNCERTAINTY_MEASURE_WITH_UNIT (LENGTH_MEASURE( 1.000000000000000100E-005 ), #822, 'distance_accuracy_value', 'NONE');
#691 = PLANE ( 'NONE',  #181 ) ;
#692 = ORIENTED_EDGE ( 'NONE', *, *, #1573, .F. ) ;
#693 = EDGE_CURVE ( 'NONE', #2933, #627, #2405, .T. ) ;
#694 = AXIS2_PLACEMENT_3D ( 'NONE', #253, #2851, #1884 ) ;
#695 = PRESENTATION_STYLE_ASSIGNMENT (( #751 ) ) ;
#696 = LINE ( 'NONE', #1137, #886 ) ;
#697 = ADVANCED_FACE ( 'NONE', ( #438 ), #541, .T. ) ;
#698 = ORIENTED_EDGE ( 'NONE', *, *, #2867, .T. ) ;
#699 = LINE ( 'NONE', #92, #2257 ) ;
#700 = VECTOR ( 'NONE', #671, 1000.000000000000000 ) ;
#701 = DIRECTION ( 'NONE',  ( -0.9612934544747577800, 0.2755265765475026200, 0.0000000000000000000 ) ) ;
#702 = ORIENTED_EDGE ( 'NONE', *, *, #2903, .F. ) ;
#703 = DIRECTION ( 'NONE',  ( -0.0000000000000000000, -0.0000000000000000000, -1.000000000000000000 ) ) ;
#704 = ORIENTED_EDGE ( 'NONE', *, *, #618, .F. ) ;
#705 = EDGE_CURVE ( 'NONE', #131, #2072, #1529, .T. ) ;
#706 = DIRECTION ( 'NONE',  ( 0.0000000000000000000, 0.0000000000000000000, -1.000000000000000000 ) ) ;
#707 = ORIENTED_EDGE ( 'NONE', *, *, #387, .F. ) ;
#708 = EDGE_LOOP ( 'NONE', ( #2858, #2819, #2918, #1357 ) ) ;
#709 = ORIENTED_EDGE ( 'NONE', *, *, #1952, .F. ) ;
#710 = DIRECTION ( 'NONE',  ( 1.000000000000000000, 4.783739767952858000E-016, 0.0000000000000000000 ) ) ;
#711 = VERTEX_POINT ( 'NONE', #29 ) ;
#712 =( NAMED_UNIT ( * ) PLANE_ANGLE_UNIT ( ) SI_UNIT ( $, .RADIAN. ) );
#713 =( LENGTH_UNIT ( ) NAMED_UNIT ( * ) SI_UNIT ( .MILLI., .METRE. ) );
#714 = ADVANCED_FACE ( 'NONE', ( #881 ), #760, .T. ) ;
#715 = LINE ( 'NONE', #2942, #166 ) ;
#716 = STYLED_ITEM ( 'NONE', ( #568 ), #1351 ) ;
#717 = DIRECTION ( 'NONE',  ( -1.000000000000000000, 0.0000000000000000000, 0.0000000000000000000 ) ) ;
#718 = VECTOR ( 'NONE', #1747, 1000.000000000000000 ) ;
#719 = CARTESIAN_POINT ( 'NONE',  ( 17.90134621804373400, 8.244999742206992700, 7.200000000000000200 ) ) ;
#720 = PRESENTATION_STYLE_ASSIGNMENT (( #2841 ) ) ;
#721 = CARTESIAN_POINT ( 'NONE',  ( 7.058627666061942900, 8.557739705116342000, 7.204999999999999200 ) ) ;
#722 =( NAMED_UNIT ( * ) PLANE_ANGLE_UNIT ( ) SI_UNIT ( $, .RADIAN. ) );
#723 = DIRECTION ( 'NONE',  ( -0.0000000000000000000, -0.0000000000000000000, -1.000000000000000000 ) ) ;
#724 = CARTESIAN_POINT ( 'NONE',  ( 16.24677438074236600, 9.929655370087539600, 7.204999999999999200 ) ) ;
#725 = LINE ( 'NONE', #439, #2178 ) ;
#726 = ADVANCED_FACE ( 'NONE', ( #2438 ), #2876, .F. ) ;
#727 = CARTESIAN_POINT ( 'NONE',  ( 6.591461850002521500, 6.927829999999906900, 7.204999999999999200 ) ) ;
#728 = DIRECTION ( 'NONE',  ( -0.2764273280489764600, -0.9610348236706636200, 0.0000000000000000000 ) ) ;
#729 = LINE ( 'NONE', #68, #1340 ) ;
#730 =( LENGTH_UNIT ( ) NAMED_UNIT ( * ) SI_UNIT ( .MILLI., .METRE. ) );
#731 = ORIENTED_EDGE ( 'NONE', *, *, #2356, .T. ) ;
#732 = DIRECTION ( 'NONE',  ( 0.2793947940814923700, 0.9601763114346033600, 0.0000000000000000000 ) ) ;
#733 = PRESENTATION_STYLE_ASSIGNMENT (( #859 ) ) ;
#734 = EDGE_CURVE ( 'NONE', #1538, #2994, #962, .T. ) ;
#735 = AXIS2_PLACEMENT_3D ( 'NONE', #2189, #264, #762 ) ;
#736 = ORIENTED_EDGE ( 'NONE', *, *, #1659, .F. ) ;
#737 = VECTOR ( 'NONE', #2495, 1000.000000000000100 ) ;
#738 = DIRECTION ( 'NONE',  ( 1.000000000000000000, 0.0000000000000000000, 0.0000000000000000000 ) ) ;
#739 = VERTEX_POINT ( 'NONE', #521 ) ;
#740 = ORIENTED_EDGE ( 'NONE', *, *, #2458, .T. ) ;
#741 = ORIENTED_EDGE ( 'NONE', *, *, #1190, .T. ) ;
#742 = EDGE_CURVE ( 'NONE', #1902, #1575, #1006, .T. ) ;
#743 = CARTESIAN_POINT ( 'NONE',  ( 26.80000000000000100, 0.0000000000000000000, 7.200000000000000200 ) ) ;
#744 = ORIENTED_EDGE ( 'NONE', *, *, #2883, .F. ) ;
#745 = CARTESIAN_POINT ( 'NONE',  ( 19.38098302013320100, 6.927829999999908700, 7.200000000000000200 ) ) ;
#746 = VERTEX_POINT ( 'NONE', #2394 ) ;
#747 = VERTEX_POINT ( 'NONE', #771 ) ;
#748 = AXIS2_PLACEMENT_3D ( 'NONE', #2610, #2422, #1244 ) ;
#750 = PRESENTATION_STYLE_ASSIGNMENT (( #499 ) ) ;
#749 = CARTESIAN_POINT ( 'NONE',  ( 24.64999999999999900, -27.00000000000000000, 3.600000000000000100 ) ) ;
#751 = SURFACE_STYLE_USAGE ( .BOTH. , #2614 ) ;
#752 = VECTOR ( 'NONE', #1685, 1000.000000000000200 ) ;
#753 = EDGE_CURVE ( 'NONE', #449, #2379, #223, .T. ) ;
#754 = CARTESIAN_POINT ( 'NONE',  ( 26.80000000000000100, 15.60000000000000000, 7.200000000000000200 ) ) ;
#755 = LINE ( 'NONE', #2168, #213 ) ;
#756 = DIRECTION ( 'NONE',  ( 0.4668459304955081000, 0.8843386665637680300, 0.0000000000000000000 ) ) ;
#757 = LINE ( 'NONE', #1587, #465 ) ;
#758 = LINE ( 'NONE', #2436, #2472 ) ;
#759 = SURFACE_STYLE_USAGE ( .BOTH. , #2186 ) ;
#760 = PLANE ( 'NONE',  #2337 ) ;
#761 = EDGE_CURVE ( 'NONE', #2775, #739, #1745, .T. ) ;
#762 = DIRECTION ( 'NONE',  ( 0.0000000000000000000, 0.0000000000000000000, -1.000000000000000000 ) ) ;
#763 = COLOUR_RGB ( '',0.4980392156862745200, 0.4980392156862745200, 0.4980392156862745200 ) ;
#764 = DIRECTION ( 'NONE',  ( -0.0000000000000000000, -0.0000000000000000000, -1.000000000000000000 ) ) ;
#765 = DIRECTION ( 'NONE',  ( 0.0000000000000000000, -1.000000000000000000, 0.0000000000000000000 ) ) ;
#766 = MECHANICAL_DESIGN_GEOMETRIC_PRESENTATION_REPRESENTATION (  '', ( #2630 ), #2214 ) ;
#767 = VECTOR ( 'NONE', #1264, 1000.000000000000000 ) ;
#768 = UNCERTAINTY_MEASURE_WITH_UNIT (LENGTH_MEASURE( 1.000000000000000100E-005 ), #2398, 'distance_accuracy_value', 'NONE');
#769 = SURFACE_STYLE_FILL_AREA ( #2573 ) ;
#770 = CARTESIAN_POINT ( 'NONE',  ( 0.0000000000000000000, 15.60000000000000000, 7.200000000000000200 ) ) ;
#771 = CARTESIAN_POINT ( 'NONE',  ( 6.600552705875580600, 9.929655370087539600, 7.204999999999999200 ) ) ;
#772 = AXIS2_PLACEMENT_3D ( 'NONE', #464, #2572, #1420 ) ;
#773 = ORIENTED_EDGE ( 'NONE', *, *, #2629, .T. ) ;
#774 = VECTOR ( 'NONE', #1695, 1000.000000000000000 ) ;
#775 = CARTESIAN_POINT ( 'NONE',  ( 16.24677438074236600, 9.929655370087539600, 7.204999999999999200 ) ) ;
#776 =( NAMED_UNIT ( * ) SI_UNIT ( $, .STERADIAN. ) SOLID_ANGLE_UNIT ( ) );
#777 = EDGE_LOOP ( 'NONE', ( #2996, #3031, #2188, #2562 ) ) ;
#778 = ORIENTED_EDGE ( 'NONE', *, *, #2538, .F. ) ;
#779 = ORIENTED_EDGE ( 'NONE', *, *, #2668, .F. ) ;
#780 = ORIENTED_EDGE ( 'NONE', *, *, #23, .F. ) ;
#781 = DIRECTION ( 'NONE',  ( 7.938847109813995600E-005, 0.9999999968487353100, -0.0000000000000000000 ) ) ;
#782 = ORIENTED_EDGE ( 'NONE', *, *, #2601, .T. ) ;
#783 = CARTESIAN_POINT ( 'NONE',  ( 0.0000000000000000000, 0.0000000000000000000, 0.0000000000000000000 ) ) ;
#784 = ORIENTED_EDGE ( 'NONE', *, *, #1732, .F. ) ;
#785 = ORIENTED_EDGE ( 'NONE', *, *, #1600, .T. ) ;
#786 = EDGE_CURVE ( 'NONE', #300, #2933, #184, .T. ) ;
#787 = CARTESIAN_POINT ( 'NONE',  ( 8.626224864559842900, 6.927829999999908700, 7.200000000000000200 ) ) ;
#788 = DIRECTION ( 'NONE',  ( -0.9601763114327595000, 0.2793947940878294700, 0.0000000000000000000 ) ) ;
#789 = EDGE_LOOP ( 'NONE', ( #1118, #780, #205, #817 ) ) ;
#790 = LINE ( 'NONE', #946, #1693 ) ;
#791 = PRESENTATION_LAYER_ASSIGNMENT (  '', '', ( #2439 ) ) ;
#792 = MANIFOLD_SOLID_BREP ( 'Body-Move/Copy1[3]', #193 ) ;
#793 = VECTOR ( 'NONE', #1505, 1000.000000000000000 ) ;
#794 = SURFACE_STYLE_FILL_AREA ( #575 ) ;
#795 = CARTESIAN_POINT ( 'NONE',  ( 12.04258323918537400, 9.929655370087539600, 7.200000000000000200 ) ) ;
#797 = FACE_OUTER_BOUND ( 'NONE', #1534, .T. ) ;
#796 = DIRECTION ( 'NONE',  ( 0.0000000000000000000, 1.000000000000000000, 0.0000000000000000000 ) ) ;
#798 = EDGE_CURVE ( 'NONE', #1418, #1610, #879, .T. ) ;
#799 = AXIS2_PLACEMENT_3D ( 'NONE', #1141, #2776, #2311 ) ;
#800 = DIRECTION ( 'NONE',  ( -1.203898050721187500E-016, 1.000000000000000000, 0.0000000000000000000 ) ) ;
#801 = SURFACE_STYLE_USAGE ( .BOTH. , #2215 ) ;
#802 = ORIENTED_EDGE ( 'NONE', *, *, #675, .T. ) ;
#803 = VECTOR ( 'NONE', #660, 1000.000000000000100 ) ;
#804 = DIRECTION ( 'NONE',  ( 1.000000000000000000, -1.104435275910379200E-013, 0.0000000000000000000 ) ) ;
#805 = DIRECTION ( 'NONE',  ( 0.0000000000000000000, 0.0000000000000000000, -1.000000000000000000 ) ) ;
#806 = FILL_AREA_STYLE_COLOUR ( '', #1933 ) ;
#807 = EDGE_CURVE ( 'NONE', #11, #272, #2766, .T. ) ;
#808 = CARTESIAN_POINT ( 'NONE',  ( 0.8933332440000000300, 0.7500000000000000000, 6.306666755999995800 ) ) ;
#809 = CARTESIAN_POINT ( 'NONE',  ( 11.88029872655940800, 9.358273324269784900, 7.204999999999999200 ) ) ;
#810 = MANIFOLD_SOLID_BREP ( 'Body-Move/Copy1[1]', #1502 ) ;
#811 = ORIENTED_EDGE ( 'NONE', *, *, #368, .T. ) ;
#812 = FACE_OUTER_BOUND ( 'NONE', #16, .T. ) ;
#813 = LINE ( 'NONE', #938, #1939 ) ;
#814 = ORIENTED_EDGE ( 'NONE', *, *, #637, .T. ) ;
#815 = LINE ( 'NONE', #2164, #2621 ) ;
#816 = CARTESIAN_POINT ( 'NONE',  ( 12.34199725223673700, 9.929655370087539600, 7.200000000000000200 ) ) ;
#817 = ORIENTED_EDGE ( 'NONE', *, *, #1743, .T. ) ;
#818 = DIRECTION ( 'NONE',  ( 0.0000000000000000000, 0.0000000000000000000, -1.000000000000000000 ) ) ;
#819 = ORIENTED_EDGE ( 'NONE', *, *, #1336, .F. ) ;
#820 = CARTESIAN_POINT ( 'NONE',  ( 10.51263641270627100, 9.358273324269784900, 7.204999999999999200 ) ) ;
#821 = ORIENTED_EDGE ( 'NONE', *, *, #2977, .T. ) ;
#822 =( LENGTH_UNIT ( ) NAMED_UNIT ( * ) SI_UNIT ( .MILLI., .METRE. ) );
#823 = ORIENTED_EDGE ( 'NONE', *, *, #685, .F. ) ;
#824 = ORIENTED_EDGE ( 'NONE', *, *, #1743, .F. ) ;
#825 = EDGE_CURVE ( 'NONE', #1453, #627, #2068, .T. ) ;
#826 = EDGE_CURVE ( 'NONE', #1912, #2165, #1041, .T. ) ;
#827 = CARTESIAN_POINT ( 'NONE',  ( 9.979269833414731400, 7.498929097572961700, 7.200000000000000200 ) ) ;
#828 = ORIENTED_EDGE ( 'NONE', *, *, #2139, .F. ) ;
#829 = COLOUR_RGB ( '',0.4980392156862745200, 0.4980392156862745200, 0.4980392156862745200 ) ;
#830 = UNCERTAINTY_MEASURE_WITH_UNIT (LENGTH_MEASURE( 1.000000000000000100E-005 ), #1618, 'distance_accuracy_value', 'NONE');
#831 = AXIS2_PLACEMENT_3D ( 'NONE', #1478, #765, #1023 ) ;
#832 = DIRECTION ( 'NONE',  ( -0.0000000000000000000, -0.0000000000000000000, 1.000000000000000000 ) ) ;
#833 = LINE ( 'NONE', #1417, #752 ) ;
#834 = DIRECTION ( 'NONE',  ( 0.3725077383643966600, -0.9280290862137037200, 0.0000000000000000000 ) ) ;
#835 = PLANE ( 'NONE',  #476 ) ;
#836 = PRESENTATION_STYLE_ASSIGNMENT (( #1130 ) ) ;
#837 = CARTESIAN_POINT ( 'NONE',  ( 10.19184611570141100, 8.244999742213012800, 7.204999999999999200 ) ) ;
#838 = LINE ( 'NONE', #1982, #179 ) ;
#839 = AXIS2_PLACEMENT_3D ( 'NONE', #2086, #1589, #2772 ) ;
#840 = CARTESIAN_POINT ( 'NONE',  ( 11.88029872655940800, 9.358273324269784900, 7.204999999999999200 ) ) ;
#841 = DIRECTION ( 'NONE',  ( 0.9611542233438684600, -0.2760118818968580500, 0.0000000000000000000 ) ) ;
#842 = CARTESIAN_POINT ( 'NONE',  ( 0.0000000000000000000, 16.10000000000000100, 7.200000000000000200 ) ) ;
#843 = VECTOR ( 'NONE', #907, 1000.000000000000000 ) ;
#844 =( LENGTH_UNIT ( ) NAMED_UNIT ( * ) SI_UNIT ( .MILLI., .METRE. ) );
#845 = DIRECTION ( 'NONE',  ( 0.05375259206908576700, 0.9985542843760946100, 0.0000000000000000000 ) ) ;
#846 = ORIENTED_EDGE ( 'NONE', *, *, #599, .T. ) ;
#847 = VECTOR ( 'NONE', #1784, 1000.000000000000000 ) ;
#848 = DIRECTION ( 'NONE',  ( 0.0000000000000000000, 0.0000000000000000000, 1.000000000000000000 ) ) ;
#849 =( GEOMETRIC_REPRESENTATION_CONTEXT ( 3 ) GLOBAL_UNCERTAINTY_ASSIGNED_CONTEXT ( ( #630 ) ) GLOBAL_UNIT_ASSIGNED_CONTEXT ( ( #1922, #2112, #971 ) ) REPRESENTATION_CONTEXT ( 'NONE', 'WORKASPACE' ) );
#850 = ORIENTED_EDGE ( 'NONE', *, *, #419, .F. ) ;
#851 = CARTESIAN_POINT ( 'NONE',  ( 18.30970443484510200, 9.354302921397765800, 7.204999999999999200 ) ) ;
#852 = ORIENTED_EDGE ( 'NONE', *, *, #1277, .T. ) ;
#853 = DIRECTION ( 'NONE',  ( -0.0000000000000000000, -0.0000000000000000000, -1.000000000000000000 ) ) ;
#854 = ORIENTED_EDGE ( 'NONE', *, *, #2201, .F. ) ;
#855 =( GEOMETRIC_REPRESENTATION_CONTEXT ( 3 ) GLOBAL_UNCERTAINTY_ASSIGNED_CONTEXT ( ( #1166 ) ) GLOBAL_UNIT_ASSIGNED_CONTEXT ( ( #67, #1462, #1235 ) ) REPRESENTATION_CONTEXT ( 'NONE', 'WORKASPACE' ) );
#856 = ORIENTED_EDGE ( 'NONE', *, *, #1648, .F. ) ;
#857 = CLOSED_SHELL ( 'NONE', ( #2619, #1198, #665, #974, #2220, #2807, #1615, #1893, #3044, #2575, #1218, #2531, #1351, #646, #1293, #227, #2363, #922, #3057, #1384, #1654, #714, #1880, #940, #1167, #493, #697, #2561 ) ) ;
#858 = FILL_AREA_STYLE ('',( #352 ) ) ;
#859 = SURFACE_STYLE_USAGE ( .BOTH. , #383 ) ;
#860 = CARTESIAN_POINT ( 'NONE',  ( 15.02208307717376300, 6.927829999999906900, 7.204999999999999200 ) ) ;
#861 = VERTEX_POINT ( 'NONE', #1045 ) ;
#862 = FILL_AREA_STYLE_COLOUR ( '', #2104 ) ;
#863 = EDGE_CURVE ( 'NONE', #2933, #1641, #396, .T. ) ;
#864 = PLANE ( 'NONE',  #1724 ) ;
#865 = UNCERTAINTY_MEASURE_WITH_UNIT (LENGTH_MEASURE( 1.000000000000000100E-005 ), #1781, 'distance_accuracy_value', 'NONE');
#866 = CARTESIAN_POINT ( 'NONE',  ( 20.07720000853358400, 9.350058697634773700, 7.204999999999999200 ) ) ;
#867 = LINE ( 'NONE', #2894, #682 ) ;
#868 = VECTOR ( 'NONE', #1786, 1000.000000000000000 ) ;
#869 = AXIS2_PLACEMENT_3D ( 'NONE', #1930, #1474, #59 ) ;
#870 = CARTESIAN_POINT ( 'NONE',  ( 11.48008211747157700, 8.244999742213012800, 7.204999999999999200 ) ) ;
#871 = VECTOR ( 'NONE', #2299, 1000.000000000000200 ) ;
#872 = ADVANCED_FACE ( 'NONE', ( #2912 ), #1269, .F. ) ;
#873 = CARTESIAN_POINT ( 'NONE',  ( 8.961130752620432500, 6.927829999999906000, 7.204999999999999200 ) ) ;
#874 = SURFACE_STYLE_FILL_AREA ( #1095 ) ;
#875 = DIRECTION ( 'NONE',  ( 0.0000000000000000000, 0.0000000000000000000, -1.000000000000000000 ) ) ;
#876 = CIRCLE ( 'NONE', #1617, 0.4250000000000000400 ) ;
#877 = DIRECTION ( 'NONE',  ( -0.6995643972269591800, 0.7145695586382625500, 0.0000000000000000000 ) ) ;
#878 = DIRECTION ( 'NONE',  ( -0.0000000000000000000, -0.0000000000000000000, -1.000000000000000000 ) ) ;
#879 = LINE ( 'NONE', #2923, #1631 ) ;
#880 = EDGE_CURVE ( 'NONE', #1801, #1241, #2801, .T. ) ;
#881 = FACE_OUTER_BOUND ( 'NONE', #578, .T. ) ;
#882 = DIRECTION ( 'NONE',  ( 0.0000000000000000000, -1.000000000000000000, -0.0000000000000000000 ) ) ;
#883 = CARTESIAN_POINT ( 'NONE',  ( 17.65131123836012600, 6.927829999999908700, 7.204999999999999200 ) ) ;
#884 = ORIENTED_EDGE ( 'NONE', *, *, #1517, .T. ) ;
#885 = VECTOR ( 'NONE', #1114, 1000.000000000000000 ) ;
#886 = VECTOR ( 'NONE', #3054, 1000.000000000000000 ) ;
#887 =( GEOMETRIC_REPRESENTATION_CONTEXT ( 3 ) GLOBAL_UNCERTAINTY_ASSIGNED_CONTEXT ( ( #768 ) ) GLOBAL_UNIT_ASSIGNED_CONTEXT ( ( #2398, #2408, #277 ) ) REPRESENTATION_CONTEXT ( 'NONE', 'WORKASPACE' ) );
#888 = DIRECTION ( 'NONE',  ( -0.0000000000000000000, -0.0000000000000000000, -1.000000000000000000 ) ) ;
#889 = ORIENTED_EDGE ( 'NONE', *, *, #996, .F. ) ;
#890 = ORIENTED_EDGE ( 'NONE', *, *, #742, .F. ) ;
#891 = DIRECTION ( 'NONE',  ( 0.8015735119582766400, -0.5978962325745785800, 1.111813735860603900E-016 ) ) ;
#892 = DIRECTION ( 'NONE',  ( -0.05375259206908576700, -0.9985542843760946100, 0.0000000000000000000 ) ) ;
#893 = ORIENTED_EDGE ( 'NONE', *, *, #570, .T. ) ;
#894 = DIRECTION ( 'NONE',  ( 0.0000000000000000000, 0.0000000000000000000, -1.000000000000000000 ) ) ;
#895 = ORIENTED_EDGE ( 'NONE', *, *, #487, .F. ) ;
#896 = CARTESIAN_POINT ( 'NONE',  ( 25.90666675600000000, 0.0000000000000000000, 6.306666755999999400 ) ) ;
#897 = EDGE_LOOP ( 'NONE', ( #1203, #519, #1614, #2998 ) ) ;
#898 = ORIENTED_EDGE ( 'NONE', *, *, #1765, .F. ) ;
#899 = EDGE_CURVE ( 'NONE', #2596, #1100, #2616, .T. ) ;
#900 = EDGE_CURVE ( 'NONE', #371, #1471, #2542, .T. ) ;
#901 = EDGE_CURVE ( 'NONE', #237, #489, #648, .T. ) ;
#902 = ORIENTED_EDGE ( 'NONE', *, *, #965, .T. ) ;
#903 = PRESENTATION_LAYER_ASSIGNMENT (  '', '', ( #1072 ) ) ;
#904 = PLANE ( 'NONE',  #380 ) ;
#905 = DIRECTION ( 'NONE',  ( 0.2746459304916892800, 0.9615454294334481200, 0.0000000000000000000 ) ) ;
#906 = LINE ( 'NONE', #2480, #274 ) ;
#907 = DIRECTION ( 'NONE',  ( -0.0000000000000000000, -0.0000000000000000000, -1.000000000000000000 ) ) ;
#908 = DIRECTION ( 'NONE',  ( 0.2745159998572630500, 0.9615825319869153500, 0.0000000000000000000 ) ) ;
#909 = ADVANCED_FACE ( 'NONE', ( #2248 ), #1035, .T. ) ;
#910 = FACE_OUTER_BOUND ( 'NONE', #1457, .T. ) ;
#911 = CARTESIAN_POINT ( 'NONE',  ( 2.150000000000000800, -27.00000000000000000, 3.600000000000000100 ) ) ;
#912 = EDGE_CURVE ( 'NONE', #2741, #2488, #43, .T. ) ;
#913 =( NAMED_UNIT ( * ) SI_UNIT ( $, .STERADIAN. ) SOLID_ANGLE_UNIT ( ) );
#914 = LINE ( 'NONE', #995, #2900 ) ;
#915 = DIRECTION ( 'NONE',  ( 0.2746918797667270400, 0.9615323037684286900, 0.0000000000000000000 ) ) ;
#916 = PRESENTATION_LAYER_ASSIGNMENT (  '', '', ( #2653 ) ) ;
#917 = DIRECTION ( 'NONE',  ( -0.0000000000000000000, -0.0000000000000000000, -1.000000000000000000 ) ) ;
#918 = CARTESIAN_POINT ( 'NONE',  ( 19.22229468849963000, 9.350058697642236200, 7.204999999999999200 ) ) ;
#919 = CARTESIAN_POINT ( 'NONE',  ( -0.3258226722601034200, -2.788102867824073800, 7.199999999999998400 ) ) ;
#920 = EDGE_CURVE ( 'NONE', #2374, #1754, #1708, .T. ) ;
#921 = AXIS2_PLACEMENT_3D ( 'NONE', #348, #2003, #2441 ) ;
#922 = ADVANCED_FACE ( 'NONE', ( #1081 ), #636, .F. ) ;
#923 = DIRECTION ( 'NONE',  ( 0.0000000000000000000, 0.0000000000000000000, 1.000000000000000000 ) ) ;
#924 =( NAMED_UNIT ( * ) PLANE_ANGLE_UNIT ( ) SI_UNIT ( $, .RADIAN. ) );
#925 = CARTESIAN_POINT ( 'NONE',  ( 14.25927284894691400, 6.927829999999906900, 7.204999999999999200 ) ) ;
#926 = EDGE_CURVE ( 'NONE', #2885, #1206, #536, .T. ) ;
#927 = EDGE_LOOP ( 'NONE', ( #2990, #2958, #2234, #2233 ) ) ;
#928 = DIRECTION ( 'NONE',  ( 0.0000000000000000000, 0.0000000000000000000, -1.000000000000000000 ) ) ;
#929 = LINE ( 'NONE', #840, #2413 ) ;
#930 = LINE ( 'NONE', #2723, #2991 ) ;
#931 = ORIENTED_EDGE ( 'NONE', *, *, #1548, .T. ) ;
#932 = MECHANICAL_DESIGN_GEOMETRIC_PRESENTATION_REPRESENTATION (  '', ( #1919 ), #887 ) ;
#933 = VERTEX_POINT ( 'NONE', #613 ) ;
#934 = ORIENTED_EDGE ( 'NONE', *, *, #912, .F. ) ;
#935 = CARTESIAN_POINT ( 'NONE',  ( 11.64331587583164800, 7.498929097572961700, 7.204999999999999200 ) ) ;
#936 =( NAMED_UNIT ( * ) PLANE_ANGLE_UNIT ( ) SI_UNIT ( $, .RADIAN. ) );
#937 = EDGE_LOOP ( 'NONE', ( #1581, #1796, #2553, #48 ) ) ;
#938 = CARTESIAN_POINT ( 'NONE',  ( 0.8933332440000000300, 0.7500000000000000000, 6.306666755999995800 ) ) ;
#939 = ORIENTED_EDGE ( 'NONE', *, *, #1788, .T. ) ;
#940 = ADVANCED_FACE ( 'NONE', ( #2033 ), #1353, .T. ) ;
#941 = AXIS2_PLACEMENT_3D ( 'NONE', #1896, #457, #483 ) ;
#942 = CARTESIAN_POINT ( 'NONE',  ( 10.51263641270627100, 9.358273324269784900, 7.204999999999999200 ) ) ;
#943 = ORIENTED_EDGE ( 'NONE', *, *, #2504, .T. ) ;
#944 = VERTEX_POINT ( 'NONE', #2753 ) ;
#946 = CARTESIAN_POINT ( 'NONE',  ( 0.8933332440000000300, 0.7500000000000000000, 6.306666755999995800 ) ) ;
#945 = VECTOR ( 'NONE', #335, 1000.000000000000000 ) ;
#947 = DIRECTION ( 'NONE',  ( -0.2755265765475026200, -0.9612934544747577800, 0.0000000000000000000 ) ) ;
#948 = DIRECTION ( 'NONE',  ( -0.0000000000000000000, -0.0000000000000000000, -1.000000000000000000 ) ) ;
#949 = CYLINDRICAL_SURFACE ( 'NONE', #1185, 0.4250000000000000400 ) ;
#950 = CARTESIAN_POINT ( 'NONE',  ( 6.600552705875580600, 9.929655370087539600, 7.204999999999999200 ) ) ;
#951 = VECTOR ( 'NONE', #133, 1000.000000000000200 ) ;
#952 = CARTESIAN_POINT ( 'NONE',  ( 20.07720000853358400, 9.350058697634773700, 7.200000000000000200 ) ) ;
#953 = LINE ( 'NONE', #651, #2060 ) ;
#954 = SURFACE_SIDE_STYLE ('',( #1673 ) ) ;
#955 = EDGE_CURVE ( 'NONE', #2705, #2044, #2837, .T. ) ;
#956 = ADVANCED_FACE ( 'NONE', ( #1230 ), #1590, .F. ) ;
#957 =( NAMED_UNIT ( * ) PLANE_ANGLE_UNIT ( ) SI_UNIT ( $, .RADIAN. ) );
#958 = FILL_AREA_STYLE_COLOUR ( '', #85 ) ;
#959 = CARTESIAN_POINT ( 'NONE',  ( 26.80000000000000100, 0.0000000000000000000, 7.200000000000000200 ) ) ;
#960 = PRESENTATION_STYLE_ASSIGNMENT (( #1725 ) ) ;
#961 = CARTESIAN_POINT ( 'NONE',  ( 2.150000000000000800, -27.00000000000000000, 3.600000000000000100 ) ) ;
#962 = LINE ( 'NONE', #1689, #4 ) ;
#963 = SURFACE_STYLE_USAGE ( .BOTH. , #291 ) ;
#964 = DIRECTION ( 'NONE',  ( 0.2732148821746286400, 0.9619530280415482500, 0.0000000000000000000 ) ) ;
#965 = EDGE_CURVE ( 'NONE', #2300, #1571, #2402, .T. ) ;
#966 = AXIS2_PLACEMENT_3D ( 'NONE', #1580, #1155, #1371 ) ;
#967 = DIRECTION ( 'NONE',  ( -1.000000000000000000, 0.0000000000000000000, -0.0000000000000000000 ) ) ;
#968 = VERTEX_POINT ( 'NONE', #394 ) ;
#969 = FACE_OUTER_BOUND ( 'NONE', #897, .T. ) ;
#970 = UNCERTAINTY_MEASURE_WITH_UNIT (LENGTH_MEASURE( 1.000000000000000100E-005 ), #1910, 'distance_accuracy_value', 'NONE');
#971 =( NAMED_UNIT ( * ) SI_UNIT ( $, .STERADIAN. ) SOLID_ANGLE_UNIT ( ) );
#972 = VERTEX_POINT ( 'NONE', #201 ) ;
#973 = ORIENTED_EDGE ( 'NONE', *, *, #2191, .T. ) ;
#974 = ADVANCED_FACE ( 'NONE', ( #576 ), #3019, .F. ) ;
#975 = VERTEX_POINT ( 'NONE', #851 ) ;
#976 = EDGE_CURVE ( 'NONE', #1641, #57, #1816, .T. ) ;
#977 = PLANE ( 'NONE',  #1777 ) ;
#978 = CARTESIAN_POINT ( 'NONE',  ( 11.88029872655940800, 9.358273324269784900, 7.200000000000000200 ) ) ;
#979 = EDGE_LOOP ( 'NONE', ( #2635, #2891, #88, #1389 ) ) ;
#980 = ORIENTED_EDGE ( 'NONE', *, *, #2756, .T. ) ;
#981 = ORIENTED_EDGE ( 'NONE', *, *, #1390, .T. ) ;
#982 = AXIS2_PLACEMENT_3D ( 'NONE', #2687, #417, #2050 ) ;
#983 = CARTESIAN_POINT ( 'NONE',  ( 14.56854981385287200, 9.929655370087539600, 7.200000000000000200 ) ) ;
#984 = EDGE_LOOP ( 'NONE', ( #1356, #1316, #539, #2384 ) ) ;
#985 = DIRECTION ( 'NONE',  ( 0.0000000000000000000, 1.000000000000000000, 0.0000000000000000000 ) ) ;
#986 = ORIENTED_EDGE ( 'NONE', *, *, #926, .T. ) ;
#987 = EDGE_LOOP ( 'NONE', ( #1469, #1500, #2267, #2264 ) ) ;
#988 = LINE ( 'NONE', #2002, #2309 ) ;
#989 =( GEOMETRIC_REPRESENTATION_CONTEXT ( 3 ) GLOBAL_UNCERTAINTY_ASSIGNED_CONTEXT ( ( #2288 ) ) GLOBAL_UNIT_ASSIGNED_CONTEXT ( ( #2964, #140, #388 ) ) REPRESENTATION_CONTEXT ( 'NONE', 'WORKASPACE' ) );
#990 = CARTESIAN_POINT ( 'NONE',  ( 2.150000000000000800, -27.00000000000000000, 3.600000000000000100 ) ) ;
#991 = LINE ( 'NONE', #537, #136 ) ;
#992 = SURFACE_SIDE_STYLE ('',( #560 ) ) ;
#993 = VECTOR ( 'NONE', #2909, 1000.000000000000000 ) ;
#994 = VECTOR ( 'NONE', #649, 1000.000000000000000 ) ;
#995 = CARTESIAN_POINT ( 'NONE',  ( 12.34199725223673700, 9.929655370087539600, 7.204999999999999200 ) ) ;
#996 = EDGE_CURVE ( 'NONE', #154, #2456, #1779, .T. ) ;
#997 = FILL_AREA_STYLE ('',( #2177 ) ) ;
#998 = EDGE_CURVE ( 'NONE', #1100, #489, #1373, .T. ) ;
#999 = CARTESIAN_POINT ( 'NONE',  ( 8.364087004062046300, 9.929655370087539600, 7.204999999999999200 ) ) ;
#1000 = CARTESIAN_POINT ( 'NONE',  ( 10.51263641270627100, 9.358273324269784900, 7.200000000000000200 ) ) ;
#1001 = FACE_OUTER_BOUND ( 'NONE', #777, .T. ) ;
#1002 = AXIS2_PLACEMENT_3D ( 'NONE', #2682, #534, #1965 ) ;
#1003 = COLOUR_RGB ( '',0.8980392156862745400, 0.9215686274509803400, 0.9294117647058823800 ) ;
#1004 = VECTOR ( 'NONE', #427, 999.9999999999998900 ) ;
#1005 = DIRECTION ( 'NONE',  ( -0.0000000000000000000, 1.000000000000000000, -0.0000000000000000000 ) ) ;
#1006 = LINE ( 'NONE', #2843, #1818 ) ;
#1007 = PLANE ( 'NONE',  #1487 ) ;
#1008 = CARTESIAN_POINT ( 'NONE',  ( 11.66070349979028400, 6.927829999999906900, 7.200000000000000200 ) ) ;
#1009 = CARTESIAN_POINT ( 'NONE',  ( 10.35016935282230600, 8.799934280058121100, 7.204999999999999200 ) ) ;
#1010 = CYLINDRICAL_SURFACE ( 'NONE', #2061, 0.5000000000000004400 ) ;
#1011 = COLOUR_RGB ( '',0.8980392156862745400, 0.9215686274509803400, 0.9294117647058823800 ) ;
#1012 = PRESENTATION_LAYER_ASSIGNMENT (  '', '', ( #214 ) ) ;
#1013 = ORIENTED_EDGE ( 'NONE', *, *, #470, .T. ) ;
#1014 = LINE ( 'NONE', #1815, #367 ) ;
#1015 = UNCERTAINTY_MEASURE_WITH_UNIT (LENGTH_MEASURE( 1.000000000000000100E-005 ), #2457, 'distance_accuracy_value', 'NONE');
#1016 = ORIENTED_EDGE ( 'NONE', *, *, #2482, .F. ) ;
#1017 = CARTESIAN_POINT ( 'NONE',  ( 10.19184611570141100, 8.244999742213012800, 7.200000000000000200 ) ) ;
#1018 = SURFACE_SIDE_STYLE ('',( #2182 ) ) ;
#1019 = EDGE_LOOP ( 'NONE', ( #28, #488, #672, #986, #2661, #2850, #1058, #126 ) ) ;
#1020 = EDGE_LOOP ( 'NONE', ( #63, #327 ) ) ;
#1021 = CARTESIAN_POINT ( 'NONE',  ( 15.02208307717376300, 6.927829999999906900, 7.200000000000000200 ) ) ;
#1022 = ORIENTED_EDGE ( 'NONE', *, *, #1788, .F. ) ;
#1023 = DIRECTION ( 'NONE',  ( 0.0000000000000000000, 0.0000000000000000000, -1.000000000000000000 ) ) ;
#1024 = VERTEX_POINT ( 'NONE', #1416 ) ;
#1025 = EDGE_LOOP ( 'NONE', ( #373, #2197, #97, #802 ) ) ;
#1026 = ORIENTED_EDGE ( 'NONE', *, *, #200, .F. ) ;
#1027 = CIRCLE ( 'NONE', #921, 0.4250000000000000400 ) ;
#1028 = EDGE_CURVE ( 'NONE', #1394, #27, #1851, .T. ) ;
#1029 = CARTESIAN_POINT ( 'NONE',  ( 13.61281824315566300, 6.927829999999906900, 7.204999999999999200 ) ) ;
#1030 = CARTESIAN_POINT ( 'NONE',  ( 6.591461850002521500, 6.927829999999906900, 7.200000000000000200 ) ) ;
#1031 = LINE ( 'NONE', #1307, #868 ) ;
#1032 = VECTOR ( 'NONE', #399, 1000.000000000000000 ) ;
#1033 = LINE ( 'NONE', #160, #1703 ) ;
#1034 =( NAMED_UNIT ( * ) SI_UNIT ( $, .STERADIAN. ) SOLID_ANGLE_UNIT ( ) );
#1035 = PLANE ( 'NONE',  #982 ) ;
#1036 = EDGE_CURVE ( 'NONE', #1972, #1766, #1229, .T. ) ;
#1037 = VECTOR ( 'NONE', #1840, 1000.000000000000100 ) ;
#1038 = FILL_AREA_STYLE ('',( #2671 ) ) ;
#1039 = DIRECTION ( 'NONE',  ( -0.2763173343569616000, -0.9610664548999008300, 0.0000000000000000000 ) ) ;
#1040 = PRESENTATION_LAYER_ASSIGNMENT (  '', '', ( #1836 ) ) ;
#1041 = LINE ( 'NONE', #783, #767 ) ;
#1042 = ORIENTED_EDGE ( 'NONE', *, *, #157, .T. ) ;
#1043 = FACE_OUTER_BOUND ( 'NONE', #666, .T. ) ;
#1044 = ORIENTED_EDGE ( 'NONE', *, *, #1390, .F. ) ;
#1045 = CARTESIAN_POINT ( 'NONE',  ( 12.96235672504577800, 9.600276224591722100, 7.204999999999999200 ) ) ;
#1046 = PRESENTATION_LAYER_ASSIGNMENT (  '', '', ( #3010 ) ) ;
#1047 = APPLICATION_PROTOCOL_DEFINITION ( 'draft international standard', 'automotive_design', 1998, #2459 ) ;
#1048 = LINE ( 'NONE', #681, #2152 ) ;
#1049 = VECTOR ( 'NONE', #908, 1000.000000000000000 ) ;
#1050 = DIRECTION ( 'NONE',  ( -0.0000000000000000000, -0.0000000000000000000, -1.000000000000000000 ) ) ;
#1051 = CARTESIAN_POINT ( 'NONE',  ( 0.5000000000000000000, 16.10000000000000100, 6.699999999999999300 ) ) ;
#1052 = ORIENTED_EDGE ( 'NONE', *, *, #1461, .F. ) ;
#1053 = ORIENTED_EDGE ( 'NONE', *, *, #1811, .F. ) ;
#1054 = ORIENTED_EDGE ( 'NONE', *, *, #1980, .T. ) ;
#1055 = ORIENTED_EDGE ( 'NONE', *, *, #1231, .F. ) ;
#1056 = ORIENTED_EDGE ( 'NONE', *, *, #2925, .F. ) ;
#1057 = CARTESIAN_POINT ( 'NONE',  ( 23.15000000000000200, 2.234980408443919700E-016, 0.0000000000000000000 ) ) ;
#1058 = ORIENTED_EDGE ( 'NONE', *, *, #1820, .T. ) ;
#1059 = DIRECTION ( 'NONE',  ( -1.000000000000000000, 0.0000000000000000000, 0.0000000000000000000 ) ) ;
#1060 = ORIENTED_EDGE ( 'NONE', *, *, #998, .T. ) ;
#1061 = ORIENTED_EDGE ( 'NONE', *, *, #826, .T. ) ;
#1062 = AXIS2_PLACEMENT_3D ( 'NONE', #2906, #1286, #555 ) ;
#1063 = CARTESIAN_POINT ( 'NONE',  ( 0.8933332440000000300, 0.7500000000000000000, 6.306666755999995800 ) ) ;
#1064 = CARTESIAN_POINT ( 'NONE',  ( 7.058627666061942900, 8.557739705116342000, 7.200000000000000200 ) ) ;
#1065 = CARTESIAN_POINT ( 'NONE',  ( 11.63858790185063300, 8.799934280058121100, 7.200000000000000200 ) ) ;
#1066 = LINE ( 'NONE', #10, #30 ) ;
#1067 = LINE ( 'NONE', #1400, #1221 ) ;
#1068 = CARTESIAN_POINT ( 'NONE',  ( 13.61281824315566300, 6.927829999999906900, 7.204999999999999200 ) ) ;
#1069 = EDGE_CURVE ( 'NONE', #1686, #11, #2652, .T. ) ;
#1070 = UNCERTAINTY_MEASURE_WITH_UNIT (LENGTH_MEASURE( 1.000000000000000100E-005 ), #1928, 'distance_accuracy_value', 'NONE');
#1071 = EDGE_CURVE ( 'NONE', #1471, #1310, #1078, .T. ) ;
#1072 = STYLED_ITEM ( 'NONE', ( #2043 ), #2807 ) ;
#1073 = PLANE ( 'NONE',  #551 ) ;
#1074 = DIRECTION ( 'NONE',  ( 0.7145695586382624400, 0.6995643972269591800, 0.0000000000000000000 ) ) ;
#1075 = LINE ( 'NONE', #2027, #2028 ) ;
#1076 = CARTESIAN_POINT ( 'NONE',  ( 24.64999999999999900, -27.00000000000000000, 3.600000000000000100 ) ) ;
#1077 = COLOUR_RGB ( '',0.4980392156862745200, 0.4980392156862745200, 0.4980392156862745200 ) ;
#1078 = LINE ( 'NONE', #1892, #2318 ) ;
#1079 = DIRECTION ( 'NONE',  ( -1.000000000000000000, 0.0000000000000000000, 0.0000000000000000000 ) ) ;
#1080 = EDGE_CURVE ( 'NONE', #1912, #1801, #180, .T. ) ;
#1081 = FACE_OUTER_BOUND ( 'NONE', #1133, .T. ) ;
#1082 = DIRECTION ( 'NONE',  ( -1.000000000000000000, 0.0000000000000000000, 0.0000000000000000000 ) ) ;
#1083 = PLANE ( 'NONE',  #351 ) ;
#1084 = VECTOR ( 'NONE', #1464, 1000.000000000000000 ) ;
#1085 = CARTESIAN_POINT ( 'NONE',  ( 15.03040723215170300, 9.613145806295236200, 7.204999999999999200 ) ) ;
#1086 = VECTOR ( 'NONE', #1123, 1000.000000000000000 ) ;
#1087 = LINE ( 'NONE', #3, #2410 ) ;
#1088 = CARTESIAN_POINT ( 'NONE',  ( 16.93410131525536500, 9.358172923274562300, 7.204999999999999200 ) ) ;
#1089 = VERTEX_POINT ( 'NONE', #1406 ) ;
#1090 = LINE ( 'NONE', #2437, #1749 ) ;
#1091 = VECTOR ( 'NONE', #2535, 1000.000000000000000 ) ;
#1092 = EDGE_CURVE ( 'NONE', #1908, #224, #876, .T. ) ;
#1093 = PRESENTATION_LAYER_ASSIGNMENT (  '', '', ( #1660 ) ) ;
#1094 = ORIENTED_EDGE ( 'NONE', *, *, #1666, .F. ) ;
#1095 = FILL_AREA_STYLE ('',( #381 ) ) ;
#1096 = EDGE_LOOP ( 'NONE', ( #1726, #273, #2203, #1535 ) ) ;
#1097 = CARTESIAN_POINT ( 'NONE',  ( 16.24677438074236600, 9.929655370087539600, 7.200000000000000200 ) ) ;
#1098 = VERTEX_POINT ( 'NONE', #1655 ) ;
#1099 = CARTESIAN_POINT ( 'NONE',  ( 13.61281824315566300, 6.927829999999906900, 7.200000000000000200 ) ) ;
#1100 = VERTEX_POINT ( 'NONE', #2106 ) ;
#1101 = EDGE_LOOP ( 'NONE', ( #1714, #692, #2802, #1170 ) ) ;
#1102 = EDGE_CURVE ( 'NONE', #3047, #449, #725, .T. ) ;
#1103 = DIRECTION ( 'NONE',  ( -1.000000000000000000, 0.0000000000000000000, -1.387039016726486000E-016 ) ) ;
#1104 = CLOSED_SHELL ( 'NONE', ( #19, #1414, #466, #243, #2382, #2992, #2589, #2088, #1460, #215, #256, #389, #1443, #611, #1399, #437, #454, #956, #2148, #2396, #2670, #1692, #479, #683, #2348 ) ) ;
#1105 = ORIENTED_EDGE ( 'NONE', *, *, #1476, .F. ) ;
#1106 = AXIS2_PLACEMENT_3D ( 'NONE', #724, #1201, #2870 ) ;
#1107 = DIRECTION ( 'NONE',  ( 0.9610029908221278100, -0.2765379750249963300, 0.0000000000000000000 ) ) ;
#1108 = DIRECTION ( 'NONE',  ( 0.0000000000000000000, 0.0000000000000000000, 1.000000000000000000 ) ) ;
#1109 = CARTESIAN_POINT ( 'NONE',  ( 16.93410131525536500, 9.358172923274562300, 7.204999999999999200 ) ) ;
#1110 = SURFACE_STYLE_USAGE ( .BOTH. , #1855 ) ;
#1111 = AXIS2_PLACEMENT_3D ( 'NONE', #1753, #800, #2700 ) ;
#1112 = DIRECTION ( 'NONE',  ( 1.000000000000000000, 0.0000000000000000000, 8.668993854540537600E-018 ) ) ;
#1113 = LINE ( 'NONE', #1380, #74 ) ;
#1114 = DIRECTION ( 'NONE',  ( -0.0000000000000000000, -0.0000000000000000000, 1.000000000000000000 ) ) ;
#1115 =( LENGTH_UNIT ( ) NAMED_UNIT ( * ) SI_UNIT ( .MILLI., .METRE. ) );
#1116 = EDGE_CURVE ( 'NONE', #2012, #2897, #2399, .T. ) ;
#1117 = SURFACE_STYLE_USAGE ( .BOTH. , #1584 ) ;
#1118 = ORIENTED_EDGE ( 'NONE', *, *, #239, .T. ) ;
#1119 = EDGE_CURVE ( 'NONE', #2588, #2602, #1304, .T. ) ;
#1120 = DIRECTION ( 'NONE',  ( -0.2729786930694848000, -0.9620200793798827600, 0.0000000000000000000 ) ) ;
#1121 = SURFACE_STYLE_FILL_AREA ( #2159 ) ;
#1122 = FILL_AREA_STYLE ('',( #392 ) ) ;
#1123 = DIRECTION ( 'NONE',  ( -0.0000000000000000000, -0.0000000000000000000, 1.000000000000000000 ) ) ;
#1124 = ORIENTED_EDGE ( 'NONE', *, *, #899, .T. ) ;
#1125 = LINE ( 'NONE', #2230, #2042 ) ;
#1126 = CIRCLE ( 'NONE', #839, 0.4250000000000000400 ) ;
#1127 = ORIENTED_EDGE ( 'NONE', *, *, #2130, .T. ) ;
#1128 = ORIENTED_EDGE ( 'NONE', *, *, #2290, .F. ) ;
#1129 = ORIENTED_EDGE ( 'NONE', *, *, #1735, .F. ) ;
#1130 = SURFACE_STYLE_USAGE ( .BOTH. , #1848 ) ;
#1131 = ORIENTED_EDGE ( 'NONE', *, *, #1071, .T. ) ;
#1132 =( GEOMETRIC_REPRESENTATION_CONTEXT ( 3 ) GLOBAL_UNCERTAINTY_ASSIGNED_CONTEXT ( ( #830 ) ) GLOBAL_UNIT_ASSIGNED_CONTEXT ( ( #1618, #1362, #610 ) ) REPRESENTATION_CONTEXT ( 'NONE', 'WORKASPACE' ) );
#1133 = EDGE_LOOP ( 'NONE', ( #302, #3005, #1577, #2993 ) ) ;
#1134 = ORIENTED_EDGE ( 'NONE', *, *, #420, .T. ) ;
#1135 = CARTESIAN_POINT ( 'NONE',  ( 10.35016935282230600, 8.799934280058121100, 7.200000000000000200 ) ) ;
#1136 = ORIENTED_EDGE ( 'NONE', *, *, #1573, .T. ) ;
#1137 = CARTESIAN_POINT ( 'NONE',  ( 2.150000000000000800, -27.00000000000000000, 3.174999999999999800 ) ) ;
#1138 = ORIENTED_EDGE ( 'NONE', *, *, #705, .T. ) ;
#1139 = SURFACE_STYLE_USAGE ( .BOTH. , #2527 ) ;
#1140 = EDGE_CURVE ( 'NONE', #2454, #2512, #2066, .T. ) ;
#1141 = CARTESIAN_POINT ( 'NONE',  ( 9.979269833414731400, 7.498929097572961700, 7.204999999999999200 ) ) ;
#1142 = COLOUR_RGB ( '',0.4980392156862745200, 0.4980392156862745200, 0.4980392156862745200 ) ;
#1143 = PRESENTATION_LAYER_ASSIGNMENT (  '', '', ( #2082 ) ) ;
#1144 = CARTESIAN_POINT ( 'NONE',  ( 8.364087004062046300, 9.929655370087539600, 7.204999999999999200 ) ) ;
#1145 = CARTESIAN_POINT ( 'NONE',  ( 0.0000000000000000000, 0.0000000000000000000, 7.200000000000000200 ) ) ;
#1146 = COLOUR_RGB ( '',0.4980392156862745200, 0.4980392156862745200, 0.4980392156862745200 ) ;
#1147 = CARTESIAN_POINT ( 'NONE',  ( 26.30000000000000100, 16.10000000000000100, 0.5000000000000004400 ) ) ;
#1148 = UNCERTAINTY_MEASURE_WITH_UNIT (LENGTH_MEASURE( 1.000000000000000100E-005 ), #2937, 'distance_accuracy_value', 'NONE');
#1149 = CARTESIAN_POINT ( 'NONE',  ( 24.64999999999999900, -27.00000000000000000, 4.025000000000000400 ) ) ;
#1150 = VECTOR ( 'NONE', #2365, 1000.000000000000200 ) ;
#1151 = ADVANCED_FACE ( 'NONE', ( #1931 ), #691, .F. ) ;
#1152 = DIRECTION ( 'NONE',  ( 0.2755265765475025700, 0.9612934544747576700, 0.0000000000000000000 ) ) ;
#1153 = DIRECTION ( 'NONE',  ( -0.8015735119582766400, -0.5978962325745785800, -0.0000000000000000000 ) ) ;
#1154 = VECTOR ( 'NONE', #2058, 1000.000000000000000 ) ;
#1155 = DIRECTION ( 'NONE',  ( -0.9610876102172850600, 0.2762437428917223800, 0.0000000000000000000 ) ) ;
#1156 = EDGE_CURVE ( 'NONE', #2423, #2376, #321, .T. ) ;
#1157 = CARTESIAN_POINT ( 'NONE',  ( 17.65131123836012600, 6.927829999999908700, 7.200000000000000200 ) ) ;
#1158 = LINE ( 'NONE', #574, #2622 ) ;
#1159 = AXIS2_PLACEMENT_3D ( 'NONE', #515, #1512, #1984 ) ;
#1160 = VERTEX_POINT ( 'NONE', #467 ) ;
#1161 = VECTOR ( 'NONE', #1705, 1000.000000000000000 ) ;
#1162 = LINE ( 'NONE', #1530, #1638 ) ;
#1163 = DIRECTION ( 'NONE',  ( 0.0000000000000000000, -1.000000000000000000, 0.0000000000000000000 ) ) ;
#1164 = VERTEX_POINT ( 'NONE', #2836 ) ;
#1165 = DIRECTION ( 'NONE',  ( 0.0000000000000000000, -1.000000000000000000, 0.0000000000000000000 ) ) ;
#1166 = UNCERTAINTY_MEASURE_WITH_UNIT (LENGTH_MEASURE( 1.000000000000000100E-005 ), #67, 'distance_accuracy_value', 'NONE');
#1167 = ADVANCED_FACE ( 'NONE', ( #572 ), #2877, .T. ) ;
#1168 = EDGE_LOOP ( 'NONE', ( #1540, #1323, #2226, #740 ) ) ;
#1169 = ORIENTED_EDGE ( 'NONE', *, *, #31, .F. ) ;
#1170 = ORIENTED_EDGE ( 'NONE', *, *, #1670, .T. ) ;
#1171 = ORIENTED_EDGE ( 'NONE', *, *, #1343, .F. ) ;
#1172 = AXIS2_PLACEMENT_3D ( 'NONE', #634, #2543, #623 ) ;
#1173 = CARTESIAN_POINT ( 'NONE',  ( 7.950617461619126300, 8.557739705116359700, 7.204999999999999200 ) ) ;
#1174 = EDGE_LOOP ( 'NONE', ( #939, #850, #2199, #2968 ) ) ;
#1175 = DIRECTION ( 'NONE',  ( 0.0000000000000000000, 1.000000000000000000, 0.0000000000000000000 ) ) ;
#1176 = VERTEX_POINT ( 'NONE', #1396 ) ;
#1177 = DIRECTION ( 'NONE',  ( -0.2745159998572631000, -0.9615825319869153500, 0.0000000000000000000 ) ) ;
#1178 = FACE_OUTER_BOUND ( 'NONE', #987, .T. ) ;
#1179 = AXIS2_PLACEMENT_3D ( 'NONE', #474, #2612, #1925 ) ;
#1180 = FACE_OUTER_BOUND ( 'NONE', #1635, .T. ) ;
#1181 = FACE_OUTER_BOUND ( 'NONE', #18, .T. ) ;
#1182 = ADVANCED_FACE ( 'NONE', ( #1627 ), #977, .T. ) ;
#1183 = DIRECTION ( 'NONE',  ( 0.3829140317376762400, -0.9237839814038766300, 0.0000000000000000000 ) ) ;
#1184 = LINE ( 'NONE', #2995, #2683 ) ;
#1185 = AXIS2_PLACEMENT_3D ( 'NONE', #2416, #1005, #548 ) ;
#1186 = PLANE ( 'NONE',  #1270 ) ;
#1187 = DIRECTION ( 'NONE',  ( -0.0000000000000000000, -0.0000000000000000000, -1.000000000000000000 ) ) ;
#1188 = UNCERTAINTY_MEASURE_WITH_UNIT (LENGTH_MEASURE( 1.000000000000000100E-005 ), #844, 'distance_accuracy_value', 'NONE');
#1189 = CARTESIAN_POINT ( 'NONE',  ( 12.81255844489004600, 6.927829999999906900, 7.204999999999999200 ) ) ;
#1190 = EDGE_CURVE ( 'NONE', #231, #363, #501, .T. ) ;
#1191 = MECHANICAL_DESIGN_GEOMETRIC_PRESENTATION_REPRESENTATION (  '', ( #1660 ), #855 ) ;
#1192 = CARTESIAN_POINT ( 'NONE',  ( 6.600552705875580600, 9.929655370087539600, 7.200000000000000200 ) ) ;
#1193 = PRESENTATION_STYLE_ASSIGNMENT (( #2209 ) ) ;
#1194 = DIRECTION ( 'NONE',  ( -0.0000000000000000000, -0.0000000000000000000, -1.000000000000000000 ) ) ;
#1195 = CARTESIAN_POINT ( 'NONE',  ( 26.80000000000000100, 15.89289321881345200, 7.199999999999999300 ) ) ;
#1196 = LINE ( 'NONE', #1350, #1091 ) ;
#1197 = DIRECTION ( 'NONE',  ( 0.0000000000000000000, 0.0000000000000000000, -1.000000000000000000 ) ) ;
#1198 = ADVANCED_FACE ( 'NONE', ( #2724 ), #1849, .T. ) ;
#1199 = EDGE_CURVE ( 'NONE', #711, #2598, #644, .T. ) ;
#1200 = ORIENTED_EDGE ( 'NONE', *, *, #1080, .T. ) ;
#1201 = DIRECTION ( 'NONE',  ( 0.9610348236706636200, -0.2764273280489764600, 0.0000000000000000000 ) ) ;
#1202 = VECTOR ( 'NONE', #1890, 1000.000000000000000 ) ;
#1203 = ORIENTED_EDGE ( 'NONE', *, *, #2280, .T. ) ;
#1204 = LINE ( 'NONE', #2366, #150 ) ;
#1205 = PRESENTATION_LAYER_ASSIGNMENT (  '', '', ( #587 ) ) ;
#1206 = VERTEX_POINT ( 'NONE', #285 ) ;
#1207 = ORIENTED_EDGE ( 'NONE', *, *, #2273, .T. ) ;
#1208 = CARTESIAN_POINT ( 'NONE',  ( 10.51263641270627100, 9.358273324269784900, 7.204999999999999200 ) ) ;
#1209 = CARTESIAN_POINT ( 'NONE',  ( 23.15000000000000200, 2.234980408443919700E-016, 0.0000000000000000000 ) ) ;
#1210 = ORIENTED_EDGE ( 'NONE', *, *, #46, .T. ) ;
#1211 = CARTESIAN_POINT ( 'NONE',  ( 22.40576400000000100, 0.5551279999999997300, 0.0000000000000000000 ) ) ;
#1212 = EDGE_LOOP ( 'NONE', ( #1525, #2963 ) ) ;
#1213 = AXIS2_PLACEMENT_3D ( 'NONE', #2275, #1107, #2969 ) ;
#1214 = DIRECTION ( 'NONE',  ( -0.0000000000000000000, 1.000000000000000000, -0.0000000000000000000 ) ) ;
#1215 = ORIENTED_EDGE ( 'NONE', *, *, #1831, .T. ) ;
#1216 = DIRECTION ( 'NONE',  ( 1.000000000000000000, 0.0000000000000000000, 8.668993854540537600E-018 ) ) ;
#1217 = VERTEX_POINT ( 'NONE', #743 ) ;
#1218 = ADVANCED_FACE ( 'NONE', ( #356 ), #1704, .F. ) ;
#1219 =( NAMED_UNIT ( * ) PLANE_ANGLE_UNIT ( ) SI_UNIT ( $, .RADIAN. ) );
#1220 = DIRECTION ( 'NONE',  ( -0.5978962325745786900, -0.8015735119582766400, 0.0000000000000000000 ) ) ;
#1221 = VECTOR ( 'NONE', #888, 1000.000000000000000 ) ;
#1222 = CARTESIAN_POINT ( 'NONE',  ( 4.394236000000001100, 0.5551279999999997300, 0.0000000000000000000 ) ) ;
#1223 = CARTESIAN_POINT ( 'NONE',  ( 16.77163425537493100, 8.799833879061310400, 7.200000000000000200 ) ) ;
#1224 = FACE_OUTER_BOUND ( 'NONE', #2053, .T. ) ;
#1225 = FILL_AREA_STYLE_COLOUR ( '', #829 ) ;
#1226 = VECTOR ( 'NONE', #533, 1000.000000000000100 ) ;
#1227 = CARTESIAN_POINT ( 'NONE',  ( 11.64331587583164800, 7.498929097572961700, 7.204999999999999200 ) ) ;
#1228 = SURFACE_SIDE_STYLE ('',( #185 ) ) ;
#1229 = LINE ( 'NONE', #1157, #803 ) ;
#1230 = FACE_OUTER_BOUND ( 'NONE', #477, .T. ) ;
#1231 = EDGE_CURVE ( 'NONE', #365, #1987, #1626, .T. ) ;
#1232 = CARTESIAN_POINT ( 'NONE',  ( 20.89907209255935100, 9.349993450466376600, 7.200000000000000200 ) ) ;
#1233 = EDGE_CURVE ( 'NONE', #2479, #2736, #1482, .T. ) ;
#1234 = COLOUR_RGB ( '',0.4980392156862745200, 0.4980392156862745200, 0.4980392156862745200 ) ;
#1235 =( NAMED_UNIT ( * ) SI_UNIT ( $, .STERADIAN. ) SOLID_ANGLE_UNIT ( ) );
#1236 = COLOUR_RGB ( '',0.7921568627450980000, 0.8196078431372548800, 0.9333333333333333500 ) ;
#1237 = LINE ( 'NONE', #1412, #2730 ) ;
#1238 = LINE ( 'NONE', #460, #2039 ) ;
#1239 = CARTESIAN_POINT ( 'NONE',  ( 11.64331587583164800, 7.498929097572961700, 7.200000000000000200 ) ) ;
#1240 = CARTESIAN_POINT ( 'NONE',  ( 23.15000000000000200, 2.234980408443919700E-016, 7.200000000000000200 ) ) ;
#1241 = VERTEX_POINT ( 'NONE', #754 ) ;
#1242 = VECTOR ( 'NONE', #1306, 1000.000000000000000 ) ;
#1243 = EDGE_CURVE ( 'NONE', #57, #1253, #2317, .T. ) ;
#1244 = DIRECTION ( 'NONE',  ( 0.0000000000000000000, 0.0000000000000000000, -1.000000000000000000 ) ) ;
#1245 = CARTESIAN_POINT ( 'NONE',  ( 8.364087004062046300, 9.929655370087539600, 7.200000000000000200 ) ) ;
#1246 = ORIENTED_EDGE ( 'NONE', *, *, #1508, .F. ) ;
#1247 = ORIENTED_EDGE ( 'NONE', *, *, #419, .T. ) ;
#1248 = EDGE_LOOP ( 'NONE', ( #889, #1375, #1061, #1718 ) ) ;
#1249 =( GEOMETRIC_REPRESENTATION_CONTEXT ( 3 ) GLOBAL_UNCERTAINTY_ASSIGNED_CONTEXT ( ( #1015 ) ) GLOBAL_UNIT_ASSIGNED_CONTEXT ( ( #2457, #1763, #325 ) ) REPRESENTATION_CONTEXT ( 'NONE', 'WORKASPACE' ) );
#1250 = CARTESIAN_POINT ( 'NONE',  ( 12.34199725223673700, 9.929655370087539600, 7.204999999999999200 ) ) ;
#1251 = EDGE_LOOP ( 'NONE', ( #2930, #443, #3043, #1839 ) ) ;
#1252 = CARTESIAN_POINT ( 'NONE',  ( 15.03040723215170300, 9.613145806295236200, 7.204999999999999200 ) ) ;
#1253 = VERTEX_POINT ( 'NONE', #504 ) ;
#1254 = DIRECTION ( 'NONE',  ( -1.000000000000000000, 0.0000000000000000000, 0.0000000000000000000 ) ) ;
#1255 = VERTEX_POINT ( 'NONE', #999 ) ;
#1256 = EDGE_CURVE ( 'NONE', #1310, #2301, #1966, .T. ) ;
#1257 = ORIENTED_EDGE ( 'NONE', *, *, #2025, .F. ) ;
#1258 = DIRECTION ( 'NONE',  ( -1.000000000000000000, 0.0000000000000000000, 0.0000000000000000000 ) ) ;
#1259 = CARTESIAN_POINT ( 'NONE',  ( 3.650000000000001200, 2.234980408443919700E-016, 0.0000000000000000000 ) ) ;
#1260 = LINE ( 'NONE', #2694, #2938 ) ;
#1261 = LINE ( 'NONE', #235, #2057 ) ;
#1262 = FACE_OUTER_BOUND ( 'NONE', #546, .T. ) ;
#1263 =( LENGTH_UNIT ( ) NAMED_UNIT ( * ) SI_UNIT ( .MILLI., .METRE. ) );
#1264 = DIRECTION ( 'NONE',  ( -0.0000000000000000000, -1.000000000000000000, -0.0000000000000000000 ) ) ;
#1265 = EDGE_CURVE ( 'NONE', #2090, #1255, #758, .T. ) ;
#1266 = VECTOR ( 'NONE', #359, 1000.000000000000100 ) ;
#1267 = DIRECTION ( 'NONE',  ( 0.2762033010290175800, 0.9610992334304890900, 0.0000000000000000000 ) ) ;
#1268 = DIRECTION ( 'NONE',  ( -0.0000000000000000000, -1.000000000000000000, -0.0000000000000000000 ) ) ;
#1269 = PLANE ( 'NONE',  #1402 ) ;
#1270 = AXIS2_PLACEMENT_3D ( 'NONE', #3059, #2137, #1663 ) ;
#1271 = VECTOR ( 'NONE', #2762, 1000.000000000000000 ) ;
#1272 = PLANE ( 'NONE',  #1539 ) ;
#1273 = VERTEX_POINT ( 'NONE', #787 ) ;
#1274 = ORIENTED_EDGE ( 'NONE', *, *, #2397, .T. ) ;
#1275 = LINE ( 'NONE', #353, #366 ) ;
#1276 = FACE_OUTER_BOUND ( 'NONE', #1872, .T. ) ;
#1277 = EDGE_CURVE ( 'NONE', #1098, #622, #3055, .T. ) ;
#1278 = ORIENTED_EDGE ( 'NONE', *, *, #1243, .T. ) ;
#1279 = PLANE ( 'NONE',  #2305 ) ;
#1280 = CARTESIAN_POINT ( 'NONE',  ( 9.824935253907714400, 9.929655370087539600, 7.204999999999999200 ) ) ;
#1281 = ORIENTED_EDGE ( 'NONE', *, *, #1461, .T. ) ;
#1282 = ORIENTED_EDGE ( 'NONE', *, *, #2618, .T. ) ;
#1283 = EDGE_CURVE ( 'NONE', #1538, #449, #2498, .T. ) ;
#1284 = FILL_AREA_STYLE_COLOUR ( '', #428 ) ;
#1285 = ORIENTED_EDGE ( 'NONE', *, *, #2941, .F. ) ;
#1286 = DIRECTION ( 'NONE',  ( 0.0000000000000000000, 1.000000000000000000, 0.0000000000000000000 ) ) ;
#1287 = VERTEX_POINT ( 'NONE', #808 ) ;
#1288 = ORIENTED_EDGE ( 'NONE', *, *, #1629, .F. ) ;
#1289 = AXIS2_PLACEMENT_3D ( 'NONE', #1650, #2362, #2822 ) ;
#1290 = EDGE_LOOP ( 'NONE', ( #1913, #2018, #520, #518 ) ) ;
#1291 = LINE ( 'NONE', #113, #208 ) ;
#1292 = EDGE_CURVE ( 'NONE', #2456, #2165, #838, .T. ) ;
#1293 = ADVANCED_FACE ( 'NONE', ( #1001 ), #103, .F. ) ;
#1294 = EDGE_CURVE ( 'NONE', #585, #2675, #286, .T. ) ;
#1295 = MECHANICAL_DESIGN_GEOMETRIC_PRESENTATION_REPRESENTATION (  '', ( #214 ), #2576 ) ;
#1296 = FACE_OUTER_BOUND ( 'NONE', #2702, .T. ) ;
#1297 = DIRECTION ( 'NONE',  ( -0.2746918797667270400, -0.9615323037684288000, 0.0000000000000000000 ) ) ;
#1298 = VECTOR ( 'NONE', #2462, 1000.000000000000000 ) ;
#1299 = CARTESIAN_POINT ( 'NONE',  ( 0.0000000000000000000, 0.7500000000000000000, 0.0000000000000000000 ) ) ;
#1300 = CARTESIAN_POINT ( 'NONE',  ( 12.04258323918537400, 9.929655370087539600, 7.204999999999999200 ) ) ;
#1301 = EDGE_CURVE ( 'NONE', #2602, #2015, #2031, .T. ) ;
#1302 = LINE ( 'NONE', #2927, #2685 ) ;
#1303 = UNCERTAINTY_MEASURE_WITH_UNIT (LENGTH_MEASURE( 1.000000000000000100E-005 ), #1263, 'distance_accuracy_value', 'NONE');
#1304 = LINE ( 'NONE', #2343, #2689 ) ;
#1305 = DIRECTION ( 'NONE',  ( -1.000000000000000000, 0.0000000000000000000, 0.0000000000000000000 ) ) ;
#1306 = DIRECTION ( 'NONE',  ( -1.000000000000000000, 0.0000000000000000000, -1.387039016726486000E-016 ) ) ;
#1307 = CARTESIAN_POINT ( 'NONE',  ( 16.61331101825768600, 8.244999742206992700, 7.200000000000000200 ) ) ;
#1308 = PRESENTATION_LAYER_ASSIGNMENT (  '', '', ( #2241 ) ) ;
#1309 = PLANE ( 'NONE',  #39 ) ;
#1310 = VERTEX_POINT ( 'NONE', #2680 ) ;
#1311 = DIRECTION ( 'NONE',  ( 0.004650693823678667000, 0.9999891854650021500, -0.0000000000000000000 ) ) ;
#1312 = LINE ( 'NONE', #435, #3028 ) ;
#1313 = VECTOR ( 'NONE', #3030, 1000.000000000000000 ) ;
#1314 = CARTESIAN_POINT ( 'NONE',  ( 13.50492685657716400, 7.785112756973051200, 7.204999999999999200 ) ) ;
#1315 = CARTESIAN_POINT ( 'NONE',  ( 25.90666675600000000, 0.0000000000000000000, 0.8933332440000005800 ) ) ;
#1316 = ORIENTED_EDGE ( 'NONE', *, *, #1556, .F. ) ;
#1317 = FACE_OUTER_BOUND ( 'NONE', #2712, .T. ) ;
#1318 = DIRECTION ( 'NONE',  ( 0.9999891854650020400, -0.004650693823678667000, 0.0000000000000000000 ) ) ;
#1319 = ORIENTED_EDGE ( 'NONE', *, *, #1199, .T. ) ;
#1320 = VERTEX_POINT ( 'NONE', #2211 ) ;
#1321 = EDGE_CURVE ( 'NONE', #330, #1567, #1302, .T. ) ;
#1322 = ORIENTED_EDGE ( 'NONE', *, *, #2657, .F. ) ;
#1323 = ORIENTED_EDGE ( 'NONE', *, *, #2791, .F. ) ;
#1324 = MECHANICAL_DESIGN_GEOMETRIC_PRESENTATION_REPRESENTATION (  '', ( #562 ), #2727 ) ;
#1325 = CARTESIAN_POINT ( 'NONE',  ( 11.88029872655940800, 9.358273324269784900, 7.204999999999999200 ) ) ;
#1326 = CARTESIAN_POINT ( 'NONE',  ( 10.19184611570141100, 8.244999742213012800, 7.204999999999999200 ) ) ;
#1327 = PRESENTATION_STYLE_ASSIGNMENT (( #1410 ) ) ;
#1328 = SURFACE_STYLE_FILL_AREA ( #1894 ) ;
#1329 = CARTESIAN_POINT ( 'NONE',  ( 16.93410131525536500, 9.358172923274562300, 7.204999999999999200 ) ) ;
#1330 = CARTESIAN_POINT ( 'NONE',  ( 23.15000000000000200, 2.234980408443919700E-016, 0.0000000000000000000 ) ) ;
#1331 = VECTOR ( 'NONE', #604, 1000.000000000000100 ) ;
#1332 = STYLED_ITEM ( 'NONE', ( #1564 ), #3044 ) ;
#1333 = CARTESIAN_POINT ( 'NONE',  ( 0.8933332440000000300, 0.0000000000000000000, 0.8933332440000003600 ) ) ;
#1334 = UNCERTAINTY_MEASURE_WITH_UNIT (LENGTH_MEASURE( 1.000000000000000100E-005 ), #1712, 'distance_accuracy_value', 'NONE');
#1335 = EDGE_CURVE ( 'NONE', #622, #2705, #2759, .T. ) ;
#1336 = EDGE_CURVE ( 'NONE', #2196, #2488, #390, .T. ) ;
#1337 = DIRECTION ( 'NONE',  ( -0.2732148821746286400, -0.9619530280415483600, 0.0000000000000000000 ) ) ;
#1338 = DIRECTION ( 'NONE',  ( -0.0000000000000000000, -0.0000000000000000000, -1.000000000000000000 ) ) ;
#1339 = STYLED_ITEM ( 'NONE', ( #346 ), #1893 ) ;
#1340 = VECTOR ( 'NONE', #2169, 1000.000000000000000 ) ;
#1341 = DIRECTION ( 'NONE',  ( -1.203898050721187500E-016, 1.000000000000000000, 0.0000000000000000000 ) ) ;
#1342 = ORIENTED_EDGE ( 'NONE', *, *, #1415, .T. ) ;
#1343 = EDGE_CURVE ( 'NONE', #1764, #334, #2395, .T. ) ;
#1344 = LINE ( 'NONE', #1211, #8 ) ;
#1345 = AXIS2_PLACEMENT_3D ( 'NONE', #1780, #2242, #1472 ) ;
#1346 = EDGE_LOOP ( 'NONE', ( #1760, #1953, #132, #1757 ) ) ;
#1347 = ORIENTED_EDGE ( 'NONE', *, *, #2139, .T. ) ;
#1348 = PLANE ( 'NONE',  #2313 ) ;
#1349 = ORIENTED_EDGE ( 'NONE', *, *, #570, .F. ) ;
#1350 = CARTESIAN_POINT ( 'NONE',  ( 26.80000000000000100, 0.0000000000000000000, 0.0000000000000000000 ) ) ;
#1351 = ADVANCED_FACE ( 'NONE', ( #2943 ), #343, .F. ) ;
#1352 = ORIENTED_EDGE ( 'NONE', *, *, #1657, .T. ) ;
#1353 = PLANE ( 'NONE',  #1459 ) ;
#1354 = ORIENTED_EDGE ( 'NONE', *, *, #275, .T. ) ;
#1355 = EDGE_CURVE ( 'NONE', #2488, #2454, #317, .T. ) ;
#1356 = ORIENTED_EDGE ( 'NONE', *, *, #2120, .T. ) ;
#1357 = ORIENTED_EDGE ( 'NONE', *, *, #2884, .F. ) ;
#1358 = MANIFOLD_SOLID_BREP ( 'Body-Move/Copy1[2]', #1104 ) ;
#1359 = MECHANICAL_DESIGN_GEOMETRIC_PRESENTATION_REPRESENTATION (  '', ( #2653 ), #374 ) ;
#1360 = CARTESIAN_POINT ( 'NONE',  ( 0.5000000000000000000, 16.10000000000000100, 0.5000000000000004400 ) ) ;
#1361 = CARTESIAN_POINT ( 'NONE',  ( 15.88513000492852000, 9.929655370087539600, 7.204999999999999200 ) ) ;
#1362 =( NAMED_UNIT ( * ) PLANE_ANGLE_UNIT ( ) SI_UNIT ( $, .RADIAN. ) );
#1363 = LINE ( 'NONE', #1523, #718 ) ;
#1364 = PRESENTATION_LAYER_ASSIGNMENT (  '', '', ( #716 ) ) ;
#1365 = FILL_AREA_STYLE ('',( #581 ) ) ;
#1366 = LINE ( 'NONE', #195, #2611 ) ;
#1367 = DIRECTION ( 'NONE',  ( 1.000000000000000000, 0.0000000000000000000, 0.0000000000000000000 ) ) ;
#1368 = FACE_OUTER_BOUND ( 'NONE', #453, .T. ) ;
#1369 = DIRECTION ( 'NONE',  ( -0.2746459304916892800, -0.9615454294334481200, 0.0000000000000000000 ) ) ;
#1370 = FILL_AREA_STYLE_COLOUR ( '', #2184 ) ;
#1372 = VECTOR ( 'NONE', #50, 1000.000000000000000 ) ;
#1371 = DIRECTION ( 'NONE',  ( -0.2762437428917223800, -0.9610876102172850600, 0.0000000000000000000 ) ) ;
#1373 = CIRCLE ( 'NONE', #1936, 0.4250000000000000400 ) ;
#1374 = CARTESIAN_POINT ( 'NONE',  ( 15.02208307717376300, 6.927829999999906900, 7.204999999999999200 ) ) ;
#1375 = ORIENTED_EDGE ( 'NONE', *, *, #2419, .T. ) ;
#1376 =( NAMED_UNIT ( * ) SI_UNIT ( $, .STERADIAN. ) SOLID_ANGLE_UNIT ( ) );
#1377 = AXIS2_PLACEMENT_3D ( 'NONE', #413, #183, #892 ) ;
#1378 = VECTOR ( 'NONE', #15, 1000.000000000000100 ) ;
#1379 = SURFACE_STYLE_FILL_AREA ( #1888 ) ;
#1380 = CARTESIAN_POINT ( 'NONE',  ( 18.05985200241929800, 8.799833879061310400, 7.204999999999999200 ) ) ;
#1381 = CARTESIAN_POINT ( 'NONE',  ( 24.64999999999999900, 0.7500000000000006700, 3.174999999999999800 ) ) ;
#1382 = ORIENTED_EDGE ( 'NONE', *, *, #798, .F. ) ;
#1383 = LINE ( 'NONE', #950, #2805 ) ;
#1384 = ADVANCED_FACE ( 'NONE', ( #1368 ), #2020, .T. ) ;
#1385 = ORIENTED_EDGE ( 'NONE', *, *, #1092, .T. ) ;
#1386 = SURFACE_SIDE_STYLE ('',( #2180 ) ) ;
#1387 = FACE_OUTER_BOUND ( 'NONE', #2487, .T. ) ;
#1388 = DIRECTION ( 'NONE',  ( 0.0000000000000000000, 0.0000000000000000000, -1.000000000000000000 ) ) ;
#1389 = ORIENTED_EDGE ( 'NONE', *, *, #139, .T. ) ;
#1390 = EDGE_CURVE ( 'NONE', #1164, #2259, #1075, .T. ) ;
#1391 = ORIENTED_EDGE ( 'NONE', *, *, #2545, .F. ) ;
#1392 = ORIENTED_EDGE ( 'NONE', *, *, #2482, .T. ) ;
#1393 = CARTESIAN_POINT ( 'NONE',  ( 25.90666675600000000, 0.7500000000000000000, 0.8933332440000005800 ) ) ;
#1394 = VERTEX_POINT ( 'NONE', #2254 ) ;
#1395 = VERTEX_POINT ( 'NONE', #553 ) ;
#1396 = CARTESIAN_POINT ( 'NONE',  ( 7.455275478652722200, 9.929655370087539600, 7.204999999999999200 ) ) ;
#1397 = LINE ( 'NONE', #1907, #2640 ) ;
#1398 = EDGE_CURVE ( 'NONE', #1458, #187, #1033, .T. ) ;
#1399 = ADVANCED_FACE ( 'NONE', ( #1407 ), #1823, .F. ) ;
#1401 = SURFACE_STYLE_FILL_AREA ( #569 ) ;
#1400 = CARTESIAN_POINT ( 'NONE',  ( 16.40035138673349700, 7.499038625920482200, 7.204999999999999200 ) ) ;
#1402 = AXIS2_PLACEMENT_3D ( 'NONE', #2901, #78, #114 ) ;
#1403 = SURFACE_SIDE_STYLE ('',( #769 ) ) ;
#1404 = PLANE ( 'NONE',  #116 ) ;
#1405 = FACE_OUTER_BOUND ( 'NONE', #1174, .T. ) ;
#1406 = CARTESIAN_POINT ( 'NONE',  ( 14.56854981385287200, 9.929655370087539600, 7.204999999999999200 ) ) ;
#1407 = FACE_OUTER_BOUND ( 'NONE', #2785, .T. ) ;
#1408 = AXIS2_PLACEMENT_3D ( 'NONE', #749, #2414, #2865 ) ;
#1409 = VECTOR ( 'NONE', #1497, 1000.000000000000200 ) ;
#1410 = SURFACE_STYLE_USAGE ( .BOTH. , #2368 ) ;
#1411 = CARTESIAN_POINT ( 'NONE',  ( 7.455275478652722200, 9.929655370087539600, 7.200000000000000200 ) ) ;
#1412 = CARTESIAN_POINT ( 'NONE',  ( 7.088337234751736400, 8.649560976050040000, 7.204999999999999200 ) ) ;
#1413 = CARTESIAN_POINT ( 'NONE',  ( 9.824935253907714400, 9.929655370087539600, 7.204999999999999200 ) ) ;
#1414 = ADVANCED_FACE ( 'NONE', ( #1224 ), #2491, .F. ) ;
#1415 = EDGE_CURVE ( 'NONE', #739, #944, #757, .T. ) ;
#1416 = CARTESIAN_POINT ( 'NONE',  ( 11.63858790185063300, 8.799934280058121100, 7.204999999999999200 ) ) ;
#1417 = CARTESIAN_POINT ( 'NONE',  ( 7.950617461619126300, 8.557739705116359700, 7.200000000000000200 ) ) ;
#1418 = VERTEX_POINT ( 'NONE', #1806 ) ;
#1419 = LINE ( 'NONE', #2291, #737 ) ;
#1420 = DIRECTION ( 'NONE',  ( -1.000000000000000000, 0.0000000000000000000, -8.668993854540537600E-018 ) ) ;
#1421 = CARTESIAN_POINT ( 'NONE',  ( 13.62036847658837700, 9.929655370087539600, 7.200000000000000200 ) ) ;
#1422 = ORIENTED_EDGE ( 'NONE', *, *, #1711, .F. ) ;
#1423 = CARTESIAN_POINT ( 'NONE',  ( 7.712867912419145700, 6.927829999999908700, 7.204999999999999200 ) ) ;
#1424 = VERTEX_POINT ( 'NONE', #2007 ) ;
#1425 = PRESENTATION_LAYER_ASSIGNMENT (  '', '', ( #2364 ) ) ;
#1426 = DIRECTION ( 'NONE',  ( -0.0000000000000000000, -1.000000000000000000, -0.0000000000000000000 ) ) ;
#1427 = CARTESIAN_POINT ( 'NONE',  ( 20.07720000853358400, 9.350058697634773700, 7.204999999999999200 ) ) ;
#1428 = EDGE_LOOP ( 'NONE', ( #597, #1918, #481, #588 ) ) ;
#1429 = ORIENTED_EDGE ( 'NONE', *, *, #1969, .F. ) ;
#1430 = ORIENTED_EDGE ( 'NONE', *, *, #2345, .T. ) ;
#1431 = ADVANCED_FACE ( 'NONE', ( #1661 ), #573, .F. ) ;
#1432 = DIRECTION ( 'NONE',  ( 0.2755520632520602200, 0.9612861490927312500, 0.0000000000000000000 ) ) ;
#1433 = EDGE_LOOP ( 'NONE', ( #1565, #1105, #1916, #377 ) ) ;
#1434 = CARTESIAN_POINT ( 'NONE',  ( 18.52587689811365800, 6.927829999999908700, 7.204999999999999200 ) ) ;
#1435 = CARTESIAN_POINT ( 'NONE',  ( 0.8933332440000000300, 0.7500000000000000000, 0.8933332440000003600 ) ) ;
#1436 = ORIENTED_EDGE ( 'NONE', *, *, #523, .F. ) ;
#1437 = EDGE_CURVE ( 'NONE', #670, #2778, #1518, .T. ) ;
#1438 =( NAMED_UNIT ( * ) SI_UNIT ( $, .STERADIAN. ) SOLID_ANGLE_UNIT ( ) );
#1439 = COLOUR_RGB ( '',0.4980392156862745200, 0.4980392156862745200, 0.4980392156862745200 ) ;
#1440 = STYLED_ITEM ( 'NONE', ( #1699 ), #1654 ) ;
#1441 = DIRECTION ( 'NONE',  ( 1.000000000000000000, 1.002616505299178600E-015, 0.0000000000000000000 ) ) ;
#1442 =( NAMED_UNIT ( * ) SI_UNIT ( $, .STERADIAN. ) SOLID_ANGLE_UNIT ( ) );
#1443 = ADVANCED_FACE ( 'NONE', ( #797 ), #1073, .F. ) ;
#1444 = FILL_AREA_STYLE ('',( #2862 ) ) ;
#1445 = EDGE_CURVE ( 'NONE', #1686, #411, #1736, .T. ) ;
#1446 = AXIS2_PLACEMENT_3D ( 'NONE', #2287, #2277, #2513 ) ;
#1447 = VECTOR ( 'NONE', #684, 1000.000000000000000 ) ;
#1448 = DIRECTION ( 'NONE',  ( -0.0000000000000000000, -0.0000000000000000000, -1.000000000000000000 ) ) ;
#1449 = VECTOR ( 'NONE', #1059, 1000.000000000000000 ) ;
#1450 =( NAMED_UNIT ( * ) SI_UNIT ( $, .STERADIAN. ) SOLID_ANGLE_UNIT ( ) );
#1451 =( NAMED_UNIT ( * ) PLANE_ANGLE_UNIT ( ) SI_UNIT ( $, .RADIAN. ) );
#1452 = EDGE_CURVE ( 'NONE', #1164, #1176, #252, .T. ) ;
#1453 = VERTEX_POINT ( 'NONE', #2747 ) ;
#1454 = CARTESIAN_POINT ( 'NONE',  ( 0.0000000000000000000, 16.10000000000000100, 6.699999999999999300 ) ) ;
#1455 = FACE_OUTER_BOUND ( 'NONE', #60, .T. ) ;
#1456 = LINE ( 'NONE', #1222, #2185 ) ;
#1457 = EDGE_LOOP ( 'NONE', ( #632, #2555, #1016, #2154 ) ) ;
#1458 = VERTEX_POINT ( 'NONE', #1314 ) ;
#1459 = AXIS2_PLACEMENT_3D ( 'NONE', #2786, #882, #2774 ) ;
#1460 = ADVANCED_FACE ( 'NONE', ( #2755 ), #2760, .F. ) ;
#1461 = EDGE_CURVE ( 'NONE', #2515, #2374, #1184, .T. ) ;
#1462 =( NAMED_UNIT ( * ) PLANE_ANGLE_UNIT ( ) SI_UNIT ( $, .RADIAN. ) );
#1463 = ORIENTED_EDGE ( 'NONE', *, *, #2332, .T. ) ;
#1464 = DIRECTION ( 'NONE',  ( -0.0000000000000000000, -0.0000000000000000000, -1.000000000000000000 ) ) ;
#1465 = ORIENTED_EDGE ( 'NONE', *, *, #685, .T. ) ;
#1466 = ORIENTED_EDGE ( 'NONE', *, *, #1592, .F. ) ;
#1467 = AXIS2_PLACEMENT_3D ( 'NONE', #1299, #2455, #124 ) ;
#1468 = DIRECTION ( 'NONE',  ( 0.0000000000000000000, 0.0000000000000000000, 1.000000000000000000 ) ) ;
#1469 = ORIENTED_EDGE ( 'NONE', *, *, #1036, .T. ) ;
#1470 = ORIENTED_EDGE ( 'NONE', *, *, #450, .F. ) ;
#1471 = VERTEX_POINT ( 'NONE', #207 ) ;
#1472 = DIRECTION ( 'NONE',  ( -0.8015735119582765300, -0.5978962325745785800, 0.0000000000000000000 ) ) ;
#1473 = CARTESIAN_POINT ( 'NONE',  ( 11.48008211747157700, 8.244999742213012800, 7.200000000000000200 ) ) ;
#1474 = DIRECTION ( 'NONE',  ( -0.9610992334304892000, 0.2762033010290175800, 0.0000000000000000000 ) ) ;
#1475 = LINE ( 'NONE', #2093, #2428 ) ;
#1476 = EDGE_CURVE ( 'NONE', #1255, #202, #2534, .T. ) ;
#1477 = FILL_AREA_STYLE_COLOUR ( '', #1533 ) ;
#1478 = CARTESIAN_POINT ( 'NONE',  ( 11.63858790185063300, 8.799934280058121100, 7.204999999999999200 ) ) ;
#1479 = LINE ( 'NONE', #344, #1331 ) ;
#1480 = PRESENTATION_LAYER_ASSIGNMENT (  '', '', ( #410 ) ) ;
#1481 = DIRECTION ( 'NONE',  ( -0.9615323037684288000, 0.2746918797667270400, 0.0000000000000000000 ) ) ;
#1482 = LINE ( 'NONE', #495, #1737 ) ;
#1483 = DIRECTION ( 'NONE',  ( 0.0000000000000000000, 0.0000000000000000000, -1.000000000000000000 ) ) ;
#1484 = DIRECTION ( 'NONE',  ( -0.2764273280489764600, -0.9610348236706636200, 0.0000000000000000000 ) ) ;
#1485 = PRESENTATION_STYLE_ASSIGNMENT (( #1139 ) ) ;
#1486 = DIRECTION ( 'NONE',  ( 0.0000000000000000000, 0.0000000000000000000, -1.000000000000000000 ) ) ;
#1487 = AXIS2_PLACEMENT_3D ( 'NONE', #309, #796, #2467 ) ;
#1488 = VECTOR ( 'NONE', #1739, 1000.000000000000000 ) ;
#1489 = LINE ( 'NONE', #148, #2478 ) ;
#1490 = LINE ( 'NONE', #37, #655 ) ;
#1491 = DIRECTION ( 'NONE',  ( -0.2760118818968580500, -0.9611542233438683500, 0.0000000000000000000 ) ) ;
#1492 = DIRECTION ( 'NONE',  ( -0.2765379750249963900, -0.9610029908221278100, 0.0000000000000000000 ) ) ;
#1493 = ORIENTED_EDGE ( 'NONE', *, *, #2665, .T. ) ;
#1494 = LINE ( 'NONE', #372, #847 ) ;
#1495 = LINE ( 'NONE', #2011, #513 ) ;
#1496 = EDGE_CURVE ( 'NONE', #2775, #409, #953, .T. ) ;
#1497 = DIRECTION ( 'NONE',  ( 0.3725077383643966600, -0.9280290862137037200, 0.0000000000000000000 ) ) ;
#1498 = EDGE_CURVE ( 'NONE', #1395, #1912, #607, .T. ) ;
#1499 = DIRECTION ( 'NONE',  ( -0.5978962325745786900, 0.8015735119582766400, 0.0000000000000000000 ) ) ;
#1500 = ORIENTED_EDGE ( 'NONE', *, *, #7, .F. ) ;
#1501 = ORIENTED_EDGE ( 'NONE', *, *, #1666, .T. ) ;
#1502 = CLOSED_SHELL ( 'NONE', ( #566, #1860, #1672, #198, #872, #2134, #2056, #2825, #2544, #1640, #2796, #1431, #1182 ) ) ;
#1503 =( GEOMETRIC_REPRESENTATION_CONTEXT ( 3 ) GLOBAL_UNCERTAINTY_ASSIGNED_CONTEXT ( ( #147 ) ) GLOBAL_UNIT_ASSIGNED_CONTEXT ( ( #2351, #1219, #1450 ) ) REPRESENTATION_CONTEXT ( 'NONE', 'WORKASPACE' ) );
#1504 = ORIENTED_EDGE ( 'NONE', *, *, #2765, .F. ) ;
#1505 = DIRECTION ( 'NONE',  ( 0.2746459304916892800, 0.9615454294334481200, 0.0000000000000000000 ) ) ;
#1506 = ORIENTED_EDGE ( 'NONE', *, *, #289, .F. ) ;
#1507 =( LENGTH_UNIT ( ) NAMED_UNIT ( * ) SI_UNIT ( .MILLI., .METRE. ) );
#1508 = EDGE_CURVE ( 'NONE', #371, #2121, #1113, .T. ) ;
#1509 = ORIENTED_EDGE ( 'NONE', *, *, #1991, .T. ) ;
#1510 = STYLED_ITEM ( 'NONE', ( #426 ), #2561 ) ;
#1511 = SURFACE_SIDE_STYLE ('',( #76 ) ) ;
#1512 = DIRECTION ( 'NONE',  ( 0.0000000000000000000, -1.000000000000000000, 0.0000000000000000000 ) ) ;
#1513 = PRODUCT ( 'CFR_RB2_26.5X16X7_L26.8H16.1T7.2S22.5LL27F0.85', 'CFR_RB2_26.5X16X7_L26.8H16.1T7.2S22.5LL27F0.85', '', ( #101 ) ) ;
#1514 = LINE ( 'NONE', #2605, #2869 ) ;
#1515 = LINE ( 'NONE', #1842, #994 ) ;
#1516 = CARTESIAN_POINT ( 'NONE',  ( 24.64999999999999900, -27.00000000000000000, 3.174999999999999800 ) ) ;
#1517 = EDGE_CURVE ( 'NONE', #2444, #371, #2496, .T. ) ;
#1518 = LINE ( 'NONE', #2484, #174 ) ;
#1519 = SURFACE_SIDE_STYLE ('',( #2062 ) ) ;
#1520 = CARTESIAN_POINT ( 'NONE',  ( 25.90666675600000000, 0.7500000000000000000, 0.8933332440000005800 ) ) ;
#1521 =( GEOMETRIC_REPRESENTATION_CONTEXT ( 3 ) GLOBAL_UNCERTAINTY_ASSIGNED_CONTEXT ( ( #2972 ) ) GLOBAL_UNIT_ASSIGNED_CONTEXT ( ( #2988, #386, #153 ) ) REPRESENTATION_CONTEXT ( 'NONE', 'WORKASPACE' ) );
#1522 = VECTOR ( 'NONE', #2319, 1000.000000000000000 ) ;
#1523 = CARTESIAN_POINT ( 'NONE',  ( 17.81339494899777200, 7.499038625920482200, 7.204999999999999200 ) ) ;
#1524 = CARTESIAN_POINT ( 'NONE',  ( 25.90666675600000000, 0.5551280000000024000, 6.306666755999999400 ) ) ;
#1525 = ORIENTED_EDGE ( 'NONE', *, *, #998, .F. ) ;
#1526 = COLOUR_RGB ( '',0.4980392156862745200, 0.4980392156862745200, 0.4980392156862745200 ) ;
#1527 =( NAMED_UNIT ( * ) SI_UNIT ( $, .STERADIAN. ) SOLID_ANGLE_UNIT ( ) );
#1528 = CARTESIAN_POINT ( 'NONE',  ( 23.15000000000000200, 2.234980408443919700E-016, 6.306666755999999400 ) ) ;
#1529 = LINE ( 'NONE', #1240, #1935 ) ;
#1530 = CARTESIAN_POINT ( 'NONE',  ( 0.0000000000000000000, 16.10000000000000100, 0.5000000000000004400 ) ) ;
#1531 = LINE ( 'NONE', #1427, #401 ) ;
#1532 = LINE ( 'NONE', #3017, #2252 ) ;
#1533 = COLOUR_RGB ( '',0.4980392156862745200, 0.4980392156862745200, 0.4980392156862745200 ) ;
#1534 = EDGE_LOOP ( 'NONE', ( #190, #1946, #592, #931 ) ) ;
#1535 = ORIENTED_EDGE ( 'NONE', *, *, #7, .T. ) ;
#1536 = CARTESIAN_POINT ( 'NONE',  ( 11.63858790185063300, 8.799934280058121100, 7.204999999999999200 ) ) ;
#1537 = ORIENTED_EDGE ( 'NONE', *, *, #1321, .T. ) ;
#1538 = VERTEX_POINT ( 'NONE', #3016 ) ;
#1539 = AXIS2_PLACEMENT_3D ( 'NONE', #1259, #1499, #2181 ) ;
#1540 = ORIENTED_EDGE ( 'NONE', *, *, #629, .T. ) ;
#1541 = CARTESIAN_POINT ( 'NONE',  ( 25.90666675600000000, 0.7500000000000000000, 6.306666755999999400 ) ) ;
#1542 = ORIENTED_EDGE ( 'NONE', *, *, #1886, .T. ) ;
#1543 = CARTESIAN_POINT ( 'NONE',  ( 7.058627666061942900, 8.557739705116342000, 7.200000000000000200 ) ) ;
#1544 = EDGE_LOOP ( 'NONE', ( #2118, #2889, #1721, #1322 ) ) ;
#1545 = ORIENTED_EDGE ( 'NONE', *, *, #2609, .T. ) ;
#1546 = ORIENTED_EDGE ( 'NONE', *, *, #2966, .F. ) ;
#1547 = LINE ( 'NONE', #2732, #2451 ) ;
#1548 = EDGE_CURVE ( 'NONE', #411, #272, #1656, .T. ) ;
#1549 = AXIS2_PLACEMENT_3D ( 'NONE', #1625, #2105, #1177 ) ;
#1550 = LINE ( 'NONE', #2824, #678 ) ;
#1551 = CARTESIAN_POINT ( 'NONE',  ( 7.712867912419145700, 6.927829999999908700, 7.204999999999999200 ) ) ;
#1552 = DIRECTION ( 'NONE',  ( -5.694109626320597000E-016, 1.000000000000000000, 0.0000000000000000000 ) ) ;
#1553 = VECTOR ( 'NONE', #119, 1000.000000000000000 ) ;
#1554 = FILL_AREA_STYLE_COLOUR ( '', #350 ) ;
#1555 = PRESENTATION_STYLE_ASSIGNMENT (( #608 ) ) ;
#1556 = EDGE_CURVE ( 'NONE', #933, #1273, #2468, .T. ) ;
#1557 = SURFACE_STYLE_FILL_AREA ( #2378 ) ;
#1558 = CARTESIAN_POINT ( 'NONE',  ( 7.455275478652722200, 9.929655370087539600, 7.204999999999999200 ) ) ;
#1559 = CARTESIAN_POINT ( 'NONE',  ( 11.88029872655940800, 9.358273324269784900, 7.200000000000000200 ) ) ;
#1560 = CARTESIAN_POINT ( 'NONE',  ( 25.90666675600000000, 0.0000000000000000000, 0.8933332440000005800 ) ) ;
#1561 =( GEOMETRIC_REPRESENTATION_CONTEXT ( 3 ) GLOBAL_UNCERTAINTY_ASSIGNED_CONTEXT ( ( #3007 ) ) GLOBAL_UNIT_ASSIGNED_CONTEXT ( ( #1619, #2089, #2270 ) ) REPRESENTATION_CONTEXT ( 'NONE', 'WORKASPACE' ) );
#1562 = CARTESIAN_POINT ( 'NONE',  ( 12.81255844489004600, 6.927829999999906900, 7.204999999999999200 ) ) ;
#1563 = COLOUR_RGB ( '',0.4980392156862745200, 0.4980392156862745200, 0.4980392156862745200 ) ;
#1564 = PRESENTATION_STYLE_ASSIGNMENT (( #561 ) ) ;
#1565 = ORIENTED_EDGE ( 'NONE', *, *, #3020, .T. ) ;
#1566 = CARTESIAN_POINT ( 'NONE',  ( 12.81255844489004600, 6.927829999999906900, 7.200000000000000200 ) ) ;
#1567 = VERTEX_POINT ( 'NONE', #870 ) ;
#1568 = VECTOR ( 'NONE', #2970, 1000.000000000000000 ) ;
#1569 = LINE ( 'NONE', #355, #1792 ) ;
#1570 = SURFACE_SIDE_STYLE ('',( #1787 ) ) ;
#1571 = VERTEX_POINT ( 'NONE', #1864 ) ;
#1572 = ORIENTED_EDGE ( 'NONE', *, *, #1102, .F. ) ;
#1573 = EDGE_CURVE ( 'NONE', #2386, #3047, #1366, .T. ) ;
#1574 = CARTESIAN_POINT ( 'NONE',  ( 0.0000000000000000000, 0.0000000000000000000, 7.200000000000000200 ) ) ;
#1575 = VERTEX_POINT ( 'NONE', #633 ) ;
#1576 = VERTEX_POINT ( 'NONE', #3039 ) ;
#1577 = ORIENTED_EDGE ( 'NONE', *, *, #2948, .T. ) ;
#1578 = STYLED_ITEM ( 'NONE', ( #2324 ), #665 ) ;
#1579 = ORIENTED_EDGE ( 'NONE', *, *, #580, .F. ) ;
#1580 = CARTESIAN_POINT ( 'NONE',  ( 19.38098302013320100, 6.927829999999908700, 7.204999999999999200 ) ) ;
#1581 = ORIENTED_EDGE ( 'NONE', *, *, #807, .T. ) ;
#1582 = DIRECTION ( 'NONE',  ( 0.9984327301130240300, -0.05596501978069370900, 0.0000000000000000000 ) ) ;
#1583 = CIRCLE ( 'NONE', #1408, 0.4250000000000000400 ) ;
#1584 = SURFACE_SIDE_STYLE ('',( #606 ) ) ;
#1585 = ADVANCED_FACE ( 'NONE', ( #1924 ), #2769, .F. ) ;
#1586 = LINE ( 'NONE', #2403, #1810 ) ;
#1587 = CARTESIAN_POINT ( 'NONE',  ( 4.394236000000001100, 0.5551279999999997300, 0.0000000000000000000 ) ) ;
#1588 = CARTESIAN_POINT ( 'NONE',  ( 16.40035138673349700, 7.499038625920482200, 7.204999999999999200 ) ) ;
#1589 = DIRECTION ( 'NONE',  ( -0.0000000000000000000, 1.000000000000000000, -0.0000000000000000000 ) ) ;
#1590 = PLANE ( 'NONE',  #2768 ) ;
#1591 = DIRECTION ( 'NONE',  ( 0.0000000000000000000, -0.0000000000000000000, -1.000000000000000000 ) ) ;
#1592 = EDGE_CURVE ( 'NONE', #1320, #2588, #530, .T. ) ;
#1593 =( NAMED_UNIT ( * ) PLANE_ANGLE_UNIT ( ) SI_UNIT ( $, .RADIAN. ) );
#1594 = PLANE ( 'NONE',  #2936 ) ;
#1595 = DIRECTION ( 'NONE',  ( -0.0000000000000000000, -0.0000000000000000000, -1.000000000000000000 ) ) ;
#1596 = DIRECTION ( 'NONE',  ( -0.2763139702539113000, -0.9610674221107073900, 0.0000000000000000000 ) ) ;
#1597 = MECHANICAL_DESIGN_GEOMETRIC_PRESENTATION_REPRESENTATION (  '', ( #3010 ), #143 ) ;
#1598 = ORIENTED_EDGE ( 'NONE', *, *, #1265, .T. ) ;
#1599 = SHAPE_DEFINITION_REPRESENTATION ( #146, #2706 ) ;
#1600 = EDGE_CURVE ( 'NONE', #1567, #1024, #2902, .T. ) ;
#1601 = AXIS2_PLACEMENT_3D ( 'NONE', #1076, #2716, #848 ) ;
#1602 = CARTESIAN_POINT ( 'NONE',  ( 9.351959747037526000, 9.929655370087539600, 7.204999999999999200 ) ) ;
#1603 = VERTEX_POINT ( 'NONE', #3026 ) ;
#1604 = ORIENTED_EDGE ( 'NONE', *, *, #2941, .T. ) ;
#1605 = ORIENTED_EDGE ( 'NONE', *, *, #2130, .F. ) ;
#1606 = DIRECTION ( 'NONE',  ( -0.0000000000000000000, -0.0000000000000000000, -1.000000000000000000 ) ) ;
#1607 = ORIENTED_EDGE ( 'NONE', *, *, #1723, .T. ) ;
#1608 = DIRECTION ( 'NONE',  ( 0.0000000000000000000, 1.000000000000000000, 0.0000000000000000000 ) ) ;
#1609 = ORIENTED_EDGE ( 'NONE', *, *, #965, .F. ) ;
#1610 = VERTEX_POINT ( 'NONE', #1135 ) ;
#1611 = EDGE_LOOP ( 'NONE', ( #1542, #1207, #451, #1134, #1013, #64, #2333, #1598, #3000, #2703, #821 ) ) ;
#1612 = EDGE_CURVE ( 'NONE', #2932, #2195, #603, .T. ) ;
#1613 = ORIENTED_EDGE ( 'NONE', *, *, #125, .T. ) ;
#1614 = ORIENTED_EDGE ( 'NONE', *, *, #1886, .F. ) ;
#1615 = ADVANCED_FACE ( 'NONE', ( #2276 ), #2284, .F. ) ;
#1616 = CARTESIAN_POINT ( 'NONE',  ( 15.03040723215170300, 9.613145806295236200, 7.200000000000000200 ) ) ;
#1617 = AXIS2_PLACEMENT_3D ( 'NONE', #911, #1915, #928 ) ;
#1618 =( LENGTH_UNIT ( ) NAMED_UNIT ( * ) SI_UNIT ( .MILLI., .METRE. ) );
#1619 =( LENGTH_UNIT ( ) NAMED_UNIT ( * ) SI_UNIT ( .MILLI., .METRE. ) );
#1620 = UNCERTAINTY_MEASURE_WITH_UNIT (LENGTH_MEASURE( 1.000000000000000100E-005 ), #2913, 'distance_accuracy_value', 'NONE');
#1621 = SURFACE_SIDE_STYLE ('',( #2645 ) ) ;
#1622 = LINE ( 'NONE', #2646, #462 ) ;
#1623 = DIRECTION ( 'NONE',  ( -0.0000000000000000000, -0.0000000000000000000, 1.000000000000000000 ) ) ;
#1624 = CARTESIAN_POINT ( 'NONE',  ( 13.61281824315566300, 6.927829999999906900, 7.204999999999999200 ) ) ;
#1626 = LINE ( 'NONE', #1955, #2945 ) ;
#1625 = CARTESIAN_POINT ( 'NONE',  ( 16.40035138673349700, 7.499038625920482200, 7.204999999999999200 ) ) ;
#1627 = FACE_OUTER_BOUND ( 'NONE', #663, .T. ) ;
#1628 = ADVANCED_FACE ( 'NONE', ( #639 ), #445, .F. ) ;
#1629 = EDGE_CURVE ( 'NONE', #1603, #1873, #1774, .T. ) ;
#1630 = DIRECTION ( 'NONE',  ( 1.000000000000000000, 0.0000000000000000000, 0.0000000000000000000 ) ) ;
#1631 = VECTOR ( 'NONE', #1989, 1000.000000000000000 ) ;
#1632 =( NAMED_UNIT ( * ) PLANE_ANGLE_UNIT ( ) SI_UNIT ( $, .RADIAN. ) );
#1633 = LINE ( 'NONE', #2084, #843 ) ;
#1634 = CARTESIAN_POINT ( 'NONE',  ( 3.650000000000001200, 2.234980408443919700E-016, 0.0000000000000000000 ) ) ;
#1635 = EDGE_LOOP ( 'NONE', ( #1274, #1504, #2477, #2229 ) ) ;
#1636 = CARTESIAN_POINT ( 'NONE',  ( 15.88513000492852000, 9.929655370087539600, 7.200000000000000200 ) ) ;
#1637 = LINE ( 'NONE', #2141, #774 ) ;
#1638 = VECTOR ( 'NONE', #2232, 1000.000000000000000 ) ;
#1639 = ORIENTED_EDGE ( 'NONE', *, *, #2698, .F. ) ;
#1640 = ADVANCED_FACE ( 'NONE', ( #565 ), #2578, .F. ) ;
#1641 = VERTEX_POINT ( 'NONE', #2855 ) ;
#1642 = ORIENTED_EDGE ( 'NONE', *, *, #2503, .F. ) ;
#1643 = DIRECTION ( 'NONE',  ( 0.0000000000000000000, 0.0000000000000000000, 1.000000000000000000 ) ) ;
#1644 = DIRECTION ( 'NONE',  ( 1.000000000000000000, 0.0000000000000000000, 0.0000000000000000000 ) ) ;
#1645 = EDGE_LOOP ( 'NONE', ( #1127, #2150, #1678, #341 ) ) ;
#1646 = ORIENTED_EDGE ( 'NONE', *, *, #1321, .F. ) ;
#1647 = EDGE_LOOP ( 'NONE', ( #2521, #1056, #267, #1465 ) ) ;
#1648 = EDGE_CURVE ( 'NONE', #2259, #365, #2392, .T. ) ;
#1649 = FACE_OUTER_BOUND ( 'NONE', #557, .T. ) ;
#1650 = CARTESIAN_POINT ( 'NONE',  ( 7.455275478652722200, 9.929655370087539600, 7.204999999999999200 ) ) ;
#1651 = APPLICATION_CONTEXT ( 'automotive_design' ) ;
#1652 = CARTESIAN_POINT ( 'NONE',  ( 3.650000000000001200, 2.234980408443919700E-016, 6.306666755999996700 ) ) ;
#1653 = LINE ( 'NONE', #662, #2830 ) ;
#1654 = ADVANCED_FACE ( 'NONE', ( #496 ), #1186, .T. ) ;
#1655 = CARTESIAN_POINT ( 'NONE',  ( 19.22229468849963000, 9.350058697642236200, 7.204999999999999200 ) ) ;
#1656 = LINE ( 'NONE', #217, #463 ) ;
#1657 = EDGE_CURVE ( 'NONE', #2217, #2444, #2644, .T. ) ;
#1658 = DIRECTION ( 'NONE',  ( -0.0000000000000000000, -0.0000000000000000000, -1.000000000000000000 ) ) ;
#1659 = EDGE_CURVE ( 'NONE', #1567, #2486, #1514, .T. ) ;
#1660 = STYLED_ITEM ( 'NONE', ( #750 ), #2363 ) ;
#1661 = FACE_OUTER_BOUND ( 'NONE', #1611, .T. ) ;
#1662 = DIRECTION ( 'NONE',  ( -0.0000000000000000000, -1.000000000000000000, -0.0000000000000000000 ) ) ;
#1663 = DIRECTION ( 'NONE',  ( 0.8015735119582765300, -0.5978962325745785800, 0.0000000000000000000 ) ) ;
#1664 = CARTESIAN_POINT ( 'NONE',  ( 9.824935253907714400, 9.929655370087539600, 7.200000000000000200 ) ) ;
#1665 = DIRECTION ( 'NONE',  ( -0.0000000000000000000, -0.0000000000000000000, 1.000000000000000000 ) ) ;
#1666 = EDGE_CURVE ( 'NONE', #1944, #746, #527, .T. ) ;
#1667 = VECTOR ( 'NONE', #1977, 1000.000000000000000 ) ;
#1668 = DIRECTION ( 'NONE',  ( -0.0000000000000000000, -0.0000000000000000000, -1.000000000000000000 ) ) ;
#1669 = DIRECTION ( 'NONE',  ( -0.0000000000000000000, -0.0000000000000000000, -1.000000000000000000 ) ) ;
#1670 = EDGE_CURVE ( 'NONE', #1424, #27, #1261, .T. ) ;
#1671 = MECHANICAL_DESIGN_GEOMETRIC_PRESENTATION_REPRESENTATION (  '', ( #542 ), #2973 ) ;
#1672 = ADVANCED_FACE ( 'NONE', ( #2429 ), #2145, .F. ) ;
#1673 = SURFACE_STYLE_FILL_AREA ( #1444 ) ;
#1674 = LINE ( 'NONE', #1361, #52 ) ;
#1675 =( LENGTH_UNIT ( ) NAMED_UNIT ( * ) SI_UNIT ( .MILLI., .METRE. ) );
#1676 = EDGE_LOOP ( 'NONE', ( #556, #2412, #1684, #2283 ) ) ;
#1677 = ORIENTED_EDGE ( 'NONE', *, *, #2977, .F. ) ;
#1678 = ORIENTED_EDGE ( 'NONE', *, *, #1517, .F. ) ;
#1679 = STYLED_ITEM ( 'NONE', ( #111 ), #2531 ) ;
#1680 = FILL_AREA_STYLE_COLOUR ( '', #1003 ) ;
#1681 = CARTESIAN_POINT ( 'NONE',  ( 7.712867912419145700, 6.927829999999908700, 7.200000000000000200 ) ) ;
#1682 = ORIENTED_EDGE ( 'NONE', *, *, #901, .T. ) ;
#1683 = EDGE_LOOP ( 'NONE', ( #1509, #1288, #898, #369 ) ) ;
#1684 = ORIENTED_EDGE ( 'NONE', *, *, #125, .F. ) ;
#1685 = DIRECTION ( 'NONE',  ( -0.3829140317376763500, 0.9237839814038765200, 0.0000000000000000000 ) ) ;
#1686 = VERTEX_POINT ( 'NONE', #1208 ) ;
#1687 = DIRECTION ( 'NONE',  ( -0.0000000000000000000, -0.0000000000000000000, -1.000000000000000000 ) ) ;
#1688 = ORIENTED_EDGE ( 'NONE', *, *, #320, .F. ) ;
#1689 = CARTESIAN_POINT ( 'NONE',  ( 16.24677438074236600, 9.929655370087539600, 7.204999999999999200 ) ) ;
#1690 = PLANE ( 'NONE',  #735 ) ;
#1691 = ORIENTED_EDGE ( 'NONE', *, *, #2290, .T. ) ;
#1692 = ADVANCED_FACE ( 'NONE', ( #601 ), #2103, .F. ) ;
#1693 = VECTOR ( 'NONE', #1662, 1000.000000000000000 ) ;
#1694 = DIRECTION ( 'NONE',  ( 1.000000000000000000, -0.0000000000000000000, -0.0000000000000000000 ) ) ;
#1695 = DIRECTION ( 'NONE',  ( -0.0000000000000000000, -1.000000000000000000, -0.0000000000000000000 ) ) ;
#1696 = MECHANICAL_DESIGN_GEOMETRIC_PRESENTATION_REPRESENTATION (  '', ( #2509 ), #2006 ) ;
#1697 = UNCERTAINTY_MEASURE_WITH_UNIT (LENGTH_MEASURE( 1.000000000000000100E-005 ), #713, 'distance_accuracy_value', 'NONE');
#1698 = DIRECTION ( 'NONE',  ( -0.8015735119582766400, -0.5978962325745785800, -0.0000000000000000000 ) ) ;
#1699 = PRESENTATION_STYLE_ASSIGNMENT (( #2124 ) ) ;
#1700 = FACE_OUTER_BOUND ( 'NONE', #2009, .T. ) ;
#1701 = DIRECTION ( 'NONE',  ( -0.0000000000000000000, -0.0000000000000000000, -1.000000000000000000 ) ) ;
#1702 = DIRECTION ( 'NONE',  ( 0.0000000000000000000, 0.0000000000000000000, -1.000000000000000000 ) ) ;
#1703 = VECTOR ( 'NONE', #2947, 1000.000000000000000 ) ;
#1704 = PLANE ( 'NONE',  #2984 ) ;
#1705 = DIRECTION ( 'NONE',  ( -1.000000000000000000, 0.0000000000000000000, 0.0000000000000000000 ) ) ;
#1706 = PRESENTATION_LAYER_ASSIGNMENT (  '', '', ( #1332 ) ) ;
#1707 = DIRECTION ( 'NONE',  ( -0.8843386665637680300, 0.4668459304955081000, 0.0000000000000000000 ) ) ;
#1708 = LINE ( 'NONE', #1817, #1037 ) ;
#1709 = DIRECTION ( 'NONE',  ( -1.000000000000000000, 0.0000000000000000000, 0.0000000000000000000 ) ) ;
#1710 = CARTESIAN_POINT ( 'NONE',  ( 9.824935253907714400, 9.929655370087539600, 7.204999999999999200 ) ) ;
#1711 = EDGE_CURVE ( 'NONE', #1206, #2713, #867, .T. ) ;
#1712 =( LENGTH_UNIT ( ) NAMED_UNIT ( * ) SI_UNIT ( .MILLI., .METRE. ) );
#1713 = LINE ( 'NONE', #1145, #509 ) ;
#1714 = ORIENTED_EDGE ( 'NONE', *, *, #2545, .T. ) ;
#1715 = VECTOR ( 'NONE', #1039, 1000.000000000000100 ) ;
#1716 = LINE ( 'NONE', #1109, #84 ) ;
#1717 = MECHANICAL_DESIGN_GEOMETRIC_PRESENTATION_REPRESENTATION (  '', ( #1836 ), #1249 ) ;
#1718 = ORIENTED_EDGE ( 'NONE', *, *, #1292, .F. ) ;
#1719 = FILL_AREA_STYLE ('',( #2624 ) ) ;
#1720 = DIRECTION ( 'NONE',  ( 0.8015735119582765300, -0.5978962325745785800, 0.0000000000000000000 ) ) ;
#1721 = ORIENTED_EDGE ( 'NONE', *, *, #1498, .F. ) ;
#1722 = ORIENTED_EDGE ( 'NONE', *, *, #1335, .T. ) ;
#1723 = EDGE_CURVE ( 'NONE', #1160, #2376, #3053, .T. ) ;
#1724 = AXIS2_PLACEMENT_3D ( 'NONE', #1088, #2989, #2743 ) ;
#1725 = SURFACE_STYLE_USAGE ( .BOTH. , #2151 ) ;
#1726 = ORIENTED_EDGE ( 'NONE', *, *, #429, .T. ) ;
#1727 = PLANE ( 'NONE',  #1002 ) ;
#1728 = VERTEX_POINT ( 'NONE', #77 ) ;
#1729 = ORIENTED_EDGE ( 'NONE', *, *, #1723, .F. ) ;
#1730 = CARTESIAN_POINT ( 'NONE',  ( 17.81339494899777200, 7.499038625920482200, 7.200000000000000200 ) ) ;
#1731 = FACE_OUTER_BOUND ( 'NONE', #127, .T. ) ;
#1732 = EDGE_CURVE ( 'NONE', #1764, #2965, #1993, .T. ) ;
#1733 = CARTESIAN_POINT ( 'NONE',  ( 0.0000000000000000000, 15.60000000000000000, 7.200000000000000200 ) ) ;
#1734 = UNCERTAINTY_MEASURE_WITH_UNIT (LENGTH_MEASURE( 1.000000000000000100E-005 ), #1675, 'distance_accuracy_value', 'NONE');
#1735 = EDGE_CURVE ( 'NONE', #1603, #2515, #385, .T. ) ;
#1736 = LINE ( 'NONE', #135, #3013 ) ;
#1737 = VECTOR ( 'NONE', #723, 1000.000000000000000 ) ;
#1738 = CARTESIAN_POINT ( 'NONE',  ( 16.77163425537493100, 8.799833879061310400, 7.204999999999999200 ) ) ;
#1739 = DIRECTION ( 'NONE',  ( -1.000000000000000000, -1.203898050721187500E-016, -1.387039016726486000E-016 ) ) ;
#1740 =( NAMED_UNIT ( * ) PLANE_ANGLE_UNIT ( ) SI_UNIT ( $, .RADIAN. ) );
#1741 = PRESENTATION_STYLE_ASSIGNMENT (( #647 ) ) ;
#1742 =( NAMED_UNIT ( * ) PLANE_ANGLE_UNIT ( ) SI_UNIT ( $, .RADIAN. ) );
#1743 = EDGE_CURVE ( 'NONE', #2705, #61, #1960, .T. ) ;
#1744 = DIRECTION ( 'NONE',  ( 0.2762437428917223800, 0.9610876102172850600, 0.0000000000000000000 ) ) ;
#1745 = LINE ( 'NONE', #1524, #1488 ) ;
#1746 = LINE ( 'NONE', #2261, #2840 ) ;
#1747 = DIRECTION ( 'NONE',  ( -1.000000000000000000, 0.0000000000000000000, 0.0000000000000000000 ) ) ;
#1748 = ORIENTED_EDGE ( 'NONE', *, *, #2948, .F. ) ;
#1749 = VECTOR ( 'NONE', #524, 999.9999999999998900 ) ;
#1750 = LINE ( 'NONE', #643, #2258 ) ;
#1751 = UNCERTAINTY_MEASURE_WITH_UNIT (LENGTH_MEASURE( 1.000000000000000100E-005 ), #408, 'distance_accuracy_value', 'NONE');
#1752 = PRESENTATION_LAYER_ASSIGNMENT (  '', '', ( #2688 ) ) ;
#1753 = CARTESIAN_POINT ( 'NONE',  ( 13.40000000000000000, 0.5551280000000008400, 0.0000000000000000000 ) ) ;
#1754 = VERTEX_POINT ( 'NONE', #1017 ) ;
#1755 = ORIENTED_EDGE ( 'NONE', *, *, #1991, .F. ) ;
#1756 = ORIENTED_EDGE ( 'NONE', *, *, #786, .T. ) ;
#1757 = ORIENTED_EDGE ( 'NONE', *, *, #1119, .T. ) ;
#1758 = MECHANICAL_DESIGN_GEOMETRIC_PRESENTATION_REPRESENTATION (  '', ( #1440 ), #1503 ) ;
#1759 = DIRECTION ( 'NONE',  ( -0.2762517575166416600, -0.9610853065513833600, 0.0000000000000000000 ) ) ;
#1760 = ORIENTED_EDGE ( 'NONE', *, *, #1301, .T. ) ;
#1761 = SURFACE_SIDE_STYLE ('',( #1401 ) ) ;
#1762 = ORIENTED_EDGE ( 'NONE', *, *, #2025, .T. ) ;
#1763 =( NAMED_UNIT ( * ) PLANE_ANGLE_UNIT ( ) SI_UNIT ( $, .RADIAN. ) );
#1764 = VERTEX_POINT ( 'NONE', #1252 ) ;
#1765 = EDGE_CURVE ( 'NONE', #2778, #1603, #914, .T. ) ;
#1766 = VERTEX_POINT ( 'NONE', #1730 ) ;
#1767 = MECHANICAL_DESIGN_GEOMETRIC_PRESENTATION_REPRESENTATION (  '', ( #1332 ), #1805 ) ;
#1768 = CARTESIAN_POINT ( 'NONE',  ( 18.05985200241929800, 8.799833879061310400, 7.204999999999999200 ) ) ;
#1769 = LINE ( 'NONE', #2839, #2563 ) ;
#1770 = DIRECTION ( 'NONE',  ( -1.000000000000000000, 0.0000000000000000000, 0.0000000000000000000 ) ) ;
#1771 = PLANE ( 'NONE',  #1467 ) ;
#1772 = DIRECTION ( 'NONE',  ( -0.0000000000000000000, 1.000000000000000000, -0.0000000000000000000 ) ) ;
#1773 = EDGE_CURVE ( 'NONE', #1089, #2512, #2569, .T. ) ;
#1774 = LINE ( 'NONE', #935, #2431 ) ;
#1775 =( LENGTH_UNIT ( ) NAMED_UNIT ( * ) SI_UNIT ( .MILLI., .METRE. ) );
#1776 = DIRECTION ( 'NONE',  ( -1.000000000000000000, -5.694109626320597000E-016, 0.0000000000000000000 ) ) ;
#1777 = AXIS2_PLACEMENT_3D ( 'NONE', #2860, #1486, #1258 ) ;
#1778 = COLOUR_RGB ( '',0.4980392156862745200, 0.4980392156862745200, 0.4980392156862745200 ) ;
#1779 = LINE ( 'NONE', #221, #2473 ) ;
#1780 = CARTESIAN_POINT ( 'NONE',  ( 3.650000000000001200, 2.234980408443919700E-016, 0.0000000000000000000 ) ) ;
#1781 =( LENGTH_UNIT ( ) NAMED_UNIT ( * ) SI_UNIT ( .MILLI., .METRE. ) );
#1782 = AXIS2_PLACEMENT_3D ( 'NONE', #2613, #2820, #2808 ) ;
#1783 = PRESENTATION_STYLE_ASSIGNMENT (( #1110 ) ) ;
#1784 = DIRECTION ( 'NONE',  ( -0.0000000000000000000, -0.0000000000000000000, -1.000000000000000000 ) ) ;
#1785 = VECTOR ( 'NONE', #1187, 1000.000000000000000 ) ;
#1786 = DIRECTION ( 'NONE',  ( 1.000000000000000000, 1.002616505299178600E-015, 0.0000000000000000000 ) ) ;
#1787 = SURFACE_STYLE_FILL_AREA ( #1365 ) ;
#1788 = EDGE_CURVE ( 'NONE', #154, #231, #2166, .T. ) ;
#1789 = FILL_AREA_STYLE ('',( #1554 ) ) ;
#1790 = ORIENTED_EDGE ( 'NONE', *, *, #629, .F. ) ;
#1791 = VECTOR ( 'NONE', #2899, 1000.000000000000100 ) ;
#1792 = VECTOR ( 'NONE', #2022, 1000.000000000000000 ) ;
#1793 = ORIENTED_EDGE ( 'NONE', *, *, #2434, .T. ) ;
#1794 = AXIS2_PLACEMENT_3D ( 'NONE', #2285, #2986, #1596 ) ;
#1795 =( NAMED_UNIT ( * ) PLANE_ANGLE_UNIT ( ) SI_UNIT ( $, .RADIAN. ) );
#1796 = ORIENTED_EDGE ( 'NONE', *, *, #1548, .F. ) ;
#1797 = PLANE ( 'NONE',  #2890 ) ;
#1798 = ORIENTED_EDGE ( 'NONE', *, *, #313, .T. ) ;
#1799 = DIRECTION ( 'NONE',  ( 1.000000000000000000, 0.0000000000000000000, 0.0000000000000000000 ) ) ;
#1800 = EDGE_LOOP ( 'NONE', ( #2853, #1392, #852, #1722, #129, #2369, #2744, #1793, #2013, #625, #2421, #2813, #156, #1352, #884, #2525, #554 ) ) ;
#1801 = VERTEX_POINT ( 'NONE', #2654 ) ;
#1802 = CARTESIAN_POINT ( 'NONE',  ( 5.737880000000000500, 6.927830000000001000, 7.204999999999999200 ) ) ;
#1803 = ORIENTED_EDGE ( 'NONE', *, *, #1092, .F. ) ;
#1804 = ORIENTED_EDGE ( 'NONE', *, *, #631, .T. ) ;
#1805 =( GEOMETRIC_REPRESENTATION_CONTEXT ( 3 ) GLOBAL_UNCERTAINTY_ASSIGNED_CONTEXT ( ( #1620 ) ) GLOBAL_UNIT_ASSIGNED_CONTEXT ( ( #2913, #1740, #319 ) ) REPRESENTATION_CONTEXT ( 'NONE', 'WORKASPACE' ) );
#1806 = CARTESIAN_POINT ( 'NONE',  ( 10.35016935282230600, 8.799934280058121100, 7.204999999999999200 ) ) ;
#1807 = CIRCLE ( 'NONE', #694, 0.4250000000000000400 ) ;
#1808 = DIRECTION ( 'NONE',  ( 1.000000000000000000, 0.0000000000000000000, 0.0000000000000000000 ) ) ;
#1809 = SURFACE_STYLE_USAGE ( .BOTH. , #2501 ) ;
#1810 = VECTOR ( 'NONE', #1268, 1000.000000000000000 ) ;
#1811 = EDGE_CURVE ( 'NONE', #2486, #2821, #170, .T. ) ;
#1812 = EDGE_CURVE ( 'NONE', #2741, #2262, #755, .T. ) ;
#1813 = DIRECTION ( 'NONE',  ( 1.000000000000000000, 0.0000000000000000000, 0.0000000000000000000 ) ) ;
#1814 = CARTESIAN_POINT ( 'NONE',  ( 12.19501932481243500, 6.927829999999906900, 7.204999999999999200 ) ) ;
#1815 = CARTESIAN_POINT ( 'NONE',  ( 12.19501932481243500, 6.927829999999906900, 7.200000000000000200 ) ) ;
#1816 = LINE ( 'NONE', #873, #1447 ) ;
#1817 = CARTESIAN_POINT ( 'NONE',  ( 9.979269833414731400, 7.498929097572961700, 7.200000000000000200 ) ) ;
#1818 = VECTOR ( 'NONE', #1963, 1000.000000000000100 ) ;
#1819 = PLANE ( 'NONE',  #2978 ) ;
#1820 = EDGE_CURVE ( 'NONE', #2897, #972, #1586, .T. ) ;
#1821 =( GEOMETRIC_REPRESENTATION_CONTEXT ( 3 ) GLOBAL_UNCERTAINTY_ASSIGNED_CONTEXT ( ( #1751 ) ) GLOBAL_UNIT_ASSIGNED_CONTEXT ( ( #408, #3012, #913 ) ) REPRESENTATION_CONTEXT ( 'NONE', 'WORKASPACE' ) );
#1822 = FACE_OUTER_BOUND ( 'NONE', #1986, .T. ) ;
#1823 = PLANE ( 'NONE',  #1213 ) ;
#1824 = CARTESIAN_POINT ( 'NONE',  ( 5.737880000000000500, 6.927830000000001000, 7.204999999999999200 ) ) ;
#1825 = ORIENTED_EDGE ( 'NONE', *, *, #2179, .F. ) ;
#1826 = DIRECTION ( 'NONE',  ( -0.0000000000000000000, -0.0000000000000000000, -1.000000000000000000 ) ) ;
#1827 = ORIENTED_EDGE ( 'NONE', *, *, #523, .T. ) ;
#1828 = DIRECTION ( 'NONE',  ( 0.05596501978069370900, 0.9984327301130240300, 0.0000000000000000000 ) ) ;
#1829 = UNCERTAINTY_MEASURE_WITH_UNIT (LENGTH_MEASURE( 1.000000000000000100E-005 ), #1115, 'distance_accuracy_value', 'NONE');
#1830 = EDGE_LOOP ( 'NONE', ( #1342, #3004, #1436, #1546 ) ) ;
#1831 = EDGE_CURVE ( 'NONE', #1241, #154, #1622, .T. ) ;
#1832 = VERTEX_POINT ( 'NONE', #2176 ) ;
#1833 = DIRECTION ( 'NONE',  ( 0.0000000000000000000, 1.000000000000000000, 0.0000000000000000000 ) ) ;
#1834 = ORIENTED_EDGE ( 'NONE', *, *, #2434, .F. ) ;
#1835 = ORIENTED_EDGE ( 'NONE', *, *, #2746, .F. ) ;
#1836 = STYLED_ITEM ( 'NONE', ( #1193 ), #810 ) ;
#1837 = CARTESIAN_POINT ( 'NONE',  ( 0.0000000000000000000, 15.60000000000000000, 6.699999999999999300 ) ) ;
#1838 = VERTEX_POINT ( 'NONE', #2158 ) ;
#1839 = ORIENTED_EDGE ( 'NONE', *, *, #1156, .T. ) ;
#1840 = DIRECTION ( 'NONE',  ( 0.2740217765954066100, 0.9617234872620595800, 0.0000000000000000000 ) ) ;
#1841 = MECHANICAL_DESIGN_GEOMETRIC_PRESENTATION_REPRESENTATION (  '', ( #2281 ), #1821 ) ;
#1842 = CARTESIAN_POINT ( 'NONE',  ( 18.30970443484510200, 9.354302921397765800, 7.204999999999999200 ) ) ;
#1843 = VECTOR ( 'NONE', #2758, 1000.000000000000200 ) ;
#1844 = DIRECTION ( 'NONE',  ( 0.0000000000000000000, 0.0000000000000000000, -1.000000000000000000 ) ) ;
#1845 = VECTOR ( 'NONE', #905, 1000.000000000000000 ) ;
#1846 = CARTESIAN_POINT ( 'NONE',  ( 6.600552705875580600, 9.929655370087539600, 7.204999999999999200 ) ) ;
#1847 =( NAMED_UNIT ( * ) SI_UNIT ( $, .STERADIAN. ) SOLID_ANGLE_UNIT ( ) );
#1848 = SURFACE_SIDE_STYLE ('',( #2795 ) ) ;
#1849 = CYLINDRICAL_SURFACE ( 'NONE', #2831, 0.4250000000000000400 ) ;
#1850 = AXIS2_PLACEMENT_3D ( 'NONE', #1814, #621, #2533 ) ;
#1851 = LINE ( 'NONE', #952, #1150 ) ;
#1852 = DIRECTION ( 'NONE',  ( 1.000000000000000000, 0.0000000000000000000, 0.0000000000000000000 ) ) ;
#1853 = VECTOR ( 'NONE', #2764, 1000.000000000000100 ) ;
#1854 = FILL_AREA_STYLE ('',( #2750 ) ) ;
#1855 = SURFACE_SIDE_STYLE ('',( #288 ) ) ;
#1856 = PLANE ( 'NONE',  #2642 ) ;
#1857 = ORIENTED_EDGE ( 'NONE', *, *, #502, .F. ) ;
#1858 = LINE ( 'NONE', #2749, #292 ) ;
#1859 = AXIS2_PLACEMENT_3D ( 'NONE', #1846, #2999, #894 ) ;
#1860 = ADVANCED_FACE ( 'NONE', ( #1180 ), #86, .F. ) ;
#1861 = CARTESIAN_POINT ( 'NONE',  ( 13.62036847658837700, 9.929655370087539600, 7.200000000000000200 ) ) ;
#1862 = ORIENTED_EDGE ( 'NONE', *, *, #1932, .T. ) ;
#1863 = VECTOR ( 'NONE', #1956, 1000.000000000000000 ) ;
#1864 = CARTESIAN_POINT ( 'NONE',  ( 22.40576400000000100, 0.5551279999999997300, 0.8933332440000005800 ) ) ;
#1865 =( LENGTH_UNIT ( ) NAMED_UNIT ( * ) SI_UNIT ( .MILLI., .METRE. ) );
#1866 = ORIENTED_EDGE ( 'NONE', *, *, #1980, .F. ) ;
#1867 = SURFACE_STYLE_USAGE ( .BOTH. , #1570 ) ;
#1868 = ORIENTED_EDGE ( 'NONE', *, *, #2397, .F. ) ;
#1869 = DIRECTION ( 'NONE',  ( 0.0000000000000000000, 0.0000000000000000000, 1.000000000000000000 ) ) ;
#1870 = ORIENTED_EDGE ( 'NONE', *, *, #675, .F. ) ;
#1871 = EDGE_CURVE ( 'NONE', #1217, #1241, #2274, .T. ) ;
#1872 = EDGE_LOOP ( 'NONE', ( #1282, #228, #298, #773 ) ) ;
#1873 = VERTEX_POINT ( 'NONE', #1239 ) ;
#1874 = CARTESIAN_POINT ( 'NONE',  ( 8.626224864559842900, 6.927829999999908700, 7.200000000000000200 ) ) ;
#1875 = MECHANICAL_DESIGN_GEOMETRIC_PRESENTATION_REPRESENTATION (  '', ( #225 ), #2030 ) ;
#1876 = ORIENTED_EDGE ( 'NONE', *, *, #2711, .F. ) ;
#1877 = CARTESIAN_POINT ( 'NONE',  ( 0.0000000000000000000, 0.0000000000000000000, 0.0000000000000000000 ) ) ;
#1878 = CARTESIAN_POINT ( 'NONE',  ( 12.04258323918537400, 9.929655370087539600, 7.204999999999999200 ) ) ;
#1879 = CARTESIAN_POINT ( 'NONE',  ( 13.61281824315566300, 6.927829999999906900, 7.204999999999999200 ) ) ;
#1880 = ADVANCED_FACE ( 'NONE', ( #72 ), #949, .T. ) ;
#1881 = DIRECTION ( 'NONE',  ( -1.000000000000000000, 0.0000000000000000000, 0.0000000000000000000 ) ) ;
#1882 = EDGE_CURVE ( 'NONE', #296, #447, #1363, .T. ) ;
#1883 =( GEOMETRIC_REPRESENTATION_CONTEXT ( 3 ) GLOBAL_UNCERTAINTY_ASSIGNED_CONTEXT ( ( #1070 ) ) GLOBAL_UNIT_ASSIGNED_CONTEXT ( ( #1928, #957, #1438 ) ) REPRESENTATION_CONTEXT ( 'NONE', 'WORKASPACE' ) );
#1884 = DIRECTION ( 'NONE',  ( 0.0000000000000000000, 0.0000000000000000000, -1.000000000000000000 ) ) ;
#1885 = VECTOR ( 'NONE', #1623, 1000.000000000000000 ) ;
#1886 = EDGE_CURVE ( 'NONE', #747, #2479, #2752, .T. ) ;
#1887 = UNCERTAINTY_MEASURE_WITH_UNIT (LENGTH_MEASURE( 1.000000000000000100E-005 ), #2407, 'distance_accuracy_value', 'NONE');
#1888 = FILL_AREA_STYLE ('',( #958 ) ) ;
#1889 = DIRECTION ( 'NONE',  ( -1.000000000000000000, 0.0000000000000000000, 0.0000000000000000000 ) ) ;
#1890 = DIRECTION ( 'NONE',  ( -0.0000000000000000000, -0.0000000000000000000, -1.000000000000000000 ) ) ;
#1891 = EDGE_CURVE ( 'NONE', #2195, #2599, #105, .T. ) ;
#1892 = CARTESIAN_POINT ( 'NONE',  ( 18.05985200241929800, 8.799833879061310400, 7.200000000000000200 ) ) ;
#1893 = ADVANCED_FACE ( 'NONE', ( #563, #2720, #312 ), #1771, .T. ) ;
#1894 = FILL_AREA_STYLE ('',( #2144 ) ) ;
#1895 = VECTOR ( 'NONE', #2666, 1000.000000000000000 ) ;
#1896 = CARTESIAN_POINT ( 'NONE',  ( 19.22229468849963000, 9.350058697642236200, 7.204999999999999200 ) ) ;
#1897 =( LENGTH_UNIT ( ) NAMED_UNIT ( * ) SI_UNIT ( .MILLI., .METRE. ) );
#1898 =( NAMED_UNIT ( * ) SI_UNIT ( $, .STERADIAN. ) SOLID_ANGLE_UNIT ( ) );
#1899 = LINE ( 'NONE', #1065, #295 ) ;
#1900 = LINE ( 'NONE', #959, #2216 ) ;
#1901 = DIRECTION ( 'NONE',  ( -0.8015735119582766400, -0.5978962325745785800, -1.111813735860603900E-016 ) ) ;
#1902 = VERTEX_POINT ( 'NONE', #1997 ) ;
#1903 = LINE ( 'NONE', #1541, #1242 ) ;
#1904 = LINE ( 'NONE', #2597, #612 ) ;
#1905 = ORIENTED_EDGE ( 'NONE', *, *, #2765, .T. ) ;
#1906 = CARTESIAN_POINT ( 'NONE',  ( 25.90666675600000000, 0.7500000000000000000, 0.8933332440000005800 ) ) ;
#1907 = CARTESIAN_POINT ( 'NONE',  ( 5.737880000000000500, 6.927830000000001000, 7.200000000000000200 ) ) ;
#1908 = VERTEX_POINT ( 'NONE', #1988 ) ;
#1909 = ORIENTED_EDGE ( 'NONE', *, *, #1102, .T. ) ;
#1910 =( LENGTH_UNIT ( ) NAMED_UNIT ( * ) SI_UNIT ( .MILLI., .METRE. ) );
#1911 = CARTESIAN_POINT ( 'NONE',  ( 18.52587689811365800, 6.927829999999908700, 7.204999999999999200 ) ) ;
#1912 = VERTEX_POINT ( 'NONE', #2686 ) ;
#1913 = ORIENTED_EDGE ( 'NONE', *, *, #753, .T. ) ;
#1914 = ADVANCED_FACE ( 'NONE', ( #1649 ), #2235, .F. ) ;
#1915 = DIRECTION ( 'NONE',  ( 0.0000000000000000000, -1.000000000000000000, 0.0000000000000000000 ) ) ;
#1916 = ORIENTED_EDGE ( 'NONE', *, *, #1265, .F. ) ;
#1917 = PLANE ( 'NONE',  #1106 ) ;
#1918 = ORIENTED_EDGE ( 'NONE', *, *, #591, .F. ) ;
#1919 = STYLED_ITEM ( 'NONE', ( #2222 ), #49 ) ;
#1921 = CARTESIAN_POINT ( 'NONE',  ( 0.0000000000000000000, 0.0000000000000000000, 0.0000000000000000000 ) ) ;
#1920 = LINE ( 'NONE', #2832, #2678 ) ;
#1922 =( LENGTH_UNIT ( ) NAMED_UNIT ( * ) SI_UNIT ( .MILLI., .METRE. ) );
#1923 = VECTOR ( 'NONE', #710, 1000.000000000000000 ) ;
#1924 = FACE_OUTER_BOUND ( 'NONE', #1096, .T. ) ;
#1925 = DIRECTION ( 'NONE',  ( 0.0000000000000000000, 0.0000000000000000000, -1.000000000000000000 ) ) ;
#1926 = PRESENTATION_LAYER_ASSIGNMENT (  '', '', ( #421 ) ) ;
#1927 = ADVANCED_FACE ( 'NONE', ( #910 ), #1279, .F. ) ;
#1928 =( LENGTH_UNIT ( ) NAMED_UNIT ( * ) SI_UNIT ( .MILLI., .METRE. ) );
#1929 = PRESENTATION_STYLE_ASSIGNMENT (( #2000 ) ) ;
#1930 = CARTESIAN_POINT ( 'NONE',  ( 20.89907209255935100, 9.349993450466376600, 7.204999999999999200 ) ) ;
#1931 = FACE_OUTER_BOUND ( 'NONE', #25, .T. ) ;
#1932 = EDGE_CURVE ( 'NONE', #2598, #711, #1027, .T. ) ;
#1933 = COLOUR_RGB ( '',0.7921568627450980000, 0.8196078431372548800, 0.9333333333333333500 ) ;
#1934 = DIRECTION ( 'NONE',  ( -1.000000000000000000, -0.0000000000000000000, -0.0000000000000000000 ) ) ;
#1935 = VECTOR ( 'NONE', #500, 1000.000000000000000 ) ;
#1936 = AXIS2_PLACEMENT_3D ( 'NONE', #2129, #2815, #3046 ) ;
#1937 = CARTESIAN_POINT ( 'NONE',  ( 7.712867912419145700, 6.927829999999908700, 7.204999999999999200 ) ) ;
#1938 = VECTOR ( 'NONE', #917, 1000.000000000000000 ) ;
#1939 = VECTOR ( 'NONE', #1197, 1000.000000000000000 ) ;
#1940 =( NAMED_UNIT ( * ) SI_UNIT ( $, .STERADIAN. ) SOLID_ANGLE_UNIT ( ) );
#1941 = EDGE_LOOP ( 'NONE', ( #1909, #2780, #1834, #1136 ) ) ;
#1942 = LINE ( 'NONE', #2021, #2627 ) ;
#1943 = STYLED_ITEM ( 'NONE', ( #1327 ), #2220 ) ;
#1944 = VERTEX_POINT ( 'NONE', #1057 ) ;
#1945 = EDGE_LOOP ( 'NONE', ( #620, #1609, #1210, #2920, #1285, #547, #2663, #2667 ) ) ;
#1946 = ORIENTED_EDGE ( 'NONE', *, *, #2227, .F. ) ;
#1947 = PLANE ( 'NONE',  #2347 ) ;
#1948 = ORIENTED_EDGE ( 'NONE', *, *, #2618, .F. ) ;
#1949 = CARTESIAN_POINT ( 'NONE',  ( 14.56854981385287200, 9.929655370087539600, 7.204999999999999200 ) ) ;
#1950 = ORIENTED_EDGE ( 'NONE', *, *, #1069, .F. ) ;
#1951 = EDGE_CURVE ( 'NONE', #2044, #1424, #1260, .T. ) ;
#1952 = EDGE_CURVE ( 'NONE', #2301, #416, #278, .T. ) ;
#1953 = ORIENTED_EDGE ( 'NONE', *, *, #2827, .F. ) ;
#1954 = VECTOR ( 'NONE', #853, 1000.000000000000000 ) ;
#1955 = CARTESIAN_POINT ( 'NONE',  ( 6.600552705875580600, 9.929655370087539600, 7.200000000000000200 ) ) ;
#1956 = DIRECTION ( 'NONE',  ( -0.0000000000000000000, -1.000000000000000000, -0.0000000000000000000 ) ) ;
#1957 = PRESENTATION_LAYER_ASSIGNMENT (  '', '', ( #2509 ) ) ;
#1958 = EDGE_CURVE ( 'NONE', #363, #2739, #991, .T. ) ;
#1959 = VECTOR ( 'NONE', #1103, 1000.000000000000000 ) ;
#1960 = LINE ( 'NONE', #2426, #248 ) ;
#1961 = COLOUR_RGB ( '',0.8980392156862745400, 0.9215686274509803400, 0.9294117647058823800 ) ;
#1962 = DIRECTION ( 'NONE',  ( 0.2763139702539113600, 0.9610674221107073900, 0.0000000000000000000 ) ) ;
#1963 = DIRECTION ( 'NONE',  ( 0.7145695586382624400, 0.6995643972269591800, 0.0000000000000000000 ) ) ;
#1964 = CARTESIAN_POINT ( 'NONE',  ( 26.30000000000000100, 15.60000000000000000, 7.200000000000000200 ) ) ;
#1965 = DIRECTION ( 'NONE',  ( -0.3725077383643967100, 0.9280290862137037200, 0.0000000000000000000 ) ) ;
#1966 = LINE ( 'NONE', #1223, #431 ) ;
#1967 = PRESENTATION_LAYER_ASSIGNMENT (  '', '', ( #2019 ) ) ;
#1968 = ADVANCED_FACE ( 'NONE', ( #1731 ), #2282, .F. ) ;
#1969 = EDGE_CURVE ( 'NONE', #2591, #1972, #382, .T. ) ;
#1970 = PLANE ( 'NONE',  #1062 ) ;
#1971 = SURFACE_STYLE_FILL_AREA ( #79 ) ;
#1972 = VERTEX_POINT ( 'NONE', #2757 ) ;
#1973 = LINE ( 'NONE', #1560, #2371 ) ;
#1974 =( GEOMETRIC_REPRESENTATION_CONTEXT ( 3 ) GLOBAL_UNCERTAINTY_ASSIGNED_CONTEXT ( ( #1148 ) ) GLOBAL_UNIT_ASSIGNED_CONTEXT ( ( #2937, #2690, #1527 ) ) REPRESENTATION_CONTEXT ( 'NONE', 'WORKASPACE' ) );
#1975 = ORIENTED_EDGE ( 'NONE', *, *, #2587, .F. ) ;
#1976 = DIRECTION ( 'NONE',  ( -0.9999891854650021500, 0.004650693823678667000, 0.0000000000000000000 ) ) ;
#1977 = DIRECTION ( 'NONE',  ( -1.000000000000000000, 0.0000000000000000000, 0.0000000000000000000 ) ) ;
#1978 = ORIENTED_EDGE ( 'NONE', *, *, #2903, .T. ) ;
#1979 = ORIENTED_EDGE ( 'NONE', *, *, #177, .F. ) ;
#1980 = EDGE_CURVE ( 'NONE', #1024, #1418, #2390, .T. ) ;
#1981 = AXIS2_PLACEMENT_3D ( 'NONE', #2091, #875, #189 ) ;
#1982 = CARTESIAN_POINT ( 'NONE',  ( 0.0000000000000000000, 0.0000000000000000000, 7.200000000000000200 ) ) ;
#1983 = ORIENTED_EDGE ( 'NONE', *, *, #1711, .T. ) ;
#1984 = DIRECTION ( 'NONE',  ( 0.0000000000000000000, 0.0000000000000000000, -1.000000000000000000 ) ) ;
#1985 = ORIENTED_EDGE ( 'NONE', *, *, #1256, .F. ) ;
#1986 = EDGE_LOOP ( 'NONE', ( #2087, #1506, #1677, #1978 ) ) ;
#1987 = VERTEX_POINT ( 'NONE', #1192 ) ;
#1988 = CARTESIAN_POINT ( 'NONE',  ( 2.150000000000000800, -27.00000000000000000, 4.025000000000000400 ) ) ;
#1989 = DIRECTION ( 'NONE',  ( -0.0000000000000000000, -0.0000000000000000000, -1.000000000000000000 ) ) ;
#1990 = LINE ( 'NONE', #2634, #945 ) ;
#1991 = EDGE_CURVE ( 'NONE', #375, #1873, #2790, .T. ) ;
#1992 = SURFACE_STYLE_USAGE ( .BOTH. , #1519 ) ;
#1993 = LINE ( 'NONE', #529, #2829 ) ;
#1994 = FILL_AREA_STYLE ('',( #322 ) ) ;
#1995 = EDGE_CURVE ( 'NONE', #2675, #334, #598, .T. ) ;
#1996 = CARTESIAN_POINT ( 'NONE',  ( 13.61281824315566300, 6.927829999999906900, 7.200000000000000200 ) ) ;
#1997 = CARTESIAN_POINT ( 'NONE',  ( 7.950617461619126300, 8.557739705116359700, 7.200000000000000200 ) ) ;
#1998 = CARTESIAN_POINT ( 'NONE',  ( 26.80000000000000100, 15.60000000000000000, 7.200000000000000200 ) ) ;
#1999 = VECTOR ( 'NONE', #251, 1000.000000000000000 ) ;
#2000 = SURFACE_STYLE_USAGE ( .BOTH. , #1511 ) ;
#2001 = VECTOR ( 'NONE', #549, 1000.000000000000000 ) ;
#2002 = CARTESIAN_POINT ( 'NONE',  ( 3.650000000000001200, 2.234980408443919700E-016, 7.200000000000000200 ) ) ;
#2003 = DIRECTION ( 'NONE',  ( 0.0000000000000000000, -1.000000000000000000, 0.0000000000000000000 ) ) ;
#2004 = SURFACE_STYLE_FILL_AREA ( #173 ) ;
#2005 = LINE ( 'NONE', #1435, #191 ) ;
#2006 =( GEOMETRIC_REPRESENTATION_CONTEXT ( 3 ) GLOBAL_UNCERTAINTY_ASSIGNED_CONTEXT ( ( #2271 ) ) GLOBAL_UNIT_ASSIGNED_CONTEXT ( ( #161, #3009, #2047 ) ) REPRESENTATION_CONTEXT ( 'NONE', 'WORKASPACE' ) );
#2007 = CARTESIAN_POINT ( 'NONE',  ( 20.89907209255935100, 9.349993450466376600, 7.204999999999999200 ) ) ;
#2008 = CARTESIAN_POINT ( 'NONE',  ( 12.34199725223673700, 9.929655370087539600, 7.200000000000000200 ) ) ;
#2009 = EDGE_LOOP ( 'NONE', ( #2893, #1642, #22, #1281 ) ) ;
#2010 = LINE ( 'NONE', #1064, #3033 ) ;
#2011 = CARTESIAN_POINT ( 'NONE',  ( 23.15000000000000200, 2.234980408443919700E-016, 0.0000000000000000000 ) ) ;
#2012 = VERTEX_POINT ( 'NONE', #1906 ) ;
#2013 = ORIENTED_EDGE ( 'NONE', *, *, #734, .T. ) ;
#2014 = CARTESIAN_POINT ( 'NONE',  ( 23.15000000000000200, 2.234980408443919700E-016, 0.8933332440000005800 ) ) ;
#2015 = VERTEX_POINT ( 'NONE', #1681 ) ;
#2016 = UNCERTAINTY_MEASURE_WITH_UNIT (LENGTH_MEASURE( 1.000000000000000100E-005 ), #2045, 'distance_accuracy_value', 'NONE');
#2017 = ORIENTED_EDGE ( 'NONE', *, *, #912, .T. ) ;
#2018 = ORIENTED_EDGE ( 'NONE', *, *, #2345, .F. ) ;
#2019 = STYLED_ITEM ( 'NONE', ( #2880 ), #2706 ) ;
#2020 = PLANE ( 'NONE',  #2751 ) ;
#2021 = CARTESIAN_POINT ( 'NONE',  ( 13.50492685657716400, 7.785112756973051200, 7.200000000000000200 ) ) ;
#2022 = DIRECTION ( 'NONE',  ( -0.0000000000000000000, -0.0000000000000000000, -1.000000000000000000 ) ) ;
#2023 = VECTOR ( 'NONE', #168, 1000.000000000000000 ) ;
#2024 = CARTESIAN_POINT ( 'NONE',  ( 19.22229468849963000, 9.350058697642236200, 7.200000000000000200 ) ) ;
#2025 = EDGE_CURVE ( 'NONE', #2165, #2932, #1550, .T. ) ;
#2026 = SURFACE_STYLE_FILL_AREA ( #1719 ) ;
#2027 = CARTESIAN_POINT ( 'NONE',  ( 7.088337234751736400, 8.649560976050040000, 7.204999999999999200 ) ) ;
#2028 = VECTOR ( 'NONE', #2499, 1000.000000000000000 ) ;
#2029 = DIRECTION ( 'NONE',  ( -1.000000000000000000, 0.0000000000000000000, 0.0000000000000000000 ) ) ;
#2030 =( GEOMETRIC_REPRESENTATION_CONTEXT ( 3 ) GLOBAL_UNCERTAINTY_ASSIGNED_CONTEXT ( ( #1887 ) ) GLOBAL_UNIT_ASSIGNED_CONTEXT ( ( #2407, #2140, #32 ) ) REPRESENTATION_CONTEXT ( 'NONE', 'WORKASPACE' ) );
#2031 = LINE ( 'NONE', #2898, #1409 ) ;
#2032 = PLANE ( 'NONE',  #284 ) ;
#2033 = FACE_OUTER_BOUND ( 'NONE', #2783, .T. ) ;
#2034 = PRODUCT_DEFINITION_CONTEXT ( 'detailed design', #2459, 'design' ) ;
#2035 = DIRECTION ( 'NONE',  ( 0.0000000000000000000, -1.000000000000000000, 0.0000000000000000000 ) ) ;
#2036 = CARTESIAN_POINT ( 'NONE',  ( 18.52587689811365800, 6.927829999999908700, 7.200000000000000200 ) ) ;
#2037 = SURFACE_STYLE_FILL_AREA ( #100 ) ;
#2038 = LINE ( 'NONE', #1421, #2846 ) ;
#2039 = VECTOR ( 'NONE', #703, 1000.000000000000000 ) ;
#2040 = EDGE_CURVE ( 'NONE', #269, #61, #2719, .T. ) ;
#2041 = EDGE_LOOP ( 'NONE', ( #376, #934, #1128, #407 ) ) ;
#2042 = VECTOR ( 'NONE', #1074, 1000.000000000000100 ) ;
#2043 = PRESENTATION_STYLE_ASSIGNMENT (( #175 ) ) ;
#2044 = VERTEX_POINT ( 'NONE', #3015 ) ;
#2045 =( LENGTH_UNIT ( ) NAMED_UNIT ( * ) SI_UNIT ( .MILLI., .METRE. ) );
#2046 = ORIENTED_EDGE ( 'NONE', *, *, #46, .F. ) ;
#2047 =( NAMED_UNIT ( * ) SI_UNIT ( $, .STERADIAN. ) SOLID_ANGLE_UNIT ( ) );
#2048 = ORIENTED_EDGE ( 'NONE', *, *, #2098, .F. ) ;
#2049 = EDGE_LOOP ( 'NONE', ( #404, #1171, #744, #589 ) ) ;
#2050 = DIRECTION ( 'NONE',  ( 1.000000000000000000, 0.0000000000000000000, 0.0000000000000000000 ) ) ;
#2051 = ORIENTED_EDGE ( 'NONE', *, *, #1445, .T. ) ;
#2052 = CARTESIAN_POINT ( 'NONE',  ( 20.89907209255935100, 9.349993450466376600, 7.200000000000000200 ) ) ;
#2053 = EDGE_LOOP ( 'NONE', ( #731, #2674, #550, #2849 ) ) ;
#2054 = DIRECTION ( 'NONE',  ( 0.9610992334315862100, -0.2762033010252005200, 0.0000000000000000000 ) ) ;
#2055 = CARTESIAN_POINT ( 'NONE',  ( 26.80000000000000100, 15.60000000000000000, 0.0000000000000000000 ) ) ;
#2056 = ADVANCED_FACE ( 'NONE', ( #423 ), #1594, .F. ) ;
#2057 = VECTOR ( 'NONE', #1687, 1000.000000000000000 ) ;
#2058 = DIRECTION ( 'NONE',  ( -0.0000000000000000000, -0.0000000000000000000, -1.000000000000000000 ) ) ;
#2059 = DIRECTION ( 'NONE',  ( 0.0000000000000000000, -1.000000000000000000, 0.0000000000000000000 ) ) ;
#2060 = VECTOR ( 'NONE', #891, 999.9999999999998900 ) ;
#2061 = AXIS2_PLACEMENT_3D ( 'NONE', #1837, #400, #2782 ) ;
#2062 = SURFACE_STYLE_FILL_AREA ( #2916 ) ;
#2063 = CARTESIAN_POINT ( 'NONE',  ( 0.0000000000000000000, 15.60000000000000000, 0.0000000000000000000 ) ) ;
#2064 = PLANE ( 'NONE',  #1172 ) ;
#2065 = PRESENTATION_LAYER_ASSIGNMENT (  '', '', ( #2219 ) ) ;
#2066 = LINE ( 'NONE', #1636, #1999 ) ;
#2067 = DIRECTION ( 'NONE',  ( -1.000000000000000000, 0.0000000000000000000, -1.387039016726486000E-016 ) ) ;
#2068 = LINE ( 'NONE', #795, #1667 ) ;
#2069 = DIRECTION ( 'NONE',  ( 1.000000000000000000, 5.694109626320596000E-016, 0.0000000000000000000 ) ) ;
#2070 = EDGE_CURVE ( 'NONE', #1728, #861, #2532, .T. ) ;
#2071 = DIRECTION ( 'NONE',  ( -0.0000000000000000000, 1.000000000000000000, -0.0000000000000000000 ) ) ;
#2072 = VERTEX_POINT ( 'NONE', #2101 ) ;
#2073 = LINE ( 'NONE', #2770, #1086 ) ;
#2074 = SURFACE_SIDE_STYLE ('',( #2735 ) ) ;
#2075 = ORIENTED_EDGE ( 'NONE', *, *, #920, .F. ) ;
#2076 = ORIENTED_EDGE ( 'NONE', *, *, #2657, .T. ) ;
#2077 = EDGE_CURVE ( 'NONE', #447, #3037, #1067, .T. ) ;
#2078 = FILL_AREA_STYLE_COLOUR ( '', #2355 ) ;
#2079 = VERTEX_POINT ( 'NONE', #1861 ) ;
#2080 = ORIENTED_EDGE ( 'NONE', *, *, #1871, .T. ) ;
#2081 = ORIENTED_EDGE ( 'NONE', *, *, #618, .T. ) ;
#2082 = STYLED_ITEM ( 'NONE', ( #1783 ), #974 ) ;
#2083 = CARTESIAN_POINT ( 'NONE',  ( 11.48008211747157700, 8.244999742213012800, 7.204999999999999200 ) ) ;
#2084 = CARTESIAN_POINT ( 'NONE',  ( 7.950617461619126300, 8.557739705116359700, 7.204999999999999200 ) ) ;
#2085 = ORIENTED_EDGE ( 'NONE', *, *, #1036, .F. ) ;
#2086 = CARTESIAN_POINT ( 'NONE',  ( 24.64999999999999900, -27.00000000000000000, 3.600000000000000100 ) ) ;
#2087 = ORIENTED_EDGE ( 'NONE', *, *, #1231, .T. ) ;
#2088 = ADVANCED_FACE ( 'NONE', ( #2238 ), #904, .F. ) ;
#2089 =( NAMED_UNIT ( * ) PLANE_ANGLE_UNIT ( ) SI_UNIT ( $, .RADIAN. ) );
#2090 = VERTEX_POINT ( 'NONE', #1602 ) ;
#2091 = CARTESIAN_POINT ( 'NONE',  ( 0.5000000000000000000, 15.60000000000000000, 7.200000000000000200 ) ) ;
#2093 = CARTESIAN_POINT ( 'NONE',  ( 17.90134621804373400, 8.244999742206992700, 7.200000000000000200 ) ) ;
#2092 = VECTOR ( 'NONE', #2577, 1000.000000000000200 ) ;
#2094 = DIRECTION ( 'NONE',  ( -0.0000000000000000000, -0.0000000000000000000, -1.000000000000000000 ) ) ;
#2095 = DIRECTION ( 'NONE',  ( 0.0000000000000000000, 0.0000000000000000000, -1.000000000000000000 ) ) ;
#2096 = VECTOR ( 'NONE', #44, 1000.000000000000200 ) ;
#2097 = CARTESIAN_POINT ( 'NONE',  ( 13.40000000000000000, 0.5551280000000008400, 7.200000000000000200 ) ) ;
#2098 = EDGE_CURVE ( 'NONE', #334, #2196, #2170, .T. ) ;
#2099 =( GEOMETRIC_REPRESENTATION_CONTEXT ( 3 ) GLOBAL_UNCERTAINTY_ASSIGNED_CONTEXT ( ( #1734 ) ) GLOBAL_UNIT_ASSIGNED_CONTEXT ( ( #1675, #1451, #1940 ) ) REPRESENTATION_CONTEXT ( 'NONE', 'WORKASPACE' ) );
#2100 = ADVANCED_FACE ( 'NONE', ( #1178 ), #2295, .F. ) ;
#2101 = CARTESIAN_POINT ( 'NONE',  ( 23.15000000000000200, 2.234980408443919700E-016, 7.200000000000000200 ) ) ;
#2102 =( BOUNDED_CURVE ( )  B_SPLINE_CURVE ( 3, ( #2352, #1195, #2798, #3040 ),
 .UNSPECIFIED., .F., .F. ) 
 B_SPLINE_CURVE_WITH_KNOTS ( ( 4, 4 ),
 ( 3.141592653589793100, 4.712388980384689700 ),
 .UNSPECIFIED. ) 
 CURVE ( )  GEOMETRIC_REPRESENTATION_ITEM ( )  RATIONAL_B_SPLINE_CURVE ( ( 1.000000000000000000, 0.8047378541243649400, 0.8047378541243649400, 1.000000000000000000 ) ) 
 REPRESENTATION_ITEM ( '' )  );
#2103 = PLANE ( 'NONE',  #2692 ) ;
#2104 = COLOUR_RGB ( '',0.8980392156862745400, 0.9215686274509803400, 0.9294117647058823800 ) ;
#2105 = DIRECTION ( 'NONE',  ( -0.9615825319869153500, 0.2745159998572631000, 0.0000000000000000000 ) ) ;
#2106 = CARTESIAN_POINT ( 'NONE',  ( 24.64999999999999900, 0.7500000000000006700, 4.025000000000000400 ) ) ;
#2107 = LINE ( 'NONE', #1911, #1938 ) ;
#2108 = VECTOR ( 'NONE', #1901, 999.9999999999998900 ) ;
#2109 = ORIENTED_EDGE ( 'NONE', *, *, #2632, .T. ) ;
#2110 = ORIENTED_EDGE ( 'NONE', *, *, #1958, .T. ) ;
#2111 = SURFACE_STYLE_FILL_AREA ( #1994 ) ;
#2112 =( NAMED_UNIT ( * ) PLANE_ANGLE_UNIT ( ) SI_UNIT ( $, .RADIAN. ) );
#2113 = APPLICATION_PROTOCOL_DEFINITION ( 'draft international standard', 'automotive_design', 1998, #1651 ) ;
#2114 = PLANE ( 'NONE',  #506 ) ;
#2115 = ORIENTED_EDGE ( 'NONE', *, *, #87, .T. ) ;
#2116 = CARTESIAN_POINT ( 'NONE',  ( 16.61331101825768600, 8.244999742206992700, 7.204999999999999200 ) ) ;
#2117 = ADVANCED_FACE ( 'NONE', ( #33 ), #192, .F. ) ;
#2118 = ORIENTED_EDGE ( 'NONE', *, *, #2803, .T. ) ;
#2119 = ORIENTED_EDGE ( 'NONE', *, *, #2665, .F. ) ;
#2120 = EDGE_CURVE ( 'NONE', #2015, #1273, #525, .T. ) ;
#2121 = VERTEX_POINT ( 'NONE', #432 ) ;
#2122 = ORIENTED_EDGE ( 'NONE', *, *, #347, .F. ) ;
#2123 =( GEOMETRIC_REPRESENTATION_CONTEXT ( 3 ) GLOBAL_UNCERTAINTY_ASSIGNED_CONTEXT ( ( #2016 ) ) GLOBAL_UNIT_ASSIGNED_CONTEXT ( ( #2045, #1795, #2475 ) ) REPRESENTATION_CONTEXT ( 'NONE', 'WORKASPACE' ) );
#2124 = SURFACE_STYLE_USAGE ( .BOTH. , #245 ) ;
#2125 = ORIENTED_EDGE ( 'NONE', *, *, #2411, .F. ) ;
#2126 = CARTESIAN_POINT ( 'NONE',  ( 13.62036847658837700, 9.929655370087539600, 7.204999999999999200 ) ) ;
#2127 = CARTESIAN_POINT ( 'NONE',  ( 25.90666675600000000, 0.7500000000000000000, 6.306666755999999400 ) ) ;
#2128 = FACE_OUTER_BOUND ( 'NONE', #2049, .T. ) ;
#2129 = CARTESIAN_POINT ( 'NONE',  ( 24.64999999999999900, 0.7500000000000006700, 3.600000000000000100 ) ) ;
#2130 = EDGE_CURVE ( 'NONE', #2161, #1471, #1475, .T. ) ;
#2131 = AXIS2_PLACEMENT_3D ( 'NONE', #1173, #2590, #1183 ) ;
#2132 = VECTOR ( 'NONE', #1441, 1000.000000000000000 ) ;
#2133 = LINE ( 'NONE', #2546, #1553 ) ;
#2134 = ADVANCED_FACE ( 'NONE', ( #211 ), #232, .F. ) ;
#2135 = DIRECTION ( 'NONE',  ( -0.2762033010252004700, -0.9610992334315862100, -0.0000000000000000000 ) ) ;
#2136 = SURFACE_STYLE_FILL_AREA ( #1122 ) ;
#2137 = DIRECTION ( 'NONE',  ( -0.5978962325745786900, -0.8015735119582766400, 0.0000000000000000000 ) ) ;
#2138 = CARTESIAN_POINT ( 'NONE',  ( 15.38334410133418800, 6.927829999999906900, 7.204999999999999200 ) ) ;
#2139 = EDGE_CURVE ( 'NONE', #1273, #1902, #833, .T. ) ;
#2140 =( NAMED_UNIT ( * ) PLANE_ANGLE_UNIT ( ) SI_UNIT ( $, .RADIAN. ) );
#2141 = CARTESIAN_POINT ( 'NONE',  ( 0.8933332440000000300, 0.7500000000000000000, 0.8933332440000003600 ) ) ;
#2142 = COLOUR_RGB ( '',0.4980392156862745200, 0.4980392156862745200, 0.4980392156862745200 ) ;
#2143 = MECHANICAL_DESIGN_GEOMETRIC_PRESENTATION_REPRESENTATION (  '', ( #2241 ), #1521 ) ;
#2144 = FILL_AREA_STYLE_COLOUR ( '', #635 ) ;
#2145 = PLANE ( 'NONE',  #2536 ) ;
#2146 = CARTESIAN_POINT ( 'NONE',  ( -0.3258226722601034200, -2.788102867824073800, 7.204999999999999200 ) ) ;
#2147 = FACE_OUTER_BOUND ( 'NONE', #2377, .T. ) ;
#2148 = ADVANCED_FACE ( 'NONE', ( #2566 ), #259, .F. ) ;
#2149 = AXIS2_PLACEMENT_3D ( 'NONE', #1738, #106, #2223 ) ;
#2150 = ORIENTED_EDGE ( 'NONE', *, *, #900, .F. ) ;
#2151 = SURFACE_SIDE_STYLE ('',( #645 ) ) ;
#2152 = VECTOR ( 'NONE', #948, 1000.000000000000000 ) ;
#2153 = ORIENTED_EDGE ( 'NONE', *, *, #1670, .F. ) ;
#2154 = ORIENTED_EDGE ( 'NONE', *, *, #2567, .T. ) ;
#2155 = DIRECTION ( 'NONE',  ( 0.05375259206908576700, 0.9985542843760946100, 0.0000000000000000000 ) ) ;
#2156 = ORIENTED_EDGE ( 'NONE', *, *, #2389, .F. ) ;
#2157 = ORIENTED_EDGE ( 'NONE', *, *, #2249, .T. ) ;
#2158 = CARTESIAN_POINT ( 'NONE',  ( 7.950617461619126300, 8.557739705116359700, 7.204999999999999200 ) ) ;
#2159 = FILL_AREA_STYLE ('',( #2606 ) ) ;
#2160 = ORIENTED_EDGE ( 'NONE', *, *, #2684, .T. ) ;
#2161 = VERTEX_POINT ( 'NONE', #719 ) ;
#2162 = FILL_AREA_STYLE ('',( #276 ) ) ;
#2163 = ORIENTED_EDGE ( 'NONE', *, *, #2447, .T. ) ;
#2164 = CARTESIAN_POINT ( 'NONE',  ( 17.81339494899777200, 7.499038625920482200, 7.204999999999999200 ) ) ;
#2165 = VERTEX_POINT ( 'NONE', #1921 ) ;
#2166 =( BOUNDED_CURVE ( )  B_SPLINE_CURVE ( 3, ( #770, #2882, #261, #2432 ),
 .UNSPECIFIED., .F., .F. ) 
 B_SPLINE_CURVE_WITH_KNOTS ( ( 4, 4 ),
 ( 0.0000000000000000000, 1.570796326794896600 ),
 .UNSPECIFIED. ) 
 CURVE ( )  GEOMETRIC_REPRESENTATION_ITEM ( )  RATIONAL_B_SPLINE_CURVE ( ( 1.000000000000000000, 0.8047378541243649400, 0.8047378541243649400, 1.000000000000000000 ) ) 
 REPRESENTATION_ITEM ( '' )  );
#2167 = PLANE ( 'NONE',  #339 ) ;
#2168 = CARTESIAN_POINT ( 'NONE',  ( 15.02208307717376300, 6.927829999999906900, 7.204999999999999200 ) ) ;
#2169 = DIRECTION ( 'NONE',  ( -0.0000000000000000000, -0.0000000000000000000, -1.000000000000000000 ) ) ;
#2170 = LINE ( 'NONE', #1616, #2465 ) ;
#2171 = CARTESIAN_POINT ( 'NONE',  ( 16.40035138673349700, 7.499038625920482200, 7.200000000000000200 ) ) ;
#2172 =( NAMED_UNIT ( * ) SI_UNIT ( $, .STERADIAN. ) SOLID_ANGLE_UNIT ( ) );
#2173 = CARTESIAN_POINT ( 'NONE',  ( 0.8933332440000000300, 0.0000000000000000000, 0.8933332440000003600 ) ) ;
#2174 = MECHANICAL_DESIGN_GEOMETRIC_PRESENTATION_REPRESENTATION (  '', ( #2019 ), #2322 ) ;
#2175 = PLANE ( 'NONE',  #1345 ) ;
#2176 = CARTESIAN_POINT ( 'NONE',  ( 22.40576400000000100, 0.5551279999999997300, 0.0000000000000000000 ) ) ;
#2177 = FILL_AREA_STYLE_COLOUR ( '', #47 ) ;
#2178 = VECTOR ( 'NONE', #2584, 1000.000000000000000 ) ;
#2179 = EDGE_CURVE ( 'NONE', #1641, #1728, #69, .T. ) ;
#2180 = SURFACE_STYLE_FILL_AREA ( #2537 ) ;
#2181 = DIRECTION ( 'NONE',  ( -0.8015735119582765300, -0.5978962325745785800, 0.0000000000000000000 ) ) ;
#2182 = SURFACE_STYLE_FILL_AREA ( #107 ) ;
#2183 = AXIS2_PLACEMENT_3D ( 'NONE', #21, #706, #2357 ) ;
#2184 = COLOUR_RGB ( '',0.4980392156862745200, 0.4980392156862745200, 0.4980392156862745200 ) ;
#2185 = VECTOR ( 'NONE', #2857, 1000.000000000000000 ) ;
#2186 = SURFACE_SIDE_STYLE ('',( #2026 ) ) ;
#2187 = DIRECTION ( 'NONE',  ( 0.0000000000000000000, 0.0000000000000000000, -1.000000000000000000 ) ) ;
#2188 = ORIENTED_EDGE ( 'NONE', *, *, #487, .T. ) ;
#2189 = CARTESIAN_POINT ( 'NONE',  ( 18.47520178162222500, 9.929655370087539600, 7.204999999999999200 ) ) ;
#2190 = COLOUR_RGB ( '',0.4980392156862745200, 0.4980392156862745200, 0.4980392156862745200 ) ;
#2191 = EDGE_CURVE ( 'NONE', #489, #1100, #1807, .T. ) ;
#2192 = AXIS2_PLACEMENT_3D ( 'NONE', #2308, #422, #1120 ) ;
#2193 = CARTESIAN_POINT ( 'NONE',  ( 13.50492685657716400, 7.785112756973051200, 7.200000000000000200 ) ) ;
#2194 = EDGE_LOOP ( 'NONE', ( #2777, #736, #1646, #2818 ) ) ;
#2195 = VERTEX_POINT ( 'NONE', #455 ) ;
#2196 = VERTEX_POINT ( 'NONE', #480 ) ;
#2197 = ORIENTED_EDGE ( 'NONE', *, *, #880, .T. ) ;
#2198 = DIRECTION ( 'NONE',  ( -0.0000000000000000000, -0.0000000000000000000, -1.000000000000000000 ) ) ;
#2199 = ORIENTED_EDGE ( 'NONE', *, *, #1498, .T. ) ;
#2200 = SURFACE_SIDE_STYLE ('',( #2037 ) ) ;
#2201 = EDGE_CURVE ( 'NONE', #933, #1838, #461, .T. ) ;
#2202 = ORIENTED_EDGE ( 'NONE', *, *, #2040, .T. ) ;
#2203 = ORIENTED_EDGE ( 'NONE', *, *, #1882, .F. ) ;
#2204 = DIRECTION ( 'NONE',  ( -1.000000000000000000, -0.0000000000000000000, -0.0000000000000000000 ) ) ;
#2205 = AXIS2_PLACEMENT_3D ( 'NONE', #2146, #2187, #1254 ) ;
#2206 = FACE_OUTER_BOUND ( 'NONE', #1645, .T. ) ;
#2207 = PRESENTATION_STYLE_ASSIGNMENT (( #1809 ) ) ;
#2208 = CARTESIAN_POINT ( 'NONE',  ( 2.238229551048527300, -1.053044069066175300, 0.8933332440000003600 ) ) ;
#2209 = SURFACE_STYLE_USAGE ( .BOTH. , #1018 ) ;
#2210 = AXIS2_PLACEMENT_3D ( 'NONE', #727, #58, #510 ) ;
#2211 = CARTESIAN_POINT ( 'NONE',  ( 6.591461850002521500, 6.927829999999906900, 7.204999999999999200 ) ) ;
#2212 = CARTESIAN_POINT ( 'NONE',  ( 3.650000000000001200, 2.234980408443919700E-016, 7.200000000000000200 ) ) ;
#2213 = LINE ( 'NONE', #2251, #1959 ) ;
#2214 =( GEOMETRIC_REPRESENTATION_CONTEXT ( 3 ) GLOBAL_UNCERTAINTY_ASSIGNED_CONTEXT ( ( #1697 ) ) GLOBAL_UNIT_ASSIGNED_CONTEXT ( ( #713, #1632, #1898 ) ) REPRESENTATION_CONTEXT ( 'NONE', 'WORKASPACE' ) );
#2215 = SURFACE_SIDE_STYLE ('',( #2111 ) ) ;
#2216 = VECTOR ( 'NONE', #2404, 1000.000000000000000 ) ;
#2217 = VERTEX_POINT ( 'NONE', #2571 ) ;
#2218 = FACE_OUTER_BOUND ( 'NONE', #979, .T. ) ;
#2219 = STYLED_ITEM ( 'NONE', ( #497 ), #1358 ) ;
#2220 = ADVANCED_FACE ( 'NONE', ( #1296 ), #2349, .T. ) ;
#2221 = ORIENTED_EDGE ( 'NONE', *, *, #1958, .F. ) ;
#2222 = PRESENTATION_STYLE_ASSIGNMENT (( #51 ) ) ;
#2223 = DIRECTION ( 'NONE',  ( -0.2793947940814923700, -0.9601763114346034700, 0.0000000000000000000 ) ) ;
#2224 = FILL_AREA_STYLE_COLOUR ( '', #2505 ) ;
#2225 = ORIENTED_EDGE ( 'NONE', *, *, #1355, .T. ) ;
#2226 = ORIENTED_EDGE ( 'NONE', *, *, #1437, .F. ) ;
#2227 = EDGE_CURVE ( 'NONE', #300, #1453, #1920, .T. ) ;
#2228 = MECHANICAL_DESIGN_GEOMETRIC_PRESENTATION_REPRESENTATION (  '', ( #421 ), #268 ) ;
#2229 = ORIENTED_EDGE ( 'NONE', *, *, #1233, .T. ) ;
#2230 = CARTESIAN_POINT ( 'NONE',  ( 9.351959747037526000, 9.929655370087539600, 7.204999999999999200 ) ) ;
#2231 = ORIENTED_EDGE ( 'NONE', *, *, #157, .F. ) ;
#2232 = DIRECTION ( 'NONE',  ( -1.000000000000000000, 0.0000000000000000000, 0.0000000000000000000 ) ) ;
#2233 = ORIENTED_EDGE ( 'NONE', *, *, #2227, .T. ) ;
#2234 = ORIENTED_EDGE ( 'NONE', *, *, #786, .F. ) ;
#2235 = PLANE ( 'NONE',  #2149 ) ;
#2236 = EDGE_CURVE ( 'NONE', #1458, #670, #1066, .T. ) ;
#2237 = CARTESIAN_POINT ( 'NONE',  ( -0.3258226722601034200, -2.788102867824073800, 7.204999999999998300 ) ) ;
#2238 = FACE_OUTER_BOUND ( 'NONE', #2194, .T. ) ;
#2239 = CARTESIAN_POINT ( 'NONE',  ( 0.5000000000000000000, 16.10000000000000100, 7.200000000000000200 ) ) ;
#2240 = PLANE ( 'NONE',  #3056 ) ;
#2241 = STYLED_ITEM ( 'NONE', ( #1485 ), #940 ) ;
#2242 = DIRECTION ( 'NONE',  ( -0.5978962325745786900, 0.8015735119582766400, 0.0000000000000000000 ) ) ;
#2243 = AXIS2_PLACEMENT_3D ( 'NONE', #3058, #2383, #967 ) ;
#2244 = CARTESIAN_POINT ( 'NONE',  ( 21.06565690514807400, 9.929655370087539600, 7.200000000000000200 ) ) ;
#2245 = DIRECTION ( 'NONE',  ( 0.0000000000000000000, -0.0000000000000000000, -1.000000000000000000 ) ) ;
#2246 = CARTESIAN_POINT ( 'NONE',  ( 11.66070349979028400, 6.927829999999906900, 7.204999999999999200 ) ) ;
#2247 = DIRECTION ( 'NONE',  ( 0.8015735119582766400, -0.5978962325745785800, -0.0000000000000000000 ) ) ;
#2248 = FACE_OUTER_BOUND ( 'NONE', #1800, .T. ) ;
#2249 = EDGE_CURVE ( 'NONE', #1287, #1206, #790, .T. ) ;
#2250 = COLOUR_RGB ( '',0.4980392156862745200, 0.4980392156862745200, 0.4980392156862745200 ) ;
#2251 = CARTESIAN_POINT ( 'NONE',  ( 25.90666675600000000, 0.0000000000000000000, 6.306666755999999400 ) ) ;
#2252 = VECTOR ( 'NONE', #2071, 1000.000000000000000 ) ;
#2253 = FACE_OUTER_BOUND ( 'NONE', #2485, .T. ) ;
#2254 = CARTESIAN_POINT ( 'NONE',  ( 20.07720000853358400, 9.350058697634773700, 7.200000000000000200 ) ) ;
#2255 = DIRECTION ( 'NONE',  ( -0.0000000000000000000, -0.0000000000000000000, -1.000000000000000000 ) ) ;
#2256 = ORIENTED_EDGE ( 'NONE', *, *, #2179, .T. ) ;
#2257 = VECTOR ( 'NONE', #1744, 1000.000000000000100 ) ;
#2258 = VECTOR ( 'NONE', #1826, 1000.000000000000000 ) ;
#2259 = VERTEX_POINT ( 'NONE', #2361 ) ;
#2260 = ORIENTED_EDGE ( 'NONE', *, *, #2389, .T. ) ;
#2261 = CARTESIAN_POINT ( 'NONE',  ( 13.62036847658837700, 9.929655370087539600, 7.204999999999999200 ) ) ;
#2262 = VERTEX_POINT ( 'NONE', #2604 ) ;
#2263 = ORIENTED_EDGE ( 'NONE', *, *, #807, .F. ) ;
#2264 = ORIENTED_EDGE ( 'NONE', *, *, #1969, .T. ) ;
#2265 = AXIS2_PLACEMENT_3D ( 'NONE', #1877, #484, #2443 ) ;
#2266 = SURFACE_SIDE_STYLE ('',( #640 ) ) ;
#2267 = ORIENTED_EDGE ( 'NONE', *, *, #310, .F. ) ;
#2268 = CARTESIAN_POINT ( 'NONE',  ( 16.40035138673349700, 7.499038625920482200, 7.200000000000000200 ) ) ;
#2269 = ORIENTED_EDGE ( 'NONE', *, *, #320, .T. ) ;
#2270 =( NAMED_UNIT ( * ) SI_UNIT ( $, .STERADIAN. ) SOLID_ANGLE_UNIT ( ) );
#2271 = UNCERTAINTY_MEASURE_WITH_UNIT (LENGTH_MEASURE( 1.000000000000000100E-005 ), #161, 'distance_accuracy_value', 'NONE');
#2272 = CARTESIAN_POINT ( 'NONE',  ( 11.48008211747157700, 8.244999742213012800, 7.200000000000000200 ) ) ;
#2273 = EDGE_CURVE ( 'NONE', #2479, #1320, #2866, .T. ) ;
#2274 = LINE ( 'NONE', #2393, #2353 ) ;
#2275 = CARTESIAN_POINT ( 'NONE',  ( 9.824935253907714400, 9.929655370087539600, 7.204999999999999200 ) ) ;
#2276 = FACE_OUTER_BOUND ( 'NONE', #1945, .T. ) ;
#2277 = DIRECTION ( 'NONE',  ( 0.0000000000000000000, -1.000000000000000000, 0.0000000000000000000 ) ) ;
#2278 = AXIS2_PLACEMENT_3D ( 'NONE', #2237, #818, #370 ) ;
#2279 = VECTOR ( 'NONE', #82, 1000.000000000000000 ) ;
#2280 = EDGE_CURVE ( 'NONE', #1987, #2736, #1397, .T. ) ;
#2281 = STYLED_ITEM ( 'NONE', ( #836 ), #2575 ) ;
#2282 = PLANE ( 'NONE',  #2406 ) ;
#2283 = ORIENTED_EDGE ( 'NONE', *, *, #468, .T. ) ;
#2284 = PLANE ( 'NONE',  #772 ) ;
#2285 = CARTESIAN_POINT ( 'NONE',  ( 15.02208307717376300, 6.927829999999906900, 7.204999999999999200 ) ) ;
#2286 = ORIENTED_EDGE ( 'NONE', *, *, #742, .T. ) ;
#2287 = CARTESIAN_POINT ( 'NONE',  ( 8.364087004062046300, 9.929655370087539600, 7.204999999999999200 ) ) ;
#2288 = UNCERTAINTY_MEASURE_WITH_UNIT (LENGTH_MEASURE( 1.000000000000000100E-005 ), #2964, 'distance_accuracy_value', 'NONE');
#2289 = FILL_AREA_STYLE_COLOUR ( '', #763 ) ;
#2290 = EDGE_CURVE ( 'NONE', #2965, #2741, #1769, .T. ) ;
#2291 = CARTESIAN_POINT ( 'NONE',  ( 10.35016935282230600, 8.799934280058121100, 7.200000000000000200 ) ) ;
#2292 = VECTOR ( 'NONE', #1216, 1000.000000000000000 ) ;
#2293 = LINE ( 'NONE', #2997, #145 ) ;
#2294 = LINE ( 'NONE', #918, #1202 ) ;
#2295 = PLANE ( 'NONE',  #2192 ) ;
#2296 = ORIENTED_EDGE ( 'NONE', *, *, #538, .F. ) ;
#2297 = ORIENTED_EDGE ( 'NONE', *, *, #2632, .F. ) ;
#2298 = AXIS2_PLACEMENT_3D ( 'NONE', #176, #1341, #2502 ) ;
#2299 = DIRECTION ( 'NONE',  ( 0.2746918797667270400, 0.9615323037684286900, 0.0000000000000000000 ) ) ;
#2300 = VERTEX_POINT ( 'NONE', #2014 ) ;
#2301 = VERTEX_POINT ( 'NONE', #687 ) ;
#2302 = ORIENTED_EDGE ( 'NONE', *, *, #1335, .F. ) ;
#2303 = FILL_AREA_STYLE_COLOUR ( '', #3021 ) ;
#2304 = EDGE_LOOP ( 'NONE', ( #1131, #1688, #1246, #3038 ) ) ;
#2305 = AXIS2_PLACEMENT_3D ( 'NONE', #579, #1311, #1976 ) ;
#2306 = ORIENTED_EDGE ( 'NONE', *, *, #976, .F. ) ;
#2307 = ORIENTED_EDGE ( 'NONE', *, *, #326, .F. ) ;
#2308 = CARTESIAN_POINT ( 'NONE',  ( 17.65131123836012600, 6.927829999999908700, 7.204999999999999200 ) ) ;
#2309 = VECTOR ( 'NONE', #1698, 1000.000000000000000 ) ;
#2310 = VECTOR ( 'NONE', #2944, 999.9999999999998900 ) ;
#2311 = DIRECTION ( 'NONE',  ( -0.2740217765954066100, -0.9617234872620595800, 0.0000000000000000000 ) ) ;
#2312 = SURFACE_STYLE_FILL_AREA ( #14 ) ;
#2313 = AXIS2_PLACEMENT_3D ( 'NONE', #1824, #2054, #2524 ) ;
#2314 = CARTESIAN_POINT ( 'NONE',  ( 18.52587689811365800, 6.927829999999908700, 7.200000000000000200 ) ) ;
#2315 = CARTESIAN_POINT ( 'NONE',  ( 7.058627666061942900, 8.557739705116342000, 7.204999999999999200 ) ) ;
#2317 = LINE ( 'NONE', #1008, #1372 ) ;
#2316 = PLANE ( 'NONE',  #966 ) ;
#2318 = VECTOR ( 'NONE', #1881, 1000.000000000000000 ) ;
#2319 = DIRECTION ( 'NONE',  ( -0.0000000000000000000, -0.0000000000000000000, -1.000000000000000000 ) ) ;
#2320 = VECTOR ( 'NONE', #1772, 1000.000000000000000 ) ;
#2321 =( LENGTH_UNIT ( ) NAMED_UNIT ( * ) SI_UNIT ( .MILLI., .METRE. ) );
#2322 =( GEOMETRIC_REPRESENTATION_CONTEXT ( 3 ) GLOBAL_UNCERTAINTY_ASSIGNED_CONTEXT ( ( #970 ) ) GLOBAL_UNIT_ASSIGNED_CONTEXT ( ( #1910, #712, #2695 ) ) REPRESENTATION_CONTEXT ( 'NONE', 'WORKASPACE' ) );
#2323 = DIRECTION ( 'NONE',  ( -0.0000000000000000000, -0.0000000000000000000, 1.000000000000000000 ) ) ;
#2324 = PRESENTATION_STYLE_ASSIGNMENT (( #3027 ) ) ;
#2325 = CARTESIAN_POINT ( 'NONE',  ( 17.90134621804373400, 8.244999742206992700, 7.204999999999999200 ) ) ;
#2326 = DIRECTION ( 'NONE',  ( -0.0000000000000000000, 1.000000000000000000, -0.0000000000000000000 ) ) ;
#2327 = VECTOR ( 'NONE', #834, 1000.000000000000200 ) ;
#2328 = ADVANCED_FACE ( 'NONE', ( #2206 ), #1309, .F. ) ;
#2329 = ORIENTED_EDGE ( 'NONE', *, *, #926, .F. ) ;
#2330 = FACE_OUTER_BOUND ( 'NONE', #1346, .T. ) ;
#2331 = FACE_OUTER_BOUND ( 'NONE', #789, .T. ) ;
#2332 = EDGE_CURVE ( 'NONE', #2456, #260, #1291, .T. ) ;
#2333 = ORIENTED_EDGE ( 'NONE', *, *, #378, .T. ) ;
#2334 = DIRECTION ( 'NONE',  ( -0.7145695586382625500, -0.6995643972269591800, 0.0000000000000000000 ) ) ;
#2335 = EDGE_LOOP ( 'NONE', ( #2081, #1429, #1975, #1430 ) ) ;
#2336 = EDGE_LOOP ( 'NONE', ( #304, #1349, #2852, #332 ) ) ;
#2337 = AXIS2_PLACEMENT_3D ( 'NONE', #1209, #1220, #1720 ) ;
#2338 = CARTESIAN_POINT ( 'NONE',  ( 14.25927284894691400, 6.927829999999906900, 7.204999999999999200 ) ) ;
#2339 = FILL_AREA_STYLE ('',( #236 ) ) ;
#2340 = ORIENTED_EDGE ( 'NONE', *, *, #1119, .F. ) ;
#2341 = DIRECTION ( 'NONE',  ( 1.000000000000000000, 0.0000000000000000000, 8.668993854540537600E-018 ) ) ;
#2342 = ORIENTED_EDGE ( 'NONE', *, *, #468, .F. ) ;
#2343 = CARTESIAN_POINT ( 'NONE',  ( 7.058627666061942900, 8.557739705116342000, 7.204999999999999200 ) ) ;
#2344 = ORIENTED_EDGE ( 'NONE', *, *, #23, .T. ) ;
#2345 = EDGE_CURVE ( 'NONE', #2994, #2379, #715, .T. ) ;
#2346 = ORIENTED_EDGE ( 'NONE', *, *, #2914, .F. ) ;
#2347 = AXIS2_PLACEMENT_3D ( 'NONE', #1250, #567, #508 ) ;
#2348 = ADVANCED_FACE ( 'NONE', ( #2528 ), #577, .T. ) ;
#2350 = VECTOR ( 'NONE', #1367, 1000.000000000000000 ) ;
#2349 = PLANE ( 'NONE',  #2243 ) ;
#2351 =( LENGTH_UNIT ( ) NAMED_UNIT ( * ) SI_UNIT ( .MILLI., .METRE. ) );
#2352 = CARTESIAN_POINT ( 'NONE',  ( 26.80000000000000100, 15.60000000000000000, 7.200000000000000200 ) ) ;
#2353 = VECTOR ( 'NONE', #985, 1000.000000000000000 ) ;
#2354 = DIRECTION ( 'NONE',  ( 0.4668459304955081000, 0.8843386665637680300, 0.0000000000000000000 ) ) ;
#2355 = COLOUR_RGB ( '',0.4980392156862745200, 0.4980392156862745200, 0.4980392156862745200 ) ;
#2356 = EDGE_CURVE ( 'NONE', #2512, #187, #2748, .T. ) ;
#2357 = DIRECTION ( 'NONE',  ( -1.000000000000000000, 0.0000000000000000000, -0.0000000000000000000 ) ) ;
#2358 = VECTOR ( 'NONE', #424, 1000.000000000000000 ) ;
#2359 = MECHANICAL_DESIGN_GEOMETRIC_PRESENTATION_REPRESENTATION (  '', ( #410 ), #2099 ) ;
#2360 = EDGE_CURVE ( 'NONE', #447, #2217, #1990, .T. ) ;
#2361 = CARTESIAN_POINT ( 'NONE',  ( 7.088337234751736400, 8.649560976050040000, 7.200000000000000200 ) ) ;
#2362 = DIRECTION ( 'NONE',  ( -0.9612861490927312500, 0.2755520632520602800, 0.0000000000000000000 ) ) ;
#2363 = ADVANCED_FACE ( 'NONE', ( #2489 ), #2175, .F. ) ;
#2364 = STYLED_ITEM ( 'NONE', ( #2494 ), #1880 ) ;
#2365 = DIRECTION ( 'NONE',  ( 0.9999999968487352000, -7.938847109813994200E-005, 0.0000000000000000000 ) ) ;
#2366 = CARTESIAN_POINT ( 'NONE',  ( 0.8933332440000000300, 0.5551279999999994000, 0.8933332440000003600 ) ) ;
#2367 = CYLINDRICAL_SURFACE ( 'NONE', #1601, 0.4250000000000000400 ) ;
#2368 = SURFACE_SIDE_STYLE ('',( #1328 ) ) ;
#2369 = ORIENTED_EDGE ( 'NONE', *, *, #1951, .T. ) ;
#2370 = VECTOR ( 'NONE', #1808, 1000.000000000000000 ) ;
#2371 = VECTOR ( 'NONE', #142, 1000.000000000000000 ) ;
#2372 = CARTESIAN_POINT ( 'NONE',  ( 16.61331101825768600, 8.244999742206992700, 7.204999999999999200 ) ) ;
#2373 = DIRECTION ( 'NONE',  ( 0.0000000000000000000, 0.0000000000000000000, -1.000000000000000000 ) ) ;
#2374 = VERTEX_POINT ( 'NONE', #827 ) ;
#2375 = DIRECTION ( 'NONE',  ( 0.0000000000000000000, -1.000000000000000000, 0.0000000000000000000 ) ) ;
#2376 = VERTEX_POINT ( 'NONE', #2873 ) ;
#2377 = EDGE_LOOP ( 'NONE', ( #1613, #482, #149, #517, #522, #152, #1545, #1537, #785, #1054, #2549, #2051, #1798, #1756, #2856, #2256, #2450, #2115, #782, #2519, #516, #1691, #2809 ) ) ;
#2378 = FILL_AREA_STYLE ('',( #1680 ) ) ;
#2379 = VERTEX_POINT ( 'NONE', #56 ) ;
#2380 = VERTEX_POINT ( 'NONE', #1937 ) ;
#2381 = ORIENTED_EDGE ( 'NONE', *, *, #2098, .T. ) ;
#2382 = ADVANCED_FACE ( 'NONE', ( #2935 ), #1947, .F. ) ;
#2383 = DIRECTION ( 'NONE',  ( 0.0000000000000000000, 0.0000000000000000000, -1.000000000000000000 ) ) ;
#2384 = ORIENTED_EDGE ( 'NONE', *, *, #2827, .T. ) ;
#2385 = CARTESIAN_POINT ( 'NONE',  ( 12.96235672504577800, 9.600276224591722100, 7.200000000000000200 ) ) ;
#2386 = VERTEX_POINT ( 'NONE', #2474 ) ;
#2387 =( NAMED_UNIT ( * ) SI_UNIT ( $, .STERADIAN. ) SOLID_ANGLE_UNIT ( ) );
#2388 =( LENGTH_UNIT ( ) NAMED_UNIT ( * ) SI_UNIT ( .MILLI., .METRE. ) );
#2389 = EDGE_CURVE ( 'NONE', #237, #2596, #1583, .T. ) ;
#2390 = LINE ( 'NONE', #1536, #2023 ) ;
#2391 = DIRECTION ( 'NONE',  ( 1.000000000000000000, 0.0000000000000000000, 0.0000000000000000000 ) ) ;
#2392 = LINE ( 'NONE', #1411, #2940 ) ;
#2393 = CARTESIAN_POINT ( 'NONE',  ( 26.80000000000000100, 0.0000000000000000000, 7.200000000000000200 ) ) ;
#2394 = CARTESIAN_POINT ( 'NONE',  ( 26.80000000000000100, 0.0000000000000000000, 0.0000000000000000000 ) ) ;
#2395 = LINE ( 'NONE', #540, #2471 ) ;
#2396 = ADVANCED_FACE ( 'NONE', ( #2128 ), #2167, .F. ) ;
#2397 = EDGE_CURVE ( 'NONE', #2736, #234, #345, .T. ) ;
#2398 =( LENGTH_UNIT ( ) NAMED_UNIT ( * ) SI_UNIT ( .MILLI., .METRE. ) );
#2399 = LINE ( 'NONE', #2556, #112 ) ;
#2400 = PRESENTATION_LAYER_ASSIGNMENT (  '', '', ( #225 ) ) ;
#2401 = DIRECTION ( 'NONE',  ( -0.0000000000000000000, -0.0000000000000000000, -1.000000000000000000 ) ) ;
#2402 = LINE ( 'NONE', #626, #1004 ) ;
#2403 = CARTESIAN_POINT ( 'NONE',  ( 25.90666675600000000, 0.7500000000000000000, 6.306666755999999400 ) ) ;
#2404 = DIRECTION ( 'NONE',  ( -0.0000000000000000000, -0.0000000000000000000, -1.000000000000000000 ) ) ;
#2405 = LINE ( 'NONE', #1710, #1084 ) ;
#2406 = AXIS2_PLACEMENT_3D ( 'NONE', #866, #781, #2520 ) ;
#2407 =( LENGTH_UNIT ( ) NAMED_UNIT ( * ) SI_UNIT ( .MILLI., .METRE. ) );
#2408 =( NAMED_UNIT ( * ) PLANE_ANGLE_UNIT ( ) SI_UNIT ( $, .RADIAN. ) );
#2409 = FACE_OUTER_BOUND ( 'NONE', #1647, .T. ) ;
#2410 = VECTOR ( 'NONE', #2582, 1000.000000000000000 ) ;
#2411 = EDGE_CURVE ( 'NONE', #944, #260, #988, .T. ) ;
#2412 = ORIENTED_EDGE ( 'NONE', *, *, #1773, .F. ) ;
#2413 = VECTOR ( 'NONE', #2470, 1000.000000000000100 ) ;
#2414 = DIRECTION ( 'NONE',  ( -0.0000000000000000000, 1.000000000000000000, -0.0000000000000000000 ) ) ;
#2415 = ORIENTED_EDGE ( 'NONE', *, *, #450, .T. ) ;
#2416 = CARTESIAN_POINT ( 'NONE',  ( 24.64999999999999900, -27.00000000000000000, 3.600000000000000100 ) ) ;
#2417 =( NAMED_UNIT ( * ) PLANE_ANGLE_UNIT ( ) SI_UNIT ( $, .RADIAN. ) );
#2418 = ORIENTED_EDGE ( 'NONE', *, *, #2629, .F. ) ;
#2419 = EDGE_CURVE ( 'NONE', #154, #1912, #491, .T. ) ;
#2420 = DIRECTION ( 'NONE',  ( -1.000000000000000000, -0.0000000000000000000, -0.0000000000000000000 ) ) ;
#2421 = ORIENTED_EDGE ( 'NONE', *, *, #310, .T. ) ;
#2422 = DIRECTION ( 'NONE',  ( 0.0000000000000000000, -1.000000000000000000, 0.0000000000000000000 ) ) ;
#2423 = VERTEX_POINT ( 'NONE', #1562 ) ;
#2424 = ORIENTED_EDGE ( 'NONE', *, *, #80, .F. ) ;
#2425 = ORIENTED_EDGE ( 'NONE', *, *, #440, .F. ) ;
#2426 = CARTESIAN_POINT ( 'NONE',  ( 19.38098302013320100, 6.927829999999908700, 7.204999999999999200 ) ) ;
#2427 =( NAMED_UNIT ( * ) SI_UNIT ( $, .STERADIAN. ) SOLID_ANGLE_UNIT ( ) );
#2428 = VECTOR ( 'NONE', #915, 1000.000000000000200 ) ;
#2429 = FACE_OUTER_BOUND ( 'NONE', #2861, .T. ) ;
#2430 = LINE ( 'NONE', #2506, #2871 ) ;
#2431 = VECTOR ( 'NONE', #254, 1000.000000000000000 ) ;
#2432 = CARTESIAN_POINT ( 'NONE',  ( 0.5000000000000000000, 16.10000000000000100, 6.699999999999999300 ) ) ;
#2433 = SURFACE_STYLE_USAGE ( .BOTH. , #2200 ) ;
#2434 = EDGE_CURVE ( 'NONE', #2386, #1538, #906, .T. ) ;
#2435 = LINE ( 'NONE', #605, #2651 ) ;
#2436 = CARTESIAN_POINT ( 'NONE',  ( 8.364087004062046300, 9.929655370087539600, 7.204999999999999200 ) ) ;
#2437 = CARTESIAN_POINT ( 'NONE',  ( 16.93410131525536500, 9.358172923274562300, 7.204999999999999200 ) ) ;
#2438 = FACE_OUTER_BOUND ( 'NONE', #1101, .T. ) ;
#2439 = STYLED_ITEM ( 'NONE', ( #720 ), #1615 ) ;
#2440 = LINE ( 'NONE', #1423, #700 ) ;
#2441 = DIRECTION ( 'NONE',  ( 0.0000000000000000000, 0.0000000000000000000, -1.000000000000000000 ) ) ;
#2442 = CARTESIAN_POINT ( 'NONE',  ( 24.64999999999999900, -27.00000000000000000, 4.025000000000000400 ) ) ;
#2443 = DIRECTION ( 'NONE',  ( 1.000000000000000000, 0.0000000000000000000, 0.0000000000000000000 ) ) ;
#2444 = VERTEX_POINT ( 'NONE', #155 ) ;
#2445 = LINE ( 'NONE', #2641, #544 ) ;
#2446 = LINE ( 'NONE', #2268, #1049 ) ;
#2447 = EDGE_CURVE ( 'NONE', #202, #2259, #1547, .T. ) ;
#2448 = MECHANICAL_DESIGN_GEOMETRIC_PRESENTATION_REPRESENTATION (  '', ( #1072 ), #1132 ) ;
#2449 = CARTESIAN_POINT ( 'NONE',  ( 2.150000000000000800, -27.00000000000000000, 3.174999999999999800 ) ) ;
#2450 = ORIENTED_EDGE ( 'NONE', *, *, #2070, .T. ) ;
#2451 = VECTOR ( 'NONE', #2754, 1000.000000000000000 ) ;
#2452 = ORIENTED_EDGE ( 'NONE', *, *, #2725, .T. ) ;
#2453 = ORIENTED_EDGE ( 'NONE', *, *, #1116, .T. ) ;
#2454 = VERTEX_POINT ( 'NONE', #2976 ) ;
#2455 = DIRECTION ( 'NONE',  ( 0.0000000000000000000, -1.000000000000000000, 0.0000000000000000000 ) ) ;
#2456 = VERTEX_POINT ( 'NONE', #1574 ) ;
#2457 =( LENGTH_UNIT ( ) NAMED_UNIT ( * ) SI_UNIT ( .MILLI., .METRE. ) );
#2458 = EDGE_CURVE ( 'NONE', #670, #2079, #1746, .T. ) ;
#2459 = APPLICATION_CONTEXT ( 'automotive_design' ) ;
#2460 = ORIENTED_EDGE ( 'NONE', *, *, #3045, .F. ) ;
#2461 = ORIENTED_EDGE ( 'NONE', *, *, #2648, .F. ) ;
#2462 = DIRECTION ( 'NONE',  ( 1.000000000000000000, 0.0000000000000000000, 0.0000000000000000000 ) ) ;
#2463 =( LENGTH_UNIT ( ) NAMED_UNIT ( * ) SI_UNIT ( .MILLI., .METRE. ) );
#2464 = VECTOR ( 'NONE', #2466, 1000.000000000000100 ) ;
#2465 = VECTOR ( 'NONE', #3036, 1000.000000000000200 ) ;
#2466 = DIRECTION ( 'NONE',  ( -0.4443210308329518800, -0.8958676361826801700, 0.0000000000000000000 ) ) ;
#2468 = LINE ( 'NONE', #2781, #1032 ) ;
#2467 = DIRECTION ( 'NONE',  ( 0.0000000000000000000, -0.0000000000000000000, 1.000000000000000000 ) ) ;
#2469 = DIRECTION ( 'NONE',  ( -0.0000000000000000000, -0.0000000000000000000, -1.000000000000000000 ) ) ;
#2470 = DIRECTION ( 'NONE',  ( 0.2732148821746286400, 0.9619530280415482500, 0.0000000000000000000 ) ) ;
#2471 = VECTOR ( 'NONE', #2469, 1000.000000000000000 ) ;
#2472 = VECTOR ( 'NONE', #2204, 1000.000000000000000 ) ;
#2473 = VECTOR ( 'NONE', #1426, 1000.000000000000000 ) ;
#2474 = CARTESIAN_POINT ( 'NONE',  ( 21.06565690514807400, 9.929655370087539600, 7.204999999999999200 ) ) ;
#2475 =( NAMED_UNIT ( * ) SI_UNIT ( $, .STERADIAN. ) SOLID_ANGLE_UNIT ( ) );
#2476 =( NAMED_UNIT ( * ) SI_UNIT ( $, .STERADIAN. ) SOLID_ANGLE_UNIT ( ) );
#2477 = ORIENTED_EDGE ( 'NONE', *, *, #2273, .F. ) ;
#2478 = VECTOR ( 'NONE', #1338, 1000.000000000000000 ) ;
#2479 = VERTEX_POINT ( 'NONE', #1802 ) ;
#2480 = CARTESIAN_POINT ( 'NONE',  ( 21.06565690514807400, 9.929655370087539600, 7.204999999999999200 ) ) ;
#2481 = EDGE_LOOP ( 'NONE', ( #2286, #2307, #456, #2526 ) ) ;
#2482 = EDGE_CURVE ( 'NONE', #975, #1098, #2435, .T. ) ;
#2483 = ORIENTED_EDGE ( 'NONE', *, *, #2779, .F. ) ;
#2484 = CARTESIAN_POINT ( 'NONE',  ( 13.62036847658837700, 9.929655370087539600, 7.204999999999999200 ) ) ;
#2485 = EDGE_LOOP ( 'NONE', ( #2160, #1052, #1129, #498 ) ) ;
#2486 = VERTEX_POINT ( 'NONE', #2272 ) ;
#2487 = EDGE_LOOP ( 'NONE', ( #943, #1950, #1979, #2672 ) ) ;
#2488 = VERTEX_POINT ( 'NONE', #600 ) ;
#2489 = FACE_OUTER_BOUND ( 'NONE', #1830, .T. ) ;
#2490 = EDGE_CURVE ( 'NONE', #972, #409, #2213, .T. ) ;
#2491 = PLANE ( 'NONE',  #2908 ) ;
#2492 = DIRECTION ( 'NONE',  ( 0.2760118818968580500, 0.9611542233438684600, 0.0000000000000000000 ) ) ;
#2493 = AXIS2_PLACEMENT_3D ( 'NONE', #1964, #2649, #717 ) ;
#2494 = PRESENTATION_STYLE_ASSIGNMENT (( #759 ) ) ;
#2495 = DIRECTION ( 'NONE',  ( 0.2793947940878294700, 0.9601763114327593900, 0.0000000000000000000 ) ) ;
#2496 = LINE ( 'NONE', #2325, #871 ) ;
#2497 = MECHANICAL_DESIGN_GEOMETRIC_PRESENTATION_REPRESENTATION (  '', ( #1943 ), #1883 ) ;
#2498 = LINE ( 'NONE', #775, #2874 ) ;
#2499 = DIRECTION ( 'NONE',  ( -0.0000000000000000000, -0.0000000000000000000, -1.000000000000000000 ) ) ;
#2500 = CARTESIAN_POINT ( 'NONE',  ( 6.600552705875580600, 9.929655370087539600, 7.204999999999999200 ) ) ;
#2501 = SURFACE_SIDE_STYLE ('',( #794 ) ) ;
#2502 = DIRECTION ( 'NONE',  ( -1.000000000000000000, -1.203898050721187500E-016, 0.0000000000000000000 ) ) ;
#2503 = EDGE_CURVE ( 'NONE', #330, #1754, #2718, .T. ) ;
#2504 = EDGE_CURVE ( 'NONE', #1610, #11, #1419, .T. ) ;
#2505 = COLOUR_RGB ( '',0.7921568627450980000, 0.8196078431372548800, 0.9333333333333333500 ) ;
#2506 = CARTESIAN_POINT ( 'NONE',  ( 0.8933332440000000300, 0.0000000000000000000, 0.8933332440000003600 ) ) ;
#2507 = VERTEX_POINT ( 'NONE', #1329 ) ;
#2508 = FACE_OUTER_BOUND ( 'NONE', #414, .T. ) ;
#2509 = STYLED_ITEM ( 'NONE', ( #733 ), #493 ) ;
#2510 = DIRECTION ( 'NONE',  ( 0.8958676361826802800, -0.4443210308329519400, 0.0000000000000000000 ) ) ;
#2511 = CARTESIAN_POINT ( 'NONE',  ( 3.650000000000001200, 2.234980408443919700E-016, 0.0000000000000000000 ) ) ;
#2512 = VERTEX_POINT ( 'NONE', #590 ) ;
#2513 = DIRECTION ( 'NONE',  ( 0.0000000000000000000, 0.0000000000000000000, -1.000000000000000000 ) ) ;
#2514 = ADVANCED_FACE ( 'NONE', ( #2 ), #864, .F. ) ;
#2515 = VERTEX_POINT ( 'NONE', #2726 ) ;
#2516 = FILL_AREA_STYLE ('',( #862 ) ) ;
#2517 = EDGE_LOOP ( 'NONE', ( #270, #2260, #1124, #1060 ) ) ;
#2518 = MECHANICAL_DESIGN_GEOMETRIC_PRESENTATION_REPRESENTATION (  '', ( #2364 ), #2679 ) ;
#2519 = ORIENTED_EDGE ( 'NONE', *, *, #2883, .T. ) ;
#2520 = DIRECTION ( 'NONE',  ( -0.9999999968487352000, 7.938847109813994200E-005, 0.0000000000000000000 ) ) ;
#2521 = ORIENTED_EDGE ( 'NONE', *, *, #2779, .T. ) ;
#2522 = ORIENTED_EDGE ( 'NONE', *, *, #1292, .T. ) ;
#2523 = CARTESIAN_POINT ( 'NONE',  ( 3.650000000000001200, 2.234980408443919700E-016, 0.0000000000000000000 ) ) ;
#2524 = DIRECTION ( 'NONE',  ( 0.2762033010252004700, 0.9610992334315861000, 0.0000000000000000000 ) ) ;
#2525 = ORIENTED_EDGE ( 'NONE', *, *, #1508, .T. ) ;
#2526 = ORIENTED_EDGE ( 'NONE', *, *, #538, .T. ) ;
#2527 = SURFACE_SIDE_STYLE ('',( #469 ) ) ;
#2528 = FACE_OUTER_BOUND ( 'NONE', #3002, .T. ) ;
#2529 = PLANE ( 'NONE',  #799 ) ;
#2530 =( GEOMETRIC_REPRESENTATION_CONTEXT ( 3 ) GLOBAL_UNCERTAINTY_ASSIGNED_CONTEXT ( ( #2910 ) ) GLOBAL_UNIT_ASSIGNED_CONTEXT ( ( #1865, #722, #2387 ) ) REPRESENTATION_CONTEXT ( 'NONE', 'WORKASPACE' ) );
#2531 = ADVANCED_FACE ( 'NONE', ( #1317 ), #2032, .F. ) ;
#2532 = LINE ( 'NONE', #2789, #1843 ) ;
#2533 = DIRECTION ( 'NONE',  ( -0.2759782365590697800, -0.9611638845408965200, 0.0000000000000000000 ) ) ;
#2534 = LINE ( 'NONE', #1144, #2358 ) ;
#2535 = DIRECTION ( 'NONE',  ( 0.0000000000000000000, 1.000000000000000000, 0.0000000000000000000 ) ) ;
#2536 = AXIS2_PLACEMENT_3D ( 'NONE', #721, #701, #947 ) ;
#2537 = FILL_AREA_STYLE ('',( #2289 ) ) ;
#2538 = EDGE_CURVE ( 'NONE', #2713, #2195, #2430, .T. ) ;
#2539 = VECTOR ( 'NONE', #5, 1000.000000000000000 ) ;
#2540 = DIRECTION ( 'NONE',  ( -1.000000000000000000, 0.0000000000000000000, 0.0000000000000000000 ) ) ;
#2541 = PLANE ( 'NONE',  #1377 ) ;
#2542 = LINE ( 'NONE', #2677, #2879 ) ;
#2543 = DIRECTION ( 'NONE',  ( -1.387039016726486000E-016, 0.0000000000000000000, 1.000000000000000000 ) ) ;
#2544 = ADVANCED_FACE ( 'NONE', ( #1181 ), #1819, .F. ) ;
#2545 = EDGE_CURVE ( 'NONE', #27, #3047, #315, .T. ) ;
#2546 = CARTESIAN_POINT ( 'NONE',  ( 12.81255844489004600, 6.927829999999906900, 7.204999999999999200 ) ) ;
#2547 = LINE ( 'NONE', #2097, #1313 ) ;
#2548 = CARTESIAN_POINT ( 'NONE',  ( 18.05985200241929800, 8.799833879061310400, 7.204999999999999200 ) ) ;
#2549 = ORIENTED_EDGE ( 'NONE', *, *, #177, .T. ) ;
#2550 = VECTOR ( 'NONE', #2255, 1000.000000000000000 ) ;
#2551 =( GEOMETRIC_REPRESENTATION_CONTEXT ( 3 ) GLOBAL_UNCERTAINTY_ASSIGNED_CONTEXT ( ( #1829 ) ) GLOBAL_UNIT_ASSIGNED_CONTEXT ( ( #1115, #405, #1847 ) ) REPRESENTATION_CONTEXT ( 'NONE', 'WORKASPACE' ) );
#2552 = CARTESIAN_POINT ( 'NONE',  ( 0.2071067811865475200, 16.10000000000000100, 0.2071067811865479100 ) ) ;
#2553 = ORIENTED_EDGE ( 'NONE', *, *, #1445, .F. ) ;
#2554 = CARTESIAN_POINT ( 'NONE',  ( 22.40576400000000100, 0.5551279999999997300, 6.306666755999999400 ) ) ;
#2555 = ORIENTED_EDGE ( 'NONE', *, *, #2867, .F. ) ;
#2556 = CARTESIAN_POINT ( 'NONE',  ( 25.90666675600000000, 0.7500000000000000000, 0.8933332440000005800 ) ) ;
#2557 = ORIENTED_EDGE ( 'NONE', *, *, #2458, .F. ) ;
#2558 = AXIS2_PLACEMENT_3D ( 'NONE', #2643, #42, #1770 ) ;
#2559 = ORIENTED_EDGE ( 'NONE', *, *, #1952, .T. ) ;
#2560 = VERTEX_POINT ( 'NONE', #2024 ) ;
#2561 = ADVANCED_FACE ( 'NONE', ( #1405 ), #2979, .T. ) ;
#2562 = ORIENTED_EDGE ( 'NONE', *, *, #70, .F. ) ;
#2563 = VECTOR ( 'NONE', #2391, 1000.000000000000000 ) ;
#2564 = DIRECTION ( 'NONE',  ( -0.7059037656364501900, -0.7083077534943971200, -0.0000000000000000000 ) ) ;
#2565 = CARTESIAN_POINT ( 'NONE',  ( 13.40000000000000000, 0.5551280000000008400, 0.0000000000000000000 ) ) ;
#2566 = FACE_OUTER_BOUND ( 'NONE', #1251, .T. ) ;
#2567 = EDGE_CURVE ( 'NONE', #975, #416, #1515, .T. ) ;
#2568 = DIRECTION ( 'NONE',  ( 0.0000000000000000000, 0.0000000000000000000, 1.000000000000000000 ) ) ;
#2569 = LINE ( 'NONE', #1949, #2793 ) ;
#2570 = AXIS2_PLACEMENT_3D ( 'NONE', #2625, #511, #492 ) ;
#2571 = CARTESIAN_POINT ( 'NONE',  ( 16.61331101825768600, 8.244999742206992700, 7.204999999999999200 ) ) ;
#2572 = DIRECTION ( 'NONE',  ( 8.668993854540537600E-018, 0.0000000000000000000, -1.000000000000000000 ) ) ;
#2573 = FILL_AREA_STYLE ('',( #2579 ) ) ;
#2574 = DIRECTION ( 'NONE',  ( -0.0000000000000000000, -0.0000000000000000000, 1.000000000000000000 ) ) ;
#2575 = ADVANCED_FACE ( 'NONE', ( #528 ), #1856, .F. ) ;
#2576 =( GEOMETRIC_REPRESENTATION_CONTEXT ( 3 ) GLOBAL_UNCERTAINTY_ASSIGNED_CONTEXT ( ( #690 ) ) GLOBAL_UNIT_ASSIGNED_CONTEXT ( ( #822, #137, #2476 ) ) REPRESENTATION_CONTEXT ( 'NONE', 'WORKASPACE' ) );
#2577 = DIRECTION ( 'NONE',  ( -0.3829140317376763500, 0.9237839814038765200, 0.0000000000000000000 ) ) ;
#2578 = PLANE ( 'NONE',  #1289 ) ;
#2579 = FILL_AREA_STYLE_COLOUR ( '', #1563 ) ;
#2580 = PRESENTATION_STYLE_ASSIGNMENT (( #1 ) ) ;
#2581 = LINE ( 'NONE', #2565, #121 ) ;
#2582 = DIRECTION ( 'NONE',  ( -0.0000000000000000000, -0.0000000000000000000, -1.000000000000000000 ) ) ;
#2583 = ORIENTED_EDGE ( 'NONE', *, *, #1812, .F. ) ;
#2584 = DIRECTION ( 'NONE',  ( -1.000000000000000000, 0.0000000000000000000, 0.0000000000000000000 ) ) ;
#2585 = LINE ( 'NONE', #2659, #89 ) ;
#2586 = LINE ( 'NONE', #2971, #2960 ) ;
#2587 = EDGE_CURVE ( 'NONE', #2994, #2591, #1653, .T. ) ;
#2588 = VERTEX_POINT ( 'NONE', #430 ) ;
#2589 = ADVANCED_FACE ( 'NONE', ( #1700 ), #2529, .F. ) ;
#2590 = DIRECTION ( 'NONE',  ( -0.9237839814038766300, -0.3829140317376762400, 0.0000000000000000000 ) ) ;
#2591 = VERTEX_POINT ( 'NONE', #883 ) ;
#2592 = ORIENTED_EDGE ( 'NONE', *, *, #591, .T. ) ;
#2593 = MECHANICAL_DESIGN_GEOMETRIC_PRESENTATION_REPRESENTATION (  '', ( #716 ), #1974 ) ;
#2594 =( NAMED_UNIT ( * ) SI_UNIT ( $, .STERADIAN. ) SOLID_ANGLE_UNIT ( ) );
#2595 = PLANE ( 'NONE',  #2570 ) ;
#2596 = VERTEX_POINT ( 'NONE', #1149 ) ;
#2597 = CARTESIAN_POINT ( 'NONE',  ( 23.15000000000000200, 2.234980408443919700E-016, 0.0000000000000000000 ) ) ;
#2598 = VERTEX_POINT ( 'NONE', #2787 ) ;
#2599 = VERTEX_POINT ( 'NONE', #3022 ) ;
#2600 = DIRECTION ( 'NONE',  ( 1.000000000000000000, 1.203898050721187500E-016, 8.668993854540537600E-018 ) ) ;
#2601 = EDGE_CURVE ( 'NONE', #2423, #585, #2133, .T. ) ;
#2602 = VERTEX_POINT ( 'NONE', #1543 ) ;
#2604 = CARTESIAN_POINT ( 'NONE',  ( 15.88513000492852000, 9.929655370087539600, 7.204999999999999200 ) ) ;
#2603 = VECTOR ( 'NONE', #26, 1000.000000000000000 ) ;
#2605 = CARTESIAN_POINT ( 'NONE',  ( 11.48008211747157700, 8.244999742213012800, 7.204999999999999200 ) ) ;
#2606 = FILL_AREA_STYLE_COLOUR ( '', #1234 ) ;
#2607 = DIRECTION ( 'NONE',  ( -1.000000000000000000, -1.203898050721187500E-016, 0.0000000000000000000 ) ) ;
#2608 = ADVANCED_FACE ( 'NONE', ( #2721 ), #2240, .F. ) ;
#2609 = EDGE_CURVE ( 'NONE', #2515, #330, #1479, .T. ) ;
#2610 = CARTESIAN_POINT ( 'NONE',  ( 2.150000000000000800, 0.7500000000000000000, 3.600000000000000100 ) ) ;
#2611 = VECTOR ( 'NONE', #1606, 1000.000000000000000 ) ;
#2612 = DIRECTION ( 'NONE',  ( 0.0000000000000000000, -1.000000000000000000, 0.0000000000000000000 ) ) ;
#2613 = CARTESIAN_POINT ( 'NONE',  ( 12.81255844489004600, 6.927829999999906900, 7.204999999999999200 ) ) ;
#2614 = SURFACE_SIDE_STYLE ('',( #1121 ) ) ;
#2615 = VECTOR ( 'NONE', #2828, 1000.000000000000000 ) ;
#2616 = LINE ( 'NONE', #2442, #2001 ) ;
#2617 = CARTESIAN_POINT ( 'NONE',  ( 26.80000000000000100, 0.0000000000000000000, 7.200000000000000200 ) ) ;
#2618 = EDGE_CURVE ( 'NONE', #238, #2161, #1031, .T. ) ;
#2619 = ADVANCED_FACE ( 'NONE', ( #1262 ), #2367, .T. ) ;
#2620 = DIRECTION ( 'NONE',  ( -0.4668459304955081000, -0.8843386665637680300, 0.0000000000000000000 ) ) ;
#2621 = VECTOR ( 'NONE', #1669, 1000.000000000000000 ) ;
#2622 = VECTOR ( 'NONE', #2957, 1000.000000000000000 ) ;
#2623 = LINE ( 'NONE', #2800, #2108 ) ;
#2624 = FILL_AREA_STYLE_COLOUR ( '', #2681 ) ;
#2625 = CARTESIAN_POINT ( 'NONE',  ( 0.0000000000000000000, 0.0000000000000000000, 7.200000000000000200 ) ) ;
#2626 = ORIENTED_EDGE ( 'NONE', *, *, #1648, .T. ) ;
#2627 = VECTOR ( 'NONE', #845, 1000.000000000000100 ) ;
#2628 = ORIENTED_EDGE ( 'NONE', *, *, #1476, .T. ) ;
#2629 = EDGE_CURVE ( 'NONE', #2217, #238, #1569, .T. ) ;
#2630 = STYLED_ITEM ( 'NONE', ( #2580 ), #646 ) ;
#2631 = ORIENTED_EDGE ( 'NONE', *, *, #599, .F. ) ;
#2632 = EDGE_CURVE ( 'NONE', #2507, #2301, #1716, .T. ) ;
#2633 = ORIENTED_EDGE ( 'NONE', *, *, #2360, .F. ) ;
#2634 = CARTESIAN_POINT ( 'NONE',  ( 16.40035138673349700, 7.499038625920482200, 7.204999999999999200 ) ) ;
#2635 = ORIENTED_EDGE ( 'NONE', *, *, #2711, .T. ) ;
#2636 = DIRECTION ( 'NONE',  ( -0.2762517575166416600, -0.9610853065513833600, 0.0000000000000000000 ) ) ;
#2637 = ORIENTED_EDGE ( 'NONE', *, *, #1831, .F. ) ;
#2638 =( LENGTH_UNIT ( ) NAMED_UNIT ( * ) SI_UNIT ( .MILLI., .METRE. ) );
#2639 = ORIENTED_EDGE ( 'NONE', *, *, #2684, .F. ) ;
#2640 = VECTOR ( 'NONE', #2135, 1000.000000000000000 ) ;
#2641 = CARTESIAN_POINT ( 'NONE',  ( 12.96235672504577800, 9.600276224591722100, 7.204999999999999200 ) ) ;
#2642 = AXIS2_PLACEMENT_3D ( 'NONE', #638, #2767, #1388 ) ;
#2643 = CARTESIAN_POINT ( 'NONE',  ( -0.3258226722601034200, -2.788102867824073800, 7.200000000000000200 ) ) ;
#2644 = LINE ( 'NONE', #2372, #2132 ) ;
#2645 = SURFACE_STYLE_FILL_AREA ( #1789 ) ;
#2646 = CARTESIAN_POINT ( 'NONE',  ( 0.0000000000000000000, 15.60000000000000000, 7.200000000000000200 ) ) ;
#2647 = UNCERTAINTY_MEASURE_WITH_UNIT (LENGTH_MEASURE( 1.000000000000000100E-005 ), #1507, 'distance_accuracy_value', 'NONE');
#2648 = EDGE_CURVE ( 'NONE', #416, #2560, #930, .T. ) ;
#2649 = DIRECTION ( 'NONE',  ( 0.0000000000000000000, 0.0000000000000000000, -1.000000000000000000 ) ) ;
#2650 = PLANE ( 'NONE',  #2946 ) ;
#2651 = VECTOR ( 'NONE', #144, 1000.000000000000200 ) ;
#2652 = LINE ( 'NONE', #942, #1522 ) ;
#2653 = STYLED_ITEM ( 'NONE', ( #686 ), #1218 ) ;
#2654 = CARTESIAN_POINT ( 'NONE',  ( 26.80000000000000100, 15.60000000000000000, 0.0000000000000000000 ) ) ;
#2655 =( NAMED_UNIT ( * ) PLANE_ANGLE_UNIT ( ) SI_UNIT ( $, .RADIAN. ) );
#2656 = VECTOR ( 'NONE', #728, 1000.000000000000100 ) ;
#2657 = EDGE_CURVE ( 'NONE', #2739, #1395, #1162, .T. ) ;
#2658 = DIRECTION ( 'NONE',  ( 0.2763139702539113600, 0.9610674221107073900, 0.0000000000000000000 ) ) ;
#2659 = CARTESIAN_POINT ( 'NONE',  ( 20.89907209255935100, 9.349993450466376600, 7.204999999999999200 ) ) ;
#2660 = LINE ( 'NONE', #669, #361 ) ;
#2661 = ORIENTED_EDGE ( 'NONE', *, *, #2249, .F. ) ;
#2662 = LINE ( 'NONE', #2239, #2696 ) ;
#2663 = ORIENTED_EDGE ( 'NONE', *, *, #2538, .T. ) ;
#2664 = DIRECTION ( 'NONE',  ( -1.000000000000000000, 0.0000000000000000000, 0.0000000000000000000 ) ) ;
#2665 = EDGE_CURVE ( 'NONE', #1832, #1944, #1495, .T. ) ;
#2666 = DIRECTION ( 'NONE',  ( 1.000000000000000000, 0.0000000000000000000, 0.0000000000000000000 ) ) ;
#2667 = ORIENTED_EDGE ( 'NONE', *, *, #1891, .T. ) ;
#2668 = EDGE_CURVE ( 'NONE', #1754, #2486, #2586, .T. ) ;
#2669 = EDGE_LOOP ( 'NONE', ( #2202, #824, #2302, #846 ) ) ;
#2670 = ADVANCED_FACE ( 'NONE', ( #2508 ), #835, .F. ) ;
#2671 = FILL_AREA_STYLE_COLOUR ( '', #1077 ) ;
#2672 = ORIENTED_EDGE ( 'NONE', *, *, #798, .T. ) ;
#2673 = CARTESIAN_POINT ( 'NONE',  ( 24.64999999999999900, -27.00000000000000000, 3.174999999999999800 ) ) ;
#2674 = ORIENTED_EDGE ( 'NONE', *, *, #1398, .F. ) ;
#2675 = VERTEX_POINT ( 'NONE', #1099 ) ;
#2676 = CARTESIAN_POINT ( 'NONE',  ( 17.65131123836012600, 6.927829999999908700, 7.204999999999999200 ) ) ;
#2677 = CARTESIAN_POINT ( 'NONE',  ( 18.05985200241929800, 8.799833879061310400, 7.204999999999999200 ) ) ;
#2678 = VECTOR ( 'NONE', #1448, 1000.000000000000000 ) ;
#2679 =( GEOMETRIC_REPRESENTATION_CONTEXT ( 3 ) GLOBAL_UNCERTAINTY_ASSIGNED_CONTEXT ( ( #1303 ) ) GLOBAL_UNIT_ASSIGNED_CONTEXT ( ( #1263, #98, #1034 ) ) REPRESENTATION_CONTEXT ( 'NONE', 'WORKASPACE' ) );
#2680 = CARTESIAN_POINT ( 'NONE',  ( 16.77163425537493100, 8.799833879061310400, 7.200000000000000200 ) ) ;
#2681 = COLOUR_RGB ( '',0.8980392156862745400, 0.9215686274509803400, 0.9294117647058823800 ) ;
#2682 = CARTESIAN_POINT ( 'NONE',  ( 7.712867912419145700, 6.927829999999908700, 7.204999999999999200 ) ) ;
#2683 = VECTOR ( 'NONE', #1595, 1000.000000000000000 ) ;
#2684 = EDGE_CURVE ( 'NONE', #1873, #2374, #444, .T. ) ;
#2685 = VECTOR ( 'NONE', #91, 1000.000000000000000 ) ;
#2686 = CARTESIAN_POINT ( 'NONE',  ( 0.0000000000000000000, 15.60000000000000000, 0.0000000000000000000 ) ) ;
#2687 = CARTESIAN_POINT ( 'NONE',  ( -0.3258226722601034200, -2.788102867824073800, 7.204999999999998300 ) ) ;
#2688 = STYLED_ITEM ( 'NONE', ( #695 ), #714 ) ;
#2689 = VECTOR ( 'NONE', #1668, 1000.000000000000000 ) ;
#2690 =( NAMED_UNIT ( * ) PLANE_ANGLE_UNIT ( ) SI_UNIT ( $, .RADIAN. ) );
#2691 = CARTESIAN_POINT ( 'NONE',  ( 17.81339494899777200, 7.499038625920482200, 7.204999999999999200 ) ) ;
#2692 = AXIS2_PLACEMENT_3D ( 'NONE', #2338, #1175, #1643 ) ;
#2693 = CARTESIAN_POINT ( 'NONE',  ( 17.90134621804373400, 8.244999742206992700, 7.204999999999999200 ) ) ;
#2694 = CARTESIAN_POINT ( 'NONE',  ( 20.07720000853358400, 9.350058697634773700, 7.204999999999999200 ) ) ;
#2695 =( NAMED_UNIT ( * ) SI_UNIT ( $, .STERADIAN. ) SOLID_ANGLE_UNIT ( ) );
#2696 = VECTOR ( 'NONE', #2949, 1000.000000000000000 ) ;
#2697 = FACE_OUTER_BOUND ( 'NONE', #1941, .T. ) ;
#2698 = EDGE_CURVE ( 'NONE', #2821, #1610, #1899, .T. ) ;
#2699 = AXIS2_PLACEMENT_3D ( 'NONE', #961, #1165, #210 ) ;
#2700 = DIRECTION ( 'NONE',  ( -1.000000000000000000, -1.203898050721187500E-016, 0.0000000000000000000 ) ) ;
#2701 = CARTESIAN_POINT ( 'NONE',  ( 7.455275478652722200, 9.929655370087539600, 7.200000000000000200 ) ) ;
#2702 = EDGE_LOOP ( 'NONE', ( #552, #1200, #1835, #1094, #2119, #2738, #893, #1257 ) ) ;
#2703 = ORIENTED_EDGE ( 'NONE', *, *, #1452, .T. ) ;
#2704 = FILL_AREA_STYLE_COLOUR ( '', #1961 ) ;
#2705 = VERTEX_POINT ( 'NONE', #2729 ) ;
#2706 = ADVANCED_BREP_SHAPE_REPRESENTATION ( 'CFR_RB2_26.5X16X7_L26.8H16.1T7.2S22.5LL27F0.85', ( #49, #810, #1358, #792, #2265 ), #2955 ) ;
#2707 = EDGE_LOOP ( 'NONE', ( #3041, #1803, #667, #1319 ) ) ;
#2708 = CARTESIAN_POINT ( 'NONE',  ( 0.0000000000000000000, 15.60000000000000000, 7.200000000000000200 ) ) ;
#2709 = CARTESIAN_POINT ( 'NONE',  ( 16.93410131525536500, 9.358172923274562300, 7.200000000000000200 ) ) ;
#2710 = ORIENTED_EDGE ( 'NONE', *, *, #1277, .F. ) ;
#2711 = EDGE_CURVE ( 'NONE', #418, #972, #1973, .T. ) ;
#2712 = EDGE_LOOP ( 'NONE', ( #2076, #1247, #741, #2110 ) ) ;
#2713 = VERTEX_POINT ( 'NONE', #1333 ) ;
#2714 = DIRECTION ( 'NONE',  ( -0.2793947940878294700, -0.9601763114327595000, 0.0000000000000000000 ) ) ;
#2715 = ORIENTED_EDGE ( 'NONE', *, *, #1028, .T. ) ;
#2716 = DIRECTION ( 'NONE',  ( -0.0000000000000000000, 1.000000000000000000, -0.0000000000000000000 ) ) ;
#2717 = PRESENTATION_LAYER_ASSIGNMENT (  '', '', ( #542 ) ) ;
#2718 = LINE ( 'NONE', #837, #1954 ) ;
#2719 = LINE ( 'NONE', #2314, #2350 ) ;
#2720 = FACE_OUTER_BOUND ( 'NONE', #2742, .T. ) ;
#2721 = FACE_OUTER_BOUND ( 'NONE', #2335, .T. ) ;
#2722 = DIRECTION ( 'NONE',  ( 0.2729786930694847500, 0.9620200793798827600, 0.0000000000000000000 ) ) ;
#2723 = CARTESIAN_POINT ( 'NONE',  ( 18.30970443484510200, 9.354302921397765800, 7.200000000000000200 ) ) ;
#2724 = FACE_OUTER_BOUND ( 'NONE', #2733, .T. ) ;
#2725 = EDGE_CURVE ( 'NONE', #3037, #238, #2446, .T. ) ;
#2726 = CARTESIAN_POINT ( 'NONE',  ( 9.979269833414731400, 7.498929097572961700, 7.204999999999999200 ) ) ;
#2727 =( GEOMETRIC_REPRESENTATION_CONTEXT ( 3 ) GLOBAL_UNCERTAINTY_ASSIGNED_CONTEXT ( ( #297 ) ) GLOBAL_UNIT_ASSIGNED_CONTEXT ( ( #2463, #73, #776 ) ) REPRESENTATION_CONTEXT ( 'NONE', 'WORKASPACE' ) );
#2728 =( NAMED_UNIT ( * ) PLANE_ANGLE_UNIT ( ) SI_UNIT ( $, .RADIAN. ) );
#2729 = CARTESIAN_POINT ( 'NONE',  ( 19.38098302013320100, 6.927829999999908700, 7.204999999999999200 ) ) ;
#2730 = VECTOR ( 'NONE', #2564, 1000.000000000000000 ) ;
#2731 = FACE_OUTER_BOUND ( 'NONE', #2896, .T. ) ;
#2732 = CARTESIAN_POINT ( 'NONE',  ( 7.088337234751736400, 8.649560976050040000, 7.200000000000000200 ) ) ;
#2733 = EDGE_LOOP ( 'NONE', ( #306, #337, #1862, #1857 ) ) ;
#2734 = FACE_OUTER_BOUND ( 'NONE', #2336, .T. ) ;
#2735 = SURFACE_STYLE_FILL_AREA ( #1854 ) ;
#2736 = VERTEX_POINT ( 'NONE', #596 ) ;
#2737 = CARTESIAN_POINT ( 'NONE',  ( 2.150000000000000800, -27.00000000000000000, 3.600000000000000100 ) ) ;
#2738 = ORIENTED_EDGE ( 'NONE', *, *, #2953, .T. ) ;
#2739 = VERTEX_POINT ( 'NONE', #1147 ) ;
#2740 = UNCERTAINTY_MEASURE_WITH_UNIT (LENGTH_MEASURE( 1.000000000000000100E-005 ), #1775, 'distance_accuracy_value', 'NONE');
#2741 = VERTEX_POINT ( 'NONE', #860 ) ;
#2742 = EDGE_LOOP ( 'NONE', ( #2928, #1604, #2453, #1354 ) ) ;
#2743 = DIRECTION ( 'NONE',  ( -0.9999960426590096500, 0.002813301676021314300, 0.0000000000000000000 ) ) ;
#2744 = ORIENTED_EDGE ( 'NONE', *, *, #222, .T. ) ;
#2745 = ORIENTED_EDGE ( 'NONE', *, *, #239, .F. ) ;
#2746 = EDGE_CURVE ( 'NONE', #746, #1801, #1196, .T. ) ;
#2747 = CARTESIAN_POINT ( 'NONE',  ( 12.04258323918537400, 9.929655370087539600, 7.200000000000000200 ) ) ;
#2748 = LINE ( 'NONE', #983, #2464 ) ;
#2749 = CARTESIAN_POINT ( 'NONE',  ( 16.77163425537493100, 8.799833879061310400, 7.204999999999999200 ) ) ;
#2750 = FILL_AREA_STYLE_COLOUR ( '', #13 ) ;
#2751 = AXIS2_PLACEMENT_3D ( 'NONE', #2737, #2035, #2245 ) ;
#2752 = LINE ( 'NONE', #2875, #993 ) ;
#2753 = CARTESIAN_POINT ( 'NONE',  ( 4.394236000000001100, 0.5551279999999997300, 7.200000000000000200 ) ) ;
#2754 = DIRECTION ( 'NONE',  ( -0.7059037656364501900, -0.7083077534943971200, -0.0000000000000000000 ) ) ;
#2755 = FACE_OUTER_BOUND ( 'NONE', #1428, .T. ) ;
#2756 = EDGE_CURVE ( 'NONE', #2596, #237, #1126, .T. ) ;
#2757 = CARTESIAN_POINT ( 'NONE',  ( 17.65131123836012600, 6.927829999999908700, 7.200000000000000200 ) ) ;
#2758 = DIRECTION ( 'NONE',  ( 0.2759782365590697800, 0.9611638845408966300, 0.0000000000000000000 ) ) ;
#2759 = LINE ( 'NONE', #301, #1298 ) ;
#2760 = PLANE ( 'NONE',  #299 ) ;
#2761 = PLANE ( 'NONE',  #1850 ) ;
#2762 = DIRECTION ( 'NONE',  ( -0.0000000000000000000, -0.0000000000000000000, -1.000000000000000000 ) ) ;
#2763 = ADVANCED_FACE ( 'NONE', ( #2331 ), #2316, .F. ) ;
#2764 = DIRECTION ( 'NONE',  ( 0.2762437428917223800, 0.9610876102172850600, 0.0000000000000000000 ) ) ;
#2765 = EDGE_CURVE ( 'NONE', #1320, #234, #1750, .T. ) ;
#2766 = LINE ( 'NONE', #307, #1895 ) ;
#2767 = DIRECTION ( 'NONE',  ( 1.000000000000000000, 0.0000000000000000000, 0.0000000000000000000 ) ) ;
#2768 = AXIS2_PLACEMENT_3D ( 'NONE', #165, #1582, #1828 ) ;
#2769 = PLANE ( 'NONE',  #2854 ) ;
#2770 = CARTESIAN_POINT ( 'NONE',  ( 22.40576400000000100, 0.5551279999999997300, 0.0000000000000000000 ) ) ;
#2771 = FACE_OUTER_BOUND ( 'NONE', #593, .T. ) ;
#2772 = DIRECTION ( 'NONE',  ( 0.0000000000000000000, 0.0000000000000000000, -1.000000000000000000 ) ) ;
#2773 = ORIENTED_EDGE ( 'NONE', *, *, #1156, .F. ) ;
#2774 = DIRECTION ( 'NONE',  ( -0.0000000000000000000, 0.0000000000000000000, -1.000000000000000000 ) ) ;
#2775 = VERTEX_POINT ( 'NONE', #2554 ) ;
#2776 = DIRECTION ( 'NONE',  ( -0.9617234872620597000, 0.2740217765954066600, 0.0000000000000000000 ) ) ;
#2777 = ORIENTED_EDGE ( 'NONE', *, *, #2668, .T. ) ;
#2778 = VERTEX_POINT ( 'NONE', #2784 ) ;
#2779 = EDGE_CURVE ( 'NONE', #1253, #1160, #1014, .T. ) ;
#2780 = ORIENTED_EDGE ( 'NONE', *, *, #1283, .F. ) ;
#2781 = CARTESIAN_POINT ( 'NONE',  ( 8.626224864559842900, 6.927829999999908700, 7.204999999999999200 ) ) ;
#2782 = DIRECTION ( 'NONE',  ( 0.0000000000000000000, 0.0000000000000000000, 1.000000000000000000 ) ) ;
#2783 = EDGE_LOOP ( 'NONE', ( #66, #2156 ) ) ;
#2784 = CARTESIAN_POINT ( 'NONE',  ( 12.34199725223673700, 9.929655370087539600, 7.204999999999999200 ) ) ;
#2785 = EDGE_LOOP ( 'NONE', ( #814, #2306, #2974, #96 ) ) ;
#2786 = CARTESIAN_POINT ( 'NONE',  ( 24.64999999999999900, -27.00000000000000000, 3.600000000000000100 ) ) ;
#2787 = CARTESIAN_POINT ( 'NONE',  ( 2.150000000000000800, 0.7500000000000000000, 3.174999999999999800 ) ) ;
#2788 = PRESENTATION_LAYER_ASSIGNMENT (  '', '', ( #562 ) ) ;
#2790 = LINE ( 'NONE', #816, #2975 ) ;
#2789 = CARTESIAN_POINT ( 'NONE',  ( 12.19501932481243500, 6.927829999999906900, 7.204999999999999200 ) ) ;
#2791 = EDGE_CURVE ( 'NONE', #2778, #375, #90, .T. ) ;
#2792 = DIRECTION ( 'NONE',  ( -0.2765379750249963900, -0.9610029908221278100, 0.0000000000000000000 ) ) ;
#2793 = VECTOR ( 'NONE', #2198, 1000.000000000000000 ) ;
#2794 = CARTESIAN_POINT ( 'NONE',  ( 11.63858790185063300, 8.799934280058121100, 7.200000000000000200 ) ) ;
#2795 = SURFACE_STYLE_FILL_AREA ( #203 ) ;
#2796 = ADVANCED_FACE ( 'NONE', ( #1822 ), #162, .F. ) ;
#2797 = DIRECTION ( 'NONE',  ( 0.0000000000000000000, 0.0000000000000000000, -1.000000000000000000 ) ) ;
#2798 = CARTESIAN_POINT ( 'NONE',  ( 26.59289321881345100, 16.10000000000000100, 6.992893218813451400 ) ) ;
#2799 = VECTOR ( 'NONE', #2067, 1000.000000000000000 ) ;
#2800 = CARTESIAN_POINT ( 'NONE',  ( 18.30979897727456100, 10.93479069361932500, 6.306666755999998500 ) ) ;
#2801 = LINE ( 'NONE', #1998, #609 ) ;
#2802 = ORIENTED_EDGE ( 'NONE', *, *, #222, .F. ) ;
#2803 = EDGE_CURVE ( 'NONE', #2739, #1801, #282, .T. ) ;
#2804 = FACE_OUTER_BOUND ( 'NONE', #2823, .T. ) ;
#2805 = VECTOR ( 'NONE', #2834, 1000.000000000000000 ) ;
#2806 = EDGE_LOOP ( 'NONE', ( #1347, #2296, #854, #102 ) ) ;
#2807 = ADVANCED_FACE ( 'NONE', ( #2811 ), #2064, .F. ) ;
#2808 = DIRECTION ( 'NONE',  ( 0.0000000000000000000, 0.0000000000000000000, 1.000000000000000000 ) ) ;
#2809 = ORIENTED_EDGE ( 'NONE', *, *, #1812, .T. ) ;
#2810 = LINE ( 'NONE', #2500, #1568 ) ;
#2811 = FACE_OUTER_BOUND ( 'NONE', #1019, .T. ) ;
#2812 = DIRECTION ( 'NONE',  ( 0.0000000000000000000, 0.0000000000000000000, 1.000000000000000000 ) ) ;
#2813 = ORIENTED_EDGE ( 'NONE', *, *, #1882, .T. ) ;
#2814 = ORIENTED_EDGE ( 'NONE', *, *, #387, .T. ) ;
#2815 = DIRECTION ( 'NONE',  ( 0.0000000000000000000, -1.000000000000000000, 0.0000000000000000000 ) ) ;
#2816 = ORIENTED_EDGE ( 'NONE', *, *, #1190, .F. ) ;
#2817 = MECHANICAL_DESIGN_GEOMETRIC_PRESENTATION_REPRESENTATION (  '', ( #1679 ), #989 ) ;
#2818 = ORIENTED_EDGE ( 'NONE', *, *, #2503, .T. ) ;
#2819 = ORIENTED_EDGE ( 'NONE', *, *, #2863, .T. ) ;
#2820 = DIRECTION ( 'NONE',  ( 0.0000000000000000000, 1.000000000000000000, 0.0000000000000000000 ) ) ;
#2821 = VERTEX_POINT ( 'NONE', #2794 ) ;
#2822 = DIRECTION ( 'NONE',  ( -0.2755520632520602200, -0.9612861490927311300, 0.0000000000000000000 ) ) ;
#2823 = EDGE_LOOP ( 'NONE', ( #1804, #2816, #1022, #2637 ) ) ;
#2824 = CARTESIAN_POINT ( 'NONE',  ( 0.0000000000000000000, 0.0000000000000000000, 0.0000000000000000000 ) ) ;
#2825 = ADVANCED_FACE ( 'NONE', ( #151 ), #656, .F. ) ;
#2826 = VECTOR ( 'NONE', #677, 1000.000000000000000 ) ;
#2827 = EDGE_CURVE ( 'NONE', #2380, #2015, #2440, .T. ) ;
#2828 = DIRECTION ( 'NONE',  ( -0.0000000000000000000, -0.0000000000000000000, -1.000000000000000000 ) ) ;
#2829 = VECTOR ( 'NONE', #1491, 1000.000000000000200 ) ;
#2830 = VECTOR ( 'NONE', #2069, 1000.000000000000000 ) ;
#2831 = AXIS2_PLACEMENT_3D ( 'NONE', #990, #1214, #40 ) ;
#2832 = CARTESIAN_POINT ( 'NONE',  ( 12.04258323918537400, 9.929655370087539600, 7.204999999999999200 ) ) ;
#2833 = SURFACE_SIDE_STYLE ('',( #2136 ) ) ;
#2834 = DIRECTION ( 'NONE',  ( -1.000000000000000000, -0.0000000000000000000, -0.0000000000000000000 ) ) ;
#2835 = PRESENTATION_LAYER_ASSIGNMENT (  '', '', ( #1339 ) ) ;
#2836 = CARTESIAN_POINT ( 'NONE',  ( 7.088337234751736400, 8.649560976050040000, 7.204999999999999200 ) ) ;
#2837 = LINE ( 'NONE', #186, #1853 ) ;
#2838 = ADVANCED_FACE ( 'NONE', ( #1276 ), #249, .F. ) ;
#2839 = CARTESIAN_POINT ( 'NONE',  ( 14.25927284894691400, 6.927829999999906900, 7.204999999999999200 ) ) ;
#2840 = VECTOR ( 'NONE', #614, 1000.000000000000000 ) ;
#2841 = SURFACE_STYLE_USAGE ( .BOTH. , #2833 ) ;
#2842 = SURFACE_STYLE_USAGE ( .BOTH. , #246 ) ;
#2843 = CARTESIAN_POINT ( 'NONE',  ( 9.351959747037526000, 9.929655370087539600, 7.200000000000000200 ) ) ;
#2844 = ORIENTED_EDGE ( 'NONE', *, *, #1452, .F. ) ;
#2845 = DIRECTION ( 'NONE',  ( -0.05596501978069370200, -0.9984327301130239100, 0.0000000000000000000 ) ) ;
#2846 = VECTOR ( 'NONE', #1889, 1000.000000000000000 ) ;
#2847 = CIRCLE ( 'NONE', #2699, 0.4250000000000000400 ) ;
#2848 = MECHANICAL_DESIGN_GEOMETRIC_PRESENTATION_REPRESENTATION (  '', ( #1578 ), #2530 ) ;
#2849 = ORIENTED_EDGE ( 'NONE', *, *, #1773, .T. ) ;
#2850 = ORIENTED_EDGE ( 'NONE', *, *, #275, .F. ) ;
#2851 = DIRECTION ( 'NONE',  ( 0.0000000000000000000, -1.000000000000000000, 0.0000000000000000000 ) ) ;
#2852 = ORIENTED_EDGE ( 'NONE', *, *, #3014, .T. ) ;
#2853 = ORIENTED_EDGE ( 'NONE', *, *, #200, .T. ) ;
#2854 = AXIS2_PLACEMENT_3D ( 'NONE', #172, #182, #1844 ) ;
#2855 = CARTESIAN_POINT ( 'NONE',  ( 8.961130752620432500, 6.927829999999906000, 7.204999999999999200 ) ) ;
#2856 = ORIENTED_EDGE ( 'NONE', *, *, #863, .T. ) ;
#2857 = DIRECTION ( 'NONE',  ( -0.0000000000000000000, -0.0000000000000000000, 1.000000000000000000 ) ) ;
#2858 = ORIENTED_EDGE ( 'NONE', *, *, #1496, .T. ) ;
#2859 = ADVANCED_FACE ( 'NONE', ( #403 ), #3042, .F. ) ;
#2860 = CARTESIAN_POINT ( 'NONE',  ( -0.3258226722601034200, -2.788102867824073800, 7.199999999999998400 ) ) ;
#2861 = EDGE_LOOP ( 'NONE', ( #2814, #2340, #1466, #1905 ) ) ;
#2862 = FILL_AREA_STYLE_COLOUR ( '', #1236 ) ;
#2863 = EDGE_CURVE ( 'NONE', #409, #2072, #1904, .T. ) ;
#2864 = ORIENTED_EDGE ( 'NONE', *, *, #2077, .T. ) ;
#2866 = LINE ( 'NONE', #244, #2603 ) ;
#2865 = DIRECTION ( 'NONE',  ( 0.0000000000000000000, 0.0000000000000000000, -1.000000000000000000 ) ) ;
#2867 = EDGE_CURVE ( 'NONE', #1098, #2560, #2294, .T. ) ;
#2868 =( NAMED_UNIT ( * ) PLANE_ANGLE_UNIT ( ) SI_UNIT ( $, .RADIAN. ) );
#2869 = VECTOR ( 'NONE', #1194, 1000.000000000000000 ) ;
#2870 = DIRECTION ( 'NONE',  ( 0.2764273280489764600, 0.9610348236706636200, 0.0000000000000000000 ) ) ;
#2871 = VECTOR ( 'NONE', #1112, 1000.000000000000000 ) ;
#2872 =( GEOMETRIC_REPRESENTATION_CONTEXT ( 3 ) GLOBAL_UNCERTAINTY_ASSIGNED_CONTEXT ( ( #673 ) ) GLOBAL_UNIT_ASSIGNED_CONTEXT ( ( #2638, #2417, #1442 ) ) REPRESENTATION_CONTEXT ( 'NONE', 'WORKASPACE' ) );
#2873 = CARTESIAN_POINT ( 'NONE',  ( 12.81255844489004600, 6.927829999999906900, 7.200000000000000200 ) ) ;
#2874 = VECTOR ( 'NONE', #1050, 1000.000000000000000 ) ;
#2875 = CARTESIAN_POINT ( 'NONE',  ( 5.737880000000000500, 6.927830000000001000, 7.204999999999999200 ) ) ;
#2876 = PLANE ( 'NONE',  #869 ) ;
#2877 = CYLINDRICAL_SURFACE ( 'NONE', #2493, 0.5000000000000004400 ) ;
#2878 = PRESENTATION_LAYER_ASSIGNMENT (  '', '', ( #1943 ) ) ;
#2879 = VECTOR ( 'NONE', #2911, 1000.000000000000000 ) ;
#2880 = PRESENTATION_STYLE_ASSIGNMENT (( #2842 ) ) ;
#2881 = VECTOR ( 'NONE', #2323, 1000.000000000000000 ) ;
#2882 = CARTESIAN_POINT ( 'NONE',  ( 1.084202172485504400E-016, 15.89289321881345200, 7.199999999999999300 ) ) ;
#2883 = EDGE_CURVE ( 'NONE', #585, #1764, #617, .T. ) ;
#2884 = EDGE_CURVE ( 'NONE', #2775, #131, #1344, .T. ) ;
#2885 = VERTEX_POINT ( 'NONE', #1652 ) ;
#2886 = VECTOR ( 'NONE', #360, 1000.000000000000000 ) ;
#2887 = SURFACE_STYLE_USAGE ( .BOTH. , #266 ) ;
#2888 = PLANE ( 'NONE',  #831 ) ;
#2889 = ORIENTED_EDGE ( 'NONE', *, *, #1080, .F. ) ;
#2890 = AXIS2_PLACEMENT_3D ( 'NONE', #820, #2929, #595 ) ;
#2891 = ORIENTED_EDGE ( 'NONE', *, *, #1820, .F. ) ;
#2892 = ORIENTED_EDGE ( 'NONE', *, *, #368, .F. ) ;
#2893 = ORIENTED_EDGE ( 'NONE', *, *, #920, .T. ) ;
#2894 = CARTESIAN_POINT ( 'NONE',  ( 0.8933332440000000300, 0.0000000000000000000, 6.306666755999995800 ) ) ;
#2895 = ORIENTED_EDGE ( 'NONE', *, *, #1071, .F. ) ;
#2896 = EDGE_LOOP ( 'NONE', ( #1762, #3035, #778, #1422, #2329, #1827, #485, #2522 ) ) ;
#2897 = VERTEX_POINT ( 'NONE', #2127 ) ;
#2898 = CARTESIAN_POINT ( 'NONE',  ( 7.712867912419145700, 6.927829999999908700, 7.200000000000000200 ) ) ;
#2899 = DIRECTION ( 'NONE',  ( 0.2793947940878294700, 0.9601763114327593900, 0.0000000000000000000 ) ) ;
#2900 = VECTOR ( 'NONE', #2636, 1000.000000000000200 ) ;
#2901 = CARTESIAN_POINT ( 'NONE',  ( 8.626224864559842900, 6.927829999999908700, 7.204999999999999200 ) ) ;
#2902 = LINE ( 'NONE', #2083, #1845 ) ;
#2903 = EDGE_CURVE ( 'NONE', #1176, #365, #1238, .T. ) ;
#2904 =( NAMED_UNIT ( * ) SI_UNIT ( $, .STERADIAN. ) SOLID_ANGLE_UNIT ( ) );
#2905 = EDGE_CURVE ( 'NONE', #224, #2598, #696, .T. ) ;
#2906 = CARTESIAN_POINT ( 'NONE',  ( 18.52587689811365800, 6.927829999999908700, 7.204999999999999200 ) ) ;
#2907 = VECTOR ( 'NONE', #2658, 1000.000000000000000 ) ;
#2908 = AXIS2_PLACEMENT_3D ( 'NONE', #2980, #2510, #2985 ) ;
#2909 = DIRECTION ( 'NONE',  ( -0.2762033010252004700, -0.9610992334315862100, -0.0000000000000000000 ) ) ;
#2910 = UNCERTAINTY_MEASURE_WITH_UNIT (LENGTH_MEASURE( 1.000000000000000100E-005 ), #1865, 'distance_accuracy_value', 'NONE');
#2911 = DIRECTION ( 'NONE',  ( -0.0000000000000000000, -0.0000000000000000000, -1.000000000000000000 ) ) ;
#2912 = FACE_OUTER_BOUND ( 'NONE', #984, .T. ) ;
#2913 =( LENGTH_UNIT ( ) NAMED_UNIT ( * ) SI_UNIT ( .MILLI., .METRE. ) );
#2914 = EDGE_CURVE ( 'NONE', #1287, #1576, #813, .T. ) ;
#2915 = AXIS2_PLACEMENT_3D ( 'NONE', #3060, #2326, #2812 ) ;
#2916 = FILL_AREA_STYLE ('',( #1284 ) ) ;
#2917 = CARTESIAN_POINT ( 'NONE',  ( 16.61331101825768600, 8.244999742206992700, 7.200000000000000200 ) ) ;
#2918 = ORIENTED_EDGE ( 'NONE', *, *, #705, .F. ) ;
#2919 = FACE_OUTER_BOUND ( 'NONE', #1168, .T. ) ;
#2920 = ORIENTED_EDGE ( 'NONE', *, *, #139, .F. ) ;
#2921 = LINE ( 'NONE', #978, #331 ) ;
#2922 =( NAMED_UNIT ( * ) SI_UNIT ( $, .STERADIAN. ) SOLID_ANGLE_UNIT ( ) );
#2923 = CARTESIAN_POINT ( 'NONE',  ( 10.35016935282230600, 8.799934280058121100, 7.204999999999999200 ) ) ;
#2924 = EDGE_LOOP ( 'NONE', ( #2626, #702, #2844, #981 ) ) ;
#2925 = EDGE_CURVE ( 'NONE', #861, #1160, #1087, .T. ) ;
#2926 = ORIENTED_EDGE ( 'NONE', *, *, #2725, .F. ) ;
#2927 = CARTESIAN_POINT ( 'NONE',  ( 10.19184611570141100, 8.244999742213012800, 7.204999999999999200 ) ) ;
#2928 = ORIENTED_EDGE ( 'NONE', *, *, #2914, .T. ) ;
#2929 = DIRECTION ( 'NONE',  ( 0.0000000000000000000, 1.000000000000000000, 0.0000000000000000000 ) ) ;
#2930 = ORIENTED_EDGE ( 'NONE', *, *, #347, .T. ) ;
#2931 = MECHANICAL_DESIGN_GEOMETRIC_PRESENTATION_REPRESENTATION (  '', ( #587 ), #2551 ) ;
#2932 = VERTEX_POINT ( 'NONE', #1634 ) ;
#2933 = VERTEX_POINT ( 'NONE', #1413 ) ;
#2934 = FILL_AREA_STYLE_COLOUR ( '', #1142 ) ;
#2935 = FACE_OUTER_BOUND ( 'NONE', #1683, .T. ) ;
#2936 = AXIS2_PLACEMENT_3D ( 'NONE', #398, #877, #2334 ) ;
#2937 =( LENGTH_UNIT ( ) NAMED_UNIT ( * ) SI_UNIT ( .MILLI., .METRE. ) );
#2938 = VECTOR ( 'NONE', #318, 1000.000000000000200 ) ;
#2939 = CARTESIAN_POINT ( 'NONE',  ( 12.04258323918537400, 9.929655370087539600, 7.204999999999999200 ) ) ;
#2940 = VECTOR ( 'NONE', #1432, 1000.000000000000100 ) ;
#2941 = EDGE_CURVE ( 'NONE', #1576, #2012, #2005, .T. ) ;
#2942 = CARTESIAN_POINT ( 'NONE',  ( 15.38334410133418800, 6.927829999999906900, 7.204999999999999200 ) ) ;
#2943 = FACE_OUTER_BOUND ( 'NONE', #93, .T. ) ;
#2944 = DIRECTION ( 'NONE',  ( 0.9999960426590096500, -0.002813301676021314700, 0.0000000000000000000 ) ) ;
#2945 = VECTOR ( 'NONE', #1934, 1000.000000000000000 ) ;
#2946 = AXIS2_PLACEMENT_3D ( 'NONE', #314, #788, #2714 ) ;
#2947 = DIRECTION ( 'NONE',  ( -0.0000000000000000000, -0.0000000000000000000, -1.000000000000000000 ) ) ;
#2948 = EDGE_CURVE ( 'NONE', #131, #944, #2547, .T. ) ;
#2949 = DIRECTION ( 'NONE',  ( -0.0000000000000000000, -0.0000000000000000000, 1.000000000000000000 ) ) ;
#2950 = DIRECTION ( 'NONE',  ( -0.0000000000000000000, -0.0000000000000000000, -1.000000000000000000 ) ) ;
#2951 = DIRECTION ( 'NONE',  ( 0.7083077534943971200, -0.7059037656364501900, 0.0000000000000000000 ) ) ;
#2952 = ORIENTED_EDGE ( 'NONE', *, *, #825, .F. ) ;
#2953 = EDGE_CURVE ( 'NONE', #1832, #968, #2581, .T. ) ;
#2954 = LINE ( 'NONE', #1551, #2327 ) ;
#2955 =( GEOMETRIC_REPRESENTATION_CONTEXT ( 3 ) GLOBAL_UNCERTAINTY_ASSIGNED_CONTEXT ( ( #3025 ) ) GLOBAL_UNIT_ASSIGNED_CONTEXT ( ( #1897, #924, #680 ) ) REPRESENTATION_CONTEXT ( 'NONE', 'WORKASPACE' ) );
#2956 = DIRECTION ( 'NONE',  ( -0.9619530280415483600, 0.2732148821746286400, 0.0000000000000000000 ) ) ;
#2957 = DIRECTION ( 'NONE',  ( -1.000000000000000000, 0.0000000000000000000, 0.0000000000000000000 ) ) ;
#2958 = ORIENTED_EDGE ( 'NONE', *, *, #693, .F. ) ;
#2959 = LINE ( 'NONE', #41, #1161 ) ;
#2960 = VECTOR ( 'NONE', #1799, 1000.000000000000000 ) ;
#2961 = CARTESIAN_POINT ( 'NONE',  ( 11.64331587583164800, 7.498929097572961700, 7.200000000000000200 ) ) ;
#2962 = ORIENTED_EDGE ( 'NONE', *, *, #1301, .F. ) ;
#2963 = ORIENTED_EDGE ( 'NONE', *, *, #2191, .F. ) ;
#2964 =( LENGTH_UNIT ( ) NAMED_UNIT ( * ) SI_UNIT ( .MILLI., .METRE. ) );
#2965 = VERTEX_POINT ( 'NONE', #925 ) ;
#2966 = EDGE_CURVE ( 'NONE', #739, #2885, #2623, .T. ) ;
#2967 = ORIENTED_EDGE ( 'NONE', *, *, #1343, .T. ) ;
#2968 = ORIENTED_EDGE ( 'NONE', *, *, #2419, .F. ) ;
#2969 = DIRECTION ( 'NONE',  ( 0.2765379750249963300, 0.9610029908221278100, 0.0000000000000000000 ) ) ;
#2970 = DIRECTION ( 'NONE',  ( -0.0000000000000000000, -0.0000000000000000000, -1.000000000000000000 ) ) ;
#2971 = CARTESIAN_POINT ( 'NONE',  ( 10.19184611570141100, 8.244999742213012800, 7.200000000000000200 ) ) ;
#2972 = UNCERTAINTY_MEASURE_WITH_UNIT (LENGTH_MEASURE( 1.000000000000000100E-005 ), #2988, 'distance_accuracy_value', 'NONE');
#2973 =( GEOMETRIC_REPRESENTATION_CONTEXT ( 3 ) GLOBAL_UNCERTAINTY_ASSIGNED_CONTEXT ( ( #2647 ) ) GLOBAL_UNIT_ASSIGNED_CONTEXT ( ( #1507, #2655, #2427 ) ) REPRESENTATION_CONTEXT ( 'NONE', 'WORKASPACE' ) );
#2974 = ORIENTED_EDGE ( 'NONE', *, *, #863, .F. ) ;
#2975 = VECTOR ( 'NONE', #1759, 1000.000000000000200 ) ;
#2976 = CARTESIAN_POINT ( 'NONE',  ( 15.88513000492852000, 9.929655370087539600, 7.200000000000000200 ) ) ;
#2977 = EDGE_CURVE ( 'NONE', #1176, #747, #1383, .T. ) ;
#2978 = AXIS2_PLACEMENT_3D ( 'NONE', #2983, #2951, #364 ) ;
#2979 = CYLINDRICAL_SURFACE ( 'NONE', #1981, 0.5000000000000000000 ) ;
#2980 = CARTESIAN_POINT ( 'NONE',  ( 14.56854981385287200, 9.929655370087539600, 7.204999999999999200 ) ) ;
#2981 = VECTOR ( 'NONE', #1152, 1000.000000000000100 ) ;
#2982 = EDGE_CURVE ( 'NONE', #224, #1908, #2847, .T. ) ;
#2983 = CARTESIAN_POINT ( 'NONE',  ( 7.088337234751736400, 8.649560976050040000, 7.204999999999999200 ) ) ;
#2984 = AXIS2_PLACEMENT_3D ( 'NONE', #2617, #514, #1468 ) ;
#2985 = DIRECTION ( 'NONE',  ( 0.4443210308329519400, 0.8958676361826802800, 0.0000000000000000000 ) ) ;
#2986 = DIRECTION ( 'NONE',  ( -0.9610674221107073900, 0.2763139702539113000, 0.0000000000000000000 ) ) ;
#2987 = CARTESIAN_POINT ( 'NONE',  ( 26.30000000000000100, 16.10000000000000100, 0.5000000000000004400 ) ) ;
#2988 =( LENGTH_UNIT ( ) NAMED_UNIT ( * ) SI_UNIT ( .MILLI., .METRE. ) );
#2989 = DIRECTION ( 'NONE',  ( 0.002813301676021314300, 0.9999960426590096500, -0.0000000000000000000 ) ) ;
#2990 = ORIENTED_EDGE ( 'NONE', *, *, #825, .T. ) ;
#2991 = VECTOR ( 'NONE', #1318, 1000.000000000000200 ) ;
#2992 = ADVANCED_FACE ( 'NONE', ( #2253 ), #1404, .F. ) ;
#2993 = ORIENTED_EDGE ( 'NONE', *, *, #1415, .F. ) ;
#2994 = VERTEX_POINT ( 'NONE', #2138 ) ;
#2995 = CARTESIAN_POINT ( 'NONE',  ( 9.979269833414731400, 7.498929097572961700, 7.204999999999999200 ) ) ;
#2996 = ORIENTED_EDGE ( 'NONE', *, *, #3014, .F. ) ;
#2997 = CARTESIAN_POINT ( 'NONE',  ( 8.626224864559842900, 6.927829999999908700, 7.204999999999999200 ) ) ;
#2998 = ORIENTED_EDGE ( 'NONE', *, *, #289, .T. ) ;
#2999 = DIRECTION ( 'NONE',  ( 0.0000000000000000000, -1.000000000000000000, 0.0000000000000000000 ) ) ;
#3000 = ORIENTED_EDGE ( 'NONE', *, *, #580, .T. ) ;
#3001 = FILL_AREA_STYLE ('',( #2303 ) ) ;
#3002 = EDGE_LOOP ( 'NONE', ( #615, #163, #819, #2048, #134, #2122, #1729, #2483, #452, #305, #2952, #1169, #2263, #342, #1639, #1053, #779, #2075, #2639, #1755, #1790, #2892, #473 ) ) ;
#3003 = SURFACE_STYLE_USAGE ( .BOTH. , #1621 ) ;
#3004 = ORIENTED_EDGE ( 'NONE', *, *, #2411, .T. ) ;
#3005 = ORIENTED_EDGE ( 'NONE', *, *, #2884, .T. ) ;
#3006 = AXIS2_PLACEMENT_3D ( 'NONE', #283, #45, #1702 ) ;
#3007 = UNCERTAINTY_MEASURE_WITH_UNIT (LENGTH_MEASURE( 1.000000000000000100E-005 ), #1619, 'distance_accuracy_value', 'NONE');
#3008 = CARTESIAN_POINT ( 'NONE',  ( 11.48008211747157700, 8.244999742213012800, 7.204999999999999200 ) ) ;
#3009 =( NAMED_UNIT ( * ) PLANE_ANGLE_UNIT ( ) SI_UNIT ( $, .RADIAN. ) );
#3010 = STYLED_ITEM ( 'NONE', ( #1555 ), #1384 ) ;
#3011 = VECTOR ( 'NONE', #3049, 1000.000000000000000 ) ;
#3012 =( NAMED_UNIT ( * ) PLANE_ANGLE_UNIT ( ) SI_UNIT ( $, .RADIAN. ) );
#3013 = VECTOR ( 'NONE', #1813, 1000.000000000000000 ) ;
#3014 = EDGE_CURVE ( 'NONE', #968, #2599, #1456, .T. ) ;
#3015 = CARTESIAN_POINT ( 'NONE',  ( 20.07720000853358400, 9.350058697634773700, 7.204999999999999200 ) ) ;
#3016 = CARTESIAN_POINT ( 'NONE',  ( 16.24677438074236600, 9.929655370087539600, 7.204999999999999200 ) ) ;
#3017 = CARTESIAN_POINT ( 'NONE',  ( 2.150000000000000800, -27.00000000000000000, 4.025000000000000400 ) ) ;
#3018 = CARTESIAN_POINT ( 'NONE',  ( 12.34199725223673700, 9.929655370087539600, 7.204999999999999200 ) ) ;
#3019 = PLANE ( 'NONE',  #2183 ) ;
#3020 = EDGE_CURVE ( 'NONE', #1575, #202, #1490, .T. ) ;
#3021 = COLOUR_RGB ( '',0.4980392156862745200, 0.4980392156862745200, 0.4980392156862745200 ) ;
#3022 = CARTESIAN_POINT ( 'NONE',  ( 4.394236000000001100, 0.5551279999999997300, 0.8933332440000003600 ) ) ;
#3023 = ADVANCED_FACE ( 'NONE', ( #2697 ), #1690, .F. ) ;
#3024 = LINE ( 'NONE', #459, #1378 ) ;
#3025 = UNCERTAINTY_MEASURE_WITH_UNIT (LENGTH_MEASURE( 1.000000000000000100E-005 ), #1897, 'distance_accuracy_value', 'NONE');
#3026 = CARTESIAN_POINT ( 'NONE',  ( 11.64331587583164800, 7.498929097572961700, 7.204999999999999200 ) ) ;
#3027 = SURFACE_STYLE_USAGE ( .BOTH. , #247 ) ;
#3028 = VECTOR ( 'NONE', #2792, 999.9999999999998900 ) ;
#3029 = FACE_OUTER_BOUND ( 'NONE', #2707, .T. ) ;
#3030 = DIRECTION ( 'NONE',  ( -1.000000000000000000, -1.203898050721187500E-016, 0.0000000000000000000 ) ) ;
#3031 = ORIENTED_EDGE ( 'NONE', *, *, #2953, .F. ) ;
#3032 = CARTESIAN_POINT ( 'NONE',  ( 26.80000000000000100, 15.60000000000000000, 0.0000000000000000000 ) ) ;
#3033 = VECTOR ( 'NONE', #128, 1000.000000000000100 ) ;
#3034 = PRESENTATION_LAYER_ASSIGNMENT (  '', '', ( #1679 ) ) ;
#3035 = ORIENTED_EDGE ( 'NONE', *, *, #1612, .T. ) ;
#3036 = DIRECTION ( 'NONE',  ( -0.2760118818968580500, -0.9611542233438683500, 0.0000000000000000000 ) ) ;
#3037 = VERTEX_POINT ( 'NONE', #2171 ) ;
#3038 = ORIENTED_EDGE ( 'NONE', *, *, #900, .T. ) ;
#3039 = CARTESIAN_POINT ( 'NONE',  ( 0.8933332440000000300, 0.7500000000000000000, 0.8933332440000003600 ) ) ;
#3040 = CARTESIAN_POINT ( 'NONE',  ( 26.30000000000000100, 16.10000000000000100, 6.699999999999999300 ) ) ;
#3041 = ORIENTED_EDGE ( 'NONE', *, *, #2905, .F. ) ;
#3042 = PLANE ( 'NONE',  #1549 ) ;
#3043 = ORIENTED_EDGE ( 'NONE', *, *, #2601, .F. ) ;
#3044 = ADVANCED_FACE ( 'NONE', ( #2731 ), #1007, .F. ) ;
#3045 = EDGE_CURVE ( 'NONE', #1944, #2300, #583, .T. ) ;
#3046 = DIRECTION ( 'NONE',  ( 0.0000000000000000000, 0.0000000000000000000, -1.000000000000000000 ) ) ;
#3047 = VERTEX_POINT ( 'NONE', #2244 ) ;
#3048 = PRESENTATION_LAYER_ASSIGNMENT (  '', '', ( #2630 ) ) ;
#3049 = DIRECTION ( 'NONE',  ( -0.0000000000000000000, -0.0000000000000000000, -1.000000000000000000 ) ) ;
#3050 = VECTOR ( 'NONE', #756, 1000.000000000000100 ) ;
#3051 = DIRECTION ( 'NONE',  ( 1.000000000000000000, 0.0000000000000000000, 0.0000000000000000000 ) ) ;
#3052 = PLANE ( 'NONE',  #664 ) ;
#3053 = LINE ( 'NONE', #2385, #2096 ) ;
#3054 = DIRECTION ( 'NONE',  ( -0.0000000000000000000, 1.000000000000000000, -0.0000000000000000000 ) ) ;
#3055 = LINE ( 'NONE', #62, #1226 ) ;
#3056 = AXIS2_PLACEMENT_3D ( 'NONE', #110, #1552, #1776 ) ;
#3057 = ADVANCED_FACE ( 'NONE', ( #3029 ), #328, .T. ) ;
#3058 = CARTESIAN_POINT ( 'NONE',  ( 0.0000000000000000000, 0.0000000000000000000, 0.0000000000000000000 ) ) ;
#3059 = CARTESIAN_POINT ( 'NONE',  ( 23.15000000000000200, 2.234980408443919700E-016, 0.0000000000000000000 ) ) ;
#3060 = CARTESIAN_POINT ( 'NONE',  ( 2.150000000000000800, -27.00000000000000000, 3.600000000000000100 ) ) ;
ENDSEC;
END-ISO-10303-21;
