ISO-10303-21;
HEADER;
FILE_DESCRIPTION ('STEP AP214', '1');
FILE_NAME ('TO-220_V3PBS-1x2,5_a.STEP', 'Alejandro Jorge Depaoli', 'A.J.D.');
ENDSEC;

DATA;
#1 = CARTESIAN_POINT ( 'NONE',  ( -0.9499999999999713118, 0.3000000000000003775, 3.550000000000013589 ) ) ;
#2 = ORIENTED_EDGE ( 'NONE', *, *, #454, .F. ) ;
#3 = CARTESIAN_POINT ( 'NONE',  ( 3.142333204958820020E-14, -1.499999999999999778, 4.500000000000000000 ) ) ;
#4 = ORIENTED_EDGE ( 'NONE', *, *, #8813, .F. ) ;
#5 = LINE ( 'NONE', #5621, #317 ) ;
#6 = EDGE_CURVE ( 'NONE', #5783, #5366, #585, .T. ) ;
#7 = PRESENTATION_LAYER_ASSIGNMENT (  '', '', ( #1013 ) ) ;
#8 = FILL_AREA_STYLE_COLOUR ( '', #619 ) ;
#9 = ORIENTED_EDGE ( 'NONE', *, *, #7722, .T. ) ;
#10 = B_SPLINE_SURFACE_WITH_KNOTS ( 'NONE', 3, 1, ( 
 ( #6319, #144 ),
 ( #16, #5633 ),
 ( #3688, #6402 ),
 ( #4355, #4310 ),
 ( #6364, #1442 ),
 ( #3516, #6484 ),
 ( #63, #2903 ),
 ( #2940, #8427 ),
 ( #5761, #2075 ),
 ( #7043, #3606 ),
 ( #8552, #2197 ) ),
 .UNSPECIFIED., .F., .F., .F.,
 ( 4, 1, 1, 1, 1, 1, 1, 1, 4 ),
 ( 2, 2 ),
 ( 0.000000000000000000, 0.1151446968800960147, 0.2312459907266119497, 0.3502412350898954085, 0.4732461718922442717, 0.5989295862794674630, 0.7271510339726838801, 0.8601917616704312097, 1.000000000000000000 ),
 ( 0.000000000000000000, 1.000000000000000000 ),
 .UNSPECIFIED. ) ;
#11 = CARTESIAN_POINT ( 'NONE',  ( 0.8000000000000238032, 0.2999999999999999334, 3.414213562373156208 ) ) ;
#12 = SURFACE_SIDE_STYLE ('',( #7084 ) ) ;
#13 = ORIENTED_EDGE ( 'NONE', *, *, #4303, .T. ) ;
#14 = DIRECTION ( 'NONE',  ( -0.000000000000000000, -1.000000000000000000, -0.000000000000000000 ) ) ;
#15 = AXIS2_PLACEMENT_3D ( 'NONE', #4006, #540, #6805 ) ;
#16 = CARTESIAN_POINT ( 'NONE',  ( -2.500957731100118764, -1.469999999999999973, 5.487533586670056529 ) ) ;
#17 = CARTESIAN_POINT ( 'NONE',  ( 2.366987179487179294, -2.799999999999999822, 5.777644230769219291 ) ) ;
#18 = AXIS2_PLACEMENT_3D ( 'NONE', #1846, #4687, #1169 ) ;
#19 = ORIENTED_EDGE ( 'NONE', *, *, #789, .T. ) ;
#20 =( NAMED_UNIT ( * ) SI_UNIT ( $, .STERADIAN. ) SOLID_ANGLE_UNIT ( ) );
#21 = CARTESIAN_POINT ( 'NONE',  ( 1.851562499999999556, -2.799999999999999822, 6.333333333333321491 ) ) ;
#22 = ADVANCED_FACE ( 'NONE', ( #4616 ), #8754, .T. ) ;
#23 = DIRECTION ( 'NONE',  ( 0.000000000000000000, 0.000000000000000000, 1.000000000000000000 ) ) ;
#24 = CARTESIAN_POINT ( 'NONE',  ( 0.8644794229449841438, -2.800000000000000266, 5.553095436667640605 ) ) ;
#25 = VECTOR ( 'NONE', #2315, 1000.000000000000000 ) ;
#26 = DIRECTION ( 'NONE',  ( -1.000000000000000000, 0.000000000000000000, 6.982962677686266711E-15 ) ) ;
#27 = CARTESIAN_POINT ( 'NONE',  ( 2.397435897435897356, -2.799999999999999822, 5.990384615384604317 ) ) ;
#28 = CARTESIAN_POINT ( 'NONE',  ( -0.9499999999999713118, -0.2999999999999999334, 3.550000000000013589 ) ) ;
#29 = DIRECTION ( 'NONE',  ( 4.937700262164532265E-15, 0.7071067811865474617, 0.7071067811865476838 ) ) ;
#30 = CARTESIAN_POINT ( 'NONE',  ( -1.891328538954384575, -2.799999999999999378, 5.471082355559929056 ) ) ;
#31 = AXIS2_PLACEMENT_3D ( 'NONE', #2512, #3874, #7992 ) ;
#32 = DIRECTION ( 'NONE',  ( 1.000000000000000000, -0.000000000000000000, -6.982962677686267499E-15 ) ) ;
#33 = UNCERTAINTY_MEASURE_WITH_UNIT (LENGTH_MEASURE( 1.000000000000000082E-05 ), #3680, 'distance_accuracy_value', 'NONE');
#34 = EDGE_CURVE ( 'NONE', #4541, #2754, #4072, .T. ) ;
#35 = DIRECTION ( 'NONE',  ( 6.982962677686266711E-15, 0.000000000000000000, 1.000000000000000000 ) ) ;
#36 = ORIENTED_EDGE ( 'NONE', *, *, #5482, .F. ) ;
#37 = ORIENTED_EDGE ( 'NONE', *, *, #6260, .T. ) ;
#38 = ORIENTED_EDGE ( 'NONE', *, *, #3950, .T. ) ;
#39 = VECTOR ( 'NONE', #1309, 1000.000000000000000 ) ;
#40 =( NAMED_UNIT ( * ) PLANE_ANGLE_UNIT ( ) SI_UNIT ( $, .RADIAN. ) );
#41 = CARTESIAN_POINT ( 'NONE',  ( 5.000000000000096811, -1.499999999999999778, 13.89999999999996483 ) ) ;
#42 = ORIENTED_EDGE ( 'NONE', *, *, #5283, .F. ) ;
#43 = DIRECTION ( 'NONE',  ( 6.982962677686266711E-15, 0.000000000000000000, 1.000000000000000000 ) ) ;
#44 = UNCERTAINTY_MEASURE_WITH_UNIT (LENGTH_MEASURE( 1.000000000000000082E-05 ), #5074, 'distance_accuracy_value', 'NONE');
#45 = CARTESIAN_POINT ( 'NONE',  ( -1.038461538461538991, -2.799999999999999822, 5.499999999999988454 ) ) ;
#46 = MECHANICAL_DESIGN_GEOMETRIC_PRESENTATION_REPRESENTATION (  '', ( #6787 ), #2832 ) ;
#47 = CARTESIAN_POINT ( 'NONE',  ( -2.501402243589744057, -1.469999999999999973, 6.243589743589732066 ) ) ;
#48 =( NAMED_UNIT ( * ) PLANE_ANGLE_UNIT ( ) SI_UNIT ( $, .RADIAN. ) );
#49 = VERTEX_POINT ( 'NONE', #4815 ) ;
#50 = EDGE_CURVE ( 'NONE', #5092, #3220, #5401, .T. ) ;
#51 = PRESENTATION_STYLE_ASSIGNMENT (( #6351 ) ) ;
#52 = VERTEX_POINT ( 'NONE', #1304 ) ;
#53 = SURFACE_STYLE_USAGE ( .BOTH. , #7033 ) ;
#54 = VECTOR ( 'NONE', #8467, 1000.000000000000000 ) ;
#55 = DIRECTION ( 'NONE',  ( 0.000000000000000000, 0.000000000000000000, 1.000000000000000000 ) ) ;
#56 = ORIENTED_EDGE ( 'NONE', *, *, #8203, .T. ) ;
#57 = CARTESIAN_POINT ( 'NONE',  ( -2.899999999999982148, -0.2999999999999999334, -3.499999999999980016 ) ) ;
#58 = CARTESIAN_POINT ( 'NONE',  ( -2.578816962407834978, -1.470000000000000417, 5.503266592686286707 ) ) ;
#59 = AXIS2_PLACEMENT_3D ( 'NONE', #5111, #1006, #276 ) ;
#60 = ORIENTED_EDGE ( 'NONE', *, *, #4235, .T. ) ;
#61 = CARTESIAN_POINT ( 'NONE',  ( 1.700000000000031486, -0.2999999999999999334, 4.499999999999987566 ) ) ;
#62 = MECHANICAL_DESIGN_GEOMETRIC_PRESENTATION_REPRESENTATION (  '', ( #7234 ), #328 ) ;
#63 = CARTESIAN_POINT ( 'NONE',  ( -2.635053441599016111, -1.469999999999999529, 5.532126281430818970 ) ) ;
#64 = CARTESIAN_POINT ( 'NONE',  ( 0.5338559323481137930, -1.469999999999999973, 5.758748678047098224 ) ) ;
#65 = DIRECTION ( 'NONE',  ( 1.000000000000000000, 0.000000000000000000, -6.982962677686266711E-15 ) ) ;
#66 = PRESENTATION_LAYER_ASSIGNMENT (  '', '', ( #8441 ) ) ;
#67 = CARTESIAN_POINT ( 'NONE',  ( -2.688333889365277507, -1.469999999999999529, 5.997421345090050870 ) ) ;
#68 = CARTESIAN_POINT ( 'NONE',  ( -1.993303945480503492, -1.469999999999999085, 5.218362005812704041 ) ) ;
#69 = ADVANCED_FACE ( 'NONE', ( #4720 ), #2625, .F. ) ;
#70 = CARTESIAN_POINT ( 'NONE',  ( 2.322059354022887767, -2.799999999999999822, 5.678946567976477233 ) ) ;
#71 = CARTESIAN_POINT ( 'NONE',  ( 2.381719398769909457, -2.800000000000000266, 5.825287207199517425 ) ) ;
#72 = CARTESIAN_POINT ( 'NONE',  ( 4.000000000000031086, -2.799999999999999822, 4.499999999999971578 ) ) ;
#73 = DIRECTION ( 'NONE',  ( 1.000000000000000000, 0.000000000000000000, 0.000000000000000000 ) ) ;
#74 =( GEOMETRIC_REPRESENTATION_CONTEXT ( 3 ) GLOBAL_UNCERTAINTY_ASSIGNED_CONTEXT ( ( #5077 ) ) GLOBAL_UNIT_ASSIGNED_CONTEXT ( ( #2047, #754, #5034 ) ) REPRESENTATION_CONTEXT ( 'NONE', 'WORKASPACE' ) );
#75 = DIRECTION ( 'NONE',  ( 0.000000000000000000, 0.000000000000000000, 1.000000000000000000 ) ) ;
#76 = CARTESIAN_POINT ( 'NONE',  ( 2.201488378386600164, -2.799999999999999822, 6.445256343112428787 ) ) ;
#77 = VERTEX_POINT ( 'NONE', #6091 ) ;
#78 = EDGE_CURVE ( 'NONE', #3220, #349, #8935, .T. ) ;
#79 = DIRECTION ( 'NONE',  ( -0.000000000000000000, -1.000000000000000000, 0.000000000000000000 ) ) ;
#80 = EDGE_CURVE ( 'NONE', #7075, #2062, #558, .T. ) ;
#81 = EDGE_CURVE ( 'NONE', #5149, #6784, #8142, .T. ) ;
#82 = ORIENTED_EDGE ( 'NONE', *, *, #5829, .T. ) ;
#83 = LINE ( 'NONE', #2841, #3324 ) ;
#84 = EDGE_CURVE ( 'NONE', #6277, #2915, #6772, .T. ) ;
#85 = SURFACE_STYLE_FILL_AREA ( #5742 ) ;
#86 = VECTOR ( 'NONE', #2161, 1000.000000000000000 ) ;
#87 = LINE ( 'NONE', #2181, #1576 ) ;
#88 = ORIENTED_EDGE ( 'NONE', *, *, #8952, .T. ) ;
#89 = CARTESIAN_POINT ( 'NONE',  ( -2.705128205128205288, -2.799999999999999822, 6.143629807692295941 ) ) ;
#90 = ADVANCED_FACE ( 'NONE', ( #461 ), #3270, .F. ) ;
#91 = FACE_OUTER_BOUND ( 'NONE', #2774, .T. ) ;
#92 = ORIENTED_EDGE ( 'NONE', *, *, #8254, .T. ) ;
#93 = DIRECTION ( 'NONE',  ( 1.000000000000000000, 0.000000000000000000, 0.000000000000000000 ) ) ;
#94 = CARTESIAN_POINT ( 'NONE',  ( -2.699306956967144622, -2.799999999999998934, 5.955279540342003131 ) ) ;
#95 = CARTESIAN_POINT ( 'NONE',  ( 2.103078686739824121, -1.469999999999999085, 6.292875265073742064 ) ) ;
#96 = VERTEX_POINT ( 'NONE', #4939 ) ;
#97 = CARTESIAN_POINT ( 'NONE',  ( 1.941706730769230838, -1.469999999999999973, 5.499999999999988454 ) ) ;
#98 = COLOUR_RGB ( '',0.8980392156862745390, 0.8980392156862745390, 0.8980392156862745390 ) ;
#99 = LINE ( 'NONE', #4932, #7501 ) ;
#100 = ORIENTED_EDGE ( 'NONE', *, *, #9095, .T. ) ;
#101 = LINE ( 'NONE', #2234, #5594 ) ;
#102 = SURFACE_STYLE_USAGE ( .BOTH. , #7738 ) ;
#103 = DIRECTION ( 'NONE',  ( -1.000000000000000000, 0.000000000000000000, 6.982962677686266711E-15 ) ) ;
#104 = PRESENTATION_STYLE_ASSIGNMENT (( #2077 ) ) ;
#105 = STYLED_ITEM ( 'NONE', ( #1706 ), #6477 ) ;
#106 = PLANE ( 'NONE',  #363 ) ;
#107 = CARTESIAN_POINT ( 'NONE',  ( -1.976362179487180404, -1.470000000000000417, 5.217948717948707404 ) ) ;
#108 = LINE ( 'NONE', #3694, #599 ) ;
#109 = ADVANCED_FACE ( 'NONE', ( #8554 ), #106, .F. ) ;
#110 = SURFACE_STYLE_USAGE ( .BOTH. , #8388 ) ;
#111 = CARTESIAN_POINT ( 'NONE',  ( -1.788461538461538991, -1.469999999999999973, 5.713341346153835154 ) ) ;
#112 = AXIS2_PLACEMENT_3D ( 'NONE', #1684, #7948, #2237 ) ;
#113 = CARTESIAN_POINT ( 'NONE',  ( -2.070404962168560292, -1.469999999999999529, 5.363873072639083972 ) ) ;
#114 = PLANE ( 'NONE',  #2763 ) ;
#115 = CARTESIAN_POINT ( 'NONE',  ( -0.07692307692307728817, -2.799999999999999822, 5.499999999999988454 ) ) ;
#116 = AXIS2_PLACEMENT_3D ( 'NONE', #2168, #2330, #3786 ) ;
#117 = CARTESIAN_POINT ( 'NONE',  ( 2.260416666666666519, -2.800000000000000266, 5.600961538461527667 ) ) ;
#118 = UNCERTAINTY_MEASURE_WITH_UNIT (LENGTH_MEASURE( 1.000000000000000082E-05 ), #8301, 'distance_accuracy_value', 'NONE');
#119 = DIRECTION ( 'NONE',  ( 6.982962677686266711E-15, 0.000000000000000000, 1.000000000000000000 ) ) ;
#120 = ORIENTED_EDGE ( 'NONE', *, *, #8614, .F. ) ;
#121 = ORIENTED_EDGE ( 'NONE', *, *, #2991, .F. ) ;
#122 = B_SPLINE_CURVE_WITH_KNOTS ( 'NONE', 3,
 ( #4154, #633, #3452, #4878, #3633, #2801, #854, #9110, #7685, #685, #47 ),
 .UNSPECIFIED., .F., .F.,
 ( 4, 1, 1, 1, 1, 1, 1, 1, 4 ),
 ( 0.000000000000000000, 0.1371784162912459137, 0.2672805576908872105, 0.3933927086964044140, 0.5157726150363906026, 0.6355642661707592289, 0.7555993223130585967, 0.8759500690126423850, 1.000000000000000000 ),
 .UNSPECIFIED. ) ;
#123 = DIRECTION ( 'NONE',  ( -6.982962677686266711E-15, 0.000000000000000000, -1.000000000000000000 ) ) ;
#124 = EDGE_CURVE ( 'NONE', #4565, #138, #7826, .T. ) ;
#125 = DIRECTION ( 'NONE',  ( 6.982962677686266711E-15, 0.000000000000000000, 1.000000000000000000 ) ) ;
#126 = ORIENTED_EDGE ( 'NONE', *, *, #3732, .T. ) ;
#127 = SURFACE_SIDE_STYLE ('',( #85 ) ) ;
#128 = EDGE_CURVE ( 'NONE', #4659, #8593, #1567, .T. ) ;
#129 = EDGE_CURVE ( 'NONE', #265, #756, #4900, .T. ) ;
#130 = CARTESIAN_POINT ( 'NONE',  ( -2.551282051282051544, -2.799999999999999822, 6.102564102564091542 ) ) ;
#131 = ORIENTED_EDGE ( 'NONE', *, *, #1539, .F. ) ;
#132 = DIRECTION ( 'NONE',  ( 0.000000000000000000, -1.000000000000000000, 0.000000000000000000 ) ) ;
#133 = DIRECTION ( 'NONE',  ( 6.982962677686266711E-15, 0.000000000000000000, 1.000000000000000000 ) ) ;
#134 = EDGE_LOOP ( 'NONE', ( #6575, #8527, #3250, #2635, #1416, #8927, #6162, #1762, #344, #6195, #858, #4702, #7758, #7441, #4924, #8465 ) ) ;
#135 = CARTESIAN_POINT ( 'NONE',  ( -4.831249999999966960, 0.3000000000000003775, 4.500000000000033751 ) ) ;
#136 = ORIENTED_EDGE ( 'NONE', *, *, #8429, .T. ) ;
#137 = LINE ( 'NONE', #3019, #5911 ) ;
#138 = VERTEX_POINT ( 'NONE', #1528 ) ;
#139 = ADVANCED_FACE ( 'NONE', ( #7704 ), #1397, .T. ) ;
#140 = FACE_OUTER_BOUND ( 'NONE', #8627, .T. ) ;
#141 = CARTESIAN_POINT ( 'NONE',  ( -3.299999999999926104, 0.3000000000000003775, 4.500000000000023093 ) ) ;
#142 = ORIENTED_EDGE ( 'NONE', *, *, #5057, .T. ) ;
#143 = CARTESIAN_POINT ( 'NONE',  ( 0.3333333333333330373, -1.469999999999999973, 5.820512820512808716 ) ) ;
#144 = CARTESIAN_POINT ( 'NONE',  ( -2.491185897435898244, -2.800000000000000266, 5.487179487179475679 ) ) ;
#145 = CARTESIAN_POINT ( 'NONE',  ( 0.5458641119777851713, -1.469999999999999973, 5.719096104244554724 ) ) ;
#146 = AXIS2_PLACEMENT_3D ( 'NONE', #2361, #1095, #4572 ) ;
#147 = LINE ( 'NONE', #3869, #2587 ) ;
#148 = FILL_AREA_STYLE_COLOUR ( '', #3931 ) ;
#149 = DIRECTION ( 'NONE',  ( -1.000000000000000000, 0.000000000000000000, 6.982962677686266711E-15 ) ) ;
#150 = CARTESIAN_POINT ( 'NONE',  ( -0.7999999999999879430, 1.706198718052496233, 1.718065350659492729 ) ) ;
#151 = FILL_AREA_STYLE_COLOUR ( '', #6630 ) ;
#152 = CARTESIAN_POINT ( 'NONE',  ( -4.615488867376545734, 2.601452081316538045, 4.500000000000031974 ) ) ;
#153 = CARTESIAN_POINT ( 'NONE',  ( -2.016626602564103088, -1.469999999999999973, 5.358974358974347929 ) ) ;
#154 = CARTESIAN_POINT ( 'NONE',  ( 1.564102564102564097, -2.799999999999999822, 6.499999999999988454 ) ) ;
#155 = CARTESIAN_POINT ( 'NONE',  ( 2.277537807534983028, -1.469999999999999529, 5.618422253502447283 ) ) ;
#156 = CARTESIAN_POINT ( 'NONE',  ( 2.389479001453785667, -2.799999999999999822, 6.119405655645318021 ) ) ;
#157 = EDGE_CURVE ( 'NONE', #4302, #8574, #5677, .T. ) ;
#158 = CARTESIAN_POINT ( 'NONE',  ( -2.070404962168560292, -2.799999999999999378, 5.363873072639083972 ) ) ;
#159 = CARTESIAN_POINT ( 'NONE',  ( -0.7999999999999678479, 0.3000000000000003775, 4.600000000000004974 ) ) ;
#160 = VECTOR ( 'NONE', #8645, 1000.000000000000000 ) ;
#161 = DIRECTION ( 'NONE',  ( 0.3532584316311804806, 0.000000000000000000, 0.9355257775611951487 ) ) ;
#162 = DIRECTION ( 'NONE',  ( 0.3324684949480268270, 0.000000000000000000, -0.9431143620298622077 ) ) ;
#163 = AXIS2_PLACEMENT_3D ( 'NONE', #8757, #2430, #7465 ) ;
#164 = VERTEX_POINT ( 'NONE', #4982 ) ;
#165 = EDGE_CURVE ( 'NONE', #3331, #3195, #1485, .T. ) ;
#166 = CARTESIAN_POINT ( 'NONE',  ( 2.205043037639109471, -2.799999999999999822, 6.009082274431063908 ) ) ;
#167 =( GEOMETRIC_REPRESENTATION_CONTEXT ( 3 ) GLOBAL_UNCERTAINTY_ASSIGNED_CONTEXT ( ( #843 ) ) GLOBAL_UNIT_ASSIGNED_CONTEXT ( ( #625, #1533, #3035 ) ) REPRESENTATION_CONTEXT ( 'NONE', 'WORKASPACE' ) );
#168 = CARTESIAN_POINT ( 'NONE',  ( -0.5576923076923079314, -2.799999999999999822, 6.256410256410244841 ) ) ;
#169 = ORIENTED_EDGE ( 'NONE', *, *, #5993, .F. ) ;
#170 = FILL_AREA_STYLE ('',( #6469 ) ) ;
#171 = EDGE_CURVE ( 'NONE', #6395, #2001, #8867, .T. ) ;
#172 = EDGE_LOOP ( 'NONE', ( #7001, #264, #1553, #1272 ) ) ;
#173 = PLANE ( 'NONE',  #177 ) ;
#174 = ORIENTED_EDGE ( 'NONE', *, *, #1139, .T. ) ;
#175 =( GEOMETRIC_REPRESENTATION_CONTEXT ( 3 ) GLOBAL_UNCERTAINTY_ASSIGNED_CONTEXT ( ( #3255 ) ) GLOBAL_UNIT_ASSIGNED_CONTEXT ( ( #1491, #3660, #7876 ) ) REPRESENTATION_CONTEXT ( 'NONE', 'WORKASPACE' ) );
#176 = DIRECTION ( 'NONE',  ( 1.000000000000000000, 0.000000000000000000, -6.982962677686266711E-15 ) ) ;
#177 = AXIS2_PLACEMENT_3D ( 'NONE', #3550, #4208, #3678 ) ;
#178 = ORIENTED_EDGE ( 'NONE', *, *, #3630, .F. ) ;
#179 = CARTESIAN_POINT ( 'NONE',  ( 2.119391025641025106, -2.800000000000000266, 5.521233974358962904 ) ) ;
#180 = ORIENTED_EDGE ( 'NONE', *, *, #5920, .F. ) ;
#181 = CARTESIAN_POINT ( 'NONE',  ( -2.309456100110534926, -2.799999999999998490, 5.563932203463609838 ) ) ;
#182 = ORIENTED_EDGE ( 'NONE', *, *, #4865, .T. ) ;
#183 = LINE ( 'NONE', #5675, #5880 ) ;
#184 = PRESENTATION_LAYER_ASSIGNMENT (  '', '', ( #4462 ) ) ;
#185 = PLANE ( 'NONE',  #2264 ) ;
#186 = SURFACE_STYLE_FILL_AREA ( #3564 ) ;
#187 = EDGE_CURVE ( 'NONE', #4141, #4383, #8269, .T. ) ;
#188 = CARTESIAN_POINT ( 'NONE',  ( 2.019478003467438665, -2.799999999999999822, 5.671865733680429678 ) ) ;
#189 = ORIENTED_EDGE ( 'NONE', *, *, #7963, .T. ) ;
#190 =( GEOMETRIC_REPRESENTATION_CONTEXT ( 3 ) GLOBAL_UNCERTAINTY_ASSIGNED_CONTEXT ( ( #9051 ) ) GLOBAL_UNIT_ASSIGNED_CONTEXT ( ( #7093, #2823, #8385 ) ) REPRESENTATION_CONTEXT ( 'NONE', 'WORKASPACE' ) );
#191 = FACE_OUTER_BOUND ( 'NONE', #1394, .T. ) ;
#192 = DIRECTION ( 'NONE',  ( 6.982962677686266711E-15, 0.000000000000000000, 1.000000000000000000 ) ) ;
#193 = PRESENTATION_LAYER_ASSIGNMENT (  '', '', ( #8709 ) ) ;
#194 = PLANE ( 'NONE',  #5472 ) ;
#195 = CARTESIAN_POINT ( 'NONE',  ( 2.199902596028760371, -2.800000000000000711, 5.895720656608094856 ) ) ;
#196 = CARTESIAN_POINT ( 'NONE',  ( 2.201488378386600164, -1.469999999999999973, 6.445256343112428787 ) ) ;
#197 = LINE ( 'NONE', #1611, #8989 ) ;
#198 = CARTESIAN_POINT ( 'NONE',  ( -2.489589179529787977, -2.800000000000000266, 6.088625498535376046 ) ) ;
#199 = CARTESIAN_POINT ( 'NONE',  ( 2.396993671807989834, -2.799999999999998934, 6.024383024566519751 ) ) ;
#200 = PRESENTATION_LAYER_ASSIGNMENT (  '', '', ( #2532 ) ) ;
#201 = CARTESIAN_POINT ( 'NONE',  ( 2.397286497855249277, -2.799999999999998934, 6.001870489910951179 ) ) ;
#202 = UNCERTAINTY_MEASURE_WITH_UNIT (LENGTH_MEASURE( 1.000000000000000082E-05 ), #1603, 'distance_accuracy_value', 'NONE');
#203 = COLOUR_RGB ( '',0.1019607843137254888, 0.1019607843137254888, 0.1019607843137254888 ) ;
#204 = CARTESIAN_POINT ( 'NONE',  ( 1.958952155916106275, -2.799999999999998934, 6.331115515231115154 ) ) ;
#205 = CARTESIAN_POINT ( 'NONE',  ( -1.699999999989652233, 0.3000000000000003775, 2.499999999994362287 ) ) ;
#206 = CARTESIAN_POINT ( 'NONE',  ( 5.000000000000031086, 1.699999999999999734, 4.499999999999965361 ) ) ;
#207 = FACE_OUTER_BOUND ( 'NONE', #5938, .T. ) ;
#208 = PLANE ( 'NONE',  #5494 ) ;
#209 = ORIENTED_EDGE ( 'NONE', *, *, #691, .T. ) ;
#210 = LINE ( 'NONE', #8815, #3731 ) ;
#211 = COLOUR_RGB ( '',0.8980392156862745390, 0.8980392156862745390, 0.8980392156862745390 ) ;
#212 = VERTEX_POINT ( 'NONE', #8322 ) ;
#213 = ORIENTED_EDGE ( 'NONE', *, *, #2526, .F. ) ;
#214 = FILL_AREA_STYLE ('',( #7079 ) ) ;
#215 = AXIS2_PLACEMENT_3D ( 'NONE', #3471, #7823, #4311 ) ;
#216 = VECTOR ( 'NONE', #2986, 1000.000000000000000 ) ;
#217 = CARTESIAN_POINT ( 'NONE',  ( 2.193401351891727913, -1.470000000000001306, 6.143813975263013205 ) ) ;
#218 = ORIENTED_EDGE ( 'NONE', *, *, #4483, .F. ) ;
#219 = AXIS2_PLACEMENT_3D ( 'NONE', #503, #3311, #2515 ) ;
#220 = VERTEX_POINT ( 'NONE', #2606 ) ;
#221 = CARTESIAN_POINT ( 'NONE',  ( -2.216393097617669117, -2.800000000000000266, 5.746388287972768794 ) ) ;
#222 = ORIENTED_EDGE ( 'NONE', *, *, #8858, .T. ) ;
#223 = CARTESIAN_POINT ( 'NONE',  ( 1.700000000000017719, 0.3000000000000003775, 2.499999999999988010 ) ) ;
#224 = CARTESIAN_POINT ( 'NONE',  ( 2.173339346766290259, -1.469999999999999529, 5.784745588996236698 ) ) ;
#225 = STYLED_ITEM ( 'NONE', ( #8916 ), #8990 ) ;
#226 = CARTESIAN_POINT ( 'NONE',  ( 2.019478003467438665, -1.469999999999999973, 5.671865733680429678 ) ) ;
#227 = ORIENTED_EDGE ( 'NONE', *, *, #8532, .F. ) ;
#228 = DIRECTION ( 'NONE',  ( -0.3432482821321937716, 0.000000000000000000, 0.9392447055018718904 ) ) ;
#229 = ADVANCED_FACE ( 'NONE', ( #588, #5422 ), #6217, .T. ) ;
#230 = DIRECTION ( 'NONE',  ( 6.982962677686266711E-15, 0.000000000000000000, 1.000000000000000000 ) ) ;
#231 = SURFACE_STYLE_FILL_AREA ( #791 ) ;
#232 = SURFACE_SIDE_STYLE ('',( #1102 ) ) ;
#233 = CARTESIAN_POINT ( 'NONE',  ( 1.564102564102564097, -2.799999999999999822, 5.499999999999988454 ) ) ;
#234 = CARTESIAN_POINT ( 'NONE',  ( -2.413883325406293245, -2.799999999999999822, 5.735676234337750756 ) ) ;
#235 = EDGE_CURVE ( 'NONE', #2503, #5415, #2742, .T. ) ;
#236 = CARTESIAN_POINT ( 'NONE',  ( 0.6068139591613278538, -1.469999999999999529, 5.488035415964700015 ) ) ;
#237 = CARTESIAN_POINT ( 'NONE',  ( -2.399718577816714049, -1.469999999999999529, 5.919816133737066721 ) ) ;
#238 = CARTESIAN_POINT ( 'NONE',  ( -1.780035570494054697, -2.799999999999999378, 5.295413019815973676 ) ) ;
#239 = VECTOR ( 'NONE', #4196, 1000.000000000000000 ) ;
#240 = CARTESIAN_POINT ( 'NONE',  ( -2.551282051282051544, -2.799999999999999822, 6.102564102564091542 ) ) ;
#241 = CARTESIAN_POINT ( 'NONE',  ( 2.300130296482709280, -2.799999999999999822, 6.354275391403580997 ) ) ;
#242 = PRESENTATION_STYLE_ASSIGNMENT (( #6545 ) ) ;
#243 = VECTOR ( 'NONE', #460, 1000.000000000000000 ) ;
#244 = EDGE_CURVE ( 'NONE', #2266, #575, #759, .T. ) ;
#245 = CARTESIAN_POINT ( 'NONE',  ( -2.022238594706329717, -2.799999999999999822, 5.359114174665372765 ) ) ;
#246 = VECTOR ( 'NONE', #8280, 1000.000000000000000 ) ;
#247 = CARTESIAN_POINT ( 'NONE',  ( 0.7820512820512818264, -1.469999999999999973, 5.852764423076911804 ) ) ;
#248 = CARTESIAN_POINT ( 'NONE',  ( -1.724959935897436347, -2.799999999999999822, 5.401842948717937354 ) ) ;
#249 = CARTESIAN_POINT ( 'NONE',  ( 2.205043037639109471, -1.469999999999999973, 6.009082274431063908 ) ) ;
#250 = PRESENTATION_STYLE_ASSIGNMENT (( #5963 ) ) ;
#251 = DIRECTION ( 'NONE',  ( 1.000000000000000000, 0.000000000000000000, -6.982962677686266711E-15 ) ) ;
#252 = MECHANICAL_DESIGN_GEOMETRIC_PRESENTATION_REPRESENTATION (  '', ( #5850 ), #8026 ) ;
#253 = AXIS2_PLACEMENT_3D ( 'NONE', #6801, #8221, #7483 ) ;
#254 = PLANE ( 'NONE',  #1235 ) ;
#255 = ORIENTED_EDGE ( 'NONE', *, *, #1017, .F. ) ;
#256 = CARTESIAN_POINT ( 'NONE',  ( 0.6546474358974356811, -2.799999999999999378, 5.653846153846141753 ) ) ;
#257 = CARTESIAN_POINT ( 'NONE',  ( 2.193400373806062564, -1.469999999999999973, 5.852587041130066225 ) ) ;
#258 = VERTEX_POINT ( 'NONE', #1240 ) ;
#259 = CARTESIAN_POINT ( 'NONE',  ( 2.099999999999975664, -0.2999999999999999334, -3.500000000000015099 ) ) ;
#260 = CARTESIAN_POINT ( 'NONE',  ( 0.3998064119479719514, 1.994974746830611823, 0.5807611844574811499 ) ) ;
#261 = ORIENTED_EDGE ( 'NONE', *, *, #3898, .F. ) ;
#262 = ADVANCED_FACE ( 'NONE', ( #7591 ), #5523, .F. ) ;
#263 = LINE ( 'NONE', #304, #2282 ) ;
#264 = ORIENTED_EDGE ( 'NONE', *, *, #4919, .F. ) ;
#265 = VERTEX_POINT ( 'NONE', #7964 ) ;
#266 = PLANE ( 'NONE',  #8895 ) ;
#267 = CARTESIAN_POINT ( 'NONE',  ( 1.941706730769231060, -1.470000000000000417, 5.499999999999989342 ) ) ;
#268 = EDGE_CURVE ( 'NONE', #7238, #5092, #8052, .T. ) ;
#269 = LINE ( 'NONE', #956, #3176 ) ;
#270 = MECHANICAL_DESIGN_GEOMETRIC_PRESENTATION_REPRESENTATION (  '', ( #8948 ), #1463 ) ;
#271 = EDGE_LOOP ( 'NONE', ( #1926, #6519, #1059, #1546, #4205, #1147, #2281, #1290, #7163, #3519, #5360, #2274 ) ) ;
#272 = SURFACE_STYLE_FILL_AREA ( #958 ) ;
#273 = LINE ( 'NONE', #3259, #5720 ) ;
#274 = CARTESIAN_POINT ( 'NONE',  ( 0.9525240384615379918, -1.469999999999999973, 5.679487179487167303 ) ) ;
#275 = CARTESIAN_POINT ( 'NONE',  ( -2.407562540584116562, -2.799999999999999378, 5.756758879367302129 ) ) ;
#276 = DIRECTION ( 'NONE',  ( -6.982962677686266711E-15, 0.000000000000000000, -1.000000000000000000 ) ) ;
#277 = CARTESIAN_POINT ( 'NONE',  ( -1.848932075093348448, -2.800000000000000266, 5.241676822414200743 ) ) ;
#278 = EDGE_CURVE ( 'NONE', #7036, #7324, #8618, .T. ) ;
#279 = CARTESIAN_POINT ( 'NONE',  ( -2.237078251447398358, -1.470000000000000417, 5.674717576903155702 ) ) ;
#280 = CARTESIAN_POINT ( 'NONE',  ( 0.3998064119479684542, 2.799999999999998934, 0.08578643762693538566 ) ) ;
#281 = VECTOR ( 'NONE', #2858, 1000.000000000000000 ) ;
#282 = DIRECTION ( 'NONE',  ( -6.982962677686266711E-15, 0.000000000000000000, -1.000000000000000000 ) ) ;
#283 = SURFACE_STYLE_USAGE ( .BOTH. , #2523 ) ;
#284 = B_SPLINE_CURVE_WITH_KNOTS ( 'NONE', 3,
 ( #6672, #5997, #2366, #3964, #5200, #3074, #451, #8133, #5291, #5900, #7991 ),
 .UNSPECIFIED., .F., .F.,
 ( 4, 1, 1, 1, 1, 1, 1, 1, 4 ),
 ( 0.000000000000000000, 0.1666730984235053614, 0.3209093864531060714, 0.4643462207895308058, 0.5938634226607010236, 0.7127439520709950571, 0.8209400066876485491, 0.9156866052628332975, 1.000000000000000000 ),
 .UNSPECIFIED. ) ;
#285 = DIRECTION ( 'NONE',  ( 0.2958524649701909648, 0.000000000000000000, -0.9552336462725032895 ) ) ;
#286 = CARTESIAN_POINT ( 'NONE',  ( -1.976362179487180404, -1.470000000000000417, 5.217948717948707404 ) ) ;
#287 = CARTESIAN_POINT ( 'NONE',  ( 2.205128205128205288, -1.469999999999999973, 5.999599358974347041 ) ) ;
#288 = CARTESIAN_POINT ( 'NONE',  ( -0.07692307692307728817, -1.469999999999999973, 5.499999999999988454 ) ) ;
#289 = CARTESIAN_POINT ( 'NONE',  ( 2.251209872102022391, -2.799999999999999378, 5.592681795740280570 ) ) ;
#290 = VECTOR ( 'NONE', #8943, 1000.000000000000000 ) ;
#291 = EDGE_CURVE ( 'NONE', #568, #2926, #807, .T. ) ;
#292 = VECTOR ( 'NONE', #3795, 1000.000000000000000 ) ;
#293 = CARTESIAN_POINT ( 'NONE',  ( 2.103078686739824121, -2.799999999999998934, 6.292875265073742064 ) ) ;
#294 = VECTOR ( 'NONE', #5108, 1000.000000000000000 ) ;
#295 =( NAMED_UNIT ( * ) PLANE_ANGLE_UNIT ( ) SI_UNIT ( $, .RADIAN. ) );
#296 = ORIENTED_EDGE ( 'NONE', *, *, #1867, .F. ) ;
#297 = DIRECTION ( 'NONE',  ( -0.9552336462725032895, 0.000000000000000000, -0.2958524649701909648 ) ) ;
#298 = CARTESIAN_POINT ( 'NONE',  ( 2.042668269230769162, -2.800000000000000266, 5.676282051282039554 ) ) ;
#299 = ORIENTED_EDGE ( 'NONE', *, *, #4124, .F. ) ;
#300 = FILL_AREA_STYLE_COLOUR ( '', #5632 ) ;
#301 =( GEOMETRIC_REPRESENTATION_CONTEXT ( 3 ) GLOBAL_UNCERTAINTY_ASSIGNED_CONTEXT ( ( #3800 ) ) GLOBAL_UNIT_ASSIGNED_CONTEXT ( ( #3792, #1745, #6094 ) ) REPRESENTATION_CONTEXT ( 'NONE', 'WORKASPACE' ) );
#302 = LINE ( 'NONE', #4514, #5789 ) ;
#303 = VERTEX_POINT ( 'NONE', #2298 ) ;
#304 = CARTESIAN_POINT ( 'NONE',  ( -0.3651842948717951010, -1.469999999999999973, 5.730769230769219291 ) ) ;
#305 = FACE_OUTER_BOUND ( 'NONE', #4657, .T. ) ;
#306 = ORIENTED_EDGE ( 'NONE', *, *, #4401, .T. ) ;
#307 = LINE ( 'NONE', #4476, #1618 ) ;
#308 = ORIENTED_EDGE ( 'NONE', *, *, #2749, .T. ) ;
#309 = DIRECTION ( 'NONE',  ( -0.3437618826832610219, 0.000000000000000000, 0.9390568502567135933 ) ) ;
#310 = FILL_AREA_STYLE ('',( #1600 ) ) ;
#311 = DIRECTION ( 'NONE',  ( 0.000000000000000000, 1.000000000000000000, 0.000000000000000000 ) ) ;
#312 = VECTOR ( 'NONE', #2785, 1000.000000000000000 ) ;
#313 = STYLED_ITEM ( 'NONE', ( #3871 ), #5699 ) ;
#314 = CARTESIAN_POINT ( 'NONE',  ( -2.686175459821676270, -1.469999999999999085, 5.739192041452557014 ) ) ;
#315 = ORIENTED_EDGE ( 'NONE', *, *, #5014, .F. ) ;
#316 = DIRECTION ( 'NONE',  ( -6.982962677686266711E-15, 0.000000000000000000, -1.000000000000000000 ) ) ;
#317 = VECTOR ( 'NONE', #8417, 1000.000000000000000 ) ;
#318 =( LENGTH_UNIT ( ) NAMED_UNIT ( * ) SI_UNIT ( .MILLI., .METRE. ) );
#319 = CARTESIAN_POINT ( 'NONE',  ( -2.205984760574570824, -2.799999999999999378, 5.915472362663644290 ) ) ;
#320 = CARTESIAN_POINT ( 'NONE',  ( -2.439808851232277753, -2.800000000000000266, 5.684137763270395105 ) ) ;
#321 = CARTESIAN_POINT ( 'NONE',  ( -2.407803257558838617, -1.469999999999999973, 5.970683705766327343 ) ) ;
#322 = CARTESIAN_POINT ( 'NONE',  ( -1.757952341628354009, -2.799999999999998934, 5.328741902013841347 ) ) ;
#323 = ORIENTED_EDGE ( 'NONE', *, *, #8858, .F. ) ;
#324 = CARTESIAN_POINT ( 'NONE',  ( -2.225185288600939337, -1.469999999999999973, 5.709173873001359034 ) ) ;
#325 = VECTOR ( 'NONE', #9091, 1000.000000000000000 ) ;
#326 = AXIS2_PLACEMENT_3D ( 'NONE', #6206, #9012, #4097 ) ;
#327 = CARTESIAN_POINT ( 'NONE',  ( 2.397286497855249277, -1.469999999999999529, 6.001870489910951179 ) ) ;
#328 =( GEOMETRIC_REPRESENTATION_CONTEXT ( 3 ) GLOBAL_UNCERTAINTY_ASSIGNED_CONTEXT ( ( #3332 ) ) GLOBAL_UNIT_ASSIGNED_CONTEXT ( ( #5087, #295, #1709 ) ) REPRESENTATION_CONTEXT ( 'NONE', 'WORKASPACE' ) );
#329 = PLANE ( 'NONE',  #8698 ) ;
#330 = FACE_OUTER_BOUND ( 'NONE', #6786, .T. ) ;
#331 = CARTESIAN_POINT ( 'NONE',  ( 0.9715570533858784996, -2.799999999999999378, 5.785421394728486710 ) ) ;
#332 = CARTESIAN_POINT ( 'NONE',  ( -4.999999999999926281, -0.2999999999999999334, 4.500000000000034639 ) ) ;
#333 = VECTOR ( 'NONE', #1651, 1000.000000000000000 ) ;
#334 = CARTESIAN_POINT ( 'NONE',  ( 2.196937869899151963, -1.469999999999999085, 6.123864048560411888 ) ) ;
#335 = FILL_AREA_STYLE_COLOUR ( '', #7054 ) ;
#336 = AXIS2_PLACEMENT_3D ( 'NONE', #531, #762, #162 ) ;
#337 =( NAMED_UNIT ( * ) SI_UNIT ( $, .STERADIAN. ) SOLID_ANGLE_UNIT ( ) );
#338 = CARTESIAN_POINT ( 'NONE',  ( 2.199897910907907761, -2.799999999999999822, 6.102276614402631694 ) ) ;
#339 = EDGE_CURVE ( 'NONE', #4348, #6473, #5873, .T. ) ;
#340 = MECHANICAL_DESIGN_GEOMETRIC_PRESENTATION_REPRESENTATION (  '', ( #1530 ), #7712 ) ;
#341 = EDGE_CURVE ( 'NONE', #6020, #4093, #1749, .T. ) ;
#342 = VERTEX_POINT ( 'NONE', #4549 ) ;
#343 = SURFACE_SIDE_STYLE ('',( #8626 ) ) ;
#344 = ORIENTED_EDGE ( 'NONE', *, *, #797, .F. ) ;
#345 = CARTESIAN_POINT ( 'NONE',  ( 2.067065781384140877, -2.799999999999999822, 5.682792517840594471 ) ) ;
#346 = EDGE_CURVE ( 'NONE', #8186, #5882, #4416, .T. ) ;
#347 = APPLICATION_PROTOCOL_DEFINITION ( 'draft international standard', 'automotive_design', 1998, #2895 ) ;
#348 = MECHANICAL_DESIGN_GEOMETRIC_PRESENTATION_REPRESENTATION (  '', ( #4350 ), #5945 ) ;
#349 = VERTEX_POINT ( 'NONE', #3841 ) ;
#350 = EDGE_CURVE ( 'NONE', #2182, #7474, #7182, .T. ) ;
#351 = DIRECTION ( 'NONE',  ( 6.982962677686266711E-15, -0.000000000000000000, 1.000000000000000000 ) ) ;
#352 = EDGE_LOOP ( 'NONE', ( #4705, #865, #896, #522 ) ) ;
#353 = SURFACE_STYLE_USAGE ( .BOTH. , #2500 ) ;
#354 = ADVANCED_FACE ( 'NONE', ( #4454 ), #7271, .F. ) ;
#355 = ORIENTED_EDGE ( 'NONE', *, *, #3401, .T. ) ;
#356 = CARTESIAN_POINT ( 'NONE',  ( -2.268347788084026373, -2.800000000000000266, 5.613590061920715080 ) ) ;
#357 = EDGE_LOOP ( 'NONE', ( #2006, #7781, #2100, #5652, #8125, #6029, #3286, #1339, #1741, #3347, #7809, #7808, #6070, #7293, #5674, #1864 ) ) ;
#358 = CARTESIAN_POINT ( 'NONE',  ( -3.300000000004112088, 0.3000000000000003775, 4.500000000000023093 ) ) ;
#359 = CARTESIAN_POINT ( 'NONE',  ( 0.4345275922452088713, -1.469999999999999973, 5.551634087398041650 ) ) ;
#360 = ORIENTED_EDGE ( 'NONE', *, *, #4765, .T. ) ;
#361 =( NAMED_UNIT ( * ) PLANE_ANGLE_UNIT ( ) SI_UNIT ( $, .RADIAN. ) );
#362 = CARTESIAN_POINT ( 'NONE',  ( 1.700000000000032152, 0.3000000000000003775, 4.599999999999648814 ) ) ;
#363 = AXIS2_PLACEMENT_3D ( 'NONE', #3655, #5023, #8513 ) ;
#364 = CARTESIAN_POINT ( 'NONE',  ( -2.697929493324420225, -2.800000000000000266, 6.151586691740299706 ) ) ;
#365 =( NAMED_UNIT ( * ) PLANE_ANGLE_UNIT ( ) SI_UNIT ( $, .RADIAN. ) );
#366 = CARTESIAN_POINT ( 'NONE',  ( 0.3781490917424398801, -1.469999999999999973, 5.619222265913379033 ) ) ;
#367 = FILL_AREA_STYLE_COLOUR ( '', #5242 ) ;
#368 = CIRCLE ( 'NONE', #6117, 0.7000000000000009548 ) ;
#369 = ORIENTED_EDGE ( 'NONE', *, *, #2433, .T. ) ;
#370 = CARTESIAN_POINT ( 'NONE',  ( 1.950722363768890411, -1.470000000000000417, 5.500086223249086359 ) ) ;
#371 = EDGE_CURVE ( 'NONE', #7204, #1142, #7921, .T. ) ;
#372 = LINE ( 'NONE', #969, #8987 ) ;
#373 = CARTESIAN_POINT ( 'NONE',  ( 0.6546474358974356811, -1.469999999999999973, 5.653846153846141753 ) ) ;
#374 = B_SPLINE_SURFACE_WITH_KNOTS ( 'NONE', 3, 1, ( 
 ( #418, #4591 ),
 ( #8885, #3932 ),
 ( #6681, #4547 ),
 ( #2576, #7508 ),
 ( #1115, #331 ),
 ( #5352, #1210 ),
 ( #2474, #1700 ),
 ( #5304, #1016 ),
 ( #8195, #513 ),
 ( #8098, #8753 ),
 ( #5257, #6730 ) ),
 .UNSPECIFIED., .F., .F., .F.,
 ( 4, 1, 1, 1, 1, 1, 1, 1, 4 ),
 ( 2, 2 ),
 ( 0.000000000000000000, 0.1564524951191642310, 0.3035971985465834022, 0.4415157561239339556, 0.5704044462370102542, 0.6904630664119075778, 0.8015675108626133527, 0.9053004393542827266, 0.9999999999999998890 ),
 ( 0.000000000000000000, 1.000000000000000000 ),
 .UNSPECIFIED. ) ;
#375 = CARTESIAN_POINT ( 'NONE',  ( -1.724959935897436347, -2.799999999999999378, 5.401842948717937354 ) ) ;
#376 = COLOUR_RGB ( '',0.8980392156862745390, 0.8980392156862745390, 0.8980392156862745390 ) ;
#377 = SURFACE_STYLE_FILL_AREA ( #3226 ) ;
#378 = CARTESIAN_POINT ( 'NONE',  ( 2.025440705128205288, -2.799999999999998046, 6.323717948717937354 ) ) ;
#379 = CARTESIAN_POINT ( 'NONE',  ( -0.3987158048003359156, 2.799999999999998934, 0.08578643762694096453 ) ) ;
#380 = DIRECTION ( 'NONE',  ( 4.937700262164532265E-15, 0.7071067811865474617, 0.7071067811865476838 ) ) ;
#381 = ORIENTED_EDGE ( 'NONE', *, *, #1320, .T. ) ;
#382 = CARTESIAN_POINT ( 'NONE',  ( -2.567339476461672376, -2.799999999999999822, 6.102172640714881524 ) ) ;
#383 = VECTOR ( 'NONE', #4209, 1000.000000000000000 ) ;
#384 = CARTESIAN_POINT ( 'NONE',  ( 0.5458641119777851713, -1.469999999999999973, 5.719096104244554724 ) ) ;
#385 = ADVANCED_FACE ( 'NONE', ( #3884 ), #3047, .T. ) ;
#386 = STYLED_ITEM ( 'NONE', ( #7656 ), #8721 ) ;
#387 = ORIENTED_EDGE ( 'NONE', *, *, #1540, .F. ) ;
#388 = CARTESIAN_POINT ( 'NONE',  ( -2.705128205128205288, -2.800000000000000266, 6.143629807692295941 ) ) ;
#389 = ORIENTED_EDGE ( 'NONE', *, *, #9015, .T. ) ;
#390 = CARTESIAN_POINT ( 'NONE',  ( 2.173339346766290259, -2.799999999999999822, 5.784745588996236698 ) ) ;
#391 =( GEOMETRIC_REPRESENTATION_CONTEXT ( 3 ) GLOBAL_UNCERTAINTY_ASSIGNED_CONTEXT ( ( #6747 ) ) GLOBAL_UNIT_ASSIGNED_CONTEXT ( ( #7505, #2035, #4768 ) ) REPRESENTATION_CONTEXT ( 'NONE', 'WORKASPACE' ) );
#392 = PRESENTATION_LAYER_ASSIGNMENT (  '', '', ( #3494 ) ) ;
#393 = CARTESIAN_POINT ( 'NONE',  ( -2.237078251447398358, -2.799999999999998934, 5.674717576903155702 ) ) ;
#394 =( GEOMETRIC_REPRESENTATION_CONTEXT ( 3 ) GLOBAL_UNCERTAINTY_ASSIGNED_CONTEXT ( ( #44 ) ) GLOBAL_UNIT_ASSIGNED_CONTEXT ( ( #5074, #8440, #794 ) ) REPRESENTATION_CONTEXT ( 'NONE', 'WORKASPACE' ) );
#395 = VECTOR ( 'NONE', #7900, 1000.000000000000000 ) ;
#396 = ADVANCED_FACE ( 'NONE', ( #3323 ), #8149, .T. ) ;
#397 = DIRECTION ( 'NONE',  ( -1.000000000000000000, 0.000000000000000000, 0.000000000000000000 ) ) ;
#398 = CARTESIAN_POINT ( 'NONE',  ( -2.529204859584050613, -2.799999999999999822, 5.628589147326199971 ) ) ;
#399 = SURFACE_SIDE_STYLE ('',( #5982 ) ) ;
#400 = ORIENTED_EDGE ( 'NONE', *, *, #8345, .T. ) ;
#401 = CARTESIAN_POINT ( 'NONE',  ( -2.205419187290899252, -2.799999999999999378, 5.887293985671805174 ) ) ;
#402 = ORIENTED_EDGE ( 'NONE', *, *, #8712, .T. ) ;
#403 = SURFACE_SIDE_STYLE ('',( #2402 ) ) ;
#404 = DIRECTION ( 'NONE',  ( -0.000000000000000000, -1.000000000000000000, -0.000000000000000000 ) ) ;
#405 = CARTESIAN_POINT ( 'NONE',  ( 0.4834694415183596328, -1.469999999999999529, 5.519615204708935075 ) ) ;
#406 = UNCERTAINTY_MEASURE_WITH_UNIT (LENGTH_MEASURE( 1.000000000000000082E-05 ), #792, 'distance_accuracy_value', 'NONE');
#407 = VERTEX_POINT ( 'NONE', #515 ) ;
#408 = CARTESIAN_POINT ( 'NONE',  ( -2.607467886637609311, -2.800000000000000266, 5.515733603418147446 ) ) ;
#409 = DIRECTION ( 'NONE',  ( -0.3432482821321937716, 0.000000000000000000, 0.9392447055018718904 ) ) ;
#410 = CARTESIAN_POINT ( 'NONE',  ( -2.661613016621072081, -1.469999999999999529, 6.047277267986562954 ) ) ;
#411 = CARTESIAN_POINT ( 'NONE',  ( -2.440208555451026218, -1.469999999999999529, 6.238043773318054264 ) ) ;
#412 = CARTESIAN_POINT ( 'NONE',  ( 2.253950863527919513, -1.469999999999999973, 6.404673887700690571 ) ) ;
#413 = CARTESIAN_POINT ( 'NONE',  ( 0.3944673312126180109, -1.469999999999999973, 5.594090465912580967 ) ) ;
#414 = CARTESIAN_POINT ( 'NONE',  ( 2.119391025641025106, -2.799999999999999822, 5.521233974358962904 ) ) ;
#415 = VERTEX_POINT ( 'NONE', #8247 ) ;
#416 =( LENGTH_UNIT ( ) NAMED_UNIT ( * ) SI_UNIT ( .MILLI., .METRE. ) );
#417 = FILL_AREA_STYLE_COLOUR ( '', #3844 ) ;
#418 = CARTESIAN_POINT ( 'NONE',  ( 0.9743589743589740060, -1.469999999999999973, 5.869591346153834266 ) ) ;
#419 = CARTESIAN_POINT ( 'NONE',  ( -1.848932075093348448, -1.470000000000000417, 5.241676822414200743 ) ) ;
#420 = EDGE_CURVE ( 'NONE', #437, #7774, #1080, .T. ) ;
#421 = SURFACE_SIDE_STYLE ('',( #6826 ) ) ;
#422 = DIRECTION ( 'NONE',  ( -0.000000000000000000, -1.000000000000000000, -0.000000000000000000 ) ) ;
#423 = CARTESIAN_POINT ( 'NONE',  ( -3.299999999999967848, 0.3000000000000003775, 4.600000000000023626 ) ) ;
#424 = SURFACE_SIDE_STYLE ('',( #7628 ) ) ;
#425 = EDGE_CURVE ( 'NONE', #8950, #6513, #6100, .T. ) ;
#426 = ORIENTED_EDGE ( 'NONE', *, *, #4087, .T. ) ;
#427 = CARTESIAN_POINT ( 'NONE',  ( 2.202344656421405755, -2.799999999999999822, 6.079033404500743920 ) ) ;
#428 = VERTEX_POINT ( 'NONE', #1267 ) ;
#429 = VECTOR ( 'NONE', #8968, 1000.000000000000000 ) ;
#430 = DIRECTION ( 'NONE',  ( 1.000000000000000000, 0.000000000000000000, 0.000000000000000000 ) ) ;
#431 =( GEOMETRIC_REPRESENTATION_CONTEXT ( 3 ) GLOBAL_UNCERTAINTY_ASSIGNED_CONTEXT ( ( #7585 ) ) GLOBAL_UNIT_ASSIGNED_CONTEXT ( ( #5309, #6687, #4083 ) ) REPRESENTATION_CONTEXT ( 'NONE', 'WORKASPACE' ) );
#432 = ORIENTED_EDGE ( 'NONE', *, *, #278, .T. ) ;
#433 = PRESENTATION_STYLE_ASSIGNMENT (( #3995 ) ) ;
#434 = CARTESIAN_POINT ( 'NONE',  ( 0.8814922421803338404, -2.799999999999999378, 5.568057574441658275 ) ) ;
#435 = DIRECTION ( 'NONE',  ( 0.000000000000000000, -1.000000000000000000, 0.000000000000000000 ) ) ;
#436 = CARTESIAN_POINT ( 'NONE',  ( -2.558386301780876337, -2.800000000000000711, 6.237889336262984585 ) ) ;
#437 = VERTEX_POINT ( 'NONE', #7624 ) ;
#438 =( GEOMETRIC_REPRESENTATION_CONTEXT ( 3 ) GLOBAL_UNCERTAINTY_ASSIGNED_CONTEXT ( ( #8330 ) ) GLOBAL_UNIT_ASSIGNED_CONTEXT ( ( #3415, #552, #1154 ) ) REPRESENTATION_CONTEXT ( 'NONE', 'WORKASPACE' ) );
#439 =( LENGTH_UNIT ( ) NAMED_UNIT ( * ) SI_UNIT ( .MILLI., .METRE. ) );
#440 = SURFACE_SIDE_STYLE ('',( #8174 ) ) ;
#441 = ORIENTED_EDGE ( 'NONE', *, *, #3093, .F. ) ;
#442 = CARTESIAN_POINT ( 'NONE',  ( 2.756410256410256387, -1.469999999999999973, 5.692307692307680966 ) ) ;
#443 = SURFACE_STYLE_FILL_AREA ( #7596 ) ;
#444 = VECTOR ( 'NONE', #8993, 1000.000000000000000 ) ;
#445 = VECTOR ( 'NONE', #3885, 999.9999999999998863 ) ;
#446 = CARTESIAN_POINT ( 'NONE',  ( 0.6301988549922260541, -2.799999999999998934, 5.487470214949034641 ) ) ;
#447 = B_SPLINE_SURFACE_WITH_KNOTS ( 'NONE', 3, 1, ( 
 ( #2363, #7296 ),
 ( #998, #8641 ),
 ( #4403, #2987 ),
 ( #2320, #3029 ),
 ( #7907, #7169 ),
 ( #8599, #3654 ),
 ( #2279, #871 ),
 ( #226, #188 ),
 ( #5859, #6616 ),
 ( #4357, #6487 ),
 ( #2905, #8511 ) ),
 .UNSPECIFIED., .F., .F., .F.,
 ( 4, 1, 1, 1, 1, 1, 1, 1, 4 ),
 ( 2, 2 ),
 ( 0.000000000000000000, 0.1666730984235053614, 0.3209093864531060714, 0.4643462207895308058, 0.5938634226607010236, 0.7127439520709950571, 0.8209400066876485491, 0.9156866052628332975, 1.000000000000000000 ),
 ( 0.000000000000000000, 1.000000000000000000 ),
 .UNSPECIFIED. ) ;
#448 = ORIENTED_EDGE ( 'NONE', *, *, #291, .T. ) ;
#449 = CARTESIAN_POINT ( 'NONE',  ( -2.002351331101911214, -2.800000000000000266, 5.359291226969141952 ) ) ;
#450 = ADVANCED_FACE ( 'NONE', ( #6867 ), #4079, .F. ) ;
#451 = CARTESIAN_POINT ( 'NONE',  ( 2.005756048277413495, -2.799999999999999822, 5.670404977662644619 ) ) ;
#452 = EDGE_CURVE ( 'NONE', #220, #7144, #2737, .T. ) ;
#453 =( GEOMETRIC_REPRESENTATION_CONTEXT ( 3 ) GLOBAL_UNCERTAINTY_ASSIGNED_CONTEXT ( ( #5387 ) ) GLOBAL_UNIT_ASSIGNED_CONTEXT ( ( #2527, #5914, #1797 ) ) REPRESENTATION_CONTEXT ( 'NONE', 'WORKASPACE' ) );
#454 = EDGE_CURVE ( 'NONE', #2854, #3421, #7747, .T. ) ;
#455 = ORIENTED_EDGE ( 'NONE', *, *, #5358, .F. ) ;
#456 = CARTESIAN_POINT ( 'NONE',  ( -2.310300297102385159, -2.799999999999997602, 6.170405553073050164 ) ) ;
#457 = FILL_AREA_STYLE_COLOUR ( '', #6589 ) ;
#458 = DIRECTION ( 'NONE',  ( -4.937700262164529898E-15, 0.7071067811865477948, -0.7071067811865473507 ) ) ;
#459 = ORIENTED_EDGE ( 'NONE', *, *, #2727, .T. ) ;
#460 = DIRECTION ( 'NONE',  ( -0.000000000000000000, -1.000000000000000000, -0.000000000000000000 ) ) ;
#461 = FACE_OUTER_BOUND ( 'NONE', #8686, .T. ) ;
#462 = VECTOR ( 'NONE', #3016, 1000.000000000000000 ) ;
#463 = CARTESIAN_POINT ( 'NONE',  ( -2.567339476461672376, -2.799999999999998934, 6.102172640714881524 ) ) ;
#464 = CARTESIAN_POINT ( 'NONE',  ( -0.7999999999999825029, 0.08076118445748221852, 2.494974746830647572 ) ) ;
#465 = UNCERTAINTY_MEASURE_WITH_UNIT (LENGTH_MEASURE( 1.000000000000000082E-05 ), #8694, 'distance_accuracy_value', 'NONE');
#466 = CARTESIAN_POINT ( 'NONE',  ( 9.706318121983909465E-14, -2.799999999999999822, 13.89999999999999858 ) ) ;
#467 = DIRECTION ( 'NONE',  ( 1.000000000000000000, 0.000000000000000000, -6.982962677686266711E-15 ) ) ;
#468 = DIRECTION ( 'NONE',  ( 6.982962677686266711E-15, 0.000000000000000000, 1.000000000000000000 ) ) ;
#469 = CARTESIAN_POINT ( 'NONE',  ( 0.5338559323481137930, -2.799999999999999822, 5.758748678047098224 ) ) ;
#470 = PLANE ( 'NONE',  #3119 ) ;
#471 = PRESENTATION_LAYER_ASSIGNMENT (  '', '', ( #5176 ) ) ;
#472 = COLOUR_RGB ( '',0.8980392156862745390, 0.8980392156862745390, 0.8980392156862745390 ) ;
#473 = ORIENTED_EDGE ( 'NONE', *, *, #8830, .T. ) ;
#474 = DIRECTION ( 'NONE',  ( -4.937700262164529898E-15, 0.7071067811865477948, -0.7071067811865473507 ) ) ;
#475 = ORIENTED_EDGE ( 'NONE', *, *, #9005, .T. ) ;
#476 = DIRECTION ( 'NONE',  ( 4.937700262164532265E-15, 0.7071067811865474617, 0.7071067811865476838 ) ) ;
#477 = ORIENTED_EDGE ( 'NONE', *, *, #5923, .F. ) ;
#478 = VECTOR ( 'NONE', #8708, 1000.000000000000000 ) ;
#479 = CARTESIAN_POINT ( 'NONE',  ( 0.3998064119479684542, 2.799999999999999822, 0.08578643762693625996 ) ) ;
#480 = VERTEX_POINT ( 'NONE', #6329 ) ;
#481 = DIRECTION ( 'NONE',  ( 1.000000000000000000, 0.000000000000000000, -6.982962677686266711E-15 ) ) ;
#482 = ORIENTED_EDGE ( 'NONE', *, *, #7835, .F. ) ;
#483 = UNCERTAINTY_MEASURE_WITH_UNIT (LENGTH_MEASURE( 1.000000000000000082E-05 ), #318, 'distance_accuracy_value', 'NONE');
#484 = AXIS2_PLACEMENT_3D ( 'NONE', #7113, #4418, #3009 ) ;
#485 = CARTESIAN_POINT ( 'NONE',  ( -2.530216536019379348, -2.800000000000000266, 6.242662794447911168 ) ) ;
#486 = CARTESIAN_POINT ( 'NONE',  ( -2.487425022139604369, -1.469999999999999973, 5.641978709293536731 ) ) ;
#487 = FACE_OUTER_BOUND ( 'NONE', #8984, .T. ) ;
#488 = EDGE_CURVE ( 'NONE', #1237, #3062, #3611, .T. ) ;
#489 = DIRECTION ( 'NONE',  ( 1.000000000000000000, 0.000000000000000000, 0.000000000000000000 ) ) ;
#490 = PRESENTATION_LAYER_ASSIGNMENT (  '', '', ( #4350 ) ) ;
#491 = CARTESIAN_POINT ( 'NONE',  ( -2.679685391090110169, -2.800000000000000266, 5.722148282470131520 ) ) ;
#492 = ORIENTED_EDGE ( 'NONE', *, *, #841, .F. ) ;
#493 = DIRECTION ( 'NONE',  ( 0.7071067811865549002, -0.4999999999999984457, 0.4999999999999911737 ) ) ;
#494 = CARTESIAN_POINT ( 'NONE',  ( 4.000000000000052403, -1.499999999999999778, 7.399999999999972822 ) ) ;
#495 = CARTESIAN_POINT ( 'NONE',  ( 0.6301988549922260541, -1.469999999999999529, 5.487470214949034641 ) ) ;
#496 = LINE ( 'NONE', #3303, #2499 ) ;
#497 = ORIENTED_EDGE ( 'NONE', *, *, #8151, .T. ) ;
#498 = DIRECTION ( 'NONE',  ( -0.5773502691896300609, 0.8164965809277230369, 4.031615381703305970E-15 ) ) ;
#499 = CARTESIAN_POINT ( 'NONE',  ( 0.5817821073108386809, -1.469999999999998641, 5.675024872801019526 ) ) ;
#500 = DIRECTION ( 'NONE',  ( 1.000000000000000000, 0.000000000000000000, -6.982962677686266711E-15 ) ) ;
#501 = ORIENTED_EDGE ( 'NONE', *, *, #1683, .F. ) ;
#502 = CARTESIAN_POINT ( 'NONE',  ( 2.015195044360678089, -1.469999999999999529, 6.497659587360347544 ) ) ;
#503 = CARTESIAN_POINT ( 'NONE',  ( -1.699999999999967981, 0.3000000000000003775, 4.600000000000012079 ) ) ;
#504 =( NAMED_UNIT ( * ) PLANE_ANGLE_UNIT ( ) SI_UNIT ( $, .RADIAN. ) );
#505 = CARTESIAN_POINT ( 'NONE',  ( 2.082976094462156258, -2.799999999999999822, 5.511937002308097355 ) ) ;
#506 = ORIENTED_EDGE ( 'NONE', *, *, #3127, .F. ) ;
#507 = LINE ( 'NONE', #3972, #1850 ) ;
#508 = CARTESIAN_POINT ( 'NONE',  ( -2.399688677238699608, -1.469999999999999085, 5.805133573328019381 ) ) ;
#509 = EDGE_CURVE ( 'NONE', #8115, #8420, #5597, .T. ) ;
#510 = EDGE_CURVE ( 'NONE', #7517, #3581, #7709, .T. ) ;
#511 =( NAMED_UNIT ( * ) SI_UNIT ( $, .STERADIAN. ) SOLID_ANGLE_UNIT ( ) );
#512 = CARTESIAN_POINT ( 'NONE',  ( 0.7561194990465466281, -1.469999999999999085, 5.499990069081776234 ) ) ;
#513 = CARTESIAN_POINT ( 'NONE',  ( 0.9581528298275449052, -2.799999999999999822, 5.697398835204314338 ) ) ;
#514 = CARTESIAN_POINT ( 'NONE',  ( -1.906735032848085654, -2.799999999999999378, 5.223510314507421981 ) ) ;
#515 = CARTESIAN_POINT ( 'NONE',  ( -4.999999999999897859, -1.500000000000000000, 13.90000000000003411 ) ) ;
#516 = CARTESIAN_POINT ( 'NONE',  ( -2.474625554254044513, -1.469999999999999973, 5.649885571296678677 ) ) ;
#517 = CARTESIAN_POINT ( 'NONE',  ( 5.000000000000096811, 1.699999999999999734, 13.89999999999996483 ) ) ;
#518 = FILL_AREA_STYLE ('',( #5310 ) ) ;
#519 = CARTESIAN_POINT ( 'NONE',  ( -1.906735032848085654, -1.469999999999999973, 5.223510314507421981 ) ) ;
#520 = ORIENTED_EDGE ( 'NONE', *, *, #3441, .F. ) ;
#522 = ORIENTED_EDGE ( 'NONE', *, *, #6628, .F. ) ;
#521 = ADVANCED_FACE ( 'NONE', ( #4859 ), #1355, .T. ) ;
#523 = B_SPLINE_CURVE_WITH_KNOTS ( 'NONE', 3,
 ( #27, #4986, #3574, #7097, #71, #5683, #7793 ),
 .UNSPECIFIED., .F., .F.,
 ( 4, 1, 1, 1, 4 ),
 ( 0.000000000000000000, 0.2758019848605574587, 0.5333955013403324230, 0.7740733405834405723, 1.000000000000000000 ),
 .UNSPECIFIED. ) ;
#524 = PRESENTATION_LAYER_ASSIGNMENT (  '', '', ( #4402 ) ) ;
#525 = PRESENTATION_STYLE_ASSIGNMENT (( #7521 ) ) ;
#526 = EDGE_LOOP ( 'NONE', ( #5429, #3910, #7241, #6065 ) ) ;
#527 = CARTESIAN_POINT ( 'NONE',  ( 3.300000000010832490, -0.2999999999999999334, 1.399999999994327116 ) ) ;
#528 = EDGE_LOOP ( 'NONE', ( #8715, #5477, #432, #3593 ) ) ;
#529 = MECHANICAL_DESIGN_GEOMETRIC_PRESENTATION_REPRESENTATION (  '', ( #5835 ), #3021 ) ;
#530 = CARTESIAN_POINT ( 'NONE',  ( 0.7820023815327934447, -2.799999999999999378, 5.843079849662316860 ) ) ;
#531 = CARTESIAN_POINT ( 'NONE',  ( -1.883413461538461897, -1.469999999999999973, 5.499999999999988454 ) ) ;
#532 = ORIENTED_EDGE ( 'NONE', *, *, #8669, .T. ) ;
#533 = FILL_AREA_STYLE ('',( #1183 ) ) ;
#534 = ORIENTED_EDGE ( 'NONE', *, *, #6295, .F. ) ;
#535 = FILL_AREA_STYLE_COLOUR ( '', #3503 ) ;
#536 = VECTOR ( 'NONE', #2519, 1000.000000000000000 ) ;
#537 =( NAMED_UNIT ( * ) PLANE_ANGLE_UNIT ( ) SI_UNIT ( $, .RADIAN. ) );
#538 = CARTESIAN_POINT ( 'NONE',  ( -2.705128205128205288, -1.469999999999999973, 5.499999999999988454 ) ) ;
#539 = ORIENTED_EDGE ( 'NONE', *, *, #1529, .F. ) ;
#540 = DIRECTION ( 'NONE',  ( 0.000000000000000000, -0.000000000000000000, 1.000000000000000000 ) ) ;
#541 = VECTOR ( 'NONE', #8367, 1000.000000000000000 ) ;
#542 = DIRECTION ( 'NONE',  ( 0.000000000000000000, 0.000000000000000000, 1.000000000000000000 ) ) ;
#543 = EDGE_CURVE ( 'NONE', #9107, #1150, #523, .T. ) ;
#544 =( LENGTH_UNIT ( ) NAMED_UNIT ( * ) SI_UNIT ( .MILLI., .METRE. ) );
#545 = EDGE_CURVE ( 'NONE', #3556, #1131, #9043, .T. ) ;
#546 = CARTESIAN_POINT ( 'NONE',  ( -0.3987158048003609512, 2.799999999999998934, -3.499999999999996891 ) ) ;
#547 = VECTOR ( 'NONE', #5830, 1000.000000000000000 ) ;
#548 = VERTEX_POINT ( 'NONE', #2166 ) ;
#549 = DIRECTION ( 'NONE',  ( 1.000000000000000000, 0.000000000000000000, -6.982962677686266711E-15 ) ) ;
#550 = CARTESIAN_POINT ( 'NONE',  ( 2.025440705128205288, -1.469999999999999973, 6.323717948717937354 ) ) ;
#551 = CARTESIAN_POINT ( 'NONE',  ( -1.788461538461538991, -2.799999999999999822, 5.713341346153835154 ) ) ;
#552 =( NAMED_UNIT ( * ) PLANE_ANGLE_UNIT ( ) SI_UNIT ( $, .RADIAN. ) );
#553 = ORIENTED_EDGE ( 'NONE', *, *, #4303, .F. ) ;
#554 = CARTESIAN_POINT ( 'NONE',  ( 1.960413453970241360, -1.470000000000000862, 6.500015305580622460 ) ) ;
#555 = CARTESIAN_POINT ( 'NONE',  ( 2.397286497855249277, -1.469999999999999529, 6.001870489910951179 ) ) ;
#556 = DIRECTION ( 'NONE',  ( 0.000000000000000000, -1.000000000000000000, 0.000000000000000000 ) ) ;
#557 = EDGE_LOOP ( 'NONE', ( #867, #8343, #7635, #8140 ) ) ;
#558 = LINE ( 'NONE', #5351, #2014 ) ;
#559 = PRESENTATION_STYLE_ASSIGNMENT (( #6324 ) ) ;
#560 = DIRECTION ( 'NONE',  ( 1.000000000000000000, 0.000000000000000000, 0.000000000000000000 ) ) ;
#561 = DIRECTION ( 'NONE',  ( 1.000000000000000000, 0.000000000000000000, -6.982962677686266711E-15 ) ) ;
#562 = CARTESIAN_POINT ( 'NONE',  ( 2.120192307692307931, -1.469999999999999973, 6.480969551282039554 ) ) ;
#563 = EDGE_CURVE ( 'NONE', #5891, #5142, #5551, .T. ) ;
#564 = CARTESIAN_POINT ( 'NONE',  ( 0.6225044822567776803, -1.470000000000000862, 5.656896474495628269 ) ) ;
#565 = CARTESIAN_POINT ( 'NONE',  ( 0.5371326787625424481, -2.799999999999999822, 5.743892773118736805 ) ) ;
#566 = CARTESIAN_POINT ( 'NONE',  ( -0.9499999999999713118, 0.3000000000000003775, 3.550000000000013589 ) ) ;
#567 = CARTESIAN_POINT ( 'NONE',  ( -1.968141195600575211, -1.470000000000000862, 5.218009649915381409 ) ) ;
#568 = VERTEX_POINT ( 'NONE', #5726 ) ;
#569 = UNCERTAINTY_MEASURE_WITH_UNIT (LENGTH_MEASURE( 1.000000000000000082E-05 ), #1427, 'distance_accuracy_value', 'NONE');
#570 = CARTESIAN_POINT ( 'NONE',  ( 0.7820512820512818264, -2.799999999999999378, 5.852764423076911804 ) ) ;
#571 = ORIENTED_EDGE ( 'NONE', *, *, #1747, .F. ) ;
#572 = PLANE ( 'NONE',  #2288 ) ;
#574 = EDGE_CURVE ( 'NONE', #2347, #8278, #4840, .T. ) ;
#573 = VERTEX_POINT ( 'NONE', #4130 ) ;
#575 = VERTEX_POINT ( 'NONE', #9094 ) ;
#576 = CARTESIAN_POINT ( 'NONE',  ( -2.697929493324420225, -2.800000000000000711, 6.151586691740299706 ) ) ;
#577 = ORIENTED_EDGE ( 'NONE', *, *, #8498, .T. ) ;
#578 = ADVANCED_FACE ( 'NONE', ( #663 ), #2786, .T. ) ;
#579 = FACE_OUTER_BOUND ( 'NONE', #2268, .T. ) ;
#580 = CARTESIAN_POINT ( 'NONE',  ( 2.199902596028760371, -1.470000000000000862, 5.895720656608094856 ) ) ;
#581 = VECTOR ( 'NONE', #601, 1000.000000000000000 ) ;
#582 = VERTEX_POINT ( 'NONE', #710 ) ;
#583 = PRESENTATION_STYLE_ASSIGNMENT (( #4839 ) ) ;
#584 = CARTESIAN_POINT ( 'NONE',  ( 2.082976094462156258, -2.799999999999999378, 5.511937002308097355 ) ) ;
#585 = LINE ( 'NONE', #8862, #3010 ) ;
#586 = COLOUR_RGB ( '',0.8980392156862745390, 0.8980392156862745390, 0.8980392156862745390 ) ;
#587 = PLANE ( 'NONE',  #4540 ) ;
#588 = FACE_BOUND ( 'NONE', #5605, .T. ) ;
#589 = CARTESIAN_POINT ( 'NONE',  ( -2.205128205128205288, -2.799999999999999822, 5.872796474358962904 ) ) ;
#590 = EDGE_LOOP ( 'NONE', ( #7444, #4257, #2938, #4602 ) ) ;
#591 = FACE_OUTER_BOUND ( 'NONE', #557, .T. ) ;
#592 = CARTESIAN_POINT ( 'NONE',  ( -0.3987158048003955901, 2.200000000000000178, -8.460000000000009734 ) ) ;
#594 = COLOUR_RGB ( '',0.8980392156862745390, 0.8980392156862745390, 0.8980392156862745390 ) ;
#593 = CARTESIAN_POINT ( 'NONE',  ( -2.705128205128205288, -1.469999999999999973, 6.499999999999988454 ) ) ;
#595 = UNCERTAINTY_MEASURE_WITH_UNIT (LENGTH_MEASURE( 1.000000000000000082E-05 ), #5381, 'distance_accuracy_value', 'NONE');
#596 = EDGE_LOOP ( 'NONE', ( #6887, #2107, #9020, #5525 ) ) ;
#597 = CARTESIAN_POINT ( 'NONE',  ( -1.943885615088453145, -1.470000000000000862, 5.381075812324907837 ) ) ;
#598 = LINE ( 'NONE', #551, #1914 ) ;
#599 = VECTOR ( 'NONE', #2868, 1000.000000000000000 ) ;
#600 = ORIENTED_EDGE ( 'NONE', *, *, #6757, .T. ) ;
#601 = DIRECTION ( 'NONE',  ( -0.000000000000000000, -1.000000000000000000, -0.000000000000000000 ) ) ;
#602 = COLOUR_RGB ( '',0.1019607843137254888, 0.1019607843137254888, 0.1019607843137254888 ) ;
#603 = CARTESIAN_POINT ( 'NONE',  ( -1.599999999989125010, 0.3000000000000003775, 1.399999999994361533 ) ) ;
#604 = ORIENTED_EDGE ( 'NONE', *, *, #1616, .T. ) ;
#605 = CARTESIAN_POINT ( 'NONE',  ( -2.403142890554738287, -2.799999999999998934, 5.780002515545284325 ) ) ;
#606 = PRESENTATION_LAYER_ASSIGNMENT (  '', '', ( #1766 ) ) ;
#607 = PRESENTATION_LAYER_ASSIGNMENT (  '', '', ( #4601 ) ) ;
#608 = CARTESIAN_POINT ( 'NONE',  ( 0.8972711523054931471, -1.470000000000000862, 5.583838658937844812 ) ) ;
#609 = VECTOR ( 'NONE', #1195, 999.9999999999998863 ) ;
#610 = LINE ( 'NONE', #3428, #2292 ) ;
#611 = LINE ( 'NONE', #3429, #2825 ) ;
#612 = CARTESIAN_POINT ( 'NONE',  ( 2.042668269230769162, -1.469999999999999973, 5.676282051282039554 ) ) ;
#613 = CARTESIAN_POINT ( 'NONE',  ( 0.5706402054001451507, -2.800000000000000266, 5.684803813371301473 ) ) ;
#614 = SURFACE_STYLE_FILL_AREA ( #2043 ) ;
#615 = SURFACE_STYLE_FILL_AREA ( #8355 ) ;
#616 = STYLED_ITEM ( 'NONE', ( #4177 ), #7649 ) ;
#617 = LINE ( 'NONE', #752, #6554 ) ;
#618 = EDGE_LOOP ( 'NONE', ( #8176, #218, #6169, #1232 ) ) ;
#619 = COLOUR_RGB ( '',0.8980392156862745390, 0.8980392156862745390, 0.8980392156862745390 ) ;
#620 = SURFACE_STYLE_FILL_AREA ( #6924 ) ;
#621 = ORIENTED_EDGE ( 'NONE', *, *, #8669, .F. ) ;
#622 = CARTESIAN_POINT ( 'NONE',  ( 1.564102564102564097, -1.469999999999999973, 5.499999999999988454 ) ) ;
#623 = EDGE_LOOP ( 'NONE', ( #9103, #7804, #3380, #7688 ) ) ;
#624 = ORIENTED_EDGE ( 'NONE', *, *, #1249, .T. ) ;
#625 =( LENGTH_UNIT ( ) NAMED_UNIT ( * ) SI_UNIT ( .MILLI., .METRE. ) );
#626 = ORIENTED_EDGE ( 'NONE', *, *, #7489, .F. ) ;
#627 =( LENGTH_UNIT ( ) NAMED_UNIT ( * ) SI_UNIT ( .MILLI., .METRE. ) );
#628 = CARTESIAN_POINT ( 'NONE',  ( 2.199902596028760371, -2.800000000000001155, 5.895720656608094856 ) ) ;
#629 = VERTEX_POINT ( 'NONE', #2827 ) ;
#630 = CARTESIAN_POINT ( 'NONE',  ( 1.851562499999999556, -1.469999999999999973, 6.333333333333321491 ) ) ;
#631 = LINE ( 'NONE', #2603, #2702 ) ;
#632 = AXIS2_PLACEMENT_3D ( 'NONE', #7888, #8759, #5084 ) ;
#633 = CARTESIAN_POINT ( 'NONE',  ( -2.697929493324420225, -1.470000000000000417, 6.151586691740299706 ) ) ;
#634 = EDGE_CURVE ( 'NONE', #4041, #8980, #5641, .T. ) ;
#635 = EDGE_CURVE ( 'NONE', #5035, #8186, #2371, .T. ) ;
#636 = DIRECTION ( 'NONE',  ( -1.000000000000000000, 0.000000000000000000, 6.982962677686266711E-15 ) ) ;
#637 = FACE_OUTER_BOUND ( 'NONE', #7571, .T. ) ;
#638 = ORIENTED_EDGE ( 'NONE', *, *, #4594, .T. ) ;
#639 = ADVANCED_FACE ( 'NONE', ( #6622 ), #5950, .T. ) ;
#640 = CARTESIAN_POINT ( 'NONE',  ( -0.6608573717948721393, -1.469999999999999973, 6.499999999999988454 ) ) ;
#641 = FACE_OUTER_BOUND ( 'NONE', #3962, .T. ) ;
#642 =( GEOMETRIC_REPRESENTATION_CONTEXT ( 3 ) GLOBAL_UNCERTAINTY_ASSIGNED_CONTEXT ( ( #1498 ) ) GLOBAL_UNIT_ASSIGNED_CONTEXT ( ( #4836, #1814, #9059 ) ) REPRESENTATION_CONTEXT ( 'NONE', 'WORKASPACE' ) );
#643 = LINE ( 'NONE', #5667, #6858 ) ;
#644 = CARTESIAN_POINT ( 'NONE',  ( -4.999999999999968914, -2.799999999999999822, 4.500000000000034639 ) ) ;
#645 = ORIENTED_EDGE ( 'NONE', *, *, #9085, .T. ) ;
#646 = EDGE_CURVE ( 'NONE', #575, #5366, #4290, .T. ) ;
#647 = DIRECTION ( 'NONE',  ( -0.000000000000000000, -1.000000000000000000, -0.000000000000000000 ) ) ;
#648 = DIRECTION ( 'NONE',  ( 6.982962677686266711E-15, 0.000000000000000000, 1.000000000000000000 ) ) ;
#649 = VECTOR ( 'NONE', #5226, 1000.000000000000000 ) ;
#650 = B_SPLINE_CURVE_WITH_KNOTS ( 'NONE', 3,
 ( #7878, #7176, #878, #3697, #6497, #196, #5816, #3216, #412, #2566, #1880, #7454, #8878, #6085, #3921, #6724, #2671, #1056, #6677, #2620, #7500, #555, #4716 ),
 .UNSPECIFIED., .F., .F.,
 ( 4, 1, 1, 1, 1, 1, 1, 1, 1, 1, 1, 1, 1, 1, 1, 1, 1, 1, 1, 1, 4 ),
 ( 0.000000000000000000, 0.03727622676436652405, 0.07388102071793181680, 0.1103545287143086751, 0.1467232662714361702, 0.1828966250903324153, 0.2192173669319843754, 0.2559336817917079454, 0.2930575088463319711, 0.3682687811898583963, 0.4447364886886378543, 0.5234468212464665759, 0.6049973803061213795, 0.6475045893007714826, 0.6917904955187582638, 0.7379614364513359392, 0.7861112620758208269, 0.8363227274274199763, 0.8886688105842219798, 0.9431989293048109735, 1.000000000000000000 ),
 .UNSPECIFIED. ) ;
#651 = CARTESIAN_POINT ( 'NONE',  ( -1.883413461538461897, -1.469999999999999973, 5.499999999999988454 ) ) ;
#652 = DIRECTION ( 'NONE',  ( -6.982962677686266711E-15, 0.000000000000000000, -1.000000000000000000 ) ) ;
#653 = ORIENTED_EDGE ( 'NONE', *, *, #7545, .F. ) ;
#654 = CARTESIAN_POINT ( 'NONE',  ( 1.940906967670821937, -1.470000000000000417, 6.500005193204707155 ) ) ;
#655 =( NAMED_UNIT ( * ) SI_UNIT ( $, .STERADIAN. ) SOLID_ANGLE_UNIT ( ) );
#656 = LINE ( 'NONE', #1482, #6533 ) ;
#657 = ORIENTED_EDGE ( 'NONE', *, *, #1318, .F. ) ;
#658 = FILL_AREA_STYLE ('',( #6366 ) ) ;
#659 = CARTESIAN_POINT ( 'NONE',  ( -2.397435897435897800, -2.799999999999998934, 5.860777243589732066 ) ) ;
#660 = SURFACE_STYLE_FILL_AREA ( #5441 ) ;
#661 = CARTESIAN_POINT ( 'NONE',  ( 0.9112610939741054850, -1.469999999999999973, 5.600989146714706379 ) ) ;
#662 = SURFACE_STYLE_FILL_AREA ( #4176 ) ;
#663 = FACE_OUTER_BOUND ( 'NONE', #5100, .T. ) ;
#664 = MECHANICAL_DESIGN_GEOMETRIC_PRESENTATION_REPRESENTATION (  '', ( #5745 ), #8139 ) ;
#665 = PLANE ( 'NONE',  #839 ) ;
#666 = AXIS2_PLACEMENT_3D ( 'NONE', #6403, #103, #7128 ) ;
#667 = STYLED_ITEM ( 'NONE', ( #679 ), #1461 ) ;
#668 = LINE ( 'NONE', #8443, #8327 ) ;
#669 = EDGE_CURVE ( 'NONE', #6922, #8156, #5072, .T. ) ;
#670 = UNCERTAINTY_MEASURE_WITH_UNIT (LENGTH_MEASURE( 1.000000000000000082E-05 ), #6974, 'distance_accuracy_value', 'NONE');
#671 = LINE ( 'NONE', #1951, #8718 ) ;
#673 = ORIENTED_EDGE ( 'NONE', *, *, #1978, .T. ) ;
#672 =( GEOMETRIC_REPRESENTATION_CONTEXT ( 3 ) GLOBAL_UNCERTAINTY_ASSIGNED_CONTEXT ( ( #1862 ) ) GLOBAL_UNIT_ASSIGNED_CONTEXT ( ( #922, #2287, #3662 ) ) REPRESENTATION_CONTEXT ( 'NONE', 'WORKASPACE' ) );
#674 = CARTESIAN_POINT ( 'NONE',  ( 2.293317893009525932, -1.470000000000000862, 5.637363605879442296 ) ) ;
#675 = VECTOR ( 'NONE', #8986, 1000.000000000000000 ) ;
#676 = EDGE_LOOP ( 'NONE', ( #6900, #3304, #3447, #4482 ) ) ;
#677 = VERTEX_POINT ( 'NONE', #8742 ) ;
#678 = FILL_AREA_STYLE ('',( #8361 ) ) ;
#679 = PRESENTATION_STYLE_ASSIGNMENT (( #4193 ) ) ;
#680 = CARTESIAN_POINT ( 'NONE',  ( -2.076923076923077538, -1.469999999999999973, 5.228565705128193741 ) ) ;
#681 = ORIENTED_EDGE ( 'NONE', *, *, #5552, .F. ) ;
#682 = COLOUR_RGB ( '',0.8980392156862745390, 0.8980392156862745390, 0.8980392156862745390 ) ;
#683 = UNCERTAINTY_MEASURE_WITH_UNIT (LENGTH_MEASURE( 1.000000000000000082E-05 ), #8375, 'distance_accuracy_value', 'NONE');
#684 =( NAMED_UNIT ( * ) PLANE_ANGLE_UNIT ( ) SI_UNIT ( $, .RADIAN. ) );
#685 = CARTESIAN_POINT ( 'NONE',  ( -2.511103438005480193, -1.469999999999999085, 6.243277658402832664 ) ) ;
#686 = STYLED_ITEM ( 'NONE', ( #3405 ), #9023 ) ;
#687 = CARTESIAN_POINT ( 'NONE',  ( 0.9715570533858784996, -2.799999999999999378, 5.785421394728486710 ) ) ;
#688 = ORIENTED_EDGE ( 'NONE', *, *, #3246, .T. ) ;
#689 = VECTOR ( 'NONE', #2101, 1000.000000000000114 ) ;
#690 = CARTESIAN_POINT ( 'NONE',  ( -1.943885615088453145, -1.470000000000000862, 5.381075812324907837 ) ) ;
#691 = EDGE_CURVE ( 'NONE', #8579, #7576, #3828, .T. ) ;
#692 = ORIENTED_EDGE ( 'NONE', *, *, #3143, .F. ) ;
#693 = LINE ( 'NONE', #3506, #6641 ) ;
#694 = CARTESIAN_POINT ( 'NONE',  ( 2.205043037639109471, -1.469999999999999973, 6.009082274431063908 ) ) ;
#695 = VERTEX_POINT ( 'NONE', #7135 ) ;
#696 = AXIS2_PLACEMENT_3D ( 'NONE', #7613, #8292, #4899 ) ;
#697 = FILL_AREA_STYLE_COLOUR ( '', #4530 ) ;
#698 =( GEOMETRIC_REPRESENTATION_CONTEXT ( 3 ) GLOBAL_UNCERTAINTY_ASSIGNED_CONTEXT ( ( #8407 ) ) GLOBAL_UNIT_ASSIGNED_CONTEXT ( ( #908, #5277, #1770 ) ) REPRESENTATION_CONTEXT ( 'NONE', 'WORKASPACE' ) );
#699 = CARTESIAN_POINT ( 'NONE',  ( 0.3998064119479748380, 2.419238815542538390, 1.005025253169409716 ) ) ;
#700 =( NAMED_UNIT ( * ) PLANE_ANGLE_UNIT ( ) SI_UNIT ( $, .RADIAN. ) );
#701 = ORIENTED_EDGE ( 'NONE', *, *, #6651, .T. ) ;
#702 = DIRECTION ( 'NONE',  ( 0.09310556079222817583, -0.9931259817837729820, -0.07093757012741297441 ) ) ;
#703 = SURFACE_STYLE_USAGE ( .BOTH. , #4267 ) ;
#704 = EDGE_CURVE ( 'NONE', #8569, #6103, #4366, .T. ) ;
#705 = EDGE_LOOP ( 'NONE', ( #4829, #7107, #3856, #764 ) ) ;
#706 = VECTOR ( 'NONE', #5743, 1000.000000000000000 ) ;
#707 = CARTESIAN_POINT ( 'NONE',  ( -3.999999999999968914, -1.499999999999999778, 4.500000000000027534 ) ) ;
#708 = CARTESIAN_POINT ( 'NONE',  ( -2.671966160639841714, -1.469999999999999085, 6.032537728661957921 ) ) ;
#709 = CARTESIAN_POINT ( 'NONE',  ( -2.705008830190357649, -2.799999999999999822, 5.869788752470309845 ) ) ;
#710 = CARTESIAN_POINT ( 'NONE',  ( 3.300000000010320012, -0.2999999999999999334, 4.599999999999637268 ) ) ;
#711 = DIRECTION ( 'NONE',  ( 6.982962677686266711E-15, 0.000000000000000000, 1.000000000000000000 ) ) ;
#712 = CARTESIAN_POINT ( 'NONE',  ( -2.076923076923077538, -1.469999999999999973, 5.228565705128193741 ) ) ;
#713 = ORIENTED_EDGE ( 'NONE', *, *, #8712, .F. ) ;
#714 = EDGE_CURVE ( 'NONE', #8444, #6530, #650, .T. ) ;
#715 =( NAMED_UNIT ( * ) SI_UNIT ( $, .STERADIAN. ) SOLID_ANGLE_UNIT ( ) );
#716 = VERTEX_POINT ( 'NONE', #7554 ) ;
#717 = ADVANCED_FACE ( 'NONE', ( #5437 ), #8236, .F. ) ;
#718 = DIRECTION ( 'NONE',  ( 0.7071067811865426878, 0.000000000000000000, -0.7071067811865524577 ) ) ;
#719 = ORIENTED_EDGE ( 'NONE', *, *, #4997, .T. ) ;
#720 = LINE ( 'NONE', #6981, #689 ) ;
#721 = COLOUR_RGB ( '',0.8980392156862745390, 0.8980392156862745390, 0.8980392156862745390 ) ;
#722 = DIRECTION ( 'NONE',  ( -1.000000000000000000, 0.000000000000000000, 6.982962677686266711E-15 ) ) ;
#723 = LINE ( 'NONE', #3672, #706 ) ;
#724 = ORIENTED_EDGE ( 'NONE', *, *, #7660, .F. ) ;
#725 = DIRECTION ( 'NONE',  ( 0.000000000000000000, -1.000000000000000000, 0.000000000000000000 ) ) ;
#726 = VERTEX_POINT ( 'NONE', #1255 ) ;
#727 = DIRECTION ( 'NONE',  ( 0.7071067811865524577, 0.000000000000000000, 0.7071067811865426878 ) ) ;
#728 = AXIS2_PLACEMENT_3D ( 'NONE', #6483, #3730, #1441 ) ;
#729 = CARTESIAN_POINT ( 'NONE',  ( -2.581638013853498226, -1.470000000000000417, 5.632840499356188246 ) ) ;
#730 = ORIENTED_EDGE ( 'NONE', *, *, #8289, .F. ) ;
#731 = DIRECTION ( 'NONE',  ( -4.937700262164530687E-15, 0.7071067811865476838, -0.7071067811865474617 ) ) ;
#732 = DIRECTION ( 'NONE',  ( 0.000000000000000000, -1.000000000000000000, 0.000000000000000000 ) ) ;
#733 = CARTESIAN_POINT ( 'NONE',  ( -2.705128205128205288, -1.469999999999999973, 5.605568910256399029 ) ) ;
#734 = ORIENTED_EDGE ( 'NONE', *, *, #3209, .T. ) ;
#735 = CARTESIAN_POINT ( 'NONE',  ( -2.705128205128205288, -1.469999999999999973, 6.143629807692295941 ) ) ;
#736 = SURFACE_STYLE_FILL_AREA ( #4266 ) ;
#737 = FILL_AREA_STYLE_COLOUR ( '', #2255 ) ;
#738 = STYLED_ITEM ( 'NONE', ( #250 ), #1581 ) ;
#739 = EDGE_CURVE ( 'NONE', #6956, #2966, #7212, .T. ) ;
#740 =( NAMED_UNIT ( * ) SI_UNIT ( $, .STERADIAN. ) SOLID_ANGLE_UNIT ( ) );
#741 = LINE ( 'NONE', #1569, #325 ) ;
#742 = ADVANCED_FACE ( 'NONE', ( #3968 ), #6765, .F. ) ;
#743 = CARTESIAN_POINT ( 'NONE',  ( -2.070404962168560292, -2.799999999999999378, 5.363873072639083972 ) ) ;
#744 = ADVANCED_FACE ( 'NONE', ( #8121 ), #5329, .T. ) ;
#745 = LINE ( 'NONE', #4773, #5007 ) ;
#746 = VECTOR ( 'NONE', #7123, 1000.000000000000000 ) ;
#747 = FILL_AREA_STYLE ('',( #3573 ) ) ;
#748 = DIRECTION ( 'NONE',  ( -6.982962677686266711E-15, 0.000000000000000000, -1.000000000000000000 ) ) ;
#749 = CARTESIAN_POINT ( 'NONE',  ( -2.399688677238699608, -1.469999999999999085, 5.805133573328019381 ) ) ;
#750 = LINE ( 'NONE', #6375, #5489 ) ;
#751 = VECTOR ( 'NONE', #921, 1000.000000000000114 ) ;
#752 = CARTESIAN_POINT ( 'NONE',  ( -2.897435897435897800, -1.469999999999999973, 6.499999999999988454 ) ) ;
#753 = UNCERTAINTY_MEASURE_WITH_UNIT (LENGTH_MEASURE( 1.000000000000000082E-05 ), #8838, 'distance_accuracy_value', 'NONE');
#754 =( NAMED_UNIT ( * ) PLANE_ANGLE_UNIT ( ) SI_UNIT ( $, .RADIAN. ) );
#755 = ORIENTED_EDGE ( 'NONE', *, *, #3381, .F. ) ;
#756 = VERTEX_POINT ( 'NONE', #6751 ) ;
#757 = EDGE_CURVE ( 'NONE', #7485, #1133, #3248, .T. ) ;
#758 = CARTESIAN_POINT ( 'NONE',  ( -2.083146003177533068, -2.800000000000000266, 5.366584662290326158 ) ) ;
#759 = B_SPLINE_CURVE_WITH_KNOTS ( 'NONE', 3,
 ( #5475, #4879, #9018, #8222, #7686, #2707, #6941, #4372, #1380, #4203, #4843 ),
 .UNSPECIFIED., .F., .F.,
 ( 4, 1, 1, 1, 1, 1, 1, 1, 4 ),
 ( 0.000000000000000000, 0.1416473012954062860, 0.2748793051102085272, 0.4013252160267652413, 0.5221408412914615438, 0.6409564526136856122, 0.7572482097226821418, 0.8771903841482739939, 1.000000000000000000 ),
 .UNSPECIFIED. ) ;
#760 = STYLED_ITEM ( 'NONE', ( #7317 ), #7578 ) ;
#761 = FILL_AREA_STYLE_COLOUR ( '', #7245 ) ;
#762 = DIRECTION ( 'NONE',  ( 0.9431143620298622077, -0.000000000000000000, 0.3324684949480268270 ) ) ;
#763 = AXIS2_PLACEMENT_3D ( 'NONE', #5136, #7121, #2896 ) ;
#764 = ORIENTED_EDGE ( 'NONE', *, *, #4969, .T. ) ;
#765 = SURFACE_SIDE_STYLE ('',( #7765 ) ) ;
#766 = VECTOR ( 'NONE', #2147, 1000.000000000000000 ) ;
#767 = CARTESIAN_POINT ( 'NONE',  ( -0.6608573717948721393, -2.799999999999999822, 6.499999999999988454 ) ) ;
#768 = PLANE ( 'NONE',  #5010 ) ;
#769 = ORIENTED_EDGE ( 'NONE', *, *, #3045, .T. ) ;
#770 = CARTESIAN_POINT ( 'NONE',  ( -1.699999999989125321, 0.3000000000000003775, 1.399999999994362199 ) ) ;
#771 = FILL_AREA_STYLE ('',( #4966 ) ) ;
#772 = ORIENTED_EDGE ( 'NONE', *, *, #2830, .T. ) ;
#773 = AXIS2_PLACEMENT_3D ( 'NONE', #4771, #7562, #1262 ) ;
#774 =( GEOMETRIC_REPRESENTATION_CONTEXT ( 3 ) GLOBAL_UNCERTAINTY_ASSIGNED_CONTEXT ( ( #3902 ) ) GLOBAL_UNIT_ASSIGNED_CONTEXT ( ( #5161, #7880, #3081 ) ) REPRESENTATION_CONTEXT ( 'NONE', 'WORKASPACE' ) );
#775 = PRESENTATION_STYLE_ASSIGNMENT (( #2929 ) ) ;
#776 = AXIS2_PLACEMENT_3D ( 'NONE', #2584, #1359, #6245 ) ;
#777 = ORIENTED_EDGE ( 'NONE', *, *, #124, .T. ) ;
#778 = EDGE_CURVE ( 'NONE', #2723, #6417, #5380, .T. ) ;
#779 = LINE ( 'NONE', #5055, #6289 ) ;
#780 = STYLED_ITEM ( 'NONE', ( #1058 ), #918 ) ;
#781 = SURFACE_STYLE_USAGE ( .BOTH. , #12 ) ;
#782 = VERTEX_POINT ( 'NONE', #3158 ) ;
#783 = LINE ( 'NONE', #735, #1897 ) ;
#784 = STYLED_ITEM ( 'NONE', ( #4182 ), #4640 ) ;
#785 = CARTESIAN_POINT ( 'NONE',  ( 0.7455848954517618754, -2.799999999999999378, 5.683219140864601115 ) ) ;
#786 = FACE_OUTER_BOUND ( 'NONE', #2451, .T. ) ;
#787 =( LENGTH_UNIT ( ) NAMED_UNIT ( * ) SI_UNIT ( .MILLI., .METRE. ) );
#788 = AXIS2_PLACEMENT_3D ( 'NONE', #4650, #3386, #6108 ) ;
#789 = EDGE_CURVE ( 'NONE', #7475, #3634, #3297, .T. ) ;
#790 = CARTESIAN_POINT ( 'NONE',  ( 0.7298026674676632020, -1.470000000000001306, 5.494214930324424095 ) ) ;
#791 = FILL_AREA_STYLE ('',( #4407 ) ) ;
#792 =( LENGTH_UNIT ( ) NAMED_UNIT ( * ) SI_UNIT ( .MILLI., .METRE. ) );
#793 = CARTESIAN_POINT ( 'NONE',  ( 0.4834694415183596328, -2.799999999999999378, 5.519615204708935075 ) ) ;
#794 =( NAMED_UNIT ( * ) SI_UNIT ( $, .STERADIAN. ) SOLID_ANGLE_UNIT ( ) );
#795 = VECTOR ( 'NONE', #6389, 1000.000000000000000 ) ;
#796 = DIRECTION ( 'NONE',  ( -0.000000000000000000, -1.000000000000000000, -0.000000000000000000 ) ) ;
#797 = EDGE_CURVE ( 'NONE', #716, #2173, #6118, .T. ) ;
#798 = EDGE_CURVE ( 'NONE', #5953, #96, #7290, .T. ) ;
#799 = DIRECTION ( 'NONE',  ( -1.000000000000000000, 0.000000000000000000, 6.982962677686266711E-15 ) ) ;
#800 = LINE ( 'NONE', #884, #6953 ) ;
#801 = VERTEX_POINT ( 'NONE', #6607 ) ;
#802 = FILL_AREA_STYLE ('',( #761 ) ) ;
#803 = ORIENTED_EDGE ( 'NONE', *, *, #8396, .T. ) ;
#804 = CARTESIAN_POINT ( 'NONE',  ( -2.899999999999982148, 0.3000000000000003775, -3.499999999999980016 ) ) ;
#805 = ADVANCED_FACE ( 'NONE', ( #305 ), #665, .T. ) ;
#806 = CARTESIAN_POINT ( 'NONE',  ( 0.8000000000000069278, 1.565685424949238458, 1.010050506338881160 ) ) ;
#807 = CIRCLE ( 'NONE', #7125, 1.799999999999999600 ) ;
#808 = LINE ( 'NONE', #2921, #7448 ) ;
#809 = ORIENTED_EDGE ( 'NONE', *, *, #5877, .T. ) ;
#810 = MECHANICAL_DESIGN_GEOMETRIC_PRESENTATION_REPRESENTATION (  '', ( #386 ), #2397 ) ;
#811 = DIRECTION ( 'NONE',  ( 0.000000000000000000, 0.000000000000000000, -1.000000000000000000 ) ) ;
#812 = CARTESIAN_POINT ( 'NONE',  ( -4.999999999999925393, 0.3000000000000003775, 4.599999999999695888 ) ) ;
#813 = ORIENTED_EDGE ( 'NONE', *, *, #81, .T. ) ;
#814 = CARTESIAN_POINT ( 'NONE',  ( -0.8331330128205131080, -2.799999999999999822, 5.499999999999988454 ) ) ;
#815 = ORIENTED_EDGE ( 'NONE', *, *, #78, .T. ) ;
#816 = CARTESIAN_POINT ( 'NONE',  ( -2.661613016621072081, -2.799999999999999378, 6.047277267986562954 ) ) ;
#817 = CARTESIAN_POINT ( 'NONE',  ( -4.999999999999903189, 1.699999999999999734, 13.90000000000003411 ) ) ;
#818 = ORIENTED_EDGE ( 'NONE', *, *, #2770, .F. ) ;
#819 = MECHANICAL_DESIGN_GEOMETRIC_PRESENTATION_REPRESENTATION (  '', ( #1691 ), #7875 ) ;
#820 = LINE ( 'NONE', #3601, #395 ) ;
#821 = STYLED_ITEM ( 'NONE', ( #3589 ), #6430 ) ;
#822 = DIRECTION ( 'NONE',  ( -6.982962677686266711E-15, 0.000000000000000000, -1.000000000000000000 ) ) ;
#823 = EDGE_LOOP ( 'NONE', ( #8539, #9014, #3256, #2154 ) ) ;
#824 = DIRECTION ( 'NONE',  ( 1.000000000000000000, -0.000000000000000000, -6.982962677686266711E-15 ) ) ;
#825 = LINE ( 'NONE', #2235, #955 ) ;
#826 = EDGE_CURVE ( 'NONE', #3205, #8593, #3482, .T. ) ;
#827 = EDGE_CURVE ( 'NONE', #6960, #4088, #4988, .T. ) ;
#828 =( NAMED_UNIT ( * ) SI_UNIT ( $, .STERADIAN. ) SOLID_ANGLE_UNIT ( ) );
#829 = VECTOR ( 'NONE', #3820, 1000.000000000000227 ) ;
#830 =( LENGTH_UNIT ( ) NAMED_UNIT ( * ) SI_UNIT ( .MILLI., .METRE. ) );
#831 = CARTESIAN_POINT ( 'NONE',  ( -2.688333889365277507, -2.799999999999998490, 5.997421345090050870 ) ) ;
#832 = SURFACE_STYLE_USAGE ( .BOTH. , #8557 ) ;
#833 = LINE ( 'NONE', #6451, #5164 ) ;
#834 = DIRECTION ( 'NONE',  ( -6.982962677686266711E-15, 0.000000000000000000, -1.000000000000000000 ) ) ;
#835 = MECHANICAL_DESIGN_GEOMETRIC_PRESENTATION_REPRESENTATION (  '', ( #6716 ), #5687 ) ;
#836 = CARTESIAN_POINT ( 'NONE',  ( 0.4579441132767925748, -2.800000000000000711, 5.534314593540141658 ) ) ;
#837 = LINE ( 'NONE', #6331, #7890 ) ;
#838 = CARTESIAN_POINT ( 'NONE',  ( 2.363813535202949012, -1.470000000000000862, 5.768725478682553032 ) ) ;
#839 = AXIS2_PLACEMENT_3D ( 'NONE', #6969, #4323, #1453 ) ;
#840 = AXIS2_PLACEMENT_3D ( 'NONE', #1720, #6566, #2356 ) ;
#841 = EDGE_CURVE ( 'NONE', #1884, #3025, #1495, .T. ) ;
#842 = CARTESIAN_POINT ( 'NONE',  ( -2.287993224377527834, -1.469999999999999973, 5.587284980151528302 ) ) ;
#843 = UNCERTAINTY_MEASURE_WITH_UNIT (LENGTH_MEASURE( 1.000000000000000082E-05 ), #625, 'distance_accuracy_value', 'NONE');
#844 = CARTESIAN_POINT ( 'NONE',  ( 3.300000000000032241, -0.2999999999999999334, 4.599999999999976552 ) ) ;
#845 = VECTOR ( 'NONE', #123, 1000.000000000000000 ) ;
#846 = EDGE_CURVE ( 'NONE', #7085, #3821, #4232, .T. ) ;
#847 =( NAMED_UNIT ( * ) PLANE_ANGLE_UNIT ( ) SI_UNIT ( $, .RADIAN. ) );
#848 = CARTESIAN_POINT ( 'NONE',  ( 0.6546474358974356811, -1.469999999999999973, 5.653846153846141753 ) ) ;
#849 = SURFACE_STYLE_FILL_AREA ( #7143 ) ;
#850 = EDGE_LOOP ( 'NONE', ( #6471, #2252, #539, #7470, #6928, #213, #4215, #2263 ) ) ;
#851 =( LENGTH_UNIT ( ) NAMED_UNIT ( * ) SI_UNIT ( .MILLI., .METRE. ) );
#852 = DIRECTION ( 'NONE',  ( -6.982962677686266711E-15, 0.000000000000000000, -1.000000000000000000 ) ) ;
#853 = ADVANCED_FACE ( 'NONE', ( #1404 ), #114, .F. ) ;
#854 = CARTESIAN_POINT ( 'NONE',  ( -2.585524937837877513, -1.469999999999999973, 6.230150606911752931 ) ) ;
#855 = EDGE_CURVE ( 'NONE', #1092, #7777, #837, .T. ) ;
#856 = ORIENTED_EDGE ( 'NONE', *, *, #2253, .F. ) ;
#857 = DIRECTION ( 'NONE',  ( 1.000000000000000000, 0.000000000000000000, -6.982962677686266711E-15 ) ) ;
#858 = ORIENTED_EDGE ( 'NONE', *, *, #7103, .F. ) ;
#859 =( NAMED_UNIT ( * ) PLANE_ANGLE_UNIT ( ) SI_UNIT ( $, .RADIAN. ) );
#860 = ORIENTED_EDGE ( 'NONE', *, *, #4504, .T. ) ;
#861 = CARTESIAN_POINT ( 'NONE',  ( 1.700000000000017719, 0.3000000000000003775, 2.499999999999988010 ) ) ;
#862 = SURFACE_SIDE_STYLE ('',( #2931 ) ) ;
#863 = VERTEX_POINT ( 'NONE', #2829 ) ;
#864 = CARTESIAN_POINT ( 'NONE',  ( 2.260416666666666075, -2.800000000000000266, 5.600961538461526779 ) ) ;
#865 = ORIENTED_EDGE ( 'NONE', *, *, #5937, .F. ) ;
#866 = CARTESIAN_POINT ( 'NONE',  ( -2.355656209907815324, -2.799999999999999378, 5.525885434126789342 ) ) ;
#867 = ORIENTED_EDGE ( 'NONE', *, *, #5064, .F. ) ;
#868 = CARTESIAN_POINT ( 'NONE',  ( 1.179487179487178850, -2.799999999999999822, 5.692307692307680966 ) ) ;
#869 = CARTESIAN_POINT ( 'NONE',  ( 2.128854768366281736, -1.470000000000000417, 5.717863466861222932 ) ) ;
#870 = MECHANICAL_DESIGN_GEOMETRIC_PRESENTATION_REPRESENTATION (  '', ( #3215 ), #3967 ) ;
#871 = CARTESIAN_POINT ( 'NONE',  ( 2.005756048277413495, -2.799999999999999822, 5.670404977662644619 ) ) ;
#872 = SURFACE_STYLE_USAGE ( .BOTH. , #7788 ) ;
#873 = CARTESIAN_POINT ( 'NONE',  ( -2.612014768042357105, -1.469999999999999529, 6.089003217938922852 ) ) ;
#874 = VECTOR ( 'NONE', #5181, 1000.000000000000000 ) ;
#875 = CARTESIAN_POINT ( 'NONE',  ( 0.3998064119479748380, 2.419238815542538390, 1.005025253169409716 ) ) ;
#876 = SURFACE_SIDE_STYLE ('',( #7009 ) ) ;
#877 = CARTESIAN_POINT ( 'NONE',  ( 2.089701039165712704, -2.800000000000000711, 5.692382543631540948 ) ) ;
#878 = CARTESIAN_POINT ( 'NONE',  ( 2.141564441293199117, -1.470000000000000417, 6.474004039469430261 ) ) ;
#879 = CARTESIAN_POINT ( 'NONE',  ( -2.397435897435897800, -1.469999999999999973, 5.860777243589732066 ) ) ;
#880 = FACE_OUTER_BOUND ( 'NONE', #7612, .T. ) ;
#881 = CARTESIAN_POINT ( 'NONE',  ( 2.293317893009525932, -1.470000000000000862, 5.637363605879442296 ) ) ;
#882 = CARTESIAN_POINT ( 'NONE',  ( -2.413798809452611049, -2.799999999999999378, 5.992819788162291772 ) ) ;
#883 = CARTESIAN_POINT ( 'NONE',  ( 2.372716836757134740, -1.469999999999999085, 6.201840314937594023 ) ) ;
#884 = CARTESIAN_POINT ( 'NONE',  ( -1.699999999989638466, 0.3000000000000003775, 4.500000000000011546 ) ) ;
#885 = MECHANICAL_DESIGN_GEOMETRIC_PRESENTATION_REPRESENTATION (  '', ( #8819 ), #3993 ) ;
#886 = PLANE ( 'NONE',  #7622 ) ;
#887 = PRESENTATION_STYLE_ASSIGNMENT (( #7230 ) ) ;
#888 = COLOUR_RGB ( '',0.1019607843137254888, 0.1019607843137254888, 0.1019607843137254888 ) ;
#889 = SURFACE_SIDE_STYLE ('',( #1582 ) ) ;
#890 = CARTESIAN_POINT ( 'NONE',  ( 2.260416666666666519, -2.800000000000000266, 5.600961538461527667 ) ) ;
#891 = VECTOR ( 'NONE', #8705, 1000.000000000000000 ) ;
#892 = FACE_OUTER_BOUND ( 'NONE', #8584, .T. ) ;
#893 =( NAMED_UNIT ( * ) SI_UNIT ( $, .STERADIAN. ) SOLID_ANGLE_UNIT ( ) );
#894 = COLOUR_RGB ( '',0.8980392156862745390, 0.8980392156862745390, 0.8980392156862745390 ) ;
#895 = CARTESIAN_POINT ( 'NONE',  ( 5.000000000000026645, -1.500000000000000000, 3.899999999999969713 ) ) ;
#896 = ORIENTED_EDGE ( 'NONE', *, *, #4919, .T. ) ;
#897 = CARTESIAN_POINT ( 'NONE',  ( 2.042668269230769162, -1.469999999999999973, 5.676282051282039554 ) ) ;
#898 = ORIENTED_EDGE ( 'NONE', *, *, #8494, .T. ) ;
#899 = CARTESIAN_POINT ( 'NONE',  ( -2.205421341228385401, -2.799999999999998934, 5.857765675369313030 ) ) ;
#900 = ORIENTED_EDGE ( 'NONE', *, *, #7977, .T. ) ;
#901 = ADVANCED_FACE ( 'NONE', ( #5643 ), #3664, .T. ) ;
#902 = PLANE ( 'NONE',  #7153 ) ;
#903 = AXIS2_PLACEMENT_3D ( 'NONE', #7775, #7076, #6353 ) ;
#904 =( NAMED_UNIT ( * ) SI_UNIT ( $, .STERADIAN. ) SOLID_ANGLE_UNIT ( ) );
#905 = EDGE_LOOP ( 'NONE', ( #38, #1957, #989, #3915 ) ) ;
#906 = EDGE_CURVE ( 'NONE', #7124, #437, #6455, .T. ) ;
#907 = ADVANCED_FACE ( 'NONE', ( #2872 ), #5685, .T. ) ;
#908 =( LENGTH_UNIT ( ) NAMED_UNIT ( * ) SI_UNIT ( .MILLI., .METRE. ) );
#909 = ORIENTED_EDGE ( 'NONE', *, *, #6105, .F. ) ;
#910 = CARTESIAN_POINT ( 'NONE',  ( 1.700000000000032152, -0.2999999999999999334, 4.599999999999988098 ) ) ;
#911 = ORIENTED_EDGE ( 'NONE', *, *, #4965, .F. ) ;
#912 = AXIS2_PLACEMENT_3D ( 'NONE', #7106, #4991, #5079 ) ;
#913 = AXIS2_PLACEMENT_3D ( 'NONE', #4446, #5907, #3131 ) ;
#914 = CARTESIAN_POINT ( 'NONE',  ( 2.756410256410256387, -1.469999999999999973, 5.499999999999988454 ) ) ;
#915 = CARTESIAN_POINT ( 'NONE',  ( 2.182442732750685011, -1.470000000000000417, 5.810415476788540090 ) ) ;
#916 = CARTESIAN_POINT ( 'NONE',  ( 1.745740669417621426E-14, 0.3000000000000003775, 2.499999999994350297 ) ) ;
#917 = ORIENTED_EDGE ( 'NONE', *, *, #2459, .T. ) ;
#918 = ADVANCED_FACE ( 'NONE', ( #3830 ), #8044, .T. ) ;
#919 = MECHANICAL_DESIGN_GEOMETRIC_PRESENTATION_REPRESENTATION (  '', ( #4183 ), #190 ) ;
#920 = CARTESIAN_POINT ( 'NONE',  ( -3.999999999999948042, -2.799999999999999822, 7.400000000000027001 ) ) ;
#921 = DIRECTION ( 'NONE',  ( -0.3292258450048243246, 0.000000000000000000, -0.9442512075612397027 ) ) ;
#922 =( LENGTH_UNIT ( ) NAMED_UNIT ( * ) SI_UNIT ( .MILLI., .METRE. ) );
#923 = DIRECTION ( 'NONE',  ( -6.982962677686266711E-15, 0.000000000000000000, -1.000000000000000000 ) ) ;
#924 = SURFACE_STYLE_FILL_AREA ( #6624 ) ;
#925 = CARTESIAN_POINT ( 'NONE',  ( -1.747228903727698679, -2.800000000000001155, 5.349987940985058366 ) ) ;
#926 = CARTESIAN_POINT ( 'NONE',  ( 2.393045252574089954, -2.799999999999998934, 6.089131578989858795 ) ) ;
#927 = CARTESIAN_POINT ( 'NONE',  ( 2.127359384213090010, -1.470000000000000417, 6.478633689215124392 ) ) ;
#928 = UNCERTAINTY_MEASURE_WITH_UNIT (LENGTH_MEASURE( 1.000000000000000082E-05 ), #5282, 'distance_accuracy_value', 'NONE');
#929 = DIRECTION ( 'NONE',  ( 1.000000000000000000, 0.000000000000000000, -6.982962677686266711E-15 ) ) ;
#930 = COLOUR_RGB ( '',0.8980392156862745390, 0.8980392156862745390, 0.8980392156862745390 ) ;
#931 = CARTESIAN_POINT ( 'NONE',  ( -1.780035570494054697, -1.469999999999999529, 5.295413019815973676 ) ) ;
#932 = SURFACE_SIDE_STYLE ('',( #2104 ) ) ;
#933 = CARTESIAN_POINT ( 'NONE',  ( 0.5256410256410256610, -1.469999999999999973, 5.833333333333321491 ) ) ;
#934 =( NAMED_UNIT ( * ) SI_UNIT ( $, .STERADIAN. ) SOLID_ANGLE_UNIT ( ) );
#935 = EDGE_CURVE ( 'NONE', #1913, #8420, #6541, .T. ) ;
#936 = EDGE_CURVE ( 'NONE', #4092, #8894, #3080, .T. ) ;
#937 = SURFACE_STYLE_USAGE ( .BOTH. , #5217 ) ;
#938 = B_SPLINE_CURVE_WITH_KNOTS ( 'NONE', 3,
 ( #1705, #8621, #5083, #2963, #3005, #204, #4552, #2341, #4600, #8572, #3095 ),
 .UNSPECIFIED., .F., .F.,
 ( 4, 1, 1, 1, 1, 1, 1, 1, 4 ),
 ( 0.000000000000000000, 0.07234232131370357810, 0.1592701015872656223, 0.2619317668593117987, 0.3782459773393734848, 0.5116386268384607305, 0.6587657585829479467, 0.8219214622934500891, 1.000000000000000000 ),
 .UNSPECIFIED. ) ;
#939 = CARTESIAN_POINT ( 'NONE',  ( 2.119391025641025106, -1.469999999999999973, 5.521233974358962904 ) ) ;
#940 = ADVANCED_FACE ( 'NONE', ( #880 ), #2493, .T. ) ;
#941 = DIRECTION ( 'NONE',  ( -1.000000000000000000, 0.000000000000000000, 0.000000000000000000 ) ) ;
#942 = EDGE_LOOP ( 'NONE', ( #6610, #6951, #8637, #4238 ) ) ;
#943 = CARTESIAN_POINT ( 'NONE',  ( -2.899999999999926636, -0.2999999999999999334, 4.500000000000019540 ) ) ;
#944 = CARTESIAN_POINT ( 'NONE',  ( 2.110183031277635735, -2.799999999999999378, 5.703951860623121206 ) ) ;
#945 = VERTEX_POINT ( 'NONE', #603 ) ;
#946 = CARTESIAN_POINT ( 'NONE',  ( -2.433862437174349580, -2.799999999999999378, 5.492851370646681275 ) ) ;
#947 = CARTESIAN_POINT ( 'NONE',  ( 2.142491439231692496, -1.469999999999999973, 6.257045156998776392 ) ) ;
#948 = ORIENTED_EDGE ( 'NONE', *, *, #9015, .F. ) ;
#949 = MECHANICAL_DESIGN_GEOMETRIC_PRESENTATION_REPRESENTATION (  '', ( #6988 ), #8147 ) ;
#950 = ORIENTED_EDGE ( 'NONE', *, *, #2652, .T. ) ;
#951 = EDGE_CURVE ( 'NONE', #3384, #6026, #4764, .T. ) ;
#952 = CARTESIAN_POINT ( 'NONE',  ( -2.205990352625075257, -2.800000000000000711, 5.828589139551199061 ) ) ;
#953 = ORIENTED_EDGE ( 'NONE', *, *, #5480, .F. ) ;
#954 = DIRECTION ( 'NONE',  ( -6.982962677686266711E-15, 0.000000000000000000, -1.000000000000000000 ) ) ;
#955 = VECTOR ( 'NONE', #6445, 1000.000000000000000 ) ;
#956 = CARTESIAN_POINT ( 'NONE',  ( -1.699999999989637800, 0.3000000000000003775, 4.599999999999672795 ) ) ;
#957 = ORIENTED_EDGE ( 'NONE', *, *, #1476, .T. ) ;
#958 = FILL_AREA_STYLE ('',( #8602 ) ) ;
#959 = DIRECTION ( 'NONE',  ( -0.000000000000000000, -1.000000000000000000, -0.000000000000000000 ) ) ;
#960 = ADVANCED_FACE ( 'NONE', ( #6087 ), #1204, .T. ) ;
#961 = FACE_OUTER_BOUND ( 'NONE', #7982, .T. ) ;
#962 = CARTESIAN_POINT ( 'NONE',  ( -2.225469176992215470, -2.799999999999998934, 6.030859027472301293 ) ) ;
#963 = SURFACE_STYLE_FILL_AREA ( #4491 ) ;
#964 = CARTESIAN_POINT ( 'NONE',  ( -2.489589179529787977, -1.469999999999999973, 6.088625498535376046 ) ) ;
#965 = CARTESIAN_POINT ( 'NONE',  ( -1.866680377425246062, -2.799999999999999822, 5.234315068862780862 ) ) ;
#966 = DIRECTION ( 'NONE',  ( 4.937700262164532265E-15, 0.7071067811865474617, 0.7071067811865476838 ) ) ;
#967 = CARTESIAN_POINT ( 'NONE',  ( 2.362648478075254577, -2.799999999999999378, 6.234373988290370150 ) ) ;
#968 = FACE_OUTER_BOUND ( 'NONE', #1295, .T. ) ;
#969 = CARTESIAN_POINT ( 'NONE',  ( 1.179487179487178850, -1.469999999999999973, 5.499999999999988454 ) ) ;
#970 = VECTOR ( 'NONE', #5896, 1000.000000000000000 ) ;
#971 = CARTESIAN_POINT ( 'NONE',  ( 1.396592535537253342E-13, -1.499999999999999778, 20.00000000000000000 ) ) ;
#972 = MECHANICAL_DESIGN_GEOMETRIC_PRESENTATION_REPRESENTATION (  '', ( #2428 ), #5093 ) ;
#973 = DIRECTION ( 'NONE',  ( 0.000000000000000000, 0.000000000000000000, 1.000000000000000000 ) ) ;
#974 = CARTESIAN_POINT ( 'NONE',  ( 2.083434596217820900, -1.469999999999999529, 6.489678087928112404 ) ) ;
#975 = PLANE ( 'NONE',  #7186 ) ;
#976 = LINE ( 'NONE', #205, #8558 ) ;
#977 = CARTESIAN_POINT ( 'NONE',  ( -1.788461538461538991, -1.469999999999999973, 5.713341346153835154 ) ) ;
#978 = COLOUR_RGB ( '',0.8980392156862745390, 0.8980392156862745390, 0.8980392156862745390 ) ;
#979 = VECTOR ( 'NONE', #5660, 1000.000000000000000 ) ;
#980 = CARTESIAN_POINT ( 'NONE',  ( 0.5308131447897942445, -1.469999999999999973, 5.775103731316901801 ) ) ;
#981 = DIRECTION ( 'NONE',  ( 0.000000000000000000, 0.000000000000000000, 1.000000000000000000 ) ) ;
#982 = ORIENTED_EDGE ( 'NONE', *, *, #6325, .T. ) ;
#983 = FACE_OUTER_BOUND ( 'NONE', #5513, .T. ) ;
#984 = CARTESIAN_POINT ( 'NONE',  ( 0.3998064119479719514, 1.994974746830610934, 0.5807611844574811499 ) ) ;
#985 = DIRECTION ( 'NONE',  ( 1.000000000000000000, 0.000000000000000000, 0.000000000000000000 ) ) ;
#986 = ORIENTED_EDGE ( 'NONE', *, *, #2242, .F. ) ;
#987 = CARTESIAN_POINT ( 'NONE',  ( 3.300000000000031353, -0.2999999999999999334, 4.499999999999976019 ) ) ;
#988 = CARTESIAN_POINT ( 'NONE',  ( 5.199999999999976197, 2.799999999999999822, -3.500000000000036415 ) ) ;
#989 = ORIENTED_EDGE ( 'NONE', *, *, #4897, .F. ) ;
#990 = VECTOR ( 'NONE', #5946, 1000.000000000000000 ) ;
#991 = DIRECTION ( 'NONE',  ( 0.3437618826832610219, 0.000000000000000000, -0.9390568502567135933 ) ) ;
#992 = DIRECTION ( 'NONE',  ( -4.937700262164533054E-15, -0.7071067811865473507, -0.7071067811865477948 ) ) ;
#993 = ORIENTED_EDGE ( 'NONE', *, *, #714, .F. ) ;
#994 = CARTESIAN_POINT ( 'NONE',  ( -2.463302509958180231, -1.470000000000000862, 6.070855666500170500 ) ) ;
#995 = EDGE_LOOP ( 'NONE', ( #1513, #911, #8493, #8229 ) ) ;
#996 = CARTESIAN_POINT ( 'NONE',  ( 2.564102564102564319, -1.469999999999999973, 5.692307692307680966 ) ) ;
#997 = DIRECTION ( 'NONE',  ( 1.000000000000000000, 0.000000000000000000, 0.000000000000000000 ) ) ;
#998 = CARTESIAN_POINT ( 'NONE',  ( 1.921808178870136219, -1.469999999999999973, 5.666723329158326550 ) ) ;
#999 = EDGE_LOOP ( 'NONE', ( #4558, #2034 ) ) ;
#1000 = CARTESIAN_POINT ( 'NONE',  ( -0.2808493589743594754, -1.469999999999999973, 5.499999999999988454 ) ) ;
#1001 = CARTESIAN_POINT ( 'NONE',  ( 0.8000000000000069278, 1.565685424949238458, 1.010050506338881160 ) ) ;
#1002 = SURFACE_STYLE_USAGE ( .BOTH. , #1101 ) ;
#1003 = DIRECTION ( 'NONE',  ( 0.7071067811865536790, 0.000000000000000000, 0.7071067811865414665 ) ) ;
#1004 = CARTESIAN_POINT ( 'NONE',  ( -2.209734161479838921, -2.799999999999998490, 5.956532442813850636 ) ) ;
#1005 = DIRECTION ( 'NONE',  ( 1.000000000000000000, 0.000000000000000000, -6.982962677686266711E-15 ) ) ;
#1006 = DIRECTION ( 'NONE',  ( 0.000000000000000000, 1.000000000000000000, 0.000000000000000000 ) ) ;
#1007 = LINE ( 'NONE', #1613, #4901 ) ;
#1008 = EDGE_CURVE ( 'NONE', #6417, #7896, #7556, .T. ) ;
#1009 = ORIENTED_EDGE ( 'NONE', *, *, #7617, .T. ) ;
#1010 = CARTESIAN_POINT ( 'NONE',  ( -2.268347788084026373, -1.470000000000000417, 5.613590061920715080 ) ) ;
#1011 = PLANE ( 'NONE',  #5026 ) ;
#1012 = EDGE_CURVE ( 'NONE', #2613, #6790, #6816, .T. ) ;
#1013 = STYLED_ITEM ( 'NONE', ( #5344 ), #3668 ) ;
#1014 = LINE ( 'NONE', #7268, #2658 ) ;
#1015 = UNCERTAINTY_MEASURE_WITH_UNIT (LENGTH_MEASURE( 1.000000000000000082E-05 ), #7567, 'distance_accuracy_value', 'NONE');
#1016 = CARTESIAN_POINT ( 'NONE',  ( 0.9624049397477906220, -2.799999999999999822, 5.716780055835676499 ) ) ;
#1017 = EDGE_CURVE ( 'NONE', #5691, #2847, #7352, .T. ) ;
#1018 = ADVANCED_FACE ( 'NONE', ( #8239 ), #7610, .F. ) ;
#1019 = CARTESIAN_POINT ( 'NONE',  ( -1.728748749626194403, -1.470000000000000417, 5.392391610284232861 ) ) ;
#1020 = CARTESIAN_POINT ( 'NONE',  ( 1.700000000000032152, -0.2999999999999999334, 4.599999999999988098 ) ) ;
#1021 = DIRECTION ( 'NONE',  ( 1.000000000000000000, 0.000000000000000000, -0.000000000000000000 ) ) ;
#1022 = CARTESIAN_POINT ( 'NONE',  ( 2.114461219061952058, -1.469999999999999973, 6.482484481389326980 ) ) ;
#1023 = CARTESIAN_POINT ( 'NONE',  ( 5.199999999999976197, -2.799999999999999822, -3.500000000000036415 ) ) ;
#1024 = CARTESIAN_POINT ( 'NONE',  ( 1.756410256410256165, -1.469999999999999973, 6.333333333333321491 ) ) ;
#1025 = VECTOR ( 'NONE', #796, 1000.000000000000000 ) ;
#1026 = PRESENTATION_LAYER_ASSIGNMENT (  '', '', ( #7800 ) ) ;
#1027 = COLOUR_RGB ( '',0.8980392156862745390, 0.8980392156862745390, 0.8980392156862745390 ) ;
#1028 = EDGE_CURVE ( 'NONE', #5434, #4141, #5347, .T. ) ;
#1029 = CARTESIAN_POINT ( 'NONE',  ( -0.5576923076923078204, -1.469999999999999085, 6.256410256410243953 ) ) ;
#1030 = VECTOR ( 'NONE', #6231, 1000.000000000000000 ) ;
#1031 = VECTOR ( 'NONE', #5818, 1000.000000000000000 ) ;
#1032 = ORIENTED_EDGE ( 'NONE', *, *, #8097, .F. ) ;
#1033 = CARTESIAN_POINT ( 'NONE',  ( 0.6866077005814067435, -2.799999999999999822, 5.655980716895562921 ) ) ;
#1034 = DIRECTION ( 'NONE',  ( 0.7071067811865524577, 0.000000000000000000, 0.7071067811865426878 ) ) ;
#1035 = SURFACE_SIDE_STYLE ('',( #8717 ) ) ;
#1036 = ORIENTED_EDGE ( 'NONE', *, *, #2934, .F. ) ;
#1037 = CARTESIAN_POINT ( 'NONE',  ( -2.205128205128205288, -2.799999999999998490, 5.872796474358962904 ) ) ;
#1038 = UNCERTAINTY_MEASURE_WITH_UNIT (LENGTH_MEASURE( 1.000000000000000082E-05 ), #627, 'distance_accuracy_value', 'NONE');
#1039 = CARTESIAN_POINT ( 'NONE',  ( -2.558386301780876337, -1.470000000000000417, 6.237889336262984585 ) ) ;
#1040 = ORIENTED_EDGE ( 'NONE', *, *, #1072, .T. ) ;
#1041 = SURFACE_STYLE_USAGE ( .BOTH. , #399 ) ;
#1042 = DIRECTION ( 'NONE',  ( -6.982962677686266711E-15, 0.000000000000000000, -1.000000000000000000 ) ) ;
#1043 = ORIENTED_EDGE ( 'NONE', *, *, #7618, .T. ) ;
#1044 = ORIENTED_EDGE ( 'NONE', *, *, #6322, .F. ) ;
#1045 = SURFACE_STYLE_USAGE ( .BOTH. , #5234 ) ;
#1046 = DIRECTION ( 'NONE',  ( 0.3423744542345285025, 0.000000000000000000, 0.9395635865057823111 ) ) ;
#1047 = VECTOR ( 'NONE', #7259, 1000.000000000000000 ) ;
#1048 = AXIS2_PLACEMENT_3D ( 'NONE', #6901, #8922, #549 ) ;
#1049 = EDGE_CURVE ( 'NONE', #4156, #4302, #6046, .T. ) ;
#1050 = CARTESIAN_POINT ( 'NONE',  ( 0.4133721509282119455, -1.469999999999999973, 5.571626769892507269 ) ) ;
#1051 = EDGE_LOOP ( 'NONE', ( #7426, #6711, #5188, #3000, #3768, #8719, #1201 ) ) ;
#1052 =( NAMED_UNIT ( * ) PLANE_ANGLE_UNIT ( ) SI_UNIT ( $, .RADIAN. ) );
#1053 = LINE ( 'NONE', #3872, #5264 ) ;
#1054 = AXIS2_PLACEMENT_3D ( 'NONE', #4958, #1374, #43 ) ;
#1055 =( NAMED_UNIT ( * ) SI_UNIT ( $, .STERADIAN. ) SOLID_ANGLE_UNIT ( ) );
#1056 = CARTESIAN_POINT ( 'NONE',  ( 2.389479001453785667, -1.469999999999999973, 6.119405655645318021 ) ) ;
#1057 =( NAMED_UNIT ( * ) SI_UNIT ( $, .STERADIAN. ) SOLID_ANGLE_UNIT ( ) );
#1058 = PRESENTATION_STYLE_ASSIGNMENT (( #3175 ) ) ;
#1059 = ORIENTED_EDGE ( 'NONE', *, *, #8590, .F. ) ;
#1060 = CARTESIAN_POINT ( 'NONE',  ( 1.994071716934391336, -1.470000000000000862, 5.501293701023815430 ) ) ;
#1061 = MECHANICAL_DESIGN_GEOMETRIC_PRESENTATION_REPRESENTATION (  '', ( #5778 ), #7529 ) ;
#1062 = EDGE_CURVE ( 'NONE', #2754, #3581, #1833, .T. ) ;
#1063 = MECHANICAL_DESIGN_GEOMETRIC_PRESENTATION_REPRESENTATION (  '', ( #2102 ), #2844 ) ;
#1064 = CARTESIAN_POINT ( 'NONE',  ( -4.999999999999860556, -2.799999999999999822, 20.00000000000003553 ) ) ;
#1065 = FACE_OUTER_BOUND ( 'NONE', #2350, .T. ) ;
#1066 = CARTESIAN_POINT ( 'NONE',  ( -0.7999999999999909406, 1.281934649340568111, 1.293801281947564163 ) ) ;
#1067 = DIRECTION ( 'NONE',  ( -0.09156771056279909560, 0.000000000000000000, 0.9957988523704410788 ) ) ;
#1068 = SURFACE_STYLE_USAGE ( .BOTH. , #3089 ) ;
#1069 = SURFACE_SIDE_STYLE ('',( #377 ) ) ;
#1070 = EDGE_CURVE ( 'NONE', #1325, #5953, #2395, .T. ) ;
#1072 = EDGE_CURVE ( 'NONE', #4718, #8115, #2941, .T. ) ;
#1071 = CARTESIAN_POINT ( 'NONE',  ( 0.5516826923076920686, -1.469999999999999973, 5.708934294871783166 ) ) ;
#1073 = CARTESIAN_POINT ( 'NONE',  ( 0.5497945699170934120, -2.799999999999999822, 5.712231789916597080 ) ) ;
#1074 = LINE ( 'NONE', #1661, #6508 ) ;
#1075 = COLOUR_RGB ( '',0.8980392156862745390, 0.8980392156862745390, 0.8980392156862745390 ) ;
#1076 = ORIENTED_EDGE ( 'NONE', *, *, #7423, .F. ) ;
#1077 = CARTESIAN_POINT ( 'NONE',  ( -2.625442948650920982, -2.800000000000000711, 6.081068969580923245 ) ) ;
#1078 = CARTESIAN_POINT ( 'NONE',  ( 0.5266487180373409238, -1.469999999999999973, 5.812671867135252413 ) ) ;
#1079 = PRESENTATION_LAYER_ASSIGNMENT (  '', '', ( #3596 ) ) ;
#1080 = B_SPLINE_CURVE_WITH_KNOTS ( 'NONE', 3,
 ( #4638, #3277, #2476, #8888, #8102, #8940, #3186, #4821, #3935, #6189, #1798 ),
 .UNSPECIFIED., .F., .F.,
 ( 4, 1, 1, 1, 1, 1, 1, 1, 4 ),
 ( 0.000000000000000000, 0.1574696105658194845, 0.3066299103822043848, 0.4453947960140404727, 0.5739867641878370064, 0.6944366174725862262, 0.8048975949917163142, 0.9068122228658742623, 1.000000000000000000 ),
 .UNSPECIFIED. ) ;
#1081 = EDGE_LOOP ( 'NONE', ( #6980, #1869, #9073, #2717 ) ) ;
#1082 = ORIENTED_EDGE ( 'NONE', *, *, #8504, .T. ) ;
#1083 = CARTESIAN_POINT ( 'NONE',  ( 0.8000000000000238032, 0.3000000000000003775, 3.414213562373146882 ) ) ;
#1084 = CARTESIAN_POINT ( 'NONE',  ( 2.012204215627011905, -1.470000000000000417, 6.326177473778300531 ) ) ;
#1085 = ADVANCED_FACE ( 'NONE', ( #6365 ), #8509, .T. ) ;
#1086 = COLOUR_RGB ( '',0.8980392156862745390, 0.8980392156862745390, 0.8980392156862745390 ) ;
#1087 = CARTESIAN_POINT ( 'NONE',  ( -2.287993224377527834, -2.799999999999998490, 5.587284980151528302 ) ) ;
#1088 = CARTESIAN_POINT ( 'NONE',  ( -2.660805727675659149, -2.799999999999999378, 6.187488059115986871 ) ) ;
#1089 = DIRECTION ( 'NONE',  ( -0.000000000000000000, -1.000000000000000000, -0.000000000000000000 ) ) ;
#1090 = VECTOR ( 'NONE', #8519, 1000.000000000000000 ) ;
#1091 = FILL_AREA_STYLE_COLOUR ( '', #6313 ) ;
#1092 = VERTEX_POINT ( 'NONE', #2860 ) ;
#1093 = CARTESIAN_POINT ( 'NONE',  ( -2.411430450121640590, -2.799999999999999822, 6.230750665002280364 ) ) ;
#1094 = ORIENTED_EDGE ( 'NONE', *, *, #2249, .F. ) ;
#1095 = DIRECTION ( 'NONE',  ( 0.000000000000000000, 1.000000000000000000, -0.000000000000000000 ) ) ;
#1096 = PRESENTATION_LAYER_ASSIGNMENT (  '', '', ( #1407 ) ) ;
#1097 = AXIS2_PLACEMENT_3D ( 'NONE', #1682, #311, #954 ) ;
#1098 = LINE ( 'NONE', #5943, #1287 ) ;
#1099 = EDGE_LOOP ( 'NONE', ( #8729, #3177, #355, #5252 ) ) ;
#1100 = CARTESIAN_POINT ( 'NONE',  ( -3.999999999999902744, -1.500000000000000000, 13.90000000000002700 ) ) ;
#1101 = SURFACE_SIDE_STYLE ('',( #8517 ) ) ;
#1102 = SURFACE_STYLE_FILL_AREA ( #2462 ) ;
#1103 = EDGE_CURVE ( 'NONE', #3025, #8359, #656, .T. ) ;
#1104 = CARTESIAN_POINT ( 'NONE',  ( -0.7489983974358978003, -1.469999999999999973, 5.730769230769219291 ) ) ;
#1105 = CARTESIAN_POINT ( 'NONE',  ( -2.209734161479838921, -1.469999999999999529, 5.956532442813850636 ) ) ;
#1106 = CARTESIAN_POINT ( 'NONE',  ( 0.6422275641025636528, -1.469999999999999973, 5.487179487179475679 ) ) ;
#1107 = CARTESIAN_POINT ( 'NONE',  ( 2.041284315157611662, -2.800000000000000711, 5.505363130052058906 ) ) ;
#1108 = CIRCLE ( 'NONE', #5966, 1.300000000000000933 ) ;
#1109 = ORIENTED_EDGE ( 'NONE', *, *, #6636, .T. ) ;
#1110 = CARTESIAN_POINT ( 'NONE',  ( -2.491185897435898688, -1.470000000000000417, 5.487179487179476567 ) ) ;
#1111 = LINE ( 'NONE', #2471, #2974 ) ;
#1112 = LINE ( 'NONE', #7362, #8243 ) ;
#1113 = MECHANICAL_DESIGN_GEOMETRIC_PRESENTATION_REPRESENTATION (  '', ( #686 ), #1279 ) ;
#1114 = UNCERTAINTY_MEASURE_WITH_UNIT (LENGTH_MEASURE( 1.000000000000000082E-05 ), #7822, 'distance_accuracy_value', 'NONE');
#1115 = CARTESIAN_POINT ( 'NONE',  ( 0.9715570533858784996, -1.469999999999999529, 5.785421394728486710 ) ) ;
#1116 = B_SPLINE_SURFACE_WITH_KNOTS ( 'NONE', 3, 1, ( 
 ( #3541, #6938 ),
 ( #6259, #7586 ),
 ( #8960, #5420 ),
 ( #7641, #584 ),
 ( #6211, #2799 ),
 ( #6840, #4250 ),
 ( #8366, #1236 ),
 ( #5611, #8408 ),
 ( #3395, #4917 ),
 ( #8908, #8319 ),
 ( #2009, #2058 ) ),
 .UNSPECIFIED., .F., .F., .F.,
 ( 4, 1, 1, 1, 1, 1, 1, 1, 4 ),
 ( 2, 2 ),
 ( 0.000000000000000000, 0.09989123307153004172, 0.2073190855916391406, 0.3208499521725998727, 0.4423161564938711265, 0.5701691198816086770, 0.7054217223663062919, 0.8494105530036917262, 1.000000000000000000 ),
 ( 0.000000000000000000, 1.000000000000000000 ),
 .UNSPECIFIED. ) ;
#1117 = DIRECTION ( 'NONE',  ( -1.000000000000000000, 0.000000000000000000, 6.982962677686266711E-15 ) ) ;
#1118 = FILL_AREA_STYLE_COLOUR ( '', #594 ) ;
#1119 = EDGE_CURVE ( 'NONE', #3359, #5984, #5067, .T. ) ;
#1120 = VECTOR ( 'NONE', #1896, 1000.000000000000000 ) ;
#1121 = CARTESIAN_POINT ( 'NONE',  ( -0.8331330128205131080, -1.469999999999999973, 5.499999999999988454 ) ) ;
#1122 = CARTESIAN_POINT ( 'NONE',  ( 2.172550588067909239, -1.470000000000000417, 6.207874434857885149 ) ) ;
#1123 = SURFACE_SIDE_STYLE ('',( #6779 ) ) ;
#1124 = CARTESIAN_POINT ( 'NONE',  ( -3.399999999999925748, 0.3000000000000003775, 4.500000000000022204 ) ) ;
#1125 = LINE ( 'NONE', #3230, #2891 ) ;
#1126 = ORIENTED_EDGE ( 'NONE', *, *, #5664, .F. ) ;
#1127 = COLOUR_RGB ( '',0.8980392156862745390, 0.8980392156862745390, 0.8980392156862745390 ) ;
#1128 = CARTESIAN_POINT ( 'NONE',  ( 1.700000000000017719, -0.2999999999999999334, 2.499999999999988010 ) ) ;
#1129 = ADVANCED_FACE ( 'NONE', ( #8340 ), #3607, .T. ) ;
#1130 = AXIS2_PLACEMENT_3D ( 'NONE', #2855, #731, #2812 ) ;
#1131 = VERTEX_POINT ( 'NONE', #9084 ) ;
#1132 = CARTESIAN_POINT ( 'NONE',  ( 0.9743589743589740060, -1.469999999999999973, 5.869591346153834266 ) ) ;
#1133 = VERTEX_POINT ( 'NONE', #1392 ) ;
#1134 = DIRECTION ( 'NONE',  ( 1.000000000000000000, 0.000000000000000000, 0.000000000000000000 ) ) ;
#1135 = CARTESIAN_POINT ( 'NONE',  ( 0.9449533735282242830, -2.799999999999999822, 5.658244659133383259 ) ) ;
#1136 = AXIS2_PLACEMENT_3D ( 'NONE', #5846, #176, #5095 ) ;
#1137 = LINE ( 'NONE', #3949, #6493 ) ;
#1138 = VECTOR ( 'NONE', #8937, 1000.000000000000000 ) ;
#1139 = EDGE_CURVE ( 'NONE', #7559, #8909, #2777, .T. ) ;
#1140 = UNCERTAINTY_MEASURE_WITH_UNIT (LENGTH_MEASURE( 1.000000000000000082E-05 ), #2946, 'distance_accuracy_value', 'NONE');
#1141 = CARTESIAN_POINT ( 'NONE',  ( -2.611570056512652727, -2.799999999999999378, 6.218883159266130889 ) ) ;
#1142 = VERTEX_POINT ( 'NONE', #4896 ) ;
#1143 = EDGE_CURVE ( 'NONE', #7309, #3350, #7702, .T. ) ;
#1144 = CARTESIAN_POINT ( 'NONE',  ( 1.914663461538461231, -2.799999999999999822, 5.666666666666654528 ) ) ;
#1145 = DIRECTION ( 'NONE',  ( -1.000000000000000000, 0.000000000000000000, 6.982962677686266711E-15 ) ) ;
#1146 = SURFACE_STYLE_USAGE ( .BOTH. , #2549 ) ;
#1147 = ORIENTED_EDGE ( 'NONE', *, *, #6594, .F. ) ;
#1148 = FILL_AREA_STYLE ('',( #6034 ) ) ;
#1149 = CARTESIAN_POINT ( 'NONE',  ( 2.900000000000003908, -0.2999999999999999334, 0.4999999999999792943 ) ) ;
#1150 = VERTEX_POINT ( 'NONE', #17 ) ;
#1151 = CARTESIAN_POINT ( 'NONE',  ( -1.943885615088453145, -2.799999999999999822, 5.381075812324907837 ) ) ;
#1152 = LINE ( 'NONE', #2411, #1308 ) ;
#1153 = LINE ( 'NONE', #7495, #2486 ) ;
#1154 =( NAMED_UNIT ( * ) SI_UNIT ( $, .STERADIAN. ) SOLID_ANGLE_UNIT ( ) );
#1155 = CARTESIAN_POINT ( 'NONE',  ( -2.333409364274580788, -2.799999999999999378, 6.190016958015402970 ) ) ;
#1156 = CARTESIAN_POINT ( 'NONE',  ( -2.490898764438765678, -1.470000000000000417, 6.243373387294326449 ) ) ;
#1157 = DIRECTION ( 'NONE',  ( 1.000000000000000000, 0.000000000000000000, -6.982962677686266711E-15 ) ) ;
#1158 = DIRECTION ( 'NONE',  ( -1.000000000000000000, 0.000000000000000000, -0.000000000000000000 ) ) ;
#1159 = VECTOR ( 'NONE', #1721, 1000.000000000000000 ) ;
#1160 = VERTEX_POINT ( 'NONE', #2820 ) ;
#1161 = LINE ( 'NONE', #1791, #4248 ) ;
#1162 = DIRECTION ( 'NONE',  ( 0.000000000000000000, 1.000000000000000000, 0.000000000000000000 ) ) ;
#1163 = CARTESIAN_POINT ( 'NONE',  ( -2.551282051282051544, -2.799999999999998934, 6.102564102564091542 ) ) ;
#1164 = DIRECTION ( 'NONE',  ( 0.000000000000000000, 1.000000000000000000, 0.000000000000000000 ) ) ;
#1165 = DIRECTION ( 'NONE',  ( -1.000000000000000000, 0.000000000000000000, 6.982962677686266711E-15 ) ) ;
#1166 = CARTESIAN_POINT ( 'NONE',  ( 5.990434922004914346E-16, 1.500000000000000000, 0.08578643762692690633 ) ) ;
#1167 = DIRECTION ( 'NONE',  ( -0.000000000000000000, -1.000000000000000000, -0.000000000000000000 ) ) ;
#1168 = CARTESIAN_POINT ( 'NONE',  ( 0.02564102564102518564, -1.469999999999999973, 5.692307692307680966 ) ) ;
#1169 = DIRECTION ( 'NONE',  ( -1.000000000000000000, 0.000000000000000000, 6.982962677686266711E-15 ) ) ;
#1170 = LINE ( 'NONE', #5311, #2409 ) ;
#1171 = AXIS2_PLACEMENT_3D ( 'NONE', #5905, #6000, #5293 ) ;
#1172 = ORIENTED_EDGE ( 'NONE', *, *, #7872, .T. ) ;
#1173 = DIRECTION ( 'NONE',  ( 0.06651901052377376389, 0.000000000000000000, -0.9977851578566089286 ) ) ;
#1174 = EDGE_LOOP ( 'NONE', ( #856, #501, #3904, #2133 ) ) ;
#1175 = ORIENTED_EDGE ( 'NONE', *, *, #7468, .F. ) ;
#1176 =( GEOMETRIC_REPRESENTATION_CONTEXT ( 3 ) GLOBAL_UNCERTAINTY_ASSIGNED_CONTEXT ( ( #2296 ) ) GLOBAL_UNIT_ASSIGNED_CONTEXT ( ( #2183, #2972, #3675 ) ) REPRESENTATION_CONTEXT ( 'NONE', 'WORKASPACE' ) );
#1177 = SURFACE_STYLE_FILL_AREA ( #4045 ) ;
#1178 = VECTOR ( 'NONE', #3327, 1000.000000000000000 ) ;
#1179 = ORIENTED_EDGE ( 'NONE', *, *, #1589, .T. ) ;
#1180 = FILL_AREA_STYLE ('',( #7476 ) ) ;
#1181 = CARTESIAN_POINT ( 'NONE',  ( 0.6525150140712815405, -2.800000000000000266, 5.487329730568495378 ) ) ;
#1182 = CARTESIAN_POINT ( 'NONE',  ( 1.979379456034673357, -1.470000000000001306, 6.329618897214461803 ) ) ;
#1183 = FILL_AREA_STYLE_COLOUR ( '', #2373 ) ;
#1184 = CARTESIAN_POINT ( 'NONE',  ( -2.500802452075058468, -1.470000000000000417, 5.635761026738703272 ) ) ;
#1185 =( GEOMETRIC_REPRESENTATION_CONTEXT ( 3 ) GLOBAL_UNCERTAINTY_ASSIGNED_CONTEXT ( ( #483 ) ) GLOBAL_UNIT_ASSIGNED_CONTEXT ( ( #318, #5998, #2460 ) ) REPRESENTATION_CONTEXT ( 'NONE', 'WORKASPACE' ) );
#1186 = CARTESIAN_POINT ( 'NONE',  ( 0.9703951030588549020, -1.469999999999999529, 5.773662329412028171 ) ) ;
#1187 = CARTESIAN_POINT ( 'NONE',  ( -2.705008830190357649, -1.469999999999999973, 5.869788752470309845 ) ) ;
#1188 = EDGE_LOOP ( 'NONE', ( #1996, #4062, #5941, #6057 ) ) ;
#1189 = PLANE ( 'NONE',  #15 ) ;
#1190 = SURFACE_STYLE_USAGE ( .BOTH. , #3301 ) ;
#1191 = ADVANCED_FACE ( 'NONE', ( #2117 ), #4936, .F. ) ;
#1192 = VECTOR ( 'NONE', #7662, 1000.000000000000000 ) ;
#1193 = COLOUR_RGB ( '',0.1019607843137254888, 0.1019607843137254888, 0.1019607843137254888 ) ;
#1194 = CARTESIAN_POINT ( 'NONE',  ( -4.999999999999982236, 0.3000000000000003775, -3.499999999999965361 ) ) ;
#1195 = DIRECTION ( 'NONE',  ( -4.937700262164536209E-15, -0.7071067811865467956, -0.7071067811865483499 ) ) ;
#1196 = ORIENTED_EDGE ( 'NONE', *, *, #3567, .T. ) ;
#1197 = CARTESIAN_POINT ( 'NONE',  ( -2.578816962407834978, -2.800000000000000266, 5.503266592686286707 ) ) ;
#1198 = CARTESIAN_POINT ( 'NONE',  ( 2.005756048277413495, -1.469999999999999973, 5.670404977662644619 ) ) ;
#1199 = CARTESIAN_POINT ( 'NONE',  ( 0.5602621255215302076, -1.469999999999999529, 5.695989257692359864 ) ) ;
#1200 = FILL_AREA_STYLE ('',( #4713 ) ) ;
#1201 = ORIENTED_EDGE ( 'NONE', *, *, #5131, .T. ) ;
#1202 = PRESENTATION_LAYER_ASSIGNMENT (  '', '', ( #8544 ) ) ;
#1203 =( LENGTH_UNIT ( ) NAMED_UNIT ( * ) SI_UNIT ( .MILLI., .METRE. ) );
#1204 = PLANE ( 'NONE',  #6807 ) ;
#1205 = ADVANCED_FACE ( 'NONE', ( #3772 ), #5893, .T. ) ;
#1206 = ORIENTED_EDGE ( 'NONE', *, *, #509, .T. ) ;
#1207 = DIRECTION ( 'NONE',  ( -0.000000000000000000, -1.000000000000000000, 0.000000000000000000 ) ) ;
#1208 = PRESENTATION_LAYER_ASSIGNMENT (  '', '', ( #6063 ) ) ;
#1209 = FILL_AREA_STYLE_COLOUR ( '', #7530 ) ;
#1210 = CARTESIAN_POINT ( 'NONE',  ( 0.9692117785870224544, -2.799999999999999378, 5.760753779863325263 ) ) ;
#1211 = DIRECTION ( 'NONE',  ( -1.000000000000000000, 0.000000000000000000, 6.982962677686266711E-15 ) ) ;
#1212 = DIRECTION ( 'NONE',  ( -6.982962677686266711E-15, 0.000000000000000000, -1.000000000000000000 ) ) ;
#1213 = CARTESIAN_POINT ( 'NONE',  ( -2.514732133088120491, -1.469999999999999529, 5.631333225875626347 ) ) ;
#1214 = LINE ( 'NONE', #517, #6985 ) ;
#1215 = DIRECTION ( 'NONE',  ( 6.982962677686266711E-15, 0.000000000000000000, 1.000000000000000000 ) ) ;
#1216 = CARTESIAN_POINT ( 'NONE',  ( 3.400000000010832579, 0.3000000000000003775, 1.399999999994326672 ) ) ;
#1217 = COLOUR_RGB ( '',0.1019607843137254888, 0.1019607843137254888, 0.1019607843137254888 ) ;
#1218 = AXIS2_PLACEMENT_3D ( 'NONE', #5465, #8211, #6791 ) ;
#1219 = CARTESIAN_POINT ( 'NONE',  ( -1.747228903727698679, -1.470000000000001306, 5.349987940985058366 ) ) ;
#1220 = ORIENTED_EDGE ( 'NONE', *, *, #6404, .F. ) ;
#1221 = DIRECTION ( 'NONE',  ( 4.937700262164529898E-15, -0.7071067811865477948, 0.7071067811865473507 ) ) ;
#1222 = ORIENTED_EDGE ( 'NONE', *, *, #2346, .T. ) ;
#1223 = STYLED_ITEM ( 'NONE', ( #1935 ), #1018 ) ;
#1224 = CARTESIAN_POINT ( 'NONE',  ( 0.9000000000000170086, 0.1480970388563068729, 2.427638892431812856 ) ) ;
#1225 = EDGE_LOOP ( 'NONE', ( #8208, #3677, #2901, #2978 ) ) ;
#1226 = LINE ( 'NONE', #5515, #8281 ) ;
#1227 = EDGE_CURVE ( 'NONE', #4056, #2847, #5762, .T. ) ;
#1228 = EDGE_LOOP ( 'NONE', ( #1671, #4346, #4571, #3729 ) ) ;
#1229 = EDGE_CURVE ( 'NONE', #3359, #6849, #4574, .T. ) ;
#1230 = CARTESIAN_POINT ( 'NONE',  ( 0.7783931002444611780, -1.469999999999999973, 5.774023261829495546 ) ) ;
#1231 = PLANE ( 'NONE',  #336 ) ;
#1232 = ORIENTED_EDGE ( 'NONE', *, *, #6228, .T. ) ;
#1233 = CARTESIAN_POINT ( 'NONE',  ( 2.900000000000003908, 0.3000000000000003775, 0.4999999999999792943 ) ) ;
#1234 = UNCERTAINTY_MEASURE_WITH_UNIT (LENGTH_MEASURE( 1.000000000000000082E-05 ), #7130, 'distance_accuracy_value', 'NONE');
#1235 = AXIS2_PLACEMENT_3D ( 'NONE', #5219, #941, #981 ) ;
#1236 = CARTESIAN_POINT ( 'NONE',  ( 2.018408456987009991, -2.799999999999998490, 5.502756934279689816 ) ) ;
#1237 = VERTEX_POINT ( 'NONE', #7341 ) ;
#1238 = EDGE_CURVE ( 'NONE', #1237, #5466, #1450, .T. ) ;
#1239 = CARTESIAN_POINT ( 'NONE',  ( 9.776147748721320883E-15, -0.2999999999999999334, 1.399999999994350208 ) ) ;
#1240 = CARTESIAN_POINT ( 'NONE',  ( 0.7820512820512818264, -2.799999999999999378, 5.852764423076911804 ) ) ;
#1241 = PRESENTATION_LAYER_ASSIGNMENT (  '', '', ( #6817 ) ) ;
#1242 = CARTESIAN_POINT ( 'NONE',  ( -2.205984760574570824, -2.800000000000000266, 5.915472362663644290 ) ) ;
#1243 = EDGE_LOOP ( 'NONE', ( #6303, #2487 ) ) ;
#1244 = CARTESIAN_POINT ( 'NONE',  ( 2.564102564102564319, -2.799999999999999822, 5.499999999999988454 ) ) ;
#1245 = CARTESIAN_POINT ( 'NONE',  ( 3.212162831735682687E-14, -2.799999999999999822, 4.599999999999999645 ) ) ;
#1246 = LINE ( 'NONE', #5238, #6134 ) ;
#1247 = DIRECTION ( 'NONE',  ( -1.000000000000000000, 0.000000000000000000, 0.000000000000000000 ) ) ;
#1248 = ORIENTED_EDGE ( 'NONE', *, *, #1681, .F. ) ;
#1249 = EDGE_CURVE ( 'NONE', #8312, #7899, #3689, .T. ) ;
#1250 = CARTESIAN_POINT ( 'NONE',  ( 5.000000000000096811, -1.500000000000000000, 13.89999999999996483 ) ) ;
#1251 = LINE ( 'NONE', #3413, #1030 ) ;
#1252 = CARTESIAN_POINT ( 'NONE',  ( -2.645738101628084760, -1.469999999999999973, 5.672692097650087639 ) ) ;
#1253 = ORIENTED_EDGE ( 'NONE', *, *, #78, .F. ) ;
#1254 = CARTESIAN_POINT ( 'NONE',  ( 2.371793318603844458, -1.470000000000000417, 5.793186951676477570 ) ) ;
#1255 = CARTESIAN_POINT ( 'NONE',  ( 1.700000000000031486, 0.3000000000000003775, 4.499999999999987566 ) ) ;
#1256 = CARTESIAN_POINT ( 'NONE',  ( 5.167392381487837366E-14, -1.499999999999999778, 7.400000000000000355 ) ) ;
#1257 = EDGE_LOOP ( 'NONE', ( #6257, #4246, #1222, #5707 ) ) ;
#1258 = CARTESIAN_POINT ( 'NONE',  ( -1.699999999989125321, -0.2999999999999999334, 1.399999999994362199 ) ) ;
#1259 = CARTESIAN_POINT ( 'NONE',  ( -2.413883325406293245, -1.469999999999999973, 5.735676234337750756 ) ) ;
#1260 = VECTOR ( 'NONE', #7535, 1000.000000000000000 ) ;
#1261 = EDGE_CURVE ( 'NONE', #4731, #6078, #7807, .T. ) ;
#1262 = DIRECTION ( 'NONE',  ( 0.000000000000000000, 0.000000000000000000, -1.000000000000000000 ) ) ;
#1263 =( NAMED_UNIT ( * ) PLANE_ANGLE_UNIT ( ) SI_UNIT ( $, .RADIAN. ) );
#1264 = EDGE_CURVE ( 'NONE', #3396, #3220, #5989, .T. ) ;
#1265 = CARTESIAN_POINT ( 'NONE',  ( 0.8000000000000113687, 0.9259144981615089476, 1.649821433126610559 ) ) ;
#1266 = CARTESIAN_POINT ( 'NONE',  ( 5.000000000000096811, -2.799999999999999822, 13.89999999999996483 ) ) ;
#1267 = CARTESIAN_POINT ( 'NONE',  ( -2.099999999999953904, -0.2999999999999999334, 0.5000000000000142109 ) ) ;
#1268 = FACE_OUTER_BOUND ( 'NONE', #8031, .T. ) ;
#1269 = PRESENTATION_STYLE_ASSIGNMENT (( #1805 ) ) ;
#1270 = VERTEX_POINT ( 'NONE', #8076 ) ;
#1271 = DIRECTION ( 'NONE',  ( 0.7071067811865524577, 0.000000000000000000, 0.7071067811865426878 ) ) ;
#1272 = ORIENTED_EDGE ( 'NONE', *, *, #1318, .T. ) ;
#1273 = MECHANICAL_DESIGN_GEOMETRIC_PRESENTATION_REPRESENTATION (  '', ( #7757 ), #6865 ) ;
#1274 = CARTESIAN_POINT ( 'NONE',  ( -1.699999999989652233, 0.3000000000000003775, 2.499999999994362287 ) ) ;
#1275 = ORIENTED_EDGE ( 'NONE', *, *, #3544, .F. ) ;
#1276 = ORIENTED_EDGE ( 'NONE', *, *, #6919, .T. ) ;
#1277 = FACE_OUTER_BOUND ( 'NONE', #3505, .T. ) ;
#1278 = ORIENTED_EDGE ( 'NONE', *, *, #6868, .F. ) ;
#1279 =( GEOMETRIC_REPRESENTATION_CONTEXT ( 3 ) GLOBAL_UNCERTAINTY_ASSIGNED_CONTEXT ( ( #6546 ) ) GLOBAL_UNIT_ASSIGNED_CONTEXT ( ( #6075, #5384, #7855 ) ) REPRESENTATION_CONTEXT ( 'NONE', 'WORKASPACE' ) );
#1280 = CARTESIAN_POINT ( 'NONE',  ( -0.7999999999999678479, 0.3000000000000003775, 4.600000000000004974 ) ) ;
#1281 = CARTESIAN_POINT ( 'NONE',  ( 4.000000000000096811, -1.500000000000000000, 13.89999999999997193 ) ) ;
#1282 = ORIENTED_EDGE ( 'NONE', *, *, #714, .T. ) ;
#1283 = DIRECTION ( 'NONE',  ( 0.000000000000000000, 0.000000000000000000, 1.000000000000000000 ) ) ;
#1284 = SURFACE_STYLE_FILL_AREA ( #4792 ) ;
#1285 = CARTESIAN_POINT ( 'NONE',  ( -2.544070512820513663, -2.799999999999999378, 5.628205128205117092 ) ) ;
#1286 = CARTESIAN_POINT ( 'NONE',  ( 1.059205962769847383E-13, -1.499999999999999778, 15.20000000000000107 ) ) ;
#1287 = VECTOR ( 'NONE', #1923, 1000.000000000000000 ) ;
#1288 = SURFACE_STYLE_USAGE ( .BOTH. , #9113 ) ;
#1289 = CARTESIAN_POINT ( 'NONE',  ( -2.696716918112601391, -1.469999999999999529, 5.778559901765237150 ) ) ;
#1290 = ORIENTED_EDGE ( 'NONE', *, *, #4504, .F. ) ;
#1291 = CARTESIAN_POINT ( 'NONE',  ( 0.5942973615323294823, -2.800000000000000711, 5.667336664279853053 ) ) ;
#1292 = VECTOR ( 'NONE', #5772, 1000.000000000000000 ) ;
#1293 = VECTOR ( 'NONE', #409, 1000.000000000000000 ) ;
#1294 = LINE ( 'NONE', #644, #5764 ) ;
#1295 = EDGE_LOOP ( 'NONE', ( #169, #1220, #3066, #3870 ) ) ;
#1296 = CARTESIAN_POINT ( 'NONE',  ( -2.011746619523451240, -2.799999999999999378, 5.359082679887531064 ) ) ;
#1297 = LINE ( 'NONE', #651, #8529 ) ;
#1298 = ORIENTED_EDGE ( 'NONE', *, *, #4819, .T. ) ;
#1299 = CARTESIAN_POINT ( 'NONE',  ( 2.062488106113114839, -1.469999999999999973, 6.492816232811795096 ) ) ;
#1300 = SURFACE_STYLE_USAGE ( .BOTH. , #8286 ) ;
#1301 = CARTESIAN_POINT ( 'NONE',  ( -0.7999999999999760636, 0.3000000000000003775, 3.414213562373157984 ) ) ;
#1302 = ORIENTED_EDGE ( 'NONE', *, *, #8151, .F. ) ;
#1303 = FILL_AREA_STYLE_COLOUR ( '', #3637 ) ;
#1304 = CARTESIAN_POINT ( 'NONE',  ( 0.2179487179487177573, -1.469999999999999973, 5.692307692307680966 ) ) ;
#1305 =( LENGTH_UNIT ( ) NAMED_UNIT ( * ) SI_UNIT ( .MILLI., .METRE. ) );
#1306 = CARTESIAN_POINT ( 'NONE',  ( 0.9449533735282242830, -2.799999999999999378, 5.658244659133383259 ) ) ;
#1307 = LINE ( 'NONE', #4227, #2203 ) ;
#1308 = VECTOR ( 'NONE', #6576, 1000.000000000000000 ) ;
#1309 = DIRECTION ( 'NONE',  ( 0.000000000000000000, -1.000000000000000000, 0.000000000000000000 ) ) ;
#1310 = SURFACE_STYLE_FILL_AREA ( #2787 ) ;
#1311 = DIRECTION ( 'NONE',  ( -0.000000000000000000, -1.000000000000000000, -0.000000000000000000 ) ) ;
#1312 = LINE ( 'NONE', #5644, #1025 ) ;
#1313 = CARTESIAN_POINT ( 'NONE',  ( 0.8000000000000099254, 1.989949493661167468, 1.434314575050810170 ) ) ;
#1314 = ORIENTED_EDGE ( 'NONE', *, *, #9097, .T. ) ;
#1315 = UNCERTAINTY_MEASURE_WITH_UNIT (LENGTH_MEASURE( 1.000000000000000082E-05 ), #3475, 'distance_accuracy_value', 'NONE');
#1316 = EDGE_CURVE ( 'NONE', #1554, #8444, #4096, .T. ) ;
#1317 = FILL_AREA_STYLE_COLOUR ( '', #1086 ) ;
#1318 = EDGE_CURVE ( 'NONE', #1590, #5848, #7414, .T. ) ;
#1319 = VERTEX_POINT ( 'NONE', #3797 ) ;
#1320 = EDGE_CURVE ( 'NONE', #1969, #3728, #3937, .T. ) ;
#1321 = FILL_AREA_STYLE_COLOUR ( '', #6141 ) ;
#1322 = VERTEX_POINT ( 'NONE', #8010 ) ;
#1323 = ORIENTED_EDGE ( 'NONE', *, *, #7345, .T. ) ;
#1324 = PRESENTATION_STYLE_ASSIGNMENT (( #6788 ) ) ;
#1325 = VERTEX_POINT ( 'NONE', #933 ) ;
#1326 = FACE_OUTER_BOUND ( 'NONE', #4427, .T. ) ;
#1327 = ORIENTED_EDGE ( 'NONE', *, *, #3334, .T. ) ;
#1328 = DIRECTION ( 'NONE',  ( 1.000000000000000000, 0.000000000000000000, -6.982962677686266711E-15 ) ) ;
#1329 = ADVANCED_FACE ( 'NONE', ( #2300 ), #1406, .T. ) ;
#1330 = SURFACE_STYLE_FILL_AREA ( #533 ) ;
#1331 =( GEOMETRIC_REPRESENTATION_CONTEXT ( 3 ) GLOBAL_UNCERTAINTY_ASSIGNED_CONTEXT ( ( #569 ) ) GLOBAL_UNIT_ASSIGNED_CONTEXT ( ( #1427, #7853, #6350 ) ) REPRESENTATION_CONTEXT ( 'NONE', 'WORKASPACE' ) );
#1332 = CARTESIAN_POINT ( 'NONE',  ( -4.832712833919727835, 0.2843964381892172266, 4.498885459870692216 ) ) ;
#1333 = ORIENTED_EDGE ( 'NONE', *, *, #2862, .F. ) ;
#1334 = CARTESIAN_POINT ( 'NONE',  ( 0.5516826923076920686, -2.799999999999999822, 5.708934294871783166 ) ) ;
#1335 =( NAMED_UNIT ( * ) PLANE_ANGLE_UNIT ( ) SI_UNIT ( $, .RADIAN. ) );
#1336 = FACE_OUTER_BOUND ( 'NONE', #6617, .T. ) ;
#1337 = CARTESIAN_POINT ( 'NONE',  ( -2.667067340267870623, -1.469999999999999973, 5.700892130613390840 ) ) ;
#1338 = VECTOR ( 'NONE', #7484, 1000.000000000000000 ) ;
#1339 = ORIENTED_EDGE ( 'NONE', *, *, #80, .F. ) ;
#1340 = LINE ( 'NONE', #6952, #6934 ) ;
#1341 =( NAMED_UNIT ( * ) SI_UNIT ( $, .STERADIAN. ) SOLID_ANGLE_UNIT ( ) );
#1342 = CARTESIAN_POINT ( 'NONE',  ( -0.6885016025641029769, -2.799999999999999822, 5.897435897435885366 ) ) ;
#1343 = STYLED_ITEM ( 'NONE', ( #6372 ), #3153 ) ;
#1344 = CARTESIAN_POINT ( 'NONE',  ( 5.000000000000031086, -0.2999999999999999334, 4.499999999999965361 ) ) ;
#1345 = ORIENTED_EDGE ( 'NONE', *, *, #8254, .F. ) ;
#1346 = LINE ( 'NONE', #6131, #3070 ) ;
#1347 =( NAMED_UNIT ( * ) SI_UNIT ( $, .STERADIAN. ) SOLID_ANGLE_UNIT ( ) );
#1348 = ADVANCED_FACE ( 'NONE', ( #7367 ), #5974, .T. ) ;
#1349 = VERTEX_POINT ( 'NONE', #423 ) ;
#1350 = CARTESIAN_POINT ( 'NONE',  ( -1.699999999999967981, -0.2999999999999999334, 4.600000000000012079 ) ) ;
#1351 = DIRECTION ( 'NONE',  ( -6.982962677686266711E-15, 0.000000000000000000, -1.000000000000000000 ) ) ;
#1352 = FACE_OUTER_BOUND ( 'NONE', #3410, .T. ) ;
#1353 = CARTESIAN_POINT ( 'NONE',  ( -2.704778365146243146, -2.799999999999999378, 5.851606420204801928 ) ) ;
#1354 = DIRECTION ( 'NONE',  ( -6.982962677686266711E-15, 0.000000000000000000, -1.000000000000000000 ) ) ;
#1355 = PLANE ( 'NONE',  #8581 ) ;
#1356 = SURFACE_STYLE_USAGE ( .BOTH. , #7512 ) ;
#1357 = DIRECTION ( 'NONE',  ( 1.000000000000000000, 0.000000000000000000, 0.000000000000000000 ) ) ;
#1358 = SURFACE_SIDE_STYLE ('',( #614 ) ) ;
#1359 = DIRECTION ( 'NONE',  ( 0.000000000000000000, 1.000000000000000000, 0.000000000000000000 ) ) ;
#1360 = COLOUR_RGB ( '',0.8980392156862745390, 0.8980392156862745390, 0.8980392156862745390 ) ;
#1361 = DIRECTION ( 'NONE',  ( -1.000000000000000000, 0.000000000000000000, 6.982962677686266711E-15 ) ) ;
#1362 = PRESENTATION_LAYER_ASSIGNMENT (  '', '', ( #6787 ) ) ;
#1363 = DIRECTION ( 'NONE',  ( -0.000000000000000000, -1.000000000000000000, -0.000000000000000000 ) ) ;
#1364 = EDGE_LOOP ( 'NONE', ( #8635, #3055, #1919, #4145, #909, #1855, #6661 ) ) ;
#1365 = ADVANCED_FACE ( 'NONE', ( #3227 ), #4860, .T. ) ;
#1366 = SURFACE_STYLE_FILL_AREA ( #8307 ) ;
#1367 = EDGE_LOOP ( 'NONE', ( #1873, #3766, #3895, #3338 ) ) ;
#1368 = STYLED_ITEM ( 'NONE', ( #2913 ), #5339 ) ;
#1369 = COLOUR_RGB ( '',0.1019607843137254888, 0.1019607843137254888, 0.1019607843137254888 ) ;
#1370 = ORIENTED_EDGE ( 'NONE', *, *, #6873, .T. ) ;
#1371 = FACE_OUTER_BOUND ( 'NONE', #4735, .T. ) ;
#1372 = DIRECTION ( 'NONE',  ( 6.982962677686269077E-15, 0.000000000000000000, 1.000000000000000000 ) ) ;
#1373 = VERTEX_POINT ( 'NONE', #1845 ) ;
#1374 = DIRECTION ( 'NONE',  ( -1.000000000000000000, 0.000000000000000000, 6.982962677686266711E-15 ) ) ;
#1375 = COLOUR_RGB ( '',0.8980392156862745390, 0.8980392156862745390, 0.8980392156862745390 ) ;
#1376 = PRESENTATION_STYLE_ASSIGNMENT (( #2703 ) ) ;
#1377 = VECTOR ( 'NONE', #7967, 1000.000000000000000 ) ;
#1378 = LINE ( 'NONE', #2845, #4254 ) ;
#1379 = EDGE_CURVE ( 'NONE', #2490, #8315, #5408, .T. ) ;
#1380 = CARTESIAN_POINT ( 'NONE',  ( -2.563217847720816067, -2.799999999999999822, 5.628806477441380629 ) ) ;
#1381 =( LENGTH_UNIT ( ) NAMED_UNIT ( * ) SI_UNIT ( .MILLI., .METRE. ) );
#1382 = VERTEX_POINT ( 'NONE', #6145 ) ;
#1383 = DIRECTION ( 'NONE',  ( 0.000000000000000000, 0.000000000000000000, -1.000000000000000000 ) ) ;
#1384 = DIRECTION ( 'NONE',  ( 1.000000000000000000, 0.000000000000000000, -6.982962677686266711E-15 ) ) ;
#1385 =( GEOMETRIC_REPRESENTATION_CONTEXT ( 3 ) GLOBAL_UNCERTAINTY_ASSIGNED_CONTEXT ( ( #2213 ) ) GLOBAL_UNIT_ASSIGNED_CONTEXT ( ( #7023, #2964, #4374 ) ) REPRESENTATION_CONTEXT ( 'NONE', 'WORKASPACE' ) );
#1386 = ORIENTED_EDGE ( 'NONE', *, *, #128, .T. ) ;
#1387 = DIRECTION ( 'NONE',  ( -0.000000000000000000, -1.000000000000000000, -0.000000000000000000 ) ) ;
#1388 = FILL_AREA_STYLE ('',( #5629 ) ) ;
#1389 = EDGE_LOOP ( 'NONE', ( #1522, #3309, #8670, #7481, #3833, #3231, #6505, #2191, #1724 ) ) ;
#1390 = CARTESIAN_POINT ( 'NONE',  ( -2.099999999999953904, 0.3000000000000003775, 0.5000000000000142109 ) ) ;
#1391 = CARTESIAN_POINT ( 'NONE',  ( 0.8000000000000238032, 1.000000000000000444, 3.414213562373142441 ) ) ;
#1392 = CARTESIAN_POINT ( 'NONE',  ( -4.699999999999906031, 1.700000000000000622, 13.60000000000003340 ) ) ;
#1393 = AXIS2_PLACEMENT_3D ( 'NONE', #5655, #718, #1458 ) ;
#1394 = EDGE_LOOP ( 'NONE', ( #2220, #2837, #769, #381 ) ) ;
#1395 = DIRECTION ( 'NONE',  ( -1.000000000000000000, 0.000000000000000000, 6.982962677686266711E-15 ) ) ;
#1396 = EDGE_CURVE ( 'NONE', #7908, #52, #5506, .T. ) ;
#1397 = PLANE ( 'NONE',  #5964 ) ;
#1398 = SURFACE_SIDE_STYLE ('',( #5592 ) ) ;
#1399 = CARTESIAN_POINT ( 'NONE',  ( 0.8814922421803338404, -2.799999999999998934, 5.568057574441658275 ) ) ;
#1400 = PRODUCT_RELATED_PRODUCT_CATEGORY ( 'part', '', ( #3087 ) ) ;
#1401 = CARTESIAN_POINT ( 'NONE',  ( -2.703135243588742576, -2.799999999999999822, 5.825344470509215888 ) ) ;
#1402 = CARTESIAN_POINT ( 'NONE',  ( 2.334841201440014835, -2.800000000000000266, 5.701788327369332166 ) ) ;
#1403 = DIRECTION ( 'NONE',  ( 1.000000000000000000, 0.000000000000000000, 0.000000000000000000 ) ) ;
#1404 = FACE_OUTER_BOUND ( 'NONE', #5194, .T. ) ;
#1405 = LINE ( 'NONE', #115, #3825 ) ;
#1406 = B_SPLINE_SURFACE_WITH_KNOTS ( 'NONE', 3, 1, ( 
 ( #287, #6734 ),
 ( #249, #5120 ),
 ( #6592, #2381 ),
 ( #3092, #6637 ),
 ( #4500, #7966 ),
 ( #2431, #7273 ),
 ( #334, #3003 ),
 ( #3139, #5916 ),
 ( #1620, #3049 ),
 ( #8706, #7923 ),
 ( #1122, #4455 ),
 ( #8104, #1704 ),
 ( #1659, #7231 ),
 ( #4641, #5875 ),
 ( #8657, #6686 ),
 ( #5260, #4551 ),
 ( #5962, #8054 ),
 ( #1751, #6010 ),
 ( #4598, #378 ) ),
 .UNSPECIFIED., .F., .F., .F.,
 ( 4, 1, 1, 1, 1, 1, 1, 1, 1, 1, 1, 1, 1, 1, 1, 1, 4 ),
 ( 2, 2 ),
 ( 0.000000000000000000, 0.06987475604711250454, 0.1353605667671077539, 0.1964987510024872874, 0.2538784601479327496, 0.3075274503363293888, 0.3570367068192334958, 0.4031010463383038478, 0.4452807002517037427, 0.5232168988621624939, 0.5960668013893821726, 0.6640751781809338672, 0.7291586458483728661, 0.7933280902254810085, 0.8592395028557613390, 0.9276737124130605139, 1.000000000000000000 ),
 ( 0.000000000000000000, 1.000000000000000000 ),
 .UNSPECIFIED. ) ;
#1407 = STYLED_ITEM ( 'NONE', ( #6275 ), #1129 ) ;
#1408 = STYLED_ITEM ( 'NONE', ( #4180 ), #1429 ) ;
#1409 = CARTESIAN_POINT ( 'NONE',  ( 2.366987179487179294, -1.469999999999999973, 5.777644230769219291 ) ) ;
#1410 = UNCERTAINTY_MEASURE_WITH_UNIT (LENGTH_MEASURE( 1.000000000000000082E-05 ), #7799, 'distance_accuracy_value', 'NONE');
#1411 = FILL_AREA_STYLE_COLOUR ( '', #5324 ) ;
#1412 = EDGE_LOOP ( 'NONE', ( #7244, #5363, #3764, #1628 ) ) ;
#1414 = ORIENTED_EDGE ( 'NONE', *, *, #1264, .T. ) ;
#1413 = PRESENTATION_LAYER_ASSIGNMENT (  '', '', ( #5372 ) ) ;
#1415 = FACE_OUTER_BOUND ( 'NONE', #2186, .T. ) ;
#1416 = ORIENTED_EDGE ( 'NONE', *, *, #3527, .F. ) ;
#1417 =( NAMED_UNIT ( * ) SI_UNIT ( $, .STERADIAN. ) SOLID_ANGLE_UNIT ( ) );
#1418 = PRESENTATION_STYLE_ASSIGNMENT (( #5037 ) ) ;
#1419 = ORIENTED_EDGE ( 'NONE', *, *, #6628, .T. ) ;
#1420 = MECHANICAL_DESIGN_GEOMETRIC_PRESENTATION_REPRESENTATION (  '', ( #225 ), #6697 ) ;
#1421 = SURFACE_STYLE_USAGE ( .BOTH. , #765 ) ;
#1422 = UNCERTAINTY_MEASURE_WITH_UNIT (LENGTH_MEASURE( 1.000000000000000082E-05 ), #4035, 'distance_accuracy_value', 'NONE');
#1423 = CARTESIAN_POINT ( 'NONE',  ( 2.371793318603844458, -1.470000000000000417, 5.793186951676477570 ) ) ;
#1424 = VECTOR ( 'NONE', #5578, 1000.000000000000000 ) ;
#1425 = SURFACE_SIDE_STYLE ('',( #2016 ) ) ;
#1426 = VERTEX_POINT ( 'NONE', #2631 ) ;
#1427 =( LENGTH_UNIT ( ) NAMED_UNIT ( * ) SI_UNIT ( .MILLI., .METRE. ) );
#1428 = PRESENTATION_LAYER_ASSIGNMENT (  '', '', ( #821 ) ) ;
#1429 = ADVANCED_FACE ( 'NONE', ( #1268 ), #2529, .F. ) ;
#1430 = EDGE_LOOP ( 'NONE', ( #2883, #455, #8271, #6203 ) ) ;
#1431 = PLANE ( 'NONE',  #7372 ) ;
#1432 = EDGE_CURVE ( 'NONE', #415, #1590, #6778, .T. ) ;
#1433 = EDGE_CURVE ( 'NONE', #4088, #7257, #8199, .T. ) ;
#1434 =( NAMED_UNIT ( * ) SI_UNIT ( $, .STERADIAN. ) SOLID_ANGLE_UNIT ( ) );
#1435 = CARTESIAN_POINT ( 'NONE',  ( 2.203847879872439908, -1.470000000000000417, 6.054102295461954775 ) ) ;
#1436 = EDGE_LOOP ( 'NONE', ( #7593, #2076, #1643, #4474 ) ) ;
#1437 = CARTESIAN_POINT ( 'NONE',  ( -4.999999999999925393, -0.2999999999999999334, 4.599999999999695888 ) ) ;
#1438 = CARTESIAN_POINT ( 'NONE',  ( -2.500957731100118764, -1.469999999999999973, 5.487533586670056529 ) ) ;
#1439 = CARTESIAN_POINT ( 'NONE',  ( -1.699999999989129318, -0.2999999999999999334, 0.9000000000108336895 ) ) ;
#1440 = VERTEX_POINT ( 'NONE', #4726 ) ;
#1441 = DIRECTION ( 'NONE',  ( -0.7071067811865524577, 0.000000000000000000, -0.7071067811865426878 ) ) ;
#1442 = CARTESIAN_POINT ( 'NONE',  ( -2.578816962407834978, -2.800000000000000711, 5.503266592686286707 ) ) ;
#1443 = CARTESIAN_POINT ( 'NONE',  ( 2.756410256410256387, -1.469999999999999973, 5.499999999999988454 ) ) ;
#1444 = MECHANICAL_DESIGN_GEOMETRIC_PRESENTATION_REPRESENTATION (  '', ( #1687 ), #6414 ) ;
#1445 = VECTOR ( 'NONE', #7114, 1000.000000000000000 ) ;
#1446 = EDGE_CURVE ( 'NONE', #2304, #5140, #1214, .T. ) ;
#1447 = SURFACE_SIDE_STYLE ('',( #4404 ) ) ;
#1448 = CARTESIAN_POINT ( 'NONE',  ( -2.625442948650920982, -2.799999999999999822, 6.081068969580923245 ) ) ;
#1449 = CARTESIAN_POINT ( 'NONE',  ( 0.7561194990465466281, -1.469999999999999085, 5.499990069081776234 ) ) ;
#1450 = B_SPLINE_CURVE_WITH_KNOTS ( 'NONE', 3,
 ( #7168, #3118, #4435, #8553, #2236, #869, #5942, #7209, #224, #915, #3733, #7254, #6528, #3028, #8732, #3069, #5061, #1565, #7986 ),
 .UNSPECIFIED., .F., .F.,
 ( 4, 1, 1, 1, 1, 1, 1, 1, 1, 1, 1, 1, 1, 1, 1, 1, 4 ),
 ( 0.000000000000000000, 0.06491793738228436583, 0.1264430184700134907, 0.1858787280862191360, 0.2430165727154060540, 0.3024911221532571304, 0.3693637297981691159, 0.4445722554588883435, 0.5291777480802881684, 0.5755169774892702206, 0.6254051839338137242, 0.6788683432357708325, 0.7356051207068704523, 0.7961888432153383377, 0.8601411452603567875, 0.9280644712954970732, 0.9999999999999998890 ),
 .UNSPECIFIED. ) ;
#1451 =( NAMED_UNIT ( * ) PLANE_ANGLE_UNIT ( ) SI_UNIT ( $, .RADIAN. ) );
#1452 = LINE ( 'NONE', #2289, #8983 ) ;
#1453 = DIRECTION ( 'NONE',  ( -1.000000000000000000, 0.000000000000000000, 6.982962677686266711E-15 ) ) ;
#1454 = CARTESIAN_POINT ( 'NONE',  ( -1.699999999999968647, -0.2999999999999999334, 4.500000000000011546 ) ) ;
#1455 = CARTESIAN_POINT ( 'NONE',  ( -2.099999999999925926, -0.2999999999999999334, 4.500000000000014211 ) ) ;
#1456 = ORIENTED_EDGE ( 'NONE', *, *, #9025, .F. ) ;
#1457 = CARTESIAN_POINT ( 'NONE',  ( 0.8000000000000238032, 0.2999999999999999334, 3.414213562373156208 ) ) ;
#1458 = DIRECTION ( 'NONE',  ( -0.7071067811865524577, 0.000000000000000000, -0.7071067811865426878 ) ) ;
#1459 = PRESENTATION_STYLE_ASSIGNMENT (( #8448 ) ) ;
#1460 = VERTEX_POINT ( 'NONE', #1771 ) ;
#1461 = ADVANCED_FACE ( 'NONE', ( #1371 ), #7762, .T. ) ;
#1462 = FACE_OUTER_BOUND ( 'NONE', #3355, .T. ) ;
#1463 =( GEOMETRIC_REPRESENTATION_CONTEXT ( 3 ) GLOBAL_UNCERTAINTY_ASSIGNED_CONTEXT ( ( #5469 ) ) GLOBAL_UNIT_ASSIGNED_CONTEXT ( ( #6660, #1676, #8821 ) ) REPRESENTATION_CONTEXT ( 'NONE', 'WORKASPACE' ) );
#1464 = CARTESIAN_POINT ( 'NONE',  ( 2.396635734119596961, -1.469999999999999529, 5.932141837859732370 ) ) ;
#1465 = CARTESIAN_POINT ( 'NONE',  ( 2.119391025641025106, -1.469999999999999973, 5.521233974358962904 ) ) ;
#1466 = ORIENTED_EDGE ( 'NONE', *, *, #4400, .T. ) ;
#1467 = FILL_AREA_STYLE_COLOUR ( '', #586 ) ;
#1468 = CARTESIAN_POINT ( 'NONE',  ( -1.924777448541828528, -1.469999999999999973, 5.402000876184020584 ) ) ;
#1469 = ORIENTED_EDGE ( 'NONE', *, *, #8830, .F. ) ;
#1470 = CARTESIAN_POINT ( 'NONE',  ( 0.9525240384615379918, -1.469999999999999973, 5.679487179487167303 ) ) ;
#1471 = CARTESIAN_POINT ( 'NONE',  ( -2.141025641025641413, -1.469999999999999973, 6.230769230769219291 ) ) ;
#1472 = VECTOR ( 'NONE', #8550, 1000.000000000000000 ) ;
#1473 = ORIENTED_EDGE ( 'NONE', *, *, #2936, .T. ) ;
#1474 = FILL_AREA_STYLE_COLOUR ( '', #5844 ) ;
#1475 = ADVANCED_FACE ( 'NONE', ( #2053 ), #7718, .T. ) ;
#1476 = EDGE_CURVE ( 'NONE', #945, #8824, #4284, .T. ) ;
#1477 = CARTESIAN_POINT ( 'NONE',  ( -0.8999999999999855893, 1.350178566873438069, 2.074085501838550893 ) ) ;
#1478 = VERTEX_POINT ( 'NONE', #7060 ) ;
#1479 = DIRECTION ( 'NONE',  ( 0.000000000000000000, -1.000000000000000000, 0.000000000000000000 ) ) ;
#1480 = CARTESIAN_POINT ( 'NONE',  ( 0.7362095712441787398, -1.469999999999999973, 5.675434953583292419 ) ) ;
#1481 = LINE ( 'NONE', #4977, #8462 ) ;
#1482 = CARTESIAN_POINT ( 'NONE',  ( -1.699999999989638466, -0.2999999999999999334, 4.500000000000011546 ) ) ;
#1483 = VECTOR ( 'NONE', #7627, 1000.000000000000000 ) ;
#1484 = VECTOR ( 'NONE', #5213, 1000.000000000000000 ) ;
#1485 = LINE ( 'NONE', #848, #3615 ) ;
#1486 = SURFACE_STYLE_USAGE ( .BOTH. , #1398 ) ;
#1487 = CARTESIAN_POINT ( 'NONE',  ( 0.8257876709186183772, -2.800000000000000266, 5.526963360569209449 ) ) ;
#1488 = AXIS2_PLACEMENT_3D ( 'NONE', #3658, #2204, #5069 ) ;
#1489 = CARTESIAN_POINT ( 'NONE',  ( -2.705128205128205288, -2.799999999999999822, 5.605568910256399029 ) ) ;
#1490 = PRESENTATION_LAYER_ASSIGNMENT (  '', '', ( #4732 ) ) ;
#1491 =( LENGTH_UNIT ( ) NAMED_UNIT ( * ) SI_UNIT ( .MILLI., .METRE. ) );
#1492 = CARTESIAN_POINT ( 'NONE',  ( 0.9000000000000115685, 0.9259144981615097247, 1.649821433126609893 ) ) ;
#1493 = CARTESIAN_POINT ( 'NONE',  ( -2.033816795416035550, -1.469999999999999085, 5.359402630901954012 ) ) ;
#1494 = EDGE_CURVE ( 'NONE', #2928, #7862, #7109, .T. ) ;
#1495 = LINE ( 'NONE', #6287, #1292 ) ;
#1496 = SURFACE_SIDE_STYLE ('',( #7796 ) ) ;
#1497 = CARTESIAN_POINT ( 'NONE',  ( 2.127359384213090010, -2.800000000000000266, 6.478633689215124392 ) ) ;
#1498 = UNCERTAINTY_MEASURE_WITH_UNIT (LENGTH_MEASURE( 1.000000000000000082E-05 ), #4836, 'distance_accuracy_value', 'NONE');
#1499 = FILL_AREA_STYLE_COLOUR ( '', #3716 ) ;
#1500 = ORIENTED_EDGE ( 'NONE', *, *, #7478, .F. ) ;
#1501 = EDGE_LOOP ( 'NONE', ( #2438, #4389, #4385, #5516 ) ) ;
#1502 = PRESENTATION_LAYER_ASSIGNMENT (  '', '', ( #616 ) ) ;
#1503 = CARTESIAN_POINT ( 'NONE',  ( -0.7999999999999760636, 1.000000000000000444, 3.414213562373153987 ) ) ;
#1504 = CARTESIAN_POINT ( 'NONE',  ( 0.8000000000000203615, 0.5050252531694130465, 2.919238815542562815 ) ) ;
#1505 = VECTOR ( 'NONE', #8687, 1000.000000000000000 ) ;
#1506 = ORIENTED_EDGE ( 'NONE', *, *, #4968, .F. ) ;
#1507 =( NAMED_UNIT ( * ) PLANE_ANGLE_UNIT ( ) SI_UNIT ( $, .RADIAN. ) );
#1508 = PRESENTATION_LAYER_ASSIGNMENT (  '', '', ( #7952 ) ) ;
#1509 = MANIFOLD_SOLID_BREP ( 'Cortar-Extruir11', #7417 ) ;
#1510 = DIRECTION ( 'NONE',  ( 1.000000000000000000, 0.000000000000000000, -6.982962677686266711E-15 ) ) ;
#1511 = EDGE_CURVE ( 'NONE', #1131, #7576, #2060, .T. ) ;
#1512 = ADVANCED_FACE ( 'NONE', ( #6506 ), #4456, .T. ) ;
#1513 = ORIENTED_EDGE ( 'NONE', *, *, #2936, .F. ) ;
#1514 = FACE_OUTER_BOUND ( 'NONE', #6435, .T. ) ;
#1515 = DIRECTION ( 'NONE',  ( 6.982962677686266711E-15, 0.000000000000000000, 1.000000000000000000 ) ) ;
#1516 = ORIENTED_EDGE ( 'NONE', *, *, #2663, .F. ) ;
#1517 = AXIS2_PLACEMENT_3D ( 'NONE', #6587, #8049, #5167 ) ;
#1518 = VERTEX_POINT ( 'NONE', #6551 ) ;
#1519 =( NAMED_UNIT ( * ) SI_UNIT ( $, .STERADIAN. ) SOLID_ANGLE_UNIT ( ) );
#1520 = VECTOR ( 'NONE', #3054, 1000.000000000000000 ) ;
#1521 = SURFACE_STYLE_USAGE ( .BOTH. , #4347 ) ;
#1522 = ORIENTED_EDGE ( 'NONE', *, *, #6301, .T. ) ;
#1523 =( GEOMETRIC_REPRESENTATION_CONTEXT ( 3 ) GLOBAL_UNCERTAINTY_ASSIGNED_CONTEXT ( ( #2057 ) ) GLOBAL_UNIT_ASSIGNED_CONTEXT ( ( #4069, #3218, #4717 ) ) REPRESENTATION_CONTEXT ( 'NONE', 'WORKASPACE' ) );
#1524 = SURFACE_STYLE_FILL_AREA ( #7780 ) ;
#1525 = ORIENTED_EDGE ( 'NONE', *, *, #157, .T. ) ;
#1526 = CARTESIAN_POINT ( 'NONE',  ( 0.6602617849914843573, -1.469999999999999973, 5.653950775401574091 ) ) ;
#1527 = DIRECTION ( 'NONE',  ( -1.000000000000000000, 0.000000000000000000, 0.000000000000000000 ) ) ;
#1528 = CARTESIAN_POINT ( 'NONE',  ( 3.400000000010832579, -0.2999999999999999334, 1.399999999994326672 ) ) ;
#1529 = EDGE_CURVE ( 'NONE', #8980, #6392, #7183, .T. ) ;
#1530 = STYLED_ITEM ( 'NONE', ( #1376 ), #4981 ) ;
#1531 = PLANE ( 'NONE',  #7695 ) ;
#1532 = CARTESIAN_POINT ( 'NONE',  ( -2.027111147026576354, -1.469999999999998641, 5.219186719488965842 ) ) ;
#1533 =( NAMED_UNIT ( * ) PLANE_ANGLE_UNIT ( ) SI_UNIT ( $, .RADIAN. ) );
#1534 = DIRECTION ( 'NONE',  ( 0.000000000000000000, 1.000000000000000000, 0.000000000000000000 ) ) ;
#1535 = LINE ( 'NONE', #28, #8825 ) ;
#1536 = DIRECTION ( 'NONE',  ( -6.982962677686266711E-15, 0.000000000000000000, -1.000000000000000000 ) ) ;
#1537 = CARTESIAN_POINT ( 'NONE',  ( -1.724959935897436347, -2.799999999999999822, 5.401842948717937354 ) ) ;
#1538 = DIRECTION ( 'NONE',  ( -1.000000000000000000, 0.000000000000000000, 6.982962677686266711E-15 ) ) ;
#1539 = EDGE_CURVE ( 'NONE', #6165, #863, #3753, .T. ) ;
#1540 = EDGE_CURVE ( 'NONE', #8261, #265, #938, .T. ) ;
#1541 = FILL_AREA_STYLE ('',( #1411 ) ) ;
#1542 = FILL_AREA_STYLE_COLOUR ( '', #3784 ) ;
#1543 = CARTESIAN_POINT ( 'NONE',  ( -1.976362179487180404, -2.800000000000000266, 5.217948717948707404 ) ) ;
#1544 = CARTESIAN_POINT ( 'NONE',  ( -1.599999999989103472, 0.3000000000000003775, 4.500000000000010658 ) ) ;
#1545 = FILL_AREA_STYLE_COLOUR ( '', #4627 ) ;
#1546 = ORIENTED_EDGE ( 'NONE', *, *, #4401, .F. ) ;
#1547 = FACE_OUTER_BOUND ( 'NONE', #8865, .T. ) ;
#1548 = FACE_OUTER_BOUND ( 'NONE', #4396, .T. ) ;
#1549 = COLOUR_RGB ( '',0.1019607843137254888, 0.1019607843137254888, 0.1019607843137254888 ) ;
#1550 = DIRECTION ( 'NONE',  ( -0.000000000000000000, -1.000000000000000000, -0.000000000000000000 ) ) ;
#1551 = ORIENTED_EDGE ( 'NONE', *, *, #235, .T. ) ;
#1552 = SURFACE_STYLE_USAGE ( .BOTH. , #2848 ) ;
#1553 = ORIENTED_EDGE ( 'NONE', *, *, #1432, .T. ) ;
#1554 = VERTEX_POINT ( 'NONE', #8011 ) ;
#1555 = CARTESIAN_POINT ( 'NONE',  ( 1.756410256410256165, -2.799999999999999822, 5.666666666666654528 ) ) ;
#1556 = FILL_AREA_STYLE ('',( #3599 ) ) ;
#1557 = EDGE_LOOP ( 'NONE', ( #8634, #261, #7932, #8587 ) ) ;
#1558 = VECTOR ( 'NONE', #725, 1000.000000000000000 ) ;
#1559 = LINE ( 'NONE', #4392, #8771 ) ;
#1560 = VECTOR ( 'NONE', #2045, 1000.000000000000000 ) ;
#1561 = CARTESIAN_POINT ( 'NONE',  ( -1.599999999989125010, -0.2999999999999999334, 1.399999999994361533 ) ) ;
#1562 = ORIENTED_EDGE ( 'NONE', *, *, #1608, .T. ) ;
#1563 = PRESENTATION_STYLE_ASSIGNMENT (( #4934 ) ) ;
#1564 = CARTESIAN_POINT ( 'NONE',  ( -1.815464454976460251, -1.470000000000000417, 5.261335036377545293 ) ) ;
#1565 = CARTESIAN_POINT ( 'NONE',  ( 2.205042377603997128, -1.469999999999999973, 5.990116472665630631 ) ) ;
#1566 = LINE ( 'NONE', #916, #8911 ) ;
#1567 = LINE ( 'NONE', #9090, #5528 ) ;
#1568 = VECTOR ( 'NONE', #3412, 1000.000000000000000 ) ;
#1569 = CARTESIAN_POINT ( 'NONE',  ( 0.7820512820512818264, -1.469999999999999973, 5.852764423076911804 ) ) ;
#1570 = VECTOR ( 'NONE', #7609, 1000.000000000000000 ) ;
#1571 = CARTESIAN_POINT ( 'NONE',  ( 2.182442732750685011, -2.800000000000000266, 5.810415476788540090 ) ) ;
#1572 = STYLED_ITEM ( 'NONE', ( #4270 ), #90 ) ;
#1573 = FILL_AREA_STYLE_COLOUR ( '', #2558 ) ;
#1574 = MECHANICAL_DESIGN_GEOMETRIC_PRESENTATION_REPRESENTATION (  '', ( #3494 ), #5559 ) ;
#1575 = CARTESIAN_POINT ( 'NONE',  ( 0.3341794466390674012, -2.799999999999999378, 5.781567445628240876 ) ) ;
#1576 = VECTOR ( 'NONE', #6347, 1000.000000000000000 ) ;
#1577 = DIRECTION ( 'NONE',  ( -1.000000000000000000, 0.000000000000000000, 6.982962677686266711E-15 ) ) ;
#1578 = UNCERTAINTY_MEASURE_WITH_UNIT (LENGTH_MEASURE( 1.000000000000000082E-05 ), #3617, 'distance_accuracy_value', 'NONE');
#1579 = UNCERTAINTY_MEASURE_WITH_UNIT (LENGTH_MEASURE( 1.000000000000000082E-05 ), #5170, 'distance_accuracy_value', 'NONE');
#1580 = SURFACE_SIDE_STYLE ('',( #2254 ) ) ;
#1581 = ADVANCED_FACE ( 'NONE', ( #8707 ), #5833, .F. ) ;
#1582 = SURFACE_STYLE_FILL_AREA ( #1621 ) ;
#1583 = FILL_AREA_STYLE ('',( #5781 ) ) ;
#1584 = DIRECTION ( 'NONE',  ( 6.982962677686266711E-15, 0.000000000000000000, 1.000000000000000000 ) ) ;
#1585 = EDGE_CURVE ( 'NONE', #1142, #7297, #7232, .T. ) ;
#1586 = ADVANCED_FACE ( 'NONE', ( #7274 ), #975, .T. ) ;
#1587 = DIRECTION ( 'NONE',  ( 0.09334070869305823026, -0.9956342260592881965, -6.517946851124116252E-16 ) ) ;
#1588 = ORIENTED_EDGE ( 'NONE', *, *, #5175, .T. ) ;
#1589 = EDGE_CURVE ( 'NONE', #3952, #2754, #2479, .T. ) ;
#1590 = VERTEX_POINT ( 'NONE', #379 ) ;
#1591 =( NAMED_UNIT ( * ) SI_UNIT ( $, .STERADIAN. ) SOLID_ANGLE_UNIT ( ) );
#1592 = EDGE_LOOP ( 'NONE', ( #3146, #1677, #2744, #7381 ) ) ;
#1593 = FACE_BOUND ( 'NONE', #5049, .T. ) ;
#1594 = ORIENTED_EDGE ( 'NONE', *, *, #4786, .T. ) ;
#1595 = FACE_OUTER_BOUND ( 'NONE', #3687, .T. ) ;
#1596 = EDGE_LOOP ( 'NONE', ( #5566, #7003, #4330, #5382 ) ) ;
#1597 = CARTESIAN_POINT ( 'NONE',  ( -2.545792358255155818, -1.469999999999999085, 6.102450933518958287 ) ) ;
#1598 = ORIENTED_EDGE ( 'NONE', *, *, #2433, .F. ) ;
#1599 = LINE ( 'NONE', #7086, #8516 ) ;
#1600 = FILL_AREA_STYLE_COLOUR ( '', #5682 ) ;
#1601 = CARTESIAN_POINT ( 'NONE',  ( -1.038461538461538991, -2.799999999999999822, 5.499999999999988454 ) ) ;
#1602 = ORIENTED_EDGE ( 'NONE', *, *, #646, .T. ) ;
#1603 =( LENGTH_UNIT ( ) NAMED_UNIT ( * ) SI_UNIT ( .MILLI., .METRE. ) );
#1604 = CARTESIAN_POINT ( 'NONE',  ( -2.076923076923077538, -1.469999999999999973, 5.228565705128193741 ) ) ;
#1605 = AXIS2_PLACEMENT_3D ( 'NONE', #6665, #2504, #8126 ) ;
#1606 = FACE_OUTER_BOUND ( 'NONE', #7524, .T. ) ;
#1607 = PRESENTATION_LAYER_ASSIGNMENT (  '', '', ( #6334 ) ) ;
#1608 = EDGE_CURVE ( 'NONE', #8160, #96, #6548, .T. ) ;
#1609 = LINE ( 'NONE', #274, #7077 ) ;
#1610 = FILL_AREA_STYLE ('',( #1573 ) ) ;
#1611 = CARTESIAN_POINT ( 'NONE',  ( 1.851562499999999556, -1.469999999999999973, 6.333333333333321491 ) ) ;
#1612 = CARTESIAN_POINT ( 'NONE',  ( -2.397700204842011740, -2.800000000000001155, 5.891057412952524608 ) ) ;
#1613 = CARTESIAN_POINT ( 'NONE',  ( 1.700000000000032152, 0.3000000000000003775, 4.599999999999988098 ) ) ;
#1614 = CARTESIAN_POINT ( 'NONE',  ( 0.3998064119479719514, 1.994974746830603163, 0.5807611844574724902 ) ) ;
#1615 = CARTESIAN_POINT ( 'NONE',  ( 2.275519193039999166, -2.799999999999998490, 6.383613365294649178 ) ) ;
#1616 = EDGE_CURVE ( 'NONE', #7646, #548, #2583, .T. ) ;
#1617 = PLANE ( 'NONE',  #7960 ) ;
#1618 = VECTOR ( 'NONE', #7983, 1000.000000000000000 ) ;
#1619 = CARTESIAN_POINT ( 'NONE',  ( -1.757952341628354009, -1.469999999999999085, 5.328741902013841347 ) ) ;
#1620 = CARTESIAN_POINT ( 'NONE',  ( 2.189004767896651771, -1.469999999999999529, 6.161995469118012991 ) ) ;
#1621 = FILL_AREA_STYLE ('',( #2382 ) ) ;
#1622 = CARTESIAN_POINT ( 'NONE',  ( 0.8000000000000313527, 0.3000000000000003775, 4.499999999999994671 ) ) ;
#1623 = LINE ( 'NONE', #939, #5650 ) ;
#1624 = EDGE_CURVE ( 'NONE', #6174, #5882, #3373, .T. ) ;
#1625 = SURFACE_SIDE_STYLE ('',( #3718 ) ) ;
#1626 = ORIENTED_EDGE ( 'NONE', *, *, #5064, .T. ) ;
#1627 = CARTESIAN_POINT ( 'NONE',  ( 2.025440705128205288, -2.799999999999999822, 6.323717948717937354 ) ) ;
#1628 = ORIENTED_EDGE ( 'NONE', *, *, #4965, .T. ) ;
#1629 = CARTESIAN_POINT ( 'NONE',  ( -2.380659201274429648, -1.470000000000000417, 5.511840951961333168 ) ) ;
#1630 =( NAMED_UNIT ( * ) PLANE_ANGLE_UNIT ( ) SI_UNIT ( $, .RADIAN. ) );
#1631 = LINE ( 'NONE', #4300, #7080 ) ;
#1632 = VERTEX_POINT ( 'NONE', #6828 ) ;
#1633 = ADVANCED_FACE ( 'NONE', ( #3279 ), #8153, .F. ) ;
#1634 =( NAMED_UNIT ( * ) SI_UNIT ( $, .STERADIAN. ) SOLID_ANGLE_UNIT ( ) );
#1635 = ORIENTED_EDGE ( 'NONE', *, *, #5328, .F. ) ;
#1636 = CARTESIAN_POINT ( 'NONE',  ( -2.209695744097953884, -2.799999999999999378, 5.786121059280675105 ) ) ;
#1637 = ORIENTED_EDGE ( 'NONE', *, *, #4938, .F. ) ;
#1638 =( NAMED_UNIT ( * ) SI_UNIT ( $, .STERADIAN. ) SOLID_ANGLE_UNIT ( ) );
#1639 = AXIS2_PLACEMENT_3D ( 'NONE', #2172, #7016, #2999 ) ;
#1640 = VECTOR ( 'NONE', #3804, 1000.000000000000000 ) ;
#1641 =( NAMED_UNIT ( * ) SI_UNIT ( $, .STERADIAN. ) SOLID_ANGLE_UNIT ( ) );
#1642 = CARTESIAN_POINT ( 'NONE',  ( 0.9659071531207216177, -1.469999999999999973, 5.737934009194888496 ) ) ;
#1643 = ORIENTED_EDGE ( 'NONE', *, *, #6638, .T. ) ;
#1644 = SURFACE_STYLE_FILL_AREA ( #6531 ) ;
#1645 = CARTESIAN_POINT ( 'NONE',  ( -2.671073717948718063, -2.799999999999999822, 5.707131410256399029 ) ) ;
#1646 = AXIS2_PLACEMENT_3D ( 'NONE', #8056, #3754, #8573 ) ;
#1647 = FACE_OUTER_BOUND ( 'NONE', #1998, .T. ) ;
#1648 = CARTESIAN_POINT ( 'NONE',  ( -5.949999999999928235, 0.3000000000000003775, 3.550000000000048672 ) ) ;
#1649 = CARTESIAN_POINT ( 'NONE',  ( -2.251679481903679392, -2.799999999999998490, 6.094783925733960217 ) ) ;
#1650 = CARTESIAN_POINT ( 'NONE',  ( 3.142333204958820020E-14, -1.500000000000000000, 4.500000000000000000 ) ) ;
#1651 = DIRECTION ( 'NONE',  ( 4.937700262164532265E-15, 0.7071067811865474617, 0.7071067811865476838 ) ) ;
#1652 = SURFACE_STYLE_USAGE ( .BOTH. , #1496 ) ;
#1653 = EDGE_CURVE ( 'NONE', #3299, #1142, #7188, .T. ) ;
#1654 = VECTOR ( 'NONE', #7892, 1000.000000000000227 ) ;
#1655 = CARTESIAN_POINT ( 'NONE',  ( -2.205128205128205288, -1.469999999999999973, 5.872796474358962904 ) ) ;
#1656 = CARTESIAN_POINT ( 'NONE',  ( 2.325914177578413344, -1.469999999999999085, 6.315360043339739882 ) ) ;
#1657 = VECTOR ( 'NONE', #1221, 1000.000000000000000 ) ;
#1658 = DIRECTION ( 'NONE',  ( -0.000000000000000000, -1.000000000000000000, -0.000000000000000000 ) ) ;
#1659 = CARTESIAN_POINT ( 'NONE',  ( 2.142491439231692496, -1.469999999999999973, 6.257045156998776392 ) ) ;
#1660 = DIRECTION ( 'NONE',  ( -1.000000000000000000, 0.000000000000000000, 6.982962677686267499E-15 ) ) ;
#1661 = CARTESIAN_POINT ( 'NONE',  ( -1.435897435897436125, -1.469999999999999973, 6.230769230769219291 ) ) ;
#1662 = DIRECTION ( 'NONE',  ( 1.000000000000000000, -0.000000000000000000, -6.982962677686266711E-15 ) ) ;
#1663 = MECHANICAL_DESIGN_GEOMETRIC_PRESENTATION_REPRESENTATION (  '', ( #3291 ), #2639 ) ;
#1664 = CARTESIAN_POINT ( 'NONE',  ( 5.000000000000096811, -2.799999999999999822, 13.89999999999996483 ) ) ;
#1665 = LINE ( 'NONE', #7237, #1520 ) ;
#1666 = EDGE_CURVE ( 'NONE', #49, #5288, #9047, .T. ) ;
#1667 = EDGE_LOOP ( 'NONE', ( #4095, #6521, #5369, #6931 ) ) ;
#1668 = DIRECTION ( 'NONE',  ( 0.000000000000000000, -1.000000000000000000, 0.000000000000000000 ) ) ;
#1669 = CARTESIAN_POINT ( 'NONE',  ( 2.012204215627011905, -2.800000000000000266, 6.326177473778300531 ) ) ;
#1670 =( LENGTH_UNIT ( ) NAMED_UNIT ( * ) SI_UNIT ( .MILLI., .METRE. ) );
#1671 = ORIENTED_EDGE ( 'NONE', *, *, #6524, .F. ) ;
#1672 = CARTESIAN_POINT ( 'NONE',  ( -2.491185897435898688, -2.799999999999998934, 5.487179487179476567 ) ) ;
#1673 = DIRECTION ( 'NONE',  ( -0.000000000000000000, -1.000000000000000000, -0.000000000000000000 ) ) ;
#1674 = EDGE_LOOP ( 'NONE', ( #6664, #6568, #5132, #5298 ) ) ;
#1675 = EDGE_CURVE ( 'NONE', #7896, #7883, #1405, .T. ) ;
#1676 =( NAMED_UNIT ( * ) PLANE_ANGLE_UNIT ( ) SI_UNIT ( $, .RADIAN. ) );
#1677 = ORIENTED_EDGE ( 'NONE', *, *, #8100, .F. ) ;
#1678 = CARTESIAN_POINT ( 'NONE',  ( -2.397526269430803492, -1.469999999999999973, 5.871130639855229205 ) ) ;
#1679 = ORIENTED_EDGE ( 'NONE', *, *, #5358, .T. ) ;
#1680 = CARTESIAN_POINT ( 'NONE',  ( 0.3998064119479748380, 2.419238815542530396, 1.005025253169400168 ) ) ;
#1681 = EDGE_CURVE ( 'NONE', #2518, #7202, #8522, .T. ) ;
#1682 = CARTESIAN_POINT ( 'NONE',  ( 0.8000000000000238032, -0.2999999999999999334, 3.414213562373146882 ) ) ;
#1683 = EDGE_CURVE ( 'NONE', #6513, #7883, #1312, .T. ) ;
#1684 = CARTESIAN_POINT ( 'NONE',  ( -3.399999999999925748, 0.3000000000000003775, 4.500000000000022204 ) ) ;
#1685 = ADVANCED_FACE ( 'NONE', ( #4233 ), #6288, .T. ) ;
#1686 = VERTEX_POINT ( 'NONE', #3529 ) ;
#1687 = STYLED_ITEM ( 'NONE', ( #525 ), #7442 ) ;
#1688 =( NAMED_UNIT ( * ) SI_UNIT ( $, .STERADIAN. ) SOLID_ANGLE_UNIT ( ) );
#1689 = CARTESIAN_POINT ( 'NONE',  ( 0.7820512820512818264, -1.469999999999999973, 6.499999999999988454 ) ) ;
#1690 = CARTESIAN_POINT ( 'NONE',  ( -2.650432185861959056, -1.470000000000000862, 6.060322912497936088 ) ) ;
#1691 = STYLED_ITEM ( 'NONE', ( #3104 ), #9111 ) ;
#1692 = CARTESIAN_POINT ( 'NONE',  ( -2.216288378682846893, -1.469999999999999973, 5.994982415789048780 ) ) ;
#1693 = CARTESIAN_POINT ( 'NONE',  ( -2.397719717975948406, -2.799999999999999822, 5.832300277042434367 ) ) ;
#1694 = CARTESIAN_POINT ( 'NONE',  ( 0.4834694415183596328, -1.469999999999999529, 5.519615204708935075 ) ) ;
#1695 = EDGE_CURVE ( 'NONE', #6669, #6026, #3613, .T. ) ;
#1696 = CARTESIAN_POINT ( 'NONE',  ( -2.216393097617669117, -1.470000000000000417, 5.746388287972768794 ) ) ;
#1697 = CARTESIAN_POINT ( 'NONE',  ( 2.395700364498260626, -1.470000000000000862, 6.057466486729932598 ) ) ;
#1698 = PLANE ( 'NONE',  #6644 ) ;
#1699 = VECTOR ( 'NONE', #8459, 1000.000000000000000 ) ;
#1700 = CARTESIAN_POINT ( 'NONE',  ( 0.9659071531207216177, -2.799999999999999822, 5.737934009194888496 ) ) ;
#1701 = VECTOR ( 'NONE', #7437, 1000.000000000000114 ) ;
#1702 = DIRECTION ( 'NONE',  ( 6.982962677686261977E-15, 0.000000000000000000, 1.000000000000000000 ) ) ;
#1703 =( NAMED_UNIT ( * ) PLANE_ANGLE_UNIT ( ) SI_UNIT ( $, .RADIAN. ) );
#1704 = CARTESIAN_POINT ( 'NONE',  ( 2.159059257485737238, -2.799999999999997602, 6.234419797124265195 ) ) ;
#1705 = CARTESIAN_POINT ( 'NONE',  ( 2.025440705128205288, -2.799999999999999822, 6.323717948717937354 ) ) ;
#1706 = PRESENTATION_STYLE_ASSIGNMENT (( #5085 ) ) ;
#1707 = PRESENTATION_LAYER_ASSIGNMENT (  '', '', ( #7757 ) ) ;
#1708 = PLANE ( 'NONE',  #7558 ) ;
#1709 =( NAMED_UNIT ( * ) SI_UNIT ( $, .STERADIAN. ) SOLID_ANGLE_UNIT ( ) );
#1710 = EDGE_CURVE ( 'NONE', #4523, #3925, #750, .T. ) ;
#1711 = VERTEX_POINT ( 'NONE', #2873 ) ;
#1712 = FACE_OUTER_BOUND ( 'NONE', #4963, .T. ) ;
#1713 = CARTESIAN_POINT ( 'NONE',  ( 1.941706730769230838, -1.469999999999999973, 5.499999999999988454 ) ) ;
#1714 = CARTESIAN_POINT ( 'NONE',  ( 2.756410256410256387, -2.799999999999999822, 5.692307692307680966 ) ) ;
#1715 = ORIENTED_EDGE ( 'NONE', *, *, #2408, .T. ) ;
#1716 = CARTESIAN_POINT ( 'NONE',  ( -2.268347788084026373, -1.470000000000000417, 5.613590061920715080 ) ) ;
#1717 = CARTESIAN_POINT ( 'NONE',  ( -0.7999999999999678479, 0.3000000000000003775, 4.600000000000004974 ) ) ;
#1718 = EDGE_LOOP ( 'NONE', ( #6396, #7733, #2586, #1314, #9033, #6294, #6247, #8959, #3282, #369, #5975, #402, #4529, #917, #5704, #6793 ) ) ;
#1719 = AXIS2_PLACEMENT_3D ( 'NONE', #8038, #8083, #7302 ) ;
#1720 = CARTESIAN_POINT ( 'NONE',  ( 3.142333204958820020E-14, 1.699999999999999734, 4.500000000000000000 ) ) ;
#1721 = DIRECTION ( 'NONE',  ( -0.000000000000000000, -1.000000000000000000, -0.000000000000000000 ) ) ;
#1722 = EDGE_LOOP ( 'NONE', ( #4423, #8159, #2468, #6884 ) ) ;
#1723 = DIRECTION ( 'NONE',  ( 1.000000000000000000, 0.000000000000000000, -6.982962677686266711E-15 ) ) ;
#1724 = ORIENTED_EDGE ( 'NONE', *, *, #1017, .T. ) ;
#1725 = ADVANCED_FACE ( 'NONE', ( #5686 ), #8480, .F. ) ;
#1726 =( NAMED_UNIT ( * ) PLANE_ANGLE_UNIT ( ) SI_UNIT ( $, .RADIAN. ) );
#1727 = CARTESIAN_POINT ( 'NONE',  ( 0.5728078418308766295, -1.470000000000000417, 5.491787834541670854 ) ) ;
#1728 = ORIENTED_EDGE ( 'NONE', *, *, #7461, .F. ) ;
#1729 = SURFACE_SIDE_STYLE ('',( #1644 ) ) ;
#1730 = EDGE_CURVE ( 'NONE', #1969, #726, #1007, .T. ) ;
#1731 = ADVANCED_FACE ( 'NONE', ( #4410 ), #4592, .T. ) ;
#1732 = DIRECTION ( 'NONE',  ( -0.000000000000000000, -1.000000000000000000, -0.000000000000000000 ) ) ;
#1733 = SURFACE_SIDE_STYLE ('',( #8690 ) ) ;
#1734 = PLANE ( 'NONE',  #5895 ) ;
#1735 = CARTESIAN_POINT ( 'NONE',  ( 2.204875509584019344, -2.799999999999999378, 5.971679607841690718 ) ) ;
#1736 = STYLED_ITEM ( 'NONE', ( #3026 ), #3979 ) ;
#1737 = FILL_AREA_STYLE_COLOUR ( '', #602 ) ;
#1738 = CARTESIAN_POINT ( 'NONE',  ( -2.451602907819008692, -2.799999999999999822, 6.059037525973703708 ) ) ;
#1739 = B_SPLINE_CURVE_WITH_KNOTS ( 'NONE', 3,
 ( #2678, #709, #1353, #1401, #1987, #1941, #3522, #7008, #8436, #2123, #4857 ),
 .UNSPECIFIED., .F., .F.,
 ( 4, 1, 1, 1, 1, 1, 1, 1, 4 ),
 ( 0.000000000000000000, 0.1592560175542395984, 0.3074593861389719462, 0.4448812988575892025, 0.5731608596155106650, 0.6923350105727049675, 0.8026812167968112588, 0.9050112064231008446, 1.000000000000000000 ),
 .UNSPECIFIED. ) ;
#1740 = CARTESIAN_POINT ( 'NONE',  ( -3.299999999999968736, -0.2999999999999999334, 4.500000000000023093 ) ) ;
#1741 = ORIENTED_EDGE ( 'NONE', *, *, #6266, .F. ) ;
#1742 = LINE ( 'NONE', #8881, #536 ) ;
#1743 = COLOUR_RGB ( '',0.8980392156862745390, 0.8980392156862745390, 0.8980392156862745390 ) ;
#1744 = LINE ( 'NONE', #1794, #5921 ) ;
#1745 =( NAMED_UNIT ( * ) PLANE_ANGLE_UNIT ( ) SI_UNIT ( $, .RADIAN. ) );
#1746 = CARTESIAN_POINT ( 'NONE',  ( 4.700000000000094325, 1.700000000000000622, 13.59999999999996767 ) ) ;
#1747 = EDGE_CURVE ( 'NONE', #8303, #2503, #7298, .T. ) ;
#1748 = CARTESIAN_POINT ( 'NONE',  ( -1.728748749626194403, -2.799999999999999822, 5.392391610284232861 ) ) ;
#1749 = LINE ( 'NONE', #5831, #292 ) ;
#1750 = LINE ( 'NONE', #5915, #445 ) ;
#1751 = CARTESIAN_POINT ( 'NONE',  ( 2.034992110465866588, -1.469999999999999085, 6.321416666912116789 ) ) ;
#1752 = FACE_OUTER_BOUND ( 'NONE', #3144, .T. ) ;
#1753 = AXIS2_PLACEMENT_3D ( 'NONE', #2129, #9099, #3577 ) ;
#1754 =( NAMED_UNIT ( * ) SI_UNIT ( $, .STERADIAN. ) SOLID_ANGLE_UNIT ( ) );
#1755 = EDGE_LOOP ( 'NONE', ( #3535, #5227, #7637, #7573 ) ) ;
#1756 = STYLED_ITEM ( 'NONE', ( #5169 ), #354 ) ;
#1757 = CARTESIAN_POINT ( 'NONE',  ( 0.5413892236163126981, -2.800000000000000266, 5.730828376335295182 ) ) ;
#1758 = PRESENTATION_LAYER_ASSIGNMENT (  '', '', ( #7496 ) ) ;
#1759 = ORIENTED_EDGE ( 'NONE', *, *, #3441, .T. ) ;
#1760 = FILL_AREA_STYLE_COLOUR ( '', #6076 ) ;
#1761 = STYLED_ITEM ( 'NONE', ( #2528 ), #8333 ) ;
#1762 = ORIENTED_EDGE ( 'NONE', *, *, #2140, .F. ) ;
#1763 =( LENGTH_UNIT ( ) NAMED_UNIT ( * ) SI_UNIT ( .MILLI., .METRE. ) );
#1764 = CARTESIAN_POINT ( 'NONE',  ( 2.160045855460256181, -1.469999999999999973, 5.757929307409899167 ) ) ;
#1765 = CARTESIAN_POINT ( 'NONE',  ( -2.331889817561660472, -2.799999999999999378, 5.543271641628080282 ) ) ;
#1766 = STYLED_ITEM ( 'NONE', ( #1795 ), #3580 ) ;
#1767 = DIRECTION ( 'NONE',  ( -6.982962677686266711E-15, 0.000000000000000000, -1.000000000000000000 ) ) ;
#1768 = CARTESIAN_POINT ( 'NONE',  ( -2.544070512820513663, -1.470000000000000417, 5.628205128205117092 ) ) ;
#1769 = EDGE_CURVE ( 'NONE', #6935, #342, #8651, .T. ) ;
#1770 =( NAMED_UNIT ( * ) SI_UNIT ( $, .STERADIAN. ) SOLID_ANGLE_UNIT ( ) );
#1771 = CARTESIAN_POINT ( 'NONE',  ( -1.948717948717949344, -2.799999999999999822, 6.230769230769219291 ) ) ;
#1772 = VERTEX_POINT ( 'NONE', #1740 ) ;
#1773 = PLANE ( 'NONE',  #2483 ) ;
#1774 = VERTEX_POINT ( 'NONE', #5250 ) ;
#1775 = LINE ( 'NONE', #4478, #8510 ) ;
#1776 = DIRECTION ( 'NONE',  ( -1.000000000000000000, 0.000000000000000000, 6.982962677686266711E-15 ) ) ;
#1777 = VECTOR ( 'NONE', #4654, 1000.000000000000000 ) ;
#1778 = CARTESIAN_POINT ( 'NONE',  ( -1.883413461538461897, -1.469999999999999973, 5.499999999999988454 ) ) ;
#1779 = UNCERTAINTY_MEASURE_WITH_UNIT (LENGTH_MEASURE( 1.000000000000000082E-05 ), #787, 'distance_accuracy_value', 'NONE');
#1780 = ORIENTED_EDGE ( 'NONE', *, *, #7301, .T. ) ;
#1781 = ADVANCED_FACE ( 'NONE', ( #8045 ), #4584, .T. ) ;
#1782 = SURFACE_STYLE_FILL_AREA ( #5861 ) ;
#1783 = DIRECTION ( 'NONE',  ( -0.000000000000000000, -1.000000000000000000, -0.000000000000000000 ) ) ;
#1784 =( LENGTH_UNIT ( ) NAMED_UNIT ( * ) SI_UNIT ( .MILLI., .METRE. ) );
#1785 = SURFACE_STYLE_FILL_AREA ( #2463 ) ;
#1786 = CARTESIAN_POINT ( 'NONE',  ( -2.237288739943944726, -1.469999999999999973, 6.064074912831505237 ) ) ;
#1787 = SURFACE_STYLE_FILL_AREA ( #8743 ) ;
#1788 = SURFACE_STYLE_FILL_AREA ( #3970 ) ;
#1789 = EDGE_CURVE ( 'NONE', #7202, #1913, #5180, .T. ) ;
#1790 = ORIENTED_EDGE ( 'NONE', *, *, #4913, .F. ) ;
#1791 = CARTESIAN_POINT ( 'NONE',  ( 1.700000000000031486, -0.2999999999999999334, 4.499999999999987566 ) ) ;
#1792 = AXIS2_PLACEMENT_3D ( 'NONE', #3317, #8294, #6138 ) ;
#1793 = COLOUR_RGB ( '',0.1019607843137254888, 0.1019607843137254888, 0.1019607843137254888 ) ;
#1794 = CARTESIAN_POINT ( 'NONE',  ( 2.564102564102564319, -1.469999999999999973, 5.499999999999988454 ) ) ;
#1795 = PRESENTATION_STYLE_ASSIGNMENT (( #283 ) ) ;
#1796 = CARTESIAN_POINT ( 'NONE',  ( -2.205128205128205288, -1.469999999999999973, 5.872796474358962904 ) ) ;
#1797 =( NAMED_UNIT ( * ) SI_UNIT ( $, .STERADIAN. ) SOLID_ANGLE_UNIT ( ) );
#1798 = CARTESIAN_POINT ( 'NONE',  ( 2.120192307692307931, -2.799999999999999822, 6.480969551282039554 ) ) ;
#1799 = DIRECTION ( 'NONE',  ( 0.000000000000000000, 1.000000000000000000, 0.000000000000000000 ) ) ;
#1800 = CARTESIAN_POINT ( 'NONE',  ( 0.5602621255215302076, -2.799999999999999378, 5.695989257692359864 ) ) ;
#1801 = CARTESIAN_POINT ( 'NONE',  ( 0.5516826923076920686, -2.799999999999999822, 5.708934294871783166 ) ) ;
#1802 = DIRECTION ( 'NONE',  ( -0.7071067811865414665, 0.000000000000000000, 0.7071067811865536790 ) ) ;
#1803 = MECHANICAL_DESIGN_GEOMETRIC_PRESENTATION_REPRESENTATION (  '', ( #7705 ), #6656 ) ;
#1804 = ADVANCED_FACE ( 'NONE', ( #983 ), #5717, .F. ) ;
#1805 = SURFACE_STYLE_USAGE ( .BOTH. , #3985 ) ;
#1806 = ORIENTED_EDGE ( 'NONE', *, *, #4867, .F. ) ;
#1807 = SURFACE_SIDE_STYLE ('',( #6059 ) ) ;
#1808 = CARTESIAN_POINT ( 'NONE',  ( 0.5338559323481137930, -1.469999999999999973, 5.758748678047098224 ) ) ;
#1809 = VECTOR ( 'NONE', #8118, 1000.000000000000000 ) ;
#1810 = ORIENTED_EDGE ( 'NONE', *, *, #5923, .T. ) ;
#1811 =( NAMED_UNIT ( * ) SI_UNIT ( $, .STERADIAN. ) SOLID_ANGLE_UNIT ( ) );
#1812 = EDGE_LOOP ( 'NONE', ( #4665, #36, #3538, #6743 ) ) ;
#1813 = CARTESIAN_POINT ( 'NONE',  ( -0.6885016025641029769, -1.469999999999999973, 5.897435897435885366 ) ) ;
#1814 =( NAMED_UNIT ( * ) PLANE_ANGLE_UNIT ( ) SI_UNIT ( $, .RADIAN. ) );
#1815 = CARTESIAN_POINT ( 'NONE',  ( 2.021306391585921070, -1.469999999999999973, 6.324486162054541616 ) ) ;
#1816 = CARTESIAN_POINT ( 'NONE',  ( -2.705128205128205288, -1.469999999999999973, 5.605568910256399029 ) ) ;
#1817 = ORIENTED_EDGE ( 'NONE', *, *, #5480, .T. ) ;
#1818 = PRESENTATION_LAYER_ASSIGNMENT (  '', '', ( #5745 ) ) ;
#1819 = CARTESIAN_POINT ( 'NONE',  ( -4.999999999999948486, 0.3000000000000003775, 1.399999999994385069 ) ) ;
#1820 = ORIENTED_EDGE ( 'NONE', *, *, #3659, .F. ) ;
#1821 = CARTESIAN_POINT ( 'NONE',  ( -2.671073717948718063, -2.799999999999999822, 5.707131410256399029 ) ) ;
#1822 = ORIENTED_EDGE ( 'NONE', *, *, #1982, .F. ) ;
#1823 = DIRECTION ( 'NONE',  ( 6.982962677686266711E-15, -0.000000000000000000, 1.000000000000000000 ) ) ;
#1824 = CARTESIAN_POINT ( 'NONE',  ( 0.3341794466390674012, -2.799999999999998934, 5.781567445628240876 ) ) ;
#1825 = EDGE_LOOP ( 'NONE', ( #3203, #2, #8190, #5327 ) ) ;
#1826 = VECTOR ( 'NONE', #1005, 1000.000000000000000 ) ;
#1827 = CARTESIAN_POINT ( 'NONE',  ( -2.520582580686125951, -2.799999999999999822, 5.488244727432365799 ) ) ;
#1828 = LINE ( 'NONE', #6761, #990 ) ;
#1829 = CLOSED_SHELL ( 'NONE', ( #4411, #3518, #1804, #1018, #1191, #2650, #4377, #7430, #7773, #4369, #742, #7334, #1429, #4711, #450, #6012, #2293, #385, #5397, #7442, #1685, #4981, #2376, #5930, #3105, #396, #1922, #8658, #4703, #4237, #5125, #4634, #3153, #3929 ) ) ;
#1830 = PLANE ( 'NONE',  #2810 ) ;
#1831 = CARTESIAN_POINT ( 'NONE',  ( -2.411430450121640590, -2.799999999999998934, 6.230750665002280364 ) ) ;
#1832 = CARTESIAN_POINT ( 'NONE',  ( -2.205419187290899252, -1.469999999999999529, 5.887293985671805174 ) ) ;
#1833 = LINE ( 'NONE', #7456, #2552 ) ;
#1834 = AXIS2_PLACEMENT_3D ( 'NONE', #4811, #4120, #6907 ) ;
#1835 = EDGE_LOOP ( 'NONE', ( #3416, #6976, #7856, #2608 ) ) ;
#1836 = PLANE ( 'NONE',  #7282 ) ;
#1837 = FILL_AREA_STYLE ('',( #4125 ) ) ;
#1838 = CARTESIAN_POINT ( 'NONE',  ( -2.551282051282051544, -1.469999999999999973, 6.102564102564091542 ) ) ;
#1839 = DIRECTION ( 'NONE',  ( -1.000000000000000000, 0.000000000000000000, 6.982962677686266711E-15 ) ) ;
#1840 = CARTESIAN_POINT ( 'NONE',  ( 0.6866077005814067435, -1.470000000000000417, 5.655980716895562921 ) ) ;
#1841 = B_SPLINE_SURFACE_WITH_KNOTS ( 'NONE', 3, 1, ( 
 ( #1838, #1163 ),
 ( #3975, #2732 ),
 ( #6773, #463 ),
 ( #3272, #7619 ),
 ( #3656, #4225 ),
 ( #873, #8556 ),
 ( #8514, #1448 ),
 ( #4902, #5766 ),
 ( #2781, #3692 ),
 ( #2865, #5678 ),
 ( #708, #8473 ),
 ( #5722, #4271 ),
 ( #67, #831 ),
 ( #4359, #6448 ),
 ( #2945, #7045 ),
 ( #3520, #7706 ),
 ( #5638, #2121 ),
 ( #2239, #2162 ),
 ( #7171, #7828 ) ),
 .UNSPECIFIED., .F., .F., .F.,
 ( 4, 1, 1, 1, 1, 1, 1, 1, 1, 1, 1, 1, 1, 1, 1, 1, 4 ),
 ( 2, 2 ),
 ( 0.000000000000000000, 0.05335342180116150329, 0.1047272663249736863, 0.1555164797455855785, 0.2056193208941955453, 0.2566211313655896720, 0.3088596559721064061, 0.3628541401087742035, 0.4192980078946459410, 0.4778828077664623031, 0.5399961175692683524, 0.6046228225353983410, 0.6741283536260952447, 0.7475552360562807142, 0.8259868650183093131, 0.9105062097511925634, 1.000000000000000000 ),
 ( 0.000000000000000000, 1.000000000000000000 ),
 .UNSPECIFIED. ) ;
#1842 = CARTESIAN_POINT ( 'NONE',  ( -1.976362179487180404, -2.799999999999999822, 5.217948717948707404 ) ) ;
#1843 = AXIS2_PLACEMENT_3D ( 'NONE', #7374, #6642, #8057 ) ;
#1844 = FILL_AREA_STYLE_COLOUR ( '', #8674 ) ;
#1845 = CARTESIAN_POINT ( 'NONE',  ( -3.299999999999940314, -0.2999999999999999334, 2.500000000000022649 ) ) ;
#1846 = CARTESIAN_POINT ( 'NONE',  ( 5.000000000000096811, 1.699999999999999734, 13.89999999999996483 ) ) ;
#1847 = DIRECTION ( 'NONE',  ( 6.982962677686266711E-15, 0.000000000000000000, 1.000000000000000000 ) ) ;
#1848 = DIRECTION ( 'NONE',  ( 1.000000000000000000, 0.000000000000000000, 0.000000000000000000 ) ) ;
#1849 = VERTEX_POINT ( 'NONE', #5926 ) ;
#1850 = VECTOR ( 'NONE', #2624, 1000.000000000000000 ) ;
#1851 = CARTESIAN_POINT ( 'NONE',  ( -2.705128205128205288, -1.469999999999999973, 5.605568910256399029 ) ) ;
#1852 = ORIENTED_EDGE ( 'NONE', *, *, #2097, .T. ) ;
#1853 = VECTOR ( 'NONE', #2979, 1000.000000000000000 ) ;
#1854 = EDGE_CURVE ( 'NONE', #3421, #3467, #7821, .T. ) ;
#1855 = ORIENTED_EDGE ( 'NONE', *, *, #9095, .F. ) ;
#1856 = CARTESIAN_POINT ( 'NONE',  ( -0.3651842948717951010, -2.799999999999999822, 5.730769230769219291 ) ) ;
#1857 = ORIENTED_EDGE ( 'NONE', *, *, #4938, .T. ) ;
#1858 = FACE_OUTER_BOUND ( 'NONE', #5376, .T. ) ;
#1859 = CARTESIAN_POINT ( 'NONE',  ( 2.205128205128205288, -2.800000000000000266, 5.999599358974347041 ) ) ;
#1860 = EDGE_CURVE ( 'NONE', #8064, #6922, #6598, .T. ) ;
#1861 =( NAMED_UNIT ( * ) SI_UNIT ( $, .STERADIAN. ) SOLID_ANGLE_UNIT ( ) );
#1862 = UNCERTAINTY_MEASURE_WITH_UNIT (LENGTH_MEASURE( 1.000000000000000082E-05 ), #922, 'distance_accuracy_value', 'NONE');
#1863 = DIRECTION ( 'NONE',  ( -0.000000000000000000, -1.000000000000000000, -0.000000000000000000 ) ) ;
#1864 = ORIENTED_EDGE ( 'NONE', *, *, #8502, .F. ) ;
#1865 = CARTESIAN_POINT ( 'NONE',  ( 9.706318121983909465E-14, -2.799999999999999822, 13.89999999999999858 ) ) ;
#1866 = CARTESIAN_POINT ( 'NONE',  ( 0.8000000000000099254, 1.989949493661167468, 1.434314575050810170 ) ) ;
#1867 = EDGE_CURVE ( 'NONE', #1711, #2358, #2441, .T. ) ;
#1868 = CARTESIAN_POINT ( 'NONE',  ( -2.673872182673409981, -1.469999999999999973, 5.712011319941236565 ) ) ;
#1869 = ORIENTED_EDGE ( 'NONE', *, *, #8891, .F. ) ;
#1870 = FACE_OUTER_BOUND ( 'NONE', #8762, .T. ) ;
#1871 = CARTESIAN_POINT ( 'NONE',  ( 0.5112392351339837271, -1.470000000000000862, 5.507830830974460135 ) ) ;
#1872 = CARTESIAN_POINT ( 'NONE',  ( 2.219629544609024396, -1.470000000000000417, 6.432752202981222744 ) ) ;
#1873 = ORIENTED_EDGE ( 'NONE', *, *, #128, .F. ) ;
#1874 = CARTESIAN_POINT ( 'NONE',  ( -2.016626602564103088, -2.799999999999998934, 5.358974358974347929 ) ) ;
#1875 = SURFACE_STYLE_USAGE ( .BOTH. , #8873 ) ;
#1876 = CARTESIAN_POINT ( 'NONE',  ( -2.680936383300270176, -1.469999999999999529, 6.015950184519959443 ) ) ;
#1877 = DIRECTION ( 'NONE',  ( 1.000000000000000000, 0.000000000000000000, -6.982962677686266711E-15 ) ) ;
#1878 = EDGE_LOOP ( 'NONE', ( #6696, #8308, #441, #5806 ) ) ;
#1879 = CARTESIAN_POINT ( 'NONE',  ( 1.960413453970241360, -2.800000000000000711, 6.500015305580622460 ) ) ;
#1880 = CARTESIAN_POINT ( 'NONE',  ( 2.300130296482709280, -1.470000000000000417, 6.354275391403580997 ) ) ;
#1881 = PRESENTATION_STYLE_ASSIGNMENT (( #8189 ) ) ;
#1882 = CARTESIAN_POINT ( 'NONE',  ( 1.968358457756818503, -2.799999999999999378, 5.500254890421439669 ) ) ;
#1883 = MECHANICAL_DESIGN_GEOMETRIC_PRESENTATION_REPRESENTATION (  '', ( #7471 ), #3058 ) ;
#1884 = VERTEX_POINT ( 'NONE', #5222 ) ;
#1885 = CARTESIAN_POINT ( 'NONE',  ( 1.968358457756818503, -1.469999999999999529, 5.500254890421439669 ) ) ;
#1886 = CARTESIAN_POINT ( 'NONE',  ( -2.397719717975948406, -2.799999999999998934, 5.832300277042434367 ) ) ;
#1887 = ADVANCED_FACE ( 'NONE', ( #1712 ), #8005, .T. ) ;
#1888 = LINE ( 'NONE', #6774, #7348 ) ;
#1889 = EDGE_CURVE ( 'NONE', #2854, #6320, #4652, .T. ) ;
#1890 = CARTESIAN_POINT ( 'NONE',  ( 5.000000000000032863, -2.799999999999999822, 4.499999999999966249 ) ) ;
#1891 = DIRECTION ( 'NONE',  ( 1.000000000000000000, -0.000000000000000000, -6.982962677686267499E-15 ) ) ;
#1892 = SURFACE_STYLE_FILL_AREA ( #1943 ) ;
#1893 = CARTESIAN_POINT ( 'NONE',  ( 2.564102564102564319, -2.799999999999999822, 5.499999999999988454 ) ) ;
#1894 = SURFACE_STYLE_FILL_AREA ( #3140 ) ;
#1895 = EDGE_CURVE ( 'NONE', #4714, #303, #7580, .T. ) ;
#1896 = DIRECTION ( 'NONE',  ( 4.937700262164529898E-15, -0.7071067811865477948, 0.7071067811865473507 ) ) ;
#1897 = VECTOR ( 'NONE', #6527, 1000.000000000000000 ) ;
#1898 = ORIENTED_EDGE ( 'NONE', *, *, #3659, .T. ) ;
#1899 = CARTESIAN_POINT ( 'NONE',  ( 0.3333333333333330373, -1.469999999999999973, 5.820512820512808716 ) ) ;
#1900 = ORIENTED_EDGE ( 'NONE', *, *, #8181, .T. ) ;
#1901 = CARTESIAN_POINT ( 'NONE',  ( -4.699999999999968203, 1.700000000000000622, 4.600000000000032507 ) ) ;
#1902 = ORIENTED_EDGE ( 'NONE', *, *, #1264, .F. ) ;
#1903 = FACE_OUTER_BOUND ( 'NONE', #1099, .T. ) ;
#1904 = VECTOR ( 'NONE', #6639, 1000.000000000000114 ) ;
#1905 = ORIENTED_EDGE ( 'NONE', *, *, #1860, .F. ) ;
#1906 = LINE ( 'NONE', #6110, #6948 ) ;
#1907 = CARTESIAN_POINT ( 'NONE',  ( 0.8040112356801338844, -2.799999999999998934, 5.516458152762652389 ) ) ;
#1908 = COLOUR_RGB ( '',0.8980392156862745390, 0.8980392156862745390, 0.8980392156862745390 ) ;
#1909 = ORIENTED_EDGE ( 'NONE', *, *, #6811, .T. ) ;
#1910 = CARTESIAN_POINT ( 'NONE',  ( -2.099999999999981437, -0.2999999999999999334, -3.499999999999985789 ) ) ;
#1911 = ADVANCED_FACE ( 'NONE', ( #7428 ), #3947, .T. ) ;
#1912 = CARTESIAN_POINT ( 'NONE',  ( -0.8999999999999885869, 0.9259144981615097247, 1.649821433126622550 ) ) ;
#1913 = VERTEX_POINT ( 'NONE', #5320 ) ;
#1914 = VECTOR ( 'NONE', #3357, 1000.000000000000114 ) ;
#1915 = PRESENTATION_LAYER_ASSIGNMENT (  '', '', ( #5147 ) ) ;
#1916 = DIRECTION ( 'NONE',  ( 1.000000000000000000, 0.000000000000000000, 0.000000000000000000 ) ) ;
#1917 = PRESENTATION_STYLE_ASSIGNMENT (( #1288 ) ) ;
#1918 = CARTESIAN_POINT ( 'NONE',  ( -2.686175459821676270, -1.469999999999999085, 5.739192041452557014 ) ) ;
#1919 = ORIENTED_EDGE ( 'NONE', *, *, #1238, .F. ) ;
#1920 = LINE ( 'NONE', #3251, #2800 ) ;
#1921 = COLOUR_RGB ( '',0.1019607843137254888, 0.1019607843137254888, 0.1019607843137254888 ) ;
#1922 = ADVANCED_FACE ( 'NONE', ( #1326 ), #5370, .F. ) ;
#1923 = DIRECTION ( 'NONE',  ( 6.982962677686266711E-15, 0.000000000000000000, 1.000000000000000000 ) ) ;
#1924 = CARTESIAN_POINT ( 'NONE',  ( 2.253950863527919513, -2.799999999999999378, 6.404673887700690571 ) ) ;
#1925 = B_SPLINE_SURFACE_WITH_KNOTS ( 'NONE', 3, 1, ( 
 ( #2103, #2887 ),
 ( #5044, #5701 ),
 ( #1464, #8491 ),
 ( #6390, #4918 ),
 ( #7725, #2969 ),
 ( #1423, #4251 ),
 ( #4291, #3592 ) ),
 .UNSPECIFIED., .F., .F., .F.,
 ( 4, 1, 1, 1, 4 ),
 ( 2, 2 ),
 ( 0.000000000000000000, 0.2758019848605574587, 0.5333955013403324230, 0.7740733405834405723, 1.000000000000000000 ),
 ( 0.000000000000000000, 1.000000000000000000 ),
 .UNSPECIFIED. ) ;
#1926 = ORIENTED_EDGE ( 'NONE', *, *, #3375, .F. ) ;
#1927 = CARTESIAN_POINT ( 'NONE',  ( -1.891328538954384575, -2.799999999999998490, 5.471082355559929056 ) ) ;
#1928 = SURFACE_SIDE_STYLE ('',( #7694 ) ) ;
#1929 = CARTESIAN_POINT ( 'NONE',  ( 0.6225044822567776803, -1.470000000000000862, 5.656896474495628269 ) ) ;
#1930 = PRESENTATION_LAYER_ASSIGNMENT (  '', '', ( #7946 ) ) ;
#1931 = ORIENTED_EDGE ( 'NONE', *, *, #2171, .T. ) ;
#1932 = FILL_AREA_STYLE_COLOUR ( '', #4286 ) ;
#1933 = CARTESIAN_POINT ( 'NONE',  ( -2.470318964099222470, -1.470000000000000417, 6.242949473532262594 ) ) ;
#1934 = STYLED_ITEM ( 'NONE', ( #5150 ), #5700 ) ;
#1935 = PRESENTATION_STYLE_ASSIGNMENT (( #4631 ) ) ;
#1936 = ORIENTED_EDGE ( 'NONE', *, *, #2013, .F. ) ;
#1937 = CARTESIAN_POINT ( 'NONE',  ( 2.082976094462156258, -1.469999999999999973, 5.511937002308097355 ) ) ;
#1938 = VECTOR ( 'NONE', #2927, 1000.000000000000000 ) ;
#1939 = PLANE ( 'NONE',  #773 ) ;
#1940 = CARTESIAN_POINT ( 'NONE',  ( 0.8040112356801338844, -1.469999999999999085, 5.516458152762652389 ) ) ;
#1941 = CARTESIAN_POINT ( 'NONE',  ( -2.696716918112601391, -2.799999999999999378, 5.778559901765237150 ) ) ;
#1942 = CARTESIAN_POINT ( 'NONE',  ( -1.928831376666023667, -2.799999999999999822, 5.220622797663568626 ) ) ;
#1943 = FILL_AREA_STYLE ('',( #1118 ) ) ;
#1944 =( NAMED_UNIT ( * ) PLANE_ANGLE_UNIT ( ) SI_UNIT ( $, .RADIAN. ) );
#1945 = DIRECTION ( 'NONE',  ( 0.000000000000000000, -1.000000000000000000, 0.000000000000000000 ) ) ;
#1946 = CARTESIAN_POINT ( 'NONE',  ( 0.02564102564102518564, -2.799999999999999822, 5.499999999999988454 ) ) ;
#1947 = PRESENTATION_LAYER_ASSIGNMENT (  '', '', ( #7827 ) ) ;
#1948 =( NAMED_UNIT ( * ) PLANE_ANGLE_UNIT ( ) SI_UNIT ( $, .RADIAN. ) );
#1949 = ORIENTED_EDGE ( 'NONE', *, *, #2655, .T. ) ;
#1950 = UNCERTAINTY_MEASURE_WITH_UNIT (LENGTH_MEASURE( 1.000000000000000082E-05 ), #2634, 'distance_accuracy_value', 'NONE');
#1951 = CARTESIAN_POINT ( 'NONE',  ( 0.9000000000000115685, 0.9259144981615097247, 1.649821433126609893 ) ) ;
#1952 = ORIENTED_EDGE ( 'NONE', *, *, #3900, .T. ) ;
#1953 = VECTOR ( 'NONE', #6908, 1000.000000000000000 ) ;
#1954 = CARTESIAN_POINT ( 'NONE',  ( 0.2179487179487177573, -1.469999999999999973, 5.692307692307680966 ) ) ;
#1955 = ORIENTED_EDGE ( 'NONE', *, *, #691, .F. ) ;
#1956 = COLOUR_RGB ( '',0.1019607843137254888, 0.1019607843137254888, 0.1019607843137254888 ) ;
#1957 = ORIENTED_EDGE ( 'NONE', *, *, #3512, .F. ) ;
#1958 = CARTESIAN_POINT ( 'NONE',  ( 0.7751325174357414083, -1.470000000000000417, 5.752705549542724839 ) ) ;
#1959 = PLANE ( 'NONE',  #2984 ) ;
#1960 = ORIENTED_EDGE ( 'NONE', *, *, #2714, .F. ) ;
#1961 = CARTESIAN_POINT ( 'NONE',  ( -4.999999999999897859, -1.500000000000000000, 13.89999999999973923 ) ) ;
#1962 = UNCERTAINTY_MEASURE_WITH_UNIT (LENGTH_MEASURE( 1.000000000000000082E-05 ), #8597, 'distance_accuracy_value', 'NONE');
#1963 = FILL_AREA_STYLE_COLOUR ( '', #203 ) ;
#1964 = ORIENTED_EDGE ( 'NONE', *, *, #80, .T. ) ;
#1965 = LINE ( 'NONE', #4794, #8485 ) ;
#1966 = CARTESIAN_POINT ( 'NONE',  ( -1.993303945480503492, -2.799999999999998934, 5.218362005812704041 ) ) ;
#1967 = COLOUR_RGB ( '',0.8980392156862745390, 0.8980392156862745390, 0.8980392156862745390 ) ;
#1968 = CARTESIAN_POINT ( 'NONE',  ( -2.705128205128205288, -1.469999999999999973, 6.143629807692295941 ) ) ;
#1969 = VERTEX_POINT ( 'NONE', #3289 ) ;
#1970 = CARTESIAN_POINT ( 'NONE',  ( 0.6382575556987931664, -2.799999999999999378, 5.654232375324574456 ) ) ;
#1971 = CARTESIAN_POINT ( 'NONE',  ( -2.550503021297243045, -1.469999999999999529, 5.628407150266144576 ) ) ;
#1972 = UNCERTAINTY_MEASURE_WITH_UNIT (LENGTH_MEASURE( 1.000000000000000082E-05 ), #6675, 'distance_accuracy_value', 'NONE');
#1973 = ORIENTED_EDGE ( 'NONE', *, *, #2749, .F. ) ;
#1974 = CARTESIAN_POINT ( 'NONE',  ( -1.935104448512633857, -2.799999999999998490, 5.389202666153649623 ) ) ;
#1975 = ADVANCED_FACE ( 'NONE', ( #1858 ), #8957, .T. ) ;
#1976 = CARTESIAN_POINT ( 'NONE',  ( 2.260416666666666519, -1.470000000000000417, 5.600961538461527667 ) ) ;
#1977 = DIRECTION ( 'NONE',  ( -1.000000000000000000, 0.000000000000000000, -0.000000000000000000 ) ) ;
#1978 = EDGE_CURVE ( 'NONE', #3925, #3384, #1906, .T. ) ;
#1979 = ORIENTED_EDGE ( 'NONE', *, *, #3458, .F. ) ;
#1980 = CARTESIAN_POINT ( 'NONE',  ( -2.205419187290899252, -1.469999999999999529, 5.887293985671805174 ) ) ;
#1981 = PLANE ( 'NONE',  #1834 ) ;
#1982 = EDGE_CURVE ( 'NONE', #716, #582, #4739, .T. ) ;
#1983 = VERTEX_POINT ( 'NONE', #1280 ) ;
#1984 = ADVANCED_FACE ( 'NONE', ( #579 ), #4855, .F. ) ;
#1985 = PLANE ( 'NONE',  #112 ) ;
#1986 = CARTESIAN_POINT ( 'NONE',  ( 0.9351778862204378484, -1.470000000000000417, 5.638114632357750011 ) ) ;
#1987 = CARTESIAN_POINT ( 'NONE',  ( -2.700687507402145915, -2.800000000000000266, 5.800973135173286721 ) ) ;
#1988 =( GEOMETRIC_REPRESENTATION_CONTEXT ( 3 ) GLOBAL_UNCERTAINTY_ASSIGNED_CONTEXT ( ( #1114 ) ) GLOBAL_UNIT_ASSIGNED_CONTEXT ( ( #7822, #1726, #1641 ) ) REPRESENTATION_CONTEXT ( 'NONE', 'WORKASPACE' ) );
#1989 = LINE ( 'NONE', #7623, #39 ) ;
#1990 = EDGE_CURVE ( 'NONE', #2304, #2915, #3521, .T. ) ;
#1991 = FACE_BOUND ( 'NONE', #5889, .T. ) ;
#1992 = SURFACE_STYLE_USAGE ( .BOTH. , #8152 ) ;
#1993 = CARTESIAN_POINT ( 'NONE',  ( 0.9000000000000200062, 0.5723611075682351057, 2.851902961143741422 ) ) ;
#1994 =( NAMED_UNIT ( * ) SI_UNIT ( $, .STERADIAN. ) SOLID_ANGLE_UNIT ( ) );
#1995 = DIRECTION ( 'NONE',  ( 6.982962677686266711E-15, 0.000000000000000000, 1.000000000000000000 ) ) ;
#1996 = ORIENTED_EDGE ( 'NONE', *, *, #7345, .F. ) ;
#1997 = CARTESIAN_POINT ( 'NONE',  ( 0.7536836956044059566, -2.799999999999999378, 5.692582978109148151 ) ) ;
#1998 = EDGE_LOOP ( 'NONE', ( #6047, #1820, #8643, #2072 ) ) ;
#1999 = CARTESIAN_POINT ( 'NONE',  ( -0.5576923076923080425, -1.469999999999999973, 6.256410256410244841 ) ) ;
#2000 = ORIENTED_EDGE ( 'NONE', *, *, #4997, .F. ) ;
#2001 = VERTEX_POINT ( 'NONE', #8991 ) ;
#2002 = DIRECTION ( 'NONE',  ( 1.000000000000000000, 0.000000000000000000, 0.000000000000000000 ) ) ;
#2003 = ORIENTED_EDGE ( 'NONE', *, *, #7679, .F. ) ;
#2004 = CARTESIAN_POINT ( 'NONE',  ( 0.7783931002444611780, -2.799999999999999378, 5.774023261829495546 ) ) ;
#2005 = CARTESIAN_POINT ( 'NONE',  ( 2.196895947099088531, -1.469999999999999973, 5.873406909450507918 ) ) ;
#2006 = ORIENTED_EDGE ( 'NONE', *, *, #7253, .F. ) ;
#2007 = DIRECTION ( 'NONE',  ( -0.000000000000000000, -1.000000000000000000, -0.000000000000000000 ) ) ;
#2008 = STYLED_ITEM ( 'NONE', ( #104 ), #7051 ) ;
#2009 = CARTESIAN_POINT ( 'NONE',  ( 1.941706730769231060, -1.470000000000000417, 5.499999999999989342 ) ) ;
#2010 = CARTESIAN_POINT ( 'NONE',  ( -2.429829651696453485, -1.469999999999999085, 5.699279530333063448 ) ) ;
#2011 =( GEOMETRIC_REPRESENTATION_CONTEXT ( 3 ) GLOBAL_UNCERTAINTY_ASSIGNED_CONTEXT ( ( #465 ) ) GLOBAL_UNIT_ASSIGNED_CONTEXT ( ( #8694, #6623, #1057 ) ) REPRESENTATION_CONTEXT ( 'NONE', 'WORKASPACE' ) );
#2012 = DIRECTION ( 'NONE',  ( 0.000000000000000000, 0.000000000000000000, -1.000000000000000000 ) ) ;
#2013 = EDGE_CURVE ( 'NONE', #6078, #7309, #4485, .T. ) ;
#2014 = VECTOR ( 'NONE', #2674, 1000.000000000000000 ) ;
#2015 = SURFACE_STYLE_FILL_AREA ( #6261 ) ;
#2016 = SURFACE_STYLE_FILL_AREA ( #8323 ) ;
#2017 = ORIENTED_EDGE ( 'NONE', *, *, #1119, .F. ) ;
#2018 = DIRECTION ( 'NONE',  ( -1.000000000000000000, 0.000000000000000000, 0.000000000000000000 ) ) ;
#2019 = STYLED_ITEM ( 'NONE', ( #3528 ), #853 ) ;
#2020 = LINE ( 'NONE', #592, #7427 ) ;
#2021 = B_SPLINE_CURVE_WITH_KNOTS ( 'NONE', 3,
 ( #4643, #5410, #4824, #1219, #6737, #4780, #8201, #3376, #2533, #6056, #6194, #6830, #7570, #8945, #519, #3330, #6148, #567, #2685 ),
 .UNSPECIFIED., .F., .F.,
 ( 4, 1, 1, 1, 1, 1, 1, 1, 1, 1, 1, 1, 1, 1, 1, 1, 4 ),
 ( 0.000000000000000000, 0.09014934839752181128, 0.1695227897218470892, 0.2401338620078048991, 0.3006793848792050916, 0.3553246047396738105, 0.4081116043277391303, 0.4591269694094133880, 0.5096395720849418165, 0.5601590957172296603, 0.6138392952926428059, 0.6700581549261874770, 0.7300933721719619074, 0.7926273148104308053, 0.8583532488339422617, 0.9272501558694048462, 1.000000000000000000 ),
 .UNSPECIFIED. ) ;
#2022 = DIRECTION ( 'NONE',  ( -6.982962677686266711E-15, 0.000000000000000000, -1.000000000000000000 ) ) ;
#2023 = COLOUR_RGB ( '',0.6901960784313725394, 0.6117647058823529882, 0.5294117647058823595 ) ;
#2024 = ORIENTED_EDGE ( 'NONE', *, *, #1666, .T. ) ;
#2025 = CARTESIAN_POINT ( 'NONE',  ( -2.011746619523451240, -1.470000000000000417, 5.359082679887531064 ) ) ;
#2026 = LINE ( 'NONE', #6812, #1568 ) ;
#2027 = CARTESIAN_POINT ( 'NONE',  ( -2.705128205128205288, -2.799999999999999822, 5.499999999999988454 ) ) ;
#2028 = ADVANCED_FACE ( 'NONE', ( #2826 ), #4930, .T. ) ;
#2029 = FACE_OUTER_BOUND ( 'NONE', #1436, .T. ) ;
#2030 = ORIENTED_EDGE ( 'NONE', *, *, #7105, .F. ) ;
#2031 = SURFACE_SIDE_STYLE ('',( #3417 ) ) ;
#2032 = SURFACE_STYLE_FILL_AREA ( #4169 ) ;
#2033 = SURFACE_STYLE_FILL_AREA ( #3517 ) ;
#2034 = ORIENTED_EDGE ( 'NONE', *, *, #8494, .F. ) ;
#2035 =( NAMED_UNIT ( * ) PLANE_ANGLE_UNIT ( ) SI_UNIT ( $, .RADIAN. ) );
#2036 = EDGE_CURVE ( 'NONE', #6253, #1270, #8844, .T. ) ;
#2037 = PLANE ( 'NONE',  #1792 ) ;
#2038 = CARTESIAN_POINT ( 'NONE',  ( 0.9499827433329753879, -1.469999999999999973, 5.672356562299778027 ) ) ;
#2039 = LINE ( 'NONE', #6965, #444 ) ;
#2040 = DIRECTION ( 'NONE',  ( -6.982962677686266711E-15, 0.000000000000000000, -1.000000000000000000 ) ) ;
#2041 = CARTESIAN_POINT ( 'NONE',  ( 2.251209872102022391, -1.469999999999999529, 5.592681795740280570 ) ) ;
#2042 = CARTESIAN_POINT ( 'NONE',  ( 3.400000000010853896, 0.3000000000000003775, 4.499999999999976019 ) ) ;
#2043 = FILL_AREA_STYLE ('',( #6918 ) ) ;
#2044 = SURFACE_STYLE_USAGE ( .BOTH. , #4862 ) ;
#2045 = DIRECTION ( 'NONE',  ( 0.000000000000000000, -1.000000000000000000, 0.000000000000000000 ) ) ;
#2046 = UNCERTAINTY_MEASURE_WITH_UNIT (LENGTH_MEASURE( 1.000000000000000082E-05 ), #6579, 'distance_accuracy_value', 'NONE');
#2047 =( LENGTH_UNIT ( ) NAMED_UNIT ( * ) SI_UNIT ( .MILLI., .METRE. ) );
#2048 = ORIENTED_EDGE ( 'NONE', *, *, #7989, .T. ) ;
#2049 = CARTESIAN_POINT ( 'NONE',  ( 2.363813535202949012, -1.470000000000000862, 5.768725478682553032 ) ) ;
#2050 = ORIENTED_EDGE ( 'NONE', *, *, #3727, .T. ) ;
#2051 = VERTEX_POINT ( 'NONE', #8603 ) ;
#2052 = CARTESIAN_POINT ( 'NONE',  ( -1.435897435897436125, -2.799999999999999822, 6.230769230769219291 ) ) ;
#2053 = FACE_OUTER_BOUND ( 'NONE', #5417, .T. ) ;
#2054 =( LENGTH_UNIT ( ) NAMED_UNIT ( * ) SI_UNIT ( .MILLI., .METRE. ) );
#2055 = EDGE_LOOP ( 'NONE', ( #7405, #5531, #7897, #5040 ) ) ;
#2056 = CARTESIAN_POINT ( 'NONE',  ( -0.4567307692307696065, -2.799999999999999822, 6.499999999999988454 ) ) ;
#2057 = UNCERTAINTY_MEASURE_WITH_UNIT (LENGTH_MEASURE( 1.000000000000000082E-05 ), #4069, 'distance_accuracy_value', 'NONE');
#2058 = CARTESIAN_POINT ( 'NONE',  ( 1.941706730769231060, -2.799999999999999822, 5.499999999999989342 ) ) ;
#2059 = SURFACE_SIDE_STYLE ('',( #6163 ) ) ;
#2060 = CIRCLE ( 'NONE', #3543, 0.7000000000000007327 ) ;
#2061 = CARTESIAN_POINT ( 'NONE',  ( -2.076923076923077538, -2.799999999999999822, 5.228565705128193741 ) ) ;
#2062 = VERTEX_POINT ( 'NONE', #4439 ) ;
#2063 = DIRECTION ( 'NONE',  ( -0.000000000000000000, -1.000000000000000000, -0.000000000000000000 ) ) ;
#2064 = EDGE_CURVE ( 'NONE', #5425, #7250, #8515, .T. ) ;
#2065 = CARTESIAN_POINT ( 'NONE',  ( 1.700000000000032152, 0.3000000000000003775, 4.599999999999648814 ) ) ;
#2066 = DIRECTION ( 'NONE',  ( 1.000000000000000000, 0.000000000000000000, 0.000000000000000000 ) ) ;
#2067 = EDGE_CURVE ( 'NONE', #138, #4141, #4984, .T. ) ;
#2068 = ORIENTED_EDGE ( 'NONE', *, *, #2245, .F. ) ;
#2069 = CARTESIAN_POINT ( 'NONE',  ( -2.076923076923077538, -1.469999999999999973, 5.228565705128193741 ) ) ;
#2070 =( NAMED_UNIT ( * ) PLANE_ANGLE_UNIT ( ) SI_UNIT ( $, .RADIAN. ) );
#2071 = DIRECTION ( 'NONE',  ( -0.3324684949480267715, 0.000000000000000000, 0.9431143620298622077 ) ) ;
#2072 = ORIENTED_EDGE ( 'NONE', *, *, #2249, .T. ) ;
#2073 = CARTESIAN_POINT ( 'NONE',  ( 1.930889423076922684, -2.799999999999999822, 6.499999999999988454 ) ) ;
#2074 = PRESENTATION_LAYER_ASSIGNMENT (  '', '', ( #8530 ) ) ;
#2075 = CARTESIAN_POINT ( 'NONE',  ( -2.684540924204505075, -2.799999999999999822, 5.577203150388785780 ) ) ;
#2076 = ORIENTED_EDGE ( 'NONE', *, *, #3758, .F. ) ;
#2077 = SURFACE_STYLE_USAGE ( .BOTH. , #4172 ) ;
#2078 = EDGE_CURVE ( 'NONE', #2114, #3299, #2351, .T. ) ;
#2079 = DIRECTION ( 'NONE',  ( -6.982962677686266711E-15, 0.000000000000000000, -1.000000000000000000 ) ) ;
#2080 = FACE_OUTER_BOUND ( 'NONE', #7111, .T. ) ;
#2081 = CARTESIAN_POINT ( 'NONE',  ( 0.6525150140712815405, -1.470000000000000417, 5.487329730568495378 ) ) ;
#2082 = COLOUR_RGB ( '',0.8980392156862745390, 0.8980392156862745390, 0.8980392156862745390 ) ;
#2083 = CARTESIAN_POINT ( 'NONE',  ( 2.120192307692307931, -2.799999999999999822, 6.480969551282039554 ) ) ;
#2084 = DIRECTION ( 'NONE',  ( 4.937700262164532265E-15, 0.7071067811865474617, 0.7071067811865476838 ) ) ;
#2085 = CARTESIAN_POINT ( 'NONE',  ( -1.699999999999967981, -0.2999999999999999334, 4.600000000000012079 ) ) ;
#2086 = CARTESIAN_POINT ( 'NONE',  ( -1.901658146994245291, -2.800000000000000266, 5.444289088124378395 ) ) ;
#2087 = CARTESIAN_POINT ( 'NONE',  ( 1.396592535537253342E-13, -2.799999999999999822, 20.00000000000000000 ) ) ;
#2088 = MECHANICAL_DESIGN_GEOMETRIC_PRESENTATION_REPRESENTATION (  '', ( #6063 ), #3108 ) ;
#2089 = DIRECTION ( 'NONE',  ( 1.000000000000000000, 0.000000000000000000, -6.982962677686266711E-15 ) ) ;
#2090 = ORIENTED_EDGE ( 'NONE', *, *, #2652, .F. ) ;
#2091 = ADVANCED_FACE ( 'NONE', ( #7829 ), #4406, .F. ) ;
#2092 = DIRECTION ( 'NONE',  ( 0.000000000000000000, -1.000000000000000000, 0.000000000000000000 ) ) ;
#2093 = VERTEX_POINT ( 'NONE', #920 ) ;
#2094 =( GEOMETRIC_REPRESENTATION_CONTEXT ( 3 ) GLOBAL_UNCERTAINTY_ASSIGNED_CONTEXT ( ( #6197 ) ) GLOBAL_UNIT_ASSIGNED_CONTEXT ( ( #9039, #8883, #4030 ) ) REPRESENTATION_CONTEXT ( 'NONE', 'WORKASPACE' ) );
#2095 =( GEOMETRIC_REPRESENTATION_CONTEXT ( 3 ) GLOBAL_UNCERTAINTY_ASSIGNED_CONTEXT ( ( #5570 ) ) GLOBAL_UNIT_ASSIGNED_CONTEXT ( ( #1763, #4508, #7280 ) ) REPRESENTATION_CONTEXT ( 'NONE', 'WORKASPACE' ) );
#2096 = DIRECTION ( 'NONE',  ( -1.000000000000000000, 0.000000000000000000, 6.982962677686266711E-15 ) ) ;
#2097 = EDGE_CURVE ( 'NONE', #8967, #2231, #7258, .T. ) ;
#2098 = EDGE_CURVE ( 'NONE', #8824, #7492, #1152, .T. ) ;
#2099 = SURFACE_SIDE_STYLE ('',( #849 ) ) ;
#2100 = ORIENTED_EDGE ( 'NONE', *, *, #3093, .T. ) ;
#2101 = DIRECTION ( 'NONE',  ( 0.2958524649701909648, 0.000000000000000000, -0.9552336462725032895 ) ) ;
#2102 = STYLED_ITEM ( 'NONE', ( #3229 ), #4634 ) ;
#2103 = CARTESIAN_POINT ( 'NONE',  ( 2.397435897435897356, -1.469999999999999973, 5.990384615384604317 ) ) ;
#2104 = SURFACE_STYLE_FILL_AREA ( #7071 ) ;
#2105 = ORIENTED_EDGE ( 'NONE', *, *, #1747, .T. ) ;
#2106 = DIRECTION ( 'NONE',  ( 0.000000000000000000, -1.000000000000000000, 0.000000000000000000 ) ) ;
#2107 = ORIENTED_EDGE ( 'NONE', *, *, #6615, .F. ) ;
#2108 = LINE ( 'NONE', #7731, #8551 ) ;
#2109 = ORIENTED_EDGE ( 'NONE', *, *, #8547, .F. ) ;
#2110 = DIRECTION ( 'NONE',  ( 1.000000000000000000, 0.000000000000000000, -6.982962677686266711E-15 ) ) ;
#2111 = PRESENTATION_LAYER_ASSIGNMENT (  '', '', ( #5048 ) ) ;
#2112 = CARTESIAN_POINT ( 'NONE',  ( 0.5516826923076920686, -1.469999999999999973, 5.708934294871783166 ) ) ;
#2113 = CARTESIAN_POINT ( 'NONE',  ( -2.563217847720816067, -2.799999999999999822, 5.628806477441380629 ) ) ;
#2114 = VERTEX_POINT ( 'NONE', #3123 ) ;
#2115 = CARTESIAN_POINT ( 'NONE',  ( 5.199999999999976197, -2.799999999999999822, -3.500000000000036415 ) ) ;
#2116 = CARTESIAN_POINT ( 'NONE',  ( 1.914663461538461231, -1.469999999999999973, 5.666666666666654528 ) ) ;
#2117 = FACE_OUTER_BOUND ( 'NONE', #3115, .T. ) ;
#2118 = VECTOR ( 'NONE', #4954, 1000.000000000000000 ) ;
#2119 =( LENGTH_UNIT ( ) NAMED_UNIT ( * ) SI_UNIT ( .MILLI., .METRE. ) );
#2120 =( NAMED_UNIT ( * ) SI_UNIT ( $, .STERADIAN. ) SOLID_ANGLE_UNIT ( ) );
#2121 = CARTESIAN_POINT ( 'NONE',  ( -2.704921960810621862, -2.799999999999998934, 5.905962547932809947 ) ) ;
#2122 = CARTESIAN_POINT ( 'NONE',  ( 0.8040112356801338844, -2.799999999999998490, 5.516458152762652389 ) ) ;
#2123 = CARTESIAN_POINT ( 'NONE',  ( -2.673872182673409981, -2.799999999999999822, 5.712011319941236565 ) ) ;
#2124 = EDGE_CURVE ( 'NONE', #2637, #3062, #284, .T. ) ;
#2125 = CARTESIAN_POINT ( 'NONE',  ( 3.300000000000032241, -0.2999999999999999334, 4.599999999999976552 ) ) ;
#2126 = CARTESIAN_POINT ( 'NONE',  ( -0.8331330128205131080, -1.469999999999999973, 5.499999999999988454 ) ) ;
#2127 = CARTESIAN_POINT ( 'NONE',  ( 0.6422275641025636528, -2.799999999999999822, 5.487179487179475679 ) ) ;
#2128 = CARTESIAN_POINT ( 'NONE',  ( -2.897435897435897800, -1.469999999999999973, 6.499999999999988454 ) ) ;
#2129 = CARTESIAN_POINT ( 'NONE',  ( -0.8999999999999831468, 0.1480970388563068729, 2.427638892431824846 ) ) ;
#2130 = LINE ( 'NONE', #4948, #2579 ) ;
#2131 = UNCERTAINTY_MEASURE_WITH_UNIT (LENGTH_MEASURE( 1.000000000000000082E-05 ), #7294, 'distance_accuracy_value', 'NONE');
#2132 = SURFACE_STYLE_USAGE ( .BOTH. , #6380 ) ;
#2133 = ORIENTED_EDGE ( 'NONE', *, *, #7039, .T. ) ;
#2134 = CARTESIAN_POINT ( 'NONE',  ( -4.999999999999897859, -1.500000000000000000, 13.89999999999973923 ) ) ;
#2135 = ORIENTED_EDGE ( 'NONE', *, *, #4142, .T. ) ;
#2136 = PLANE ( 'NONE',  #1646 ) ;
#2137 = ORIENTED_EDGE ( 'NONE', *, *, #2862, .T. ) ;
#2138 = UNCERTAINTY_MEASURE_WITH_UNIT (LENGTH_MEASURE( 1.000000000000000082E-05 ), #830, 'distance_accuracy_value', 'NONE');
#2139 = EDGE_CURVE ( 'NONE', #7324, #480, #6618, .T. ) ;
#2140 = EDGE_CURVE ( 'NONE', #2173, #7344, #273, .T. ) ;
#2141 = LINE ( 'NONE', #4341, #7019 ) ;
#2142 = EDGE_LOOP ( 'NONE', ( #7676, #2618, #986, #953, #2109, #1952, #3863, #2918 ) ) ;
#2143 = FACE_BOUND ( 'NONE', #1243, .T. ) ;
#2144 = STYLED_ITEM ( 'NONE', ( #7235 ), #6478 ) ;
#2145 = CARTESIAN_POINT ( 'NONE',  ( -1.976072234772370484, -1.470000000000001306, 5.364284178213924115 ) ) ;
#2146 = ORIENTED_EDGE ( 'NONE', *, *, #1379, .T. ) ;
#2147 = DIRECTION ( 'NONE',  ( 4.937700262164529898E-15, -0.7071067811865477948, 0.7071067811865473507 ) ) ;
#2148 = FILL_AREA_STYLE ('',( #9071 ) ) ;
#2149 = ORIENTED_EDGE ( 'NONE', *, *, #7253, .T. ) ;
#2150 = EDGE_CURVE ( 'NONE', #5198, #5848, #1828, .T. ) ;
#2151 = CARTESIAN_POINT ( 'NONE',  ( 2.160953259163421958, -1.469999999999999973, 5.535807171497254764 ) ) ;
#2152 = STYLED_ITEM ( 'NONE', ( #3905 ), #2537 ) ;
#2153 = LINE ( 'NONE', #6359, #2340 ) ;
#2154 = ORIENTED_EDGE ( 'NONE', *, *, #3008, .T. ) ;
#2155 = LINE ( 'NONE', #4307, #5436 ) ;
#2156 = CARTESIAN_POINT ( 'NONE',  ( -1.699999999989103783, -0.2999999999999999334, 4.500000000000011546 ) ) ;
#2157 = DIRECTION ( 'NONE',  ( -4.920609859741901401E-15, -0.7071067811865526798, -0.7071067811865422437 ) ) ;
#2158 = DIRECTION ( 'NONE',  ( 0.000000000000000000, -0.000000000000000000, 1.000000000000000000 ) ) ;
#2159 = VECTOR ( 'NONE', #8207, 1000.000000000000114 ) ;
#2160 = VECTOR ( 'NONE', #1550, 1000.000000000000000 ) ;
#2161 = DIRECTION ( 'NONE',  ( 0.000000000000000000, -1.000000000000000000, 0.000000000000000000 ) ) ;
#2162 = CARTESIAN_POINT ( 'NONE',  ( -2.705058159205572466, -2.799999999999998934, 5.888293700635681915 ) ) ;
#2163 = CARTESIAN_POINT ( 'NONE',  ( -2.033816795416035550, -2.799999999999998934, 5.359402630901954012 ) ) ;
#2164 =( LENGTH_UNIT ( ) NAMED_UNIT ( * ) SI_UNIT ( .MILLI., .METRE. ) );
#2165 = PLANE ( 'NONE',  #5024 ) ;
#2166 = CARTESIAN_POINT ( 'NONE',  ( 1.600000000000009193, 0.3000000000000003775, 1.400000000009657519 ) ) ;
#2167 = CARTESIAN_POINT ( 'NONE',  ( -0.7999999999999909406, 1.281934649340568111, 1.293801281947564163 ) ) ;
#2168 = CARTESIAN_POINT ( 'NONE',  ( 2.756410256410256387, -1.469999999999999973, 5.692307692307680966 ) ) ;
#2169 = FILL_AREA_STYLE_COLOUR ( '', #1369 ) ;
#2170 = CARTESIAN_POINT ( 'NONE',  ( -1.993303945480503492, -1.469999999999999085, 5.218362005812704041 ) ) ;
#2171 = EDGE_CURVE ( 'NONE', #677, #4515, #8736, .T. ) ;
#2172 = CARTESIAN_POINT ( 'NONE',  ( -4.999999999999963585, 0.3000000000000003775, 4.500000000000034639 ) ) ;
#2173 = VERTEX_POINT ( 'NONE', #362 ) ;
#2174 = VECTOR ( 'NONE', #7213, 1000.000000000000000 ) ;
#2175 = ORIENTED_EDGE ( 'NONE', *, *, #2345, .T. ) ;
#2176 =( NAMED_UNIT ( * ) PLANE_ANGLE_UNIT ( ) SI_UNIT ( $, .RADIAN. ) );
#2177 = DIRECTION ( 'NONE',  ( 0.000000000000000000, 0.000000000000000000, -1.000000000000000000 ) ) ;
#2178 = ORIENTED_EDGE ( 'NONE', *, *, #165, .T. ) ;
#2179 =( LENGTH_UNIT ( ) NAMED_UNIT ( * ) SI_UNIT ( .MILLI., .METRE. ) );
#2180 = PLANE ( 'NONE',  #3882 ) ;
#2181 = CARTESIAN_POINT ( 'NONE',  ( -3.299999999999940314, 0.3000000000000003775, 2.500000000000022649 ) ) ;
#2182 = VERTEX_POINT ( 'NONE', #1100 ) ;
#2183 =( LENGTH_UNIT ( ) NAMED_UNIT ( * ) SI_UNIT ( .MILLI., .METRE. ) );
#2184 = CARTESIAN_POINT ( 'NONE',  ( 2.564102564102564319, -1.469999999999999973, 5.692307692307680966 ) ) ;
#2185 = EDGE_CURVE ( 'NONE', #1772, #782, #3779, .T. ) ;
#2186 = EDGE_LOOP ( 'NONE', ( #3440, #3770, #3110, #7331 ) ) ;
#2187 = LINE ( 'NONE', #4345, #4458 ) ;
#2188 = CARTESIAN_POINT ( 'NONE',  ( -2.671966160639841714, -2.799999999999998934, 6.032537728661957921 ) ) ;
#2189 = COLOUR_RGB ( '',0.6196078431372549211, 0.4117647058823529216, 0.2000000000000000111 ) ;
#2190 = CARTESIAN_POINT ( 'NONE',  ( 2.025440705128205288, -1.469999999999999973, 6.323717948717937354 ) ) ;
#2191 = ORIENTED_EDGE ( 'NONE', *, *, #4468, .T. ) ;
#2192 = PLANE ( 'NONE',  #5243 ) ;
#2193 = SURFACE_SIDE_STYLE ('',( #1524 ) ) ;
#2194 = ORIENTED_EDGE ( 'NONE', *, *, #6228, .F. ) ;
#2195 = ADVANCED_FACE ( 'NONE', ( #3171 ), #5244, .T. ) ;
#2196 = CARTESIAN_POINT ( 'NONE',  ( 0.7605840319499813651, -1.470000000000001306, 5.703865651432999506 ) ) ;
#2197 = CARTESIAN_POINT ( 'NONE',  ( -2.705128205128205288, -2.800000000000000266, 5.605568910256399029 ) ) ;
#2198 = DIRECTION ( 'NONE',  ( -1.000000000000000000, 0.000000000000000000, 6.982962677686266711E-15 ) ) ;
#2199 = EDGE_CURVE ( 'NONE', #4348, #1460, #7347, .T. ) ;
#2200 = PRESENTATION_LAYER_ASSIGNMENT (  '', '', ( #8973 ) ) ;
#2201 = LINE ( 'NONE', #5104, #970 ) ;
#2202 = CARTESIAN_POINT ( 'NONE',  ( 2.900000000000031442, -0.2999999999999999334, 4.499999999999979572 ) ) ;
#2203 = VECTOR ( 'NONE', #5504, 1000.000000000000000 ) ;
#2204 = DIRECTION ( 'NONE',  ( -1.000000000000000000, 0.000000000000000000, 6.982962677686266711E-15 ) ) ;
#2205 = VECTOR ( 'NONE', #5642, 1000.000000000000114 ) ;
#2206 = CYLINDRICAL_SURFACE ( 'NONE', #2962, 1.300000000000000711 ) ;
#2207 = LINE ( 'NONE', #72, #5020 ) ;
#2208 = DIRECTION ( 'NONE',  ( -1.000000000000000000, 0.000000000000000000, 6.982962677686266711E-15 ) ) ;
#2209 = CARTESIAN_POINT ( 'NONE',  ( 2.346645606423128250, -2.799999999999999822, 5.725872763881528549 ) ) ;
#2210 = COLOUR_RGB ( '',0.1019607843137254888, 0.1019607843137254888, 0.1019607843137254888 ) ;
#2211 = CARTESIAN_POINT ( 'NONE',  ( 1.179487179487178850, -1.469999999999999973, 5.692307692307680966 ) ) ;
#2212 = VECTOR ( 'NONE', #5205, 1000.000000000000000 ) ;
#2213 = UNCERTAINTY_MEASURE_WITH_UNIT (LENGTH_MEASURE( 1.000000000000000082E-05 ), #7023, 'distance_accuracy_value', 'NONE');
#2214 = SURFACE_STYLE_FILL_AREA ( #5647 ) ;
#2215 = ORIENTED_EDGE ( 'NONE', *, *, #9097, .F. ) ;
#2216 = SURFACE_SIDE_STYLE ('',( #6338 ) ) ;
#2217 = CARTESIAN_POINT ( 'NONE',  ( 0.9581528298275449052, -2.799999999999999822, 5.697398835204314338 ) ) ;
#2218 = DIRECTION ( 'NONE',  ( -6.982962677686266711E-15, 0.000000000000000000, -1.000000000000000000 ) ) ;
#2219 =( GEOMETRIC_REPRESENTATION_CONTEXT ( 3 ) GLOBAL_UNCERTAINTY_ASSIGNED_CONTEXT ( ( #7015 ) ) GLOBAL_UNIT_ASSIGNED_CONTEXT ( ( #8735, #361, #5996 ) ) REPRESENTATION_CONTEXT ( 'NONE', 'WORKASPACE' ) );
#2220 = ORIENTED_EDGE ( 'NONE', *, *, #7837, .T. ) ;
#2221 = DIRECTION ( 'NONE',  ( 0.000000000000000000, -1.000000000000000000, 0.000000000000000000 ) ) ;
#2222 = PLANE ( 'NONE',  #7849 ) ;
#2223 = LINE ( 'NONE', #7152, #3040 ) ;
#2224 = VERTEX_POINT ( 'NONE', #4669 ) ;
#2225 = DIRECTION ( 'NONE',  ( 0.000000000000000000, -1.000000000000000000, 0.000000000000000000 ) ) ;
#2226 = CARTESIAN_POINT ( 'NONE',  ( -1.883413461538461897, -1.469999999999999973, 5.499999999999988454 ) ) ;
#2227 = ORIENTED_EDGE ( 'NONE', *, *, #5712, .F. ) ;
#2228 = CARTESIAN_POINT ( 'NONE',  ( 0.9000000000000170086, 0.1480970388563068729, 2.427638892431812856 ) ) ;
#2229 = ORIENTED_EDGE ( 'NONE', *, *, #7786, .F. ) ;
#2230 =( NAMED_UNIT ( * ) PLANE_ANGLE_UNIT ( ) SI_UNIT ( $, .RADIAN. ) );
#2231 = VERTEX_POINT ( 'NONE', #4578 ) ;
#2232 =( LENGTH_UNIT ( ) NAMED_UNIT ( * ) SI_UNIT ( .MILLI., .METRE. ) );
#2233 = ORIENTED_EDGE ( 'NONE', *, *, #34, .F. ) ;
#2234 = CARTESIAN_POINT ( 'NONE',  ( -4.999999999999963585, 0.3000000000000003775, 4.500000000000034639 ) ) ;
#2235 = CARTESIAN_POINT ( 'NONE',  ( 2.120192307692307931, -1.469999999999999973, 6.480969551282039554 ) ) ;
#2236 = CARTESIAN_POINT ( 'NONE',  ( 2.110183031277635735, -1.469999999999999085, 5.703951860623121206 ) ) ;
#2237 = DIRECTION ( 'NONE',  ( 7.377218013139006875E-15, 0.000000000000000000, 1.000000000000000000 ) ) ;
#2238 = VECTOR ( 'NONE', #3109, 1000.000000000000000 ) ;
#2239 = CARTESIAN_POINT ( 'NONE',  ( -2.705058159205572466, -1.469999999999999973, 5.888293700635681915 ) ) ;
#2240 =( NAMED_UNIT ( * ) PLANE_ANGLE_UNIT ( ) SI_UNIT ( $, .RADIAN. ) );
#2241 = PRESENTATION_STYLE_ASSIGNMENT (( #110 ) ) ;
#2242 = EDGE_CURVE ( 'NONE', #7474, #8360, #1053, .T. ) ;
#2243 = DIRECTION ( 'NONE',  ( 0.9956342260592883076, -0.09334070869305662044, -6.952476641199062594E-15 ) ) ;
#2244 = CARTESIAN_POINT ( 'NONE',  ( -2.474625554254044513, -2.799999999999999822, 5.649885571296678677 ) ) ;
#2245 = EDGE_CURVE ( 'NONE', #4950, #5944, #5151, .T. ) ;
#2246 = DIRECTION ( 'NONE',  ( -1.000000000000000000, 0.000000000000000000, 0.000000000000000000 ) ) ;
#2247 = CARTESIAN_POINT ( 'NONE',  ( 2.756410256410256387, -2.799999999999999822, 5.499999999999988454 ) ) ;
#2248 = VECTOR ( 'NONE', #4866, 1000.000000000000000 ) ;
#2249 = EDGE_CURVE ( 'NONE', #4041, #6135, #4626, .T. ) ;
#2250 = CARTESIAN_POINT ( 'NONE',  ( -1.728748749626194403, -2.800000000000000266, 5.392391610284232861 ) ) ;
#2251 = CARTESIAN_POINT ( 'NONE',  ( 2.384889061623495010, -2.799999999999999378, 6.148280647444117619 ) ) ;
#2252 = ORIENTED_EDGE ( 'NONE', *, *, #4073, .F. ) ;
#2253 = EDGE_CURVE ( 'NONE', #7883, #4812, #7951, .T. ) ;
#2254 = SURFACE_STYLE_FILL_AREA ( #2338 ) ;
#2255 = COLOUR_RGB ( '',0.8980392156862745390, 0.8980392156862745390, 0.8980392156862745390 ) ;
#2256 = VECTOR ( 'NONE', #997, 1000.000000000000000 ) ;
#2257 = DIRECTION ( 'NONE',  ( 1.000000000000000000, 0.000000000000000000, -6.982962677686266711E-15 ) ) ;
#2258 =( NAMED_UNIT ( * ) PLANE_ANGLE_UNIT ( ) SI_UNIT ( $, .RADIAN. ) );
#2259 = VECTOR ( 'NONE', #2908, 1000.000000000000000 ) ;
#2260 = CARTESIAN_POINT ( 'NONE',  ( 2.205128205128205288, -2.799999999999999822, 5.999599358974347041 ) ) ;
#2261 = STYLED_ITEM ( 'NONE', ( #5547 ), #69 ) ;
#2262 = B_SPLINE_CURVE_WITH_KNOTS ( 'NONE', 3,
 ( #2580, #5407, #9096, #1213, #4034, #6827, #516, #8248, #9045, #2738, #8941, #5448, #2994, #4409, #8439, #749, #2953, #5073, #879 ),
 .UNSPECIFIED., .F., .F.,
 ( 4, 1, 1, 1, 1, 1, 1, 1, 1, 1, 1, 1, 1, 1, 1, 1, 4 ),
 ( 0.000000000000000000, 0.04897265934825970057, 0.09603727320063132344, 0.1432597089555472658, 0.1913961402051193028, 0.2397088959690647225, 0.2898101749422433704, 0.3428344695245079121, 0.3983538538531715689, 0.4571281345811363805, 0.5195371138797496569, 0.5857795853228681127, 0.6577911338564139676, 0.7342609679866898276, 0.8165165377632017663, 0.9054336617226187434, 1.000000000000000000 ),
 .UNSPECIFIED. ) ;
#2263 = ORIENTED_EDGE ( 'NONE', *, *, #425, .F. ) ;
#2264 = AXIS2_PLACEMENT_3D ( 'NONE', #5892, #8075, #2453 ) ;
#2265 = SURFACE_SIDE_STYLE ('',( #5003 ) ) ;
#2266 = VERTEX_POINT ( 'NONE', #1645 ) ;
#2267 = LINE ( 'NONE', #5050, #766 ) ;
#2268 = EDGE_LOOP ( 'NONE', ( #4293, #4651, #2747, #6717 ) ) ;
#2269 = CARTESIAN_POINT ( 'NONE',  ( -2.694495815203648004, -2.800000000000001155, 5.977254305912778065 ) ) ;
#2270 = ORIENTED_EDGE ( 'NONE', *, *, #789, .F. ) ;
#2271 = EDGE_CURVE ( 'NONE', #6473, #8416, #3917, .T. ) ;
#2272 = DIRECTION ( 'NONE',  ( 0.3550606623267720807, 0.000000000000000000, -0.9348432628350454854 ) ) ;
#2273 = MECHANICAL_DESIGN_GEOMETRIC_PRESENTATION_REPRESENTATION (  '', ( #105 ), #7601 ) ;
#2274 = ORIENTED_EDGE ( 'NONE', *, *, #3778, .F. ) ;
#2275 = CARTESIAN_POINT ( 'NONE',  ( -2.421160717716062116, -1.469999999999999529, 6.012706789501926607 ) ) ;
#2276 = VERTEX_POINT ( 'NONE', #6039 ) ;
#2277 = SURFACE_STYLE_USAGE ( .BOTH. , #8639 ) ;
#2278 = PRESENTATION_STYLE_ASSIGNMENT (( #6667 ) ) ;
#2279 = CARTESIAN_POINT ( 'NONE',  ( 2.005756048277413495, -1.469999999999999973, 5.670404977662644619 ) ) ;
#2280 =( GEOMETRIC_REPRESENTATION_CONTEXT ( 3 ) GLOBAL_UNCERTAINTY_ASSIGNED_CONTEXT ( ( #753 ) ) GLOBAL_UNIT_ASSIGNED_CONTEXT ( ( #8838, #4767, #7560 ) ) REPRESENTATION_CONTEXT ( 'NONE', 'WORKASPACE' ) );
#2281 = ORIENTED_EDGE ( 'NONE', *, *, #1012, .F. ) ;
#2282 = VECTOR ( 'NONE', #6028, 1000.000000000000000 ) ;
#2283 = CARTESIAN_POINT ( 'NONE',  ( -0.7489983974358978003, -1.469999999999999973, 5.730769230769219291 ) ) ;
#2284 = CARTESIAN_POINT ( 'NONE',  ( -2.511103438005480193, -2.799999999999998934, 6.243277658402832664 ) ) ;
#2285 =( NAMED_UNIT ( * ) SI_UNIT ( $, .STERADIAN. ) SOLID_ANGLE_UNIT ( ) );
#2286 = AXIS2_PLACEMENT_3D ( 'NONE', #4678, #1162, #1351 ) ;
#2287 =( NAMED_UNIT ( * ) PLANE_ANGLE_UNIT ( ) SI_UNIT ( $, .RADIAN. ) );
#2288 = AXIS2_PLACEMENT_3D ( 'NONE', #1954, #6880, #3383 ) ;
#2289 = CARTESIAN_POINT ( 'NONE',  ( 5.000000000000096811, -2.799999999999999822, 13.89999999999996483 ) ) ;
#2290 = CARTESIAN_POINT ( 'NONE',  ( -2.519104690080674391, -2.800000000000001155, 6.099221058911898474 ) ) ;
#2291 = CARTESIAN_POINT ( 'NONE',  ( -1.906735032848085654, -2.799999999999999822, 5.223510314507421981 ) ) ;
#2292 = VECTOR ( 'NONE', #7048, 1000.000000000000000 ) ;
#2293 = ADVANCED_FACE ( 'NONE', ( #2510 ), #5341, .F. ) ;
#2294 = DIRECTION ( 'NONE',  ( 1.000000000000000000, -0.000000000000000000, -6.982962677686266711E-15 ) ) ;
#2295 = CARTESIAN_POINT ( 'NONE',  ( 2.393045252574089954, -1.469999999999999085, 6.089131578989858795 ) ) ;
#2296 = UNCERTAINTY_MEASURE_WITH_UNIT (LENGTH_MEASURE( 1.000000000000000082E-05 ), #2183, 'distance_accuracy_value', 'NONE');
#2297 = DIRECTION ( 'NONE',  ( 6.982962677686266711E-15, 0.000000000000000000, 1.000000000000000000 ) ) ;
#2298 = CARTESIAN_POINT ( 'NONE',  ( -0.3987158048003294764, 1.565685424949240012, 1.010050506338890042 ) ) ;
#2299 = DIRECTION ( 'NONE',  ( 1.000000000000000000, -0.000000000000000000, -6.982962677686266711E-15 ) ) ;
#2300 = FACE_OUTER_BOUND ( 'NONE', #1557, .T. ) ;
#2301 =( NAMED_UNIT ( * ) PLANE_ANGLE_UNIT ( ) SI_UNIT ( $, .RADIAN. ) );
#2302 = DIRECTION ( 'NONE',  ( -0.000000000000000000, -1.000000000000000000, -0.000000000000000000 ) ) ;
#2303 = EDGE_CURVE ( 'NONE', #7728, #1373, #2026, .T. ) ;
#2304 = VERTEX_POINT ( 'NONE', #1250 ) ;
#2305 = CARTESIAN_POINT ( 'NONE',  ( 1.881744659625405935, -2.800000000000000266, 6.333165799096542870 ) ) ;
#2306 = PRESENTATION_LAYER_ASSIGNMENT (  '', '', ( #7471 ) ) ;
#2307 = VERTEX_POINT ( 'NONE', #550 ) ;
#2308 = CARTESIAN_POINT ( 'NONE',  ( -2.268347788084026373, -2.799999999999998934, 5.613590061920715080 ) ) ;
#2309 = DIRECTION ( 'NONE',  ( -0.000000000000000000, -1.000000000000000000, -0.000000000000000000 ) ) ;
#2310 =( NAMED_UNIT ( * ) SI_UNIT ( $, .STERADIAN. ) SOLID_ANGLE_UNIT ( ) );
#2311 = EDGE_LOOP ( 'NONE', ( #7764, #755, #2435, #4675 ) ) ;
#2312 = CARTESIAN_POINT ( 'NONE',  ( -5.949999999999928235, -0.2999999999999999334, 3.550000000000048672 ) ) ;
#2313 = ADVANCED_FACE ( 'NONE', ( #5534 ), #4164, .T. ) ;
#2314 = EDGE_LOOP ( 'NONE', ( #5471, #7161, #6781, #5750 ) ) ;
#2315 = DIRECTION ( 'NONE',  ( 6.982962677686266711E-15, 0.000000000000000000, 1.000000000000000000 ) ) ;
#2316 = ORIENTED_EDGE ( 'NONE', *, *, #4013, .F. ) ;
#2317 = DIRECTION ( 'NONE',  ( 1.000000000000000000, 0.000000000000000000, -6.982962677686266711E-15 ) ) ;
#2318 = CARTESIAN_POINT ( 'NONE',  ( 0.9715570533858784996, -1.469999999999999529, 5.785421394728486710 ) ) ;
#2319 = VECTOR ( 'NONE', #14, 1000.000000000000000 ) ;
#2320 = CARTESIAN_POINT ( 'NONE',  ( 1.955470222343435260, -1.470000000000000417, 5.667152994210976402 ) ) ;
#2321 = ORIENTED_EDGE ( 'NONE', *, *, #6376, .F. ) ;
#2322 = SURFACE_SIDE_STYLE ('',( #1782 ) ) ;
#2323 = DIRECTION ( 'NONE',  ( 0.000000000000000000, 1.000000000000000000, 0.000000000000000000 ) ) ;
#2324 = VECTOR ( 'NONE', #7486, 1000.000000000000000 ) ;
#2325 = DIRECTION ( 'NONE',  ( -1.000000000000000000, 0.000000000000000000, 6.982962677686266711E-15 ) ) ;
#2326 = AXIS2_PLACEMENT_3D ( 'NONE', #1023, #5172, #2257 ) ;
#2327 = LINE ( 'NONE', #5109, #8999 ) ;
#2328 = SURFACE_STYLE_USAGE ( .BOTH. , #8648 ) ;
#2329 = CARTESIAN_POINT ( 'NONE',  ( 0.4133721509282119455, -1.469999999999999973, 5.571626769892507269 ) ) ;
#2330 = DIRECTION ( 'NONE',  ( -1.000000000000000000, 0.000000000000000000, 0.000000000000000000 ) ) ;
#2331 = CARTESIAN_POINT ( 'NONE',  ( 2.334841201440014835, -2.800000000000000266, 5.701788327369332166 ) ) ;
#2332 = CARTESIAN_POINT ( 'NONE',  ( 0.3998064119479742828, 1.565685424949240012, 1.010050506338884491 ) ) ;
#2333 = LINE ( 'NONE', #2375, #4608 ) ;
#2334 = STYLED_ITEM ( 'NONE', ( #9093 ), #3105 ) ;
#2335 = SURFACE_SIDE_STYLE ('',( #3747 ) ) ;
#2336 = MECHANICAL_DESIGN_GEOMETRIC_PRESENTATION_REPRESENTATION (  '', ( #8973 ), #5608 ) ;
#2337 = FILL_AREA_STYLE_COLOUR ( '', #2023 ) ;
#2338 = FILL_AREA_STYLE ('',( #5779 ) ) ;
#2339 = CARTESIAN_POINT ( 'NONE',  ( 1.988722472517471029, -1.469999999999999973, 6.498840892472199648 ) ) ;
#2340 = VECTOR ( 'NONE', #732, 1000.000000000000000 ) ;
#2341 = CARTESIAN_POINT ( 'NONE',  ( 1.910129062484026141, -2.800000000000000266, 6.332861257526896104 ) ) ;
#2342 =( NAMED_UNIT ( * ) PLANE_ANGLE_UNIT ( ) SI_UNIT ( $, .RADIAN. ) );
#2343 = STYLED_ITEM ( 'NONE', ( #8389 ), #8445 ) ;
#2344 = SURFACE_STYLE_USAGE ( .BOTH. , #7323 ) ;
#2345 = EDGE_CURVE ( 'NONE', #4375, #4797, #9076, .T. ) ;
#2346 = EDGE_CURVE ( 'NONE', #8818, #1237, #2591, .T. ) ;
#2347 = VERTEX_POINT ( 'NONE', #1976 ) ;
#2348 = CARTESIAN_POINT ( 'NONE',  ( 0.6602617849914843573, -2.799999999999999378, 5.653950775401574091 ) ) ;
#2349 = CARTESIAN_POINT ( 'NONE',  ( -3.300000000004133405, 0.3000000000000003775, 1.400000000009691714 ) ) ;
#2350 = EDGE_LOOP ( 'NONE', ( #8850, #5793, #6561, #8364 ) ) ;
#2351 = B_SPLINE_CURVE_WITH_KNOTS ( 'NONE', 3,
 ( #5025, #7873, #743, #7790, #2163, #6449, #7172 ),
 .UNSPECIFIED., .F., .F.,
 ( 4, 1, 1, 1, 4 ),
 ( 0.000000000000000000, 0.2741136995627934114, 0.5293593122701010234, 0.7718789035037019186, 1.000000000000000000 ),
 .UNSPECIFIED. ) ;
#2352 = CARTESIAN_POINT ( 'NONE',  ( -2.225185288600939337, -1.469999999999999973, 5.709173873001359034 ) ) ;
#2353 = COLOUR_RGB ( '',0.1019607843137254888, 0.1019607843137254888, 0.1019607843137254888 ) ;
#2354 = LINE ( 'NONE', #4656, #6970 ) ;
#2355 = ORIENTED_EDGE ( 'NONE', *, *, #1119, .T. ) ;
#2356 = DIRECTION ( 'NONE',  ( 6.982962677686266711E-15, 0.000000000000000000, 1.000000000000000000 ) ) ;
#2357 = ADVANCED_FACE ( 'NONE', ( #140 ), #5599, .T. ) ;
#2358 = VERTEX_POINT ( 'NONE', #57 ) ;
#2359 =( LENGTH_UNIT ( ) NAMED_UNIT ( * ) SI_UNIT ( .MILLI., .METRE. ) );
#2360 = ORIENTED_EDGE ( 'NONE', *, *, #1895, .F. ) ;
#2361 = CARTESIAN_POINT ( 'NONE',  ( 0.000000000000000000, -1.469999999999999973, 0.000000000000000000 ) ) ;
#2362 = DIRECTION ( 'NONE',  ( 1.000000000000000000, 0.000000000000000000, -6.982962677686266711E-15 ) ) ;
#2363 = CARTESIAN_POINT ( 'NONE',  ( 1.914663461538461231, -1.469999999999999973, 5.666666666666654528 ) ) ;
#2364 = ORIENTED_EDGE ( 'NONE', *, *, #7222, .T. ) ;
#2365 = CARTESIAN_POINT ( 'NONE',  ( 2.119391025641025106, -2.799999999999999822, 5.521233974358962904 ) ) ;
#2366 = CARTESIAN_POINT ( 'NONE',  ( 1.935564489138411615, -2.799999999999999378, 5.666832426100840259 ) ) ;
#2367 = VECTOR ( 'NONE', #1802, 1000.000000000000000 ) ;
#2368 = DIRECTION ( 'NONE',  ( -1.000000000000000000, 0.000000000000000000, 6.982962677686266711E-15 ) ) ;
#2369 = FILL_AREA_STYLE ('',( #3781 ) ) ;
#2370 = CARTESIAN_POINT ( 'NONE',  ( -2.383943134811588482, -2.799999999999999378, 6.220304754083567644 ) ) ;
#2371 = LINE ( 'NONE', #3036, #6540 ) ;
#2372 = CARTESIAN_POINT ( 'NONE',  ( 2.293317893009525932, -2.800000000000000711, 5.637363605879442296 ) ) ;
#2373 = COLOUR_RGB ( '',0.8980392156862745390, 0.8980392156862745390, 0.8980392156862745390 ) ;
#2374 = CARTESIAN_POINT ( 'NONE',  ( -2.429883232851596908, -2.799999999999999822, 6.030467149927694948 ) ) ;
#2375 = CARTESIAN_POINT ( 'NONE',  ( -4.999999999999963585, -0.2999999999999999334, 4.500000000000034639 ) ) ;
#2376 = ADVANCED_FACE ( 'NONE', ( #2935 ), #4973, .T. ) ;
#2377 = CARTESIAN_POINT ( 'NONE',  ( -2.698153235474096689, -1.469999999999999529, 5.595958592360335437 ) ) ;
#2378 = LINE ( 'NONE', #1066, #2764 ) ;
#2379 = CARTESIAN_POINT ( 'NONE',  ( -1.817948543240560211, -1.470000000000000417, 5.259187608703506100 ) ) ;
#2380 = CARTESIAN_POINT ( 'NONE',  ( -1.699999999989637800, -0.2999999999999999334, 4.599999999999672795 ) ) ;
#2381 = CARTESIAN_POINT ( 'NONE',  ( 2.204878052167297042, -2.799999999999997602, 6.027452468238399419 ) ) ;
#2382 = FILL_AREA_STYLE_COLOUR ( '', #8661 ) ;
#2383 = CARTESIAN_POINT ( 'NONE',  ( 0.8000000000000144773, 1.350178566873438069, 2.074085501838539791 ) ) ;
#2384 = FACE_OUTER_BOUND ( 'NONE', #6833, .T. ) ;
#2385 = ORIENTED_EDGE ( 'NONE', *, *, #5268, .T. ) ;
#2386 = DIRECTION ( 'NONE',  ( -6.982962677686266711E-15, 0.000000000000000000, -1.000000000000000000 ) ) ;
#2387 = CARTESIAN_POINT ( 'NONE',  ( 2.089701039165712704, -2.800000000000001155, 5.692382543631540948 ) ) ;
#2388 = ORIENTED_EDGE ( 'NONE', *, *, #3313, .F. ) ;
#2389 = SURFACE_SIDE_STYLE ('',( #3107 ) ) ;
#2390 = EDGE_CURVE ( 'NONE', #2613, #7630, #779, .T. ) ;
#2391 = EDGE_CURVE ( 'NONE', #212, #8950, #1559, .T. ) ;
#2392 = STYLED_ITEM ( 'NONE', ( #1917 ), #262 ) ;
#2393 = CARTESIAN_POINT ( 'NONE',  ( 0.9743589743589740060, -2.799999999999999822, 6.499999999999988454 ) ) ;
#2394 = ORIENTED_EDGE ( 'NONE', *, *, #7589, .T. ) ;
#2395 = B_SPLINE_CURVE_WITH_KNOTS ( 'NONE', 3,
 ( #6959, #2904, #7739, #8469, #4978, #64, #3653, #4170, #145, #5021, #5719 ),
 .UNSPECIFIED., .F., .F.,
 ( 4, 1, 1, 1, 1, 1, 1, 1, 4 ),
 ( 0.000000000000000000, 0.1658261532703365904, 0.3179809480185030734, 0.4597957385650933149, 0.5899965503938366940, 0.7070659534182212047, 0.8152435667394595242, 0.9112462812646766608, 1.000000000000000000 ),
 .UNSPECIFIED. ) ;
#2396 = FILL_AREA_STYLE_COLOUR ( '', #3776 ) ;
#2397 =( GEOMETRIC_REPRESENTATION_CONTEXT ( 3 ) GLOBAL_UNCERTAINTY_ASSIGNED_CONTEXT ( ( #2473 ) ) GLOBAL_UNIT_ASSIGNED_CONTEXT ( ( #9083, #2567, #655 ) ) REPRESENTATION_CONTEXT ( 'NONE', 'WORKASPACE' ) );
#2398 = SURFACE_SIDE_STYLE ('',( #8726 ) ) ;
#2399 = VERTEX_POINT ( 'NONE', #5099 ) ;
#2400 = CARTESIAN_POINT ( 'NONE',  ( 0.5256410256410256610, -2.799999999999999822, 5.833333333333321491 ) ) ;
#2401 = ORIENTED_EDGE ( 'NONE', *, *, #4321, .F. ) ;
#2402 = SURFACE_STYLE_FILL_AREA ( #3817 ) ;
#2403 = FACE_OUTER_BOUND ( 'NONE', #1051, .T. ) ;
#2404 = CARTESIAN_POINT ( 'NONE',  ( -2.897435897435897800, -2.799999999999999822, 6.499999999999988454 ) ) ;
#2405 = PRESENTATION_LAYER_ASSIGNMENT (  '', '', ( #6691 ) ) ;
#2406 = CARTESIAN_POINT ( 'NONE',  ( 0.3341794466390674012, -1.469999999999999529, 5.781567445628240876 ) ) ;
#2407 = VERTEX_POINT ( 'NONE', #7162 ) ;
#2408 = EDGE_CURVE ( 'NONE', #2182, #49, #820, .T. ) ;
#2409 = VECTOR ( 'NONE', #4689, 1000.000000000000000 ) ;
#2410 = PLANE ( 'NONE',  #5473 ) ;
#2411 = CARTESIAN_POINT ( 'NONE',  ( -4.999999999999940492, 0.3000000000000003775, 2.499999999994385824 ) ) ;
#2412 = B_SPLINE_CURVE_WITH_KNOTS ( 'NONE', 3,
 ( #3076, #364, #4534, #8790, #3034, #5904, #8605, #8646, #7216, #2284, #5999 ),
 .UNSPECIFIED., .F., .F.,
 ( 4, 1, 1, 1, 1, 1, 1, 1, 4 ),
 ( 0.000000000000000000, 0.1371784162912459137, 0.2672805576908872105, 0.3933927086964044140, 0.5157726150363906026, 0.6355642661707592289, 0.7555993223130585967, 0.8759500690126423850, 1.000000000000000000 ),
 .UNSPECIFIED. ) ;
#2413 = FACE_OUTER_BOUND ( 'NONE', #7587, .T. ) ;
#2414 = VECTOR ( 'NONE', #6945, 1000.000000000000000 ) ;
#2415 = CARTESIAN_POINT ( 'NONE',  ( -0.7999999999999760636, 0.2999999999999999334, 3.414213562373167310 ) ) ;
#2416 = CYLINDRICAL_SURFACE ( 'NONE', #6714, 0.7000000000000009548 ) ;
#2417 = CARTESIAN_POINT ( 'NONE',  ( -2.429883232851596908, -2.800000000000000266, 6.030467149927694948 ) ) ;
#2418 = DIRECTION ( 'NONE',  ( -1.000000000000000000, 0.000000000000000000, 0.000000000000000000 ) ) ;
#2419 = MECHANICAL_DESIGN_GEOMETRIC_PRESENTATION_REPRESENTATION (  '', ( #821 ), #6278 ) ;
#2420 = ORIENTED_EDGE ( 'NONE', *, *, #165, .F. ) ;
#2421 = CARTESIAN_POINT ( 'NONE',  ( -4.999999999999963585, -0.2999999999999999334, 4.500000000000034639 ) ) ;
#2422 = CARTESIAN_POINT ( 'NONE',  ( 2.182120143015389591, -2.799999999999999378, 6.455831709041126132 ) ) ;
#2423 = LINE ( 'NONE', #8749, #4622 ) ;
#2424 = CARTESIAN_POINT ( 'NONE',  ( 0.8000000000000099254, 1.989949493661167468, 1.434314575050810170 ) ) ;
#2425 = CARTESIAN_POINT ( 'NONE',  ( 0.7804383961512832979, -1.470000000000000417, 5.797978591008331684 ) ) ;
#2426 = SURFACE_SIDE_STYLE ('',( #3183 ) ) ;
#2427 = PRESENTATION_LAYER_ASSIGNMENT (  '', '', ( #2019 ) ) ;
#2428 = STYLED_ITEM ( 'NONE', ( #8184 ), #2313 ) ;
#2429 = DIRECTION ( 'NONE',  ( -6.982962677686266711E-15, 0.000000000000000000, -1.000000000000000000 ) ) ;
#2430 = DIRECTION ( 'NONE',  ( -0.000000000000000000, -1.000000000000000000, 0.000000000000000000 ) ) ;
#2431 = CARTESIAN_POINT ( 'NONE',  ( 2.199897910907907761, -1.469999999999999973, 6.102276614402631694 ) ) ;
#2432 = DIRECTION ( 'NONE',  ( -4.956352788505157943E-15, -0.7071067811865527908, -0.7071067811865421326 ) ) ;
#2433 = EDGE_CURVE ( 'NONE', #8359, #7728, #7864, .T. ) ;
#2434 =( LENGTH_UNIT ( ) NAMED_UNIT ( * ) SI_UNIT ( .MILLI., .METRE. ) );
#2435 = ORIENTED_EDGE ( 'NONE', *, *, #2408, .F. ) ;
#2436 =( GEOMETRIC_REPRESENTATION_CONTEXT ( 3 ) GLOBAL_UNCERTAINTY_ASSIGNED_CONTEXT ( ( #4280 ) ) GLOBAL_UNIT_ASSIGNED_CONTEXT ( ( #5693, #847, #715 ) ) REPRESENTATION_CONTEXT ( 'NONE', 'WORKASPACE' ) );
#2437 = CARTESIAN_POINT ( 'NONE',  ( 0.5259864148536178563, -2.799999999999998934, 5.826251561587053374 ) ) ;
#2438 = ORIENTED_EDGE ( 'NONE', *, *, #1249, .F. ) ;
#2439 = PLANE ( 'NONE',  #6382 ) ;
#2440 = ORIENTED_EDGE ( 'NONE', *, *, #2834, .T. ) ;
#2441 = LINE ( 'NONE', #943, #4614 ) ;
#2442 = CARTESIAN_POINT ( 'NONE',  ( 1.958952155916106275, -2.799999999999998934, 6.331115515231115154 ) ) ;
#2443 = ORIENTED_EDGE ( 'NONE', *, *, #2751, .F. ) ;
#2444 =( NAMED_UNIT ( * ) PLANE_ANGLE_UNIT ( ) SI_UNIT ( $, .RADIAN. ) );
#2445 = EDGE_CURVE ( 'NONE', #4056, #7475, #3647, .T. ) ;
#2446 = DIRECTION ( 'NONE',  ( 0.000000000000000000, 1.000000000000000000, 9.340818716798192290E-15 ) ) ;
#2447 = ORIENTED_EDGE ( 'NONE', *, *, #3345, .F. ) ;
#2448 = VECTOR ( 'NONE', #7398, 1000.000000000000000 ) ;
#2449 = EDGE_LOOP ( 'NONE', ( #6608, #2270, #475, #3604 ) ) ;
#2450 = EDGE_CURVE ( 'NONE', #52, #3384, #5627, .T. ) ;
#2451 = EDGE_LOOP ( 'NONE', ( #5798, #7984, #2394, #4329 ) ) ;
#2452 = PLANE ( 'NONE',  #3673 ) ;
#2453 = DIRECTION ( 'NONE',  ( 1.000000000000000000, 0.000000000000000000, -6.982962677686266711E-15 ) ) ;
#2454 = CARTESIAN_POINT ( 'NONE',  ( 0.8000000000000238032, 0.3000000000000003775, 3.414213562373146882 ) ) ;
#2455 = CARTESIAN_POINT ( 'NONE',  ( 0.3531386460857005027, -2.799999999999999822, 5.676826288498880935 ) ) ;
#2456 = ORIENTED_EDGE ( 'NONE', *, *, #2981, .F. ) ;
#2457 = DIRECTION ( 'NONE',  ( 6.982962677686266711E-15, 0.000000000000000000, 1.000000000000000000 ) ) ;
#2458 = DIRECTION ( 'NONE',  ( -6.982962677686266711E-15, 0.000000000000000000, -1.000000000000000000 ) ) ;
#2459 = EDGE_CURVE ( 'NONE', #9104, #3582, #8503, .T. ) ;
#2460 =( NAMED_UNIT ( * ) SI_UNIT ( $, .STERADIAN. ) SOLID_ANGLE_UNIT ( ) );
#2461 = ADVANCED_FACE ( 'NONE', ( #1595 ), #2192, .T. ) ;
#2462 = FILL_AREA_STYLE ('',( #3919 ) ) ;
#2463 = FILL_AREA_STYLE ('',( #3077 ) ) ;
#2464 = VECTOR ( 'NONE', #309, 1000.000000000000114 ) ;
#2465 = CARTESIAN_POINT ( 'NONE',  ( -2.310300297102385159, -1.469999999999998641, 6.170405553073050164 ) ) ;
#2466 = CARTESIAN_POINT ( 'NONE',  ( 0.3531386460857005027, -1.470000000000000417, 5.676826288498880935 ) ) ;
#2467 = CARTESIAN_POINT ( 'NONE',  ( -2.503936474465078277, -1.470000000000000862, 6.094898201934180193 ) ) ;
#2468 = ORIENTED_EDGE ( 'NONE', *, *, #3045, .F. ) ;
#2469 = DIRECTION ( 'NONE',  ( 0.000000000000000000, 1.000000000000000000, 0.000000000000000000 ) ) ;
#2470 = MECHANICAL_DESIGN_GEOMETRIC_PRESENTATION_REPRESENTATION (  '', ( #2930 ), #1331 ) ;
#2471 = CARTESIAN_POINT ( 'NONE',  ( -4.999999999999860556, -1.499999999999999778, 20.00000000000003553 ) ) ;
#2472 = CARTESIAN_POINT ( 'NONE',  ( -2.705128205128205288, -1.469999999999999973, 5.605568910256399029 ) ) ;
#2473 = UNCERTAINTY_MEASURE_WITH_UNIT (LENGTH_MEASURE( 1.000000000000000082E-05 ), #9083, 'distance_accuracy_value', 'NONE');
#2474 = CARTESIAN_POINT ( 'NONE',  ( 0.9659071531207216177, -1.469999999999999973, 5.737934009194888496 ) ) ;
#2475 = CARTESIAN_POINT ( 'NONE',  ( -1.757952341628354009, -2.799999999999998490, 5.328741902013841347 ) ) ;
#2476 = CARTESIAN_POINT ( 'NONE',  ( 1.960413453970241360, -2.800000000000000711, 6.500015305580622460 ) ) ;
#2477 = LINE ( 'NONE', #286, #8394 ) ;
#2478 = CARTESIAN_POINT ( 'NONE',  ( 0.5602621255215302076, -1.469999999999999529, 5.695989257692359864 ) ) ;
#2479 = LINE ( 'NONE', #1993, #1178 ) ;
#2480 = CARTESIAN_POINT ( 'NONE',  ( -3.999999999999903633, -1.499999999999999778, 13.90000000000002700 ) ) ;
#2481 = DIRECTION ( 'NONE',  ( -1.000000000000000000, 0.000000000000000000, 0.000000000000000000 ) ) ;
#2482 = EDGE_LOOP ( 'NONE', ( #3865, #1500, #4561, #5929 ) ) ;
#2483 = AXIS2_PLACEMENT_3D ( 'NONE', #6942, #7769, #9066 ) ;
#2484 = DIRECTION ( 'NONE',  ( -6.982962677686266711E-15, 0.000000000000000000, -1.000000000000000000 ) ) ;
#2485 = CARTESIAN_POINT ( 'NONE',  ( 2.025440705128205288, -2.799999999999999822, 6.323717948717937354 ) ) ;
#2486 = VECTOR ( 'NONE', #3780, 1000.000000000000000 ) ;
#2487 = ORIENTED_EDGE ( 'NONE', *, *, #7078, .T. ) ;
#2488 = SURFACE_SIDE_STYLE ('',( #1177 ) ) ;
#2489 = VECTOR ( 'NONE', #711, 1000.000000000000000 ) ;
#2490 = VERTEX_POINT ( 'NONE', #4517 ) ;
#2491 = CARTESIAN_POINT ( 'NONE',  ( -0.3987158048003324740, 1.994974746830610934, 0.5807611844574868121 ) ) ;
#2492 = CARTESIAN_POINT ( 'NONE',  ( -1.549999999999950306, 0.3000000000000003775, 1.050000000000010481 ) ) ;
#2493 = B_SPLINE_SURFACE_WITH_KNOTS ( 'NONE', 3, 1, ( 
 ( #3699, #8744 ),
 ( #7308, #5297 ),
 ( #4445, #1612 ),
 ( #237, #3038 ),
 ( #5206, #6499 ),
 ( #321, #3130 ),
 ( #6678, #5249 ),
 ( #4492, #5867 ),
 ( #5952, #2417 ),
 ( #7355, #8650 ),
 ( #2995, #1738 ),
 ( #7262, #4583 ),
 ( #3876, #8794 ),
 ( #964, #198 ),
 ( #2467, #5820 ),
 ( #8608, #2290 ),
 ( #6857, #5498 ),
 ( #4024, #5396 ),
 ( #7403, #3312 ) ),
 .UNSPECIFIED., .F., .F., .F.,
 ( 4, 1, 1, 1, 1, 1, 1, 1, 1, 1, 1, 1, 1, 1, 1, 1, 4 ),
 ( 2, 2 ),
 ( 0.000000000000000000, 0.09635432967449945874, 0.1854493747876861387, 0.2681681827534904694, 0.3454474420456279393, 0.4157126965158252641, 0.4814005079707570078, 0.5425504267673232350, 0.5994360425589584374, 0.6532329227160199592, 0.7046544453404041120, 0.7538805929648435544, 0.8023794152982309802, 0.8505305140366903327, 0.8991089209696124795, 0.9489743959973853116, 1.000000000000000000 ),
 ( 0.000000000000000000, 1.000000000000000000 ),
 .UNSPECIFIED. ) ;
#2494 = CARTESIAN_POINT ( 'NONE',  ( -2.380659201274429648, -2.799999999999998934, 5.511840951961333168 ) ) ;
#2495 = UNCERTAINTY_MEASURE_WITH_UNIT (LENGTH_MEASURE( 1.000000000000000082E-05 ), #7644, 'distance_accuracy_value', 'NONE');
#2496 = CARTESIAN_POINT ( 'NONE',  ( -2.705128205128205288, -1.469999999999999973, 5.879206730769219291 ) ) ;
#2497 = ORIENTED_EDGE ( 'NONE', *, *, #5013, .T. ) ;
#2498 = MECHANICAL_DESIGN_GEOMETRIC_PRESENTATION_REPRESENTATION (  '', ( #7946 ), #175 ) ;
#2499 = VECTOR ( 'NONE', #8918, 1000.000000000000000 ) ;
#2500 = SURFACE_SIDE_STYLE ('',( #7288 ) ) ;
#2501 = VERTEX_POINT ( 'NONE', #7246 ) ;
#2502 = CARTESIAN_POINT ( 'NONE',  ( -2.703135243588742576, -1.469999999999999973, 5.825344470509215888 ) ) ;
#2503 = VERTEX_POINT ( 'NONE', #4617 ) ;
#2504 = DIRECTION ( 'NONE',  ( 6.982962677686266711E-15, 0.000000000000000000, 1.000000000000000000 ) ) ;
#2505 = AXIS2_PLACEMENT_3D ( 'NONE', #4858, #561, #2040 ) ;
#2506 = CARTESIAN_POINT ( 'NONE',  ( 0.3379718385192783114, -2.799999999999999822, 5.744186234159380788 ) ) ;
#2507 = UNCERTAINTY_MEASURE_WITH_UNIT (LENGTH_MEASURE( 1.000000000000000082E-05 ), #7565, 'distance_accuracy_value', 'NONE');
#2508 = ORIENTED_EDGE ( 'NONE', *, *, #7666, .T. ) ;
#2509 = CARTESIAN_POINT ( 'NONE',  ( -2.705128205128205288, -2.799999999999999822, 5.605568910256399029 ) ) ;
#2510 = FACE_OUTER_BOUND ( 'NONE', #6037, .T. ) ;
#2511 = MECHANICAL_DESIGN_GEOMETRIC_PRESENTATION_REPRESENTATION (  '', ( #5325 ), #2095 ) ;
#2512 = CARTESIAN_POINT ( 'NONE',  ( 5.000000000000031086, 1.699999999999999734, 4.499999999999965361 ) ) ;
#2513 = DIRECTION ( 'NONE',  ( -0.000000000000000000, -1.000000000000000000, 0.000000000000000000 ) ) ;
#2514 = CARTESIAN_POINT ( 'NONE',  ( -2.440208555451026218, -2.799999999999998490, 6.238043773318054264 ) ) ;
#2515 = DIRECTION ( 'NONE',  ( -6.982962677686266711E-15, 0.000000000000000000, -1.000000000000000000 ) ) ;
#2516 = CARTESIAN_POINT ( 'NONE',  ( 0.5112392351339837271, -1.470000000000000862, 5.507830830974460135 ) ) ;
#2517 = CARTESIAN_POINT ( 'NONE',  ( -4.999999999999948486, 0.3000000000000003775, 1.400000000009703705 ) ) ;
#2518 = VERTEX_POINT ( 'NONE', #5228 ) ;
#2519 = DIRECTION ( 'NONE',  ( 1.000000000000000000, -0.000000000000000000, -6.982962677686267499E-15 ) ) ;
#2520 = CARTESIAN_POINT ( 'NONE',  ( 0.8000000000000320188, 0.3000000000000003775, 4.599999999999994316 ) ) ;
#2521 = ADVANCED_FACE ( 'NONE', ( #3063 ), #8676, .F. ) ;
#2522 = CARTESIAN_POINT ( 'NONE',  ( 4.000000000000031086, -1.499999999999999778, 4.499999999999971578 ) ) ;
#2523 = SURFACE_SIDE_STYLE ('',( #6588 ) ) ;
#2524 = EDGE_CURVE ( 'NONE', #3719, #6236, #8120, .T. ) ;
#2525 = DIRECTION ( 'NONE',  ( 6.840772228835708868E-15, 0.000000000000000000, 1.000000000000000000 ) ) ;
#2526 = EDGE_CURVE ( 'NONE', #3017, #5102, #263, .T. ) ;
#2527 =( LENGTH_UNIT ( ) NAMED_UNIT ( * ) SI_UNIT ( .MILLI., .METRE. ) );
#2528 = PRESENTATION_STYLE_ASSIGNMENT (( #6733 ) ) ;
#2529 = PLANE ( 'NONE',  #9049 ) ;
#2530 = PRESENTATION_STYLE_ASSIGNMENT (( #2683 ) ) ;
#2531 = FILL_AREA_STYLE ('',( #7416 ) ) ;
#2532 = STYLED_ITEM ( 'NONE', ( #1418 ), #4369 ) ;
#2533 = CARTESIAN_POINT ( 'NONE',  ( -1.804434850716117422, -1.469999999999999529, 5.269834979865631652 ) ) ;
#2534 = VERTEX_POINT ( 'NONE', #3111 ) ;
#2535 = SURFACE_STYLE_USAGE ( .BOTH. , #1807 ) ;
#2536 = LINE ( 'NONE', #1851, #6670 ) ;
#2538 = ORIENTED_EDGE ( 'NONE', *, *, #2780, .F. ) ;
#2537 = ADVANCED_FACE ( 'NONE', ( #5139 ), #3022, .T. ) ;
#2539 = VECTOR ( 'NONE', #6748, 1000.000000000000000 ) ;
#2540 = VERTEX_POINT ( 'NONE', #6522 ) ;
#2541 = DIRECTION ( 'NONE',  ( 1.000000000000000000, 0.000000000000000000, 0.000000000000000000 ) ) ;
#2542 = ORIENTED_EDGE ( 'NONE', *, *, #6, .F. ) ;
#2543 = CARTESIAN_POINT ( 'NONE',  ( 0.9239365807245604190, -2.799999999999999822, 5.619056990963706255 ) ) ;
#2544 = STYLED_ITEM ( 'NONE', ( #8362 ), #1475 ) ;
#2545 = SURFACE_SIDE_STYLE ('',( #6258 ) ) ;
#2546 = LINE ( 'NONE', #8170, #7970 ) ;
#2547 = ORIENTED_EDGE ( 'NONE', *, *, #5013, .F. ) ;
#2548 = DIRECTION ( 'NONE',  ( 4.937700262164530687E-15, -0.7071067811865477948, 0.7071067811865473507 ) ) ;
#2549 = SURFACE_SIDE_STYLE ('',( #7443 ) ) ;
#2550 = ORIENTED_EDGE ( 'NONE', *, *, #6995, .F. ) ;
#2551 = CARTESIAN_POINT ( 'NONE',  ( 3.400000000010840129, -0.2999999999999999334, 2.499999999994326760 ) ) ;
#2552 = VECTOR ( 'NONE', #458, 1000.000000000000000 ) ;
#2553 = MECHANICAL_DESIGN_GEOMETRIC_PRESENTATION_REPRESENTATION (  '', ( #1408 ), #7860 ) ;
#2554 = EDGE_CURVE ( 'NONE', #1711, #3488, #5851, .T. ) ;
#2555 = CARTESIAN_POINT ( 'NONE',  ( 0.4579441132767925748, -1.470000000000000862, 5.534314593540141658 ) ) ;
#2556 = EDGE_CURVE ( 'NONE', #7559, #2093, #8321, .T. ) ;
#2557 = ORIENTED_EDGE ( 'NONE', *, *, #3793, .T. ) ;
#2558 = COLOUR_RGB ( '',0.8980392156862745390, 0.8980392156862745390, 0.8980392156862745390 ) ;
#2559 = FACE_OUTER_BOUND ( 'NONE', #5790, .T. ) ;
#2560 = CARTESIAN_POINT ( 'NONE',  ( 1.973763423819862250, -1.469999999999999529, 5.668020832968368339 ) ) ;
#2561 = CARTESIAN_POINT ( 'NONE',  ( -2.705058159205572466, -1.469999999999999973, 5.888293700635681915 ) ) ;
#2562 = ADVANCED_FACE ( 'NONE', ( #487 ), #9017, .T. ) ;
#2563 = CARTESIAN_POINT ( 'NONE',  ( -2.667067340267870623, -2.799999999999999822, 5.700892130613390840 ) ) ;
#2564 = ORIENTED_EDGE ( 'NONE', *, *, #4623, .F. ) ;
#2565 = CARTESIAN_POINT ( 'NONE',  ( -2.358053221915628939, -2.799999999999997602, 6.206510067806956243 ) ) ;
#2566 = CARTESIAN_POINT ( 'NONE',  ( 2.275519193039999166, -1.469999999999999085, 6.383613365294649178 ) ) ;
#2567 =( NAMED_UNIT ( * ) PLANE_ANGLE_UNIT ( ) SI_UNIT ( $, .RADIAN. ) );
#2568 = CARTESIAN_POINT ( 'NONE',  ( -1.678886217948718507, -1.469999999999999973, 5.533854166666654528 ) ) ;
#2569 = CIRCLE ( 'NONE', #4507, 1.300000000000000933 ) ;
#2570 = EDGE_LOOP ( 'NONE', ( #7082, #7894, #5499, #4693 ) ) ;
#2571 = CARTESIAN_POINT ( 'NONE',  ( 2.756410256410256387, -2.799999999999999822, 5.499999999999988454 ) ) ;
#2572 = FILL_AREA_STYLE_COLOUR ( '', #5991 ) ;
#2573 = FILL_AREA_STYLE ('',( #417 ) ) ;
#2574 = COLOUR_RGB ( '',0.8980392156862745390, 0.8980392156862745390, 0.8980392156862745390 ) ;
#2575 = UNCERTAINTY_MEASURE_WITH_UNIT (LENGTH_MEASURE( 1.000000000000000082E-05 ), #1670, 'distance_accuracy_value', 'NONE');
#2576 = CARTESIAN_POINT ( 'NONE',  ( 0.9730815984436599342, -1.470000000000000417, 5.811883528368117169 ) ) ;
#2577 = CARTESIAN_POINT ( 'NONE',  ( -4.999999999999900524, 1.700000000000000622, 13.60000000000003517 ) ) ;
#2578 = PRESENTATION_STYLE_ASSIGNMENT (( #8802 ) ) ;
#2579 = VECTOR ( 'NONE', #7753, 1000.000000000000000 ) ;
#2580 = CARTESIAN_POINT ( 'NONE',  ( -2.544070512820513219, -1.469999999999999973, 5.628205128205116203 ) ) ;
#2581 = EDGE_CURVE ( 'NONE', #6103, #7485, #8910, .T. ) ;
#2582 = CARTESIAN_POINT ( 'NONE',  ( 0.5942973615323294823, -1.470000000000000862, 5.667336664279853053 ) ) ;
#2583 = LINE ( 'NONE', #4727, #290 ) ;
#2584 = CARTESIAN_POINT ( 'NONE',  ( 0.3998064119479087797, 2.200000000000000178, -8.460000000000016840 ) ) ;
#2585 = APPLICATION_CONTEXT ( 'automotive_design' ) ;
#2586 = ORIENTED_EDGE ( 'NONE', *, *, #5353, .T. ) ;
#2587 = VECTOR ( 'NONE', #8079, 1000.000000000000000 ) ;
#2588 = CARTESIAN_POINT ( 'NONE',  ( 0.6710543548990522966, -2.799999999999999822, 5.654151891404857189 ) ) ;
#2589 = ORIENTED_EDGE ( 'NONE', *, *, #798, .T. ) ;
#2590 = COLOUR_RGB ( '',0.1019607843137254888, 0.1019607843137254888, 0.1019607843137254888 ) ;
#2591 = B_SPLINE_CURVE_WITH_KNOTS ( 'NONE', 3,
 ( #9030, #6080, #6851, #8976, #2560, #7494, #1198, #5391, #5431, #2665, #5487 ),
 .UNSPECIFIED., .F., .F.,
 ( 4, 1, 1, 1, 1, 1, 1, 1, 4 ),
 ( 0.000000000000000000, 0.1666730984235053614, 0.3209093864531060714, 0.4643462207895308058, 0.5938634226607010236, 0.7127439520709950571, 0.8209400066876485491, 0.9156866052628332975, 1.000000000000000000 ),
 .UNSPECIFIED. ) ;
#2592 = CARTESIAN_POINT ( 'NONE',  ( 2.346645606423128250, -1.469999999999999973, 5.725872763881528549 ) ) ;
#2593 = ORIENTED_EDGE ( 'NONE', *, *, #5979, .F. ) ;
#2594 = FACE_OUTER_BOUND ( 'NONE', #9053, .T. ) ;
#2595 = EDGE_LOOP ( 'NONE', ( #713, #1960, #8424, #7156 ) ) ;
#2596 = EDGE_CURVE ( 'NONE', #7324, #2980, #6940, .T. ) ;
#2597 = CARTESIAN_POINT ( 'NONE',  ( 0.7804383961512832979, -2.799999999999999822, 5.797978591008331684 ) ) ;
#2598 = SURFACE_STYLE_FILL_AREA ( #6933 ) ;
#2599 = VERTEX_POINT ( 'NONE', #8172 ) ;
#2600 = CIRCLE ( 'NONE', #5702, 1.799999999999999600 ) ;
#2601 = CARTESIAN_POINT ( 'NONE',  ( 1.881744659625405935, -1.470000000000000417, 6.333165799096542870 ) ) ;
#2602 = VECTOR ( 'NONE', #4032, 1000.000000000000000 ) ;
#2603 = CARTESIAN_POINT ( 'NONE',  ( 2.025440705128205288, -1.469999999999999973, 6.323717948717937354 ) ) ;
#2604 = ORIENTED_EDGE ( 'NONE', *, *, #5869, .T. ) ;
#2605 = SURFACE_STYLE_USAGE ( .BOTH. , #2059 ) ;
#2606 = CARTESIAN_POINT ( 'NONE',  ( 1.179487179487178850, -1.469999999999999973, 5.692307692307680966 ) ) ;
#2607 = CARTESIAN_POINT ( 'NONE',  ( -2.237288739943944726, -2.799999999999999822, 6.064074912831505237 ) ) ;
#2608 = ORIENTED_EDGE ( 'NONE', *, *, #5353, .F. ) ;
#2609 = CARTESIAN_POINT ( 'NONE',  ( -0.7489983974358978003, -2.799999999999999822, 5.730769230769219291 ) ) ;
#2610 =( NAMED_UNIT ( * ) SI_UNIT ( $, .STERADIAN. ) SOLID_ANGLE_UNIT ( ) );
#2611 = CARTESIAN_POINT ( 'NONE',  ( -2.696716918112601391, -1.469999999999999529, 5.778559901765237150 ) ) ;
#2612 = LINE ( 'NONE', #5428, #3418 ) ;
#2613 = VERTEX_POINT ( 'NONE', #5377 ) ;
#2614 = LINE ( 'NONE', #6760, #5166 ) ;
#2615 = DIRECTION ( 'NONE',  ( -1.000000000000000000, 0.000000000000000000, 6.982962677686266711E-15 ) ) ;
#2616 = CARTESIAN_POINT ( 'NONE',  ( 0.6078376048731028991, -1.469999999999999529, 5.661290119471194870 ) ) ;
#2617 = DIRECTION ( 'NONE',  ( 0.7071067811865398012, 0.5000000000000037748, -0.5000000000000071054 ) ) ;
#2618 = ORIENTED_EDGE ( 'NONE', *, *, #6509, .F. ) ;
#2619 = CARTESIAN_POINT ( 'NONE',  ( 2.102462336703285750, -1.469999999999999973, 6.485656211807639515 ) ) ;
#2620 = CARTESIAN_POINT ( 'NONE',  ( 2.395700364498260626, -1.470000000000000862, 6.057466486729932598 ) ) ;
#2621 = CARTESIAN_POINT ( 'NONE',  ( 0.2179487179487177573, -2.799999999999999822, 5.692307692307680966 ) ) ;
#2622 = VECTOR ( 'NONE', #489, 1000.000000000000000 ) ;
#2623 = ORIENTED_EDGE ( 'NONE', *, *, #8541, .T. ) ;
#2624 = DIRECTION ( 'NONE',  ( 0.000000000000000000, -1.000000000000000000, 0.000000000000000000 ) ) ;
#2625 = PLANE ( 'NONE',  #2286 ) ;
#2626 = DIRECTION ( 'NONE',  ( 0.000000000000000000, 0.000000000000000000, -1.000000000000000000 ) ) ;
#2627 = CARTESIAN_POINT ( 'NONE',  ( 0.6725850894718609085, -1.469999999999999973, 5.487622844620589468 ) ) ;
#2628 = LINE ( 'NONE', #6240, #5852 ) ;
#2629 = CARTESIAN_POINT ( 'NONE',  ( -1.952134623038910277, -2.799999999999998934, 5.218128286803536575 ) ) ;
#2630 = CARTESIAN_POINT ( 'NONE',  ( -0.07692307692307728817, -1.469999999999999973, 5.499999999999988454 ) ) ;
#2631 = CARTESIAN_POINT ( 'NONE',  ( 0.8000000000000203615, 0.5050252531694112701, 2.919238815542565479 ) ) ;
#2632 =( NAMED_UNIT ( * ) PLANE_ANGLE_UNIT ( ) SI_UNIT ( $, .RADIAN. ) );
#2633 = DIRECTION ( 'NONE',  ( -7.377218013139006875E-15, 0.000000000000000000, -1.000000000000000000 ) ) ;
#2634 =( LENGTH_UNIT ( ) NAMED_UNIT ( * ) SI_UNIT ( .MILLI., .METRE. ) );
#2635 = ORIENTED_EDGE ( 'NONE', *, *, #8039, .F. ) ;
#2636 = LINE ( 'NONE', #2690, #5659 ) ;
#2637 = VERTEX_POINT ( 'NONE', #1144 ) ;
#2638 = ORIENTED_EDGE ( 'NONE', *, *, #6991, .T. ) ;
#2639 =( GEOMETRIC_REPRESENTATION_CONTEXT ( 3 ) GLOBAL_UNCERTAINTY_ASSIGNED_CONTEXT ( ( #8859 ) ) GLOBAL_UNIT_ASSIGNED_CONTEXT ( ( #4244, #5261, #3712 ) ) REPRESENTATION_CONTEXT ( 'NONE', 'WORKASPACE' ) );
#2640 = ORIENTED_EDGE ( 'NONE', *, *, #2981, .T. ) ;
#2641 = CARTESIAN_POINT ( 'NONE',  ( 0.7713019331125632316, -2.799999999999997602, 5.733836967465403056 ) ) ;
#2642 = CARTESIAN_POINT ( 'NONE',  ( 2.204875509584019344, -2.799999999999999822, 5.971679607841690718 ) ) ;
#2643 = VECTOR ( 'NONE', #5082, 1000.000000000000000 ) ;
#2644 = ORIENTED_EDGE ( 'NONE', *, *, #7545, .T. ) ;
#2645 = DIRECTION ( 'NONE',  ( -6.982962677686266711E-15, 0.000000000000000000, -1.000000000000000000 ) ) ;
#2646 = EDGE_CURVE ( 'NONE', #164, #4692, #6071, .T. ) ;
#2647 = CARTESIAN_POINT ( 'NONE',  ( 0.3998064119479684542, 2.799999999999998934, 0.08578643762693538566 ) ) ;
#2648 = EDGE_LOOP ( 'NONE', ( #3015, #1323, #2640, #6151, #1602 ) ) ;
#2649 = MECHANICAL_DESIGN_GEOMETRIC_PRESENTATION_REPRESENTATION (  '', ( #6340 ), #5894 ) ;
#2650 = ADVANCED_FACE ( 'NONE', ( #4003 ), #8963, .F. ) ;
#2651 = DIRECTION ( 'NONE',  ( 1.000000000000000000, 0.000000000000000000, -6.982962677686266711E-15 ) ) ;
#2652 = EDGE_CURVE ( 'NONE', #3533, #7908, #5474, .T. ) ;
#2653 = CARTESIAN_POINT ( 'NONE',  ( -2.501402243589744057, -2.799999999999999822, 6.243589743589732066 ) ) ;
#2654 = ORIENTED_EDGE ( 'NONE', *, *, #9025, .T. ) ;
#2655 = EDGE_CURVE ( 'NONE', #4781, #138, #8268, .T. ) ;
#2656 = CARTESIAN_POINT ( 'NONE',  ( -3.300000000004136957, 0.3000000000000003775, 0.9000000000042099879 ) ) ;
#2657 = DIRECTION ( 'NONE',  ( 6.982962677686266711E-15, 0.000000000000000000, 1.000000000000000000 ) ) ;
#2658 = VECTOR ( 'NONE', #8799, 1000.000000000000000 ) ;
#2659 = VECTOR ( 'NONE', #3796, 1000.000000000000000 ) ;
#2660 = CARTESIAN_POINT ( 'NONE',  ( -0.7999999999999899414, 1.989949493661167468, 1.434314575050821494 ) ) ;
#2661 = CARTESIAN_POINT ( 'NONE',  ( 2.205128205128205288, -1.469999999999999973, 5.999599358974347041 ) ) ;
#2662 = ORIENTED_EDGE ( 'NONE', *, *, #2581, .T. ) ;
#2663 = EDGE_CURVE ( 'NONE', #8967, #7559, #1965, .T. ) ;
#2664 = CARTESIAN_POINT ( 'NONE',  ( -1.964426656897800605, -1.469999999999999529, 5.368747903966044177 ) ) ;
#2665 = CARTESIAN_POINT ( 'NONE',  ( 2.039134411902586042, -1.469999999999999973, 5.675522465614528222 ) ) ;
#2666 = LINE ( 'NONE', #2772, #3397 ) ;
#2667 = COLOUR_RGB ( '',0.8980392156862745390, 0.8980392156862745390, 0.8980392156862745390 ) ;
#2668 = CARTESIAN_POINT ( 'NONE',  ( -2.631347909669556007, -1.470000000000000417, 5.658861828003776573 ) ) ;
#2669 = VERTEX_POINT ( 'NONE', #1286 ) ;
#2670 = DIRECTION ( 'NONE',  ( -1.000000000000000000, 0.000000000000000000, 6.982962677686267499E-15 ) ) ;
#2671 = CARTESIAN_POINT ( 'NONE',  ( 2.384889061623495010, -1.469999999999999529, 6.148280647444117619 ) ) ;
#2672 = VECTOR ( 'NONE', #8872, 1000.000000000000000 ) ;
#2673 = ORIENTED_EDGE ( 'NONE', *, *, #935, .F. ) ;
#2674 = DIRECTION ( 'NONE',  ( -6.982962677686266711E-15, 0.000000000000000000, -1.000000000000000000 ) ) ;
#2675 = VECTOR ( 'NONE', #8458, 1000.000000000000000 ) ;
#2676 = FACE_OUTER_BOUND ( 'NONE', #1188, .T. ) ;
#2677 = CARTESIAN_POINT ( 'NONE',  ( 0.8457541433606347026, -1.469999999999999085, 5.539572234327606814 ) ) ;
#2678 = CARTESIAN_POINT ( 'NONE',  ( -2.705128205128205288, -2.799999999999999378, 5.879206730769219291 ) ) ;
#2679 = CARTESIAN_POINT ( 'NONE',  ( -1.599999999989103472, -0.2999999999999999334, 4.500000000000010658 ) ) ;
#2680 =( LENGTH_UNIT ( ) NAMED_UNIT ( * ) SI_UNIT ( .MILLI., .METRE. ) );
#2681 = FACE_BOUND ( 'NONE', #8774, .T. ) ;
#2682 = FILL_AREA_STYLE_COLOUR ( '', #3004 ) ;
#2683 = SURFACE_STYLE_USAGE ( .BOTH. , #3938 ) ;
#2684 = VECTOR ( 'NONE', #35, 1000.000000000000000 ) ;
#2685 = CARTESIAN_POINT ( 'NONE',  ( -1.976362179487180404, -1.470000000000000417, 5.217948717948707404 ) ) ;
#2686 = AXIS2_PLACEMENT_3D ( 'NONE', #5357, #4037, #4135 ) ;
#2687 = ORIENTED_EDGE ( 'NONE', *, *, #1446, .F. ) ;
#2688 = EDGE_CURVE ( 'NONE', #5054, #6165, #4105, .T. ) ;
#2689 = UNCERTAINTY_MEASURE_WITH_UNIT (LENGTH_MEASURE( 1.000000000000000082E-05 ), #6996, 'distance_accuracy_value', 'NONE');
#2690 = CARTESIAN_POINT ( 'NONE',  ( 0.3333333333333330373, -1.469999999999999973, 5.820512820512808716 ) ) ;
#2691 = ORIENTED_EDGE ( 'NONE', *, *, #1990, .F. ) ;
#2692 = LINE ( 'NONE', #5735, #7287 ) ;
#2693 = ORIENTED_EDGE ( 'NONE', *, *, #6216, .F. ) ;
#2694 = ORIENTED_EDGE ( 'NONE', *, *, #4243, .T. ) ;
#2695 = CARTESIAN_POINT ( 'NONE',  ( 1.179487179487178850, -2.799999999999999822, 5.692307692307680966 ) ) ;
#2696 = ORIENTED_EDGE ( 'NONE', *, *, #1624, .T. ) ;
#2697 = DIRECTION ( 'NONE',  ( 4.937700262164723958E-15, -0.7071067811865201502, 0.7071067811865749952 ) ) ;
#2698 = CARTESIAN_POINT ( 'NONE',  ( 2.203843754825337342, -1.469999999999999973, 5.944829574155744645 ) ) ;
#2699 = ORIENTED_EDGE ( 'NONE', *, *, #84, .F. ) ;
#2700 = DIRECTION ( 'NONE',  ( -1.000000000000000000, 0.000000000000000000, 0.000000000000000000 ) ) ;
#2701 = UNCERTAINTY_MEASURE_WITH_UNIT (LENGTH_MEASURE( 1.000000000000000082E-05 ), #6171, 'distance_accuracy_value', 'NONE');
#2702 = VECTOR ( 'NONE', #8216, 1000.000000000000000 ) ;
#2703 = SURFACE_STYLE_USAGE ( .BOTH. , #6161 ) ;
#2704 = ADVANCED_FACE ( 'NONE', ( #6891 ), #587, .T. ) ;
#2705 = CARTESIAN_POINT ( 'NONE',  ( -2.450984251148510040, -2.799999999999998934, 5.671105005672925081 ) ) ;
#2706 = CARTESIAN_POINT ( 'NONE',  ( 0.8000000000000320188, -0.2999999999999999334, 4.599999999999994316 ) ) ;
#2707 = CARTESIAN_POINT ( 'NONE',  ( -2.615659164695602446, -2.799999999999999378, 5.647804878481316848 ) ) ;
#2708 = VECTOR ( 'NONE', #1271, 1000.000000000000000 ) ;
#2709 = CARTESIAN_POINT ( 'NONE',  ( -2.700687507402145915, -2.800000000000000266, 5.800973135173286721 ) ) ;
#2710 = ORIENTED_EDGE ( 'NONE', *, *, #3294, .T. ) ;
#2711 = LINE ( 'NONE', #4706, #2324 ) ;
#2712 = FILL_AREA_STYLE_COLOUR ( '', #4228 ) ;
#2713 = EDGE_CURVE ( 'NONE', #8252, #6956, #122, .T. ) ;
#2714 = EDGE_CURVE ( 'NONE', #2062, #1373, #87, .T. ) ;
#2715 = CARTESIAN_POINT ( 'NONE',  ( 0.8000000000000089262, 1.282705825050274528, 1.293030106237845978 ) ) ;
#2716 = PLANE ( 'NONE',  #8088 ) ;
#2717 = ORIENTED_EDGE ( 'NONE', *, *, #8783, .T. ) ;
#2718 = CARTESIAN_POINT ( 'NONE',  ( -2.491185897435898688, -2.800000000000000266, 5.487179487179476567 ) ) ;
#2719 = AXIS2_PLACEMENT_3D ( 'NONE', #1166, #467, #1212 ) ;
#2720 = DIRECTION ( 'NONE',  ( -0.7071067811865402453, -0.5000000000000028866, 0.5000000000000075495 ) ) ;
#2721 = CARTESIAN_POINT ( 'NONE',  ( 1.699999999995823741, 0.3000000000000003775, 1.400000000009656853 ) ) ;
#2722 = LINE ( 'NONE', #6853, #4436 ) ;
#2723 = VERTEX_POINT ( 'NONE', #767 ) ;
#2724 = CARTESIAN_POINT ( 'NONE',  ( 1.988722472517471029, -1.469999999999999973, 6.498840892472199648 ) ) ;
#2725 = SURFACE_STYLE_USAGE ( .BOTH. , #6234 ) ;
#2726 = DIRECTION ( 'NONE',  ( 0.000000000000000000, 0.000000000000000000, -1.000000000000000000 ) ) ;
#2727 = EDGE_CURVE ( 'NONE', #6103, #782, #4999, .T. ) ;
#2728 = ORIENTED_EDGE ( 'NONE', *, *, #6488, .T. ) ;
#2729 = DIRECTION ( 'NONE',  ( 6.982962677686266711E-15, 0.000000000000000000, 1.000000000000000000 ) ) ;
#2730 = DIRECTION ( 'NONE',  ( 1.000000000000000000, 0.000000000000000000, -6.982962677686267499E-15 ) ) ;
#2731 = PRESENTATION_LAYER_ASSIGNMENT (  '', '', ( #2392 ) ) ;
#2732 = CARTESIAN_POINT ( 'NONE',  ( -2.556701553112441960, -2.799999999999999378, 6.102431981244229142 ) ) ;
#2733 = SURFACE_SIDE_STYLE ('',( #8434 ) ) ;
#2734 = FACE_OUTER_BOUND ( 'NONE', #7942, .T. ) ;
#2735 =( GEOMETRIC_REPRESENTATION_CONTEXT ( 3 ) GLOBAL_UNCERTAINTY_ASSIGNED_CONTEXT ( ( #4076 ) ) GLOBAL_UNIT_ASSIGNED_CONTEXT ( ( #7394, #4479, #8681 ) ) REPRESENTATION_CONTEXT ( 'NONE', 'WORKASPACE' ) );
#2736 = LINE ( 'NONE', #7510, #6939 ) ;
#2737 = LINE ( 'NONE', #3524, #5063 ) ;
#2738 = CARTESIAN_POINT ( 'NONE',  ( -2.439808851232277753, -1.470000000000000417, 5.684137763270395105 ) ) ;
#2739 = CARTESIAN_POINT ( 'NONE',  ( 0.6078376048731028991, -1.469999999999999529, 5.661290119471194870 ) ) ;
#2740 = CARTESIAN_POINT ( 'NONE',  ( -0.7999999999999884981, 0.9259144981615097247, 1.649821433126621884 ) ) ;
#2741 = FILL_AREA_STYLE_COLOUR ( '', #5336 ) ;
#2742 = B_SPLINE_CURVE_WITH_KNOTS ( 'NONE', 3,
 ( #1543, #1966, #3400, #8368, #2061 ),
 .UNSPECIFIED., .F., .F.,
 ( 4, 1, 4 ),
 ( 0.000000000000000000, 0.5011289080001245511, 0.9999999999999998890 ),
 .UNSPECIFIED. ) ;
#2743 = CARTESIAN_POINT ( 'NONE',  ( 2.120192307692307931, -2.799999999999999822, 6.480969551282039554 ) ) ;
#2744 = ORIENTED_EDGE ( 'NONE', *, *, #7989, .F. ) ;
#2745 = VECTOR ( 'NONE', #1538, 1000.000000000000000 ) ;
#2746 = ORIENTED_EDGE ( 'NONE', *, *, #6636, .F. ) ;
#2747 = ORIENTED_EDGE ( 'NONE', *, *, #5623, .F. ) ;
#2748 =( NAMED_UNIT ( * ) PLANE_ANGLE_UNIT ( ) SI_UNIT ( $, .RADIAN. ) );
#2749 = EDGE_CURVE ( 'NONE', #4143, #7653, #723, .T. ) ;
#2750 = ORIENTED_EDGE ( 'NONE', *, *, #8230, .T. ) ;
#2751 = EDGE_CURVE ( 'NONE', #3385, #575, #2141, .T. ) ;
#2752 = SURFACE_STYLE_FILL_AREA ( #7022 ) ;
#2753 = FACE_OUTER_BOUND ( 'NONE', #905, .T. ) ;
#2754 = VERTEX_POINT ( 'NONE', #8535 ) ;
#2755 = LINE ( 'NONE', #5740, #6223 ) ;
#2756 = COLOUR_RGB ( '',0.8980392156862745390, 0.8980392156862745390, 0.8980392156862745390 ) ;
#2757 = VECTOR ( 'NONE', #7980, 1000.000000000000000 ) ;
#2758 = DIRECTION ( 'NONE',  ( -2.787076217179121678E-28, -1.000000000000000000, -3.991251773527437763E-14 ) ) ;
#2759 = DIRECTION ( 'NONE',  ( 5.543740925055835391E-13, -1.000000000000000000, -4.756084277274825360E-15 ) ) ;
#2760 = DIRECTION ( 'NONE',  ( 7.016199429193082734E-13, -1.000000000000000000, -6.892698951965047217E-13 ) ) ;
#2761 = ORIENTED_EDGE ( 'NONE', *, *, #7149, .T. ) ;
#2762 = CARTESIAN_POINT ( 'NONE',  ( 0.5602621255215302076, -2.799999999999999378, 5.695989257692359864 ) ) ;
#2763 = AXIS2_PLACEMENT_3D ( 'NONE', #7795, #1536, #2208 ) ;
#2764 = VECTOR ( 'NONE', #5959, 1000.000000000000000 ) ;
#2765 = EDGE_CURVE ( 'NONE', #5576, #4781, #2223, .T. ) ;
#2766 = CARTESIAN_POINT ( 'NONE',  ( -1.913388161716236713, -1.470000000000000862, 5.420100896793876188 ) ) ;
#2767 = CARTESIAN_POINT ( 'NONE',  ( -0.2808493589743594754, -1.469999999999999973, 5.499999999999988454 ) ) ;
#2768 = VERTEX_POINT ( 'NONE', #130 ) ;
#2769 = FACE_BOUND ( 'NONE', #1364, .T. ) ;
#2770 = EDGE_CURVE ( 'NONE', #8357, #4781, #1378, .T. ) ;
#2771 = SURFACE_STYLE_FILL_AREA ( #7546 ) ;
#2772 = CARTESIAN_POINT ( 'NONE',  ( -2.016626602564103088, -1.469999999999999973, 5.358974358974347929 ) ) ;
#2773 = PRESENTATION_STYLE_ASSIGNMENT (( #3560 ) ) ;
#2774 = EDGE_LOOP ( 'NONE', ( #2604, #9081, #8746, #7681 ) ) ;
#2775 = LINE ( 'NONE', #2817, #2319 ) ;
#2776 = CARTESIAN_POINT ( 'NONE',  ( 5.990434922004914346E-16, 1.500000000000000000, 0.08578643762692690633 ) ) ;
#2777 = LINE ( 'NONE', #5587, #8143 ) ;
#2778 = ORIENTED_EDGE ( 'NONE', *, *, #1238, .T. ) ;
#2779 = FACE_OUTER_BOUND ( 'NONE', #6463, .T. ) ;
#2780 = EDGE_CURVE ( 'NONE', #7908, #3925, #3542, .T. ) ;
#2781 = CARTESIAN_POINT ( 'NONE',  ( -2.650432185861959056, -1.470000000000000862, 6.060322912497936088 ) ) ;
#2782 = CARTESIAN_POINT ( 'NONE',  ( 0.8972711523054931471, -1.470000000000000862, 5.583838658937844812 ) ) ;
#2783 = EDGE_CURVE ( 'NONE', #548, #7770, #8452, .T. ) ;
#2784 = DIRECTION ( 'NONE',  ( 0.000000000000000000, 0.000000000000000000, -1.000000000000000000 ) ) ;
#2785 = DIRECTION ( 'NONE',  ( 0.000000000000000000, -1.000000000000000000, 0.000000000000000000 ) ) ;
#2786 = PLANE ( 'NONE',  #8886 ) ;
#2787 = FILL_AREA_STYLE ('',( #8198 ) ) ;
#2788 = LINE ( 'NONE', #2087, #8169 ) ;
#2789 = UNCERTAINTY_MEASURE_WITH_UNIT (LENGTH_MEASURE( 1.000000000000000082E-05 ), #2054, 'distance_accuracy_value', 'NONE');
#2790 = CARTESIAN_POINT ( 'NONE',  ( 0.7713019331125632316, -2.799999999999998046, 5.733836967465403056 ) ) ;
#2791 = ORIENTED_EDGE ( 'NONE', *, *, #5591, .T. ) ;
#2792 = EDGE_LOOP ( 'NONE', ( #387, #315, #37, #1196 ) ) ;
#2793 = EDGE_LOOP ( 'NONE', ( #3263, #299, #520, #8848, #1386, #7291, #3736, #1040, #1206, #8629, #3155, #8337, #9009, #1179, #8259, #6836 ) ) ;
#2794 = SURFACE_STYLE_FILL_AREA ( #6384 ) ;
#2795 = CARTESIAN_POINT ( 'NONE',  ( 3.300000000010304912, -0.2999999999999999334, 2.499999999994327649 ) ) ;
#2796 = PRESENTATION_LAYER_ASSIGNMENT (  '', '', ( #3215 ) ) ;
#2797 = ORIENTED_EDGE ( 'NONE', *, *, #7589, .F. ) ;
#2798 = B_SPLINE_SURFACE_WITH_KNOTS ( 'NONE', 3, 1, ( 
 ( #6082, #8875 ),
 ( #3358, #2563 ),
 ( #5433, #6173 ),
 ( #1252, #8979 ),
 ( #2668, #8283 ),
 ( #4808, #5584 ),
 ( #4351, #4166 ),
 ( #7736, #5714 ),
 ( #7865, #2113 ),
 ( #6360, #3603 ),
 ( #8548, #7697 ) ),
 .UNSPECIFIED., .F., .F., .F.,
 ( 4, 1, 1, 1, 1, 1, 1, 1, 4 ),
 ( 2, 2 ),
 ( 0.000000000000000000, 0.1416473012954062860, 0.2748793051102085272, 0.4013252160267652413, 0.5221408412914615438, 0.6409564526136856122, 0.7572482097226821418, 0.8771903841482739939, 1.000000000000000000 ),
 ( 0.000000000000000000, 1.000000000000000000 ),
 .UNSPECIFIED. ) ;
#2799 = CARTESIAN_POINT ( 'NONE',  ( 2.062881591055703456, -2.799999999999998934, 5.507834525430381767 ) ) ;
#2800 = VECTOR ( 'NONE', #493, 1000.000000000000114 ) ;
#2801 = CARTESIAN_POINT ( 'NONE',  ( -2.611570056512652727, -1.469999999999999085, 6.218883159266130889 ) ) ;
#2802 = VECTOR ( 'NONE', #4778, 1000.000000000000000 ) ;
#2803 = CARTESIAN_POINT ( 'NONE',  ( 0.9741062744397790407, -2.799999999999999378, 5.840136382740065635 ) ) ;
#2804 = ORIENTED_EDGE ( 'NONE', *, *, #6509, .T. ) ;
#2805 = DIRECTION ( 'NONE',  ( 0.000000000000000000, -1.000000000000000000, 0.000000000000000000 ) ) ;
#2806 = ORIENTED_EDGE ( 'NONE', *, *, #3246, .F. ) ;
#2807 = FACE_OUTER_BOUND ( 'NONE', #4512, .T. ) ;
#2808 = LINE ( 'NONE', #6949, #5090 ) ;
#2809 = CARTESIAN_POINT ( 'NONE',  ( -2.615659164695602446, -1.469999999999999529, 5.647804878481316848 ) ) ;
#2810 = AXIS2_PLACEMENT_3D ( 'NONE', #7497, #5536, #1877 ) ;
#2811 = VERTEX_POINT ( 'NONE', #168 ) ;
#2812 = DIRECTION ( 'NONE',  ( -4.937700262164532265E-15, -0.7071067811865474617, -0.7071067811865476838 ) ) ;
#2813 = DIRECTION ( 'NONE',  ( 0.000000000000000000, -1.000000000000000000, 0.000000000000000000 ) ) ;
#2814 = AXIS2_PLACEMENT_3D ( 'NONE', #875, #2325, #5862 ) ;
#2815 = DIRECTION ( 'NONE',  ( 0.000000000000000000, 0.000000000000000000, -1.000000000000000000 ) ) ;
#2816 = ORIENTED_EDGE ( 'NONE', *, *, #5877, .F. ) ;
#2817 = CARTESIAN_POINT ( 'NONE',  ( -0.4262820512820515440, -1.469999999999999973, 5.897435897435885366 ) ) ;
#2818 =( GEOMETRIC_REPRESENTATION_CONTEXT ( 3 ) GLOBAL_UNCERTAINTY_ASSIGNED_CONTEXT ( ( #1015 ) ) GLOBAL_UNIT_ASSIGNED_CONTEXT ( ( #7567, #1944, #4081 ) ) REPRESENTATION_CONTEXT ( 'NONE', 'WORKASPACE' ) );
#2819 = FACE_OUTER_BOUND ( 'NONE', #6838, .T. ) ;
#2820 = CARTESIAN_POINT ( 'NONE',  ( 1.756410256410256165, -1.469999999999999973, 6.333333333333321491 ) ) ;
#2821 = CARTESIAN_POINT ( 'NONE',  ( 1.699999999995845501, 0.3000000000000003775, 4.499999999999987566 ) ) ;
#2822 = DIRECTION ( 'NONE',  ( -1.000000000000000000, 0.000000000000000000, 0.000000000000000000 ) ) ;
#2823 =( NAMED_UNIT ( * ) PLANE_ANGLE_UNIT ( ) SI_UNIT ( $, .RADIAN. ) );
#2824 = B_SPLINE_CURVE_WITH_KNOTS ( 'NONE', 3,
 ( #2661, #694, #3508, #1435, #4259, #7035, #7861, #217, #3643, #7243, #5886, #8500, #947, #8633, #95, #8673, #4971, #4470, #2190 ),
 .UNSPECIFIED., .F., .F.,
 ( 4, 1, 1, 1, 1, 1, 1, 1, 1, 1, 1, 1, 1, 1, 1, 1, 4 ),
 ( 0.000000000000000000, 0.06987475604711250454, 0.1353605667671077539, 0.1964987510024872874, 0.2538784601479327496, 0.3075274503363293888, 0.3570367068192334958, 0.4031010463383038478, 0.4452807002517037427, 0.5232168988621624939, 0.5960668013893821726, 0.6640751781809338672, 0.7291586458483728661, 0.7933280902254810085, 0.8592395028557613390, 0.9276737124130605139, 1.000000000000000000 ),
 .UNSPECIFIED. ) ;
#2825 = VECTOR ( 'NONE', #1354, 1000.000000000000000 ) ;
#2826 = FACE_OUTER_BOUND ( 'NONE', #3547, .T. ) ;
#2827 = CARTESIAN_POINT ( 'NONE',  ( 5.000000000000031974, -1.499999999999999778, 4.595999999999964558 ) ) ;
#2828 = DIRECTION ( 'NONE',  ( -0.7071067811865414665, 0.000000000000000000, 0.7071067811865536790 ) ) ;
#2829 = CARTESIAN_POINT ( 'NONE',  ( -0.7999999999999678479, -0.2999999999999999334, 4.600000000000004974 ) ) ;
#2830 = EDGE_CURVE ( 'NONE', #1590, #4659, #8182, .T. ) ;
#2831 = LINE ( 'NONE', #8523, #4667 ) ;
#2832 =( GEOMETRIC_REPRESENTATION_CONTEXT ( 3 ) GLOBAL_UNCERTAINTY_ASSIGNED_CONTEXT ( ( #2876 ) ) GLOBAL_UNIT_ASSIGNED_CONTEXT ( ( #7329, #2444, #1591 ) ) REPRESENTATION_CONTEXT ( 'NONE', 'WORKASPACE' ) );
#2833 = FACE_OUTER_BOUND ( 'NONE', #3650, .T. ) ;
#2834 = EDGE_CURVE ( 'NONE', #5142, #8252, #6305, .T. ) ;
#2835 = ORIENTED_EDGE ( 'NONE', *, *, #5165, .F. ) ;
#2836 =( LENGTH_UNIT ( ) NAMED_UNIT ( * ) SI_UNIT ( .MILLI., .METRE. ) );
#2837 = ORIENTED_EDGE ( 'NONE', *, *, #635, .T. ) ;
#2838 = MECHANICAL_DESIGN_GEOMETRIC_PRESENTATION_REPRESENTATION (  '', ( #4015 ), #6947 ) ;
#2839 = MECHANICAL_DESIGN_GEOMETRIC_PRESENTATION_REPRESENTATION (  '', ( #3117 ), #5177 ) ;
#2840 = ORIENTED_EDGE ( 'NONE', *, *, #2834, .F. ) ;
#2841 = CARTESIAN_POINT ( 'NONE',  ( -4.999999999999968026, -1.500000000000000000, 3.900000000000040323 ) ) ;
#2842 = ADVANCED_FACE ( 'NONE', ( #7767 ), #1925, .T. ) ;
#2843 = VECTOR ( 'NONE', #7502, 1000.000000000000000 ) ;
#2844 =( GEOMETRIC_REPRESENTATION_CONTEXT ( 3 ) GLOBAL_UNCERTAINTY_ASSIGNED_CONTEXT ( ( #118 ) ) GLOBAL_UNIT_ASSIGNED_CONTEXT ( ( #8301, #8154, #1994 ) ) REPRESENTATION_CONTEXT ( 'NONE', 'WORKASPACE' ) );
#2845 = CARTESIAN_POINT ( 'NONE',  ( 3.300000000010853807, -0.2999999999999999334, 4.499999999999976019 ) ) ;
#2846 =( NAMED_UNIT ( * ) SI_UNIT ( $, .STERADIAN. ) SOLID_ANGLE_UNIT ( ) );
#2847 = VERTEX_POINT ( 'NONE', #8577 ) ;
#2848 = SURFACE_SIDE_STYLE ('',( #4294 ) ) ;
#2849 =( NAMED_UNIT ( * ) PLANE_ANGLE_UNIT ( ) SI_UNIT ( $, .RADIAN. ) );
#2850 = VECTOR ( 'NONE', #1587, 999.9999999999998863 ) ;
#2851 = ORIENTED_EDGE ( 'NONE', *, *, #7872, .F. ) ;
#2852 = DIRECTION ( 'NONE',  ( 0.7071067811865553443, -0.4999999999999970579, 0.4999999999999920064 ) ) ;
#2853 = FACE_OUTER_BOUND ( 'NONE', #1367, .T. ) ;
#2854 = VERTEX_POINT ( 'NONE', #7806 ) ;
#2855 = CARTESIAN_POINT ( 'NONE',  ( -0.7999999999999884981, 0.9259144981615097247, 1.649821433126621884 ) ) ;
#2856 = CARTESIAN_POINT ( 'NONE',  ( -2.607467886637609311, -1.470000000000000417, 5.515733603418147446 ) ) ;
#2857 = EDGE_LOOP ( 'NONE', ( #6153, #1032, #7606, #8542, #5606, #4113, #2840, #8454, #6726 ) ) ;
#2858 = DIRECTION ( 'NONE',  ( 0.000000000000000000, 1.000000000000000000, 0.000000000000000000 ) ) ;
#2859 = DIRECTION ( 'NONE',  ( -1.000000000000000000, 0.000000000000000000, 6.982962677686266711E-15 ) ) ;
#2860 = CARTESIAN_POINT ( 'NONE',  ( -0.7999999999999830580, 0.1480970388563068729, 2.427638892431824402 ) ) ;
#2861 = EDGE_CURVE ( 'NONE', #2062, #5800, #7851, .T. ) ;
#2862 = EDGE_CURVE ( 'NONE', #3335, #2182, #808, .T. ) ;
#2863 = VECTOR ( 'NONE', #2177, 1000.000000000000000 ) ;
#2864 = DIRECTION ( 'NONE',  ( 0.000000000000000000, 0.000000000000000000, 1.000000000000000000 ) ) ;
#2865 = CARTESIAN_POINT ( 'NONE',  ( -2.661613016621072081, -1.469999999999999529, 6.047277267986562954 ) ) ;
#2866 = CARTESIAN_POINT ( 'NONE',  ( 0.8040112356801338844, -1.469999999999999085, 5.516458152762652389 ) ) ;
#2867 = EDGE_CURVE ( 'NONE', #7974, #7389, #8004, .T. ) ;
#2868 = DIRECTION ( 'NONE',  ( -0.000000000000000000, -1.000000000000000000, -0.000000000000000000 ) ) ;
#2869 = LINE ( 'NONE', #7792, #7811 ) ;
#2870 = DIRECTION ( 'NONE',  ( -0.000000000000000000, -1.000000000000000000, -0.000000000000000000 ) ) ;
#2871 = CARTESIAN_POINT ( 'NONE',  ( -0.7999999999999760636, -0.3000000000000003775, 3.414213562373167310 ) ) ;
#2872 = FACE_OUTER_BOUND ( 'NONE', #4766, .T. ) ;
#2873 = CARTESIAN_POINT ( 'NONE',  ( -2.899999999999954170, -0.2999999999999999334, 0.5000000000000198730 ) ) ;
#2874 = CARTESIAN_POINT ( 'NONE',  ( -1.976362179487179960, -2.800000000000000266, 5.217948717948706516 ) ) ;
#2875 =( GEOMETRIC_REPRESENTATION_CONTEXT ( 3 ) GLOBAL_UNCERTAINTY_ASSIGNED_CONTEXT ( ( #2138 ) ) GLOBAL_UNIT_ASSIGNED_CONTEXT ( ( #830, #3566, #2120 ) ) REPRESENTATION_CONTEXT ( 'NONE', 'WORKASPACE' ) );
#2876 = UNCERTAINTY_MEASURE_WITH_UNIT (LENGTH_MEASURE( 1.000000000000000082E-05 ), #7329, 'distance_accuracy_value', 'NONE');
#2877 = LINE ( 'NONE', #1455, #2684 ) ;
#2878 = ORIENTED_EDGE ( 'NONE', *, *, #1710, .T. ) ;
#2879 = EDGE_CURVE ( 'NONE', #3331, #7036, #8350, .T. ) ;
#2880 = DIRECTION ( 'NONE',  ( -1.000000000000000000, 0.000000000000000000, 6.982962677686266711E-15 ) ) ;
#2881 =( NAMED_UNIT ( * ) PLANE_ANGLE_UNIT ( ) SI_UNIT ( $, .RADIAN. ) );
#2882 =( NAMED_UNIT ( * ) PLANE_ANGLE_UNIT ( ) SI_UNIT ( $, .RADIAN. ) );
#2883 = ORIENTED_EDGE ( 'NONE', *, *, #7761, .T. ) ;
#2884 = LINE ( 'NONE', #5569, #239 ) ;
#2885 = SURFACE_STYLE_USAGE ( .BOTH. , #127 ) ;
#2886 = B_SPLINE_CURVE_WITH_KNOTS ( 'NONE', 3,
 ( #6409, #8518, #7708, #4943, #1402, #70, #4629, #3173, #6537, #4579, #6578 ),
 .UNSPECIFIED., .F., .F.,
 ( 4, 1, 1, 1, 1, 1, 1, 1, 4 ),
 ( 0.000000000000000000, 0.1363605765562406757, 0.2682425272755328272, 0.3968880754975246949, 0.5226633583095595670, 0.6451504626695785394, 0.7648322926185533444, 0.8829612383103141449, 1.000000000000000000 ),
 .UNSPECIFIED. ) ;
#2887 = CARTESIAN_POINT ( 'NONE',  ( 2.397435897435897356, -2.799999999999999822, 5.990384615384604317 ) ) ;
#2888 = PRESENTATION_LAYER_ASSIGNMENT (  '', '', ( #1691 ) ) ;
#2889 = EDGE_CURVE ( 'NONE', #6135, #7193, #3138, .T. ) ;
#2890 = ORIENTED_EDGE ( 'NONE', *, *, #8782, .T. ) ;
#2891 = VECTOR ( 'NONE', #6874, 1000.000000000000000 ) ;
#2892 = PLANE ( 'NONE',  #3767 ) ;
#2893 = VERTEX_POINT ( 'NONE', #6007 ) ;
#2894 = CARTESIAN_POINT ( 'NONE',  ( -0.7999999999999685141, -0.2999999999999999334, 4.500000000000004441 ) ) ;
#2895 = APPLICATION_CONTEXT ( 'automotive_design' ) ;
#2896 = DIRECTION ( 'NONE',  ( -5.568579109252160274E-16, 0.9968152785361249490, -0.07974522228288999370 ) ) ;
#2897 = ORIENTED_EDGE ( 'NONE', *, *, #5741, .T. ) ;
#2898 = VECTOR ( 'NONE', #1577, 1000.000000000000000 ) ;
#2899 = SURFACE_STYLE_USAGE ( .BOTH. , #6441 ) ;
#2900 =( GEOMETRIC_REPRESENTATION_CONTEXT ( 3 ) GLOBAL_UNCERTAINTY_ASSIGNED_CONTEXT ( ( #8318 ) ) GLOBAL_UNIT_ASSIGNED_CONTEXT ( ( #8546, #7816, #7037 ) ) REPRESENTATION_CONTEXT ( 'NONE', 'WORKASPACE' ) );
#2901 = ORIENTED_EDGE ( 'NONE', *, *, #5229, .T. ) ;
#2902 = CARTESIAN_POINT ( 'NONE',  ( 4.000000000000096811, -2.799999999999999822, 13.89999999999997193 ) ) ;
#2903 = CARTESIAN_POINT ( 'NONE',  ( -2.635053441599016111, -2.799999999999999822, 5.532126281430818970 ) ) ;
#2904 = CARTESIAN_POINT ( 'NONE',  ( 0.5259864148536178563, -1.469999999999999085, 5.826251561587053374 ) ) ;
#2905 = CARTESIAN_POINT ( 'NONE',  ( 2.042668269230769162, -1.469999999999999973, 5.676282051282039554 ) ) ;
#2906 = CARTESIAN_POINT ( 'NONE',  ( 0.8457541433606347026, -2.799999999999998490, 5.539572234327606814 ) ) ;
#2907 = DIRECTION ( 'NONE',  ( 0.3425287238106894394, 0.000000000000000000, 0.9395073567378917634 ) ) ;
#2908 = DIRECTION ( 'NONE',  ( 1.000000000000000000, 0.000000000000000000, 0.000000000000000000 ) ) ;
#2909 = CARTESIAN_POINT ( 'NONE',  ( 0.3531386460857005027, -2.800000000000000266, 5.676826288498880935 ) ) ;
#2910 = DIRECTION ( 'NONE',  ( -6.982962677686266711E-15, 0.000000000000000000, -1.000000000000000000 ) ) ;
#2911 = CARTESIAN_POINT ( 'NONE',  ( -1.976072234772370484, -2.800000000000001155, 5.364284178213924115 ) ) ;
#2912 = CARTESIAN_POINT ( 'NONE',  ( 0.2179487179487177573, -1.469999999999999973, 5.499999999999988454 ) ) ;
#2913 = PRESENTATION_STYLE_ASSIGNMENT (( #5826 ) ) ;
#2914 = VECTOR ( 'NONE', #1732, 1000.000000000000000 ) ;
#2915 = VERTEX_POINT ( 'NONE', #1746 ) ;
#2916 = FILL_AREA_STYLE_COLOUR ( '', #8586 ) ;
#2917 = FILL_AREA_STYLE ('',( #1545 ) ) ;
#2918 = ORIENTED_EDGE ( 'NONE', *, *, #8578, .F. ) ;
#2919 = CARTESIAN_POINT ( 'NONE',  ( -3.399999999999940403, 0.3000000000000003775, 2.500000000000023537 ) ) ;
#2920 = LINE ( 'NONE', #5126, #2850 ) ;
#2921 = CARTESIAN_POINT ( 'NONE',  ( 4.000000000000096811, -1.500000000000000000, 13.89999999999997193 ) ) ;
#2922 = MECHANICAL_DESIGN_GEOMETRIC_PRESENTATION_REPRESENTATION (  '', ( #1736 ), #4127 ) ;
#2923 = ORIENTED_EDGE ( 'NONE', *, *, #2975, .F. ) ;
#2924 = FACE_OUTER_BOUND ( 'NONE', #2792, .T. ) ;
#2925 = CARTESIAN_POINT ( 'NONE',  ( -2.011746619523451240, -1.470000000000000417, 5.359082679887531064 ) ) ;
#2926 = VERTEX_POINT ( 'NONE', #6824 ) ;
#2927 = DIRECTION ( 'NONE',  ( -4.937700262164533054E-15, -0.7071067811865473507, -0.7071067811865477948 ) ) ;
#2928 = VERTEX_POINT ( 'NONE', #8842 ) ;
#2929 = SURFACE_STYLE_USAGE ( .BOTH. , #3642 ) ;
#2930 = STYLED_ITEM ( 'NONE', ( #8537 ), #4237 ) ;
#2931 = SURFACE_STYLE_FILL_AREA ( #7814 ) ;
#2932 = EDGE_LOOP ( 'NONE', ( #2456, #2068, #5796, #136 ) ) ;
#2933 = EDGE_CURVE ( 'NONE', #7677, #573, #6097, .T. ) ;
#2934 = EDGE_CURVE ( 'NONE', #8545, #3205, #2378, .T. ) ;
#2935 = FACE_OUTER_BOUND ( 'NONE', #596, .T. ) ;
#2936 = EDGE_CURVE ( 'NONE', #7677, #7988, #7363, .T. ) ;
#2937 = PRESENTATION_STYLE_ASSIGNMENT (( #781 ) ) ;
#2938 = ORIENTED_EDGE ( 'NONE', *, *, #4213, .T. ) ;
#2939 = DIRECTION ( 'NONE',  ( -0.000000000000000000, -1.000000000000000000, -0.000000000000000000 ) ) ;
#2940 = CARTESIAN_POINT ( 'NONE',  ( -2.660558359195063005, -1.469999999999999529, 5.552913286537726201 ) ) ;
#2941 = LINE ( 'NONE', #4356, #6984 ) ;
#2942 = VECTOR ( 'NONE', #1660, 1000.000000000000000 ) ;
#2943 = CARTESIAN_POINT ( 'NONE',  ( 1.371794871794872028, -1.469999999999999973, 5.692307692307680966 ) ) ;
#2944 = ADVANCED_FACE ( 'NONE', ( #8800 ), #374, .T. ) ;
#2945 = CARTESIAN_POINT ( 'NONE',  ( -2.699306956967144622, -1.469999999999999085, 5.955279540342003131 ) ) ;
#2946 =( LENGTH_UNIT ( ) NAMED_UNIT ( * ) SI_UNIT ( .MILLI., .METRE. ) );
#2947 = COLOUR_RGB ( '',0.8980392156862745390, 0.8980392156862745390, 0.8980392156862745390 ) ;
#2948 = LINE ( 'NONE', #4985, #8077 ) ;
#2949 = STYLED_ITEM ( 'NONE', ( #6262 ), #8326 ) ;
#2950 = DIRECTION ( 'NONE',  ( 6.982962677686266711E-15, 0.000000000000000000, 1.000000000000000000 ) ) ;
#2951 = PLANE ( 'NONE',  #6619 ) ;
#2952 = DIRECTION ( 'NONE',  ( 0.09334070869305662044, 0.9956342260592883076, -6.517946851124003839E-16 ) ) ;
#2953 = CARTESIAN_POINT ( 'NONE',  ( -2.397719717975948406, -1.469999999999999973, 5.832300277042434367 ) ) ;
#2954 = CARTESIAN_POINT ( 'NONE',  ( 2.363813535202949012, -2.800000000000000711, 5.768725478682553032 ) ) ;
#2955 = VECTOR ( 'NONE', #3511, 999.9999999999998863 ) ;
#2956 = CARTESIAN_POINT ( 'NONE',  ( -2.407803257558838617, -2.799999999999999822, 5.970683705766327343 ) ) ;
#2957 = AXIS2_PLACEMENT_3D ( 'NONE', #1650, #5296, #923 ) ;
#2958 = UNCERTAINTY_MEASURE_WITH_UNIT (LENGTH_MEASURE( 1.000000000000000082E-05 ), #6147, 'distance_accuracy_value', 'NONE');
#2959 = AXIS2_PLACEMENT_3D ( 'NONE', #593, #1247, #55 ) ;
#2960 = LINE ( 'NONE', #5690, #6230 ) ;
#2961 = SURFACE_SIDE_STYLE ('',( #4332 ) ) ;
#2962 = AXIS2_PLACEMENT_3D ( 'NONE', #4229, #26, #2950 ) ;
#2963 = CARTESIAN_POINT ( 'NONE',  ( 1.997100030596193898, -2.799999999999998934, 6.328152935689876912 ) ) ;
#2964 =( NAMED_UNIT ( * ) PLANE_ANGLE_UNIT ( ) SI_UNIT ( $, .RADIAN. ) );
#2965 = VECTOR ( 'NONE', #8214, 1000.000000000000114 ) ;
#2966 = VERTEX_POINT ( 'NONE', #1796 ) ;
#2967 = ADVANCED_FACE ( 'NONE', ( #8146 ), #3572, .T. ) ;
#2968 = COLOUR_RGB ( '',0.8980392156862745390, 0.8980392156862745390, 0.8980392156862745390 ) ;
#2969 = CARTESIAN_POINT ( 'NONE',  ( 2.381719398769909457, -2.800000000000000266, 5.825287207199517425 ) ) ;
#2970 = CARTESIAN_POINT ( 'NONE',  ( -4.999999999999903189, -2.799999999999999822, 13.90000000000003411 ) ) ;
#2971 = ORIENTED_EDGE ( 'NONE', *, *, #4957, .T. ) ;
#2972 =( NAMED_UNIT ( * ) PLANE_ANGLE_UNIT ( ) SI_UNIT ( $, .RADIAN. ) );
#2973 = ORIENTED_EDGE ( 'NONE', *, *, #6755, .T. ) ;
#2974 = VECTOR ( 'NONE', #7267, 1000.000000000000000 ) ;
#2975 = EDGE_CURVE ( 'NONE', #3533, #4523, #5445, .T. ) ;
#2976 = VERTEX_POINT ( 'NONE', #1265 ) ;
#2977 = CARTESIAN_POINT ( 'NONE',  ( -2.582950235057203336, -2.799999999999999822, 6.099470780652409552 ) ) ;
#2978 = ORIENTED_EDGE ( 'NONE', *, *, #1229, .T. ) ;
#2979 = DIRECTION ( 'NONE',  ( -1.000000000000000000, 0.000000000000000000, 0.000000000000000000 ) ) ;
#2980 = VERTEX_POINT ( 'NONE', #5640 ) ;
#2981 = EDGE_CURVE ( 'NONE', #5944, #2266, #1739, .T. ) ;
#2982 = ORIENTED_EDGE ( 'NONE', *, *, #7754, .F. ) ;
#2983 = CARTESIAN_POINT ( 'NONE',  ( -4.999999999999961808, -2.799999999999999822, 4.700000000000033928 ) ) ;
#2984 = AXIS2_PLACEMENT_3D ( 'NONE', #1281, #7581, #6207 ) ;
#2985 = CARTESIAN_POINT ( 'NONE',  ( -4.999999999999897859, -1.500000000000000000, 13.89999999999973923 ) ) ;
#2986 = DIRECTION ( 'NONE',  ( -0.000000000000000000, -1.000000000000000000, -0.000000000000000000 ) ) ;
#2987 = CARTESIAN_POINT ( 'NONE',  ( 1.935564489138411615, -2.799999999999999378, 5.666832426100840259 ) ) ;
#2988 = ORIENTED_EDGE ( 'NONE', *, *, #268, .F. ) ;
#2989 = CARTESIAN_POINT ( 'NONE',  ( 0.6725850894718609085, -2.799999999999999378, 5.487622844620589468 ) ) ;
#2990 = LINE ( 'NONE', #3033, #160 ) ;
#2991 = EDGE_CURVE ( 'NONE', #8807, #7124, #610, .T. ) ;
#2992 =( NAMED_UNIT ( * ) SI_UNIT ( $, .STERADIAN. ) SOLID_ANGLE_UNIT ( ) );
#2993 = CARTESIAN_POINT ( 'NONE',  ( -2.429829651696453485, -2.799999999999998934, 5.699279530333063448 ) ) ;
#2994 = CARTESIAN_POINT ( 'NONE',  ( -2.413883325406293245, -1.469999999999999973, 5.735676234337750756 ) ) ;
#2995 = CARTESIAN_POINT ( 'NONE',  ( -2.451602907819008692, -1.469999999999999529, 6.059037525973703708 ) ) ;
#2996 = CARTESIAN_POINT ( 'NONE',  ( -1.735873485239405989, -2.800000000000000711, 5.374618689166469565 ) ) ;
#2997 = CARTESIAN_POINT ( 'NONE',  ( 2.362648478075254577, -2.799999999999999822, 6.234373988290370150 ) ) ;
#2998 = CARTESIAN_POINT ( 'NONE',  ( 2.379298413002575607, -1.470000000000000417, 6.175756558332046176 ) ) ;
#2999 = DIRECTION ( 'NONE',  ( 4.975154909608206214E-16, 0.9974586998307349850, 0.07124704998790962196 ) ) ;
#3000 = ORIENTED_EDGE ( 'NONE', *, *, #6553, .T. ) ;
#3001 = VECTOR ( 'NONE', #4775, 1000.000000000000000 ) ;
#3002 =( NAMED_UNIT ( * ) SI_UNIT ( $, .STERADIAN. ) SOLID_ANGLE_UNIT ( ) );
#3003 = CARTESIAN_POINT ( 'NONE',  ( 2.196937869899151963, -2.799999999999997158, 6.123864048560411888 ) ) ;
#3004 = COLOUR_RGB ( '',0.8980392156862745390, 0.8980392156862745390, 0.8980392156862745390 ) ;
#3005 = CARTESIAN_POINT ( 'NONE',  ( 1.979379456034673357, -2.800000000000001155, 6.329618897214461803 ) ) ;
#3006 = CARTESIAN_POINT ( 'NONE',  ( 2.160953259163421958, -2.799999999999999822, 5.535807171497254764 ) ) ;
#3007 = CARTESIAN_POINT ( 'NONE',  ( -0.2808493589743594754, -1.469999999999999973, 5.499999999999988454 ) ) ;
#3008 = EDGE_CURVE ( 'NONE', #7144, #2928, #2628, .T. ) ;
#3009 = DIRECTION ( 'NONE',  ( 6.517946851117724506E-16, -0.9956342260592966342, 0.09334070869296669237 ) ) ;
#3010 = VECTOR ( 'NONE', #1089, 1000.000000000000000 ) ;
#3011 = PRODUCT_DEFINITION ( 'UNKNOWN', '', #3627, #4546 ) ;
#3012 = CARTESIAN_POINT ( 'NONE',  ( 2.100000000000003197, 0.3000000000000003775, 0.4999999999999849565 ) ) ;
#3013 = ORIENTED_EDGE ( 'NONE', *, *, #7963, .F. ) ;
#3014 = CARTESIAN_POINT ( 'NONE',  ( 2.182442732750685011, -2.800000000000000711, 5.810415476788540090 ) ) ;
#3015 = ORIENTED_EDGE ( 'NONE', *, *, #6868, .T. ) ;
#3016 = DIRECTION ( 'NONE',  ( -0.000000000000000000, -1.000000000000000000, 0.000000000000000000 ) ) ;
#3017 = VERTEX_POINT ( 'NONE', #9041 ) ;
#3018 = CARTESIAN_POINT ( 'NONE',  ( -2.702580775642764888, -2.800000000000000266, 5.931500145280590885 ) ) ;
#3019 = CARTESIAN_POINT ( 'NONE',  ( 1.371794871794872028, -2.799999999999999822, 5.499999999999988454 ) ) ;
#3020 = ORIENTED_EDGE ( 'NONE', *, *, #4074, .T. ) ;
#3021 =( GEOMETRIC_REPRESENTATION_CONTEXT ( 3 ) GLOBAL_UNCERTAINTY_ASSIGNED_CONTEXT ( ( #6184 ) ) GLOBAL_UNIT_ASSIGNED_CONTEXT ( ( #6434, #2849, #7690 ) ) REPRESENTATION_CONTEXT ( 'NONE', 'WORKASPACE' ) );
#3022 = PLANE ( 'NONE',  #4960 ) ;
#3023 = ORIENTED_EDGE ( 'NONE', *, *, #2783, .T. ) ;
#3024 = DIRECTION ( 'NONE',  ( 6.982962677686266711E-15, 0.000000000000000000, 1.000000000000000000 ) ) ;
#3025 = VERTEX_POINT ( 'NONE', #8348 ) ;
#3026 = PRESENTATION_STYLE_ASSIGNMENT (( #1045 ) ) ;
#3027 = DIRECTION ( 'NONE',  ( 1.000000000000000000, 0.000000000000000000, -6.982962677686266711E-15 ) ) ;
#3028 = CARTESIAN_POINT ( 'NONE',  ( 2.199902596028760371, -1.470000000000000862, 5.895720656608094856 ) ) ;
#3029 = CARTESIAN_POINT ( 'NONE',  ( 1.955470222343435260, -2.800000000000000266, 5.667152994210976402 ) ) ;
#3030 = MECHANICAL_DESIGN_GEOMETRIC_PRESENTATION_REPRESENTATION (  '', ( #2008 ), #6707 ) ;
#3031 = ORIENTED_EDGE ( 'NONE', *, *, #5121, .T. ) ;
#3032 = FILL_AREA_STYLE_COLOUR ( '', #2082 ) ;
#3033 = CARTESIAN_POINT ( 'NONE',  ( -0.7999999999999928280, 1.565685424949238458, 1.010050506338892484 ) ) ;
#3034 = CARTESIAN_POINT ( 'NONE',  ( -2.636771470884442969, -2.800000000000000266, 6.204853622095911625 ) ) ;
#3035 =( NAMED_UNIT ( * ) SI_UNIT ( $, .STERADIAN. ) SOLID_ANGLE_UNIT ( ) );
#3036 = CARTESIAN_POINT ( 'NONE',  ( 3.300000000000032241, -0.2999999999999999334, 4.599999999999976552 ) ) ;
#3037 = CARTESIAN_POINT ( 'NONE',  ( 0.4345275922452088713, -1.469999999999999973, 5.551634087398041650 ) ) ;
#3038 = CARTESIAN_POINT ( 'NONE',  ( -2.399718577816714049, -2.799999999999999822, 5.919816133737066721 ) ) ;
#3039 = PRESENTATION_STYLE_ASSIGNMENT (( #1652 ) ) ;
#3040 = VECTOR ( 'NONE', #6466, 1000.000000000000000 ) ;
#3041 = EDGE_CURVE ( 'NONE', #756, #7389, #6186, .T. ) ;
#3042 = CARTESIAN_POINT ( 'NONE',  ( -2.519104690080674391, -2.800000000000000711, 6.099221058911898474 ) ) ;
#3043 = EDGE_CURVE ( 'NONE', #7085, #1440, #4077, .T. ) ;
#3044 = CARTESIAN_POINT ( 'NONE',  ( 2.201488378386600164, -1.469999999999999973, 6.445256343112428787 ) ) ;
#3045 = EDGE_CURVE ( 'NONE', #8186, #1969, #745, .T. ) ;
#3046 = LINE ( 'NONE', #7229, #5316 ) ;
#3047 = PLANE ( 'NONE',  #3391 ) ;
#3048 = FILL_AREA_STYLE_COLOUR ( '', #3695 ) ;
#3049 = CARTESIAN_POINT ( 'NONE',  ( 2.189004767896651771, -2.799999999999997602, 6.161995469118012991 ) ) ;
#3050 = SURFACE_SIDE_STYLE ('',( #6552 ) ) ;
#3051 = PLANE ( 'NONE',  #7434 ) ;
#3052 = EDGE_CURVE ( 'NONE', #4375, #77, #4942, .T. ) ;
#3053 = B_SPLINE_CURVE_WITH_KNOTS ( 'NONE', 3,
 ( #8166, #7429, #1135, #6256, #2543, #3948, #8212, #434, #4098, #6066, #3240, #1907, #6885, #5371, #8903, #4697, #7477, #1181, #4740 ),
 .UNSPECIFIED., .F., .F.,
 ( 4, 1, 1, 1, 1, 1, 1, 1, 1, 1, 1, 1, 1, 1, 1, 1, 4 ),
 ( 0.000000000000000000, 0.05784581701305817336, 0.1144802121354567548, 0.1707845362422128199, 0.2268754802018122518, 0.2830964041777063733, 0.3397791094129794520, 0.3973199316120966662, 0.4561421842924868741, 0.5162163710746725531, 0.5776401294333947112, 0.6406911364161869127, 0.7062713391398731666, 0.7747755840851690001, 0.8465504769118418205, 0.9213453731495463428, 1.000000000000000000 ),
 .UNSPECIFIED. ) ;
#3054 = DIRECTION ( 'NONE',  ( 6.982962677686266711E-15, 0.000000000000000000, 1.000000000000000000 ) ) ;
#3055 = ORIENTED_EDGE ( 'NONE', *, *, #5957, .F. ) ;
#3056 = SURFACE_SIDE_STYLE ('',( #3197 ) ) ;
#3057 = CARTESIAN_POINT ( 'NONE',  ( 1.910129062484026141, -1.470000000000000417, 6.332861257526896104 ) ) ;
#3058 =( GEOMETRIC_REPRESENTATION_CONTEXT ( 3 ) GLOBAL_UNCERTAINTY_ASSIGNED_CONTEXT ( ( #3242 ) ) GLOBAL_UNIT_ASSIGNED_CONTEXT ( ( #8863, #3202, #8027 ) ) REPRESENTATION_CONTEXT ( 'NONE', 'WORKASPACE' ) );
#3059 = EDGE_LOOP ( 'NONE', ( #6480, #4951, #5263, #6352 ) ) ;
#3060 = FACE_OUTER_BOUND ( 'NONE', #5580, .T. ) ;
#3061 =( LENGTH_UNIT ( ) NAMED_UNIT ( * ) SI_UNIT ( .MILLI., .METRE. ) );
#3062 = VERTEX_POINT ( 'NONE', #4904 ) ;
#3063 = FACE_OUTER_BOUND ( 'NONE', #5755, .T. ) ;
#3064 = ORIENTED_EDGE ( 'NONE', *, *, #1028, .T. ) ;
#3065 = CARTESIAN_POINT ( 'NONE',  ( -2.397700204842011740, -1.470000000000000862, 5.891057412952524608 ) ) ;
#3066 = ORIENTED_EDGE ( 'NONE', *, *, #6295, .T. ) ;
#3067 =( NAMED_UNIT ( * ) SI_UNIT ( $, .STERADIAN. ) SOLID_ANGLE_UNIT ( ) );
#3068 = CARTESIAN_POINT ( 'NONE',  ( -0.3987158048003359156, 1.500000000000000000, 0.08578643762692968189 ) ) ;
#3069 = CARTESIAN_POINT ( 'NONE',  ( 2.203843754825337342, -1.469999999999999973, 5.944829574155744645 ) ) ;
#3070 = VECTOR ( 'NONE', #2670, 1000.000000000000000 ) ;
#3071 = EDGE_CURVE ( 'NONE', #3821, #6120, #2039, .T. ) ;
#3072 = CARTESIAN_POINT ( 'NONE',  ( 4.801898353293213795, 0.6130842315393834063, 4.426953261476814561 ) ) ;
#3073 = ORIENTED_EDGE ( 'NONE', *, *, #1990, .T. ) ;
#3074 = CARTESIAN_POINT ( 'NONE',  ( 1.990539924338469824, -2.799999999999999378, 5.668919772381752153 ) ) ;
#3075 =( GEOMETRIC_REPRESENTATION_CONTEXT ( 3 ) GLOBAL_UNCERTAINTY_ASSIGNED_CONTEXT ( ( #3151 ) ) GLOBAL_UNIT_ASSIGNED_CONTEXT ( ( #7321, #2301, #8659 ) ) REPRESENTATION_CONTEXT ( 'NONE', 'WORKASPACE' ) );
#3076 = CARTESIAN_POINT ( 'NONE',  ( -2.705128205128205288, -2.799999999999999822, 6.143629807692295941 ) ) ;
#3077 = FILL_AREA_STYLE_COLOUR ( '', #8962 ) ;
#3078 = CARTESIAN_POINT ( 'NONE',  ( -2.399688677238699608, -2.799999999999998934, 5.805133573328019381 ) ) ;
#3079 = MECHANICAL_DESIGN_GEOMETRIC_PRESENTATION_REPRESENTATION (  '', ( #7800 ), #7335 ) ;
#3080 = LINE ( 'NONE', #7997, #5185 ) ;
#3081 =( NAMED_UNIT ( * ) SI_UNIT ( $, .STERADIAN. ) SOLID_ANGLE_UNIT ( ) );
#3082 = CARTESIAN_POINT ( 'NONE',  ( -2.463302509958180231, -2.800000000000000711, 6.070855666500170500 ) ) ;
#3083 = CARTESIAN_POINT ( 'NONE',  ( 2.300130296482709280, -1.470000000000000417, 6.354275391403580997 ) ) ;
#3084 = VECTOR ( 'NONE', #8422, 1000.000000000000000 ) ;
#3085 = SURFACE_STYLE_FILL_AREA ( #4635 ) ;
#3086 = CARTESIAN_POINT ( 'NONE',  ( -0.4262820512820517660, -2.799999999999998934, 5.897435897435885366 ) ) ;
#3087 = PRODUCT ( 'TO-220_V3PBS-1x2,5_a', 'TO-220_V3PBS-1x2,5_a', '', ( #7973 ) ) ;
#3088 = CARTESIAN_POINT ( 'NONE',  ( -1.804434850716117422, -2.799999999999998934, 5.269834979865631652 ) ) ;
#3089 = SURFACE_SIDE_STYLE ('',( #5118 ) ) ;
#3090 = FACE_OUTER_BOUND ( 'NONE', #4046, .T. ) ;
#3091 = EDGE_CURVE ( 'NONE', #7202, #8115, #1307, .T. ) ;
#3093 = EDGE_CURVE ( 'NONE', #801, #8574, #7746, .T. ) ;
#3092 = CARTESIAN_POINT ( 'NONE',  ( 2.203847879872439908, -1.470000000000000417, 6.054102295461954775 ) ) ;
#3094 = STYLED_ITEM ( 'NONE', ( #7833 ), #3623 ) ;
#3095 = CARTESIAN_POINT ( 'NONE',  ( 1.851562499999999556, -2.799999999999999822, 6.333333333333321491 ) ) ;
#3096 = CARTESIAN_POINT ( 'NONE',  ( 2.133600348468049024, -2.799999999999999822, 5.526216268264035669 ) ) ;
#3097 = LINE ( 'NONE', #5918, #6418 ) ;
#3098 = CARTESIAN_POINT ( 'NONE',  ( 0.5338559323481137930, -2.799999999999999822, 5.758748678047098224 ) ) ;
#3099 = PRESENTATION_LAYER_ASSIGNMENT (  '', '', ( #6355 ) ) ;
#3100 = VECTOR ( 'NONE', #5053, 1000.000000000000000 ) ;
#3101 = ORIENTED_EDGE ( 'NONE', *, *, #7835, .T. ) ;
#3102 = FILL_AREA_STYLE ('',( #6698 ) ) ;
#3103 = LINE ( 'NONE', #2492, #4864 ) ;
#3104 = PRESENTATION_STYLE_ASSIGNMENT (( #3859 ) ) ;
#3105 = ADVANCED_FACE ( 'NONE', ( #2734 ), #8295, .F. ) ;
#3106 = ORIENTED_EDGE ( 'NONE', *, *, #7371, .T. ) ;
#3107 = SURFACE_STYLE_FILL_AREA ( #8769 ) ;
#3108 =( GEOMETRIC_REPRESENTATION_CONTEXT ( 3 ) GLOBAL_UNCERTAINTY_ASSIGNED_CONTEXT ( ( #4185 ) ) GLOBAL_UNIT_ASSIGNED_CONTEXT ( ( #5373, #8168, #1861 ) ) REPRESENTATION_CONTEXT ( 'NONE', 'WORKASPACE' ) );
#3109 = DIRECTION ( 'NONE',  ( 1.000000000000000000, 0.000000000000000000, -6.982962677686266711E-15 ) ) ;
#3110 = ORIENTED_EDGE ( 'NONE', *, *, #8590, .T. ) ;
#3111 = CARTESIAN_POINT ( 'NONE',  ( 3.300000000010828050, 0.3000000000000003775, 0.9000000000107987175 ) ) ;
#3112 = FILL_AREA_STYLE ('',( #1091 ) ) ;
#3113 = EDGE_LOOP ( 'NONE', ( #4755, #6227, #5279, #900 ) ) ;
#3114 = CARTESIAN_POINT ( 'NONE',  ( -2.440227632871590835, -1.469999999999999973, 6.045828655970503895 ) ) ;
#3115 = EDGE_LOOP ( 'NONE', ( #2806, #7843, #6107, #3191 ) ) ;
#3116 = AXIS2_PLACEMENT_3D ( 'NONE', #5065, #4940, #23 ) ;
#3117 = STYLED_ITEM ( 'NONE', ( #433 ), #1922 ) ;
#3118 = CARTESIAN_POINT ( 'NONE',  ( 2.050944963706933244, -1.469999999999999973, 5.678490683959982022 ) ) ;
#3119 = AXIS2_PLACEMENT_3D ( 'NONE', #6872, #4688, #3189 ) ;
#3120 = CARTESIAN_POINT ( 'NONE',  ( 0.5409176141715417163, -1.469999999999999973, 5.498350972706581352 ) ) ;
#3121 = ORIENTED_EDGE ( 'NONE', *, *, #8891, .T. ) ;
#3122 = VECTOR ( 'NONE', #8931, 1000.000000000000227 ) ;
#3123 = CARTESIAN_POINT ( 'NONE',  ( -2.089743589743590313, -2.799999999999999822, 5.367988782051270391 ) ) ;
#3124 = LINE ( 'NONE', #5432, #6920 ) ;
#3125 = EDGE_CURVE ( 'NONE', #5142, #7899, #108, .T. ) ;
#3126 = SURFACE_STYLE_USAGE ( .BOTH. , #7993 ) ;
#3127 = EDGE_CURVE ( 'NONE', #7485, #6277, #7874, .T. ) ;
#3128 = CARTESIAN_POINT ( 'NONE',  ( 2.205128205128205288, -2.799999999999999822, 5.999599358974347041 ) ) ;
#3129 = PRESENTATION_STYLE_ASSIGNMENT (( #2328 ) ) ;
#3130 = CARTESIAN_POINT ( 'NONE',  ( -2.407803257558838617, -2.800000000000000266, 5.970683705766327343 ) ) ;
#3131 = DIRECTION ( 'NONE',  ( -6.982962677686266711E-15, 0.000000000000000000, -1.000000000000000000 ) ) ;
#3132 = ORIENTED_EDGE ( 'NONE', *, *, #9112, .T. ) ;
#3133 = CARTESIAN_POINT ( 'NONE',  ( -4.999999999999860556, -1.499999999999999778, 20.00000000000003553 ) ) ;
#3134 = CARTESIAN_POINT ( 'NONE',  ( 2.397435897435897356, -1.469999999999999973, 5.990384615384604317 ) ) ;
#3135 = DIRECTION ( 'NONE',  ( 1.000000000000000000, -0.000000000000000000, -6.982962677686266711E-15 ) ) ;
#3136 = FACE_OUTER_BOUND ( 'NONE', #4618, .T. ) ;
#3137 = UNCERTAINTY_MEASURE_WITH_UNIT (LENGTH_MEASURE( 1.000000000000000082E-05 ), #7402, 'distance_accuracy_value', 'NONE');
#3138 = LINE ( 'NONE', #3182, #7289 ) ;
#3139 = CARTESIAN_POINT ( 'NONE',  ( 2.193401351891727913, -1.470000000000001306, 6.143813975263013205 ) ) ;
#3140 = FILL_AREA_STYLE ('',( #335 ) ) ;
#3141 = FILL_AREA_STYLE_COLOUR ( '', #3486 ) ;
#3142 = CARTESIAN_POINT ( 'NONE',  ( 2.204878052167297042, -2.799999999999999378, 6.027452468238399419 ) ) ;
#3143 = EDGE_CURVE ( 'NONE', #8807, #1554, #4362, .T. ) ;
#3144 = EDGE_LOOP ( 'NONE', ( #2003, #4783, #5233, #734 ) ) ;
#3145 = SURFACE_STYLE_USAGE ( .BOTH. , #343 ) ;
#3146 = ORIENTED_EDGE ( 'NONE', *, *, #826, .T. ) ;
#3147 = CARTESIAN_POINT ( 'NONE',  ( 0.6866077005814067435, -1.470000000000000417, 5.655980716895562921 ) ) ;
#3148 = CARTESIAN_POINT ( 'NONE',  ( 2.128854768366281736, -1.470000000000000417, 5.717863466861222932 ) ) ;
#3149 = VERTEX_POINT ( 'NONE', #1489 ) ;
#3150 = CARTESIAN_POINT ( 'NONE',  ( -2.355656209907815324, -1.469999999999999529, 5.525885434126789342 ) ) ;
#3151 = UNCERTAINTY_MEASURE_WITH_UNIT (LENGTH_MEASURE( 1.000000000000000082E-05 ), #7321, 'distance_accuracy_value', 'NONE');
#3152 = AXIS2_PLACEMENT_3D ( 'NONE', #9065, #2760, #5574 ) ;
#3153 = ADVANCED_FACE ( 'NONE', ( #1606 ), #7953, .F. ) ;
#3154 = LINE ( 'NONE', #988, #649 ) ;
#3155 = ORIENTED_EDGE ( 'NONE', *, *, #8512, .T. ) ;
#3156 = EDGE_CURVE ( 'NONE', #2501, #8899, #4488, .T. ) ;
#3157 = PRESENTATION_LAYER_ASSIGNMENT (  '', '', ( #3479 ) ) ;
#3158 = CARTESIAN_POINT ( 'NONE',  ( -3.299999999999968736, 0.3000000000000003775, 4.500000000000023093 ) ) ;
#3159 = ORIENTED_EDGE ( 'NONE', *, *, #8429, .F. ) ;
#3160 = ORIENTED_EDGE ( 'NONE', *, *, #371, .T. ) ;
#3161 = CARTESIAN_POINT ( 'NONE',  ( -0.4262820512820515440, -2.799999999999999822, 5.897435897435885366 ) ) ;
#3162 = CARTESIAN_POINT ( 'NONE',  ( -4.999999999999968914, -1.499999999999999778, 4.500000000000034639 ) ) ;
#3163 = CARTESIAN_POINT ( 'NONE',  ( 1.930889423076922684, -1.469999999999999973, 6.499999999999988454 ) ) ;
#3164 = VECTOR ( 'NONE', #4295, 1000.000000000000000 ) ;
#3165 = CARTESIAN_POINT ( 'NONE',  ( 0.3781490917424398801, -1.469999999999999973, 5.619222265913379033 ) ) ;
#3166 = B_SPLINE_SURFACE_WITH_KNOTS ( 'NONE', 3, 1, ( 
 ( #4009, #7226 ),
 ( #927, #8048 ),
 ( #5254, #4543 ),
 ( #3746, #4495 ),
 ( #6544, #2422 ),
 ( #3044, #8228 ),
 ( #1872, #7491 ),
 ( #8748, #5114 ),
 ( #5163, #1924 ),
 ( #5209, #1615 ),
 ( #3083, #241 ),
 ( #1656, #7916 ),
 ( #5909, #4754 ),
 ( #7266, #967 ),
 ( #883, #5871 ),
 ( #2998, #3704 ),
 ( #8700, #6504 ),
 ( #7311, #8000 ),
 ( #2295, #4448 ),
 ( #1697, #3835 ),
 ( #6629, #8653 ),
 ( #327, #201 ),
 ( #3134, #6124 ) ),
 .UNSPECIFIED., .F., .F., .F.,
 ( 4, 1, 1, 1, 1, 1, 1, 1, 1, 1, 1, 1, 1, 1, 1, 1, 1, 1, 1, 1, 4 ),
 ( 2, 2 ),
 ( 0.000000000000000000, 0.03727622676436652405, 0.07388102071793181680, 0.1103545287143086751, 0.1467232662714361702, 0.1828966250903324153, 0.2192173669319843754, 0.2559336817917079454, 0.2930575088463319711, 0.3682687811898583963, 0.4447364886886378543, 0.5234468212464665759, 0.6049973803061213795, 0.6475045893007714826, 0.6917904955187582638, 0.7379614364513359392, 0.7861112620758208269, 0.8363227274274199763, 0.8886688105842219798, 0.9431989293048109735, 1.000000000000000000 ),
 ( 0.000000000000000000, 1.000000000000000000 ),
 .UNSPECIFIED. ) ;
#3167 = UNCERTAINTY_MEASURE_WITH_UNIT (LENGTH_MEASURE( 1.000000000000000082E-05 ), #6345, 'distance_accuracy_value', 'NONE');
#3168 = ORIENTED_EDGE ( 'NONE', *, *, #2013, .T. ) ;
#3169 = AXIS2_PLACEMENT_3D ( 'NONE', #7102, #1361, #8482 ) ;
#3170 = PRESENTATION_STYLE_ASSIGNMENT (( #8787 ) ) ;
#3171 = FACE_OUTER_BOUND ( 'NONE', #8776, .T. ) ;
#3172 = CARTESIAN_POINT ( 'NONE',  ( -2.551282051282051544, -1.469999999999999973, 6.102564102564091542 ) ) ;
#3173 = CARTESIAN_POINT ( 'NONE',  ( 2.293317893009525932, -2.800000000000000711, 5.637363605879442296 ) ) ;
#3174 = CARTESIAN_POINT ( 'NONE',  ( 0.3333333333333330373, -1.469999999999999973, 5.820512820512808716 ) ) ;
#3175 = SURFACE_STYLE_USAGE ( .BOTH. , #7220 ) ;
#3176 = VECTOR ( 'NONE', #4481, 1000.000000000000000 ) ;
#3177 = ORIENTED_EDGE ( 'NONE', *, *, #4867, .T. ) ;
#3178 = LINE ( 'NONE', #4026, #7748 ) ;
#3179 = VECTOR ( 'NONE', #6178, 1000.000000000000000 ) ;
#3180 = STYLED_ITEM ( 'NONE', ( #3608 ), #109 ) ;
#3181 = VECTOR ( 'NONE', #7650, 1000.000000000000000 ) ;
#3182 = CARTESIAN_POINT ( 'NONE',  ( -0.8331330128205131080, -2.799999999999999822, 5.499999999999988454 ) ) ;
#3183 = SURFACE_STYLE_FILL_AREA ( #5168 ) ;
#3184 = MECHANICAL_DESIGN_GEOMETRIC_PRESENTATION_REPRESENTATION (  '', ( #8642 ), #394 ) ;
#3185 = VECTOR ( 'NONE', #1916, 1000.000000000000000 ) ;
#3186 = CARTESIAN_POINT ( 'NONE',  ( 2.062488106113114839, -2.799999999999999822, 6.492816232811795096 ) ) ;
#3187 = DIRECTION ( 'NONE',  ( -6.982962677686266711E-15, 0.000000000000000000, -1.000000000000000000 ) ) ;
#3188 = CARTESIAN_POINT ( 'NONE',  ( 0.5516826923076920686, -2.799999999999999822, 5.708934294871783166 ) ) ;
#3189 = DIRECTION ( 'NONE',  ( 6.982962677686266711E-15, 0.000000000000000000, 1.000000000000000000 ) ) ;
#3190 = LINE ( 'NONE', #6014, #7595 ) ;
#3191 = ORIENTED_EDGE ( 'NONE', *, *, #4321, .T. ) ;
#3192 = VECTOR ( 'NONE', #2309, 1000.000000000000000 ) ;
#3193 = CARTESIAN_POINT ( 'NONE',  ( -2.638373619058785202, -2.799999999999999822, 6.071663570416272471 ) ) ;
#3194 = CARTESIAN_POINT ( 'NONE',  ( 0.5458641119777851713, -2.799999999999999822, 5.719096104244554724 ) ) ;
#3195 = VERTEX_POINT ( 'NONE', #5027 ) ;
#3196 = ORIENTED_EDGE ( 'NONE', *, *, #5078, .T. ) ;
#3197 = SURFACE_STYLE_FILL_AREA ( #3102 ) ;
#3198 = CARTESIAN_POINT ( 'NONE',  ( 2.182442732750685011, -1.470000000000000417, 5.810415476788540090 ) ) ;
#3199 = CARTESIAN_POINT ( 'NONE',  ( -2.331889817561660472, -1.470000000000000862, 5.543271641628080282 ) ) ;
#3200 = CARTESIAN_POINT ( 'NONE',  ( 4.000000000000096811, -1.500000000000000000, 13.89999999999997193 ) ) ;
#3201 = CARTESIAN_POINT ( 'NONE',  ( -2.514732133088120491, -2.799999999999998490, 5.631333225875626347 ) ) ;
#3202 =( NAMED_UNIT ( * ) PLANE_ANGLE_UNIT ( ) SI_UNIT ( $, .RADIAN. ) );
#3203 = ORIENTED_EDGE ( 'NONE', *, *, #1854, .F. ) ;
#3204 = CARTESIAN_POINT ( 'NONE',  ( -2.700687507402145915, -1.470000000000000417, 5.800973135173286721 ) ) ;
#3205 = VERTEX_POINT ( 'NONE', #150 ) ;
#3206 = PLANE ( 'NONE',  #3319 ) ;
#3207 = CARTESIAN_POINT ( 'NONE',  ( 0.4345275922452088713, -2.799999999999999378, 5.551634087398041650 ) ) ;
#3208 = EDGE_CURVE ( 'NONE', #8545, #2518, #2990, .T. ) ;
#3209 = EDGE_CURVE ( 'NONE', #2980, #4880, #2948, .T. ) ;
#3210 = ORIENTED_EDGE ( 'NONE', *, *, #6419, .T. ) ;
#3211 = CARTESIAN_POINT ( 'NONE',  ( -2.684540924204505075, -2.799999999999999378, 5.577203150388785780 ) ) ;
#3212 = DIRECTION ( 'NONE',  ( 0.2958524649701909648, 0.000000000000000000, 0.9552336462725032895 ) ) ;
#3213 =( NAMED_UNIT ( * ) SI_UNIT ( $, .STERADIAN. ) SOLID_ANGLE_UNIT ( ) );
#3214 = LINE ( 'NONE', #1104, #7047 ) ;
#3215 = STYLED_ITEM ( 'NONE', ( #6033 ), #4018 ) ;
#3216 = CARTESIAN_POINT ( 'NONE',  ( 2.237503707871706382, -1.470000000000000417, 6.419743318914738595 ) ) ;
#3217 = LINE ( 'NONE', #5346, #2212 ) ;
#3218 =( NAMED_UNIT ( * ) PLANE_ANGLE_UNIT ( ) SI_UNIT ( $, .RADIAN. ) );
#3219 = ADVANCED_FACE ( 'NONE', ( #1647 ), #5812, .T. ) ;
#3220 = VERTEX_POINT ( 'NONE', #5153 ) ;
#3221 = CARTESIAN_POINT ( 'NONE',  ( 2.062881591055703456, -1.469999999999999529, 5.507834525430381767 ) ) ;
#3222 = VECTOR ( 'NONE', #2063, 1000.000000000000000 ) ;
#3223 = CARTESIAN_POINT ( 'NONE',  ( 3.300000000000031353, 0.3000000000000003775, 4.499999999999976019 ) ) ;
#3224 = CARTESIAN_POINT ( 'NONE',  ( 1.756410256410256165, -1.469999999999999973, 5.666666666666654528 ) ) ;
#3225 = FILL_AREA_STYLE_COLOUR ( '', #211 ) ;
#3226 = FILL_AREA_STYLE ('',( #1844 ) ) ;
#3227 = FACE_OUTER_BOUND ( 'NONE', #2449, .T. ) ;
#3228 =( LENGTH_UNIT ( ) NAMED_UNIT ( * ) SI_UNIT ( .MILLI., .METRE. ) );
#3229 = PRESENTATION_STYLE_ASSIGNMENT (( #3280 ) ) ;
#3230 = CARTESIAN_POINT ( 'NONE',  ( -2.897435897435897800, -1.469999999999999973, 5.499999999999988454 ) ) ;
#3231 = ORIENTED_EDGE ( 'NONE', *, *, #543, .T. ) ;
#3232 = VECTOR ( 'NONE', #7452, 1000.000000000000000 ) ;
#3233 = FACE_OUTER_BOUND ( 'NONE', #7357, .T. ) ;
#3234 = ORIENTED_EDGE ( 'NONE', *, *, #5978, .T. ) ;
#3235 = ORIENTED_EDGE ( 'NONE', *, *, #2867, .T. ) ;
#3236 = CARTESIAN_POINT ( 'NONE',  ( 2.564102564102564319, -2.799999999999999822, 5.692307692307680966 ) ) ;
#3237 = AXIS2_PLACEMENT_3D ( 'NONE', #4276, #7177, #7011 ) ;
#3238 = ADVANCED_FACE ( 'NONE', ( #4318 ), #3610, .F. ) ;
#3239 = ORIENTED_EDGE ( 'NONE', *, *, #1653, .F. ) ;
#3240 = CARTESIAN_POINT ( 'NONE',  ( 0.8257876709186183772, -2.800000000000000711, 5.526963360569209449 ) ) ;
#3241 = PLANE ( 'NONE',  #7214 ) ;
#3242 = UNCERTAINTY_MEASURE_WITH_UNIT (LENGTH_MEASURE( 1.000000000000000082E-05 ), #8863, 'distance_accuracy_value', 'NONE');
#3243 = CARTESIAN_POINT ( 'NONE',  ( -2.511103438005480193, -1.469999999999999085, 6.243277658402832664 ) ) ;
#3244 = ORIENTED_EDGE ( 'NONE', *, *, #8563, .F. ) ;
#3245 =( GEOMETRIC_REPRESENTATION_CONTEXT ( 3 ) GLOBAL_UNCERTAINTY_ASSIGNED_CONTEXT ( ( #8870 ) ) GLOBAL_UNIT_ASSIGNED_CONTEXT ( ( #1784, #5863, #2992 ) ) REPRESENTATION_CONTEXT ( 'NONE', 'WORKASPACE' ) );
#3246 = EDGE_CURVE ( 'NONE', #8579, #7238, #1153, .T. ) ;
#3247 = DIRECTION ( 'NONE',  ( 1.000000000000000000, 5.543740925055835391E-13, 0.000000000000000000 ) ) ;
#3248 = LINE ( 'NONE', #4519, #5116 ) ;
#3249 = CARTESIAN_POINT ( 'NONE',  ( 2.025440705128205288, -2.799999999999999822, 6.323717948717937354 ) ) ;
#3250 = ORIENTED_EDGE ( 'NONE', *, *, #4623, .T. ) ;
#3251 = CARTESIAN_POINT ( 'NONE',  ( 0.3998064119479772249, 1.989949493661168356, 1.434314575050813056 ) ) ;
#3252 = FACE_BOUND ( 'NONE', #999, .T. ) ;
#3253 = VECTOR ( 'NONE', #5041, 1000.000000000000000 ) ;
#3254 = CARTESIAN_POINT ( 'NONE',  ( 0.3379718385192783114, -1.470000000000000417, 5.744186234159380788 ) ) ;
#3255 = UNCERTAINTY_MEASURE_WITH_UNIT (LENGTH_MEASURE( 1.000000000000000082E-05 ), #1491, 'distance_accuracy_value', 'NONE');
#3256 = ORIENTED_EDGE ( 'NONE', *, *, #452, .T. ) ;
#3257 = CARTESIAN_POINT ( 'NONE',  ( -1.913388161716236713, -1.470000000000000862, 5.420100896793876188 ) ) ;
#3258 = ADVANCED_FACE ( 'NONE', ( #2413 ), #8040, .T. ) ;
#3259 = CARTESIAN_POINT ( 'NONE',  ( 1.700000000000031486, 0.3000000000000003775, 4.499999999999987566 ) ) ;
#3260 = VECTOR ( 'NONE', #1134, 1000.000000000000000 ) ;
#3261 = CARTESIAN_POINT ( 'NONE',  ( -2.671966160639841714, -1.469999999999999085, 6.032537728661957921 ) ) ;
#3262 = LINE ( 'NONE', #5392, #7062 ) ;
#3263 = ORIENTED_EDGE ( 'NONE', *, *, #6584, .F. ) ;
#3264 = CARTESIAN_POINT ( 'NONE',  ( -2.288654955799058310, -1.470000000000000862, 6.148007540672046467 ) ) ;
#3265 = FILL_AREA_STYLE ('',( #457 ) ) ;
#3266 = FILL_AREA_STYLE ('',( #4023 ) ) ;
#3267 = CARTESIAN_POINT ( 'NONE',  ( 1.941706730769231060, -2.800000000000000266, 5.499999999999989342 ) ) ;
#3268 = EDGE_LOOP ( 'NONE', ( #477, #4738, #8549, #6255 ) ) ;
#3269 = DIRECTION ( 'NONE',  ( -6.982962677686266711E-15, 0.000000000000000000, -1.000000000000000000 ) ) ;
#3270 = PLANE ( 'NONE',  #7889 ) ;
#3271 = PRESENTATION_LAYER_ASSIGNMENT (  '', '', ( #7234 ) ) ;
#3272 = CARTESIAN_POINT ( 'NONE',  ( -2.582950235057203336, -1.469999999999999973, 6.099470780652409552 ) ) ;
#3273 = DIRECTION ( 'NONE',  ( -0.000000000000000000, -1.000000000000000000, -0.000000000000000000 ) ) ;
#3274 = EDGE_CURVE ( 'NONE', #4585, #4950, #3851, .T. ) ;
#3275 = CARTESIAN_POINT ( 'NONE',  ( 0.7713019331125632316, -1.469999999999998197, 5.733836967465403056 ) ) ;
#3276 = DIRECTION ( 'NONE',  ( 1.000000000000000000, 0.000000000000000000, 0.000000000000000000 ) ) ;
#3277 = CARTESIAN_POINT ( 'NONE',  ( 1.940906967670821937, -2.800000000000000266, 6.500005193204707155 ) ) ;
#3278 = PLANE ( 'NONE',  #3398 ) ;
#3279 = FACE_OUTER_BOUND ( 'NONE', #8778, .T. ) ;
#3280 = SURFACE_STYLE_USAGE ( .BOTH. , #424 ) ;
#3281 = LINE ( 'NONE', #1313, #1120 ) ;
#3282 = ORIENTED_EDGE ( 'NONE', *, *, #1103, .T. ) ;
#3283 = ORIENTED_EDGE ( 'NONE', *, *, #2713, .T. ) ;
#3284 = CIRCLE ( 'NONE', #6516, 1.300000000000000044 ) ;
#3285 = CARTESIAN_POINT ( 'NONE',  ( 2.357570481785493666, -1.470000000000000417, 5.751180901941307155 ) ) ;
#3286 = ORIENTED_EDGE ( 'NONE', *, *, #2861, .F. ) ;
#3287 = DIRECTION ( 'NONE',  ( -1.000000000000000000, 0.000000000000000000, 6.982962677686266711E-15 ) ) ;
#3288 = ORIENTED_EDGE ( 'NONE', *, *, #8345, .F. ) ;
#3289 = CARTESIAN_POINT ( 'NONE',  ( 1.700000000000032152, 0.3000000000000003775, 4.599999999999988098 ) ) ;
#3290 = CARTESIAN_POINT ( 'NONE',  ( 2.193400373806062564, -2.800000000000000266, 5.852587041130066225 ) ) ;
#3291 = STYLED_ITEM ( 'NONE', ( #4373 ), #1509 ) ;
#3292 = ORIENTED_EDGE ( 'NONE', *, *, #778, .F. ) ;
#3293 = CARTESIAN_POINT ( 'NONE',  ( 1.910129062484026141, -1.470000000000000417, 6.332861257526896104 ) ) ;
#3294 = EDGE_CURVE ( 'NONE', #4162, #6135, #3124, .T. ) ;
#3295 = DIRECTION ( 'NONE',  ( -0.000000000000000000, -1.000000000000000000, 0.000000000000000000 ) ) ;
#3296 = CARTESIAN_POINT ( 'NONE',  ( -2.487425022139604369, -2.799999999999998934, 5.641978709293536731 ) ) ;
#3297 = LINE ( 'NONE', #3955, #7778 ) ;
#3298 = CARTESIAN_POINT ( 'NONE',  ( -2.673872182673409981, -2.799999999999999822, 5.712011319941236565 ) ) ;
#3299 = VERTEX_POINT ( 'NONE', #4064 ) ;
#3300 = CARTESIAN_POINT ( 'NONE',  ( 0.5706402054001451507, -2.800000000000000266, 5.684803813371301473 ) ) ;
#3301 = SURFACE_SIDE_STYLE ('',( #443 ) ) ;
#3302 = CARTESIAN_POINT ( 'NONE',  ( 0.5409176141715417163, -2.799999999999999378, 5.498350972706581352 ) ) ;
#3303 = CARTESIAN_POINT ( 'NONE',  ( -2.444036937190193664E-14, 0.3000000000000003775, -3.500000000000000444 ) ) ;
#3304 = ORIENTED_EDGE ( 'NONE', *, *, #4415, .F. ) ;
#3305 = CARTESIAN_POINT ( 'NONE',  ( -1.901658146994245291, -1.470000000000000417, 5.444289088124378395 ) ) ;
#3306 = FILL_AREA_STYLE_COLOUR ( '', #3336 ) ;
#3307 = CARTESIAN_POINT ( 'NONE',  ( 0.5942973615323294823, -1.470000000000000862, 5.667336664279853053 ) ) ;
#3308 = LINE ( 'NONE', #6129, #5001 ) ;
#3309 = ORIENTED_EDGE ( 'NONE', *, *, #7534, .T. ) ;
#3310 = CARTESIAN_POINT ( 'NONE',  ( 2.015195044360678089, -2.799999999999999378, 6.497659587360347544 ) ) ;
#3311 = DIRECTION ( 'NONE',  ( 0.000000000000000000, 1.000000000000000000, 0.000000000000000000 ) ) ;
#3312 = CARTESIAN_POINT ( 'NONE',  ( -2.551282051282051544, -2.800000000000000266, 6.102564102564091542 ) ) ;
#3313 = EDGE_CURVE ( 'NONE', #1849, #3299, #2666, .T. ) ;
#3314 = PRESENTATION_LAYER_ASSIGNMENT (  '', '', ( #6408 ) ) ;
#3315 = VERTEX_POINT ( 'NONE', #6813 ) ;
#3316 = SURFACE_SIDE_STYLE ('',( #8293 ) ) ;
#3317 = CARTESIAN_POINT ( 'NONE',  ( 3.300000000000032241, -0.2999999999999999334, 4.599999999999976552 ) ) ;
#3318 = CARTESIAN_POINT ( 'NONE',  ( 0.9525240384615379918, -1.469999999999999973, 5.679487179487167303 ) ) ;
#3319 = AXIS2_PLACEMENT_3D ( 'NONE', #1245, #6896, #8178 ) ;
#3320 = UNCERTAINTY_MEASURE_WITH_UNIT (LENGTH_MEASURE( 1.000000000000000082E-05 ), #4131, 'distance_accuracy_value', 'NONE');
#3321 = CARTESIAN_POINT ( 'NONE',  ( 0.7783931002444611780, -1.469999999999999973, 5.774023261829495546 ) ) ;
#3322 = CARTESIAN_POINT ( 'NONE',  ( -1.976362179487180404, -1.470000000000000417, 5.217948717948707404 ) ) ;
#3323 = FACE_OUTER_BOUND ( 'NONE', #5419, .T. ) ;
#3324 = VECTOR ( 'NONE', #5610, 1000.000000000000000 ) ;
#3325 = EDGE_CURVE ( 'NONE', #8852, #4143, #8282, .T. ) ;
#3326 = FACE_BOUND ( 'NONE', #7447, .T. ) ;
#3327 = DIRECTION ( 'NONE',  ( 1.000000000000000000, -0.000000000000000000, -6.982962677686266711E-15 ) ) ;
#3328 = EDGE_CURVE ( 'NONE', #3719, #5425, #5628, .T. ) ;
#3329 = ADVANCED_FACE ( 'NONE', ( #5490 ), #6903, .T. ) ;
#3330 = CARTESIAN_POINT ( 'NONE',  ( -1.928831376666023667, -1.470000000000000417, 5.220622797663568626 ) ) ;
#3331 = VERTEX_POINT ( 'NONE', #8232 ) ;
#3332 = UNCERTAINTY_MEASURE_WITH_UNIT (LENGTH_MEASURE( 1.000000000000000082E-05 ), #5087, 'distance_accuracy_value', 'NONE');
#3333 = MECHANICAL_DESIGN_GEOMETRIC_PRESENTATION_REPRESENTATION (  '', ( #6559 ), #2280 ) ;
#3334 = EDGE_CURVE ( 'NONE', #7737, #4099, #598, .T. ) ;
#3335 = VERTEX_POINT ( 'NONE', #5535 ) ;
#3336 = COLOUR_RGB ( '',0.8980392156862745390, 0.8980392156862745390, 0.8980392156862745390 ) ;
#3337 = CARTESIAN_POINT ( 'NONE',  ( 2.308235486543442683, -1.469999999999999973, 5.657450228529654623 ) ) ;
#3338 = ORIENTED_EDGE ( 'NONE', *, *, #8100, .T. ) ;
#3339 = LINE ( 'NONE', #3236, #8570 ) ;
#3340 = ORIENTED_EDGE ( 'NONE', *, *, #906, .F. ) ;
#3341 = CARTESIAN_POINT ( 'NONE',  ( 2.205042377603997128, -2.800000000000000266, 5.990116472665630631 ) ) ;
#3342 = ORIENTED_EDGE ( 'NONE', *, *, #6789, .F. ) ;
#3343 = LINE ( 'NONE', #4742, #8094 ) ;
#3344 =( GEOMETRIC_REPRESENTATION_CONTEXT ( 3 ) GLOBAL_UNCERTAINTY_ASSIGNED_CONTEXT ( ( #7026 ) ) GLOBAL_UNIT_ASSIGNED_CONTEXT ( ( #439, #4053, #5522 ) ) REPRESENTATION_CONTEXT ( 'NONE', 'WORKASPACE' ) );
#3345 = EDGE_CURVE ( 'NONE', #8894, #6960, #8334, .T. ) ;
#3346 = UNCERTAINTY_MEASURE_WITH_UNIT (LENGTH_MEASURE( 1.000000000000000082E-05 ), #5031, 'distance_accuracy_value', 'NONE');
#3347 = ORIENTED_EDGE ( 'NONE', *, *, #5323, .F. ) ;
#3348 = PRESENTATION_STYLE_ASSIGNMENT (( #2605 ) ) ;
#3349 = CARTESIAN_POINT ( 'NONE',  ( -2.358053221915628939, -2.799999999999998490, 6.206510067806956243 ) ) ;
#3350 = VERTEX_POINT ( 'NONE', #9032 ) ;
#3351 = CARTESIAN_POINT ( 'NONE',  ( 0.9743589743589740060, -1.469999999999999973, 6.499999999999988454 ) ) ;
#3352 = LINE ( 'NONE', #6167, #8342 ) ;
#3353 = LINE ( 'NONE', #8329, #4160 ) ;
#3354 = VECTOR ( 'NONE', #6963, 1000.000000000000227 ) ;
#3355 = EDGE_LOOP ( 'NONE', ( #5388, #120, #5094, #3020 ) ) ;
#3356 =( NAMED_UNIT ( * ) SI_UNIT ( $, .STERADIAN. ) SOLID_ANGLE_UNIT ( ) );
#3357 = DIRECTION ( 'NONE',  ( 0.2958524649701909648, 0.000000000000000000, 0.9552336462725032895 ) ) ;
#3358 = CARTESIAN_POINT ( 'NONE',  ( -2.667067340267870623, -1.469999999999999973, 5.700892130613390840 ) ) ;
#3359 = VERTEX_POINT ( 'NONE', #8376 ) ;
#3360 = LINE ( 'NONE', #5493, #581 ) ;
#3361 = SURFACE_STYLE_FILL_AREA ( #7353 ) ;
#3362 = EDGE_CURVE ( 'NONE', #4852, #8734, #3465, .T. ) ;
#3363 = ORIENTED_EDGE ( 'NONE', *, *, #8992, .T. ) ;
#3364 = CARTESIAN_POINT ( 'NONE',  ( -0.7999999999999678479, -0.2999999999999999334, 4.600000000000004974 ) ) ;
#3365 = CARTESIAN_POINT ( 'NONE',  ( -2.407562540584116562, -2.799999999999998490, 5.756758879367302129 ) ) ;
#3366 = LINE ( 'NONE', #2522, #7092 ) ;
#3367 = DIRECTION ( 'NONE',  ( 1.000000000000000000, 0.000000000000000000, -6.982962677686266711E-15 ) ) ;
#3368 = AXIS2_PLACEMENT_3D ( 'NONE', #2115, #6611, #2317 ) ;
#3369 = DIRECTION ( 'NONE',  ( -0.000000000000000000, -1.000000000000000000, -0.000000000000000000 ) ) ;
#3370 = CARTESIAN_POINT ( 'NONE',  ( -1.788461538461538991, -2.799999999999999822, 5.713341346153835154 ) ) ;
#3371 = DIRECTION ( 'NONE',  ( -6.982962677686266711E-15, 0.000000000000000000, -1.000000000000000000 ) ) ;
#3372 = DIRECTION ( 'NONE',  ( 0.000000000000000000, 0.000000000000000000, -1.000000000000000000 ) ) ;
#3373 = LINE ( 'NONE', #7415, #2802 ) ;
#3374 = FACE_OUTER_BOUND ( 'NONE', #1225, .T. ) ;
#3375 = EDGE_CURVE ( 'NONE', #7204, #3393, #1297, .T. ) ;
#3376 = CARTESIAN_POINT ( 'NONE',  ( -1.791996608679296665, -1.470000000000000862, 5.282067407625810063 ) ) ;
#3377 = VECTOR ( 'NONE', #824, 1000.000000000000000 ) ;
#3378 = ORIENTED_EDGE ( 'NONE', *, *, #4819, .F. ) ;
#3379 = CARTESIAN_POINT ( 'NONE',  ( 0.7751325174357414083, -2.800000000000000266, 5.752705549542724839 ) ) ;
#3380 = ORIENTED_EDGE ( 'NONE', *, *, #6703, .T. ) ;
#3381 = EDGE_CURVE ( 'NONE', #49, #8360, #4890, .T. ) ;
#3382 = EDGE_CURVE ( 'NONE', #2358, #6232, #8977, .T. ) ;
#3383 = DIRECTION ( 'NONE',  ( 0.000000000000000000, 0.000000000000000000, 1.000000000000000000 ) ) ;
#3384 = VERTEX_POINT ( 'NONE', #7548 ) ;
#3385 = VERTEX_POINT ( 'NONE', #7652 ) ;
#3386 = DIRECTION ( 'NONE',  ( -1.000000000000000000, 0.000000000000000000, 6.982962677686266711E-15 ) ) ;
#3387 = MECHANICAL_DESIGN_GEOMETRIC_PRESENTATION_REPRESENTATION (  '', ( #738 ), #3075 ) ;
#3388 = ORIENTED_EDGE ( 'NONE', *, *, #6536, .T. ) ;
#3389 =( LENGTH_UNIT ( ) NAMED_UNIT ( * ) SI_UNIT ( .MILLI., .METRE. ) );
#3390 = CARTESIAN_POINT ( 'NONE',  ( 2.202332039900302352, -1.470000000000000417, 5.919499588300203285 ) ) ;
#3391 = AXIS2_PLACEMENT_3D ( 'NONE', #8197, #3980, #7464 ) ;
#3392 = PRESENTATION_LAYER_ASSIGNMENT (  '', '', ( #7359 ) ) ;
#3393 = VERTEX_POINT ( 'NONE', #4116 ) ;
#3394 = CARTESIAN_POINT ( 'NONE',  ( 0.8000000000000320188, -0.2999999999999999334, 4.599999999999994316 ) ) ;
#3395 = CARTESIAN_POINT ( 'NONE',  ( 1.968358457756818503, -1.469999999999999529, 5.500254890421439669 ) ) ;
#3396 = VERTEX_POINT ( 'NONE', #11 ) ;
#3397 = VECTOR ( 'NONE', #6127, 1000.000000000000000 ) ;
#3398 = AXIS2_PLACEMENT_3D ( 'NONE', #3431, #4725, #6243 ) ;
#3399 = CARTESIAN_POINT ( 'NONE',  ( -0.6608573717948721393, -1.469999999999999973, 6.499999999999988454 ) ) ;
#3400 = CARTESIAN_POINT ( 'NONE',  ( -2.027111147026576354, -2.799999999999998490, 5.219186719488965842 ) ) ;
#3401 = EDGE_CURVE ( 'NONE', #3952, #1426, #1251, .T. ) ;
#3402 = DIRECTION ( 'NONE',  ( -0.000000000000000000, -1.000000000000000000, -0.000000000000000000 ) ) ;
#3403 = ORIENTED_EDGE ( 'NONE', *, *, #5165, .T. ) ;
#3404 = DIRECTION ( 'NONE',  ( 0.09304602219304292099, 0.9924909033924813606, -0.07939927227139915999 ) ) ;
#3405 = PRESENTATION_STYLE_ASSIGNMENT (( #3959 ) ) ;
#3406 = MECHANICAL_DESIGN_GEOMETRIC_PRESENTATION_REPRESENTATION (  '', ( #1766 ), #6200 ) ;
#3407 = COLOUR_RGB ( '',0.8980392156862745390, 0.8980392156862745390, 0.8980392156862745390 ) ;
#3408 = DIRECTION ( 'NONE',  ( 1.000000000000000000, 0.000000000000000000, -6.982962677686266711E-15 ) ) ;
#3409 = CARTESIAN_POINT ( 'NONE',  ( 1.312796983405018142E-13, -1.499999999999999778, 18.80000000000000071 ) ) ;
#3410 = EDGE_LOOP ( 'NONE', ( #4025, #8897, #5461, #4620 ) ) ;
#3411 = CARTESIAN_POINT ( 'NONE',  ( -1.886114828302981827, -2.799999999999998490, 5.490130587549082897 ) ) ;
#3412 = DIRECTION ( 'NONE',  ( -6.982962677686266711E-15, 0.000000000000000000, -1.000000000000000000 ) ) ;
#3413 = CARTESIAN_POINT ( 'NONE',  ( 0.8000000000000099254, 1.989949493661167468, 1.434314575050810170 ) ) ;
#3414 = VECTOR ( 'NONE', #1117, 1000.000000000000000 ) ;
#3415 =( LENGTH_UNIT ( ) NAMED_UNIT ( * ) SI_UNIT ( .MILLI., .METRE. ) );
#3416 = ORIENTED_EDGE ( 'NONE', *, *, #5808, .F. ) ;
#3417 = SURFACE_STYLE_FILL_AREA ( #8285 ) ;
#3418 = VECTOR ( 'NONE', #5824, 1000.000000000000000 ) ;
#3419 = CARTESIAN_POINT ( 'NONE',  ( 3.212162831735446029E-14, -0.2999999999999999334, 4.599999999999660361 ) ) ;
#3420 = DIRECTION ( 'NONE',  ( 0.000000000000000000, 0.000000000000000000, -1.000000000000000000 ) ) ;
#3421 = VERTEX_POINT ( 'NONE', #1342 ) ;
#3422 = PLANE ( 'NONE',  #8173 ) ;
#3423 = CARTESIAN_POINT ( 'NONE',  ( -2.397532426435922570, -1.470000000000000862, 5.851092063285177503 ) ) ;
#3424 = VECTOR ( 'NONE', #2007, 1000.000000000000000 ) ;
#3425 = CARTESIAN_POINT ( 'NONE',  ( -2.141025641025641413, -1.469999999999999973, 6.230769230769219291 ) ) ;
#3426 = ADVANCED_FACE ( 'NONE', ( #4165 ), #6954, .T. ) ;
#3427 =( LENGTH_UNIT ( ) NAMED_UNIT ( * ) SI_UNIT ( .MILLI., .METRE. ) );
#3428 = CARTESIAN_POINT ( 'NONE',  ( 1.564102564102564097, -1.469999999999999973, 6.499999999999988454 ) ) ;
#3429 = CARTESIAN_POINT ( 'NONE',  ( -1.699999999999967981, 0.3000000000000003775, 4.600000000000012079 ) ) ;
#3430 = CARTESIAN_POINT ( 'NONE',  ( -0.8999999999999855893, 1.350178566873438069, 2.074085501838550893 ) ) ;
#3431 = CARTESIAN_POINT ( 'NONE',  ( 3.142333204958820020E-14, -2.799999999999999822, 4.500000000000000000 ) ) ;
#3432 = CARTESIAN_POINT ( 'NONE',  ( 0.5942973615323294823, -2.800000000000000711, 5.667336664279853053 ) ) ;
#3433 = CARTESIAN_POINT ( 'NONE',  ( -1.935104448512633857, -2.799999999999999378, 5.389202666153649623 ) ) ;
#3434 =( GEOMETRIC_REPRESENTATION_CONTEXT ( 3 ) GLOBAL_UNCERTAINTY_ASSIGNED_CONTEXT ( ( #1578 ) ) GLOBAL_UNIT_ASSIGNED_CONTEXT ( ( #3617, #4949, #3709 ) ) REPRESENTATION_CONTEXT ( 'NONE', 'WORKASPACE' ) );
#3435 = DIRECTION ( 'NONE',  ( -0.000000000000000000, -1.000000000000000000, -0.000000000000000000 ) ) ;
#3436 =( GEOMETRIC_REPRESENTATION_CONTEXT ( 3 ) GLOBAL_UNCERTAINTY_ASSIGNED_CONTEXT ( ( #6458 ) ) GLOBAL_UNIT_ASSIGNED_CONTEXT ( ( #4457, #3887, #934 ) ) REPRESENTATION_CONTEXT ( 'NONE', 'WORKASPACE' ) );
#3437 = EDGE_LOOP ( 'NONE', ( #2693, #5616, #719, #448 ) ) ;
#3438 = UNCERTAINTY_MEASURE_WITH_UNIT (LENGTH_MEASURE( 1.000000000000000082E-05 ), #8660, 'distance_accuracy_value', 'NONE');
#3439 = SURFACE_SIDE_STYLE ('',( #620 ) ) ;
#3440 = ORIENTED_EDGE ( 'NONE', *, *, #2078, .F. ) ;
#3441 = EDGE_CURVE ( 'NONE', #7378, #1774, #7000, .T. ) ;
#3442 = ORIENTED_EDGE ( 'NONE', *, *, #1683, .T. ) ;
#3443 = MECHANICAL_DESIGN_GEOMETRIC_PRESENTATION_REPRESENTATION (  '', ( #8567 ), #642 ) ;
#3444 = ORIENTED_EDGE ( 'NONE', *, *, #8289, .T. ) ;
#3445 = CARTESIAN_POINT ( 'NONE',  ( 2.193400373806062564, -2.799999999999999822, 5.852587041130066225 ) ) ;
#3446 = ORIENTED_EDGE ( 'NONE', *, *, #935, .T. ) ;
#3447 = ORIENTED_EDGE ( 'NONE', *, *, #5323, .T. ) ;
#3448 = LINE ( 'NONE', #5322, #1777 ) ;
#3449 = EDGE_CURVE ( 'NONE', #5953, #3331, #5378, .T. ) ;
#3450 = MECHANICAL_DESIGN_GEOMETRIC_PRESENTATION_REPRESENTATION (  '', ( #3596 ), #8713 ) ;
#3451 = LINE ( 'NONE', #2647, #9031 ) ;
#3452 = CARTESIAN_POINT ( 'NONE',  ( -2.683903411397021710, -1.470000000000000417, 6.167090008248317545 ) ) ;
#3453 = DIRECTION ( 'NONE',  ( 6.982962677686266711E-15, 0.000000000000000000, 1.000000000000000000 ) ) ;
#3454 = VECTOR ( 'NONE', #6740, 1000.000000000000000 ) ;
#3455 = DIRECTION ( 'NONE',  ( 0.000000000000000000, 0.000000000000000000, 1.000000000000000000 ) ) ;
#3456 = EDGE_LOOP ( 'NONE', ( #8224, #4189, #7283, #3816, #5046, #6440, #6212, #7058, #9001, #2662 ) ) ;
#3457 = LINE ( 'NONE', #8325, #4575 ) ;
#3458 = EDGE_CURVE ( 'NONE', #5288, #7579, #2153, .T. ) ;
#3459 = EDGE_CURVE ( 'NONE', #8914, #1319, #7025, .T. ) ;
#3460 = CARTESIAN_POINT ( 'NONE',  ( 0.6422275641025636528, -1.469999999999999973, 5.487179487179475679 ) ) ;
#3461 = FILL_AREA_STYLE ('',( #8 ) ) ;
#3462 = ORIENTED_EDGE ( 'NONE', *, *, #6122, .T. ) ;
#3463 = DIRECTION ( 'NONE',  ( 0.000000000000000000, -0.000000000000000000, 1.000000000000000000 ) ) ;
#3464 = VECTOR ( 'NONE', #2084, 1000.000000000000000 ) ;
#3465 = LINE ( 'NONE', #2027, #3693 ) ;
#3466 = DIRECTION ( 'NONE',  ( 1.000000000000000000, 0.000000000000000000, -6.982962677686267499E-15 ) ) ;
#3467 = VERTEX_POINT ( 'NONE', #3086 ) ;
#3468 = VECTOR ( 'NONE', #468, 1000.000000000000000 ) ;
#3469 = CARTESIAN_POINT ( 'NONE',  ( 2.114461219061952058, -2.799999999999999822, 6.482484481389326980 ) ) ;
#3470 = LINE ( 'NONE', #6274, #8335 ) ;
#3471 = CARTESIAN_POINT ( 'NONE',  ( 0.3998064119479684542, 1.500000000000000000, 0.08578643762692411689 ) ) ;
#3472 = B_SPLINE_CURVE_WITH_KNOTS ( 'NONE', 3,
 ( #1655, #7265, #3789, #3834, #1696, #324, #279, #5908, #1010, #842, #8747, #8191, #7406, #8047, #7504, #4071, #6048, #4676, #1110 ),
 .UNSPECIFIED., .F., .F.,
 ( 4, 1, 1, 1, 1, 1, 1, 1, 1, 1, 1, 1, 1, 1, 1, 1, 4 ),
 ( 0.000000000000000000, 0.08393687604428590188, 0.1629312767773035686, 0.2377783822968768945, 0.3087711672896473192, 0.3762208837327297717, 0.4409633831269227366, 0.5034470477741955774, 0.5647479918817700506, 0.6238667862905614703, 0.6803517206888142210, 0.7347961949300353401, 0.7878909167053420592, 0.8401808665794483488, 0.8925770645563496641, 0.9454789691600422596, 1.000000000000000000 ),
 .UNSPECIFIED. ) ;
#3473 = VECTOR ( 'NONE', #1534, 1000.000000000000000 ) ;
#3474 = VERTEX_POINT ( 'NONE', #3223 ) ;
#3475 =( LENGTH_UNIT ( ) NAMED_UNIT ( * ) SI_UNIT ( .MILLI., .METRE. ) );
#3476 = CLOSED_SHELL ( 'NONE', ( #7069, #805, #5541, #7941, #2313, #1586, #8128, #5700, #8435, #3258, #1475, #3734, #6248, #1129, #8275, #2537, #3668, #9111 ) ) ;
#3477 = CARTESIAN_POINT ( 'NONE',  ( 0.9239365807245604190, -1.469999999999999973, 5.619056990963706255 ) ) ;
#3478 = SURFACE_SIDE_STYLE ('',( #662 ) ) ;
#3479 = STYLED_ITEM ( 'NONE', ( #5718 ), #8889 ) ;
#3480 = LINE ( 'NONE', #6825, #6485 ) ;
#3481 =( NAMED_UNIT ( * ) SI_UNIT ( $, .STERADIAN. ) SOLID_ANGLE_UNIT ( ) );
#3482 = LINE ( 'NONE', #7711, #5994 ) ;
#3483 = CARTESIAN_POINT ( 'NONE',  ( -2.027111147026576354, -2.799999999999998934, 5.219186719488965842 ) ) ;
#3484 = CARTESIAN_POINT ( 'NONE',  ( 3.450000000000007283, -0.2999999999999999334, 1.049999999999975620 ) ) ;
#3485 = ORIENTED_EDGE ( 'NONE', *, *, #6973, .T. ) ;
#3486 = COLOUR_RGB ( '',0.1019607843137254888, 0.1019607843137254888, 0.1019607843137254888 ) ;
#3487 = SURFACE_SIDE_STYLE ('',( #1366 ) ) ;
#3488 = VERTEX_POINT ( 'NONE', #5256 ) ;
#3489 = ORIENTED_EDGE ( 'NONE', *, *, #669, .F. ) ;
#3490 = CARTESIAN_POINT ( 'NONE',  ( 2.203843754825337342, -2.799999999999999822, 5.944829574155744645 ) ) ;
#3491 = SURFACE_SIDE_STYLE ('',( #2752 ) ) ;
#3492 = ORIENTED_EDGE ( 'NONE', *, *, #509, .F. ) ;
#3493 = DIRECTION ( 'NONE',  ( 0.000000000000000000, 0.000000000000000000, 1.000000000000000000 ) ) ;
#3494 = STYLED_ITEM ( 'NONE', ( #6847 ), #7313 ) ;
#3495 = CARTESIAN_POINT ( 'NONE',  ( 1.312796983405018142E-13, -1.499999999999999778, 18.80000000000000071 ) ) ;
#3496 = DIRECTION ( 'NONE',  ( 0.000000000000000000, 1.000000000000000000, 9.340818716798192290E-15 ) ) ;
#3497 = MECHANICAL_DESIGN_GEOMETRIC_PRESENTATION_REPRESENTATION (  '', ( #2261 ), #391 ) ;
#3498 = CARTESIAN_POINT ( 'NONE',  ( 0.9659071531207216177, -2.799999999999999822, 5.737934009194888496 ) ) ;
#3499 = PRESENTATION_LAYER_ASSIGNMENT (  '', '', ( #5850 ) ) ;
#3500 = PLANE ( 'NONE',  #5463 ) ;
#3501 = VERTEX_POINT ( 'NONE', #8703 ) ;
#3502 = SURFACE_STYLE_USAGE ( .BOTH. , #2265 ) ;
#3503 = COLOUR_RGB ( '',0.8980392156862745390, 0.8980392156862745390, 0.8980392156862745390 ) ;
#3504 = CARTESIAN_POINT ( 'NONE',  ( -1.953597252502870196, -1.469999999999999085, 5.374096926606503288 ) ) ;
#3505 = EDGE_LOOP ( 'NONE', ( #2851, #5231, #3283, #7032 ) ) ;
#3506 = CARTESIAN_POINT ( 'NONE',  ( 2.366987179487179294, -1.469999999999999973, 5.777644230769219291 ) ) ;
#3507 = PLANE ( 'NONE',  #4962 ) ;
#3508 = CARTESIAN_POINT ( 'NONE',  ( 2.204878052167297042, -1.469999999999999529, 6.027452468238399419 ) ) ;
#3509 = ORIENTED_EDGE ( 'NONE', *, *, #2556, .T. ) ;
#3510 = CARTESIAN_POINT ( 'NONE',  ( 2.133600348468049024, -2.800000000000000266, 5.526216268264035669 ) ) ;
#3511 = DIRECTION ( 'NONE',  ( 4.937700262164723958E-15, -0.7071067811865201502, 0.7071067811865749952 ) ) ;
#3512 = EDGE_CURVE ( 'NONE', #3335, #3908, #1112, .T. ) ;
#3513 = FACE_OUTER_BOUND ( 'NONE', #3059, .T. ) ;
#3514 = ORIENTED_EDGE ( 'NONE', *, *, #4699, .F. ) ;
#3515 =( NAMED_UNIT ( * ) SI_UNIT ( $, .STERADIAN. ) SOLID_ANGLE_UNIT ( ) );
#3516 = CARTESIAN_POINT ( 'NONE',  ( -2.607467886637609311, -1.470000000000000417, 5.515733603418147446 ) ) ;
#3517 = FILL_AREA_STYLE ('',( #5634 ) ) ;
#3518 = ADVANCED_FACE ( 'NONE', ( #1065 ), #8194, .F. ) ;
#3519 = ORIENTED_EDGE ( 'NONE', *, *, #2271, .F. ) ;
#3520 = CARTESIAN_POINT ( 'NONE',  ( -2.702580775642764888, -1.470000000000000417, 5.931500145280590885 ) ) ;
#3521 = LINE ( 'NONE', #6914, #3354 ) ;
#3522 = CARTESIAN_POINT ( 'NONE',  ( -2.692441561690897878, -2.799999999999999378, 5.757805332187582614 ) ) ;
#3523 =( NAMED_UNIT ( * ) PLANE_ANGLE_UNIT ( ) SI_UNIT ( $, .RADIAN. ) );
#3524 = CARTESIAN_POINT ( 'NONE',  ( 1.179487179487178850, -1.469999999999999973, 5.692307692307680966 ) ) ;
#3525 = AXIS2_PLACEMENT_3D ( 'NONE', #1866, #992, #2548 ) ;
#3526 = CARTESIAN_POINT ( 'NONE',  ( 0.3781490917424398801, -2.799999999999999822, 5.619222265913379033 ) ) ;
#3527 = EDGE_CURVE ( 'NONE', #548, #8852, #8884, .T. ) ;
#3528 = PRESENTATION_STYLE_ASSIGNMENT (( #9098 ) ) ;
#3529 = CARTESIAN_POINT ( 'NONE',  ( -1.699999999989125321, 0.3000000000000003775, 1.399999999994362199 ) ) ;
#3530 = LINE ( 'NONE', #6332, #6702 ) ;
#3531 = UNCERTAINTY_MEASURE_WITH_UNIT (LENGTH_MEASURE( 1.000000000000000082E-05 ), #5538, 'distance_accuracy_value', 'NONE');
#3532 = ORIENTED_EDGE ( 'NONE', *, *, #5268, .F. ) ;
#3533 = VERTEX_POINT ( 'NONE', #4680 ) ;
#3534 = FILL_AREA_STYLE_COLOUR ( '', #978 ) ;
#3535 = ORIENTED_EDGE ( 'NONE', *, *, #6684, .F. ) ;
#3536 = PRESENTATION_STYLE_ASSIGNMENT (( #4915 ) ) ;
#3537 = STYLED_ITEM ( 'NONE', ( #9034 ), #3734 ) ;
#3538 = ORIENTED_EDGE ( 'NONE', *, *, #1261, .T. ) ;
#3539 = FILL_AREA_STYLE ('',( #7064 ) ) ;
#3540 = B_SPLINE_SURFACE_WITH_KNOTS ( 'NONE', 3, 1, ( 
 ( #6460, #4241 ),
 ( #3583, #758 ),
 ( #6383, #158 ),
 ( #8486, #7181 ),
 ( #3622, #7884 ),
 ( #7364, #245 ),
 ( #8101, #7920 ) ),
 .UNSPECIFIED., .F., .F., .F.,
 ( 4, 1, 1, 1, 4 ),
 ( 2, 2 ),
 ( 0.000000000000000000, 0.2741136995627934114, 0.5293593122701010234, 0.7718789035037019186, 1.000000000000000000 ),
 ( 0.000000000000000000, 1.000000000000000000 ),
 .UNSPECIFIED. ) ;
#3541 = CARTESIAN_POINT ( 'NONE',  ( 2.119391025641025550, -1.470000000000000417, 5.521233974358963792 ) ) ;
#3542 = LINE ( 'NONE', #5614, #2160 ) ;
#3543 = AXIS2_PLACEMENT_3D ( 'NONE', #1503, #6593, #2432 ) ;
#3544 = EDGE_CURVE ( 'NONE', #8377, #2407, #372, .T. ) ;
#3545 = EDGE_CURVE ( 'NONE', #863, #1983, #1888, .T. ) ;
#3546 = FILL_AREA_STYLE_COLOUR ( '', #1921 ) ;
#3547 = EDGE_LOOP ( 'NONE', ( #7815, #4065, #3168, #6306 ) ) ;
#3548 = SURFACE_SIDE_STYLE ('',( #7117 ) ) ;
#3549 = ORIENTED_EDGE ( 'NONE', *, *, #2303, .F. ) ;
#3550 = CARTESIAN_POINT ( 'NONE',  ( -0.6885016025641029769, -1.469999999999999973, 5.897435897435885366 ) ) ;
#3552 = ADVANCED_FACE ( 'NONE', ( #3136 ), #6729, .T. ) ;
#3551 = AXIS2_PLACEMENT_3D ( 'NONE', #6762, #6040, #2368 ) ;
#3553 = SURFACE_STYLE_USAGE ( .BOTH. , #4258 ) ;
#3554 = CARTESIAN_POINT ( 'NONE',  ( -2.544070512820513219, -1.469999999999999973, 5.628205128205116203 ) ) ;
#3555 = VECTOR ( 'NONE', #822, 1000.000000000000000 ) ;
#3556 = VERTEX_POINT ( 'NONE', #464 ) ;
#3557 = DIRECTION ( 'NONE',  ( -0.000000000000000000, -1.000000000000000000, -0.000000000000000000 ) ) ;
#3558 = CARTESIAN_POINT ( 'NONE',  ( 0.6490945887646506485, -1.469999999999999973, 5.653977004639628490 ) ) ;
#3559 = STYLED_ITEM ( 'NONE', ( #8750 ), #3518 ) ;
#3560 = SURFACE_STYLE_USAGE ( .BOTH. , #2193 ) ;
#3561 = ORIENTED_EDGE ( 'NONE', *, *, #8783, .F. ) ;
#3562 = DIRECTION ( 'NONE',  ( -0.000000000000000000, -1.000000000000000000, -0.000000000000000000 ) ) ;
#3563 = DIRECTION ( 'NONE',  ( -0.3425287238106894949, 0.000000000000000000, -0.9395073567378917634 ) ) ;
#3564 = FILL_AREA_STYLE ('',( #737 ) ) ;
#3565 = DIRECTION ( 'NONE',  ( 1.000000000000000000, 0.000000000000000000, -6.982962677686266711E-15 ) ) ;
#3566 =( NAMED_UNIT ( * ) PLANE_ANGLE_UNIT ( ) SI_UNIT ( $, .RADIAN. ) );
#3567 = EDGE_CURVE ( 'NONE', #6992, #265, #1014, .T. ) ;
#3568 = PLANE ( 'NONE',  #3116 ) ;
#3569 = PRESENTATION_LAYER_ASSIGNMENT (  '', '', ( #760 ) ) ;
#3570 = CARTESIAN_POINT ( 'NONE',  ( 0.8257876709186183772, -1.470000000000000862, 5.526963360569209449 ) ) ;
#3571 = STYLED_ITEM ( 'NONE', ( #5847 ), #5968 ) ;
#3572 = PLANE ( 'NONE',  #3934 ) ;
#3573 = FILL_AREA_STYLE_COLOUR ( '', #2667 ) ;
#3574 = CARTESIAN_POINT ( 'NONE',  ( 2.396635734119596961, -2.799999999999999378, 5.932141837859732370 ) ) ;
#3575 = CARTESIAN_POINT ( 'NONE',  ( 0.4345275922452088713, -2.799999999999999822, 5.551634087398041650 ) ) ;
#3576 = DIRECTION ( 'NONE',  ( 0.000000000000000000, 0.000000000000000000, -1.000000000000000000 ) ) ;
#3577 = DIRECTION ( 'NONE',  ( 4.937700262164532265E-15, 0.7071067811865474617, 0.7071067811865476838 ) ) ;
#3578 = CARTESIAN_POINT ( 'NONE',  ( -2.060344111597290695, -1.469999999999999085, 5.225444085909124681 ) ) ;
#3579 = PRESENTATION_LAYER_ASSIGNMENT (  '', '', ( #7523 ) ) ;
#3580 = ADVANCED_FACE ( 'NONE', ( #330 ), #5565, .T. ) ;
#3581 = VERTEX_POINT ( 'NONE', #3661 ) ;
#3582 = VERTEX_POINT ( 'NONE', #4872 ) ;
#3583 = CARTESIAN_POINT ( 'NONE',  ( -2.083146003177533068, -1.470000000000000417, 5.366584662290326158 ) ) ;
#3584 = VECTOR ( 'NONE', #8145, 1000.000000000000000 ) ;
#3585 = MECHANICAL_DESIGN_GEOMETRIC_PRESENTATION_REPRESENTATION (  '', ( #4462 ), #774 ) ;
#3586 =( LENGTH_UNIT ( ) NAMED_UNIT ( * ) SI_UNIT ( .MILLI., .METRE. ) );
#3587 = PLANE ( 'NONE',  #5342 ) ;
#3588 = ORIENTED_EDGE ( 'NONE', *, *, #8611, .F. ) ;
#3589 = PRESENTATION_STYLE_ASSIGNMENT (( #1421 ) ) ;
#3590 = DIRECTION ( 'NONE',  ( -0.000000000000000000, -1.000000000000000000, -0.000000000000000000 ) ) ;
#3591 = VECTOR ( 'NONE', #5450, 1000.000000000000000 ) ;
#3592 = CARTESIAN_POINT ( 'NONE',  ( 2.366987179487179294, -2.799999999999999822, 5.777644230769219291 ) ) ;
#3593 = ORIENTED_EDGE ( 'NONE', *, *, #2139, .T. ) ;
#3594 = CARTESIAN_POINT ( 'NONE',  ( -1.678886217948718507, -1.469999999999999973, 5.533854166666654528 ) ) ;
#3595 = CARTESIAN_POINT ( 'NONE',  ( -2.444036937190193664E-14, -0.2999999999999999334, -3.500000000000000444 ) ) ;
#3596 = STYLED_ITEM ( 'NONE', ( #5178 ), #4703 ) ;
#3597 = ORIENTED_EDGE ( 'NONE', *, *, #797, .T. ) ;
#3598 =( LENGTH_UNIT ( ) NAMED_UNIT ( * ) SI_UNIT ( .MILLI., .METRE. ) );
#3599 = FILL_AREA_STYLE_COLOUR ( '', #3708 ) ;
#3600 = ORIENTED_EDGE ( 'NONE', *, *, #2524, .T. ) ;
#3601 = CARTESIAN_POINT ( 'NONE',  ( -3.999999999999902744, -1.500000000000000000, 13.90000000000002700 ) ) ;
#3602 = AXIS2_PLACEMENT_3D ( 'NONE', #1899, #1173, #3988 ) ;
#3603 = CARTESIAN_POINT ( 'NONE',  ( -2.550503021297243045, -2.799999999999999378, 5.628407150266144576 ) ) ;
#3604 = ORIENTED_EDGE ( 'NONE', *, *, #2991, .T. ) ;
#3605 = DIRECTION ( 'NONE',  ( -0.2958524649701909648, 0.000000000000000000, 0.9552336462725032895 ) ) ;
#3606 = CARTESIAN_POINT ( 'NONE',  ( -2.698153235474096689, -2.799999999999999822, 5.595958592360335437 ) ) ;
#3607 = PLANE ( 'NONE',  #666 ) ;
#3608 = PRESENTATION_STYLE_ASSIGNMENT (( #872 ) ) ;
#3609 = CARTESIAN_POINT ( 'NONE',  ( 0.6525150140712815405, -2.799999999999999822, 5.487329730568495378 ) ) ;
#3610 = PLANE ( 'NONE',  #31 ) ;
#3611 = LINE ( 'NONE', #612, #1090 ) ;
#3612 = CARTESIAN_POINT ( 'NONE',  ( 0.6068139591613278538, -2.799999999999999378, 5.488035415964700015 ) ) ;
#3613 = LINE ( 'NONE', #4947, #6796 ) ;
#3614 = LINE ( 'NONE', #1454, #1560 ) ;
#3615 = VECTOR ( 'NONE', #3667, 1000.000000000000000 ) ;
#3616 = UNCERTAINTY_MEASURE_WITH_UNIT (LENGTH_MEASURE( 1.000000000000000082E-05 ), #8451, 'distance_accuracy_value', 'NONE');
#3617 =( LENGTH_UNIT ( ) NAMED_UNIT ( * ) SI_UNIT ( .MILLI., .METRE. ) );
#3618 = EDGE_LOOP ( 'NONE', ( #3619, #645, #4191, #7115, #6263, #1949, #3775, #4477, #56, #532, #1276, #813, #7636, #4171, #308, #227 ) ) ;
#3619 = ORIENTED_EDGE ( 'NONE', *, *, #5979, .T. ) ;
#3620 = COLOUR_RGB ( '',0.8980392156862745390, 0.8980392156862745390, 0.8980392156862745390 ) ;
#3621 = EDGE_CURVE ( 'NONE', #8315, #7630, #9105, .T. ) ;
#3622 = CARTESIAN_POINT ( 'NONE',  ( -2.033816795416035550, -1.469999999999999085, 5.359402630901954012 ) ) ;
#3623 = ADVANCED_FACE ( 'NONE', ( #4365 ), #2951, .F. ) ;
#3624 = SURFACE_STYLE_FILL_AREA ( #802 ) ;
#3625 = SURFACE_STYLE_FILL_AREA ( #2917 ) ;
#3626 = ORIENTED_EDGE ( 'NONE', *, *, #2751, .T. ) ;
#3627 = PRODUCT_DEFINITION_FORMATION_WITH_SPECIFIED_SOURCE ( 'ANY', '', #3087, .NOT_KNOWN. ) ;
#3628 = CARTESIAN_POINT ( 'NONE',  ( -0.6608573717948721393, -1.469999999999999973, 6.499999999999988454 ) ) ;
#3629 = EDGE_CURVE ( 'NONE', #8818, #2637, #7217, .T. ) ;
#3630 = EDGE_CURVE ( 'NONE', #7338, #1632, #5864, .T. ) ;
#3631 = PRESENTATION_LAYER_ASSIGNMENT (  '', '', ( #2144 ) ) ;
#3632 = CARTESIAN_POINT ( 'NONE',  ( -0.7999999999999678479, 0.3000000000000003775, 4.600000000000004974 ) ) ;
#3633 = CARTESIAN_POINT ( 'NONE',  ( -2.636771470884442969, -1.470000000000000417, 6.204853622095911625 ) ) ;
#3634 = VERTEX_POINT ( 'NONE', #233 ) ;
#3635 = CARTESIAN_POINT ( 'NONE',  ( 0.3998064119479087797, 2.799999999999998934, -8.459999999999995524 ) ) ;
#3636 = EDGE_CURVE ( 'NONE', #3062, #5058, #5039, .T. ) ;
#3637 = COLOUR_RGB ( '',0.1019607843137254888, 0.1019607843137254888, 0.1019607843137254888 ) ;
#3638 = LINE ( 'NONE', #2065, #1558 ) ;
#3639 = ORIENTED_EDGE ( 'NONE', *, *, #4733, .T. ) ;
#3640 = LINE ( 'NONE', #8540, #1938 ) ;
#3641 = ORIENTED_EDGE ( 'NONE', *, *, #1227, .T. ) ;
#3642 = SURFACE_SIDE_STYLE ('',( #7812 ) ) ;
#3643 = CARTESIAN_POINT ( 'NONE',  ( 2.189004767896651771, -1.469999999999999529, 6.161995469118012991 ) ) ;
#3644 = ORIENTED_EDGE ( 'NONE', *, *, #6582, .T. ) ;
#3645 = PRESENTATION_LAYER_ASSIGNMENT (  '', '', ( #1572 ) ) ;
#3646 = PRESENTATION_LAYER_ASSIGNMENT (  '', '', ( #3924 ) ) ;
#3647 = LINE ( 'NONE', #97, #1853 ) ;
#3648 = MECHANICAL_DESIGN_GEOMETRIC_PRESENTATION_REPRESENTATION (  '', ( #2019 ), #8022 ) ;
#3649 = PLANE ( 'NONE',  #6467 ) ;
#3650 = EDGE_LOOP ( 'NONE', ( #6443, #2233, #2385, #7248 ) ) ;
#3651 = CARTESIAN_POINT ( 'NONE',  ( 2.756410256410256387, -1.469999999999999973, 5.692307692307680966 ) ) ;
#3652 = CARTESIAN_POINT ( 'NONE',  ( -2.897435897435897800, -2.799999999999999822, 5.499999999999988454 ) ) ;
#3653 = CARTESIAN_POINT ( 'NONE',  ( 0.5371326787625424481, -1.469999999999999973, 5.743892773118736805 ) ) ;
#3654 = CARTESIAN_POINT ( 'NONE',  ( 1.990539924338469824, -2.799999999999999378, 5.668919772381752153 ) ) ;
#3655 = CARTESIAN_POINT ( 'NONE',  ( 0.8000000000000320188, -0.2999999999999999334, 4.599999999999994316 ) ) ;
#3656 = CARTESIAN_POINT ( 'NONE',  ( -2.597785409453003957, -1.470000000000000862, 6.095045575499132617 ) ) ;
#3657 = PRESENTATION_STYLE_ASSIGNMENT (( #832 ) ) ;
#3658 = CARTESIAN_POINT ( 'NONE',  ( 0.3998064119479087797, 2.799999999999998934, -8.459999999999995524 ) ) ;
#3659 = EDGE_CURVE ( 'NONE', #5102, #4162, #3214, .T. ) ;
#3660 =( NAMED_UNIT ( * ) PLANE_ANGLE_UNIT ( ) SI_UNIT ( $, .RADIAN. ) );
#3661 = CARTESIAN_POINT ( 'NONE',  ( 0.9000000000000145661, 1.350178566873438069, 2.074085501838538903 ) ) ;
#3662 =( NAMED_UNIT ( * ) SI_UNIT ( $, .STERADIAN. ) SOLID_ANGLE_UNIT ( ) );
#3663 = CARTESIAN_POINT ( 'NONE',  ( -4.999999999999968914, -2.799999999999999822, 4.500000000000034639 ) ) ;
#3664 = PLANE ( 'NONE',  #8770 ) ;
#3665 = LINE ( 'NONE', #5870, #6425 ) ;
#3666 = VECTOR ( 'NONE', #1783, 1000.000000000000000 ) ;
#3667 = DIRECTION ( 'NONE',  ( -0.000000000000000000, -1.000000000000000000, -0.000000000000000000 ) ) ;
#3668 = ADVANCED_FACE ( 'NONE', ( #6676 ), #8877, .F. ) ;
#3669 = ORIENTED_EDGE ( 'NONE', *, *, #6428, .F. ) ;
#3670 = CARTESIAN_POINT ( 'NONE',  ( 0.8000000000000320188, 0.3000000000000003775, 4.599999999999994316 ) ) ;
#3671 = ADVANCED_FACE ( 'NONE', ( #8692 ), #5305, .T. ) ;
#3672 = CARTESIAN_POINT ( 'NONE',  ( 1.699999999995845501, -0.2999999999999999334, 4.499999999999987566 ) ) ;
#3673 = AXIS2_PLACEMENT_3D ( 'NONE', #358, #7393, #5987 ) ;
#3674 = ORIENTED_EDGE ( 'NONE', *, *, #7478, .T. ) ;
#3675 =( NAMED_UNIT ( * ) SI_UNIT ( $, .STERADIAN. ) SOLID_ANGLE_UNIT ( ) );
#3676 = CARTESIAN_POINT ( 'NONE',  ( 5.199999999999976197, -2.799999999999999822, -3.500000000000036415 ) ) ;
#3677 = ORIENTED_EDGE ( 'NONE', *, *, #8164, .T. ) ;
#3678 = DIRECTION ( 'NONE',  ( -1.000000000000000000, 0.000000000000000000, -0.000000000000000000 ) ) ;
#3679 = ORIENTED_EDGE ( 'NONE', *, *, #3449, .T. ) ;
#3680 =( LENGTH_UNIT ( ) NAMED_UNIT ( * ) SI_UNIT ( .MILLI., .METRE. ) );
#3681 = MECHANICAL_DESIGN_GEOMETRIC_PRESENTATION_REPRESENTATION (  '', ( #8379 ), #1176 ) ;
#3682 = DIRECTION ( 'NONE',  ( -6.982962677686266711E-15, 0.000000000000000000, -1.000000000000000000 ) ) ;
#3683 = ORIENTED_EDGE ( 'NONE', *, *, #3325, .F. ) ;
#3684 = CARTESIAN_POINT ( 'NONE',  ( 0.2179487179487177573, -1.469999999999999973, 5.692307692307680966 ) ) ;
#3685 = ORIENTED_EDGE ( 'NONE', *, *, #3636, .F. ) ;
#3686 = CARTESIAN_POINT ( 'NONE',  ( -2.205128205128205288, -2.799999999999999822, 5.872796474358962904 ) ) ;
#3687 = EDGE_LOOP ( 'NONE', ( #2316, #6489, #3462, #3101 ) ) ;
#3688 = CARTESIAN_POINT ( 'NONE',  ( -2.520582580686125951, -1.469999999999999973, 5.488244727432365799 ) ) ;
#3689 = LINE ( 'NONE', #2404, #2256 ) ;
#3690 = COLOUR_RGB ( '',0.8980392156862745390, 0.8980392156862745390, 0.8980392156862745390 ) ;
#3691 = DIRECTION ( 'NONE',  ( -1.000000000000000000, 0.000000000000000000, 6.982962677686266711E-15 ) ) ;
#3692 = CARTESIAN_POINT ( 'NONE',  ( -2.650432185861959056, -2.799999999999999822, 6.060322912497936088 ) ) ;
#3693 = VECTOR ( 'NONE', #6172, 1000.000000000000000 ) ;
#3694 = CARTESIAN_POINT ( 'NONE',  ( -2.705128205128205288, -1.469999999999999973, 6.499999999999988454 ) ) ;
#3695 = COLOUR_RGB ( '',0.8980392156862745390, 0.8980392156862745390, 0.8980392156862745390 ) ;
#3696 = CARTESIAN_POINT ( 'NONE',  ( 3.212162831735682687E-14, -2.799999999999999822, 4.599999999999999645 ) ) ;
#3697 = CARTESIAN_POINT ( 'NONE',  ( 2.162389491888724091, -1.469999999999999973, 6.465892122308349421 ) ) ;
#3698 = CARTESIAN_POINT ( 'NONE',  ( 0.6301988549922260541, -2.799999999999999378, 5.487470214949034641 ) ) ;
#3699 = CARTESIAN_POINT ( 'NONE',  ( -2.397435897435897800, -1.469999999999999973, 5.860777243589732066 ) ) ;
#3700 = CARTESIAN_POINT ( 'NONE',  ( 2.266106048611373325, -1.469999999999999529, 5.606763761436009297 ) ) ;
#3701 = EDGE_CURVE ( 'NONE', #6320, #3467, #2775, .T. ) ;
#3702 = CARTESIAN_POINT ( 'NONE',  ( -2.503936474465078277, -2.800000000000000711, 6.094898201934180193 ) ) ;
#3703 = B_SPLINE_CURVE_WITH_KNOTS ( 'NONE', 3,
 ( #4186, #8896, #2588, #6292, #8255, #4138, #4040, #8305, #6832, #1997, #8949, #9101, #2790, #3379, #4782, #4086, #4828, #6876, #570 ),
 .UNSPECIFIED., .F., .F.,
 ( 4, 1, 1, 1, 1, 1, 1, 1, 1, 1, 1, 1, 1, 1, 1, 1, 4 ),
 ( 0.000000000000000000, 0.06126967669464648131, 0.1177798633223624963, 0.1706767282225185312, 0.2204689921291518029, 0.2671038199763641208, 0.3123918216487449051, 0.3563521731275232640, 0.3997590831590827620, 0.4468925721889898672, 0.5001099056923322683, 0.5619020280420478075, 0.6319557908709236838, 0.7100982931768979878, 0.7972115037322815567, 0.8942942003164688902, 1.000000000000000000 ),
 .UNSPECIFIED. ) ;
#3704 = CARTESIAN_POINT ( 'NONE',  ( 2.379298413002575607, -2.799999999999999822, 6.175756558332046176 ) ) ;
#3705 = VECTOR ( 'NONE', #3276, 1000.000000000000000 ) ;
#3706 = UNCERTAINTY_MEASURE_WITH_UNIT (LENGTH_MEASURE( 1.000000000000000082E-05 ), #416, 'distance_accuracy_value', 'NONE');
#3707 = EDGE_CURVE ( 'NONE', #6530, #6694, #5367, .T. ) ;
#3708 = COLOUR_RGB ( '',0.1019607843137254888, 0.1019607843137254888, 0.1019607843137254888 ) ;
#3709 =( NAMED_UNIT ( * ) SI_UNIT ( $, .STERADIAN. ) SOLID_ANGLE_UNIT ( ) );
#3710 = FILL_AREA_STYLE_COLOUR ( '', #4292 ) ;
#3711 = MECHANICAL_DESIGN_GEOMETRIC_PRESENTATION_REPRESENTATION (  '', ( #4581 ), #8070 ) ;
#3712 =( NAMED_UNIT ( * ) SI_UNIT ( $, .STERADIAN. ) SOLID_ANGLE_UNIT ( ) );
#3713 = PLANE ( 'NONE',  #632 ) ;
#3714 = ADVANCED_FACE ( 'NONE', ( #7607 ), #5386, .T. ) ;
#3715 = LINE ( 'NONE', #45, #5192 ) ;
#3716 = COLOUR_RGB ( '',0.8980392156862745390, 0.8980392156862745390, 0.8980392156862745390 ) ;
#3717 = MECHANICAL_DESIGN_GEOMETRIC_PRESENTATION_REPRESENTATION (  '', ( #7692 ), #8847 ) ;
#3718 = SURFACE_STYLE_FILL_AREA ( #5128 ) ;
#3719 = VERTEX_POINT ( 'NONE', #6855 ) ;
#3720 = CARTESIAN_POINT ( 'NONE',  ( 2.188977125830068982, -1.470000000000000862, 5.833343220230829296 ) ) ;
#3721 = EDGE_LOOP ( 'NONE', ( #2149, #8373, #7498, #6679 ) ) ;
#3722 = VERTEX_POINT ( 'NONE', #1390 ) ;
#3723 = CARTESIAN_POINT ( 'NONE',  ( 0.000000000000000000, -1.469999999999999085, 0.000000000000000000 ) ) ;
#3724 = VECTOR ( 'NONE', #1847, 1000.000000000000000 ) ;
#3725 = ORIENTED_EDGE ( 'NONE', *, *, #6879, .T. ) ;
#3726 = DIRECTION ( 'NONE',  ( -6.982962677686266711E-15, 0.000000000000000000, -1.000000000000000000 ) ) ;
#3727 = EDGE_CURVE ( 'NONE', #4515, #3556, #1346, .T. ) ;
#3728 = VERTEX_POINT ( 'NONE', #6318 ) ;
#3729 = ORIENTED_EDGE ( 'NONE', *, *, #4400, .F. ) ;
#3730 = DIRECTION ( 'NONE',  ( 0.7071067811865426878, 0.000000000000000000, -0.7071067811865524577 ) ) ;
#3731 = VECTOR ( 'NONE', #7194, 1000.000000000000000 ) ;
#3732 = EDGE_CURVE ( 'NONE', #3315, #2114, #3360, .T. ) ;
#3733 = CARTESIAN_POINT ( 'NONE',  ( 2.188977125830068982, -1.470000000000000862, 5.833343220230829296 ) ) ;
#3734 = ADVANCED_FACE ( 'NONE', ( #4715 ), #7499, .T. ) ;
#3735 = DIRECTION ( 'NONE',  ( -1.000000000000000000, 0.000000000000000000, -0.000000000000000000 ) ) ;
#3736 = ORIENTED_EDGE ( 'NONE', *, *, #5251, .T. ) ;
#3737 = MECHANICAL_DESIGN_GEOMETRIC_PRESENTATION_REPRESENTATION (  '', ( #5048 ), #4475 ) ;
#3738 = DIRECTION ( 'NONE',  ( 1.000000000000000000, 0.000000000000000000, -6.982962677686266711E-15 ) ) ;
#3739 =( NAMED_UNIT ( * ) PLANE_ANGLE_UNIT ( ) SI_UNIT ( $, .RADIAN. ) );
#3740 = FACE_OUTER_BOUND ( 'NONE', #1878, .T. ) ;
#3741 = CARTESIAN_POINT ( 'NONE',  ( 1.914663461538461231, -1.469999999999999973, 5.666666666666654528 ) ) ;
#3742 = MECHANICAL_DESIGN_GEOMETRIC_PRESENTATION_REPRESENTATION (  '', ( #2544 ), #6095 ) ;
#3743 = CARTESIAN_POINT ( 'NONE',  ( 0.5409176141715417163, -1.469999999999999973, 5.498350972706581352 ) ) ;
#3744 = CARTESIAN_POINT ( 'NONE',  ( -1.968141195600575211, -2.800000000000000711, 5.218009649915381409 ) ) ;
#3745 = CARTESIAN_POINT ( 'NONE',  ( 2.347737666891621000, -2.800000000000001155, 6.272645094877959515 ) ) ;
#3746 = CARTESIAN_POINT ( 'NONE',  ( 2.162389491888724091, -1.469999999999999973, 6.465892122308349421 ) ) ;
#3747 = SURFACE_STYLE_FILL_AREA ( #7228 ) ;
#3748 = CARTESIAN_POINT ( 'NONE',  ( -1.678886217948718507, -2.799999999999999822, 5.533854166666654528 ) ) ;
#3749 =( NAMED_UNIT ( * ) SI_UNIT ( $, .STERADIAN. ) SOLID_ANGLE_UNIT ( ) );
#3750 = CARTESIAN_POINT ( 'NONE',  ( -4.999999999999963585, -0.2999999999999999334, 4.500000000000034639 ) ) ;
#3751 = CARTESIAN_POINT ( 'NONE',  ( 2.102462336703285750, -1.469999999999999973, 6.485656211807639515 ) ) ;
#3752 = STYLED_ITEM ( 'NONE', ( #2278 ), #1191 ) ;
#3753 = LINE ( 'NONE', #5876, #2942 ) ;
#3754 = DIRECTION ( 'NONE',  ( 1.000000000000000000, 0.000000000000000000, -6.982962677686266711E-15 ) ) ;
#3755 = SURFACE_SIDE_STYLE ('',( #7322 ) ) ;
#3756 = VECTOR ( 'NONE', #2952, 1000.000000000000114 ) ;
#3757 = FILL_AREA_STYLE_COLOUR ( '', #5056 ) ;
#3758 = EDGE_CURVE ( 'NONE', #7344, #5149, #6444, .T. ) ;
#3759 = VERTEX_POINT ( 'NONE', #4265 ) ;
#3760 = MECHANICAL_DESIGN_GEOMETRIC_PRESENTATION_REPRESENTATION (  '', ( #6408 ), #6268 ) ;
#3761 = CARTESIAN_POINT ( 'NONE',  ( 0.6710543548990522966, -2.799999999999999378, 5.654151891404857189 ) ) ;
#3762 = CARTESIAN_POINT ( 'NONE',  ( 2.145681868501888800, -2.800000000000000711, 5.735444519599250945 ) ) ;
#3763 =( NAMED_UNIT ( * ) PLANE_ANGLE_UNIT ( ) SI_UNIT ( $, .RADIAN. ) );
#3764 = ORIENTED_EDGE ( 'NONE', *, *, #2345, .F. ) ;
#3765 = CARTESIAN_POINT ( 'NONE',  ( -2.462173723916373902, -2.799999999999998046, 5.488111223238671066 ) ) ;
#3766 = ORIENTED_EDGE ( 'NONE', *, *, #8347, .F. ) ;
#3767 = AXIS2_PLACEMENT_3D ( 'NONE', #3676, #7195, #857 ) ;
#3768 = ORIENTED_EDGE ( 'NONE', *, *, #2124, .T. ) ;
#3769 = CARTESIAN_POINT ( 'NONE',  ( -2.503936474465078277, -1.470000000000000862, 6.094898201934180193 ) ) ;
#3770 = ORIENTED_EDGE ( 'NONE', *, *, #3732, .F. ) ;
#3771 =( NAMED_UNIT ( * ) PLANE_ANGLE_UNIT ( ) SI_UNIT ( $, .RADIAN. ) );
#3772 = FACE_OUTER_BOUND ( 'NONE', #6989, .T. ) ;
#3773 = DIRECTION ( 'NONE',  ( -6.982962677686266711E-15, 0.000000000000000000, -1.000000000000000000 ) ) ;
#3774 = MECHANICAL_DESIGN_GEOMETRIC_PRESENTATION_REPRESENTATION (  '', ( #8332 ), #8018 ) ;
#3775 = ORIENTED_EDGE ( 'NONE', *, *, #2067, .T. ) ;
#3776 = COLOUR_RGB ( '',0.8980392156862745390, 0.8980392156862745390, 0.8980392156862745390 ) ;
#3777 = SURFACE_SIDE_STYLE ('',( #272 ) ) ;
#3778 = EDGE_CURVE ( 'NONE', #3393, #4348, #1599, .T. ) ;
#3779 = LINE ( 'NONE', #4531, #7306 ) ;
#3780 = DIRECTION ( 'NONE',  ( 6.982962677686266711E-15, 0.000000000000000000, 1.000000000000000000 ) ) ;
#3781 = FILL_AREA_STYLE_COLOUR ( '', #6213 ) ;
#3782 = CARTESIAN_POINT ( 'NONE',  ( -2.269024545803519199, -1.469999999999999973, 6.122708297071136840 ) ) ;
#3783 = DIRECTION ( 'NONE',  ( 1.000000000000000000, 0.000000000000000000, -6.982962677686266711E-15 ) ) ;
#3784 = COLOUR_RGB ( '',0.8980392156862745390, 0.8980392156862745390, 0.8980392156862745390 ) ;
#3785 = SURFACE_SIDE_STYLE ('',( #963 ) ) ;
#3786 = DIRECTION ( 'NONE',  ( 0.000000000000000000, 0.000000000000000000, 1.000000000000000000 ) ) ;
#3787 = CARTESIAN_POINT ( 'NONE',  ( -2.705128205128205288, -1.469999999999999973, 5.499999999999988454 ) ) ;
#3788 = VECTOR ( 'NONE', #8410, 1000.000000000000000 ) ;
#3789 = CARTESIAN_POINT ( 'NONE',  ( -2.205990352625075257, -1.470000000000000862, 5.828589139551199061 ) ) ;
#3790 = CARTESIAN_POINT ( 'NONE',  ( 2.026210737747089929, -1.469999999999999529, 6.496556190456522550 ) ) ;
#3791 = SURFACE_STYLE_USAGE ( .BOTH. , #6728 ) ;
#3792 =( LENGTH_UNIT ( ) NAMED_UNIT ( * ) SI_UNIT ( .MILLI., .METRE. ) );
#3793 = EDGE_CURVE ( 'NONE', #6473, #7737, #183, .T. ) ;
#3794 = CARTESIAN_POINT ( 'NONE',  ( -1.804434850716117422, -1.469999999999999529, 5.269834979865631652 ) ) ;
#3795 = DIRECTION ( 'NONE',  ( -6.982962677686266711E-15, 0.000000000000000000, -1.000000000000000000 ) ) ;
#3796 = DIRECTION ( 'NONE',  ( 0.000000000000000000, -1.000000000000000000, 0.000000000000000000 ) ) ;
#3797 = CARTESIAN_POINT ( 'NONE',  ( -2.705128205128205288, -1.469999999999999973, 5.605568910256399029 ) ) ;
#3798 = FILL_AREA_STYLE_COLOUR ( '', #376 ) ;
#3799 = AXIS2_PLACEMENT_3D ( 'NONE', #5593, #3367, #4175 ) ;
#3800 = UNCERTAINTY_MEASURE_WITH_UNIT (LENGTH_MEASURE( 1.000000000000000082E-05 ), #3792, 'distance_accuracy_value', 'NONE');
#3801 = CARTESIAN_POINT ( 'NONE',  ( 0.5266487180373409238, -2.799999999999999822, 5.812671867135252413 ) ) ;
#3802 =( LENGTH_UNIT ( ) NAMED_UNIT ( * ) SI_UNIT ( .MILLI., .METRE. ) );
#3803 = VERTEX_POINT ( 'NONE', #143 ) ;
#3804 = DIRECTION ( 'NONE',  ( 1.000000000000000000, 0.000000000000000000, 0.000000000000000000 ) ) ;
#3805 = DIRECTION ( 'NONE',  ( 4.937700262164723958E-15, -0.7071067811865201502, 0.7071067811865749952 ) ) ;
#3806 = VECTOR ( 'NONE', #1145, 1000.000000000000000 ) ;
#3807 = ORIENTED_EDGE ( 'NONE', *, *, #2390, .T. ) ;
#3808 = CARTESIAN_POINT ( 'NONE',  ( -2.355656209907815324, -2.799999999999998046, 5.525885434126789342 ) ) ;
#3809 = CARTESIAN_POINT ( 'NONE',  ( -0.8999999999999801492, 0.5723611075682351057, 2.851902961143753412 ) ) ;
#3810 = ORIENTED_EDGE ( 'NONE', *, *, #846, .T. ) ;
#3811 = EDGE_CURVE ( 'NONE', #5882, #726, #7166, .T. ) ;
#3812 =( LENGTH_UNIT ( ) NAMED_UNIT ( * ) SI_UNIT ( .MILLI., .METRE. ) );
#3813 = CARTESIAN_POINT ( 'NONE',  ( 0.5516826923076920686, -1.469999999999999973, 5.708934294871783166 ) ) ;
#3814 = ORIENTED_EDGE ( 'NONE', *, *, #4313, .F. ) ;
#3815 = CARTESIAN_POINT ( 'NONE',  ( -2.476151592709020743, -1.469999999999999529, 6.080505565224945563 ) ) ;
#3816 = ORIENTED_EDGE ( 'NONE', *, *, #6879, .F. ) ;
#3817 = FILL_AREA_STYLE ('',( #3911 ) ) ;
#3818 = DIRECTION ( 'NONE',  ( -0.000000000000000000, -1.000000000000000000, -0.000000000000000000 ) ) ;
#3819 = CARTESIAN_POINT ( 'NONE',  ( 0.9624049397477906220, -1.469999999999999973, 5.716780055835676499 ) ) ;
#3820 = DIRECTION ( 'NONE',  ( 0.09304602219304564104, -0.9924909033924812496, 0.07939927227139784160 ) ) ;
#3821 = VERTEX_POINT ( 'NONE', #7042 ) ;
#3822 = FILL_AREA_STYLE_COLOUR ( '', #6058 ) ;
#3823 = DIRECTION ( 'NONE',  ( 4.937700262164529898E-15, -0.7071067811865477948, 0.7071067811865473507 ) ) ;
#3824 = CARTESIAN_POINT ( 'NONE',  ( -2.705128205128205288, -1.469999999999999973, 5.879206730769219291 ) ) ;
#3825 = VECTOR ( 'NONE', #4134, 1000.000000000000000 ) ;
#3826 = DIRECTION ( 'NONE',  ( 0.7071067811865414665, 0.000000000000000000, -0.7071067811865536790 ) ) ;
#3827 = CARTESIAN_POINT ( 'NONE',  ( -2.205984760574570824, -1.470000000000000417, 5.915472362663644290 ) ) ;
#3828 = LINE ( 'NONE', #2415, #3473 ) ;
#3829 = CARTESIAN_POINT ( 'NONE',  ( 0.3336207659419238580, -1.469999999999999529, 5.807282712181268458 ) ) ;
#3830 = FACE_OUTER_BOUND ( 'NONE', #357, .T. ) ;
#3831 = CARTESIAN_POINT ( 'NONE',  ( 2.260416666666666519, -2.800000000000000266, 5.600961538461527667 ) ) ;
#3832 = EDGE_CURVE ( 'NONE', #4092, #3759, #5631, .T. ) ;
#3833 = ORIENTED_EDGE ( 'NONE', *, *, #6799, .T. ) ;
#3834 = CARTESIAN_POINT ( 'NONE',  ( -2.209695744097953884, -1.469999999999999529, 5.786121059280675105 ) ) ;
#3835 = CARTESIAN_POINT ( 'NONE',  ( 2.395700364498260626, -2.800000000000000266, 6.057466486729932598 ) ) ;
#3836 = COLOUR_RGB ( '',0.8980392156862745390, 0.8980392156862745390, 0.8980392156862745390 ) ;
#3837 = VECTOR ( 'NONE', #3402, 1000.000000000000000 ) ;
#3838 = CARTESIAN_POINT ( 'NONE',  ( -2.684540924204505075, -1.469999999999999529, 5.577203150388785780 ) ) ;
#3839 = CARTESIAN_POINT ( 'NONE',  ( 0.6602617849914843573, -1.469999999999999973, 5.653950775401574091 ) ) ;
#3840 = CARTESIAN_POINT ( 'NONE',  ( -1.747228903727698679, -2.800000000000000711, 5.349987940985058366 ) ) ;
#3841 = CARTESIAN_POINT ( 'NONE',  ( 0.8000000000000320188, -0.2999999999999999334, 4.599999999999994316 ) ) ;
#3842 = CARTESIAN_POINT ( 'NONE',  ( 3.300000000010304912, 0.3000000000000003775, 2.499999999994327649 ) ) ;
#3843 = CARTESIAN_POINT ( 'NONE',  ( 3.300000000000032241, 0.3000000000000003775, 4.599999999999976552 ) ) ;
#3844 = COLOUR_RGB ( '',0.1019607843137254888, 0.1019607843137254888, 0.1019607843137254888 ) ;
#3845 = CARTESIAN_POINT ( 'NONE',  ( -1.883413461538461897, -2.799999999999999822, 5.499999999999988454 ) ) ;
#3846 = CARTESIAN_POINT ( 'NONE',  ( 0.8000000000000238032, -0.3000000000000003775, 3.414213562373156208 ) ) ;
#3847 = EDGE_CURVE ( 'NONE', #8252, #4211, #783, .T. ) ;
#3848 = VECTOR ( 'NONE', #422, 1000.000000000000000 ) ;
#3849 = EDGE_CURVE ( 'NONE', #2231, #2093, #2155, .T. ) ;
#3850 = FILL_AREA_STYLE ('',( #3798 ) ) ;
#3851 = B_SPLINE_CURVE_WITH_KNOTS ( 'NONE', 3,
 ( #3172, #8085, #4628, #5947, #7399, #3918, #6721, #8185, #1690, #410, #3261, #1876, #4532, #7303, #8832, #6081, #8874, #2561, #3824 ),
 .UNSPECIFIED., .F., .F.,
 ( 4, 1, 1, 1, 1, 1, 1, 1, 1, 1, 1, 1, 1, 1, 1, 1, 4 ),
 ( 0.000000000000000000, 0.05335342180116150329, 0.1047272663249736863, 0.1555164797455855785, 0.2056193208941955453, 0.2566211313655896720, 0.3088596559721064061, 0.3628541401087742035, 0.4192980078946459410, 0.4778828077664623031, 0.5399961175692683524, 0.6046228225353983410, 0.6741283536260952447, 0.7475552360562807142, 0.8259868650183093131, 0.9105062097511925634, 1.000000000000000000 ),
 .UNSPECIFIED. ) ;
#3852 = PRESENTATION_STYLE_ASSIGNMENT (( #2344 ) ) ;
#3853 =( GEOMETRIC_REPRESENTATION_CONTEXT ( 3 ) GLOBAL_UNCERTAINTY_ASSIGNED_CONTEXT ( ( #406 ) ) GLOBAL_UNIT_ASSIGNED_CONTEXT ( ( #792, #3523, #8476 ) ) REPRESENTATION_CONTEXT ( 'NONE', 'WORKASPACE' ) );
#3854 = PRESENTATION_LAYER_ASSIGNMENT (  '', '', ( #1934 ) ) ;
#3855 =( NAMED_UNIT ( * ) SI_UNIT ( $, .STERADIAN. ) SOLID_ANGLE_UNIT ( ) );
#3856 = ORIENTED_EDGE ( 'NONE', *, *, #7489, .T. ) ;
#3857 = CARTESIAN_POINT ( 'NONE',  ( 0.7009082314045755879, -2.799999999999998046, 5.658944118209988439 ) ) ;
#3858 = CARTESIAN_POINT ( 'NONE',  ( 1.979379456034673357, -2.800000000000001155, 6.329618897214461803 ) ) ;
#3859 = SURFACE_STYLE_USAGE ( .BOTH. , #1035 ) ;
#3860 = EDGE_LOOP ( 'NONE', ( #7118, #7939, #5665, #8109, #626, #4874, #993, #6062, #692 ) ) ;
#3861 = COLOUR_RGB ( '',0.8980392156862745390, 0.8980392156862745390, 0.8980392156862745390 ) ;
#3862 = CARTESIAN_POINT ( 'NONE',  ( -2.585524937837877513, -1.469999999999999973, 6.230150606911752931 ) ) ;
#3863 = ORIENTED_EDGE ( 'NONE', *, *, #6873, .F. ) ;
#3864 = DIRECTION ( 'NONE',  ( -1.000000000000000000, 0.000000000000000000, 6.982962677686266711E-15 ) ) ;
#3865 = ORIENTED_EDGE ( 'NONE', *, *, #4360, .T. ) ;
#3866 = ORIENTED_EDGE ( 'NONE', *, *, #371, .F. ) ;
#3867 = CARTESIAN_POINT ( 'NONE',  ( -0.07692307692307728817, -1.469999999999999973, 5.499999999999988454 ) ) ;
#3868 = DIRECTION ( 'NONE',  ( -1.000000000000000000, 0.000000000000000000, 6.982962677686266711E-15 ) ) ;
#3869 = CARTESIAN_POINT ( 'NONE',  ( 9.776147748828290422E-15, -0.2999999999999999334, 1.400000000009668621 ) ) ;
#3870 = ORIENTED_EDGE ( 'NONE', *, *, #8547, .T. ) ;
#3871 = PRESENTATION_STYLE_ASSIGNMENT (( #8082 ) ) ;
#3872 = CARTESIAN_POINT ( 'NONE',  ( -3.999999999999902744, -2.799999999999999822, 13.90000000000002700 ) ) ;
#3873 = AXIS2_PLACEMENT_3D ( 'NONE', #6385, #4245, #1372 ) ;
#3874 = DIRECTION ( 'NONE',  ( 6.982962677686266711E-15, 0.000000000000000000, 1.000000000000000000 ) ) ;
#3875 = CARTESIAN_POINT ( 'NONE',  ( -0.07692307692307728817, -2.799999999999999822, 5.499999999999988454 ) ) ;
#3876 = CARTESIAN_POINT ( 'NONE',  ( -2.476151592709020743, -1.469999999999999529, 6.080505565224945563 ) ) ;
#3877 = ORIENTED_EDGE ( 'NONE', *, *, #4360, .F. ) ;
#3878 = FACE_OUTER_BOUND ( 'NONE', #6972, .T. ) ;
#3879 = PRESENTATION_STYLE_ASSIGNMENT (( #3791 ) ) ;
#3880 = FILL_AREA_STYLE_COLOUR ( '', #5459 ) ;
#3881 = CARTESIAN_POINT ( 'NONE',  ( 0.7536836956044059566, -1.469999999999999529, 5.692582978109148151 ) ) ;
#3882 = AXIS2_PLACEMENT_3D ( 'NONE', #6511, #8576, #5698 ) ;
#3883 = CARTESIAN_POINT ( 'NONE',  ( -1.735873485239405989, -1.470000000000000862, 5.374618689166469565 ) ) ;
#3884 = FACE_OUTER_BOUND ( 'NONE', #3113, .T. ) ;
#3885 = DIRECTION ( 'NONE',  ( 4.937700262164536209E-15, 0.7071067811865467956, 0.7071067811865483499 ) ) ;
#3886 = CARTESIAN_POINT ( 'NONE',  ( 2.039755186715700219, -1.469999999999999973, 6.495294872888884186 ) ) ;
#3887 =( NAMED_UNIT ( * ) PLANE_ANGLE_UNIT ( ) SI_UNIT ( $, .RADIAN. ) );
#3888 = ORIENTED_EDGE ( 'NONE', *, *, #4472, .T. ) ;
#3889 = LINE ( 'NONE', #5709, #8775 ) ;
#3890 = CARTESIAN_POINT ( 'NONE',  ( 0.5371326787625424481, -1.469999999999999973, 5.743892773118736805 ) ) ;
#3891 =( GEOMETRIC_REPRESENTATION_CONTEXT ( 3 ) GLOBAL_UNCERTAINTY_ASSIGNED_CONTEXT ( ( #6210 ) ) GLOBAL_UNIT_ASSIGNED_CONTEXT ( ( #2680, #6373, #3481 ) ) REPRESENTATION_CONTEXT ( 'NONE', 'WORKASPACE' ) );
#3892 = VECTOR ( 'NONE', #4220, 1000.000000000000000 ) ;
#3893 = VECTOR ( 'NONE', #7568, 1000.000000000000000 ) ;
#3894 = ORIENTED_EDGE ( 'NONE', *, *, #2150, .T. ) ;
#3895 = ORIENTED_EDGE ( 'NONE', *, *, #1895, .T. ) ;
#3896 = SURFACE_STYLE_USAGE ( .BOTH. , #3056 ) ;
#3897 = PLANE ( 'NONE',  #7104 ) ;
#3898 = EDGE_CURVE ( 'NONE', #5466, #5058, #6401, .T. ) ;
#3899 = EDGE_CURVE ( 'NONE', #3474, #8631, #101, .T. ) ;
#3900 = EDGE_CURVE ( 'NONE', #7122, #1518, #5059, .T. ) ;
#3901 = CARTESIAN_POINT ( 'NONE',  ( -2.309456100110534926, -2.799999999999997158, 5.563932203463609838 ) ) ;
#3902 = UNCERTAINTY_MEASURE_WITH_UNIT (LENGTH_MEASURE( 1.000000000000000082E-05 ), #5161, 'distance_accuracy_value', 'NONE');
#3903 = CARTESIAN_POINT ( 'NONE',  ( -0.5576923076923080425, -2.799999999999999822, 6.256410256410244841 ) ) ;
#3904 = ORIENTED_EDGE ( 'NONE', *, *, #5681, .T. ) ;
#3905 = PRESENTATION_STYLE_ASSIGNMENT (( #1041 ) ) ;
#3906 = COLOUR_RGB ( '',0.1019607843137254888, 0.1019607843137254888, 0.1019607843137254888 ) ;
#3907 = EDGE_CURVE ( 'NONE', #8210, #4692, #7867, .T. ) ;
#3908 = VERTEX_POINT ( 'NONE', #2902 ) ;
#3909 = CARTESIAN_POINT ( 'NONE',  ( -2.383943134811588482, -2.800000000000000266, 6.220304754083567644 ) ) ;
#3910 = ORIENTED_EDGE ( 'NONE', *, *, #8952, .F. ) ;
#3911 = FILL_AREA_STYLE_COLOUR ( '', #8806 ) ;
#3912 = CARTESIAN_POINT ( 'NONE',  ( -3.999999999999903633, -1.499999999999999778, 13.90000000000002700 ) ) ;
#3913 = CARTESIAN_POINT ( 'NONE',  ( 0.6068139591613278538, -2.799999999999998934, 5.488035415964700015 ) ) ;
#3914 = B_SPLINE_SURFACE_WITH_KNOTS ( 'NONE', 3, 1, ( 
 ( #4094, #388 ),
 ( #6883, #576 ),
 ( #5303, #7386 ),
 ( #6114, #1088 ),
 ( #5326, #5934 ),
 ( #8024, #1141 ),
 ( #3862, #4000 ),
 ( #1039, #436 ),
 ( #7978, #485 ),
 ( #3243, #5980 ),
 ( #6025, #8722 ) ),
 .UNSPECIFIED., .F., .F., .F.,
 ( 4, 1, 1, 1, 1, 1, 1, 1, 4 ),
 ( 2, 2 ),
 ( 0.000000000000000000, 0.1371784162912459137, 0.2672805576908872105, 0.3933927086964044140, 0.5157726150363906026, 0.6355642661707592289, 0.7555993223130585967, 0.8759500690126423850, 1.000000000000000000 ),
 ( 0.000000000000000000, 1.000000000000000000 ),
 .UNSPECIFIED. ) ;
#3915 = ORIENTED_EDGE ( 'NONE', *, *, #3458, .T. ) ;
#3916 = CARTESIAN_POINT ( 'NONE',  ( -2.016626602564103088, -1.469999999999999973, 5.358974358974347929 ) ) ;
#3917 = LINE ( 'NONE', #6720, #7752 ) ;
#3918 = CARTESIAN_POINT ( 'NONE',  ( -2.612014768042357105, -1.469999999999999529, 6.089003217938922852 ) ) ;
#3919 = FILL_AREA_STYLE_COLOUR ( '', #894 ) ;
#3920 = DIRECTION ( 'NONE',  ( -0.000000000000000000, -1.000000000000000000, -0.000000000000000000 ) ) ;
#3921 = CARTESIAN_POINT ( 'NONE',  ( 2.372716836757134740, -1.469999999999999085, 6.201840314937594023 ) ) ;
#3922 = SURFACE_SIDE_STYLE ('',( #1787 ) ) ;
#3923 = CARTESIAN_POINT ( 'NONE',  ( 1.994071716934391336, -2.800000000000000711, 5.501293701023815430 ) ) ;
#3924 = STYLED_ITEM ( 'NONE', ( #7004 ), #7091 ) ;
#3925 = VERTEX_POINT ( 'NONE', #5801 ) ;
#3926 = CARTESIAN_POINT ( 'NONE',  ( -2.491185897435898688, -2.800000000000000266, 5.487179487179476567 ) ) ;
#3927 = MECHANICAL_DESIGN_GEOMETRIC_PRESENTATION_REPRESENTATION (  '', ( #4830 ), #7013 ) ;
#3928 = CARTESIAN_POINT ( 'NONE',  ( 2.899999999999975930, -0.2999999999999999334, -3.500000000000020872 ) ) ;
#3929 = ADVANCED_FACE ( 'NONE', ( #5716 ), #7905, .F. ) ;
#3930 = CARTESIAN_POINT ( 'NONE',  ( -2.635053441599016111, -1.469999999999999529, 5.532126281430818970 ) ) ;
#3931 = COLOUR_RGB ( '',0.1019607843137254888, 0.1019607843137254888, 0.1019607843137254888 ) ;
#3932 = CARTESIAN_POINT ( 'NONE',  ( 0.9742730368321832479, -2.799999999999999822, 5.859574379327906257 ) ) ;
#3933 = CARTESIAN_POINT ( 'NONE',  ( -1.747228903727698679, -1.470000000000001306, 5.349987940985058366 ) ) ;
#3934 = AXIS2_PLACEMENT_3D ( 'NONE', #4273, #560, #7564 ) ;
#3935 = CARTESIAN_POINT ( 'NONE',  ( 2.102462336703285750, -2.799999999999999822, 6.485656211807639515 ) ) ;
#3936 = FACE_OUTER_BOUND ( 'NONE', #5393, .T. ) ;
#3937 = LINE ( 'NONE', #3843, #5365 ) ;
#3938 = SURFACE_SIDE_STYLE ('',( #1894 ) ) ;
#3939 = SURFACE_SIDE_STYLE ('',( #8106 ) ) ;
#3940 = FILL_AREA_STYLE_COLOUR ( '', #5836 ) ;
#3941 = ORIENTED_EDGE ( 'NONE', *, *, #3041, .F. ) ;
#3942 = FILL_AREA_STYLE_COLOUR ( '', #6431 ) ;
#3943 = CARTESIAN_POINT ( 'NONE',  ( 0.5516826923076920686, -1.469999999999999973, 5.708934294871783166 ) ) ;
#3944 = ORIENTED_EDGE ( 'NONE', *, *, #545, .T. ) ;
#3945 = CARTESIAN_POINT ( 'NONE',  ( -0.8999999999999831468, 0.1480970388563068729, 2.427638892431824846 ) ) ;
#3946 = EDGE_LOOP ( 'NONE', ( #6250, #3957, #6083, #3810 ) ) ;
#3947 = PLANE ( 'NONE',  #326 ) ;
#3948 = CARTESIAN_POINT ( 'NONE',  ( 0.9112610939741054850, -2.799999999999999822, 5.600989146714706379 ) ) ;
#3949 = CARTESIAN_POINT ( 'NONE',  ( -1.599999999989117239, 0.3000000000000003775, 2.499999999994361843 ) ) ;
#3950 = EDGE_CURVE ( 'NONE', #7579, #3908, #6571, .T. ) ;
#3951 = CARTESIAN_POINT ( 'NONE',  ( 0.3998064119479684542, 1.500000000000000000, 0.08578643762692411689 ) ) ;
#3952 = VERTEX_POINT ( 'NONE', #8680 ) ;
#3953 = DIRECTION ( 'NONE',  ( -1.000000000000000000, 0.000000000000000000, 6.982962677686266711E-15 ) ) ;
#3954 = AXIS2_PLACEMENT_3D ( 'NONE', #1819, #1042, #3864 ) ;
#3955 = CARTESIAN_POINT ( 'NONE',  ( 1.564102564102564097, -1.469999999999999973, 5.499999999999988454 ) ) ;
#3956 = PRESENTATION_STYLE_ASSIGNMENT (( #1146 ) ) ;
#3957 = ORIENTED_EDGE ( 'NONE', *, *, #4074, .F. ) ;
#3958 = CARTESIAN_POINT ( 'NONE',  ( 4.000000000000096811, -2.799999999999999822, 13.89999999999997193 ) ) ;
#3959 = SURFACE_STYLE_USAGE ( .BOTH. , #4662 ) ;
#3960 = EDGE_CURVE ( 'NONE', #6026, #4523, #1775, .T. ) ;
#3961 = CARTESIAN_POINT ( 'NONE',  ( 0.3944673312126180109, -1.469999999999999973, 5.594090465912580967 ) ) ;
#3962 = EDGE_LOOP ( 'NONE', ( #1598, #6159, #6267, #5411 ) ) ;
#3963 = CARTESIAN_POINT ( 'NONE',  ( -1.935104448512633857, -1.469999999999999529, 5.389202666153649623 ) ) ;
#3964 = CARTESIAN_POINT ( 'NONE',  ( 1.955470222343435260, -2.800000000000000266, 5.667152994210976402 ) ) ;
#3965 = CARTESIAN_POINT ( 'NONE',  ( 5.000000000000138556, -2.799999999999999822, 19.99999999999996447 ) ) ;
#3966 = SURFACE_SIDE_STYLE ('',( #1785 ) ) ;
#3967 =( GEOMETRIC_REPRESENTATION_CONTEXT ( 3 ) GLOBAL_UNCERTAINTY_ASSIGNED_CONTEXT ( ( #928 ) ) GLOBAL_UNIT_ASSIGNED_CONTEXT ( ( #5282, #3771, #3067 ) ) REPRESENTATION_CONTEXT ( 'NONE', 'WORKASPACE' ) );
#3968 = FACE_OUTER_BOUND ( 'NONE', #2793, .T. ) ;
#3969 = FACE_OUTER_BOUND ( 'NONE', #1412, .T. ) ;
#3970 = FILL_AREA_STYLE ('',( #8288 ) ) ;
#3971 = EDGE_LOOP ( 'NONE', ( #3292, #3997, #5827, #8768 ) ) ;
#3972 = CARTESIAN_POINT ( 'NONE',  ( -3.299999999999925215, 0.3000000000000003775, 4.599999999999684341 ) ) ;
#3973 = DIRECTION ( 'NONE',  ( -1.000000000000000000, 0.000000000000000000, 6.982962677686266711E-15 ) ) ;
#3974 = VECTOR ( 'NONE', #2018, 1000.000000000000000 ) ;
#3975 = CARTESIAN_POINT ( 'NONE',  ( -2.556701553112441960, -1.470000000000000417, 6.102431981244229142 ) ) ;
#3976 = DIRECTION ( 'NONE',  ( 6.982962677686266711E-15, 0.000000000000000000, 1.000000000000000000 ) ) ;
#3977 = CARTESIAN_POINT ( 'NONE',  ( 0.7258184399322022973, -1.469999999999999529, 5.668517067788990893 ) ) ;
#3978 = DIRECTION ( 'NONE',  ( -0.000000000000000000, -1.000000000000000000, -0.000000000000000000 ) ) ;
#3979 = ADVANCED_FACE ( 'NONE', ( #8638 ), #2452, .T. ) ;
#3980 = DIRECTION ( 'NONE',  ( -4.937700262164530687E-15, 0.7071067811865476838, -0.7071067811865474617 ) ) ;
#3981 = CARTESIAN_POINT ( 'NONE',  ( -2.671073717948718063, -1.469999999999999973, 5.707131410256399029 ) ) ;
#3982 = DIRECTION ( 'NONE',  ( 4.937700262164533054E-15, 0.7071067811865473507, 0.7071067811865477948 ) ) ;
#3983 = FILL_AREA_STYLE_COLOUR ( '', #7798 ) ;
#3984 = ADVANCED_FACE ( 'NONE', ( #5143 ), #4621, .F. ) ;
#3985 = SURFACE_SIDE_STYLE ('',( #7469 ) ) ;
#3986 = VERTEX_POINT ( 'NONE', #8779 ) ;
#3987 = VECTOR ( 'NONE', #3024, 1000.000000000000000 ) ;
#3988 = DIRECTION ( 'NONE',  ( -0.9977851578566089286, 0.000000000000000000, -0.06651901052377376389 ) ) ;
#3989 = ORIENTED_EDGE ( 'NONE', *, *, #6877, .T. ) ;
#3990 = VECTOR ( 'NONE', #8386, 1000.000000000000000 ) ;
#3991 = ORIENTED_EDGE ( 'NONE', *, *, #7761, .F. ) ;
#3992 = FILL_AREA_STYLE_COLOUR ( '', #930 ) ;
#3993 =( GEOMETRIC_REPRESENTATION_CONTEXT ( 3 ) GLOBAL_UNCERTAINTY_ASSIGNED_CONTEXT ( ( #6226 ) ) GLOBAL_UNIT_ASSIGNED_CONTEXT ( ( #1381, #5662, #5575 ) ) REPRESENTATION_CONTEXT ( 'NONE', 'WORKASPACE' ) );
#3994 = ORIENTED_EDGE ( 'NONE', *, *, #855, .T. ) ;
#3995 = SURFACE_STYLE_USAGE ( .BOTH. , #5418 ) ;
#3996 = LINE ( 'NONE', #6837, #7385 ) ;
#3997 = ORIENTED_EDGE ( 'NONE', *, *, #6582, .F. ) ;
#3998 = CARTESIAN_POINT ( 'NONE',  ( 1.958952155916106275, -1.469999999999999085, 6.331115515231115154 ) ) ;
#3999 = UNCERTAINTY_MEASURE_WITH_UNIT (LENGTH_MEASURE( 1.000000000000000082E-05 ), #8738, 'distance_accuracy_value', 'NONE');
#4000 = CARTESIAN_POINT ( 'NONE',  ( -2.585524937837877513, -2.800000000000000266, 6.230150606911752931 ) ) ;
#4001 = CARTESIAN_POINT ( 'NONE',  ( -2.500802452075058468, -2.799999999999999378, 5.635761026738703272 ) ) ;
#4002 = VECTOR ( 'NONE', #228, 1000.000000000000000 ) ;
#4003 = FACE_OUTER_BOUND ( 'NONE', #5330, .T. ) ;
#4004 = CARTESIAN_POINT ( 'NONE',  ( -2.216288378682846893, -2.799999999999999822, 5.994982415789048780 ) ) ;
#4005 = ORIENTED_EDGE ( 'NONE', *, *, #129, .F. ) ;
#4006 = CARTESIAN_POINT ( 'NONE',  ( 1.371794871794872028, -1.469999999999999973, 5.499999999999988454 ) ) ;
#4007 = VECTOR ( 'NONE', #8497, 1000.000000000000114 ) ;
#4008 = CARTESIAN_POINT ( 'NONE',  ( -0.7999999999999678479, -0.2999999999999999334, 4.600000000000004974 ) ) ;
#4009 = CARTESIAN_POINT ( 'NONE',  ( 2.120192307692307931, -1.469999999999999973, 6.480969551282039554 ) ) ;
#4010 = UNCERTAINTY_MEASURE_WITH_UNIT (LENGTH_MEASURE( 1.000000000000000082E-05 ), #6348, 'distance_accuracy_value', 'NONE');
#4011 = ORIENTED_EDGE ( 'NONE', *, *, #1396, .T. ) ;
#4012 = PLANE ( 'NONE',  #7813 ) ;
#4013 = EDGE_CURVE ( 'NONE', #3467, #2811, #8032, .T. ) ;
#4014 = SURFACE_STYLE_USAGE ( .BOTH. , #1928 ) ;
#4015 = STYLED_ITEM ( 'NONE', ( #3879 ), #5468 ) ;
#4016 = VECTOR ( 'NONE', #2418, 1000.000000000000000 ) ;
#4017 = CARTESIAN_POINT ( 'NONE',  ( 0.5706402054001451507, -1.470000000000000417, 5.684803813371301473 ) ) ;
#4018 = ADVANCED_FACE ( 'NONE', ( #7339 ), #8730, .T. ) ;
#4019 = EDGE_CURVE ( 'NONE', #6859, #8569, #3457, .T. ) ;
#4020 = DIRECTION ( 'NONE',  ( 6.982962677686266711E-15, 0.000000000000000000, 1.000000000000000000 ) ) ;
#4021 = EDGE_LOOP ( 'NONE', ( #1973, #3683, #4338, #1043 ) ) ;
#4022 = CARTESIAN_POINT ( 'NONE',  ( 1.988722472517471029, -2.799999999999999822, 6.498840892472199648 ) ) ;
#4023 = FILL_AREA_STYLE_COLOUR ( '', #682 ) ;
#4024 = CARTESIAN_POINT ( 'NONE',  ( -2.545792358255155818, -1.469999999999999085, 6.102450933518958287 ) ) ;
#4025 = ORIENTED_EDGE ( 'NONE', *, *, #7301, .F. ) ;
#4026 = CARTESIAN_POINT ( 'NONE',  ( -0.7999999999999685141, -0.2999999999999999334, 4.500000000000004441 ) ) ;
#4027 = CARTESIAN_POINT ( 'NONE',  ( 4.700000000000026823, 1.700000000000000622, 3.899999999999971934 ) ) ;
#4028 =( GEOMETRIC_REPRESENTATION_CONTEXT ( 3 ) GLOBAL_UNCERTAINTY_ASSIGNED_CONTEXT ( ( #9063 ) ) GLOBAL_UNIT_ASSIGNED_CONTEXT ( ( #5160, #8695, #7178 ) ) REPRESENTATION_CONTEXT ( 'NONE', 'WORKASPACE' ) );
#4029 = PRESENTATION_LAYER_ASSIGNMENT (  '', '', ( #2102 ) ) ;
#4030 =( NAMED_UNIT ( * ) SI_UNIT ( $, .STERADIAN. ) SOLID_ANGLE_UNIT ( ) );
#4031 = CARTESIAN_POINT ( 'NONE',  ( 0.8814922421803338404, -1.469999999999999529, 5.568057574441658275 ) ) ;
#4032 = DIRECTION ( 'NONE',  ( -0.000000000000000000, -1.000000000000000000, -0.000000000000000000 ) ) ;
#4033 = EDGE_CURVE ( 'NONE', #1322, #8377, #6264, .T. ) ;
#4034 = CARTESIAN_POINT ( 'NONE',  ( -2.500802452075058468, -1.470000000000000417, 5.635761026738703272 ) ) ;
#4035 =( LENGTH_UNIT ( ) NAMED_UNIT ( * ) SI_UNIT ( .MILLI., .METRE. ) );
#4036 = MECHANICAL_DESIGN_GEOMETRIC_PRESENTATION_REPRESENTATION (  '', ( #8441 ), #4484 ) ;
#4037 = DIRECTION ( 'NONE',  ( -0.9348432628350454854, 0.000000000000000000, -0.3550606623267721917 ) ) ;
#4038 = CARTESIAN_POINT ( 'NONE',  ( 9.706318121983909465E-14, -1.499999999999999778, 13.89999999999999858 ) ) ;
#4039 = EDGE_LOOP ( 'NONE', ( #7847, #2443, #6601, #8933 ) ) ;
#4040 = CARTESIAN_POINT ( 'NONE',  ( 0.7258184399322022973, -2.799999999999999378, 5.668517067788990893 ) ) ;
#4041 = VERTEX_POINT ( 'NONE', #7647 ) ;
#4042 = MECHANICAL_DESIGN_GEOMETRIC_PRESENTATION_REPRESENTATION (  '', ( #6817 ), #74 ) ;
#4043 = LINE ( 'NONE', #1999, #2159 ) ;
#4044 = ORIENTED_EDGE ( 'NONE', *, *, #8181, .F. ) ;
#4045 = FILL_AREA_STYLE ('',( #3992 ) ) ;
#4046 = EDGE_LOOP ( 'NONE', ( #5220, #1094, #5669, #1109 ) ) ;
#4047 = DIRECTION ( 'NONE',  ( -6.982962677686266711E-15, 0.000000000000000000, -1.000000000000000000 ) ) ;
#4048 = PRESENTATION_STYLE_ASSIGNMENT (( #5567 ) ) ;
#4049 =( GEOMETRIC_REPRESENTATION_CONTEXT ( 3 ) GLOBAL_UNCERTAINTY_ASSIGNED_CONTEXT ( ( #4102 ) ) GLOBAL_UNIT_ASSIGNED_CONTEXT ( ( #6302, #40, #1417 ) ) REPRESENTATION_CONTEXT ( 'NONE', 'WORKASPACE' ) );
#4050 = VERTEX_POINT ( 'NONE', #6166 ) ;
#4051 = CARTESIAN_POINT ( 'NONE',  ( -4.999999999999963585, -0.2999999999999999334, 4.500000000000034639 ) ) ;
#4052 = ORIENTED_EDGE ( 'NONE', *, *, #6769, .T. ) ;
#4053 =( NAMED_UNIT ( * ) PLANE_ANGLE_UNIT ( ) SI_UNIT ( $, .RADIAN. ) );
#4054 = EDGE_CURVE ( 'NONE', #96, #3195, #6800, .T. ) ;
#4055 = LINE ( 'NONE', #6164, #7803 ) ;
#4056 = VERTEX_POINT ( 'NONE', #7689 ) ;
#4057 = DIRECTION ( 'NONE',  ( -1.000000000000000000, 0.000000000000000000, 6.982962677686267499E-15 ) ) ;
#4058 = DIRECTION ( 'NONE',  ( 6.982962677686266711E-15, 0.000000000000000000, 1.000000000000000000 ) ) ;
#4059 = VECTOR ( 'NONE', #2822, 1000.000000000000000 ) ;
#4060 = CARTESIAN_POINT ( 'NONE',  ( 0.3642992529581203787, -2.800000000000000266, 5.646759347870394130 ) ) ;
#4061 = DIRECTION ( 'NONE',  ( 1.000000000000000000, 0.000000000000000000, -6.982962677686266711E-15 ) ) ;
#4062 = ORIENTED_EDGE ( 'NONE', *, *, #4957, .F. ) ;
#4063 = CARTESIAN_POINT ( 'NONE',  ( -1.964426656897800605, -2.799999999999998490, 5.368747903966044177 ) ) ;
#4064 = CARTESIAN_POINT ( 'NONE',  ( -2.016626602564103088, -2.799999999999999822, 5.358974358974347929 ) ) ;
#4065 = ORIENTED_EDGE ( 'NONE', *, *, #7863, .F. ) ;
#4066 = CARTESIAN_POINT ( 'NONE',  ( 1.940906967670821937, -2.800000000000000266, 6.500005193204707155 ) ) ;
#4067 = CARTESIAN_POINT ( 'NONE',  ( -2.440208555451026218, -1.469999999999999529, 6.238043773318054264 ) ) ;
#4068 = SURFACE_STYLE_FILL_AREA ( #3266 ) ;
#4069 =( LENGTH_UNIT ( ) NAMED_UNIT ( * ) SI_UNIT ( .MILLI., .METRE. ) );
#4070 = ORIENTED_EDGE ( 'NONE', *, *, #6822, .T. ) ;
#4071 = CARTESIAN_POINT ( 'NONE',  ( -2.433862437174349580, -1.470000000000000862, 5.492851370646681275 ) ) ;
#4072 = LINE ( 'NONE', #6279, #675 ) ;
#4073 = EDGE_CURVE ( 'NONE', #6392, #212, #9021, .T. ) ;
#4074 = EDGE_CURVE ( 'NONE', #1440, #1772, #2711, .T. ) ;
#4075 = CARTESIAN_POINT ( 'NONE',  ( 0.6422275641025636528, -1.469999999999999973, 5.487179487179475679 ) ) ;
#4076 = UNCERTAINTY_MEASURE_WITH_UNIT (LENGTH_MEASURE( 1.000000000000000082E-05 ), #7394, 'distance_accuracy_value', 'NONE');
#4077 = LINE ( 'NONE', #8245, #3990 ) ;
#4078 = LINE ( 'NONE', #6866, #4606 ) ;
#4079 = PLANE ( 'NONE',  #9044 ) ;
#4080 = VECTOR ( 'NONE', #380, 1000.000000000000000 ) ;
#4081 =( NAMED_UNIT ( * ) SI_UNIT ( $, .STERADIAN. ) SOLID_ANGLE_UNIT ( ) );
#4082 = CARTESIAN_POINT ( 'NONE',  ( 0.5817821073108386809, -1.469999999999998641, 5.675024872801019526 ) ) ;
#4083 =( NAMED_UNIT ( * ) SI_UNIT ( $, .STERADIAN. ) SOLID_ANGLE_UNIT ( ) );
#4084 = ORIENTED_EDGE ( 'NONE', *, *, #8951, .F. ) ;
#4085 = UNCERTAINTY_MEASURE_WITH_UNIT (LENGTH_MEASURE( 1.000000000000000082E-05 ), #544, 'distance_accuracy_value', 'NONE');
#4086 = CARTESIAN_POINT ( 'NONE',  ( 0.7804383961512832979, -2.800000000000000266, 5.797978591008331684 ) ) ;
#4088 = VERTEX_POINT ( 'NONE', #1244 ) ;
#4087 = EDGE_CURVE ( 'NONE', #8574, #3488, #7538, .T. ) ;
#4089 = VECTOR ( 'NONE', #73, 1000.000000000000000 ) ;
#4090 = MECHANICAL_DESIGN_GEOMETRIC_PRESENTATION_REPRESENTATION (  '', ( #5556 ), #6427 ) ;
#4091 = FACE_OUTER_BOUND ( 'NONE', #7730, .T. ) ;
#4092 = VERTEX_POINT ( 'NONE', #442 ) ;
#4093 = VERTEX_POINT ( 'NONE', #6074 ) ;
#4094 = CARTESIAN_POINT ( 'NONE',  ( -2.705128205128205288, -1.469999999999999973, 6.143629807692295941 ) ) ;
#4095 = ORIENTED_EDGE ( 'NONE', *, *, #235, .F. ) ;
#4096 = B_SPLINE_CURVE_WITH_KNOTS ( 'NONE', 3,
 ( #3163, #8780, #8758, #2339, #5308, #3886, #5171, #974, #3751, #1022, #5215 ),
 .UNSPECIFIED., .F., .F.,
 ( 4, 1, 1, 1, 1, 1, 1, 1, 4 ),
 ( 0.000000000000000000, 0.1574696105658194845, 0.3066299103822043848, 0.4453947960140404727, 0.5739867641878370064, 0.6944366174725862262, 0.8048975949917163142, 0.9068122228658742623, 1.000000000000000000 ),
 .UNSPECIFIED. ) ;
#4097 = DIRECTION ( 'NONE',  ( -1.000000000000000000, 0.000000000000000000, -0.000000000000000000 ) ) ;
#4098 = CARTESIAN_POINT ( 'NONE',  ( 0.8644794229449841438, -2.800000000000000711, 5.553095436667640605 ) ) ;
#4099 = VERTEX_POINT ( 'NONE', #9068 ) ;
#4100 = STYLED_ITEM ( 'NONE', ( #8617 ), #7549 ) ;
#4101 = LINE ( 'NONE', #8117, #3424 ) ;
#4102 = UNCERTAINTY_MEASURE_WITH_UNIT (LENGTH_MEASURE( 1.000000000000000082E-05 ), #6302, 'distance_accuracy_value', 'NONE');
#4103 = SURFACE_SIDE_STYLE ('',( #1284 ) ) ;
#4104 = ORIENTED_EDGE ( 'NONE', *, *, #4752, .F. ) ;
#4105 = LINE ( 'NONE', #2706, #6296 ) ;
#4106 = CARTESIAN_POINT ( 'NONE',  ( -2.703135243588742576, -2.799999999999999822, 5.825344470509215888 ) ) ;
#4107 = EDGE_LOOP ( 'NONE', ( #1298, #5281, #5986 ) ) ;
#4108 = CARTESIAN_POINT ( 'NONE',  ( -1.628205128205128638, -1.469999999999999973, 6.230769230769219291 ) ) ;
#4109 = EDGE_CURVE ( 'NONE', #8416, #4099, #8866, .T. ) ;
#4110 = EDGE_CURVE ( 'NONE', #2980, #4731, #6895, .T. ) ;
#4111 = FACE_OUTER_BOUND ( 'NONE', #1174, .T. ) ;
#4112 =( GEOMETRIC_REPRESENTATION_CONTEXT ( 3 ) GLOBAL_UNCERTAINTY_ASSIGNED_CONTEXT ( ( #1140 ) ) GLOBAL_UNIT_ASSIGNED_CONTEXT ( ( #2946, #3739, #5066 ) ) REPRESENTATION_CONTEXT ( 'NONE', 'WORKASPACE' ) );
#4113 = ORIENTED_EDGE ( 'NONE', *, *, #2713, .F. ) ;
#4114 = CARTESIAN_POINT ( 'NONE',  ( -1.953597252502870196, -1.469999999999999085, 5.374096926606503288 ) ) ;
#4115 = FILL_AREA_STYLE ('',( #697 ) ) ;
#4116 = CARTESIAN_POINT ( 'NONE',  ( -2.141025641025641413, -1.469999999999999973, 6.230769230769219291 ) ) ;
#4117 = CARTESIAN_POINT ( 'NONE',  ( 0.8000000000000114797, 0.9259144981615097247, 1.649821433126610559 ) ) ;
#4118 = ORIENTED_EDGE ( 'NONE', *, *, #7105, .T. ) ;
#4119 = CARTESIAN_POINT ( 'NONE',  ( 2.114461219061952058, -1.469999999999999973, 6.482484481389326980 ) ) ;
#4120 = DIRECTION ( 'NONE',  ( 6.982962677686266711E-15, 0.000000000000000000, 1.000000000000000000 ) ) ;
#4121 = DIRECTION ( 'NONE',  ( 1.000000000000000000, 0.000000000000000000, -6.982962677686266711E-15 ) ) ;
#4122 = ORIENTED_EDGE ( 'NONE', *, *, #951, .T. ) ;
#4123 =( NAMED_UNIT ( * ) PLANE_ANGLE_UNIT ( ) SI_UNIT ( $, .RADIAN. ) );
#4124 = EDGE_CURVE ( 'NONE', #1774, #1632, #1920, .T. ) ;
#4125 = FILL_AREA_STYLE_COLOUR ( '', #6994 ) ;
#4126 = FILL_AREA_STYLE_COLOUR ( '', #6502 ) ;
#4127 =( GEOMETRIC_REPRESENTATION_CONTEXT ( 3 ) GLOBAL_UNCERTAINTY_ASSIGNED_CONTEXT ( ( #2131 ) ) GLOBAL_UNIT_ASSIGNED_CONTEXT ( ( #7294, #5195, #1638 ) ) REPRESENTATION_CONTEXT ( 'NONE', 'WORKASPACE' ) );
#4128 = CARTESIAN_POINT ( 'NONE',  ( -5.949999999999928235, 0.3000000000000003775, 3.550000000000048672 ) ) ;
#4129 = CARTESIAN_POINT ( 'NONE',  ( -1.952134623038910277, -1.469999999999999529, 5.218128286803536575 ) ) ;
#4130 = CARTESIAN_POINT ( 'NONE',  ( 4.000000000000096811, -2.799999999999999822, 13.89999999999997193 ) ) ;
#4131 =( LENGTH_UNIT ( ) NAMED_UNIT ( * ) SI_UNIT ( .MILLI., .METRE. ) );
#4132 = ADVANCED_FACE ( 'NONE', ( #4845 ), #8370, .T. ) ;
#4133 = SURFACE_STYLE_FILL_AREA ( #7667 ) ;
#4134 = DIRECTION ( 'NONE',  ( -1.000000000000000000, 0.000000000000000000, 0.000000000000000000 ) ) ;
#4135 = DIRECTION ( 'NONE',  ( -0.3550606623267721362, 0.000000000000000000, 0.9348432628350453744 ) ) ;
#4136 = CARTESIAN_POINT ( 'NONE',  ( -1.993303945480503492, -2.799999999999999378, 5.218362005812704041 ) ) ;
#4137 = ORIENTED_EDGE ( 'NONE', *, *, #2067, .F. ) ;
#4138 = CARTESIAN_POINT ( 'NONE',  ( 0.7139637364782059903, -2.800000000000000711, 5.663109626171440425 ) ) ;
#4139 = ORIENTED_EDGE ( 'NONE', *, *, #3545, .F. ) ;
#4140 =( NAMED_UNIT ( * ) SI_UNIT ( $, .STERADIAN. ) SOLID_ANGLE_UNIT ( ) );
#4142 = EDGE_CURVE ( 'NONE', #2893, #6120, #5383, .T. ) ;
#4141 = VERTEX_POINT ( 'NONE', #2551 ) ;
#4143 = VERTEX_POINT ( 'NONE', #5478 ) ;
#4144 = CARTESIAN_POINT ( 'NONE',  ( 2.188977125830068982, -2.800000000000000711, 5.833343220230829296 ) ) ;
#4145 = ORIENTED_EDGE ( 'NONE', *, *, #2346, .F. ) ;
#4146 = ADVANCED_FACE ( 'NONE', ( #1870 ), #1189, .T. ) ;
#4147 = CARTESIAN_POINT ( 'NONE',  ( 0.7804383961512832979, -1.470000000000000417, 5.797978591008331684 ) ) ;
#4148 = CARTESIAN_POINT ( 'NONE',  ( 2.203843754825337342, -2.800000000000000266, 5.944829574155744645 ) ) ;
#4149 =( GEOMETRIC_REPRESENTATION_CONTEXT ( 3 ) GLOBAL_UNCERTAINTY_ASSIGNED_CONTEXT ( ( #1972 ) ) GLOBAL_UNIT_ASSIGNED_CONTEXT ( ( #6675, #6904, #3213 ) ) REPRESENTATION_CONTEXT ( 'NONE', 'WORKASPACE' ) );
#4150 = VERTEX_POINT ( 'NONE', #6121 ) ;
#4151 = DIRECTION ( 'NONE',  ( 6.982962677686266711E-15, 0.000000000000000000, 1.000000000000000000 ) ) ;
#4152 = VECTOR ( 'NONE', #2784, 1000.000000000000000 ) ;
#4153 = PRESENTATION_LAYER_ASSIGNMENT (  '', '', ( #1761 ) ) ;
#4154 = CARTESIAN_POINT ( 'NONE',  ( -2.705128205128205288, -1.469999999999999973, 6.143629807692295941 ) ) ;
#4155 = CARTESIAN_POINT ( 'NONE',  ( 1.700000000000032152, -0.2999999999999999334, 4.599999999999988098 ) ) ;
#4156 = VERTEX_POINT ( 'NONE', #8915 ) ;
#4157 = CARTESIAN_POINT ( 'NONE',  ( 0.5545732156185276818, -2.799999999999999822, 5.704572942461417107 ) ) ;
#4158 = LINE ( 'NONE', #8969, #2414 ) ;
#4159 = SURFACE_STYLE_USAGE ( .BOTH. , #8276 ) ;
#4160 = VECTOR ( 'NONE', #6848, 1000.000000000000000 ) ;
#4161 = CARTESIAN_POINT ( 'NONE',  ( -2.645738101628084760, -1.469999999999999973, 5.672692097650087639 ) ) ;
#4162 = VERTEX_POINT ( 'NONE', #2609 ) ;
#4163 = CARTESIAN_POINT ( 'NONE',  ( -3.399999999999940403, 0.3000000000000003775, 2.500000000000023537 ) ) ;
#4164 = PLANE ( 'NONE',  #4249 ) ;
#4165 = FACE_OUTER_BOUND ( 'NONE', #7158, .T. ) ;
#4166 = CARTESIAN_POINT ( 'NONE',  ( -2.599302177588824314, -2.800000000000000266, 5.638763119139465374 ) ) ;
#4167 = ORIENTED_EDGE ( 'NONE', *, *, #7722, .F. ) ;
#4168 = MECHANICAL_DESIGN_GEOMETRIC_PRESENTATION_REPRESENTATION (  '', ( #4317 ), #5481 ) ;
#4169 = FILL_AREA_STYLE ('',( #6086 ) ) ;
#4170 = CARTESIAN_POINT ( 'NONE',  ( 0.5413892236163126981, -1.470000000000000417, 5.730828376335295182 ) ) ;
#4171 = ORIENTED_EDGE ( 'NONE', *, *, #7203, .T. ) ;
#4172 = SURFACE_SIDE_STYLE ('',( #4312 ) ) ;
#4173 = CARTESIAN_POINT ( 'NONE',  ( -2.420911914559552347, -1.470000000000001306, 5.716329832540469447 ) ) ;
#4174 =( NAMED_UNIT ( * ) PLANE_ANGLE_UNIT ( ) SI_UNIT ( $, .RADIAN. ) );
#4175 = DIRECTION ( 'NONE',  ( -6.982962677686266711E-15, 0.000000000000000000, -1.000000000000000000 ) ) ;
#4176 = FILL_AREA_STYLE ('',( #5549 ) ) ;
#4177 = PRESENTATION_STYLE_ASSIGNMENT (( #8246 ) ) ;
#4178 = CARTESIAN_POINT ( 'NONE',  ( 2.133600348468049024, -1.469999999999999973, 5.526216268264035669 ) ) ;
#4179 = FACE_OUTER_BOUND ( 'NONE', #2142, .T. ) ;
#4180 = PRESENTATION_STYLE_ASSIGNMENT (( #1992 ) ) ;
#4181 =( NAMED_UNIT ( * ) PLANE_ANGLE_UNIT ( ) SI_UNIT ( $, .RADIAN. ) );
#4182 = PRESENTATION_STYLE_ASSIGNMENT (( #2044 ) ) ;
#4183 = STYLED_ITEM ( 'NONE', ( #4314 ), #5653 ) ;
#4184 = CARTESIAN_POINT ( 'NONE',  ( 2.253950863527919513, -2.799999999999999822, 6.404673887700690571 ) ) ;
#4185 = UNCERTAINTY_MEASURE_WITH_UNIT (LENGTH_MEASURE( 1.000000000000000082E-05 ), #5373, 'distance_accuracy_value', 'NONE');
#4186 = CARTESIAN_POINT ( 'NONE',  ( 0.6546474358974356811, -2.799999999999999822, 5.653846153846141753 ) ) ;
#4187 = VERTEX_POINT ( 'NONE', #5426 ) ;
#4188 = LINE ( 'NONE', #9054, #4252 ) ;
#4189 = ORIENTED_EDGE ( 'NONE', *, *, #8813, .T. ) ;
#4190 = VECTOR ( 'NONE', #3805, 999.9999999999998863 ) ;
#4191 = ORIENTED_EDGE ( 'NONE', *, *, #2064, .T. ) ;
#4192 = CARTESIAN_POINT ( 'NONE',  ( 2.110183031277635735, -2.799999999999998934, 5.703951860623121206 ) ) ;
#4193 = SURFACE_STYLE_USAGE ( .BOTH. , #3491 ) ;
#4194 = LINE ( 'NONE', #6979, #9024 ) ;
#4195 = VERTEX_POINT ( 'NONE', #8225 ) ;
#4196 = DIRECTION ( 'NONE',  ( -1.000000000000000000, 0.000000000000000000, 6.982962677686267499E-15 ) ) ;
#4197 = UNCERTAINTY_MEASURE_WITH_UNIT (LENGTH_MEASURE( 1.000000000000000082E-05 ), #3586, 'distance_accuracy_value', 'NONE');
#4198 =( NAMED_UNIT ( * ) SI_UNIT ( $, .STERADIAN. ) SOLID_ANGLE_UNIT ( ) );
#4199 = ADVANCED_FACE ( 'NONE', ( #591 ), #8272, .T. ) ;
#4200 = DIRECTION ( 'NONE',  ( 6.982962677686266711E-15, 0.000000000000000000, 1.000000000000000000 ) ) ;
#4201 = EDGE_CURVE ( 'NONE', #7899, #4211, #8455, .T. ) ;
#4202 = ADVANCED_FACE ( 'NONE', ( #2143, #1514 ), #7116, .F. ) ;
#4203 = CARTESIAN_POINT ( 'NONE',  ( -2.550503021297243045, -2.799999999999999378, 5.628407150266144576 ) ) ;
#4204 = CARTESIAN_POINT ( 'NONE',  ( 1.179487179487178850, -1.469999999999999973, 5.499999999999988454 ) ) ;
#4205 = ORIENTED_EDGE ( 'NONE', *, *, #2036, .F. ) ;
#4206 = DIRECTION ( 'NONE',  ( -1.000000000000000000, 0.000000000000000000, -0.000000000000000000 ) ) ;
#4207 = CARTESIAN_POINT ( 'NONE',  ( -2.016626602564103088, -1.469999999999999973, 5.358974358974347929 ) ) ;
#4208 = DIRECTION ( 'NONE',  ( 0.000000000000000000, 0.000000000000000000, -1.000000000000000000 ) ) ;
#4209 = DIRECTION ( 'NONE',  ( -0.000000000000000000, -1.000000000000000000, -0.000000000000000000 ) ) ;
#4210 = CARTESIAN_POINT ( 'NONE',  ( -2.705128205128205288, -2.799999999999999378, 5.879206730769219291 ) ) ;
#4211 = VERTEX_POINT ( 'NONE', #89 ) ;
#4212 = PRESENTATION_LAYER_ASSIGNMENT (  '', '', ( #4646 ) ) ;
#4213 = EDGE_CURVE ( 'NONE', #7144, #1322, #5705, .T. ) ;
#4214 = DIRECTION ( 'NONE',  ( 0.000000000000000000, 0.000000000000000000, -1.000000000000000000 ) ) ;
#4215 = ORIENTED_EDGE ( 'NONE', *, *, #5681, .F. ) ;
#4216 = AXIS2_PLACEMENT_3D ( 'NONE', #1443, #2158, #7785 ) ;
#4217 = AXIS2_PLACEMENT_3D ( 'NONE', #5197, #6572, #1046 ) ;
#4218 =( NAMED_UNIT ( * ) PLANE_ANGLE_UNIT ( ) SI_UNIT ( $, .RADIAN. ) );
#4219 = PLANE ( 'NONE',  #7583 ) ;
#4220 = DIRECTION ( 'NONE',  ( -0.000000000000000000, -1.000000000000000000, -0.000000000000000000 ) ) ;
#4221 = VECTOR ( 'NONE', #7956, 1000.000000000000000 ) ;
#4222 = ORIENTED_EDGE ( 'NONE', *, *, #2098, .T. ) ;
#4223 = SURFACE_STYLE_FILL_AREA ( #5635 ) ;
#4224 = CLOSED_SHELL ( 'NONE', ( #3979, #8273, #7091, #4018, #8111, #9079, #4666, #7928, #6477, #744, #639, #1461, #7649, #6041, #7881, #918, #354, #1581 ) ) ;
#4225 = CARTESIAN_POINT ( 'NONE',  ( -2.597785409453003957, -2.799999999999999822, 6.095045575499132617 ) ) ;
#4226 = CARTESIAN_POINT ( 'NONE',  ( 0.8644794229449841438, -1.470000000000000862, 5.553095436667640605 ) ) ;
#4227 = CARTESIAN_POINT ( 'NONE',  ( -0.8999999999999885869, 0.9259144981615097247, 1.649821433126622550 ) ) ;
#4228 = COLOUR_RGB ( '',0.1019607843137254888, 0.1019607843137254888, 0.1019607843137254888 ) ;
#4229 = CARTESIAN_POINT ( 'NONE',  ( 2.384132587970196556E-14, 1.000000000000000444, 3.414213562373148214 ) ) ;
#4230 = DIRECTION ( 'NONE',  ( 0.000000000000000000, 0.000000000000000000, -1.000000000000000000 ) ) ;
#4231 =( NAMED_UNIT ( * ) PLANE_ANGLE_UNIT ( ) SI_UNIT ( $, .RADIAN. ) );
#4232 = LINE ( 'NONE', #2085, #5561 ) ;
#4233 = FACE_OUTER_BOUND ( 'NONE', #5935, .T. ) ;
#4234 = LINE ( 'NONE', #8356, #4814 ) ;
#4235 = EDGE_CURVE ( 'NONE', #4156, #9104, #8414, .T. ) ;
#4236 =( GEOMETRIC_REPRESENTATION_CONTEXT ( 3 ) GLOBAL_UNCERTAINTY_ASSIGNED_CONTEXT ( ( #2575 ) ) GLOBAL_UNIT_ASSIGNED_CONTEXT ( ( #1670, #6600, #5091 ) ) REPRESENTATION_CONTEXT ( 'NONE', 'WORKASPACE' ) );
#4237 = ADVANCED_FACE ( 'NONE', ( #7771 ), #8580, .F. ) ;
#4238 = ORIENTED_EDGE ( 'NONE', *, *, #7929, .T. ) ;
#4239 = ORIENTED_EDGE ( 'NONE', *, *, #2714, .T. ) ;
#4240 =( GEOMETRIC_REPRESENTATION_CONTEXT ( 3 ) GLOBAL_UNCERTAINTY_ASSIGNED_CONTEXT ( ( #5287 ) ) GLOBAL_UNIT_ASSIGNED_CONTEXT ( ( #2434, #2258, #8575 ) ) REPRESENTATION_CONTEXT ( 'NONE', 'WORKASPACE' ) );
#4241 = CARTESIAN_POINT ( 'NONE',  ( -2.089743589743590313, -2.799999999999999822, 5.367988782051270391 ) ) ;
#4242 = ORIENTED_EDGE ( 'NONE', *, *, #2596, .F. ) ;
#4243 = EDGE_CURVE ( 'NONE', #1686, #6922, #7073, .T. ) ;
#4244 =( LENGTH_UNIT ( ) NAMED_UNIT ( * ) SI_UNIT ( .MILLI., .METRE. ) );
#4245 = DIRECTION ( 'NONE',  ( -1.000000000000000000, 0.000000000000000000, 6.982962677686266711E-15 ) ) ;
#4246 = ORIENTED_EDGE ( 'NONE', *, *, #3629, .F. ) ;
#4247 =( NAMED_UNIT ( * ) PLANE_ANGLE_UNIT ( ) SI_UNIT ( $, .RADIAN. ) );
#4248 = VECTOR ( 'NONE', #3269, 1000.000000000000000 ) ;
#4249 = AXIS2_PLACEMENT_3D ( 'NONE', #8923, #2615, #648 ) ;
#4250 = CARTESIAN_POINT ( 'NONE',  ( 2.041284315157611662, -2.800000000000000266, 5.505363130052058906 ) ) ;
#4251 = CARTESIAN_POINT ( 'NONE',  ( 2.371793318603844458, -2.800000000000000266, 5.793186951676477570 ) ) ;
#4252 = VECTOR ( 'NONE', #8953, 1000.000000000000000 ) ;
#4253 = ORIENTED_EDGE ( 'NONE', *, *, #3847, .T. ) ;
#4254 = VECTOR ( 'NONE', #4200, 1000.000000000000000 ) ;
#4255 = LINE ( 'NONE', #7729, #3164 ) ;
#4256 = ADVANCED_FACE ( 'NONE', ( #2924 ), #8827, .T. ) ;
#4257 = ORIENTED_EDGE ( 'NONE', *, *, #3008, .F. ) ;
#4258 = SURFACE_SIDE_STYLE ('',( #6310 ) ) ;
#4259 = CARTESIAN_POINT ( 'NONE',  ( 2.202344656421405755, -1.469999999999999973, 6.079033404500743920 ) ) ;
#4260 = ORIENTED_EDGE ( 'NONE', *, *, #7039, .F. ) ;
#4261 = CARTESIAN_POINT ( 'NONE',  ( 2.133600348468049024, -1.469999999999999973, 5.526216268264035669 ) ) ;
#4262 = CARTESIAN_POINT ( 'NONE',  ( -2.549886333561568019, -1.470000000000000417, 5.493845877772987940 ) ) ;
#4263 = LINE ( 'NONE', #733, #8237 ) ;
#4264 = ORIENTED_EDGE ( 'NONE', *, *, #3567, .F. ) ;
#4265 = CARTESIAN_POINT ( 'NONE',  ( 2.756410256410256387, -2.799999999999999822, 5.692307692307680966 ) ) ;
#4266 = FILL_AREA_STYLE ('',( #8380 ) ) ;
#4267 = SURFACE_SIDE_STYLE ('',( #2033 ) ) ;
#4268 = EDGE_CURVE ( 'NONE', #3722, #4187, #3103, .T. ) ;
#4269 = SURFACE_STYLE_USAGE ( .BOTH. , #7659 ) ;
#4270 = PRESENTATION_STYLE_ASSIGNMENT (( #7006 ) ) ;
#4271 = CARTESIAN_POINT ( 'NONE',  ( -2.680936383300270176, -2.799999999999998490, 6.015950184519959443 ) ) ;
#4272 = CARTESIAN_POINT ( 'NONE',  ( 3.400000000010853896, -0.2999999999999999334, 4.499999999999976019 ) ) ;
#4273 = CARTESIAN_POINT ( 'NONE',  ( 2.564102564102564319, -1.469999999999999973, 5.499999999999988454 ) ) ;
#4274 = FILL_AREA_STYLE ('',( #151 ) ) ;
#4275 = CARTESIAN_POINT ( 'NONE',  ( -0.6885016025641029769, -1.469999999999999973, 5.897435897435885366 ) ) ;
#4276 = CARTESIAN_POINT ( 'NONE',  ( 1.187103655206665341E-13, -2.799999999999999822, 17.00000000000000000 ) ) ;
#4277 = FILL_AREA_STYLE ('',( #7099 ) ) ;
#4278 = CARTESIAN_POINT ( 'NONE',  ( -1.886114828302981827, -2.799999999999999378, 5.490130587549082897 ) ) ;
#4279 = CARTESIAN_POINT ( 'NONE',  ( -2.027111147026576354, -1.469999999999998641, 5.219186719488965842 ) ) ;
#4280 = UNCERTAINTY_MEASURE_WITH_UNIT (LENGTH_MEASURE( 1.000000000000000082E-05 ), #5693, 'distance_accuracy_value', 'NONE');
#4281 = PRESENTATION_STYLE_ASSIGNMENT (( #2132 ) ) ;
#4282 = ORIENTED_EDGE ( 'NONE', *, *, #757, .T. ) ;
#4283 = CARTESIAN_POINT ( 'NONE',  ( -3.999999999999948042, -1.499999999999999778, 7.400000000000027001 ) ) ;
#4284 = LINE ( 'NONE', #1544, #2118 ) ;
#4285 = LINE ( 'NONE', #680, #5043 ) ;
#4286 = COLOUR_RGB ( '',0.8980392156862745390, 0.8980392156862745390, 0.8980392156862745390 ) ;
#4287 = ORIENTED_EDGE ( 'NONE', *, *, #6769, .F. ) ;
#4288 = DIRECTION ( 'NONE',  ( 0.000000000000000000, 1.000000000000000000, -0.000000000000000000 ) ) ;
#4289 = UNCERTAINTY_MEASURE_WITH_UNIT (LENGTH_MEASURE( 1.000000000000000082E-05 ), #7713, 'distance_accuracy_value', 'NONE');
#4290 = B_SPLINE_CURVE_WITH_KNOTS ( 'NONE', 3,
 ( #5906, #4536, #6580, #8693, #8561, #6453, #2244, #5204, #5247, #320, #2993, #4444, #234, #275, #7218, #3078, #1693, #4408, #5770 ),
 .UNSPECIFIED., .F., .F.,
 ( 4, 1, 1, 1, 1, 1, 1, 1, 1, 1, 1, 1, 1, 1, 1, 1, 4 ),
 ( 0.000000000000000000, 0.04897265934825970057, 0.09603727320063132344, 0.1432597089555472658, 0.1913961402051193028, 0.2397088959690647225, 0.2898101749422433704, 0.3428344695245079121, 0.3983538538531715689, 0.4571281345811363805, 0.5195371138797496569, 0.5857795853228681127, 0.6577911338564139676, 0.7342609679866898276, 0.8165165377632017663, 0.9054336617226187434, 1.000000000000000000 ),
 .UNSPECIFIED. ) ;
#4291 = CARTESIAN_POINT ( 'NONE',  ( 2.366987179487179294, -1.469999999999999973, 5.777644230769219291 ) ) ;
#4292 = COLOUR_RGB ( '',0.8980392156862745390, 0.8980392156862745390, 0.8980392156862745390 ) ;
#4293 = ORIENTED_EDGE ( 'NONE', *, *, #6789, .T. ) ;
#4294 = SURFACE_STYLE_FILL_AREA ( #170 ) ;
#4295 = DIRECTION ( 'NONE',  ( 0.7071067811865524577, 0.000000000000000000, 0.7071067811865426878 ) ) ;
#4296 = ORIENTED_EDGE ( 'NONE', *, *, #1446, .T. ) ;
#4297 = PLANE ( 'NONE',  #903 ) ;
#4298 = AXIS2_PLACEMENT_3D ( 'NONE', #2283, #7791, #2907 ) ;
#4299 = CARTESIAN_POINT ( 'NONE',  ( 0.3998064119479748380, 2.419238815542539278, 1.005025253169408606 ) ) ;
#4300 = CARTESIAN_POINT ( 'NONE',  ( 2.100000000000031175, -0.2999999999999999334, 4.499999999999984901 ) ) ;
#4301 =( GEOMETRIC_REPRESENTATION_CONTEXT ( 3 ) GLOBAL_UNCERTAINTY_ASSIGNED_CONTEXT ( ( #7599 ) ) GLOBAL_UNIT_ASSIGNED_CONTEXT ( ( #2232, #700, #6398 ) ) REPRESENTATION_CONTEXT ( 'NONE', 'WORKASPACE' ) );
#4302 = VERTEX_POINT ( 'NONE', #2349 ) ;
#4303 = EDGE_CURVE ( 'NONE', #629, #2304, #5321, .T. ) ;
#4304 = MECHANICAL_DESIGN_GEOMETRIC_PRESENTATION_REPRESENTATION (  '', ( #3559 ), #301 ) ;
#4305 = PLANE ( 'NONE',  #5295 ) ;
#4306 = EDGE_LOOP ( 'NONE', ( #701, #1810, #5017, #2227, #6738, #3244, #5317, #1473 ) ) ;
#4307 = CARTESIAN_POINT ( 'NONE',  ( 5.167392381487837366E-14, -2.799999999999999822, 7.400000000000000355 ) ) ;
#4308 = DIRECTION ( 'NONE',  ( 6.982962677686266711E-15, 0.000000000000000000, 1.000000000000000000 ) ) ;
#4309 =( GEOMETRIC_REPRESENTATION_CONTEXT ( 3 ) GLOBAL_UNCERTAINTY_ASSIGNED_CONTEXT ( ( #1579 ) ) GLOBAL_UNIT_ASSIGNED_CONTEXT ( ( #5170, #1703, #4639 ) ) REPRESENTATION_CONTEXT ( 'NONE', 'WORKASPACE' ) );
#4310 = CARTESIAN_POINT ( 'NONE',  ( -2.549886333561568019, -2.800000000000000711, 5.493845877772987940 ) ) ;
#4311 = DIRECTION ( 'NONE',  ( 0.000000000000000000, 1.000000000000000000, -1.734723475976804886E-14 ) ) ;
#4312 = SURFACE_STYLE_FILL_AREA ( #7044 ) ;
#4313 = EDGE_CURVE ( 'NONE', #5984, #4195, #4465, .T. ) ;
#4314 = PRESENTATION_STYLE_ASSIGNMENT (( #1486 ) ) ;
#4315 = CARTESIAN_POINT ( 'NONE',  ( 0.6422275641025636528, -2.799999999999999378, 5.487179487179475679 ) ) ;
#4316 = ADVANCED_FACE ( 'NONE', ( #5840 ), #3897, .T. ) ;
#4317 = STYLED_ITEM ( 'NONE', ( #4426 ), #6012 ) ;
#4318 = FACE_OUTER_BOUND ( 'NONE', #6386, .T. ) ;
#4319 = LINE ( 'NONE', #2125, #312 ) ;
#4320 = DIRECTION ( 'NONE',  ( 4.937700262164533054E-15, 0.7071067811865473507, 0.7071067811865477948 ) ) ;
#4321 = EDGE_CURVE ( 'NONE', #349, #7238, #210, .T. ) ;
#4322 = CARTESIAN_POINT ( 'NONE',  ( 0.5112392351339837271, -2.800000000000000711, 5.507830830974460135 ) ) ;
#4323 = DIRECTION ( 'NONE',  ( -6.982962677686266711E-15, 0.000000000000000000, -1.000000000000000000 ) ) ;
#4324 = ADVANCED_FACE ( 'NONE', ( #5130 ), #8167, .T. ) ;
#4325 =( NAMED_UNIT ( * ) SI_UNIT ( $, .STERADIAN. ) SOLID_ANGLE_UNIT ( ) );
#4326 = DIRECTION ( 'NONE',  ( 1.000000000000000000, -0.000000000000000000, -6.982962677686266711E-15 ) ) ;
#4327 =( GEOMETRIC_REPRESENTATION_CONTEXT ( 3 ) GLOBAL_UNCERTAINTY_ASSIGNED_CONTEXT ( ( #4450 ) ) GLOBAL_UNIT_ASSIGNED_CONTEXT ( ( #851, #4247, #7720 ) ) REPRESENTATION_CONTEXT ( 'NONE', 'WORKASPACE' ) );
#4328 = CARTESIAN_POINT ( 'NONE',  ( -2.397435897435897800, -2.799999999999999822, 5.860777243589732066 ) ) ;
#4329 = ORIENTED_EDGE ( 'NONE', *, *, #5442, .T. ) ;
#4330 = ORIENTED_EDGE ( 'NONE', *, *, #6105, .T. ) ;
#4331 = ADVANCED_FACE ( 'NONE', ( #2753 ), #1959, .F. ) ;
#4332 = SURFACE_STYLE_FILL_AREA ( #7760 ) ;
#4333 = VECTOR ( 'NONE', #8433, 1000.000000000000000 ) ;
#4334 = COLOUR_RGB ( '',0.8980392156862745390, 0.8980392156862745390, 0.8980392156862745390 ) ;
#4335 = CARTESIAN_POINT ( 'NONE',  ( 3.300000000010853807, 0.3000000000000003775, 4.499999999999976019 ) ) ;
#4336 = DIRECTION ( 'NONE',  ( -0.09156771056279909560, 0.000000000000000000, 0.9957988523704410788 ) ) ;
#4337 =( GEOMETRIC_REPRESENTATION_CONTEXT ( 3 ) GLOBAL_UNCERTAINTY_ASSIGNED_CONTEXT ( ( #7755 ) ) GLOBAL_UNIT_ASSIGNED_CONTEXT ( ( #7191, #4505, #3855 ) ) REPRESENTATION_CONTEXT ( 'NONE', 'WORKASPACE' ) );
#4338 = ORIENTED_EDGE ( 'NONE', *, *, #8039, .T. ) ;
#4339 =( NAMED_UNIT ( * ) PLANE_ANGLE_UNIT ( ) SI_UNIT ( $, .RADIAN. ) );
#4340 = PRESENTATION_LAYER_ASSIGNMENT (  '', '', ( #780 ) ) ;
#4341 = CARTESIAN_POINT ( 'NONE',  ( -2.544070512820513219, -1.469999999999999973, 5.628205128205116203 ) ) ;
#4342 = EDGE_LOOP ( 'NONE', ( #2804, #1979, #6878, #5412 ) ) ;
#4343 = VECTOR ( 'NONE', #430, 1000.000000000000000 ) ;
#4344 = ORIENTED_EDGE ( 'NONE', *, *, #2140, .T. ) ;
#4345 = CARTESIAN_POINT ( 'NONE',  ( 1.179487179487178850, -2.799999999999999822, 5.499999999999988454 ) ) ;
#4346 = ORIENTED_EDGE ( 'NONE', *, *, #936, .F. ) ;
#4347 = SURFACE_SIDE_STYLE ('',( #4388 ) ) ;
#4348 = VERTEX_POINT ( 'NONE', #9013 ) ;
#4349 = EDGE_CURVE ( 'NONE', #2001, #3350, #3053, .T. ) ;
#4350 = STYLED_ITEM ( 'NONE', ( #3852 ), #5189 ) ;
#4351 = CARTESIAN_POINT ( 'NONE',  ( -2.599302177588824314, -1.470000000000000417, 5.638763119139465374 ) ) ;
#4352 = EDGE_LOOP ( 'NONE', ( #2696, #6361, #6416, #1679 ) ) ;
#4353 =( NAMED_UNIT ( * ) SI_UNIT ( $, .STERADIAN. ) SOLID_ANGLE_UNIT ( ) );
#4354 = CARTESIAN_POINT ( 'NONE',  ( 0.7663454993024226836, -1.470000000000000417, 5.717598152511132348 ) ) ;
#4355 = CARTESIAN_POINT ( 'NONE',  ( -2.549886333561568019, -1.470000000000000417, 5.493845877772987940 ) ) ;
#4356 = CARTESIAN_POINT ( 'NONE',  ( -0.7999999999999855005, 1.350178566873438069, 2.074085501838550449 ) ) ;
#4357 = CARTESIAN_POINT ( 'NONE',  ( 2.039134411902586042, -1.469999999999999973, 5.675522465614528222 ) ) ;
#4358 = FILL_AREA_STYLE ('',( #148 ) ) ;
#4359 = CARTESIAN_POINT ( 'NONE',  ( -2.694495815203648004, -1.470000000000001306, 5.977254305912778065 ) ) ;
#4360 = EDGE_CURVE ( 'NONE', #3986, #2893, #3996, .T. ) ;
#4361 = FILL_AREA_STYLE_COLOUR ( '', #4555 ) ;
#4362 = LINE ( 'NONE', #8475, #7199 ) ;
#4363 = B_SPLINE_CURVE_WITH_KNOTS ( 'NONE', 3,
 ( #6136, #8985, #7358, #1937, #3221, #6005, #5349, #1060, #1885, #370, #6819 ),
 .UNSPECIFIED., .F., .F.,
 ( 4, 1, 1, 1, 1, 1, 1, 1, 4 ),
 ( 0.000000000000000000, 0.09989123307153004172, 0.2073190855916391406, 0.3208499521725998727, 0.4423161564938711265, 0.5701691198816086770, 0.7054217223663062919, 0.8494105530036917262, 1.000000000000000000 ),
 .UNSPECIFIED. ) ;
#4364 = CARTESIAN_POINT ( 'NONE',  ( 1.600000000000009193, -0.2999999999999999334, 1.400000000009657519 ) ) ;
#4365 = FACE_OUTER_BOUND ( 'NONE', #6810, .T. ) ;
#4366 = LINE ( 'NONE', #152, #3756 ) ;
#4367 = CARTESIAN_POINT ( 'NONE',  ( 0.3336207659419238580, -2.799999999999999378, 5.807282712181268458 ) ) ;
#4368 = ADVANCED_FACE ( 'NONE', ( #7526 ), #1231, .T. ) ;
#4369 = ADVANCED_FACE ( 'NONE', ( #8363 ), #3587, .F. ) ;
#4370 = DIRECTION ( 'NONE',  ( 1.000000000000000000, -0.000000000000000000, -6.982962677686267499E-15 ) ) ;
#4371 = VECTOR ( 'NONE', #7090, 1000.000000000000000 ) ;
#4372 = CARTESIAN_POINT ( 'NONE',  ( -2.581638013853498226, -2.800000000000000266, 5.632840499356188246 ) ) ;
#4373 = PRESENTATION_STYLE_ASSIGNMENT (( #5036 ) ) ;
#4374 =( NAMED_UNIT ( * ) SI_UNIT ( $, .STERADIAN. ) SOLID_ANGLE_UNIT ( ) );
#4375 = VERTEX_POINT ( 'NONE', #41 ) ;
#4376 = SURFACE_STYLE_USAGE ( .BOTH. , #6344 ) ;
#4377 = ADVANCED_FACE ( 'NONE', ( #9106 ), #7680, .F. ) ;
#4378 = VECTOR ( 'NONE', #7187, 1000.000000000000000 ) ;
#4379 = CARTESIAN_POINT ( 'NONE',  ( -4.999999999999940492, 0.3000000000000003775, 2.500000000000034639 ) ) ;
#4380 = ORIENTED_EDGE ( 'NONE', *, *, #1379, .F. ) ;
#4381 = CARTESIAN_POINT ( 'NONE',  ( -3.399999999999948397, 0.3000000000000003775, 1.400000000009692380 ) ) ;
#4382 = CIRCLE ( 'NONE', #696, 1.799999999999999600 ) ;
#4383 = VERTEX_POINT ( 'NONE', #2795 ) ;
#4384 = CARTESIAN_POINT ( 'NONE',  ( 2.100000000000003197, 0.3000000000000003775, 0.4999999999999849565 ) ) ;
#4385 = ORIENTED_EDGE ( 'NONE', *, *, #563, .T. ) ;
#4386 = COLOUR_RGB ( '',0.8980392156862745390, 0.8980392156862745390, 0.8980392156862745390 ) ;
#4387 = PLANE ( 'NONE',  #1136 ) ;
#4388 = SURFACE_STYLE_FILL_AREA ( #1556 ) ;
#4389 = ORIENTED_EDGE ( 'NONE', *, *, #6758, .F. ) ;
#4390 = VECTOR ( 'NONE', #3973, 1000.000000000000000 ) ;
#4391 = COLOUR_RGB ( '',0.8980392156862745390, 0.8980392156862745390, 0.8980392156862745390 ) ;
#4392 = CARTESIAN_POINT ( 'NONE',  ( -0.4567307692307696065, -1.469999999999999973, 6.499999999999988454 ) ) ;
#4393 = PRESENTATION_LAYER_ASSIGNMENT (  '', '', ( #8642 ) ) ;
#4394 = STYLED_ITEM ( 'NONE', ( #8589 ), #2376 ) ;
#4395 = CARTESIAN_POINT ( 'NONE',  ( -2.399718577816714049, -1.469999999999999529, 5.919816133737066721 ) ) ;
#4396 = EDGE_LOOP ( 'NONE', ( #7651, #4380, #860, #3807 ) ) ;
#4397 = SURFACE_STYLE_FILL_AREA ( #8595 ) ;
#4398 = DIRECTION ( 'NONE',  ( 1.000000000000000000, -7.278605951727475536E-13, 0.000000000000000000 ) ) ;
#4399 = CARTESIAN_POINT ( 'NONE',  ( 0.9743589743589740060, -1.469999999999999973, 5.869591346153834266 ) ) ;
#4400 = EDGE_CURVE ( 'NONE', #4933, #9028, #4194, .T. ) ;
#4401 = EDGE_CURVE ( 'NONE', #1270, #3315, #4285, .T. ) ;
#4402 = STYLED_ITEM ( 'NONE', ( #775 ), #7430 ) ;
#4403 = CARTESIAN_POINT ( 'NONE',  ( 1.935564489138411615, -1.469999999999999529, 5.666832426100840259 ) ) ;
#4404 = SURFACE_STYLE_FILL_AREA ( #8384 ) ;
#4405 = CARTESIAN_POINT ( 'NONE',  ( -1.699999999999967981, -0.2999999999999999334, 4.600000000000012079 ) ) ;
#4406 = PLANE ( 'NONE',  #7639 ) ;
#4407 = FILL_AREA_STYLE_COLOUR ( '', #2947 ) ;
#4408 = CARTESIAN_POINT ( 'NONE',  ( -2.397532426435922570, -2.800000000000000711, 5.851092063285177503 ) ) ;
#4409 = CARTESIAN_POINT ( 'NONE',  ( -2.407562540584116562, -1.469999999999999529, 5.756758879367302129 ) ) ;
#4410 = FACE_OUTER_BOUND ( 'NONE', #705, .T. ) ;
#4411 = ADVANCED_FACE ( 'NONE', ( #5656 ), #2136, .F. ) ;
#4412 = LINE ( 'NONE', #2421, #4952 ) ;
#4413 = FACE_OUTER_BOUND ( 'NONE', #3456, .T. ) ;
#4414 = ORIENTED_EDGE ( 'NONE', *, *, #4733, .F. ) ;
#4415 = EDGE_CURVE ( 'NONE', #7492, #3025, #976, .T. ) ;
#4416 = LINE ( 'NONE', #1020, #5444 ) ;
#4417 = CARTESIAN_POINT ( 'NONE',  ( -1.599999999989125010, 0.3000000000000003775, 1.399999999994361533 ) ) ;
#4418 = DIRECTION ( 'NONE',  ( -6.952476641199121759E-15, -0.09334070869296670625, -0.9956342260592967452 ) ) ;
#4419 = ADVANCED_FACE ( 'NONE', ( #1752 ), #3713, .T. ) ;
#4420 = EDGE_LOOP ( 'NONE', ( #3941, #6759, #100, #3235 ) ) ;
#4421 = CARTESIAN_POINT ( 'NONE',  ( 1.910129062484026141, -2.800000000000000266, 6.332861257526896104 ) ) ;
#4422 = ORIENTED_EDGE ( 'NONE', *, *, #7300, .T. ) ;
#4423 = ORIENTED_EDGE ( 'NONE', *, *, #3811, .T. ) ;
#4424 = FACE_OUTER_BOUND ( 'NONE', #850, .T. ) ;
#4425 = PRESENTATION_LAYER_ASSIGNMENT (  '', '', ( #8379 ) ) ;
#4426 = PRESENTATION_STYLE_ASSIGNMENT (( #6475 ) ) ;
#4427 = EDGE_LOOP ( 'NONE', ( #7719, #948, #4649, #8484 ) ) ;
#4428 = PRESENTATION_LAYER_ASSIGNMENT (  '', '', ( #8524 ) ) ;
#4429 = CARTESIAN_POINT ( 'NONE',  ( 2.232224149323073892, -1.469999999999999529, 5.575607786009437739 ) ) ;
#4430 = ORIENTED_EDGE ( 'NONE', *, *, #339, .T. ) ;
#4431 = CARTESIAN_POINT ( 'NONE',  ( -2.551282051282051544, -1.469999999999999973, 6.102564102564091542 ) ) ;
#4432 = ORIENTED_EDGE ( 'NONE', *, *, #3328, .F. ) ;
#4433 =( LENGTH_UNIT ( ) NAMED_UNIT ( * ) SI_UNIT ( .MILLI., .METRE. ) );
#4434 = SURFACE_STYLE_FILL_AREA ( #310 ) ;
#4435 = CARTESIAN_POINT ( 'NONE',  ( 2.067065781384140877, -1.469999999999999529, 5.682792517840594471 ) ) ;
#4436 = VECTOR ( 'NONE', #2513, 1000.000000000000000 ) ;
#4437 = CARTESIAN_POINT ( 'NONE',  ( -0.8999999999999885869, 0.9259144981615097247, 1.649821433126622550 ) ) ;
#4438 = VERTEX_POINT ( 'NONE', #3846 ) ;
#4439 = CARTESIAN_POINT ( 'NONE',  ( -3.299999999999940314, 0.3000000000000003775, 2.500000000000022649 ) ) ;
#4440 = MECHANICAL_DESIGN_GEOMETRIC_PRESENTATION_REPRESENTATION (  '', ( #2334 ), #8392 ) ;
#4441 = PRESENTATION_LAYER_ASSIGNMENT (  '', '', ( #2343 ) ) ;
#4442 = MANIFOLD_SOLID_BREP ( 'Sólido-Mover/Copiar2[3]', #1829 ) ;
#4443 = CARTESIAN_POINT ( 'NONE',  ( 1.371794871794872028, -2.799999999999999822, 5.499999999999988454 ) ) ;
#4444 = CARTESIAN_POINT ( 'NONE',  ( -2.420911914559552347, -2.800000000000001155, 5.716329832540469447 ) ) ;
#4445 = CARTESIAN_POINT ( 'NONE',  ( -2.397700204842011740, -1.470000000000000862, 5.891057412952524608 ) ) ;
#4446 = CARTESIAN_POINT ( 'NONE',  ( 3.300000000000032241, -0.2999999999999999334, 4.599999999999976552 ) ) ;
#4447 = CARTESIAN_POINT ( 'NONE',  ( 2.379298413002575607, -2.800000000000000266, 6.175756558332046176 ) ) ;
#4448 = CARTESIAN_POINT ( 'NONE',  ( 2.393045252574089954, -2.799999999999998490, 6.089131578989858795 ) ) ;
#4449 = PRESENTATION_LAYER_ASSIGNMENT (  '', '', ( #4883 ) ) ;
#4450 = UNCERTAINTY_MEASURE_WITH_UNIT (LENGTH_MEASURE( 1.000000000000000082E-05 ), #851, 'distance_accuracy_value', 'NONE');
#4451 = MECHANICAL_DESIGN_GEOMETRIC_PRESENTATION_REPRESENTATION (  '', ( #313 ), #7360 ) ;
#4452 = FILL_AREA_STYLE_COLOUR ( '', #2968 ) ;
#4453 = CARTESIAN_POINT ( 'NONE',  ( -1.848932075093348448, -2.799999999999999822, 5.241676822414200743 ) ) ;
#4454 = FACE_OUTER_BOUND ( 'NONE', #1718, .T. ) ;
#4455 = CARTESIAN_POINT ( 'NONE',  ( 2.172550588067909239, -2.799999999999998490, 6.207874434857885149 ) ) ;
#4456 = PLANE ( 'NONE',  #6913 ) ;
#4457 =( LENGTH_UNIT ( ) NAMED_UNIT ( * ) SI_UNIT ( .MILLI., .METRE. ) );
#4458 = VECTOR ( 'NONE', #7119, 1000.000000000000000 ) ;
#4459 = PLANE ( 'NONE',  #8014 ) ;
#4460 = CARTESIAN_POINT ( 'NONE',  ( 2.205128205128205288, -2.799999999999999822, 5.999599358974347041 ) ) ;
#4461 = AXIS2_PLACEMENT_3D ( 'NONE', #3425, #2626, #6280 ) ;
#4462 = STYLED_ITEM ( 'NONE', ( #3039 ), #1725 ) ;
#4463 = FACE_OUTER_BOUND ( 'NONE', #590, .T. ) ;
#4464 = EDGE_LOOP ( 'NONE', ( #8679, #8880, #6312, #1857 ) ) ;
#4465 = LINE ( 'NONE', #984, #4190 ) ;
#4466 = ORIENTED_EDGE ( 'NONE', *, *, #6524, .T. ) ;
#4467 = CARTESIAN_POINT ( 'NONE',  ( -2.251548869429211397, -1.469999999999999085, 5.642952581988510019 ) ) ;
#4468 = EDGE_CURVE ( 'NONE', #6645, #5691, #5496, .T. ) ;
#4469 = CARTESIAN_POINT ( 'NONE',  ( -2.650432185861959056, -2.800000000000000711, 6.060322912497936088 ) ) ;
#4470 = CARTESIAN_POINT ( 'NONE',  ( 2.034992110465866588, -1.469999999999999085, 6.321416666912116789 ) ) ;
#4471 = ORIENTED_EDGE ( 'NONE', *, *, #2556, .F. ) ;
#4472 = EDGE_CURVE ( 'NONE', #1160, #756, #5173, .T. ) ;
#4473 = CARTESIAN_POINT ( 'NONE',  ( -0.4262820512820515440, -1.469999999999999973, 5.897435897435885366 ) ) ;
#4474 = ORIENTED_EDGE ( 'NONE', *, *, #8951, .T. ) ;
#4475 =( GEOMETRIC_REPRESENTATION_CONTEXT ( 3 ) GLOBAL_UNCERTAINTY_ASSIGNED_CONTEXT ( ( #3167 ) ) GLOBAL_UNIT_ASSIGNED_CONTEXT ( ( #6345, #4339, #893 ) ) REPRESENTATION_CONTEXT ( 'NONE', 'WORKASPACE' ) );
#4476 = CARTESIAN_POINT ( 'NONE',  ( 0.3998064119479434186, 2.200000000000000178, -3.500000000000002220 ) ) ;
#4477 = ORIENTED_EDGE ( 'NONE', *, *, #187, .T. ) ;
#4478 = CARTESIAN_POINT ( 'NONE',  ( 0.2179487179487177573, -2.799999999999999822, 5.499999999999988454 ) ) ;
#4479 =( NAMED_UNIT ( * ) PLANE_ANGLE_UNIT ( ) SI_UNIT ( $, .RADIAN. ) );
#4480 = CARTESIAN_POINT ( 'NONE',  ( 0.9581528298275449052, -1.469999999999999973, 5.697398835204314338 ) ) ;
#4481 = DIRECTION ( 'NONE',  ( 0.000000000000000000, -1.000000000000000000, 0.000000000000000000 ) ) ;
#4482 = ORIENTED_EDGE ( 'NONE', *, *, #7146, .T. ) ;
#4483 = EDGE_CURVE ( 'NONE', #6956, #3501, #7233, .T. ) ;
#4484 =( GEOMETRIC_REPRESENTATION_CONTEXT ( 3 ) GLOBAL_UNCERTAINTY_ASSIGNED_CONTEXT ( ( #8395 ) ) GLOBAL_UNIT_ASSIGNED_CONTEXT ( ( #8854, #4694, #1811 ) ) REPRESENTATION_CONTEXT ( 'NONE', 'WORKASPACE' ) );
#4485 = B_SPLINE_CURVE_WITH_KNOTS ( 'NONE', 3,
 ( #3318, #5443, #4722, #1986, #9040, #661, #608, #4031, #4818, #2677, #5503, #1940, #8346, #512, #4772, #7507, #2627, #2081, #4075 ),
 .UNSPECIFIED., .F., .F.,
 ( 4, 1, 1, 1, 1, 1, 1, 1, 1, 1, 1, 1, 1, 1, 1, 1, 4 ),
 ( 0.000000000000000000, 0.05784581701305817336, 0.1144802121354567548, 0.1707845362422128199, 0.2268754802018122518, 0.2830964041777063733, 0.3397791094129794520, 0.3973199316120966662, 0.4561421842924868741, 0.5162163710746725531, 0.5776401294333947112, 0.6406911364161869127, 0.7062713391398731666, 0.7747755840851690001, 0.8465504769118418205, 0.9213453731495463428, 1.000000000000000000 ),
 .UNSPECIFIED. ) ;
#4486 = CARTESIAN_POINT ( 'NONE',  ( -1.628205128205128638, -2.799999999999999822, 6.230769230769219291 ) ) ;
#4487 = CARTESIAN_POINT ( 'NONE',  ( -2.705128205128205288, -1.469999999999999973, 5.879206730769219291 ) ) ;
#4488 = LINE ( 'NONE', #6535, #4729 ) ;
#4489 = CARTESIAN_POINT ( 'NONE',  ( -2.237288739943944726, -2.799999999999998934, 6.064074912831505237 ) ) ;
#4490 = PRESENTATION_LAYER_ASSIGNMENT (  '', '', ( #3291 ) ) ;
#4491 = FILL_AREA_STYLE ('',( #5159 ) ) ;
#4492 = CARTESIAN_POINT ( 'NONE',  ( -2.421160717716062116, -1.469999999999999529, 6.012706789501926607 ) ) ;
#4493 = DIRECTION ( 'NONE',  ( -6.982962677686266711E-15, 0.000000000000000000, -1.000000000000000000 ) ) ;
#4494 = CARTESIAN_POINT ( 'NONE',  ( -2.397700204842011740, -2.800000000000000711, 5.891057412952524608 ) ) ;
#4495 = CARTESIAN_POINT ( 'NONE',  ( 2.162389491888724091, -2.799999999999999378, 6.465892122308349421 ) ) ;
#4496 = CARTESIAN_POINT ( 'NONE',  ( 3.400000000010840129, 0.3000000000000003775, 2.499999999994326760 ) ) ;
#4497 = LINE ( 'NONE', #4548, #8683 ) ;
#4498 =( LENGTH_UNIT ( ) NAMED_UNIT ( * ) SI_UNIT ( .MILLI., .METRE. ) );
#4499 = CARTESIAN_POINT ( 'NONE',  ( -3.999999999999948042, -2.799999999999999822, 7.400000000000027889 ) ) ;
#4500 = CARTESIAN_POINT ( 'NONE',  ( 2.202344656421405755, -1.469999999999999973, 6.079033404500743920 ) ) ;
#4501 = EDGE_CURVE ( 'NONE', #8899, #3986, #5122, .T. ) ;
#4502 = DIRECTION ( 'NONE',  ( -6.982962677686266711E-15, 0.000000000000000000, -1.000000000000000000 ) ) ;
#4503 = CARTESIAN_POINT ( 'NONE',  ( 2.142491439231692496, -2.799999999999999822, 6.257045156998776392 ) ) ;
#4504 = EDGE_CURVE ( 'NONE', #2490, #2613, #1074, .T. ) ;
#4505 =( NAMED_UNIT ( * ) PLANE_ANGLE_UNIT ( ) SI_UNIT ( $, .RADIAN. ) );
#4506 = VERTEX_POINT ( 'NONE', #2383 ) ;
#4507 = AXIS2_PLACEMENT_3D ( 'NONE', #8468, #7784, #7127 ) ;
#4508 =( NAMED_UNIT ( * ) PLANE_ANGLE_UNIT ( ) SI_UNIT ( $, .RADIAN. ) );
#4509 = CARTESIAN_POINT ( 'NONE',  ( 1.935900842091456964, -2.799999999999999822, 6.331969737642531904 ) ) ;
#4510 = B_SPLINE_SURFACE_WITH_KNOTS ( 'NONE', 3, 1, ( 
 ( #8843, #375 ),
 ( #1019, #1748 ),
 ( #3883, #8704 ),
 ( #3933, #3840 ),
 ( #1619, #2475 ),
 ( #6634, #6731 ),
 ( #931, #5960 ),
 ( #8755, #5258 ),
 ( #3794, #3088 ),
 ( #2379, #8006 ),
 ( #8051, #6008 ),
 ( #419, #4453 ),
 ( #4595, #8801 ),
 ( #5446, #6241 ),
 ( #8887, #514 ),
 ( #5550, #1942 ),
 ( #4129, #2629 ),
 ( #8296, #8196 ),
 ( #3322, #1842 ) ),
 .UNSPECIFIED., .F., .F., .F.,
 ( 4, 1, 1, 1, 1, 1, 1, 1, 1, 1, 1, 1, 1, 1, 1, 1, 4 ),
 ( 2, 2 ),
 ( 0.000000000000000000, 0.09014934839752181128, 0.1695227897218470892, 0.2401338620078048991, 0.3006793848792050916, 0.3553246047396738105, 0.4081116043277391303, 0.4591269694094133880, 0.5096395720849418165, 0.5601590957172296603, 0.6138392952926428059, 0.6700581549261874770, 0.7300933721719619074, 0.7926273148104308053, 0.8583532488339422617, 0.9272501558694048462, 1.000000000000000000 ),
 ( 0.000000000000000000, 1.000000000000000000 ),
 .UNSPECIFIED. ) ;
#4511 = SHAPE_DEFINITION_REPRESENTATION ( #7509, #5350 ) ;
#4512 = EDGE_LOOP ( 'NONE', ( #6149, #296, #5788, #2761 ) ) ;
#4513 = CARTESIAN_POINT ( 'NONE',  ( -2.216393097617669117, -2.799999999999998934, 5.746388287972768794 ) ) ;
#4514 = CARTESIAN_POINT ( 'NONE',  ( 5.000000000000096811, -1.499999999999999778, 13.89999999999996483 ) ) ;
#4515 = VERTEX_POINT ( 'NONE', #5216 ) ;
#4516 = COLOUR_RGB ( '',0.8980392156862745390, 0.8980392156862745390, 0.8980392156862745390 ) ;
#4517 = CARTESIAN_POINT ( 'NONE',  ( -1.435897435897436125, -1.469999999999999973, 6.230769230769219291 ) ) ;
#4518 =( GEOMETRIC_REPRESENTATION_CONTEXT ( 3 ) GLOBAL_UNCERTAINTY_ASSIGNED_CONTEXT ( ( #1950 ) ) GLOBAL_UNIT_ASSIGNED_CONTEXT ( ( #2634, #1948, #8893 ) ) REPRESENTATION_CONTEXT ( 'NONE', 'WORKASPACE' ) );
#4519 = CARTESIAN_POINT ( 'NONE',  ( -4.699999999999973532, 1.700000000000000622, 3.900000000000038103 ) ) ;
#4520 = ORIENTED_EDGE ( 'NONE', *, *, #8406, .T. ) ;
#4521 = EDGE_CURVE ( 'NONE', #5800, #4156, #4553, .T. ) ;
#4522 = CARTESIAN_POINT ( 'NONE',  ( -2.429883232851596908, -1.469999999999999973, 6.030467149927694948 ) ) ;
#4523 = VERTEX_POINT ( 'NONE', #1946 ) ;
#4524 = FILL_AREA_STYLE_COLOUR ( '', #5733 ) ;
#4525 = CARTESIAN_POINT ( 'NONE',  ( 1.930889423076922684, -1.469999999999999973, 6.499999999999988454 ) ) ;
#4526 = CARTESIAN_POINT ( 'NONE',  ( 0.9741062744397790407, -1.469999999999999529, 5.840136382740065635 ) ) ;
#4527 = CARTESIAN_POINT ( 'NONE',  ( -4.999999999999961808, -2.799999999999999822, 4.700000000000033928 ) ) ;
#4528 = VECTOR ( 'NONE', #966, 1000.000000000000000 ) ;
#4529 = ORIENTED_EDGE ( 'NONE', *, *, #7333, .T. ) ;
#4530 = COLOUR_RGB ( '',0.8980392156862745390, 0.8980392156862745390, 0.8980392156862745390 ) ;
#4531 = CARTESIAN_POINT ( 'NONE',  ( -3.299999999999968736, -0.2999999999999999334, 4.500000000000023093 ) ) ;
#4532 = CARTESIAN_POINT ( 'NONE',  ( -2.688333889365277507, -1.469999999999999529, 5.997421345090050870 ) ) ;
#4533 = EDGE_CURVE ( 'NONE', #8909, #164, #4642, .T. ) ;
#4534 = CARTESIAN_POINT ( 'NONE',  ( -2.683903411397021710, -2.800000000000000266, 6.167090008248317545 ) ) ;
#4535 = CARTESIAN_POINT ( 'NONE',  ( -2.237288739943944726, -1.469999999999999973, 6.064074912831505237 ) ) ;
#4536 = CARTESIAN_POINT ( 'NONE',  ( -2.539050094155790749, -2.800000000000000711, 5.628334818890916580 ) ) ;
#4537 = CARTESIAN_POINT ( 'NONE',  ( 0.3341794466390674012, -1.469999999999999529, 5.781567445628240876 ) ) ;
#4538 = CARTESIAN_POINT ( 'NONE',  ( -0.8999999999999831468, 0.1480970388563068729, 2.427638892431824846 ) ) ;
#4539 = CARTESIAN_POINT ( 'NONE',  ( -1.832685668463548856, -2.800000000000000711, 5.249744076370997270 ) ) ;
#4540 = AXIS2_PLACEMENT_3D ( 'NONE', #3399, #2012, #7643 ) ;
#4541 = VERTEX_POINT ( 'NONE', #5409 ) ;
#4542 = CARTESIAN_POINT ( 'NONE',  ( -2.440227632871590835, -2.799999999999999822, 6.045828655970503895 ) ) ;
#4543 = CARTESIAN_POINT ( 'NONE',  ( 2.141564441293199117, -2.799999999999999822, 6.474004039469430261 ) ) ;
#4544 = CARTESIAN_POINT ( 'NONE',  ( 1.756410256410256165, -1.469999999999999973, 5.666666666666654528 ) ) ;
#4545 = DIRECTION ( 'NONE',  ( 1.000000000000000000, 0.000000000000000000, -0.000000000000000000 ) ) ;
#4546 = PRODUCT_DEFINITION_CONTEXT ( 'detailed design', #2895, 'design' ) ;
#4547 = CARTESIAN_POINT ( 'NONE',  ( 0.9741062744397790407, -2.799999999999999378, 5.840136382740065635 ) ) ;
#4548 = CARTESIAN_POINT ( 'NONE',  ( 0.3333333333333330373, -1.469999999999999973, 5.820512820512808716 ) ) ;
#4549 = CARTESIAN_POINT ( 'NONE',  ( -2.897435897435897800, -1.469999999999999973, 5.499999999999988454 ) ) ;
#4550 = CARTESIAN_POINT ( 'NONE',  ( -0.8999999999999801492, 0.5723611075682351057, 2.851902961143753412 ) ) ;
#4551 = CARTESIAN_POINT ( 'NONE',  ( 2.079713370053583255, -2.799999999999998046, 6.306422843464059902 ) ) ;
#4552 = CARTESIAN_POINT ( 'NONE',  ( 1.935900842091456964, -2.799999999999999822, 6.331969737642531904 ) ) ;
#4553 = LINE ( 'NONE', #1124, #7095 ) ;
#4554 = LINE ( 'NONE', #4417, #4378 ) ;
#4555 = COLOUR_RGB ( '',0.1019607843137254888, 0.1019607843137254888, 0.1019607843137254888 ) ;
#4556 = FILL_AREA_STYLE ('',( #3757 ) ) ;
#4557 = CARTESIAN_POINT ( 'NONE',  ( -1.699999999989638466, 0.3000000000000003775, 4.500000000000011546 ) ) ;
#4558 = ORIENTED_EDGE ( 'NONE', *, *, #291, .F. ) ;
#4559 = PRESENTATION_STYLE_ASSIGNMENT (( #3896 ) ) ;
#4560 = CARTESIAN_POINT ( 'NONE',  ( 1.997100030596193898, -1.469999999999999085, 6.328152935689876912 ) ) ;
#4561 = ORIENTED_EDGE ( 'NONE', *, *, #2688, .F. ) ;
#4562 = PRESENTATION_STYLE_ASSIGNMENT (( #8021 ) ) ;
#4563 = UNCERTAINTY_MEASURE_WITH_UNIT (LENGTH_MEASURE( 1.000000000000000082E-05 ), #4498, 'distance_accuracy_value', 'NONE');
#4564 = CARTESIAN_POINT ( 'NONE',  ( -2.705128205128205288, -2.799999999999999822, 5.499999999999988454 ) ) ;
#4565 = VERTEX_POINT ( 'NONE', #1216 ) ;
#4566 = MECHANICAL_DESIGN_GEOMETRIC_PRESENTATION_REPRESENTATION (  '', ( #6596 ), #7918 ) ;
#4567 = FILL_AREA_STYLE ('',( #2396 ) ) ;
#4568 = PRESENTATION_STYLE_ASSIGNMENT (( #5230 ) ) ;
#4569 = ORIENTED_EDGE ( 'NONE', *, *, #1261, .F. ) ;
#4570 = DIRECTION ( 'NONE',  ( -6.982962677686266711E-15, 0.000000000000000000, -1.000000000000000000 ) ) ;
#4571 = ORIENTED_EDGE ( 'NONE', *, *, #7278, .F. ) ;
#4572 = DIRECTION ( 'NONE',  ( 0.000000000000000000, 0.000000000000000000, 1.000000000000000000 ) ) ;
#4573 = CARTESIAN_POINT ( 'NONE',  ( -0.7999999999999689582, 0.3000000000000003775, 4.500000000000004441 ) ) ;
#4574 = LINE ( 'NONE', #8640, #4648 ) ;
#4575 = VECTOR ( 'NONE', #3404, 1000.000000000000114 ) ;
#4576 = CARTESIAN_POINT ( 'NONE',  ( -2.705008830190357649, -1.469999999999999973, 5.869788752470309845 ) ) ;
#4577 = ORIENTED_EDGE ( 'NONE', *, *, #5078, .F. ) ;
#4578 = CARTESIAN_POINT ( 'NONE',  ( 4.000000000000052403, -2.799999999999999822, 7.399999999999972822 ) ) ;
#4579 = CARTESIAN_POINT ( 'NONE',  ( 2.266106048611373325, -2.799999999999999378, 5.606763761436009297 ) ) ;
#4580 = MECHANICAL_DESIGN_GEOMETRIC_PRESENTATION_REPRESENTATION (  '', ( #1756 ), #6185 ) ;
#4581 = STYLED_ITEM ( 'NONE', ( #3956 ), #8273 ) ;
#4582 = PLANE ( 'NONE',  #2957 ) ;
#4583 = CARTESIAN_POINT ( 'NONE',  ( -2.463302509958180231, -2.800000000000001155, 6.070855666500170500 ) ) ;
#4584 = PLANE ( 'NONE',  #5637 ) ;
#4585 = VERTEX_POINT ( 'NONE', #4728 ) ;
#4586 = PRESENTATION_STYLE_ASSIGNMENT (( #6727 ) ) ;
#4587 = PRESENTATION_LAYER_ASSIGNMENT (  '', '', ( #2334 ) ) ;
#4588 = FILL_AREA_STYLE_COLOUR ( '', #1217 ) ;
#4589 = CIRCLE ( 'NONE', #3237, 1.799999999999999600 ) ;
#4590 = DIRECTION ( 'NONE',  ( 1.000000000000000000, 0.000000000000000000, -6.982962677686266711E-15 ) ) ;
#4591 = CARTESIAN_POINT ( 'NONE',  ( 0.9743589743589740060, -2.799999999999999822, 5.869591346153834266 ) ) ;
#4592 = B_SPLINE_SURFACE_WITH_KNOTS ( 'NONE', 3, 1, ( 
 ( #5773, #7179 ),
 ( #838, #2954 ),
 ( #5821, #6542 ),
 ( #7221, #2209 ),
 ( #7263, #2331 ),
 ( #8696, #8565 ),
 ( #5032, #6456 ),
 ( #881, #2372 ),
 ( #155, #7838 ),
 ( #3700, #5207 ),
 ( #6625, #3831 ) ),
 .UNSPECIFIED., .F., .F., .F.,
 ( 4, 1, 1, 1, 1, 1, 1, 1, 4 ),
 ( 2, 2 ),
 ( 0.000000000000000000, 0.1363605765562406757, 0.2682425272755328272, 0.3968880754975246949, 0.5226633583095595670, 0.6451504626695785394, 0.7648322926185533444, 0.8829612383103141449, 1.000000000000000000 ),
 ( 0.000000000000000000, 1.000000000000000000 ),
 .UNSPECIFIED. ) ;
#4593 = ADVANCED_FACE ( 'NONE', ( #7467 ), #7515, .T. ) ;
#4594 = EDGE_CURVE ( 'NONE', #2534, #5576, #6829, .T. ) ;
#4595 = CARTESIAN_POINT ( 'NONE',  ( -1.866680377425246062, -1.469999999999999973, 5.234315068862780862 ) ) ;
#4596 = CARTESIAN_POINT ( 'NONE',  ( -3.999999999999902744, -1.500000000000000000, 13.90000000000002700 ) ) ;
#4597 = CYLINDRICAL_SURFACE ( 'NONE', #163, 1.799999999999999600 ) ;
#4598 = CARTESIAN_POINT ( 'NONE',  ( 2.025440705128205288, -1.469999999999999973, 6.323717948717937354 ) ) ;
#4599 = MECHANICAL_DESIGN_GEOMETRIC_PRESENTATION_REPRESENTATION (  '', ( #3094 ), #167 ) ;
#4600 = CARTESIAN_POINT ( 'NONE',  ( 1.881744659625405935, -2.800000000000000266, 6.333165799096542870 ) ) ;
#4601 = STYLED_ITEM ( 'NONE', ( #7307 ), #8658 ) ;
#4602 = ORIENTED_EDGE ( 'NONE', *, *, #7155, .T. ) ;
#4603 = AXIS2_PLACEMENT_3D ( 'NONE', #4927, #4061, #7732 ) ;
#4604 = ADVANCED_FACE ( 'NONE', ( #6780 ), #470, .T. ) ;
#4605 = LINE ( 'NONE', #6595, #6251 ) ;
#4606 = VECTOR ( 'NONE', #1891, 1000.000000000000000 ) ;
#4607 = ORIENTED_EDGE ( 'NONE', *, *, #5423, .T. ) ;
#4608 = VECTOR ( 'NONE', #4709, 1000.000000000000000 ) ;
#4609 = FILL_AREA_STYLE_COLOUR ( '', #5939 ) ;
#4610 = ORIENTED_EDGE ( 'NONE', *, *, #1624, .F. ) ;
#4611 = CARTESIAN_POINT ( 'NONE',  ( 0.7455848954517618754, -1.469999999999999973, 5.683219140864601115 ) ) ;
#4612 = CARTESIAN_POINT ( 'NONE',  ( 2.160045855460256181, -2.800000000000000266, 5.757929307409899167 ) ) ;
#4613 = COLOUR_RGB ( '',0.8980392156862745390, 0.8980392156862745390, 0.8980392156862745390 ) ;
#4614 = VECTOR ( 'NONE', #2386, 1000.000000000000000 ) ;
#4615 = PLANE ( 'NONE',  #7240 ) ;
#4616 = FACE_OUTER_BOUND ( 'NONE', #4039, .T. ) ;
#4617 = CARTESIAN_POINT ( 'NONE',  ( -1.976362179487180404, -2.800000000000000266, 5.217948717948707404 ) ) ;
#4618 = EDGE_LOOP ( 'NONE', ( #7703, #8496, #6476, #4052 ) ) ;
#4619 = CARTESIAN_POINT ( 'NONE',  ( -2.679685391090110169, -1.470000000000000417, 5.722148282470131520 ) ) ;
#4620 = ORIENTED_EDGE ( 'NONE', *, *, #2199, .T. ) ;
#4621 = PLANE ( 'NONE',  #146 ) ;
#4622 = VECTOR ( 'NONE', #5115, 1000.000000000000000 ) ;
#4623 = EDGE_CURVE ( 'NONE', #6020, #1478, #6011, .T. ) ;
#4624 = FACE_OUTER_BOUND ( 'NONE', #1674, .T. ) ;
#4625 = ORIENTED_EDGE ( 'NONE', *, *, #3811, .F. ) ;
#4626 = LINE ( 'NONE', #7450, #2448 ) ;
#4627 = COLOUR_RGB ( '',0.8980392156862745390, 0.8980392156862745390, 0.8980392156862745390 ) ;
#4628 = CARTESIAN_POINT ( 'NONE',  ( -2.567339476461672376, -1.469999999999999973, 6.102172640714881524 ) ) ;
#4629 = CARTESIAN_POINT ( 'NONE',  ( 2.308235486543442683, -2.799999999999999822, 5.657450228529654623 ) ) ;
#4630 = CARTESIAN_POINT ( 'NONE',  ( -2.225469176992215470, -1.469999999999999973, 6.030859027472301293 ) ) ;
#4631 = SURFACE_STYLE_USAGE ( .BOTH. , #8879 ) ;
#4632 = VECTOR ( 'NONE', #6069, 1000.000000000000114 ) ;
#4633 = ORIENTED_EDGE ( 'NONE', *, *, #8041, .F. ) ;
#4634 = ADVANCED_FACE ( 'NONE', ( #3374 ), #8998, .F. ) ;
#4635 = FILL_AREA_STYLE ('',( #4588 ) ) ;
#4636 = CARTESIAN_POINT ( 'NONE',  ( 0.6710543548990522966, -1.469999999999999973, 5.654151891404857189 ) ) ;
#4637 = LINE ( 'NONE', #971, #3414 ) ;
#4638 = CARTESIAN_POINT ( 'NONE',  ( 1.930889423076922684, -2.799999999999999822, 6.499999999999988454 ) ) ;
#4639 =( NAMED_UNIT ( * ) SI_UNIT ( $, .STERADIAN. ) SOLID_ANGLE_UNIT ( ) );
#4640 = ADVANCED_FACE ( 'NONE', ( #9048 ), #5555, .F. ) ;
#4641 = CARTESIAN_POINT ( 'NONE',  ( 2.124185613264762740, -1.470000000000001306, 6.276700176863108993 ) ) ;
#4642 = LINE ( 'NONE', #2480, #3591 ) ;
#4643 = CARTESIAN_POINT ( 'NONE',  ( -1.724959935897436347, -1.469999999999999973, 5.401842948717937354 ) ) ;
#4644 = ORIENTED_EDGE ( 'NONE', *, *, #545, .F. ) ;
#4645 = CARTESIAN_POINT ( 'NONE',  ( 2.079713370053583255, -2.799999999999999822, 6.306422843464059902 ) ) ;
#4646 = STYLED_ITEM ( 'NONE', ( #8995 ), #450 ) ;
#4647 =( GEOMETRIC_REPRESENTATION_CONTEXT ( 3 ) GLOBAL_UNCERTAINTY_ASSIGNED_CONTEXT ( ( #1962 ) ) GLOBAL_UNIT_ASSIGNED_CONTEXT ( ( #8597, #7869, #5803 ) ) REPRESENTATION_CONTEXT ( 'NONE', 'WORKASPACE' ) );
#4648 = VECTOR ( 'NONE', #3868, 1000.000000000000000 ) ;
#4649 = ORIENTED_EDGE ( 'NONE', *, *, #8892, .T. ) ;
#4650 = CARTESIAN_POINT ( 'NONE',  ( 0.8000000000000099254, 1.989949493661167468, 1.434314575050810170 ) ) ;
#4651 = ORIENTED_EDGE ( 'NONE', *, *, #846, .F. ) ;
#4652 = LINE ( 'NONE', #1813, #3260 ) ;
#4653 = AXIS2_PLACEMENT_3D ( 'NONE', #6539, #3783, #7995 ) ;
#4654 = DIRECTION ( 'NONE',  ( -1.000000000000000000, 0.000000000000000000, 6.982962677686266711E-15 ) ) ;
#4655 = UNCERTAINTY_MEASURE_WITH_UNIT (LENGTH_MEASURE( 1.000000000000000082E-05 ), #3228, 'distance_accuracy_value', 'NONE');
#4656 = CARTESIAN_POINT ( 'NONE',  ( -1.724959935897436347, -1.469999999999999973, 5.401842948717937354 ) ) ;
#4657 = EDGE_LOOP ( 'NONE', ( #7537, #7165, #4787, #8666 ) ) ;
#4658 = CARTESIAN_POINT ( 'NONE',  ( 3.142333204958820020E-14, 0.3000000000000003775, 4.500000000000000000 ) ) ;
#4659 = VERTEX_POINT ( 'NONE', #5267 ) ;
#4660 = CARTESIAN_POINT ( 'NONE',  ( -2.705128205128205288, -1.469999999999999973, 5.879206730769219291 ) ) ;
#4661 = ORIENTED_EDGE ( 'NONE', *, *, #8541, .F. ) ;
#4662 = SURFACE_SIDE_STYLE ('',( #5479 ) ) ;
#4663 = B_SPLINE_CURVE_WITH_KNOTS ( 'NONE', 3,
 ( #5052, #6016, #382, #2977, #6690, #8632, #1077, #3193, #4469, #816, #2188, #5753, #8808, #2269, #94, #3018, #7859, #7160, #7376 ),
 .UNSPECIFIED., .F., .F.,
 ( 4, 1, 1, 1, 1, 1, 1, 1, 1, 1, 1, 1, 1, 1, 1, 1, 4 ),
 ( 0.000000000000000000, 0.05335342180116150329, 0.1047272663249736863, 0.1555164797455855785, 0.2056193208941955453, 0.2566211313655896720, 0.3088596559721064061, 0.3628541401087742035, 0.4192980078946459410, 0.4778828077664623031, 0.5399961175692683524, 0.6046228225353983410, 0.6741283536260952447, 0.7475552360562807142, 0.8259868650183093131, 0.9105062097511925634, 1.000000000000000000 ),
 .UNSPECIFIED. ) ;
#4664 = CARTESIAN_POINT ( 'NONE',  ( -2.704778365146243146, -1.469999999999999529, 5.851606420204801928 ) ) ;
#4665 = ORIENTED_EDGE ( 'NONE', *, *, #171, .F. ) ;
#4666 = ADVANCED_FACE ( 'NONE', ( #7930 ), #208, .T. ) ;
#4667 = VECTOR ( 'NONE', #6246, 1000.000000000000000 ) ;
#4668 = CARTESIAN_POINT ( 'NONE',  ( -1.891328538954384575, -1.469999999999999529, 5.471082355559929056 ) ) ;
#4669 = CARTESIAN_POINT ( 'NONE',  ( -2.099999999999981437, 0.3000000000000003775, -3.499999999999985789 ) ) ;
#4670 = EDGE_CURVE ( 'NONE', #7576, #5092, #1665, .T. ) ;
#4671 = CARTESIAN_POINT ( 'NONE',  ( -2.383943134811588482, -1.470000000000000417, 6.220304754083567644 ) ) ;
#4672 = CARTESIAN_POINT ( 'NONE',  ( -2.205128205128205288, -1.469999999999999973, 5.872796474358962904 ) ) ;
#4673 = DIRECTION ( 'NONE',  ( 6.982962677686266711E-15, 0.000000000000000000, 1.000000000000000000 ) ) ;
#4674 = CARTESIAN_POINT ( 'NONE',  ( 2.564102564102564319, -1.469999999999999973, 5.692307692307680966 ) ) ;
#4675 = ORIENTED_EDGE ( 'NONE', *, *, #350, .T. ) ;
#4676 = CARTESIAN_POINT ( 'NONE',  ( -2.481418484401058500, -1.470000000000000862, 5.487493171051645469 ) ) ;
#4677 = AXIS2_PLACEMENT_3D ( 'NONE', #5582, #2720, #498 ) ;
#4678 = CARTESIAN_POINT ( 'NONE',  ( 0.8000000000000320188, 0.3000000000000003775, 4.599999999999994316 ) ) ;
#4679 = LINE ( 'NONE', #4817, #3584 ) ;
#4680 = CARTESIAN_POINT ( 'NONE',  ( 0.02564102564102518564, -1.469999999999999973, 5.499999999999988454 ) ) ;
#4681 = CARTESIAN_POINT ( 'NONE',  ( 0.7139637364782059903, -1.470000000000000862, 5.663109626171440425 ) ) ;
#4682 = VECTOR ( 'NONE', #7634, 1000.000000000000000 ) ;
#4683 = VECTOR ( 'NONE', #7028, 1000.000000000000000 ) ;
#4684 =( NAMED_UNIT ( * ) SI_UNIT ( $, .STERADIAN. ) SOLID_ANGLE_UNIT ( ) );
#4685 = LINE ( 'NONE', #7413, #891 ) ;
#4686 = CARTESIAN_POINT ( 'NONE',  ( 0.6546474358974356811, -1.469999999999999973, 5.653846153846141753 ) ) ;
#4687 = DIRECTION ( 'NONE',  ( -6.982962677686266711E-15, 0.000000000000000000, -1.000000000000000000 ) ) ;
#4688 = DIRECTION ( 'NONE',  ( 0.000000000000000000, -1.000000000000000000, 0.000000000000000000 ) ) ;
#4689 = DIRECTION ( 'NONE',  ( -0.000000000000000000, -1.000000000000000000, -0.000000000000000000 ) ) ;
#4690 = ORIENTED_EDGE ( 'NONE', *, *, #5993, .T. ) ;
#4691 = CARTESIAN_POINT ( 'NONE',  ( 2.193401351891727913, -2.800000000000001155, 6.143813975263013205 ) ) ;
#4692 = VERTEX_POINT ( 'NONE', #2970 ) ;
#4693 = ORIENTED_EDGE ( 'NONE', *, *, #5920, .T. ) ;
#4694 =( NAMED_UNIT ( * ) PLANE_ANGLE_UNIT ( ) SI_UNIT ( $, .RADIAN. ) );
#4695 = ORIENTED_EDGE ( 'NONE', *, *, #3043, .T. ) ;
#4696 =( NAMED_UNIT ( * ) SI_UNIT ( $, .STERADIAN. ) SOLID_ANGLE_UNIT ( ) );
#4697 = CARTESIAN_POINT ( 'NONE',  ( 0.7019702233305031847, -2.800000000000000711, 5.490011385627592055 ) ) ;
#4698 = CARTESIAN_POINT ( 'NONE',  ( 2.012204215627011905, -1.470000000000000417, 6.326177473778300531 ) ) ;
#4699 = EDGE_CURVE ( 'NONE', #6020, #4967, #5787, .T. ) ;
#4700 = PLANE ( 'NONE',  #5507 ) ;
#4701 = ADVANCED_FACE ( 'NONE', ( #4463 ), #254, .T. ) ;
#4702 = ORIENTED_EDGE ( 'NONE', *, *, #7222, .F. ) ;
#4703 = ADVANCED_FACE ( 'NONE', ( #7380 ), #2439, .F. ) ;
#4704 = FACE_OUTER_BOUND ( 'NONE', #2932, .T. ) ;
#4705 = ORIENTED_EDGE ( 'NONE', *, *, #8164, .F. ) ;
#4706 = CARTESIAN_POINT ( 'NONE',  ( -3.299999999999967848, -0.2999999999999999334, 4.600000000000023626 ) ) ;
#4707 =( LENGTH_UNIT ( ) NAMED_UNIT ( * ) SI_UNIT ( .MILLI., .METRE. ) );
#4708 = LINE ( 'NONE', #1194, #5983 ) ;
#4709 = DIRECTION ( 'NONE',  ( 1.000000000000000000, -0.000000000000000000, -6.982962677686266711E-15 ) ) ;
#4710 = ORIENTED_EDGE ( 'NONE', *, *, #3274, .F. ) ;
#4711 = ADVANCED_FACE ( 'NONE', ( #1903 ), #8310, .F. ) ;
#4712 = LINE ( 'NONE', #6079, #2672 ) ;
#4713 = FILL_AREA_STYLE_COLOUR ( '', #5455 ) ;
#4714 = VERTEX_POINT ( 'NONE', #7425 ) ;
#4715 = FACE_OUTER_BOUND ( 'NONE', #6929, .T. ) ;
#4716 = CARTESIAN_POINT ( 'NONE',  ( 2.397435897435897356, -1.469999999999999973, 5.990384615384604317 ) ) ;
#4717 =( NAMED_UNIT ( * ) SI_UNIT ( $, .STERADIAN. ) SOLID_ANGLE_UNIT ( ) );
#4718 = VERTEX_POINT ( 'NONE', #5368 ) ;
#4719 = CARTESIAN_POINT ( 'NONE',  ( 1.851562499999999556, -1.469999999999999973, 6.333333333333321491 ) ) ;
#4720 = FACE_OUTER_BOUND ( 'NONE', #4464, .T. ) ;
#4721 = SURFACE_STYLE_USAGE ( .BOTH. , #6862 ) ;
#4722 = CARTESIAN_POINT ( 'NONE',  ( 0.9449533735282242830, -1.469999999999999973, 5.658244659133383259 ) ) ;
#4723 = DIRECTION ( 'NONE',  ( -1.000000000000000000, 0.000000000000000000, 0.000000000000000000 ) ) ;
#4724 = CARTESIAN_POINT ( 'NONE',  ( -3.299999999999925215, -0.2999999999999999334, 4.599999999999684341 ) ) ;
#4725 = DIRECTION ( 'NONE',  ( 0.000000000000000000, -1.000000000000000000, 0.000000000000000000 ) ) ;
#4726 = CARTESIAN_POINT ( 'NONE',  ( -3.299999999999967848, -0.2999999999999999334, 4.600000000000023626 ) ) ;
#4727 = CARTESIAN_POINT ( 'NONE',  ( 1.600000000000032063, 0.3000000000000003775, 4.499999999999987566 ) ) ;
#4728 = CARTESIAN_POINT ( 'NONE',  ( -2.551282051282051544, -1.469999999999999973, 6.102564102564091542 ) ) ;
#4729 = VECTOR ( 'NONE', #6450, 1000.000000000000000 ) ;
#4730 = FILL_AREA_STYLE ('',( #3940 ) ) ;
#4731 = VERTEX_POINT ( 'NONE', #1132 ) ;
#4732 = STYLED_ITEM ( 'NONE', ( #2773 ), #8111 ) ;
#4733 = EDGE_CURVE ( 'NONE', #1913, #1092, #8900, .T. ) ;
#4734 = LINE ( 'NONE', #5510, #2248 ) ;
#4735 = EDGE_LOOP ( 'NONE', ( #2215, #7716, #4871, #92 ) ) ;
#4736 = CARTESIAN_POINT ( 'NONE',  ( 2.322059354022887767, -1.469999999999999973, 5.678946567976477233 ) ) ;
#4737 = ORIENTED_EDGE ( 'NONE', *, *, #1227, .F. ) ;
#4738 = ORIENTED_EDGE ( 'NONE', *, *, #5442, .F. ) ;
#4739 = LINE ( 'NONE', #7525, #6369 ) ;
#4740 = CARTESIAN_POINT ( 'NONE',  ( 0.6422275641025636528, -2.799999999999999822, 5.487179487179475679 ) ) ;
#4741 = EDGE_LOOP ( 'NONE', ( #4854, #3561, #1282, #7030 ) ) ;
#4742 = CARTESIAN_POINT ( 'NONE',  ( 1.941706730769230838, -2.799999999999999822, 5.499999999999988454 ) ) ;
#4743 = CARTESIAN_POINT ( 'NONE',  ( 3.300000000000032241, -0.2999999999999999334, 4.599999999999976552 ) ) ;
#4744 = ORIENTED_EDGE ( 'NONE', *, *, #1229, .F. ) ;
#4745 = MECHANICAL_DESIGN_GEOMETRIC_PRESENTATION_REPRESENTATION (  '', ( #4883 ), #3853 ) ;
#4746 = CARTESIAN_POINT ( 'NONE',  ( 0.9525240384615379918, -2.799999999999999822, 5.679487179487167303 ) ) ;
#4747 = CARTESIAN_POINT ( 'NONE',  ( -2.269024545803519199, -2.799999999999999822, 6.122708297071136840 ) ) ;
#4748 = ORIENTED_EDGE ( 'NONE', *, *, #7550, .F. ) ;
#4749 = CARTESIAN_POINT ( 'NONE',  ( 0.6490945887646506485, -2.799999999999999822, 5.653977004639628490 ) ) ;
#4750 =( NAMED_UNIT ( * ) SI_UNIT ( $, .STERADIAN. ) SOLID_ANGLE_UNIT ( ) );
#4751 = ADVANCED_FACE ( 'NONE', ( #2594 ), #6064, .T. ) ;
#4752 = EDGE_CURVE ( 'NONE', #3821, #1772, #1226, .T. ) ;
#4753 = CARTESIAN_POINT ( 'NONE',  ( 0.6068139591613278538, -1.469999999999999529, 5.488035415964700015 ) ) ;
#4754 = CARTESIAN_POINT ( 'NONE',  ( 2.347737666891621000, -2.800000000000000711, 6.272645094877959515 ) ) ;
#4755 = ORIENTED_EDGE ( 'NONE', *, *, #7734, .F. ) ;
#4756 = CARTESIAN_POINT ( 'NONE',  ( -0.3651842948717951010, -1.469999999999999973, 5.730769230769219291 ) ) ;
#4757 = PRESENTATION_STYLE_ASSIGNMENT (( #4014 ) ) ;
#4758 = DIRECTION ( 'NONE',  ( -0.3425287238106894949, 0.000000000000000000, -0.9395073567378917634 ) ) ;
#4759 = DIRECTION ( 'NONE',  ( 5.568579109252161260E-16, -0.9968152785361249490, 0.07974522228289000758 ) ) ;
#4760 = ORIENTED_EDGE ( 'NONE', *, *, #3899, .T. ) ;
#4761 = CARTESIAN_POINT ( 'NONE',  ( 2.381719398769909457, -1.470000000000000417, 5.825287207199517425 ) ) ;
#4762 = PRESENTATION_LAYER_ASSIGNMENT (  '', '', ( #6958 ) ) ;
#4763 = PLANE ( 'NONE',  #8598 ) ;
#4764 = LINE ( 'NONE', #2621, #5932 ) ;
#4765 = EDGE_CURVE ( 'NONE', #8871, #2928, #6204, .T. ) ;
#4766 = EDGE_LOOP ( 'NONE', ( #4887, #6298, #8072, #7717 ) ) ;
#4767 =( NAMED_UNIT ( * ) PLANE_ANGLE_UNIT ( ) SI_UNIT ( $, .RADIAN. ) );
#4768 =( NAMED_UNIT ( * ) SI_UNIT ( $, .STERADIAN. ) SOLID_ANGLE_UNIT ( ) );
#4769 = COLOUR_RGB ( '',0.8980392156862745390, 0.8980392156862745390, 0.8980392156862745390 ) ;
#4770 = MECHANICAL_DESIGN_GEOMETRIC_PRESENTATION_REPRESENTATION (  '', ( #6958 ), #8267 ) ;
#4771 = CARTESIAN_POINT ( 'NONE',  ( -2.897435897435897800, -1.469999999999999973, 5.499999999999988454 ) ) ;
#4772 = CARTESIAN_POINT ( 'NONE',  ( 0.7298026674676632020, -1.470000000000001306, 5.494214930324424095 ) ) ;
#4773 = CARTESIAN_POINT ( 'NONE',  ( 1.700000000000032152, -0.2999999999999999334, 4.599999999999988098 ) ) ;
#4774 = PLANE ( 'NONE',  #2505 ) ;
#4775 = DIRECTION ( 'NONE',  ( -1.000000000000000000, 0.000000000000000000, 0.000000000000000000 ) ) ;
#4776 = CARTESIAN_POINT ( 'NONE',  ( 0.6546474358974356811, -2.799999999999999822, 5.653846153846141753 ) ) ;
#4777 = AXIS2_PLACEMENT_3D ( 'NONE', #7577, #5416, #9010 ) ;
#4778 = DIRECTION ( 'NONE',  ( -1.000000000000000000, 0.000000000000000000, 6.982962677686267499E-15 ) ) ;
#4779 = PRESENTATION_STYLE_ASSIGNMENT (( #6192 ) ) ;
#4780 = CARTESIAN_POINT ( 'NONE',  ( -1.769122336313158073, -1.470000000000000862, 5.310961845237994083 ) ) ;
#4781 = VERTEX_POINT ( 'NONE', #527 ) ;
#4782 = CARTESIAN_POINT ( 'NONE',  ( 0.7783931002444611780, -2.799999999999999822, 5.774023261829495546 ) ) ;
#4783 = ORIENTED_EDGE ( 'NONE', *, *, #2139, .F. ) ;
#4784 = ORIENTED_EDGE ( 'NONE', *, *, #2445, .T. ) ;
#4785 = DIRECTION ( 'NONE',  ( 0.000000000000000000, 0.000000000000000000, -1.000000000000000000 ) ) ;
#4786 = EDGE_CURVE ( 'NONE', #7257, #3759, #3339, .T. ) ;
#4787 = ORIENTED_EDGE ( 'NONE', *, *, #3527, .T. ) ;
#4788 = CARTESIAN_POINT ( 'NONE',  ( 0.7819085696261557361, -2.799999999999998934, 5.824500735880293156 ) ) ;
#4789 = CARTESIAN_POINT ( 'NONE',  ( 2.204875509584019344, -1.469999999999999529, 5.971679607841690718 ) ) ;
#4790 = EDGE_LOOP ( 'NONE', ( #7640, #8114, #2440, #4253 ) ) ;
#4791 = LINE ( 'NONE', #7584, #5318 ) ;
#4792 = FILL_AREA_STYLE ('',( #1963 ) ) ;
#4793 = EDGE_LOOP ( 'NONE', ( #8531, #4644, #222, #209 ) ) ;
#4794 = CARTESIAN_POINT ( 'NONE',  ( 5.167392381487837366E-14, -1.499999999999999778, 7.400000000000000355 ) ) ;
#4795 = FILL_AREA_STYLE_COLOUR ( '', #1549 ) ;
#4796 = CARTESIAN_POINT ( 'NONE',  ( 2.397435897435897356, -1.469999999999999973, 5.990384615384604317 ) ) ;
#4797 = VERTEX_POINT ( 'NONE', #8955 ) ;
#4798 = CARTESIAN_POINT ( 'NONE',  ( 0.6546474358974356811, -2.799999999999999822, 5.653846153846141753 ) ) ;
#4799 = CARTESIAN_POINT ( 'NONE',  ( -1.038461538461538991, -1.469999999999999973, 5.499999999999988454 ) ) ;
#4800 = VECTOR ( 'NONE', #973, 1000.000000000000000 ) ;
#4801 = LINE ( 'NONE', #8971, #1699 ) ;
#4802 = FACE_OUTER_BOUND ( 'NONE', #4790, .T. ) ;
#4803 = EDGE_LOOP ( 'NONE', ( #3685, #6106, #2778, #8213 ) ) ;
#4804 = CARTESIAN_POINT ( 'NONE',  ( -1.924777448541828528, -1.469999999999999973, 5.402000876184020584 ) ) ;
#4805 = ADVANCED_FACE ( 'NONE', ( #4834 ), #6695, .T. ) ;
#4806 = DIRECTION ( 'NONE',  ( 1.000000000000000000, 0.000000000000000000, -6.982962677686266711E-15 ) ) ;
#4807 = B_SPLINE_CURVE_WITH_KNOTS ( 'NONE', 3,
 ( #2718, #4849, #1827, #6719, #1197, #408, #5340, #8183, #3211, #6038, #2509 ),
 .UNSPECIFIED., .F., .F.,
 ( 4, 1, 1, 1, 1, 1, 1, 1, 4 ),
 ( 0.000000000000000000, 0.1151446968800960147, 0.2312459907266119497, 0.3502412350898954085, 0.4732461718922442717, 0.5989295862794674630, 0.7271510339726838801, 0.8601917616704312097, 1.000000000000000000 ),
 .UNSPECIFIED. ) ;
#4808 = CARTESIAN_POINT ( 'NONE',  ( -2.615659164695602446, -1.469999999999999529, 5.647804878481316848 ) ) ;
#4809 = ORIENTED_EDGE ( 'NONE', *, *, #5712, .T. ) ;
#4810 = CARTESIAN_POINT ( 'NONE',  ( 2.390525302555774001, -1.470000000000000417, 5.876742831396957634 ) ) ;
#4811 = CARTESIAN_POINT ( 'NONE',  ( 9.706318121983909465E-14, -1.499999999999999778, 13.89999999999999858 ) ) ;
#4812 = VERTEX_POINT ( 'NONE', #1856 ) ;
#4813 = SURFACE_STYLE_USAGE ( .BOTH. , #8431 ) ;
#4814 = VECTOR ( 'NONE', #6921, 1000.000000000000000 ) ;
#4815 = CARTESIAN_POINT ( 'NONE',  ( -3.999999999999948042, -1.500000000000000000, 7.400000000000027889 ) ) ;
#4816 = ADVANCED_FACE ( 'NONE', ( #1277 ), #3914, .T. ) ;
#4817 = CARTESIAN_POINT ( 'NONE',  ( 1.600000000000032063, -0.2999999999999999334, 4.499999999999987566 ) ) ;
#4818 = CARTESIAN_POINT ( 'NONE',  ( 0.8644794229449841438, -1.470000000000000862, 5.553095436667640605 ) ) ;
#4819 = EDGE_CURVE ( 'NONE', #2811, #3421, #5375, .T. ) ;
#4820 = CARTESIAN_POINT ( 'NONE',  ( 1.756410256410256165, -2.799999999999999822, 6.333333333333321491 ) ) ;
#4821 = CARTESIAN_POINT ( 'NONE',  ( 2.083434596217820900, -2.799999999999999378, 6.489678087928112404 ) ) ;
#4822 = MECHANICAL_DESIGN_GEOMETRIC_PRESENTATION_REPRESENTATION (  '', ( #3924 ), #5841 ) ;
#4823 = CARTESIAN_POINT ( 'NONE',  ( -1.913388161716236713, -2.800000000000000711, 5.420100896793876188 ) ) ;
#4824 = CARTESIAN_POINT ( 'NONE',  ( -1.735873485239405989, -1.470000000000000862, 5.374618689166469565 ) ) ;
#4825 = ORIENTED_EDGE ( 'NONE', *, *, #5937, .T. ) ;
#4826 = UNCERTAINTY_MEASURE_WITH_UNIT (LENGTH_MEASURE( 1.000000000000000082E-05 ), #2179, 'distance_accuracy_value', 'NONE');
#4827 = PRESENTATION_LAYER_ASSIGNMENT (  '', '', ( #6716 ) ) ;
#4828 = CARTESIAN_POINT ( 'NONE',  ( 0.7819085696261557361, -2.799999999999999378, 5.824500735880293156 ) ) ;
#4829 = ORIENTED_EDGE ( 'NONE', *, *, #7844, .F. ) ;
#4830 = STYLED_ITEM ( 'NONE', ( #4757 ), #2293 ) ;
#4831 =( NAMED_UNIT ( * ) PLANE_ANGLE_UNIT ( ) SI_UNIT ( $, .RADIAN. ) );
#4832 = EDGE_LOOP ( 'NONE', ( #4607, #4992, #5269, #624, #5620, #1172, #6844, #497, #2897 ) ) ;
#4833 = ORIENTED_EDGE ( 'NONE', *, *, #1889, .F. ) ;
#4834 = FACE_OUTER_BOUND ( 'NONE', #528, .T. ) ;
#4835 = ORIENTED_EDGE ( 'NONE', *, *, #827, .F. ) ;
#4836 =( LENGTH_UNIT ( ) NAMED_UNIT ( * ) SI_UNIT ( .MILLI., .METRE. ) );
#4837 = ORIENTED_EDGE ( 'NONE', *, *, #6573, .T. ) ;
#4838 = VECTOR ( 'NONE', #5314, 1000.000000000000000 ) ;
#4839 = SURFACE_STYLE_USAGE ( .BOTH. , #2545 ) ;
#4840 = B_SPLINE_CURVE_WITH_KNOTS ( 'NONE', 3,
 ( #6917, #2041, #6242, #8351, #7664, #4178, #6967 ),
 .UNSPECIFIED., .F., .F.,
 ( 4, 1, 1, 1, 4 ),
 ( 0.000000000000000000, 0.2270350729738570550, 0.4681786832881866811, 0.7237288250741944484, 1.000000000000000000 ),
 .UNSPECIFIED. ) ;
#4841 = LINE ( 'NONE', #7721, #7390 ) ;
#4842 = CARTESIAN_POINT ( 'NONE',  ( -2.450984251148510040, -1.469999999999999973, 5.671105005672925081 ) ) ;
#4843 = CARTESIAN_POINT ( 'NONE',  ( -2.544070512820513219, -2.799999999999999822, 5.628205128205116203 ) ) ;
#4844 = ORIENTED_EDGE ( 'NONE', *, *, #6024, .T. ) ;
#4845 = FACE_OUTER_BOUND ( 'NONE', #7600, .T. ) ;
#4846 = CARTESIAN_POINT ( 'NONE',  ( 1.564102564102564097, -1.469999999999999973, 5.499999999999988454 ) ) ;
#4847 = SURFACE_STYLE_USAGE ( .BOTH. , #5579 ) ;
#4848 = ORIENTED_EDGE ( 'NONE', *, *, #1070, .T. ) ;
#4849 = CARTESIAN_POINT ( 'NONE',  ( -2.500957731100118764, -2.799999999999999822, 5.487533586670056529 ) ) ;
#4850 = CARTESIAN_POINT ( 'NONE',  ( -3.999999999999948042, -1.500000000000000000, 7.400000000000027889 ) ) ;
#4851 = PRESENTATION_STYLE_ASSIGNMENT (( #8926 ) ) ;
#4852 = VERTEX_POINT ( 'NONE', #4564 ) ;
#4853 =( NAMED_UNIT ( * ) PLANE_ANGLE_UNIT ( ) SI_UNIT ( $, .RADIAN. ) );
#4854 = ORIENTED_EDGE ( 'NONE', *, *, #6799, .F. ) ;
#4855 = PLANE ( 'NONE',  #3799 ) ;
#4856 = VECTOR ( 'NONE', #3562, 1000.000000000000000 ) ;
#4857 = CARTESIAN_POINT ( 'NONE',  ( -2.671073717948718063, -2.799999999999999822, 5.707131410256399029 ) ) ;
#4858 = CARTESIAN_POINT ( 'NONE',  ( -2.099999999999925926, 0.3000000000000003775, 4.500000000000014211 ) ) ;
#4859 = FACE_OUTER_BOUND ( 'NONE', #8677, .T. ) ;
#4860 = PLANE ( 'NONE',  #5068 ) ;
#4861 = PRESENTATION_STYLE_ASSIGNMENT (( #4907 ) ) ;
#4862 = SURFACE_SIDE_STYLE ('',( #615 ) ) ;
#4863 = CARTESIAN_POINT ( 'NONE',  ( 2.237503707871706382, -2.800000000000000266, 6.419743318914738595 ) ) ;
#4864 = VECTOR ( 'NONE', #1034, 1000.000000000000000 ) ;
#4865 = EDGE_CURVE ( 'NONE', #5848, #7378, #3284, .T. ) ;
#4866 = DIRECTION ( 'NONE',  ( 6.982962677686266711E-15, 0.000000000000000000, 1.000000000000000000 ) ) ;
#4867 = EDGE_CURVE ( 'NONE', #677, #3952, #6704, .T. ) ;
#4868 = ORIENTED_EDGE ( 'NONE', *, *, #3208, .F. ) ;
#4869 = DIRECTION ( 'NONE',  ( 4.937700262164530687E-15, -0.7071067811865476838, 0.7071067811865474617 ) ) ;
#4870 = ORIENTED_EDGE ( 'NONE', *, *, #8396, .F. ) ;
#4871 = ORIENTED_EDGE ( 'NONE', *, *, #4268, .T. ) ;
#4872 = CARTESIAN_POINT ( 'NONE',  ( -3.300000000004133405, -0.2999999999999999334, 1.400000000009691714 ) ) ;
#4873 = PRESENTATION_LAYER_ASSIGNMENT (  '', '', ( #8819 ) ) ;
#4874 = ORIENTED_EDGE ( 'NONE', *, *, #3707, .F. ) ;
#4875 = ADVANCED_FACE ( 'NONE', ( #7285 ), #4615, .T. ) ;
#4876 = SURFACE_STYLE_USAGE ( .BOTH. , #4103 ) ;
#4877 = VECTOR ( 'NONE', #1658, 1000.000000000000000 ) ;
#4878 = CARTESIAN_POINT ( 'NONE',  ( -2.660805727675659149, -1.469999999999999085, 6.187488059115986871 ) ) ;
#4879 = CARTESIAN_POINT ( 'NONE',  ( -2.667067340267870623, -2.799999999999999822, 5.700892130613390840 ) ) ;
#4880 = VERTEX_POINT ( 'NONE', #2393 ) ;
#4881 = CARTESIAN_POINT ( 'NONE',  ( 1.564102564102564097, -1.469999999999999973, 6.499999999999988454 ) ) ;
#4882 = PLANE ( 'NONE',  #5689 ) ;
#4883 = STYLED_ITEM ( 'NONE', ( #5768 ), #7825 ) ;
#4884 = DIRECTION ( 'NONE',  ( -7.377218013139006875E-15, 0.000000000000000000, -1.000000000000000000 ) ) ;
#4885 =( GEOMETRIC_REPRESENTATION_CONTEXT ( 3 ) GLOBAL_UNCERTAINTY_ASSIGNED_CONTEXT ( ( #7917 ) ) GLOBAL_UNIT_ASSIGNED_CONTEXT ( ( #3061, #2230, #2310 ) ) REPRESENTATION_CONTEXT ( 'NONE', 'WORKASPACE' ) );
#4886 = DIRECTION ( 'NONE',  ( 0.9392447055018717794, -0.000000000000000000, 0.3432482821321937716 ) ) ;
#4887 = ORIENTED_EDGE ( 'NONE', *, *, #9112, .F. ) ;
#4888 = LINE ( 'NONE', #2069, #6782 ) ;
#4889 = CARTESIAN_POINT ( 'NONE',  ( 9.706318121983909465E-14, -1.499999999999999778, 13.89999999999999858 ) ) ;
#4890 = LINE ( 'NONE', #4850, #3084 ) ;
#4891 = DIRECTION ( 'NONE',  ( 6.982962677686266711E-15, 0.000000000000000000, 1.000000000000000000 ) ) ;
#4892 = ORIENTED_EDGE ( 'NONE', *, *, #2975, .T. ) ;
#4893 = CARTESIAN_POINT ( 'NONE',  ( 2.120192307692307931, -1.469999999999999973, 6.480969551282039554 ) ) ;
#4894 =( GEOMETRIC_REPRESENTATION_CONTEXT ( 3 ) GLOBAL_UNCERTAINTY_ASSIGNED_CONTEXT ( ( #7672 ) ) GLOBAL_UNIT_ASSIGNED_CONTEXT ( ( #3598, #859, #6993 ) ) REPRESENTATION_CONTEXT ( 'NONE', 'WORKASPACE' ) );
#4895 = LINE ( 'NONE', #5676, #5221 ) ;
#4896 = CARTESIAN_POINT ( 'NONE',  ( -1.883413461538461897, -2.799999999999999378, 5.499999999999988454 ) ) ;
#4897 = EDGE_CURVE ( 'NONE', #5288, #3335, #6797, .T. ) ;
#4898 = ORIENTED_EDGE ( 'NONE', *, *, #6301, .F. ) ;
#4899 = DIRECTION ( 'NONE',  ( 6.982962677686261977E-15, 0.000000000000000000, 1.000000000000000000 ) ) ;
#4900 = LINE ( 'NONE', #21, #4059 ) ;
#4901 = VECTOR ( 'NONE', #4493, 1000.000000000000000 ) ;
#4902 = CARTESIAN_POINT ( 'NONE',  ( -2.638373619058785202, -1.469999999999999973, 6.071663570416272471 ) ) ;
#4903 = CARTESIAN_POINT ( 'NONE',  ( 0.8972711523054931471, -2.800000000000000266, 5.583838658937844812 ) ) ;
#4904 = CARTESIAN_POINT ( 'NONE',  ( 2.042668269230769162, -2.799999999999999822, 5.676282051282039554 ) ) ;
#4905 = CARTESIAN_POINT ( 'NONE',  ( 0.02564102564102518564, -1.469999999999999973, 5.499999999999988454 ) ) ;
#4906 = FACE_BOUND ( 'NONE', #8162, .T. ) ;
#4907 = SURFACE_STYLE_USAGE ( .BOTH. , #1358 ) ;
#4908 = STYLED_ITEM ( 'NONE', ( #3170 ), #5654 ) ;
#4909 = DIRECTION ( 'NONE',  ( -0.000000000000000000, -1.000000000000000000, -0.000000000000000000 ) ) ;
#4910 = UNCERTAINTY_MEASURE_WITH_UNIT (LENGTH_MEASURE( 1.000000000000000082E-05 ), #4433, 'distance_accuracy_value', 'NONE');
#4911 = DIRECTION ( 'NONE',  ( 6.982962677686266711E-15, 0.000000000000000000, 1.000000000000000000 ) ) ;
#4912 = ORIENTED_EDGE ( 'NONE', *, *, #5239, .F. ) ;
#4913 = EDGE_CURVE ( 'NONE', #6790, #8303, #2354, .T. ) ;
#4914 = ORIENTED_EDGE ( 'NONE', *, *, #50, .F. ) ;
#4915 = SURFACE_STYLE_USAGE ( .BOTH. , #2099 ) ;
#4916 = VERTEX_POINT ( 'NONE', #8068 ) ;
#4917 = CARTESIAN_POINT ( 'NONE',  ( 1.968358457756818503, -2.799999999999998934, 5.500254890421439669 ) ) ;
#4918 = CARTESIAN_POINT ( 'NONE',  ( 2.390525302555774001, -2.800000000000000266, 5.876742831396957634 ) ) ;
#4919 = EDGE_CURVE ( 'NONE', #415, #5198, #3154, .T. ) ;
#4920 = PRESENTATION_LAYER_ASSIGNMENT (  '', '', ( #2544 ) ) ;
#4921 = DIRECTION ( 'NONE',  ( 0.7071067811865536790, 0.000000000000000000, 0.7071067811865414665 ) ) ;
#4922 = ORIENTED_EDGE ( 'NONE', *, *, #3449, .F. ) ;
#4923 = CARTESIAN_POINT ( 'NONE',  ( 1.756410256410256165, -1.469999999999999973, 6.333333333333321491 ) ) ;
#4924 = ORIENTED_EDGE ( 'NONE', *, *, #7300, .F. ) ;
#4925 = SURFACE_STYLE_FILL_AREA ( #6436 ) ;
#4926 = SURFACE_STYLE_FILL_AREA ( #9026 ) ;
#4927 = CARTESIAN_POINT ( 'NONE',  ( -0.3987158048003295319, 2.419238815542538390, 1.005025253169415489 ) ) ;
#4928 = ORIENTED_EDGE ( 'NONE', *, *, #8892, .F. ) ;
#4929 = DIRECTION ( 'NONE',  ( -0.000000000000000000, -1.000000000000000000, -0.000000000000000000 ) ) ;
#4930 = B_SPLINE_SURFACE_WITH_KNOTS ( 'NONE', 3, 1, ( 
 ( #5639, #6139 ),
 ( #2038, #7661 ),
 ( #7620, #1306 ),
 ( #6821, #6863 ),
 ( #3477, #7007 ),
 ( #6281, #9092 ),
 ( #2782, #4903 ),
 ( #7707, #1399 ),
 ( #4226, #24 ),
 ( #6532, #2906 ),
 ( #3570, #1487 ),
 ( #2866, #2122 ),
 ( #5107, #7910 ),
 ( #1449, #5723 ),
 ( #790, #5679 ),
 ( #7046, #8474 ),
 ( #6371, #2989 ),
 ( #5809, #3609 ),
 ( #7745, #4315 ) ),
 .UNSPECIFIED., .F., .F., .F.,
 ( 4, 1, 1, 1, 1, 1, 1, 1, 1, 1, 1, 1, 1, 1, 1, 1, 4 ),
 ( 2, 2 ),
 ( 0.000000000000000000, 0.05784581701305817336, 0.1144802121354567548, 0.1707845362422128199, 0.2268754802018122518, 0.2830964041777063733, 0.3397791094129794520, 0.3973199316120966662, 0.4561421842924868741, 0.5162163710746725531, 0.5776401294333947112, 0.6406911364161869127, 0.7062713391398731666, 0.7747755840851690001, 0.8465504769118418205, 0.9213453731495463428, 1.000000000000000000 ),
 ( 0.000000000000000000, 1.000000000000000000 ),
 .UNSPECIFIED. ) ;
#4931 = CARTESIAN_POINT ( 'NONE',  ( 0.5545732156185276818, -1.469999999999999973, 5.704572942461417107 ) ) ;
#4932 = CARTESIAN_POINT ( 'NONE',  ( 1.699999999995845501, 0.3000000000000003775, 4.499999999999987566 ) ) ;
#4933 = VERTEX_POINT ( 'NONE', #5187 ) ;
#4934 = SURFACE_STYLE_USAGE ( .BOTH. , #8507 ) ;
#4935 = FACE_OUTER_BOUND ( 'NONE', #271, .T. ) ;
#4936 = PLANE ( 'NONE',  #1097 ) ;
#4937 = MECHANICAL_DESIGN_GEOMETRIC_PRESENTATION_REPRESENTATION (  '', ( #5372 ), #672 ) ;
#4938 = EDGE_CURVE ( 'NONE', #1983, #8899, #8817, .T. ) ;
#4939 = CARTESIAN_POINT ( 'NONE',  ( 0.5516826923076920686, -2.799999999999999822, 5.708934294871783166 ) ) ;
#4940 = DIRECTION ( 'NONE',  ( 0.000000000000000000, 1.000000000000000000, -0.000000000000000000 ) ) ;
#4941 = CARTESIAN_POINT ( 'NONE',  ( 5.000000000000031086, 1.699999999999999734, 4.499999999999965361 ) ) ;
#4942 = LINE ( 'NONE', #7621, #5612 ) ;
#4943 = CARTESIAN_POINT ( 'NONE',  ( 2.346645606423128250, -2.799999999999999822, 5.725872763881528549 ) ) ;
#4944 = CARTESIAN_POINT ( 'NONE',  ( 3.212162831735682687E-14, -2.799999999999999822, 4.599999999999999645 ) ) ;
#4945 = DIRECTION ( 'NONE',  ( -6.982962677686266711E-15, 0.000000000000000000, -1.000000000000000000 ) ) ;
#4946 = SURFACE_SIDE_STYLE ('',( #5728 ) ) ;
#4947 = CARTESIAN_POINT ( 'NONE',  ( 0.2179487179487177573, -1.469999999999999973, 5.499999999999988454 ) ) ;
#4948 = CARTESIAN_POINT ( 'NONE',  ( -2.897435897435897800, -1.469999999999999973, 5.499999999999988454 ) ) ;
#4949 =( NAMED_UNIT ( * ) PLANE_ANGLE_UNIT ( ) SI_UNIT ( $, .RADIAN. ) );
#4950 = VERTEX_POINT ( 'NONE', #2496 ) ;
#4951 = ORIENTED_EDGE ( 'NONE', *, *, #8398, .F. ) ;
#4952 = VECTOR ( 'NONE', #2294, 1000.000000000000000 ) ;
#4953 = CARTESIAN_POINT ( 'NONE',  ( -3.300000000004112088, -0.2999999999999999334, 4.500000000000023093 ) ) ;
#4954 = DIRECTION ( 'NONE',  ( 6.982962677686266711E-15, 0.000000000000000000, 1.000000000000000000 ) ) ;
#4955 = FILL_AREA_STYLE_COLOUR ( '', #1075 ) ;
#4956 = ORIENTED_EDGE ( 'NONE', *, *, #1675, .F. ) ;
#4957 = EDGE_CURVE ( 'NONE', #4585, #2768, #7330, .T. ) ;
#4958 = CARTESIAN_POINT ( 'NONE',  ( -3.299999999999967848, -0.2999999999999999334, 4.600000000000023626 ) ) ;
#4959 = VECTOR ( 'NONE', #3773, 1000.000000000000000 ) ;
#4960 = AXIS2_PLACEMENT_3D ( 'NONE', #4658, #8820, #3726 ) ;
#4961 = CARTESIAN_POINT ( 'NONE',  ( -0.3987158048003359156, 1.500000000000000000, 0.08578643762692968189 ) ) ;
#4962 = AXIS2_PLACEMENT_3D ( 'NONE', #2660, #3408, #6224 ) ;
#4963 = EDGE_LOOP ( 'NONE', ( #42, #2420, #8309, #8876 ) ) ;
#4964 = PRESENTATION_STYLE_ASSIGNMENT (( #3502 ) ) ;
#4965 = EDGE_CURVE ( 'NONE', #4375, #7677, #302, .T. ) ;
#4966 = FILL_AREA_STYLE_COLOUR ( '', #4516 ) ;
#4967 = VERTEX_POINT ( 'NONE', #7435 ) ;
#4968 = EDGE_CURVE ( 'NONE', #8420, #7777, #8861, .T. ) ;
#4969 = EDGE_CURVE ( 'NONE', #2347, #6645, #2546, .T. ) ;
#4970 = CARTESIAN_POINT ( 'NONE',  ( 2.564102564102564319, -2.799999999999999822, 5.692307692307680966 ) ) ;
#4971 = CARTESIAN_POINT ( 'NONE',  ( 2.053580933542667797, -1.470000000000000417, 6.316937941653796074 ) ) ;
#4972 = ORIENTED_EDGE ( 'NONE', *, *, #4033, .F. ) ;
#4973 = PLANE ( 'NONE',  #1130 ) ;
#4974 = CARTESIAN_POINT ( 'NONE',  ( -0.3987158048003294764, 1.565685424949240012, 1.010050506338890042 ) ) ;
#4975 = ORIENTED_EDGE ( 'NONE', *, *, #8578, .T. ) ;
#4976 = CARTESIAN_POINT ( 'NONE',  ( 0.6546474358974356811, -1.469999999999999973, 5.653846153846141753 ) ) ;
#4977 = CARTESIAN_POINT ( 'NONE',  ( -0.7489983974358978003, -1.469999999999999973, 5.730769230769219291 ) ) ;
#4978 = CARTESIAN_POINT ( 'NONE',  ( 0.5308131447897942445, -1.469999999999999973, 5.775103731316901801 ) ) ;
#4979 = VECTOR ( 'NONE', #959, 1000.000000000000000 ) ;
#4980 = CARTESIAN_POINT ( 'NONE',  ( -3.299999999999925215, 0.3000000000000003775, 4.599999999999684341 ) ) ;
#4981 = ADVANCED_FACE ( 'NONE', ( #7480 ), #4700, .T. ) ;
#4982 = CARTESIAN_POINT ( 'NONE',  ( -3.999999999999903633, -2.799999999999999822, 13.90000000000002700 ) ) ;
#4983 = CARTESIAN_POINT ( 'NONE',  ( 4.000000000000052403, -1.500000000000000000, 7.399999999999972822 ) ) ;
#4984 = LINE ( 'NONE', #4272, #2174 ) ;
#4985 = CARTESIAN_POINT ( 'NONE',  ( 0.9743589743589740060, -1.469999999999999973, 6.499999999999988454 ) ) ;
#4986 = CARTESIAN_POINT ( 'NONE',  ( 2.397163174602952918, -2.799999999999999822, 5.970533498791833260 ) ) ;
#4987 = CARTESIAN_POINT ( 'NONE',  ( 0.3944673312126180109, -2.799999999999999822, 5.594090465912580967 ) ) ;
#4988 = LINE ( 'NONE', #2247, #7614 ) ;
#4989 = FILL_AREA_STYLE ('',( #2169 ) ) ;
#4990 = DIRECTION ( 'NONE',  ( -0.000000000000000000, -1.000000000000000000, -0.000000000000000000 ) ) ;
#4991 = DIRECTION ( 'NONE',  ( -0.000000000000000000, -1.000000000000000000, 0.000000000000000000 ) ) ;
#4992 = ORIENTED_EDGE ( 'NONE', *, *, #3362, .T. ) ;
#4993 = LINE ( 'NONE', #2134, #547 ) ;
#4994 =( NAMED_UNIT ( * ) SI_UNIT ( $, .STERADIAN. ) SOLID_ANGLE_UNIT ( ) );
#4995 = PRESENTATION_LAYER_ASSIGNMENT (  '', '', ( #3537 ) ) ;
#4996 = EDGE_LOOP ( 'NONE', ( #7582, #1955, #688, #9037 ) ) ;
#4997 = EDGE_CURVE ( 'NONE', #5898, #568, #5470, .T. ) ;
#4998 =( NAMED_UNIT ( * ) SI_UNIT ( $, .STERADIAN. ) SOLID_ANGLE_UNIT ( ) );
#4999 = LINE ( 'NONE', #5786, #4683 ) ;
#5000 = PRESENTATION_LAYER_ASSIGNMENT (  '', '', ( #8970 ) ) ;
#5001 = VECTOR ( 'NONE', #2617, 1000.000000000000000 ) ;
#5002 = ORIENTED_EDGE ( 'NONE', *, *, #6098, .T. ) ;
#5003 = SURFACE_STYLE_FILL_AREA ( #6393 ) ;
#5004 = CARTESIAN_POINT ( 'NONE',  ( 3.142333204958820020E-14, -2.799999999999999822, 4.500000000000000000 ) ) ;
#5005 = ORIENTED_EDGE ( 'NONE', *, *, #3900, .F. ) ;
#5006 = ADVANCED_FACE ( 'NONE', ( #9109 ), #1116, .T. ) ;
#5007 = VECTOR ( 'NONE', #6327, 1000.000000000000000 ) ;
#5008 = FACE_OUTER_BOUND ( 'NONE', #4793, .T. ) ;
#5009 = FILL_AREA_STYLE_COLOUR ( '', #8253 ) ;
#5010 = AXIS2_PLACEMENT_3D ( 'NONE', #1, #4921, #5703 ) ;
#5011 = ORIENTED_EDGE ( 'NONE', *, *, #6013, .F. ) ;
#5012 = CARTESIAN_POINT ( 'NONE',  ( 2.260416666666666075, -1.469999999999999973, 5.600961538461526779 ) ) ;
#5013 = EDGE_CURVE ( 'NONE', #2534, #8357, #4841, .T. ) ;
#5014 = EDGE_CURVE ( 'NONE', #2307, #8261, #631, .T. ) ;
#5015 = AXIS2_PLACEMENT_3D ( 'NONE', #3696, #834, #2096 ) ;
#5016 = CARTESIAN_POINT ( 'NONE',  ( 0.8000000000000203615, 0.5050252531694117142, 2.919238815542565479 ) ) ;
#5017 = ORIENTED_EDGE ( 'NONE', *, *, #2646, .F. ) ;
#5018 =( NAMED_UNIT ( * ) PLANE_ANGLE_UNIT ( ) SI_UNIT ( $, .RADIAN. ) );
#5019 = CARTESIAN_POINT ( 'NONE',  ( 0.7605840319499813651, -2.800000000000000711, 5.703865651432999506 ) ) ;
#5020 = VECTOR ( 'NONE', #4945, 1000.000000000000000 ) ;
#5021 = CARTESIAN_POINT ( 'NONE',  ( 0.5497945699170934120, -1.469999999999999973, 5.712231789916597080 ) ) ;
#5022 = PLANE ( 'NONE',  #7611 ) ;
#5023 = DIRECTION ( 'NONE',  ( 0.000000000000000000, -1.000000000000000000, 0.000000000000000000 ) ) ;
#5024 = AXIS2_PLACEMENT_3D ( 'NONE', #5725, #8437, #7832 ) ;
#5025 = CARTESIAN_POINT ( 'NONE',  ( -2.089743589743590313, -2.799999999999999822, 5.367988782051270391 ) ) ;
#5026 = AXIS2_PLACEMENT_3D ( 'NONE', #3790, #7961, #6585 ) ;
#5027 = CARTESIAN_POINT ( 'NONE',  ( 0.6546474358974356811, -2.799999999999999822, 5.653846153846141753 ) ) ;
#5028 = DIRECTION ( 'NONE',  ( -1.000000000000000000, 0.000000000000000000, 6.982962677686266711E-15 ) ) ;
#5029 = CARTESIAN_POINT ( 'NONE',  ( -3.300000000004136957, 0.3000000000000003775, 0.9000000000042099879 ) ) ;
#5030 = EDGE_CURVE ( 'NONE', #5848, #3359, #3451, .T. ) ;
#5031 =( LENGTH_UNIT ( ) NAMED_UNIT ( * ) SI_UNIT ( .MILLI., .METRE. ) );
#5032 = CARTESIAN_POINT ( 'NONE',  ( 2.308235486543442683, -1.469999999999999973, 5.657450228529654623 ) ) ;
#5033 = DIRECTION ( 'NONE',  ( -1.000000000000000000, 0.000000000000000000, 6.982962677686266711E-15 ) ) ;
#5034 =( NAMED_UNIT ( * ) SI_UNIT ( $, .STERADIAN. ) SOLID_ANGLE_UNIT ( ) );
#5035 = VERTEX_POINT ( 'NONE', #4743 ) ;
#5036 = SURFACE_STYLE_USAGE ( .BOTH. , #6421 ) ;
#5037 = SURFACE_STYLE_USAGE ( .BOTH. , #6422 ) ;
#5038 = VECTOR ( 'NONE', #6646, 1000.000000000000000 ) ;
#5039 = B_SPLINE_CURVE_WITH_KNOTS ( 'NONE', 3,
 ( #6538, #6452, #8647, #877, #4192, #5158, #6977, #7877, #7955, #1571, #4144, #3445, #6496, #195, #6254, #3490, #1735, #5246, #3128 ),
 .UNSPECIFIED., .F., .F.,
 ( 4, 1, 1, 1, 1, 1, 1, 1, 1, 1, 1, 1, 1, 1, 1, 1, 4 ),
 ( 0.000000000000000000, 0.06491793738228436583, 0.1264430184700134907, 0.1858787280862191360, 0.2430165727154060540, 0.3024911221532571304, 0.3693637297981691159, 0.4445722554588883435, 0.5291777480802881684, 0.5755169774892702206, 0.6254051839338137242, 0.6788683432357708325, 0.7356051207068704523, 0.7961888432153383377, 0.8601411452603567875, 0.9280644712954970732, 0.9999999999999998890 ),
 .UNSPECIFIED. ) ;
#5040 = ORIENTED_EDGE ( 'NONE', *, *, #4533, .T. ) ;
#5041 = DIRECTION ( 'NONE',  ( 0.000000000000000000, 1.000000000000000000, 0.000000000000000000 ) ) ;
#5042 = CARTESIAN_POINT ( 'NONE',  ( -0.3987158048003955901, 2.799999999999998934, -8.459999999999988418 ) ) ;
#5043 = VECTOR ( 'NONE', #4336, 1000.000000000000114 ) ;
#5044 = CARTESIAN_POINT ( 'NONE',  ( 2.397163174602952918, -1.469999999999999973, 5.970533498791833260 ) ) ;
#5045 = ADVANCED_FACE ( 'NONE', ( #7531 ), #8264, .F. ) ;
#5046 = ORIENTED_EDGE ( 'NONE', *, *, #6757, .F. ) ;
#5047 = DIRECTION ( 'NONE',  ( 0.000000000000000000, -1.000000000000000000, 0.000000000000000000 ) ) ;
#5048 = STYLED_ITEM ( 'NONE', ( #7682 ), #5045 ) ;
#5049 = EDGE_LOOP ( 'NONE', ( #4833, #1728, #6814 ) ) ;
#5050 = CARTESIAN_POINT ( 'NONE',  ( -0.7999999999999928280, 1.565685424949238458, 1.010050506338892484 ) ) ;
#5051 = EDGE_LOOP ( 'NONE', ( #255, #6890, #3485, #3641 ) ) ;
#5052 = CARTESIAN_POINT ( 'NONE',  ( -2.551282051282051544, -2.799999999999999822, 6.102564102564091542 ) ) ;
#5053 = DIRECTION ( 'NONE',  ( 0.000000000000000000, -1.000000000000000000, 0.000000000000000000 ) ) ;
#5054 = VERTEX_POINT ( 'NONE', #3670 ) ;
#5055 = CARTESIAN_POINT ( 'NONE',  ( -1.678886217948718507, -1.469999999999999973, 5.533854166666654528 ) ) ;
#5056 = COLOUR_RGB ( '',0.1019607843137254888, 0.1019607843137254888, 0.1019607843137254888 ) ;
#5057 = EDGE_CURVE ( 'NONE', #8278, #5691, #1623, .T. ) ;
#5058 = VERTEX_POINT ( 'NONE', #4460 ) ;
#5059 = LINE ( 'NONE', #2983, #3377 ) ;
#5060 = CARTESIAN_POINT ( 'NONE',  ( -1.599999999989117239, 0.3000000000000003775, 2.499999999994361843 ) ) ;
#5061 = CARTESIAN_POINT ( 'NONE',  ( 2.204875509584019344, -1.469999999999999529, 5.971679607841690718 ) ) ;
#5062 =( NAMED_UNIT ( * ) PLANE_ANGLE_UNIT ( ) SI_UNIT ( $, .RADIAN. ) );
#5063 = VECTOR ( 'NONE', #7834, 1000.000000000000000 ) ;
#5064 = EDGE_CURVE ( 'NONE', #7630, #8303, #7065, .T. ) ;
#5065 = CARTESIAN_POINT ( 'NONE',  ( 0.000000000000000000, -1.469999999999999973, 0.000000000000000000 ) ) ;
#5066 =( NAMED_UNIT ( * ) SI_UNIT ( $, .STERADIAN. ) SOLID_ANGLE_UNIT ( ) );
#5067 = CIRCLE ( 'NONE', #215, 0.7000000000000009548 ) ;
#5068 = AXIS2_PLACEMENT_3D ( 'NONE', #7626, #1357, #3372 ) ;
#5069 = DIRECTION ( 'NONE',  ( 6.982962677686266711E-15, 0.000000000000000000, 1.000000000000000000 ) ) ;
#5070 = DIRECTION ( 'NONE',  ( 0.000000000000000000, 0.000000000000000000, 1.000000000000000000 ) ) ;
#5071 = CARTESIAN_POINT ( 'NONE',  ( -4.999999999999968026, -1.500000000000000000, 3.900000000000040323 ) ) ;
#5072 = LINE ( 'NONE', #7305, #1826 ) ;
#5073 = CARTESIAN_POINT ( 'NONE',  ( -2.397532426435922570, -1.470000000000000862, 5.851092063285177503 ) ) ;
#5074 =( LENGTH_UNIT ( ) NAMED_UNIT ( * ) SI_UNIT ( .MILLI., .METRE. ) );
#5075 = LINE ( 'NONE', #7310, #6285 ) ;
#5076 = EDGE_CURVE ( 'NONE', #8631, #4916, #2920, .T. ) ;
#5077 = UNCERTAINTY_MEASURE_WITH_UNIT (LENGTH_MEASURE( 1.000000000000000082E-05 ), #2047, 'distance_accuracy_value', 'NONE');
#5078 = EDGE_CURVE ( 'NONE', #7193, #2723, #3715, .T. ) ;
#5079 = DIRECTION ( 'NONE',  ( 6.982962677686261977E-15, 0.000000000000000000, 1.000000000000000000 ) ) ;
#5080 = VECTOR ( 'NONE', #3818, 1000.000000000000000 ) ;
#5081 = FACE_OUTER_BOUND ( 'NONE', #942, .T. ) ;
#5082 = DIRECTION ( 'NONE',  ( -0.000000000000000000, -1.000000000000000000, -0.000000000000000000 ) ) ;
#5083 = CARTESIAN_POINT ( 'NONE',  ( 2.012204215627011905, -2.800000000000000266, 6.326177473778300531 ) ) ;
#5084 = DIRECTION ( 'NONE',  ( -1.000000000000000000, 0.000000000000000000, -0.000000000000000000 ) ) ;
#5085 = SURFACE_STYLE_USAGE ( .BOTH. , #3755 ) ;
#5086 = COLOUR_RGB ( '',0.1019607843137254888, 0.1019607843137254888, 0.1019607843137254888 ) ;
#5087 =( LENGTH_UNIT ( ) NAMED_UNIT ( * ) SI_UNIT ( .MILLI., .METRE. ) );
#5088 = ORIENTED_EDGE ( 'NONE', *, *, #3960, .T. ) ;
#5089 = DIRECTION ( 'NONE',  ( -0.9441483605107757748, 0.000000000000000000, 0.3295206721054299015 ) ) ;
#5090 = VECTOR ( 'NONE', #727, 1000.000000000000000 ) ;
#5091 =( NAMED_UNIT ( * ) SI_UNIT ( $, .STERADIAN. ) SOLID_ANGLE_UNIT ( ) );
#5092 = VERTEX_POINT ( 'NONE', #3632 ) ;
#5093 =( GEOMETRIC_REPRESENTATION_CONTEXT ( 3 ) GLOBAL_UNCERTAINTY_ASSIGNED_CONTEXT ( ( #2701 ) ) GLOBAL_UNIT_ASSIGNED_CONTEXT ( ( #6171, #7603, #1341 ) ) REPRESENTATION_CONTEXT ( 'NONE', 'WORKASPACE' ) );
#5094 = ORIENTED_EDGE ( 'NONE', *, *, #7255, .F. ) ;
#5095 = DIRECTION ( 'NONE',  ( -6.982962677686266711E-15, 0.000000000000000000, -1.000000000000000000 ) ) ;
#5096 = FACE_OUTER_BOUND ( 'NONE', #1592, .T. ) ;
#5097 = ORIENTED_EDGE ( 'NONE', *, *, #2271, .T. ) ;
#5098 = MECHANICAL_DESIGN_GEOMETRIC_PRESENTATION_REPRESENTATION (  '', ( #3180 ), #2875 ) ;
#5099 = CARTESIAN_POINT ( 'NONE',  ( 0.3998064119479434186, 2.200000000000000178, -3.500000000000002220 ) ) ;
#5100 = EDGE_LOOP ( 'NONE', ( #5855, #2923, #950, #8723 ) ) ;
#5101 = CARTESIAN_POINT ( 'NONE',  ( -2.519104690080674391, -1.470000000000000862, 6.099221058911898474 ) ) ;
#5102 = VERTEX_POINT ( 'NONE', #6465 ) ;
#5103 = SURFACE_STYLE_USAGE ( .BOTH. , #8731 ) ;
#5104 = CARTESIAN_POINT ( 'NONE',  ( 1.371794871794872028, -1.469999999999999973, 5.499999999999988454 ) ) ;
#5105 = ORIENTED_EDGE ( 'NONE', *, *, #3544, .T. ) ;
#5106 = DIRECTION ( 'NONE',  ( -6.840772228835708868E-15, 0.000000000000000000, -1.000000000000000000 ) ) ;
#5107 = CARTESIAN_POINT ( 'NONE',  ( 0.7808532977818640752, -1.470000000000000862, 5.507371008886814856 ) ) ;
#5108 = DIRECTION ( 'NONE',  ( 1.000000000000000000, -0.000000000000000000, -6.982962677686266711E-15 ) ) ;
#5109 = CARTESIAN_POINT ( 'NONE',  ( 5.000000000000138556, -1.499999999999999778, 19.99999999999996447 ) ) ;
#5110 = CARTESIAN_POINT ( 'NONE',  ( 0.5728078418308766295, -2.800000000000000266, 5.491787834541670854 ) ) ;
#5111 = CARTESIAN_POINT ( 'NONE',  ( -4.999999999999926281, 0.3000000000000003775, 4.500000000000034639 ) ) ;
#5112 = CARTESIAN_POINT ( 'NONE',  ( -1.952134623038910277, -2.799999999999999378, 5.218128286803536575 ) ) ;
#5113 = CARTESIAN_POINT ( 'NONE',  ( -4.999999999999962697, -1.500000000000000000, 4.596000000000033836 ) ) ;
#5114 = CARTESIAN_POINT ( 'NONE',  ( 2.237503707871706382, -2.799999999999999822, 6.419743318914738595 ) ) ;
#5115 = DIRECTION ( 'NONE',  ( -0.000000000000000000, -1.000000000000000000, -0.000000000000000000 ) ) ;
#5116 = VECTOR ( 'NONE', #7440, 1000.000000000000000 ) ;
#5117 = LINE ( 'NONE', #4953, #845 ) ;
#5118 = SURFACE_STYLE_FILL_AREA ( #7365 ) ;
#5119 = FACE_OUTER_BOUND ( 'NONE', #6308, .T. ) ;
#5121 = EDGE_CURVE ( 'NONE', #7338, #2976, #7189, .T. ) ;
#5120 = CARTESIAN_POINT ( 'NONE',  ( 2.205043037639109471, -2.799999999999998046, 6.009082274431063908 ) ) ;
#5122 = LINE ( 'NONE', #1622, #478 ) ;
#5123 = CARTESIAN_POINT ( 'NONE',  ( -1.599999999989103472, 0.3000000000000003775, 4.500000000000010658 ) ) ;
#5124 = ADVANCED_FACE ( 'NONE', ( #1548 ), #2180, .T. ) ;
#5125 = ADVANCED_FACE ( 'NONE', ( #207 ), #2222, .F. ) ;
#5126 = CARTESIAN_POINT ( 'NONE',  ( 4.702613746369828540, 1.672120038722168189, 4.499999999999967137 ) ) ;
#5127 = MECHANICAL_DESIGN_GEOMETRIC_PRESENTATION_REPRESENTATION (  '', ( #1013 ), #8058 ) ;
#5128 = FILL_AREA_STYLE ('',( #1760 ) ) ;
#5129 = ORIENTED_EDGE ( 'NONE', *, *, #8453, .F. ) ;
#5130 = FACE_OUTER_BOUND ( 'NONE', #4803, .T. ) ;
#5131 = EDGE_CURVE ( 'NONE', #5058, #8261, #5903, .T. ) ;
#5132 = ORIENTED_EDGE ( 'NONE', *, *, #8611, .T. ) ;
#5133 = CARTESIAN_POINT ( 'NONE',  ( -2.309456100110534926, -1.469999999999998641, 5.563932203463609838 ) ) ;
#5134 = DIRECTION ( 'NONE',  ( 0.000000000000000000, -0.000000000000000000, 1.000000000000000000 ) ) ;
#5135 = VECTOR ( 'NONE', #7031, 1000.000000000000000 ) ;
#5136 = CARTESIAN_POINT ( 'NONE',  ( -4.999999999999963585, -0.2999999999999999334, 4.500000000000034639 ) ) ;
#5137 = VERTEX_POINT ( 'NONE', #1029 ) ;
#5138 = VECTOR ( 'NONE', #7052, 1000.000000000000000 ) ;
#5139 = FACE_OUTER_BOUND ( 'NONE', #134, .T. ) ;
#5140 = VERTEX_POINT ( 'NONE', #1664 ) ;
#5141 = CARTESIAN_POINT ( 'NONE',  ( -2.331889817561660472, -2.800000000000000711, 5.543271641628080282 ) ) ;
#5142 = VERTEX_POINT ( 'NONE', #5879 ) ;
#5143 = FACE_OUTER_BOUND ( 'NONE', #1228, .T. ) ;
#5144 = FILL_AREA_STYLE_COLOUR ( '', #3906 ) ;
#5145 = CARTESIAN_POINT ( 'NONE',  ( 0.9692117785870224544, -1.469999999999999529, 5.760753779863325263 ) ) ;
#5146 = MECHANICAL_DESIGN_GEOMETRIC_PRESENTATION_REPRESENTATION (  '', ( #1343 ), #7936 ) ;
#5147 = STYLED_ITEM ( 'NONE', ( #4851 ), #7941 ) ;
#5148 = FACE_OUTER_BOUND ( 'NONE', #4420, .T. ) ;
#5149 = VERTEX_POINT ( 'NONE', #1128 ) ;
#5150 = PRESENTATION_STYLE_ASSIGNMENT (( #5289 ) ) ;
#5151 = LINE ( 'NONE', #4487, #3666 ) ;
#5152 = MECHANICAL_DESIGN_GEOMETRIC_PRESENTATION_REPRESENTATION (  '', ( #7496 ), #1185 ) ;
#5153 = CARTESIAN_POINT ( 'NONE',  ( 0.8000000000000320188, 0.3000000000000003775, 4.599999999999994316 ) ) ;
#5154 = MECHANICAL_DESIGN_GEOMETRIC_PRESENTATION_REPRESENTATION (  '', ( #8530 ), #2818 ) ;
#5155 = EDGE_CURVE ( 'NONE', #6905, #8210, #4605, .T. ) ;
#5156 = LINE ( 'NONE', #7954, #1047 ) ;
#5157 = ADVANCED_FACE ( 'NONE', ( #2384 ), #6052, .T. ) ;
#5158 = CARTESIAN_POINT ( 'NONE',  ( 2.128854768366281736, -2.800000000000000266, 5.717863466861222932 ) ) ;
#5159 = FILL_AREA_STYLE_COLOUR ( '', #3407 ) ;
#5160 =( LENGTH_UNIT ( ) NAMED_UNIT ( * ) SI_UNIT ( .MILLI., .METRE. ) );
#5161 =( LENGTH_UNIT ( ) NAMED_UNIT ( * ) SI_UNIT ( .MILLI., .METRE. ) );
#5162 = LINE ( 'NONE', #6457, #2898 ) ;
#5163 = CARTESIAN_POINT ( 'NONE',  ( 2.253950863527919513, -1.469999999999999973, 6.404673887700690571 ) ) ;
#5164 = VECTOR ( 'NONE', #5070, 1000.000000000000000 ) ;
#5165 = EDGE_CURVE ( 'NONE', #1319, #3149, #2536, .T. ) ;
#5166 = VECTOR ( 'NONE', #8231, 1000.000000000000000 ) ;
#5167 = DIRECTION ( 'NONE',  ( -6.982962677686266711E-15, 0.000000000000000000, -1.000000000000000000 ) ) ;
#5168 = FILL_AREA_STYLE ('',( #2337 ) ) ;
#5169 = PRESENTATION_STYLE_ASSIGNMENT (( #1068 ) ) ;
#5170 =( LENGTH_UNIT ( ) NAMED_UNIT ( * ) SI_UNIT ( .MILLI., .METRE. ) );
#5171 = CARTESIAN_POINT ( 'NONE',  ( 2.062488106113114839, -1.469999999999999973, 6.492816232811795096 ) ) ;
#5172 = DIRECTION ( 'NONE',  ( 6.982962677686266711E-15, 0.000000000000000000, 1.000000000000000000 ) ) ;
#5173 = LINE ( 'NONE', #1024, #1377 ) ;
#5174 = DIRECTION ( 'NONE',  ( -0.000000000000000000, -1.000000000000000000, -0.000000000000000000 ) ) ;
#5175 = EDGE_CURVE ( 'NONE', #8909, #8210, #8809, .T. ) ;
#5176 = STYLED_ITEM ( 'NONE', ( #4281 ), #5397 ) ;
#5177 =( GEOMETRIC_REPRESENTATION_CONTEXT ( 3 ) GLOBAL_UNCERTAINTY_ASSIGNED_CONTEXT ( ( #1038 ) ) GLOBAL_UNIT_ASSIGNED_CONTEXT ( ( #627, #6156, #4696 ) ) REPRESENTATION_CONTEXT ( 'NONE', 'WORKASPACE' ) );
#5178 = PRESENTATION_STYLE_ASSIGNMENT (( #3145 ) ) ;
#5179 = ORIENTED_EDGE ( 'NONE', *, *, #8532, .T. ) ;
#5180 = LINE ( 'NONE', #6648, #5922 ) ;
#5181 = DIRECTION ( 'NONE',  ( 6.982962677686266711E-15, -0.000000000000000000, 1.000000000000000000 ) ) ;
#5182 = APPLICATION_PROTOCOL_DEFINITION ( 'draft international standard', 'automotive_design', 1998, #2585 ) ;
#5183 = ORIENTED_EDGE ( 'NONE', *, *, #7461, .T. ) ;
#5184 = CARTESIAN_POINT ( 'NONE',  ( -2.491185897435898688, -1.470000000000000417, 5.487179487179476567 ) ) ;
#5185 = VECTOR ( 'NONE', #8090, 1000.000000000000000 ) ;
#5186 = COLOUR_RGB ( '',0.8980392156862745390, 0.8980392156862745390, 0.8980392156862745390 ) ;
#5187 = CARTESIAN_POINT ( 'NONE',  ( 2.564102564102564319, -1.469999999999999973, 5.499999999999988454 ) ) ;
#5188 = ORIENTED_EDGE ( 'NONE', *, *, #3041, .T. ) ;
#5189 = ADVANCED_FACE ( 'NONE', ( #3233 ), #1708, .F. ) ;
#5190 = CARTESIAN_POINT ( 'NONE',  ( 2.900000000000031442, 0.3000000000000003775, 4.499999999999979572 ) ) ;
#5191 = ORIENTED_EDGE ( 'NONE', *, *, #7333, .F. ) ;
#5192 = VECTOR ( 'NONE', #7236, 999.9999999999998863 ) ;
#5193 = CARTESIAN_POINT ( 'NONE',  ( -2.225185288600939337, -2.799999999999999822, 5.709173873001359034 ) ) ;
#5194 = EDGE_LOOP ( 'NONE', ( #653, #9056, #4975, #2687 ) ) ;
#5195 =( NAMED_UNIT ( * ) PLANE_ANGLE_UNIT ( ) SI_UNIT ( $, .RADIAN. ) );
#5196 = DIRECTION ( 'NONE',  ( 6.982962677686266711E-15, 0.000000000000000000, 1.000000000000000000 ) ) ;
#5197 = CARTESIAN_POINT ( 'NONE',  ( -0.5576923076923080425, -1.469999999999999973, 6.256410256410244841 ) ) ;
#5198 = VERTEX_POINT ( 'NONE', #8397 ) ;
#5199 =( GEOMETRIC_REPRESENTATION_CONTEXT ( 3 ) GLOBAL_UNCERTAINTY_ASSIGNED_CONTEXT ( ( #3616 ) ) GLOBAL_UNIT_ASSIGNED_CONTEXT ( ( #8451, #7766, #4998 ) ) REPRESENTATION_CONTEXT ( 'NONE', 'WORKASPACE' ) );
#5200 = CARTESIAN_POINT ( 'NONE',  ( 1.973763423819862250, -2.799999999999999378, 5.668020832968368339 ) ) ;
#5201 = PRESENTATION_STYLE_ASSIGNMENT (( #7349 ) ) ;
#5202 = SURFACE_STYLE_FILL_AREA ( #2369 ) ;
#5203 = CARTESIAN_POINT ( 'NONE',  ( -2.333409364274580788, -1.470000000000000417, 6.190016958015402970 ) ) ;
#5204 = CARTESIAN_POINT ( 'NONE',  ( -2.462536858378067350, -2.800000000000000266, 5.659658746414524266 ) ) ;
#5205 = DIRECTION ( 'NONE',  ( -6.982962677686266711E-15, 0.000000000000000000, -1.000000000000000000 ) ) ;
#5206 = CARTESIAN_POINT ( 'NONE',  ( -2.403067943242244375, -1.470000000000000417, 5.946382710083815581 ) ) ;
#5207 = CARTESIAN_POINT ( 'NONE',  ( 2.266106048611373325, -2.799999999999999378, 5.606763761436009297 ) ) ;
#5208 = CARTESIAN_POINT ( 'NONE',  ( -2.397526269430803492, -2.799999999999999822, 5.871130639855229205 ) ) ;
#5209 = CARTESIAN_POINT ( 'NONE',  ( 2.275519193039999166, -1.469999999999999085, 6.383613365294649178 ) ) ;
#5210 =( NAMED_UNIT ( * ) SI_UNIT ( $, .STERADIAN. ) SOLID_ANGLE_UNIT ( ) );
#5211 = DIRECTION ( 'NONE',  ( 0.000000000000000000, -1.000000000000000000, 0.000000000000000000 ) ) ;
#5212 = CARTESIAN_POINT ( 'NONE',  ( 0.7605840319499813651, -1.470000000000001306, 5.703865651432999506 ) ) ;
#5213 = DIRECTION ( 'NONE',  ( 0.000000000000000000, -1.000000000000000000, 0.000000000000000000 ) ) ;
#5214 = DIRECTION ( 'NONE',  ( 0.000000000000000000, -0.000000000000000000, 1.000000000000000000 ) ) ;
#5215 = CARTESIAN_POINT ( 'NONE',  ( 2.120192307692307931, -1.469999999999999973, 6.480969551282039554 ) ) ;
#5216 = CARTESIAN_POINT ( 'NONE',  ( 0.8000000000000173639, 0.08076118445748221852, 2.494974746830636469 ) ) ;
#5217 = SURFACE_SIDE_STYLE ('',( #8760 ) ) ;
#5218 = DIRECTION ( 'NONE',  ( -6.982962677686266711E-15, 0.000000000000000000, -1.000000000000000000 ) ) ;
#5219 = CARTESIAN_POINT ( 'NONE',  ( 1.371794871794872028, -1.469999999999999973, 5.692307692307680966 ) ) ;
#5220 = ORIENTED_EDGE ( 'NONE', *, *, #2889, .F. ) ;
#5221 = VECTOR ( 'NONE', #702, 1000.000000000000114 ) ;
#5222 = CARTESIAN_POINT ( 'NONE',  ( -1.599999999989117239, -0.2999999999999999334, 2.499999999994361843 ) ) ;
#5223 = CARTESIAN_POINT ( 'NONE',  ( 2.110183031277635735, -1.469999999999999085, 5.703951860623121206 ) ) ;
#5224 = ORIENTED_EDGE ( 'NONE', *, *, #1494, .T. ) ;
#5225 = CARTESIAN_POINT ( 'NONE',  ( -2.251548869429211397, -2.799999999999997602, 5.642952581988510019 ) ) ;
#5226 = DIRECTION ( 'NONE',  ( 1.000000000000000000, -0.000000000000000000, -6.982962677686266711E-15 ) ) ;
#5227 = ORIENTED_EDGE ( 'NONE', *, *, #3209, .F. ) ;
#5228 = CARTESIAN_POINT ( 'NONE',  ( -0.7999999999999884981, 0.9259144981615097247, 1.649821433126621884 ) ) ;
#5229 = EDGE_CURVE ( 'NONE', #2399, #3359, #4734, .T. ) ;
#5230 = SURFACE_STYLE_USAGE ( .BOTH. , #2398 ) ;
#5231 = ORIENTED_EDGE ( 'NONE', *, *, #3847, .F. ) ;
#5232 = CARTESIAN_POINT ( 'NONE',  ( -2.397435897435897800, -1.469999999999999973, 5.860777243589732066 ) ) ;
#5233 = ORIENTED_EDGE ( 'NONE', *, *, #2596, .T. ) ;
#5234 = SURFACE_SIDE_STYLE ('',( #6754 ) ) ;
#5235 = LINE ( 'NONE', #1680, #8157 ) ;
#5236 = CARTESIAN_POINT ( 'NONE',  ( 0.9543424819572993156, -1.469999999999999973, 5.685273738575832070 ) ) ;
#5237 = ADVANCED_FACE ( 'NONE', ( #6104 ), #7673, .T. ) ;
#5238 = CARTESIAN_POINT ( 'NONE',  ( -3.299999999999967848, -0.2999999999999999334, 4.600000000000023626 ) ) ;
#5239 = EDGE_CURVE ( 'NONE', #7250, #8357, #5457, .T. ) ;
#5240 = ORIENTED_EDGE ( 'NONE', *, *, #3621, .T. ) ;
#5241 = EDGE_CURVE ( 'NONE', #3803, #695, #2636, .T. ) ;
#5242 = COLOUR_RGB ( '',0.8980392156862745390, 0.8980392156862745390, 0.8980392156862745390 ) ;
#5243 = AXIS2_PLACEMENT_3D ( 'NONE', #4473, #6659, #991 ) ;
#5244 = PLANE ( 'NONE',  #1719 ) ;
#5245 = DIRECTION ( 'NONE',  ( -0.000000000000000000, -1.000000000000000000, -0.000000000000000000 ) ) ;
#5246 = CARTESIAN_POINT ( 'NONE',  ( 2.205042377603997128, -2.799999999999999822, 5.990116472665630631 ) ) ;
#5247 = CARTESIAN_POINT ( 'NONE',  ( -2.450984251148510040, -2.799999999999999822, 5.671105005672925081 ) ) ;
#5248 =( NAMED_UNIT ( * ) PLANE_ANGLE_UNIT ( ) SI_UNIT ( $, .RADIAN. ) );
#5249 = CARTESIAN_POINT ( 'NONE',  ( -2.413798809452611049, -2.799999999999999822, 5.992819788162291772 ) ) ;
#5250 = CARTESIAN_POINT ( 'NONE',  ( 0.3998064119479778911, 1.989949493661168356, 1.434314575050813056 ) ) ;
#5251 = EDGE_CURVE ( 'NONE', #3205, #4718, #7519, .T. ) ;
#5252 = ORIENTED_EDGE ( 'NONE', *, *, #6144, .T. ) ;
#5253 = CARTESIAN_POINT ( 'NONE',  ( -2.534937787028508360, -2.799999999999999822, 6.102227168464152918 ) ) ;
#5254 = CARTESIAN_POINT ( 'NONE',  ( 2.141564441293199117, -1.470000000000000417, 6.474004039469430261 ) ) ;
#5255 =( NAMED_UNIT ( * ) SI_UNIT ( $, .STERADIAN. ) SOLID_ANGLE_UNIT ( ) );
#5256 = CARTESIAN_POINT ( 'NONE',  ( -3.300000000004136957, -0.2999999999999999334, 0.9000000000042099879 ) ) ;
#5257 = CARTESIAN_POINT ( 'NONE',  ( 0.9525240384615379918, -1.469999999999999973, 5.679487179487167303 ) ) ;
#5258 = CARTESIAN_POINT ( 'NONE',  ( -1.791996608679296665, -2.800000000000000266, 5.282067407625810063 ) ) ;
#5259 = CARTESIAN_POINT ( 'NONE',  ( -1.883413461538461897, -1.469999999999999973, 5.499999999999988454 ) ) ;
#5260 = CARTESIAN_POINT ( 'NONE',  ( 2.079713370053583255, -1.469999999999999973, 6.306422843464059902 ) ) ;
#5261 =( NAMED_UNIT ( * ) PLANE_ANGLE_UNIT ( ) SI_UNIT ( $, .RADIAN. ) );
#5262 = CARTESIAN_POINT ( 'NONE',  ( 2.232224149323073892, -2.799999999999999378, 5.575607786009437739 ) ) ;
#5263 = ORIENTED_EDGE ( 'NONE', *, *, #5749, .T. ) ;
#5264 = VECTOR ( 'NONE', #2458, 1000.000000000000000 ) ;
#5265 = CARTESIAN_POINT ( 'NONE',  ( 2.189004767896651771, -2.799999999999999378, 6.161995469118012991 ) ) ;
#5266 = ORIENTED_EDGE ( 'NONE', *, *, #5978, .F. ) ;
#5267 = CARTESIAN_POINT ( 'NONE',  ( -0.3987158048003295319, 2.419238815542539278, 1.005025253169414157 ) ) ;
#5268 = EDGE_CURVE ( 'NONE', #4541, #7517, #671, .T. ) ;
#5269 = ORIENTED_EDGE ( 'NONE', *, *, #7786, .T. ) ;
#5270 = CARTESIAN_POINT ( 'NONE',  ( 0.7258184399322022973, -1.469999999999999529, 5.668517067788990893 ) ) ;
#5271 = CARTESIAN_POINT ( 'NONE',  ( 1.851562499999999556, -2.799999999999999822, 6.333333333333321491 ) ) ;
#5272 = CARTESIAN_POINT ( 'NONE',  ( -2.237078251447398358, -1.470000000000000417, 5.674717576903155702 ) ) ;
#5273 = UNCERTAINTY_MEASURE_WITH_UNIT (LENGTH_MEASURE( 1.000000000000000082E-05 ), #2164, 'distance_accuracy_value', 'NONE');
#5274 = DIRECTION ( 'NONE',  ( 0.000000000000000000, 0.000000000000000000, 1.000000000000000000 ) ) ;
#5275 = ORIENTED_EDGE ( 'NONE', *, *, #2663, .T. ) ;
#5276 = VECTOR ( 'NONE', #1823, 1000.000000000000000 ) ;
#5277 =( NAMED_UNIT ( * ) PLANE_ANGLE_UNIT ( ) SI_UNIT ( $, .RADIAN. ) );
#5278 = DIRECTION ( 'NONE',  ( -0.000000000000000000, -1.000000000000000000, -0.000000000000000000 ) ) ;
#5279 = ORIENTED_EDGE ( 'NONE', *, *, #6889, .T. ) ;
#5280 = CARTESIAN_POINT ( 'NONE',  ( -2.491185897435898688, -2.800000000000000266, 5.487179487179476567 ) ) ;
#5281 = ORIENTED_EDGE ( 'NONE', *, *, #1854, .T. ) ;
#5282 =( LENGTH_UNIT ( ) NAMED_UNIT ( * ) SI_UNIT ( .MILLI., .METRE. ) );
#5283 = EDGE_CURVE ( 'NONE', #3195, #258, #3703, .T. ) ;
#5284 = DIRECTION ( 'NONE',  ( 6.982962677686266711E-15, 0.000000000000000000, 1.000000000000000000 ) ) ;
#5285 = VECTOR ( 'NONE', #4057, 1000.000000000000000 ) ;
#5286 = CARTESIAN_POINT ( 'NONE',  ( -2.700687507402145915, -1.470000000000000417, 5.800973135173286721 ) ) ;
#5287 = UNCERTAINTY_MEASURE_WITH_UNIT (LENGTH_MEASURE( 1.000000000000000082E-05 ), #2434, 'distance_accuracy_value', 'NONE');
#5288 = VERTEX_POINT ( 'NONE', #7631 ) ;
#5289 = SURFACE_STYLE_USAGE ( .BOTH. , #2322 ) ;
#5290 = ADVANCED_FACE ( 'NONE', ( #6198 ), #9003, .F. ) ;
#5291 = CARTESIAN_POINT ( 'NONE',  ( 2.031629406659660741, -2.799999999999999822, 5.673909300767248531 ) ) ;
#5292 = SURFACE_STYLE_USAGE ( .BOTH. , #232 ) ;
#5293 = DIRECTION ( 'NONE',  ( -6.982962677686266711E-15, 0.000000000000000000, -1.000000000000000000 ) ) ;
#5294 = CARTESIAN_POINT ( 'NONE',  ( -2.269024545803519199, -1.469999999999999973, 6.122708297071136840 ) ) ;
#5295 = AXIS2_PLACEMENT_3D ( 'NONE', #8678, #1723, #4570 ) ;
#5296 = DIRECTION ( 'NONE',  ( 0.000000000000000000, 1.000000000000000000, 0.000000000000000000 ) ) ;
#5297 = CARTESIAN_POINT ( 'NONE',  ( -2.397526269430803492, -2.800000000000000266, 5.871130639855229205 ) ) ;
#5298 = ORIENTED_EDGE ( 'NONE', *, *, #5241, .T. ) ;
#5299 = FILL_AREA_STYLE ('',( #7458 ) ) ;
#5300 = PRESENTATION_LAYER_ASSIGNMENT (  '', '', ( #6340 ) ) ;
#5301 = DIRECTION ( 'NONE',  ( -0.000000000000000000, -1.000000000000000000, -0.000000000000000000 ) ) ;
#5302 = AXIS2_PLACEMENT_3D ( 'NONE', #2042, #6869, #3371 ) ;
#5303 = CARTESIAN_POINT ( 'NONE',  ( -2.683903411397021710, -1.470000000000000417, 6.167090008248317545 ) ) ;
#5304 = CARTESIAN_POINT ( 'NONE',  ( 0.9624049397477906220, -1.469999999999999973, 5.716780055835676499 ) ) ;
#5305 = B_SPLINE_SURFACE_WITH_KNOTS ( 'NONE', 3, 1, ( 
 ( #6723, #5949 ),
 ( #8791, #8086 ),
 ( #6042, #8834 ),
 ( #411, #2514 ),
 ( #8135, #1831 ),
 ( #4671, #2370 ),
 ( #7453, #2565 ),
 ( #5203, #1155 ),
 ( #6764, #456 ),
 ( #3264, #7994 ),
 ( #3782, #6084 ),
 ( #5394, #1649 ),
 ( #4535, #4489 ),
 ( #7260, #962 ),
 ( #1692, #7304 ),
 ( #6621, #1004 ),
 ( #3827, #319 ),
 ( #1980, #6175 ),
 ( #7553, #9082 ) ),
 .UNSPECIFIED., .F., .F., .F.,
 ( 4, 1, 1, 1, 1, 1, 1, 1, 1, 1, 1, 1, 1, 1, 1, 1, 4 ),
 ( 2, 2 ),
 ( 0.000000000000000000, 0.05892065654309121964, 0.1154451139571796986, 0.1708239920244375709, 0.2254129261753534397, 0.2800854821444455078, 0.3351972027326541315, 0.3916021685150015141, 0.4499354139639966110, 0.5097815886831620347, 0.5710632498942307400, 0.6341209034282040413, 0.6998183222750754551, 0.7687462202515921161, 0.8417860478705472271, 0.9186004019496650796, 1.000000000000000000 ),
 ( 0.000000000000000000, 1.000000000000000000 ),
 .UNSPECIFIED. ) ;
#5306 = LINE ( 'NONE', #6682, #7516 ) ;
#5307 = CARTESIAN_POINT ( 'NONE',  ( -1.628205128205128638, -1.469999999999999973, 6.230769230769219291 ) ) ;
#5308 = CARTESIAN_POINT ( 'NONE',  ( 2.015195044360678089, -1.469999999999999529, 6.497659587360347544 ) ) ;
#5309 =( LENGTH_UNIT ( ) NAMED_UNIT ( * ) SI_UNIT ( .MILLI., .METRE. ) );
#5310 = FILL_AREA_STYLE_COLOUR ( '', #1793 ) ;
#5311 = CARTESIAN_POINT ( 'NONE',  ( -0.6608573717948721393, -1.469999999999999973, 6.499999999999988454 ) ) ;
#5312 = ORIENTED_EDGE ( 'NONE', *, *, #6909, .T. ) ;
#5313 = MECHANICAL_DESIGN_GEOMETRIC_PRESENTATION_REPRESENTATION (  '', ( #3571 ), #4885 ) ;
#5314 = DIRECTION ( 'NONE',  ( -1.000000000000000000, 0.000000000000000000, 0.000000000000000000 ) ) ;
#5315 = CARTESIAN_POINT ( 'NONE',  ( 9.706318121983909465E-14, -1.499999999999999778, 13.89999999999999858 ) ) ;
#5316 = VECTOR ( 'NONE', #1067, 1000.000000000000114 ) ;
#5317 = ORIENTED_EDGE ( 'NONE', *, *, #2933, .F. ) ;
#5318 = VECTOR ( 'NONE', #1283, 1000.000000000000000 ) ;
#5319 = EDGE_LOOP ( 'NONE', ( #3013, #13, #4296, #1370 ) ) ;
#5320 = CARTESIAN_POINT ( 'NONE',  ( -0.8999999999999831468, 0.1480970388563068729, 2.427638892431824846 ) ) ;
#5321 = LINE ( 'NONE', #8716, #874 ) ;
#5322 = CARTESIAN_POINT ( 'NONE',  ( -4.999999999999925393, 0.3000000000000003775, 4.599999999999695888 ) ) ;
#5323 = EDGE_CURVE ( 'NONE', #7492, #4050, #800, .T. ) ;
#5324 = COLOUR_RGB ( '',0.1019607843137254888, 0.1019607843137254888, 0.1019607843137254888 ) ;
#5325 = STYLED_ITEM ( 'NONE', ( #4559 ), #1804 ) ;
#5326 = CARTESIAN_POINT ( 'NONE',  ( -2.636771470884442969, -1.470000000000000417, 6.204853622095911625 ) ) ;
#5327 = ORIENTED_EDGE ( 'NONE', *, *, #3701, .T. ) ;
#5328 = EDGE_CURVE ( 'NONE', #4438, #349, #2960, .T. ) ;
#5329 = PLANE ( 'NONE',  #3954 ) ;
#5330 = EDGE_LOOP ( 'NONE', ( #1635, #8600, #1414, #815 ) ) ;
#5331 = CARTESIAN_POINT ( 'NONE',  ( -2.696716918112601391, -2.799999999999999378, 5.778559901765237150 ) ) ;
#5332 = EDGE_LOOP ( 'NONE', ( #1905, #1345, #8399, #2694 ) ) ;
#5333 = SURFACE_STYLE_USAGE ( .BOTH. , #403 ) ;
#5334 = PRESENTATION_LAYER_ASSIGNMENT (  '', '', ( #4908 ) ) ;
#5335 = FACE_OUTER_BOUND ( 'NONE', #4306, .T. ) ;
#5336 = COLOUR_RGB ( '',0.1019607843137254888, 0.1019607843137254888, 0.1019607843137254888 ) ;
#5337 = CARTESIAN_POINT ( 'NONE',  ( 0.3336207659419238580, -1.469999999999999529, 5.807282712181268458 ) ) ;
#5338 = ORIENTED_EDGE ( 'NONE', *, *, #4468, .F. ) ;
#5339 = ADVANCED_FACE ( 'NONE', ( #4413 ), #6335, .F. ) ;
#5340 = CARTESIAN_POINT ( 'NONE',  ( -2.635053441599016111, -2.799999999999999378, 5.532126281430818970 ) ) ;
#5341 = PLANE ( 'NONE',  #4677 ) ;
#5342 = AXIS2_PLACEMENT_3D ( 'NONE', #1504, #8488, #125 ) ;
#5343 =( NAMED_UNIT ( * ) SI_UNIT ( $, .STERADIAN. ) SOLID_ANGLE_UNIT ( ) );
#5344 = PRESENTATION_STYLE_ASSIGNMENT (( #8741 ) ) ;
#5345 = CARTESIAN_POINT ( 'NONE',  ( -2.288654955799058310, -1.470000000000000862, 6.148007540672046467 ) ) ;
#5346 = CARTESIAN_POINT ( 'NONE',  ( -3.299999999999967848, 0.3000000000000003775, 4.600000000000023626 ) ) ;
#5347 = LINE ( 'NONE', #6133, #1953 ) ;
#5348 = ORIENTED_EDGE ( 'NONE', *, *, #7906, .F. ) ;
#5349 = CARTESIAN_POINT ( 'NONE',  ( 2.018408456987009991, -1.469999999999999085, 5.502756934279689816 ) ) ;
#5350 = ADVANCED_BREP_SHAPE_REPRESENTATION ( 'TO-220_V3PBS-1x2,5_a', ( #7540, #7313, #4442, #7578, #1509, #6276 ), #4236 ) ;
#5351 = CARTESIAN_POINT ( 'NONE',  ( -3.299999999999926104, 0.3000000000000003775, 4.500000000000023093 ) ) ;
#5352 = CARTESIAN_POINT ( 'NONE',  ( 0.9692117785870224544, -1.469999999999999529, 5.760753779863325263 ) ) ;
#5353 = EDGE_CURVE ( 'NONE', #6232, #428, #2877, .T. ) ;
#5354 = CARTESIAN_POINT ( 'NONE',  ( 1.179487179487178850, -1.469999999999999973, 5.499999999999988454 ) ) ;
#5355 = CARTESIAN_POINT ( 'NONE',  ( 0.6382575556987931664, -1.469999999999999529, 5.654232375324574456 ) ) ;
#5356 = CARTESIAN_POINT ( 'NONE',  ( 0.5266487180373409238, -2.799999999999999822, 5.812671867135252413 ) ) ;
#5357 = CARTESIAN_POINT ( 'NONE',  ( -0.4567307692307696065, -1.469999999999999973, 6.499999999999988454 ) ) ;
#5358 = EDGE_CURVE ( 'NONE', #5035, #6174, #7140, .T. ) ;
#5359 = CARTESIAN_POINT ( 'NONE',  ( 2.397435897435897356, -1.469999999999999973, 5.990384615384604317 ) ) ;
#5360 = ORIENTED_EDGE ( 'NONE', *, *, #339, .F. ) ;
#5361 = PRESENTATION_STYLE_ASSIGNMENT (( #2535 ) ) ;
#5362 = SURFACE_STYLE_FILL_AREA ( #4556 ) ;
#5363 = ORIENTED_EDGE ( 'NONE', *, *, #7929, .F. ) ;
#5364 = PRESENTATION_LAYER_ASSIGNMENT (  '', '', ( #3752 ) ) ;
#5365 = VECTOR ( 'NONE', #6550, 1000.000000000000000 ) ;
#5366 = VERTEX_POINT ( 'NONE', #4328 ) ;
#5367 = B_SPLINE_CURVE_WITH_KNOTS ( 'NONE', 3,
 ( #5586, #8928, #6815, #4810, #4761, #1254, #6273 ),
 .UNSPECIFIED., .F., .F.,
 ( 4, 1, 1, 1, 4 ),
 ( 0.000000000000000000, 0.2758019848605574587, 0.5333955013403324230, 0.7740733405834405723, 1.000000000000000000 ),
 .UNSPECIFIED. ) ;
#5368 = CARTESIAN_POINT ( 'NONE',  ( -0.7999999999999855005, 1.350178566873438069, 2.074085501838550449 ) ) ;
#5369 = ORIENTED_EDGE ( 'NONE', *, *, #2036, .T. ) ;
#5370 = PLANE ( 'NONE',  #5775 ) ;
#5371 = CARTESIAN_POINT ( 'NONE',  ( 0.7561194990465466281, -2.799999999999998934, 5.499990069081776234 ) ) ;
#5372 = STYLED_ITEM ( 'NONE', ( #3129 ), #639 ) ;
#5373 =( LENGTH_UNIT ( ) NAMED_UNIT ( * ) SI_UNIT ( .MILLI., .METRE. ) );
#5374 = UNCERTAINTY_MEASURE_WITH_UNIT (LENGTH_MEASURE( 1.000000000000000082E-05 ), #3812, 'distance_accuracy_value', 'NONE');
#5375 = LINE ( 'NONE', #3903, #4632 ) ;
#5376 = EDGE_LOOP ( 'NONE', ( #8235, #8369, #306, #126 ) ) ;
#5377 = CARTESIAN_POINT ( 'NONE',  ( -1.678886217948718507, -1.469999999999999973, 5.533854166666654528 ) ) ;
#5378 = B_SPLINE_CURVE_WITH_KNOTS ( 'NONE', 3,
 ( #2112, #4931, #1199, #4017, #499, #3307, #2616, #1929, #5672, #3558, #8464 ),
 .UNSPECIFIED., .F., .F.,
 ( 4, 1, 1, 1, 1, 1, 1, 1, 4 ),
 ( 0.000000000000000000, 0.1279572884567375390, 0.2518358813209021774, 0.3724653148709115569, 0.4900062121123822667, 0.6100688636692254141, 0.7347652879532501347, 0.8640949232734227436, 1.000000000000000000 ),
 .UNSPECIFIED. ) ;
#5379 = PRESENTATION_LAYER_ASSIGNMENT (  '', '', ( #225 ) ) ;
#5380 = LINE ( 'NONE', #6802, #2622 ) ;
#5381 =( LENGTH_UNIT ( ) NAMED_UNIT ( * ) SI_UNIT ( .MILLI., .METRE. ) );
#5382 = ORIENTED_EDGE ( 'NONE', *, *, #3629, .T. ) ;
#5383 = LINE ( 'NONE', #8177, #5285 ) ;
#5384 =( NAMED_UNIT ( * ) PLANE_ANGLE_UNIT ( ) SI_UNIT ( $, .RADIAN. ) );
#5385 = CARTESIAN_POINT ( 'NONE',  ( 0.4133721509282119455, -2.799999999999999378, 5.571626769892507269 ) ) ;
#5386 = B_SPLINE_SURFACE_WITH_KNOTS ( 'NONE', 3, 1, ( 
 ( #7654, #2073 ),
 ( #654, #4066 ),
 ( #554, #1879 ),
 ( #2724, #4022 ),
 ( #502, #3310 ),
 ( #8187, #8981 ),
 ( #1299, #6906 ),
 ( #8338, #8378 ),
 ( #2619, #6957 ),
 ( #4119, #3469 ),
 ( #4893, #7699 ) ),
 .UNSPECIFIED., .F., .F., .F.,
 ( 4, 1, 1, 1, 1, 1, 1, 1, 4 ),
 ( 2, 2 ),
 ( 0.000000000000000000, 0.1574696105658194845, 0.3066299103822043848, 0.4453947960140404727, 0.5739867641878370064, 0.6944366174725862262, 0.8048975949917163142, 0.9068122228658742623, 1.000000000000000000 ),
 ( 0.000000000000000000, 1.000000000000000000 ),
 .UNSPECIFIED. ) ;
#5387 = UNCERTAINTY_MEASURE_WITH_UNIT (LENGTH_MEASURE( 1.000000000000000082E-05 ), #2527, 'distance_accuracy_value', 'NONE');
#5388 = ORIENTED_EDGE ( 'NONE', *, *, #2185, .T. ) ;
#5389 = VECTOR ( 'NONE', #4909, 1000.000000000000000 ) ;
#5390 = CARTESIAN_POINT ( 'NONE',  ( -1.953597252502870196, -2.799999999999998046, 5.374096926606503288 ) ) ;
#5391 = CARTESIAN_POINT ( 'NONE',  ( 2.019478003467438665, -1.469999999999999973, 5.671865733680429678 ) ) ;
#5392 = CARTESIAN_POINT ( 'NONE',  ( 0.3333333333333330373, -2.799999999999999822, 5.820512820512808716 ) ) ;
#5393 = EDGE_LOOP ( 'NONE', ( #4137, #6910, #2364, #3064 ) ) ;
#5394 = CARTESIAN_POINT ( 'NONE',  ( -2.251679481903679392, -1.469999999999999529, 6.094783925733960217 ) ) ;
#5395 = SURFACE_SIDE_STYLE ('',( #4068 ) ) ;
#5396 = CARTESIAN_POINT ( 'NONE',  ( -2.545792358255155818, -2.799999999999999378, 6.102450933518958287 ) ) ;
#5397 = ADVANCED_FACE ( 'NONE', ( #2833 ), #8525, .T. ) ;
#5398 = COLOUR_RGB ( '',0.8980392156862745390, 0.8980392156862745390, 0.8980392156862745390 ) ;
#5399 = EDGE_LOOP ( 'NONE', ( #4432, #3600, #9088, #5609 ) ) ;
#5400 = VECTOR ( 'NONE', #7779, 1000.000000000000000 ) ;
#5401 = LINE ( 'NONE', #7616, #5823 ) ;
#5402 = DIRECTION ( 'NONE',  ( 7.377218013139006875E-15, 0.000000000000000000, 1.000000000000000000 ) ) ;
#5403 = CARTESIAN_POINT ( 'NONE',  ( 0.7009082314045755879, -1.469999999999998641, 5.658944118209988439 ) ) ;
#5404 = DIRECTION ( 'NONE',  ( 1.000000000000000000, -0.000000000000000000, -6.982962677686266711E-15 ) ) ;
#5405 = STYLED_ITEM ( 'NONE', ( #3348 ), #2650 ) ;
#5406 =( LENGTH_UNIT ( ) NAMED_UNIT ( * ) SI_UNIT ( .MILLI., .METRE. ) );
#5407 = CARTESIAN_POINT ( 'NONE',  ( -2.539050094155790749, -1.470000000000000862, 5.628334818890916580 ) ) ;
#5408 = LINE ( 'NONE', #8353, #7408 ) ;
#5409 = CARTESIAN_POINT ( 'NONE',  ( 0.9000000000000170086, 0.1480970388563068729, 2.427638892431812856 ) ) ;
#5410 = CARTESIAN_POINT ( 'NONE',  ( -1.728748749626194403, -1.470000000000000417, 5.392391610284232861 ) ) ;
#5411 = ORIENTED_EDGE ( 'NONE', *, *, #6995, .T. ) ;
#5412 = ORIENTED_EDGE ( 'NONE', *, *, #3381, .T. ) ;
#5413 = ADVANCED_FACE ( 'NONE', ( #8001 ), #1698, .T. ) ;
#5414 = CARTESIAN_POINT ( 'NONE',  ( 2.334841201440014835, -1.470000000000000417, 5.701788327369332166 ) ) ;
#5415 = VERTEX_POINT ( 'NONE', #7962 ) ;
#5416 = DIRECTION ( 'NONE',  ( 0.9355257775611951487, 0.000000000000000000, -0.3532584316311804806 ) ) ;
#5417 = EDGE_LOOP ( 'NONE', ( #818, #2547, #638, #8785 ) ) ;
#5418 = SURFACE_SIDE_STYLE ('',( #6021 ) ) ;
#5419 = EDGE_LOOP ( 'NONE', ( #7801, #8764, #657, #772 ) ) ;
#5420 = CARTESIAN_POINT ( 'NONE',  ( 2.101799542865530501, -2.799999999999998934, 5.515831106128231021 ) ) ;
#5421 = CARTESIAN_POINT ( 'NONE',  ( -2.474625554254044513, -2.799999999999998934, 5.649885571296678677 ) ) ;
#5422 = FACE_OUTER_BOUND ( 'NONE', #2857, .T. ) ;
#5423 = EDGE_CURVE ( 'NONE', #3149, #4852, #8798, .T. ) ;
#5424 = CARTESIAN_POINT ( 'NONE',  ( -2.490898764438765678, -2.800000000000000266, 6.243373387294326449 ) ) ;
#5425 = VERTEX_POINT ( 'NONE', #3928 ) ;
#5426 = CARTESIAN_POINT ( 'NONE',  ( -1.699999999989129318, 0.3000000000000003775, 0.9000000000108336895 ) ) ;
#5427 = CARTESIAN_POINT ( 'NONE',  ( -2.673872182673409981, -1.469999999999999973, 5.712011319941236565 ) ) ;
#5428 = CARTESIAN_POINT ( 'NONE',  ( -1.628205128205128638, -1.469999999999999973, 6.230769230769219291 ) ) ;
#5429 = ORIENTED_EDGE ( 'NONE', *, *, #4786, .F. ) ;
#5430 = CARTESIAN_POINT ( 'NONE',  ( -1.901658146994245291, -2.799999999999999378, 5.444289088124378395 ) ) ;
#5431 = CARTESIAN_POINT ( 'NONE',  ( 2.031629406659660741, -1.469999999999999973, 5.673909300767248531 ) ) ;
#5432 = CARTESIAN_POINT ( 'NONE',  ( -0.7489983974358978003, -2.799999999999999822, 5.730769230769219291 ) ) ;
#5433 = CARTESIAN_POINT ( 'NONE',  ( -2.659292604689789563, -1.470000000000000417, 5.688784248310137848 ) ) ;
#5434 = VERTEX_POINT ( 'NONE', #4496 ) ;
#5435 = SURFACE_STYLE_USAGE ( .BOTH. , #2031 ) ;
#5436 = VECTOR ( 'NONE', #5758, 1000.000000000000000 ) ;
#5437 = FACE_OUTER_BOUND ( 'NONE', #9011, .T. ) ;
#5438 = CARTESIAN_POINT ( 'NONE',  ( -0.4567307692307696065, -2.799999999999999822, 6.499999999999988454 ) ) ;
#5439 = ORIENTED_EDGE ( 'NONE', *, *, #6926, .F. ) ;
#5440 = CARTESIAN_POINT ( 'NONE',  ( -2.413883325406293245, -2.799999999999998934, 5.735676234337750756 ) ) ;
#5441 = FILL_AREA_STYLE ('',( #4126 ) ) ;
#5442 = EDGE_CURVE ( 'NONE', #6905, #5511, #1111, .T. ) ;
#5443 = CARTESIAN_POINT ( 'NONE',  ( 0.9499827433329753879, -1.469999999999999973, 5.672356562299778027 ) ) ;
#5444 = VECTOR ( 'NONE', #7318, 1000.000000000000000 ) ;
#5445 = LINE ( 'NONE', #6915, #1138 ) ;
#5446 = CARTESIAN_POINT ( 'NONE',  ( -1.886040142615046156, -1.469999999999999973, 5.228511371669982033 ) ) ;
#5447 = SURFACE_STYLE_USAGE ( .BOTH. , #421 ) ;
#5448 = CARTESIAN_POINT ( 'NONE',  ( -2.420911914559552347, -1.470000000000001306, 5.716329832540469447 ) ) ;
#5449 = DIRECTION ( 'NONE',  ( -4.937700262164530687E-15, 0.7071067811865477948, -0.7071067811865473507 ) ) ;
#5450 = DIRECTION ( 'NONE',  ( -0.000000000000000000, -1.000000000000000000, 0.000000000000000000 ) ) ;
#5452 = EDGE_CURVE ( 'NONE', #4933, #4088, #1744, .T. ) ;
#5451 = VECTOR ( 'NONE', #7604, 1000.000000000000000 ) ;
#5453 = LINE ( 'NONE', #9000, #8471 ) ;
#5454 = ORIENTED_EDGE ( 'NONE', *, *, #6488, .F. ) ;
#5455 = COLOUR_RGB ( '',0.8980392156862745390, 0.8980392156862745390, 0.8980392156862745390 ) ;
#5456 = UNCERTAINTY_MEASURE_WITH_UNIT (LENGTH_MEASURE( 1.000000000000000082E-05 ), #8710, 'distance_accuracy_value', 'NONE');
#5457 = LINE ( 'NONE', #3484, #2708 ) ;
#5458 = EDGE_LOOP ( 'NONE', ( #8059, #4471, #1516, #1852 ) ) ;
#5459 = COLOUR_RGB ( '',0.8980392156862745390, 0.8980392156862745390, 0.8980392156862745390 ) ;
#5460 =( NAMED_UNIT ( * ) SI_UNIT ( $, .STERADIAN. ) SOLID_ANGLE_UNIT ( ) );
#5461 = ORIENTED_EDGE ( 'NONE', *, *, #3778, .T. ) ;
#5462 = CARTESIAN_POINT ( 'NONE',  ( 0.7820512820512818264, -1.469999999999999973, 5.852764423076911804 ) ) ;
#5463 = AXIS2_PLACEMENT_3D ( 'NONE', #7366, #1799, #3187 ) ;
#5464 = ORIENTED_EDGE ( 'NONE', *, *, #7617, .F. ) ;
#5465 = CARTESIAN_POINT ( 'NONE',  ( -2.076923076923077538, -1.469999999999999973, 5.228565705128193741 ) ) ;
#5466 = VERTEX_POINT ( 'NONE', #8095 ) ;
#5467 = CARTESIAN_POINT ( 'NONE',  ( 1.997100030596193898, -1.469999999999999085, 6.328152935689876912 ) ) ;
#5468 = ADVANCED_FACE ( 'NONE', ( #968 ), #329, .F. ) ;
#5469 = UNCERTAINTY_MEASURE_WITH_UNIT (LENGTH_MEASURE( 1.000000000000000082E-05 ), #6660, 'distance_accuracy_value', 'NONE');
#5470 = LINE ( 'NONE', #3495, #6662 ) ;
#5471 = ORIENTED_EDGE ( 'NONE', *, *, #543, .F. ) ;
#5472 = AXIS2_PLACEMENT_3D ( 'NONE', #1648, #1003, #3826 ) ;
#5473 = AXIS2_PLACEMENT_3D ( 'NONE', #7950, #5899, #5106 ) ;
#5474 = LINE ( 'NONE', #9064, #9089 ) ;
#5475 = CARTESIAN_POINT ( 'NONE',  ( -2.671073717948718063, -2.799999999999999822, 5.707131410256399029 ) ) ;
#5476 = CARTESIAN_POINT ( 'NONE',  ( -2.440208555451026218, -2.799999999999999378, 6.238043773318054264 ) ) ;
#5477 = ORIENTED_EDGE ( 'NONE', *, *, #5649, .F. ) ;
#5478 = CARTESIAN_POINT ( 'NONE',  ( 1.699999999995823741, -0.2999999999999999334, 1.400000000009656853 ) ) ;
#5479 = SURFACE_STYLE_FILL_AREA ( #1148 ) ;
#5480 = EDGE_CURVE ( 'NONE', #1382, #7474, #8839, .T. ) ;
#5481 =( GEOMETRIC_REPRESENTATION_CONTEXT ( 3 ) GLOBAL_UNCERTAINTY_ASSIGNED_CONTEXT ( ( #5825 ) ) GLOBAL_UNIT_ASSIGNED_CONTEXT ( ( #5795, #7898, #904 ) ) REPRESENTATION_CONTEXT ( 'NONE', 'WORKASPACE' ) );
#5482 = EDGE_CURVE ( 'NONE', #4731, #6395, #2423, .T. ) ;
#5483 = FILL_AREA_STYLE_COLOUR ( '', #4391 ) ;
#5484 = LINE ( 'NONE', #546, #8684 ) ;
#5485 = ORIENTED_EDGE ( 'NONE', *, *, #6594, .T. ) ;
#5486 = CARTESIAN_POINT ( 'NONE',  ( -1.924777448541828528, -2.799999999999998934, 5.402000876184020584 ) ) ;
#5487 = CARTESIAN_POINT ( 'NONE',  ( 2.042668269230769162, -1.469999999999999973, 5.676282051282039554 ) ) ;
#5488 = MECHANICAL_DESIGN_GEOMETRIC_PRESENTATION_REPRESENTATION (  '', ( #7827 ), #2094 ) ;
#5489 = VECTOR ( 'NONE', #75, 1000.000000000000000 ) ;
#5490 = FACE_OUTER_BOUND ( 'NONE', #7041, .T. ) ;
#5491 = CARTESIAN_POINT ( 'NONE',  ( -4.999999999999940492, 0.3000000000000003775, 2.499999999994385824 ) ) ;
#5492 = ORIENTED_EDGE ( 'NONE', *, *, #4109, .F. ) ;
#5493 = CARTESIAN_POINT ( 'NONE',  ( -2.089743589743590313, -1.469999999999999973, 5.367988782051270391 ) ) ;
#5494 = AXIS2_PLACEMENT_3D ( 'NONE', #4557, #8063, #5881 ) ;
#5495 = PRESENTATION_STYLE_ASSIGNMENT (( #1300 ) ) ;
#5496 = B_SPLINE_CURVE_WITH_KNOTS ( 'NONE', 3,
 ( #890, #289, #5262, #7370, #3006, #3096, #5834 ),
 .UNSPECIFIED., .F., .F.,
 ( 4, 1, 1, 1, 4 ),
 ( 0.000000000000000000, 0.2270350729738570550, 0.4681786832881866811, 0.7237288250741944484, 1.000000000000000000 ),
 .UNSPECIFIED. ) ;
#5497 = FACE_OUTER_BOUND ( 'NONE', #5458, .T. ) ;
#5498 = CARTESIAN_POINT ( 'NONE',  ( -2.534937787028508360, -2.800000000000000266, 6.102227168464152918 ) ) ;
#5499 = ORIENTED_EDGE ( 'NONE', *, *, #1049, .T. ) ;
#5500 = DIRECTION ( 'NONE',  ( 6.982962677686266711E-15, 0.000000000000000000, 1.000000000000000000 ) ) ;
#5501 = CARTESIAN_POINT ( 'NONE',  ( -2.420911914559552347, -2.800000000000000266, 5.716329832540469447 ) ) ;
#5502 = CARTESIAN_POINT ( 'NONE',  ( 1.600000000000032063, 0.3000000000000003775, 4.499999999999987566 ) ) ;
#5503 = CARTESIAN_POINT ( 'NONE',  ( 0.8257876709186183772, -1.470000000000000862, 5.526963360569209449 ) ) ;
#5504 = DIRECTION ( 'NONE',  ( 4.937700262164532265E-15, 0.7071067811865474617, 0.7071067811865476838 ) ) ;
#5505 = DIRECTION ( 'NONE',  ( 6.982962677686266711E-15, 0.000000000000000000, 1.000000000000000000 ) ) ;
#5506 = LINE ( 'NONE', #1168, #3893 ) ;
#5507 = AXIS2_PLACEMENT_3D ( 'NONE', #1912, #722, #4151 ) ;
#5508 = CARTESIAN_POINT ( 'NONE',  ( 0.5413892236163126981, -2.800000000000000266, 5.730828376335295182 ) ) ;
#5509 = ORIENTED_EDGE ( 'NONE', *, *, #7371, .F. ) ;
#5510 = CARTESIAN_POINT ( 'NONE',  ( 0.3998064119479087797, 2.200000000000000178, -8.460000000000016840 ) ) ;
#5511 = VERTEX_POINT ( 'NONE', #1064 ) ;
#5512 = LINE ( 'NONE', #8898, #4682 ) ;
#5513 = EDGE_LOOP ( 'NONE', ( #6205, #1902, #7818, #8331 ) ) ;
#5514 = ORIENTED_EDGE ( 'NONE', *, *, #757, .F. ) ;
#5515 = CARTESIAN_POINT ( 'NONE',  ( -1.699999999999968647, -0.2999999999999999334, 4.500000000000011546 ) ) ;
#5516 = ORIENTED_EDGE ( 'NONE', *, *, #3125, .T. ) ;
#5517 = CARTESIAN_POINT ( 'NONE',  ( 0.7820023815327934447, -1.469999999999999973, 5.843079849662316860 ) ) ;
#5518 = CARTESIAN_POINT ( 'NONE',  ( 2.205042377603997128, -1.469999999999999973, 5.990116472665630631 ) ) ;
#5519 = EDGE_LOOP ( 'NONE', ( #9055, #8822, #4844, #3944 ) ) ;
#5520 = DIRECTION ( 'NONE',  ( -0.09293673162131695087, -0.9913251372940722339, 0.09293673162122795262 ) ) ;
#5521 = CARTESIAN_POINT ( 'NONE',  ( -2.439808851232277753, -1.470000000000000417, 5.684137763270395105 ) ) ;
#5522 =( NAMED_UNIT ( * ) SI_UNIT ( $, .STERADIAN. ) SOLID_ANGLE_UNIT ( ) );
#5523 = PLANE ( 'NONE',  #7575 ) ;
#5524 = CARTESIAN_POINT ( 'NONE',  ( -2.897435897435897800, -2.799999999999999822, 6.499999999999988454 ) ) ;
#5525 = ORIENTED_EDGE ( 'NONE', *, *, #3091, .T. ) ;
#5526 = DIRECTION ( 'NONE',  ( 0.000000000000000000, 0.000000000000000000, -1.000000000000000000 ) ) ;
#5527 =( NAMED_UNIT ( * ) PLANE_ANGLE_UNIT ( ) SI_UNIT ( $, .RADIAN. ) );
#5528 = VECTOR ( 'NONE', #6405, 999.9999999999998863 ) ;
#5529 = CARTESIAN_POINT ( 'NONE',  ( 0.7820512820512818264, -1.469999999999999973, 6.499999999999988454 ) ) ;
#5530 = CARTESIAN_POINT ( 'NONE',  ( -2.659292604689789563, -1.470000000000000417, 5.688784248310137848 ) ) ;
#5531 = ORIENTED_EDGE ( 'NONE', *, *, #3907, .F. ) ;
#5532 = MECHANICAL_DESIGN_GEOMETRIC_PRESENTATION_REPRESENTATION (  '', ( #6691 ), #2735 ) ;
#5533 = FACE_OUTER_BOUND ( 'NONE', #6381, .T. ) ;
#5534 = FACE_OUTER_BOUND ( 'NONE', #5839, .T. ) ;
#5535 = CARTESIAN_POINT ( 'NONE',  ( 4.000000000000097700, -1.500000000000000000, 13.89999999999967706 ) ) ;
#5536 = DIRECTION ( 'NONE',  ( 6.982962677686266711E-15, 0.000000000000000000, 1.000000000000000000 ) ) ;
#5537 = ORIENTED_EDGE ( 'NONE', *, *, #4313, .T. ) ;
#5538 =( LENGTH_UNIT ( ) NAMED_UNIT ( * ) SI_UNIT ( .MILLI., .METRE. ) );
#5539 = DIRECTION ( 'NONE',  ( 1.000000000000000000, 0.000000000000000000, -6.982962677686266711E-15 ) ) ;
#5540 = CARTESIAN_POINT ( 'NONE',  ( 1.950722363768890411, -2.800000000000000266, 5.500086223249086359 ) ) ;
#5541 = ADVANCED_FACE ( 'NONE', ( #7919 ), #1617, .T. ) ;
#5542 = ADVANCED_FACE ( 'NONE', ( #6962 ), #2037, .F. ) ;
#5543 = ORIENTED_EDGE ( 'NONE', *, *, #3459, .T. ) ;
#5544 = ADVANCED_FACE ( 'NONE', ( #1352 ), #8936, .T. ) ;
#5545 = FACE_OUTER_BOUND ( 'NONE', #7852, .T. ) ;
#5546 = VECTOR ( 'NONE', #32, 1000.000000000000000 ) ;
#5547 = PRESENTATION_STYLE_ASSIGNMENT (( #7561 ) ) ;
#5548 = FILL_AREA_STYLE ('',( #1209 ) ) ;
#5549 = FILL_AREA_STYLE_COLOUR ( '', #3836 ) ;
#5550 = CARTESIAN_POINT ( 'NONE',  ( -1.928831376666023667, -1.470000000000000417, 5.220622797663568626 ) ) ;
#5551 = LINE ( 'NONE', #6410, #2259 ) ;
#5552 = EDGE_CURVE ( 'NONE', #6784, #7770, #4679, .T. ) ;
#5553 = CARTESIAN_POINT ( 'NONE',  ( 0.6490945887646506485, -1.469999999999999973, 5.653977004639628490 ) ) ;
#5554 = CARTESIAN_POINT ( 'NONE',  ( -1.924777448541828528, -2.799999999999999822, 5.402000876184020584 ) ) ;
#5555 = PLANE ( 'NONE',  #5924 ) ;
#5556 = STYLED_ITEM ( 'NONE', ( #6606 ), #2521 ) ;
#5557 = CARTESIAN_POINT ( 'NONE',  ( 2.219629544609024396, -2.800000000000000266, 6.432752202981222744 ) ) ;
#5558 = UNCERTAINTY_MEASURE_WITH_UNIT (LENGTH_MEASURE( 1.000000000000000082E-05 ), #6311, 'distance_accuracy_value', 'NONE');
#5559 =( GEOMETRIC_REPRESENTATION_CONTEXT ( 3 ) GLOBAL_UNCERTAINTY_ASSIGNED_CONTEXT ( ( #4085 ) ) GLOBAL_UNIT_ASSIGNED_CONTEXT ( ( #544, #5622, #1434 ) ) REPRESENTATION_CONTEXT ( 'NONE', 'WORKASPACE' ) );
#5560 = ORIENTED_EDGE ( 'NONE', *, *, #827, .T. ) ;
#5561 = VECTOR ( 'NONE', #2910, 1000.000000000000000 ) ;
#5562 = PRESENTATION_LAYER_ASSIGNMENT (  '', '', ( #4830 ) ) ;
#5563 = ORIENTED_EDGE ( 'NONE', *, *, #1585, .F. ) ;
#5564 = VERTEX_POINT ( 'NONE', #8988 ) ;
#5565 = PLANE ( 'NONE',  #5015 ) ;
#5566 = ORIENTED_EDGE ( 'NONE', *, *, #6553, .F. ) ;
#5567 = SURFACE_STYLE_USAGE ( .BOTH. , #8314 ) ;
#5568 = ORIENTED_EDGE ( 'NONE', *, *, #6877, .F. ) ;
#5569 = CARTESIAN_POINT ( 'NONE',  ( 0.8000000000000238032, -0.3000000000000003775, 3.414213562373156208 ) ) ;
#5570 = UNCERTAINTY_MEASURE_WITH_UNIT (LENGTH_MEASURE( 1.000000000000000082E-05 ), #1763, 'distance_accuracy_value', 'NONE');
#5571 =( LENGTH_UNIT ( ) NAMED_UNIT ( * ) SI_UNIT ( .MILLI., .METRE. ) );
#5572 = CARTESIAN_POINT ( 'NONE',  ( 0.7820512820512818264, -1.469999999999999973, 6.499999999999988454 ) ) ;
#5573 = ADVANCED_FACE ( 'NONE', ( #6239 ), #1939, .T. ) ;
#5574 = DIRECTION ( 'NONE',  ( 1.000000000000000000, 7.016199429193082734E-13, 0.000000000000000000 ) ) ;
#5575 =( NAMED_UNIT ( * ) SI_UNIT ( $, .STERADIAN. ) SOLID_ANGLE_UNIT ( ) );
#5576 = VERTEX_POINT ( 'NONE', #7460 ) ;
#5577 = CARTESIAN_POINT ( 'NONE',  ( 0.6078376048731028991, -2.799999999999999378, 5.661290119471194870 ) ) ;
#5578 = DIRECTION ( 'NONE',  ( 1.000000000000000000, 0.000000000000000000, -6.982962677686266711E-15 ) ) ;
#5579 = SURFACE_SIDE_STYLE ('',( #5668 ) ) ;
#5580 = EDGE_LOOP ( 'NONE', ( #1302, #2194, #5312, #2508 ) ) ;
#5581 = FACE_OUTER_BOUND ( 'NONE', #3860, .T. ) ;
#5582 = CARTESIAN_POINT ( 'NONE',  ( 0.3998064119479742828, 1.565685424949240012, 1.010050506338884491 ) ) ;
#5583 = CARTESIAN_POINT ( 'NONE',  ( 0.02564102564102518564, -1.469999999999999973, 5.692307692307680966 ) ) ;
#5584 = CARTESIAN_POINT ( 'NONE',  ( -2.615659164695602446, -2.799999999999999378, 5.647804878481316848 ) ) ;
#5585 = ORIENTED_EDGE ( 'NONE', *, *, #4533, .F. ) ;
#5586 = CARTESIAN_POINT ( 'NONE',  ( 2.397435897435897356, -1.469999999999999973, 5.990384615384604317 ) ) ;
#5587 = CARTESIAN_POINT ( 'NONE',  ( -3.999999999999968914, -1.499999999999999778, 4.500000000000027534 ) ) ;
#5588 = ORIENTED_EDGE ( 'NONE', *, *, #452, .F. ) ;
#5589 = PRESENTATION_STYLE_ASSIGNMENT (( #4269 ) ) ;
#5590 = SURFACE_STYLE_FILL_AREA ( #4358 ) ;
#5591 = EDGE_CURVE ( 'NONE', #4797, #8967, #3366, .T. ) ;
#5592 = SURFACE_STYLE_FILL_AREA ( #7789 ) ;
#5593 = CARTESIAN_POINT ( 'NONE',  ( -1.699999999999967981, -0.2999999999999999334, 4.600000000000012079 ) ) ;
#5594 = VECTOR ( 'NONE', #6362, 1000.000000000000000 ) ;
#5595 =( LENGTH_UNIT ( ) NAMED_UNIT ( * ) SI_UNIT ( .MILLI., .METRE. ) );
#5596 = FACE_OUTER_BOUND ( 'NONE', #5842, .T. ) ;
#5597 = LINE ( 'NONE', #3430, #7404 ) ;
#5598 = SURFACE_STYLE_FILL_AREA ( #6190 ) ;
#5599 = B_SPLINE_SURFACE_WITH_KNOTS ( 'NONE', 3, 1, ( 
 ( #5012, #864 ),
 ( #5670, #6397 ),
 ( #4429, #7083 ),
 ( #8463, #5756 ),
 ( #2151, #5797 ),
 ( #4261, #3510 ),
 ( #6479, #179 ) ),
 .UNSPECIFIED., .F., .F., .F.,
 ( 4, 1, 1, 1, 4 ),
 ( 2, 2 ),
 ( 0.000000000000000000, 0.2270350729738570550, 0.4681786832881866811, 0.7237288250741944484, 1.000000000000000000 ),
 ( 0.000000000000000000, 1.000000000000000000 ),
 .UNSPECIFIED. ) ;
#5600 = CARTESIAN_POINT ( 'NONE',  ( 1.745740669421566362E-14, 0.3000000000000003775, 2.499999999999999556 ) ) ;
#5601 = AXIS2_PLACEMENT_3D ( 'NONE', #3594, #5089, #5747 ) ;
#5602 = MECHANICAL_DESIGN_GEOMETRIC_PRESENTATION_REPRESENTATION (  '', ( #6334 ), #7926 ) ;
#5603 = ADVANCED_FACE ( 'NONE', ( #2676 ), #1841, .T. ) ;
#5604 =( NAMED_UNIT ( * ) SI_UNIT ( $, .STERADIAN. ) SOLID_ANGLE_UNIT ( ) );
#5605 = EDGE_LOOP ( 'NONE', ( #4044, #5129, #2816, #5630, #4710 ) ) ;
#5606 = ORIENTED_EDGE ( 'NONE', *, *, #739, .F. ) ;
#5607 = FILL_AREA_STYLE ('',( #4955 ) ) ;
#5608 =( GEOMETRIC_REPRESENTATION_CONTEXT ( 3 ) GLOBAL_UNCERTAINTY_ASSIGNED_CONTEXT ( ( #6036 ) ) GLOBAL_UNIT_ASSIGNED_CONTEXT ( ( #2359, #5890, #6663 ) ) REPRESENTATION_CONTEXT ( 'NONE', 'WORKASPACE' ) );
#5609 = ORIENTED_EDGE ( 'NONE', *, *, #2064, .F. ) ;
#5610 = DIRECTION ( 'NONE',  ( 6.982962677686266711E-15, -0.000000000000000000, 1.000000000000000000 ) ) ;
#5611 = CARTESIAN_POINT ( 'NONE',  ( 1.994071716934391336, -1.470000000000000862, 5.501293701023815430 ) ) ;
#5612 = VECTOR ( 'NONE', #6864, 1000.000000000000000 ) ;
#5613 = VECTOR ( 'NONE', #8607, 1000.000000000000000 ) ;
#5614 = CARTESIAN_POINT ( 'NONE',  ( 0.02564102564102518564, -1.469999999999999973, 5.692307692307680966 ) ) ;
#5615 = CARTESIAN_POINT ( 'NONE',  ( 0.9692117785870224544, -2.799999999999999378, 5.760753779863325263 ) ) ;
#5616 = ORIENTED_EDGE ( 'NONE', *, *, #7373, .F. ) ;
#5617 = DIRECTION ( 'NONE',  ( 6.982962677686266711E-15, 0.000000000000000000, 1.000000000000000000 ) ) ;
#5618 = ADVANCED_FACE ( 'NONE', ( #2080 ), #3568, .F. ) ;
#5619 = CARTESIAN_POINT ( 'NONE',  ( -1.935104448512633857, -1.469999999999999529, 5.389202666153649623 ) ) ;
#5620 = ORIENTED_EDGE ( 'NONE', *, *, #4201, .T. ) ;
#5621 = CARTESIAN_POINT ( 'NONE',  ( 0.2179487179487177573, -1.469999999999999973, 5.692307692307680966 ) ) ;
#5622 =( NAMED_UNIT ( * ) PLANE_ANGLE_UNIT ( ) SI_UNIT ( $, .RADIAN. ) );
#5623 = EDGE_CURVE ( 'NONE', #2599, #7085, #7871, .T. ) ;
#5624 = AXIS2_PLACEMENT_3D ( 'NONE', #5807, #2457, #3738 ) ;
#5625 = DIRECTION ( 'NONE',  ( 0.3432482821321937716, 0.000000000000000000, -0.9392447055018717794 ) ) ;
#5626 = ORIENTED_EDGE ( 'NONE', *, *, #1432, .F. ) ;
#5627 = LINE ( 'NONE', #3684, #8023 ) ;
#5628 = LINE ( 'NONE', #8924, #5451 ) ;
#5629 = FILL_AREA_STYLE_COLOUR ( '', #7931 ) ;
#5630 = ORIENTED_EDGE ( 'NONE', *, *, #7227, .F. ) ;
#5631 = LINE ( 'NONE', #3651, #4856 ) ;
#5632 = COLOUR_RGB ( '',0.1019607843137254888, 0.1019607843137254888, 0.1019607843137254888 ) ;
#5633 = CARTESIAN_POINT ( 'NONE',  ( -2.500957731100118764, -2.800000000000000266, 5.487533586670056529 ) ) ;
#5634 = FILL_AREA_STYLE_COLOUR ( '', #8882 ) ;
#5635 = FILL_AREA_STYLE ('',( #8383 ) ) ;
#5636 =( NAMED_UNIT ( * ) PLANE_ANGLE_UNIT ( ) SI_UNIT ( $, .RADIAN. ) );
#5637 = AXIS2_PLACEMENT_3D ( 'NONE', #8745, #297, #3605 ) ;
#5638 = CARTESIAN_POINT ( 'NONE',  ( -2.704921960810621862, -1.469999999999999973, 5.905962547932809947 ) ) ;
#5639 = CARTESIAN_POINT ( 'NONE',  ( 0.9525240384615379918, -1.469999999999999973, 5.679487179487167303 ) ) ;
#5640 = CARTESIAN_POINT ( 'NONE',  ( 0.9743589743589740060, -1.469999999999999973, 6.499999999999988454 ) ) ;
#5641 = LINE ( 'NONE', #2126, #4221 ) ;
#5642 = DIRECTION ( 'NONE',  ( 0.7071067811865549002, -0.4999999999999984457, 0.4999999999999911737 ) ) ;
#5643 = FACE_OUTER_BOUND ( 'NONE', #1501, .T. ) ;
#5644 = CARTESIAN_POINT ( 'NONE',  ( -0.2808493589743594754, -1.469999999999999973, 5.499999999999988454 ) ) ;
#5645 = LINE ( 'NONE', #7014, #5546 ) ;
#5646 = UNCERTAINTY_MEASURE_WITH_UNIT (LENGTH_MEASURE( 1.000000000000000082E-05 ), #2836, 'distance_accuracy_value', 'NONE');
#5647 = FILL_AREA_STYLE ('',( #1499 ) ) ;
#5648 = EDGE_LOOP ( 'NONE', ( #5563, #3866, #7396, #8796 ) ) ;
#5649 = EDGE_CURVE ( 'NONE', #7036, #258, #741, .T. ) ;
#5650 = VECTOR ( 'NONE', #3590, 1000.000000000000000 ) ;
#5651 = DIRECTION ( 'NONE',  ( 0.000000000000000000, 0.000000000000000000, 1.000000000000000000 ) ) ;
#5652 = ORIENTED_EDGE ( 'NONE', *, *, #157, .F. ) ;
#5653 = ADVANCED_FACE ( 'NONE', ( #6370 ), #1531, .F. ) ;
#5654 = ADVANCED_FACE ( 'NONE', ( #7346 ), #2410, .T. ) ;
#5655 = CARTESIAN_POINT ( 'NONE',  ( -1.549999999999950306, 0.3000000000000003775, 1.050000000000010481 ) ) ;
#5656 = FACE_OUTER_BOUND ( 'NONE', #5519, .T. ) ;
#5657 = EDGE_LOOP ( 'NONE', ( #1909, #4104, #6753, #7392, #8240, #4610, #3444, #4118, #189, #5005, #534, #5711 ) ) ;
#5658 = PLANE ( 'NONE',  #7820 ) ;
#5659 = VECTOR ( 'NONE', #1363, 1000.000000000000000 ) ;
#5660 = DIRECTION ( 'NONE',  ( 0.000000000000000000, -1.000000000000000000, 0.000000000000000000 ) ) ;
#5661 = PRESENTATION_LAYER_ASSIGNMENT (  '', '', ( #667 ) ) ;
#5662 =( NAMED_UNIT ( * ) PLANE_ANGLE_UNIT ( ) SI_UNIT ( $, .RADIAN. ) );
#5663 = ORIENTED_EDGE ( 'NONE', *, *, #7679, .T. ) ;
#5664 = EDGE_CURVE ( 'NONE', #4099, #8315, #7990, .T. ) ;
#5665 = ORIENTED_EDGE ( 'NONE', *, *, #6973, .F. ) ;
#5666 = LINE ( 'NONE', #2228, #2675 ) ;
#5667 = CARTESIAN_POINT ( 'NONE',  ( -2.141025641025641413, -2.799999999999999822, 6.230769230769219291 ) ) ;
#5668 = SURFACE_STYLE_FILL_AREA ( #3461 ) ;
#5669 = ORIENTED_EDGE ( 'NONE', *, *, #634, .T. ) ;
#5670 = CARTESIAN_POINT ( 'NONE',  ( 2.251209872102022391, -1.469999999999999529, 5.592681795740280570 ) ) ;
#5671 = B_SPLINE_SURFACE_WITH_KNOTS ( 'NONE', 3, 1, ( 
 ( #4660, #7592 ),
 ( #1187, #6893 ),
 ( #8223, #8175 ),
 ( #2502, #4106 ),
 ( #3204, #2709 ),
 ( #1289, #5331 ),
 ( #8073, #6752 ),
 ( #1918, #8124 ),
 ( #4619, #491 ),
 ( #1868, #3298 ),
 ( #7391, #1821 ) ),
 .UNSPECIFIED., .F., .F., .F.,
 ( 4, 1, 1, 1, 1, 1, 1, 1, 4 ),
 ( 2, 2 ),
 ( 0.000000000000000000, 0.1592560175542395984, 0.3074593861389719462, 0.4448812988575892025, 0.5731608596155106650, 0.6923350105727049675, 0.8026812167968112588, 0.9050112064231008446, 1.000000000000000000 ),
 ( 0.000000000000000000, 1.000000000000000000 ),
 .UNSPECIFIED. ) ;
#5672 = CARTESIAN_POINT ( 'NONE',  ( 0.6382575556987931664, -1.469999999999999529, 5.654232375324574456 ) ) ;
#5673 = LINE ( 'NONE', #5016, #8387 ) ;
#5674 = ORIENTED_EDGE ( 'NONE', *, *, #4268, .F. ) ;
#5675 = CARTESIAN_POINT ( 'NONE',  ( -1.788461538461538991, -1.469999999999999973, 5.713341346153835154 ) ) ;
#5676 = CARTESIAN_POINT ( 'NONE',  ( 4.746026379415439145, 1.209051952902325144, 4.564932282350132375 ) ) ;
#5677 = LINE ( 'NONE', #8472, #4371 ) ;
#5678 = CARTESIAN_POINT ( 'NONE',  ( -2.661613016621072081, -2.799999999999998490, 6.047277267986562954 ) ) ;
#5679 = CARTESIAN_POINT ( 'NONE',  ( 0.7298026674676632020, -2.800000000000000711, 5.494214930324424095 ) ) ;
#5680 = DIRECTION ( 'NONE',  ( -0.000000000000000000, -1.000000000000000000, -0.000000000000000000 ) ) ;
#5681 = EDGE_CURVE ( 'NONE', #6513, #3017, #7909, .T. ) ;
#5682 = COLOUR_RGB ( '',0.8980392156862745390, 0.8980392156862745390, 0.8980392156862745390 ) ;
#5683 = CARTESIAN_POINT ( 'NONE',  ( 2.371793318603844458, -2.800000000000000266, 5.793186951676477570 ) ) ;
#5684 = CARTESIAN_POINT ( 'NONE',  ( -2.089743589743590313, -1.469999999999999973, 5.367988782051270391 ) ) ;
#5685 = PLANE ( 'NONE',  #116 ) ;
#5686 = FACE_OUTER_BOUND ( 'NONE', #1430, .T. ) ;
#5687 =( GEOMETRIC_REPRESENTATION_CONTEXT ( 3 ) GLOBAL_UNCERTAINTY_ASSIGNED_CONTEXT ( ( #2689 ) ) GLOBAL_UNIT_ASSIGNED_CONTEXT ( ( #6996, #6897, #8328 ) ) REPRESENTATION_CONTEXT ( 'NONE', 'WORKASPACE' ) );
#5688 = CARTESIAN_POINT ( 'NONE',  ( 2.162389491888724091, -2.799999999999999822, 6.465892122308349421 ) ) ;
#5689 = AXIS2_PLACEMENT_3D ( 'NONE', #812, #133, #1384 ) ;
#5690 = CARTESIAN_POINT ( 'NONE',  ( 0.8000000000000238032, -0.2999999999999999334, 3.414213562373146882 ) ) ;
#5691 = VERTEX_POINT ( 'NONE', #2365 ) ;
#5692 = STYLED_ITEM ( 'NONE', ( #1269 ), #6586 ) ;
#5693 =( LENGTH_UNIT ( ) NAMED_UNIT ( * ) SI_UNIT ( .MILLI., .METRE. ) );
#5694 = ORIENTED_EDGE ( 'NONE', *, *, #1433, .T. ) ;
#5695 = FACE_OUTER_BOUND ( 'NONE', #2311, .T. ) ;
#5696 = PRESENTATION_LAYER_ASSIGNMENT (  '', '', ( #6559 ) ) ;
#5697 = AXIS2_PLACEMENT_3D ( 'NONE', #1186, #2759, #3247 ) ;
#5698 = DIRECTION ( 'NONE',  ( 0.3292258450048242691, 0.000000000000000000, 0.9442512075612398137 ) ) ;
#5699 = ADVANCED_FACE ( 'NONE', ( #191 ), #7299, .F. ) ;
#5700 = ADVANCED_FACE ( 'NONE', ( #8037 ), #6671, .T. ) ;
#5701 = CARTESIAN_POINT ( 'NONE',  ( 2.397163174602952918, -2.799999999999999822, 5.970533498791833260 ) ) ;
#5702 = AXIS2_PLACEMENT_3D ( 'NONE', #6438, #5794, #8110 ) ;
#5703 = DIRECTION ( 'NONE',  ( 0.7071067811865414665, 0.000000000000000000, -0.7071067811865536790 ) ) ;
#5704 = ORIENTED_EDGE ( 'NONE', *, *, #7550, .T. ) ;
#5705 = LINE ( 'NONE', #7895, #7185 ) ;
#5706 = FILL_AREA_STYLE_COLOUR ( '', #8604 ) ;
#5707 = ORIENTED_EDGE ( 'NONE', *, *, #488, .T. ) ;
#5708 = CARTESIAN_POINT ( 'NONE',  ( -0.4262820512820515440, -1.469999999999999973, 5.897435897435885366 ) ) ;
#5709 = CARTESIAN_POINT ( 'NONE',  ( 0.8000000000000320188, 0.3000000000000003775, 4.599999999999994316 ) ) ;
#5710 = LINE ( 'NONE', #817, #3100 ) ;
#5711 = ORIENTED_EDGE ( 'NONE', *, *, #4019, .T. ) ;
#5712 = EDGE_CURVE ( 'NONE', #2093, #164, #2614, .T. ) ;
#5713 = FILL_AREA_STYLE ('',( #1474 ) ) ;
#5714 = CARTESIAN_POINT ( 'NONE',  ( -2.581638013853498226, -2.800000000000000266, 5.632840499356188246 ) ) ;
#5715 = EDGE_LOOP ( 'NONE', ( #2229, #4287, #3388, #8131 ) ) ;
#5716 = FACE_OUTER_BOUND ( 'NONE', #352, .T. ) ;
#5717 = PLANE ( 'NONE',  #7225 ) ;
#5718 = PRESENTATION_STYLE_ASSIGNMENT (( #102 ) ) ;
#5719 = CARTESIAN_POINT ( 'NONE',  ( 0.5516826923076920686, -1.469999999999999973, 5.708934294871783166 ) ) ;
#5720 = VECTOR ( 'NONE', #316, 1000.000000000000000 ) ;
#5721 = CARTESIAN_POINT ( 'NONE',  ( 1.564102564102564097, -2.799999999999999822, 6.499999999999988454 ) ) ;
#5722 = CARTESIAN_POINT ( 'NONE',  ( -2.680936383300270176, -1.469999999999999529, 6.015950184519959443 ) ) ;
#5723 = CARTESIAN_POINT ( 'NONE',  ( 0.7561194990465466281, -2.799999999999998490, 5.499990069081776234 ) ) ;
#5724 = FILL_AREA_STYLE ('',( #6407 ) ) ;
#5725 = CARTESIAN_POINT ( 'NONE',  ( 3.142333204958820020E-14, -2.799999999999999822, 4.500000000000000000 ) ) ;
#5726 = CARTESIAN_POINT ( 'NONE',  ( 1.312796983405018142E-13, -2.799999999999999822, 18.80000000000000071 ) ) ;
#5727 = CARTESIAN_POINT ( 'NONE',  ( 0.3333333333333330373, -2.799999999999999822, 5.820512820512808716 ) ) ;
#5728 = SURFACE_STYLE_FILL_AREA ( #4277 ) ;
#5729 = CARTESIAN_POINT ( 'NONE',  ( -2.016626602564103088, -2.799999999999999822, 5.358974358974347929 ) ) ;
#5730 = CARTESIAN_POINT ( 'NONE',  ( -2.060344111597290695, -2.799999999999999378, 5.225444085909124681 ) ) ;
#5731 = ADVANCED_FACE ( 'NONE', ( #5533 ), #5897, .T. ) ;
#5732 = UNCERTAINTY_MEASURE_WITH_UNIT (LENGTH_MEASURE( 1.000000000000000082E-05 ), #7969, 'distance_accuracy_value', 'NONE');
#5733 = COLOUR_RGB ( '',0.8980392156862745390, 0.8980392156862745390, 0.8980392156862745390 ) ;
#5734 = ORIENTED_EDGE ( 'NONE', *, *, #5741, .F. ) ;
#5735 = CARTESIAN_POINT ( 'NONE',  ( 1.564102564102564097, -2.799999999999999822, 5.499999999999988454 ) ) ;
#5736 = SURFACE_SIDE_STYLE ('',( #2794 ) ) ;
#5737 = FILL_AREA_STYLE_COLOUR ( '', #5933 ) ;
#5738 = VECTOR ( 'NONE', #2106, 1000.000000000000000 ) ;
#5739 = VERTEX_POINT ( 'NONE', #9029 ) ;
#5740 = CARTESIAN_POINT ( 'NONE',  ( -2.099999999999953904, 0.3000000000000003775, 0.5000000000000142109 ) ) ;
#5741 = EDGE_CURVE ( 'NONE', #6925, #3149, #4807, .T. ) ;
#5742 = FILL_AREA_STYLE ('',( #5784 ) ) ;
#5743 = DIRECTION ( 'NONE',  ( -6.982962677686266711E-15, 0.000000000000000000, -1.000000000000000000 ) ) ;
#5744 =( GEOMETRIC_REPRESENTATION_CONTEXT ( 3 ) GLOBAL_UNCERTAINTY_ASSIGNED_CONTEXT ( ( #4289 ) ) GLOBAL_UNIT_ASSIGNED_CONTEXT ( ( #7713, #4181, #4325 ) ) REPRESENTATION_CONTEXT ( 'NONE', 'WORKASPACE' ) );
#5745 = STYLED_ITEM ( 'NONE', ( #2578 ), #396 ) ;
#5746 = ORIENTED_EDGE ( 'NONE', *, *, #6703, .F. ) ;
#5747 = DIRECTION ( 'NONE',  ( 0.3295206721054298460, 0.000000000000000000, 0.9441483605107756638 ) ) ;
#5748 = LINE ( 'NONE', #3595, #1424 ) ;
#5749 = EDGE_CURVE ( 'NONE', #5739, #716, #4712, .T. ) ;
#5750 = ORIENTED_EDGE ( 'NONE', *, *, #6092, .T. ) ;
#5751 = LINE ( 'NONE', #5708, #4007 ) ;
#5752 = ORIENTED_EDGE ( 'NONE', *, *, #1070, .F. ) ;
#5753 = CARTESIAN_POINT ( 'NONE',  ( -2.680936383300270176, -2.799999999999999378, 6.015950184519959443 ) ) ;
#5754 = STYLED_ITEM ( 'NONE', ( #7261 ), #8601 ) ;
#5755 = EDGE_LOOP ( 'NONE', ( #9, #2699, #506, #4282 ) ) ;
#5756 = CARTESIAN_POINT ( 'NONE',  ( 2.198768054264735650, -2.800000000000000711, 5.554478016624524450 ) ) ;
#5757 = EDGE_LOOP ( 'NONE', ( #4928, #4744, #2355, #4070 ) ) ;
#5758 = DIRECTION ( 'NONE',  ( -1.000000000000000000, 0.000000000000000000, 6.982962677686266711E-15 ) ) ;
#5759 = ADVANCED_FACE ( 'NONE', ( #2559 ), #4012, .T. ) ;
#5760 = MECHANICAL_DESIGN_GEOMETRIC_PRESENTATION_REPRESENTATION (  '', ( #4601 ), #2011 ) ;
#5761 = CARTESIAN_POINT ( 'NONE',  ( -2.684540924204505075, -1.469999999999999529, 5.577203150388785780 ) ) ;
#5762 = LINE ( 'NONE', #267, #216 ) ;
#5763 = EDGE_CURVE ( 'NONE', #1270, #5415, #4888, .T. ) ;
#5764 = VECTOR ( 'NONE', #2022, 1000.000000000000000 ) ;
#5765 = LINE ( 'NONE', #5804, #4959 ) ;
#5766 = CARTESIAN_POINT ( 'NONE',  ( -2.638373619058785202, -2.799999999999998934, 6.071663570416272471 ) ) ;
#5767 = DIRECTION ( 'NONE',  ( 1.000000000000000000, 0.000000000000000000, 0.000000000000000000 ) ) ;
#5768 = PRESENTATION_STYLE_ASSIGNMENT (( #6495 ) ) ;
#5769 = SURFACE_SIDE_STYLE ('',( #5815 ) ) ;
#5770 = CARTESIAN_POINT ( 'NONE',  ( -2.397435897435897800, -2.799999999999999822, 5.860777243589732066 ) ) ;
#5771 = CARTESIAN_POINT ( 'NONE',  ( 0.5409176141715417163, -2.799999999999999822, 5.498350972706581352 ) ) ;
#5772 = DIRECTION ( 'NONE',  ( -1.000000000000000000, 0.000000000000000000, 6.982962677686266711E-15 ) ) ;
#5773 = CARTESIAN_POINT ( 'NONE',  ( 2.366987179487179294, -1.469999999999999973, 5.777644230769219291 ) ) ;
#5774 = CARTESIAN_POINT ( 'NONE',  ( 2.397435897435897356, -2.799999999999999822, 5.990384615384604317 ) ) ;
#5775 = AXIS2_PLACEMENT_3D ( 'NONE', #8165, #481, #4047 ) ;
#5776 = SURFACE_STYLE_FILL_AREA ( #1541 ) ;
#5777 = SURFACE_STYLE_USAGE ( .BOTH. , #2216 ) ;
#5779 = FILL_AREA_STYLE_COLOUR ( '', #1908 ) ;
#5778 = STYLED_ITEM ( 'NONE', ( #8193 ), #5542 ) ;
#5780 = DIRECTION ( 'NONE',  ( 1.000000000000000000, 0.000000000000000000, -0.000000000000000000 ) ) ;
#5781 = FILL_AREA_STYLE_COLOUR ( '', #5186 ) ;
#5782 = MECHANICAL_DESIGN_GEOMETRIC_PRESENTATION_REPRESENTATION (  '', ( #8709 ), #7830 ) ;
#5783 = VERTEX_POINT ( 'NONE', #9075 ) ;
#5784 = FILL_AREA_STYLE_COLOUR ( '', #1967 ) ;
#5785 = MECHANICAL_DESIGN_GEOMETRIC_PRESENTATION_REPRESENTATION (  '', ( #2532 ), #1385 ) ;
#5786 = CARTESIAN_POINT ( 'NONE',  ( -4.999999999999963585, 0.3000000000000003775, 4.500000000000034639 ) ) ;
#5787 = LINE ( 'NONE', #3012, #5038 ) ;
#5788 = ORIENTED_EDGE ( 'NONE', *, *, #8701, .F. ) ;
#5789 = VECTOR ( 'NONE', #3295, 1000.000000000000000 ) ;
#5790 = EDGE_LOOP ( 'NONE', ( #6272, #4260, #6032, #1898 ) ) ;
#5791 = DIRECTION ( 'NONE',  ( -0.5773502691896210681, -0.8164965809277292541, 4.031615381703243650E-15 ) ) ;
#5792 = B_SPLINE_CURVE_WITH_KNOTS ( 'NONE', 3,
 ( #5684, #7794, #113, #7836, #1493, #7136, #153 ),
 .UNSPECIFIED., .F., .F.,
 ( 4, 1, 1, 1, 4 ),
 ( 0.000000000000000000, 0.2741136995627934114, 0.5293593122701010234, 0.7718789035037019186, 1.000000000000000000 ),
 .UNSPECIFIED. ) ;
#5793 = ORIENTED_EDGE ( 'NONE', *, *, #7977, .F. ) ;
#5794 = DIRECTION ( 'NONE',  ( -0.000000000000000000, -1.000000000000000000, 0.000000000000000000 ) ) ;
#5795 =( LENGTH_UNIT ( ) NAMED_UNIT ( * ) SI_UNIT ( .MILLI., .METRE. ) );
#5796 = ORIENTED_EDGE ( 'NONE', *, *, #7227, .T. ) ;
#5797 = CARTESIAN_POINT ( 'NONE',  ( 2.160953259163421958, -2.800000000000000266, 5.535807171497254764 ) ) ;
#5798 = ORIENTED_EDGE ( 'NONE', *, *, #6651, .F. ) ;
#5799 = CARTESIAN_POINT ( 'NONE',  ( -2.403067943242244375, -1.470000000000000417, 5.946382710083815581 ) ) ;
#5800 = VERTEX_POINT ( 'NONE', #4163 ) ;
#5801 = CARTESIAN_POINT ( 'NONE',  ( 0.02564102564102518564, -2.799999999999999822, 5.692307692307680966 ) ) ;
#5802 = DIRECTION ( 'NONE',  ( 0.000000000000000000, -1.000000000000000000, 0.000000000000000000 ) ) ;
#5803 =( NAMED_UNIT ( * ) SI_UNIT ( $, .STERADIAN. ) SOLID_ANGLE_UNIT ( ) );
#5804 = CARTESIAN_POINT ( 'NONE',  ( -2.899999999999926636, 0.3000000000000003775, 4.500000000000019540 ) ) ;
#5805 = VECTOR ( 'NONE', #4320, 1000.000000000000000 ) ;
#5806 = ORIENTED_EDGE ( 'NONE', *, *, #8701, .T. ) ;
#5807 = CARTESIAN_POINT ( 'NONE',  ( 3.212162831735682687E-14, -2.799999999999999822, 4.599999999999999645 ) ) ;
#5808 = EDGE_CURVE ( 'NONE', #2224, #6232, #1340, .T. ) ;
#5809 = CARTESIAN_POINT ( 'NONE',  ( 0.6525150140712815405, -1.470000000000000417, 5.487329730568495378 ) ) ;
#5810 = MECHANICAL_DESIGN_GEOMETRIC_PRESENTATION_REPRESENTATION (  '', ( #1407 ), #7723 ) ;
#5811 = VECTOR ( 'NONE', #7320, 1000.000000000000000 ) ;
#5812 = PLANE ( 'NONE',  #4298 ) ;
#5813 = CARTESIAN_POINT ( 'NONE',  ( -2.705128205128205288, -2.799999999999999822, 6.499999999999988454 ) ) ;
#5814 = ADVANCED_FACE ( 'NONE', ( #2769, #5581 ), #1011, .T. ) ;
#5815 = SURFACE_STYLE_FILL_AREA ( #678 ) ;
#5816 = CARTESIAN_POINT ( 'NONE',  ( 2.219629544609024396, -1.470000000000000417, 6.432752202981222744 ) ) ;
#5817 = EDGE_CURVE ( 'NONE', #2893, #5882, #2333, .T. ) ;
#5818 = DIRECTION ( 'NONE',  ( 4.937700262164529898E-15, -0.7071067811865477948, 0.7071067811865473507 ) ) ;
#5819 = PRESENTATION_LAYER_ASSIGNMENT (  '', '', ( #6988 ) ) ;
#5820 = CARTESIAN_POINT ( 'NONE',  ( -2.503936474465078277, -2.800000000000001155, 6.094898201934180193 ) ) ;
#5821 = CARTESIAN_POINT ( 'NONE',  ( 2.357570481785493666, -1.470000000000000417, 5.751180901941307155 ) ) ;
#5822 = CARTESIAN_POINT ( 'NONE',  ( 2.397286497855249277, -2.799999999999999378, 6.001870489910951179 ) ) ;
#5823 = VECTOR ( 'NONE', #2730, 1000.000000000000000 ) ;
#5824 = DIRECTION ( 'NONE',  ( 1.000000000000000000, 0.000000000000000000, 0.000000000000000000 ) ) ;
#5825 = UNCERTAINTY_MEASURE_WITH_UNIT (LENGTH_MEASURE( 1.000000000000000082E-05 ), #5795, 'distance_accuracy_value', 'NONE');
#5826 = SURFACE_STYLE_USAGE ( .BOTH. , #7756 ) ;
#5827 = ORIENTED_EDGE ( 'NONE', *, *, #4073, .T. ) ;
#5828 = MECHANICAL_DESIGN_GEOMETRIC_PRESENTATION_REPRESENTATION (  '', ( #3479 ), #1988 ) ;
#5829 = EDGE_CURVE ( 'NONE', #8416, #2490, #2612, .T. ) ;
#5830 = DIRECTION ( 'NONE',  ( 1.000000000000000000, -0.000000000000000000, -6.982962677686266711E-15 ) ) ;
#5831 = CARTESIAN_POINT ( 'NONE',  ( 2.100000000000031175, 0.3000000000000003775, 4.499999999999984901 ) ) ;
#5832 = CARTESIAN_POINT ( 'NONE',  ( 0.5545732156185276818, -2.799999999999999822, 5.704572942461417107 ) ) ;
#5833 = PLANE ( 'NONE',  #2326 ) ;
#5834 = CARTESIAN_POINT ( 'NONE',  ( 2.119391025641025106, -2.799999999999999822, 5.521233974358962904 ) ) ;
#5835 = STYLED_ITEM ( 'NONE', ( #51 ), #9079 ) ;
#5836 = COLOUR_RGB ( '',0.8980392156862745390, 0.8980392156862745390, 0.8980392156862745390 ) ;
#5837 = PRESENTATION_STYLE_ASSIGNMENT (( #2885 ) ) ;
#5838 = DIRECTION ( 'NONE',  ( -0.09334070869305821638, 0.9956342260592880855, 6.517946851124115266E-16 ) ) ;
#5839 = EDGE_LOOP ( 'NONE', ( #7522, #1456, #4344, #5925 ) ) ;
#5840 = FACE_OUTER_BOUND ( 'NONE', #6073, .T. ) ;
#5841 =( GEOMETRIC_REPRESENTATION_CONTEXT ( 3 ) GLOBAL_UNCERTAINTY_ASSIGNED_CONTEXT ( ( #7572 ) ) GLOBAL_UNIT_ASSIGNED_CONTEXT ( ( #2119, #5062, #828 ) ) REPRESENTATION_CONTEXT ( 'NONE', 'WORKASPACE' ) );
#5842 = EDGE_LOOP ( 'NONE', ( #323, #7057, #2890, #3210 ) ) ;
#5843 = CARTESIAN_POINT ( 'NONE',  ( -2.205421341228385401, -1.470000000000000417, 5.857765675369313030 ) ) ;
#5844 = COLOUR_RGB ( '',0.8980392156862745390, 0.8980392156862745390, 0.8980392156862745390 ) ;
#5845 = ORIENTED_EDGE ( 'NONE', *, *, #5623, .T. ) ;
#5846 = CARTESIAN_POINT ( 'NONE',  ( -0.7999999999999795053, 0.5050252531694130465, 2.919238815542574361 ) ) ;
#5847 = PRESENTATION_STYLE_ASSIGNMENT (( #1521 ) ) ;
#5848 = VERTEX_POINT ( 'NONE', #280 ) ;
#5849 = ADVANCED_FACE ( 'NONE', ( #8613 ), #3166, .T. ) ;
#5850 = STYLED_ITEM ( 'NONE', ( #7020 ), #7540 ) ;
#5851 = LINE ( 'NONE', #2312, #7150 ) ;
#5852 = VECTOR ( 'NONE', #3369, 1000.000000000000000 ) ;
#5853 = ORIENTED_EDGE ( 'NONE', *, *, #6404, .T. ) ;
#5854 = CARTESIAN_POINT ( 'NONE',  ( -4.999999999999903189, -1.499999999999999778, 13.90000000000003411 ) ) ;
#5855 = ORIENTED_EDGE ( 'NONE', *, *, #1710, .F. ) ;
#5856 = PRESENTATION_STYLE_ASSIGNMENT (( #2277 ) ) ;
#5857 = CARTESIAN_POINT ( 'NONE',  ( 0.9730815984436599342, -1.470000000000000417, 5.811883528368117169 ) ) ;
#5858 = EDGE_CURVE ( 'NONE', #7378, #5984, #5955, .T. ) ;
#5859 = CARTESIAN_POINT ( 'NONE',  ( 2.031629406659660741, -1.469999999999999973, 5.673909300767248531 ) ) ;
#5860 = ORIENTED_EDGE ( 'NONE', *, *, #6926, .T. ) ;
#5861 = FILL_AREA_STYLE ('',( #3032 ) ) ;
#5862 = DIRECTION ( 'NONE',  ( 6.982962677686266711E-15, 0.000000000000000000, 1.000000000000000000 ) ) ;
#5863 =( NAMED_UNIT ( * ) PLANE_ANGLE_UNIT ( ) SI_UNIT ( $, .RADIAN. ) );
#5864 = LINE ( 'NONE', #6300, #6326 ) ;
#5865 = SURFACE_STYLE_FILL_AREA ( #1610 ) ;
#5866 = CARTESIAN_POINT ( 'NONE',  ( 0.3443273222327316030, -1.469999999999999085, 5.709279140476642311 ) ) ;
#5867 = CARTESIAN_POINT ( 'NONE',  ( -2.421160717716062116, -2.799999999999999822, 6.012706789501926607 ) ) ;
#5868 = CARTESIAN_POINT ( 'NONE',  ( -1.976362179487180404, -2.800000000000000266, 5.217948717948707404 ) ) ;
#5869 = EDGE_CURVE ( 'NONE', #4093, #3719, #496, .T. ) ;
#5870 = CARTESIAN_POINT ( 'NONE',  ( 5.000000000000031086, -2.799999999999999822, 4.499999999999965361 ) ) ;
#5871 = CARTESIAN_POINT ( 'NONE',  ( 2.372716836757134740, -2.799999999999998490, 6.201840314937594023 ) ) ;
#5872 = DIRECTION ( 'NONE',  ( -1.000000000000000000, 0.000000000000000000, -0.000000000000000000 ) ) ;
#5873 = LINE ( 'NONE', #8655, #5888 ) ;
#5874 = DIRECTION ( 'NONE',  ( 0.000000000000000000, -0.000000000000000000, 1.000000000000000000 ) ) ;
#5875 = CARTESIAN_POINT ( 'NONE',  ( 2.124185613264762740, -2.799999999999999378, 6.276700176863108993 ) ) ;
#5876 = CARTESIAN_POINT ( 'NONE',  ( 0.8000000000000320188, -0.2999999999999999334, 4.599999999999994316 ) ) ;
#5877 = EDGE_CURVE ( 'NONE', #2051, #3385, #8739, .T. ) ;
#5878 = DIRECTION ( 'NONE',  ( 1.000000000000000000, 0.000000000000000000, -6.982962677686266711E-15 ) ) ;
#5879 = CARTESIAN_POINT ( 'NONE',  ( -2.705128205128205288, -1.469999999999999973, 6.499999999999988454 ) ) ;
#5880 = VECTOR ( 'NONE', #2939, 1000.000000000000000 ) ;
#5881 = DIRECTION ( 'NONE',  ( -6.982962677686266711E-15, 0.000000000000000000, -1.000000000000000000 ) ) ;
#5882 = VERTEX_POINT ( 'NONE', #9072 ) ;
#5883 = CARTESIAN_POINT ( 'NONE',  ( 1.958952155916106275, -1.469999999999999085, 6.331115515231115154 ) ) ;
#5884 = ORIENTED_EDGE ( 'NONE', *, *, #7255, .T. ) ;
#5885 = CARTESIAN_POINT ( 'NONE',  ( -2.481418484401058500, -1.470000000000000862, 5.487493171051645469 ) ) ;
#5886 = CARTESIAN_POINT ( 'NONE',  ( 2.172550588067909239, -1.470000000000000417, 6.207874434857885149 ) ) ;
#5887 = ORIENTED_EDGE ( 'NONE', *, *, #3052, .F. ) ;
#5888 = VECTOR ( 'NONE', #285, 1000.000000000000114 ) ;
#5889 = EDGE_LOOP ( 'NONE', ( #6556, #6709, #5663, #6004, #7206, #5992, #577, #6423, #1562, #6741 ) ) ;
#5890 =( NAMED_UNIT ( * ) PLANE_ANGLE_UNIT ( ) SI_UNIT ( $, .RADIAN. ) );
#5891 = VERTEX_POINT ( 'NONE', #7598 ) ;
#5892 = CARTESIAN_POINT ( 'NONE',  ( 1.396592535537253342E-13, -1.499999999999999778, 20.00000000000000000 ) ) ;
#5893 = PLANE ( 'NONE',  #4217 ) ;
#5894 =( GEOMETRIC_REPRESENTATION_CONTEXT ( 3 ) GLOBAL_UNCERTAINTY_ASSIGNED_CONTEXT ( ( #3999 ) ) GLOBAL_UNIT_ASSIGNED_CONTEXT ( ( #8738, #7451, #5343 ) ) REPRESENTATION_CONTEXT ( 'NONE', 'WORKASPACE' ) );
#5895 = AXIS2_PLACEMENT_3D ( 'NONE', #5491, #4020, #500 ) ;
#5896 = DIRECTION ( 'NONE',  ( -0.000000000000000000, -1.000000000000000000, -0.000000000000000000 ) ) ;
#5897 = B_SPLINE_SURFACE_WITH_KNOTS ( 'NONE', 3, 1, ( 
 ( #3916, #1874 ),
 ( #2025, #1296 ),
 ( #8975, #449 ),
 ( #8279, #6170 ),
 ( #7449, #7544 ),
 ( #2664, #4063 ),
 ( #4114, #5390 ),
 ( #597, #1151 ),
 ( #3963, #1974 ),
 ( #4804, #5486 ),
 ( #3257, #7493 ),
 ( #3305, #5430 ),
 ( #4668, #1927 ),
 ( #7602, #3411 ),
 ( #6229, #8132 ) ),
 .UNSPECIFIED., .F., .F., .F.,
 ( 4, 1, 1, 1, 1, 1, 1, 1, 1, 1, 1, 1, 4 ),
 ( 2, 2 ),
 ( 0.000000000000000000, 0.06885686649411291993, 0.1325681083574493935, 0.1938273092213704807, 0.2522895560368998424, 0.3083474638078310681, 0.3637839914642364558, 0.4204643025015550317, 0.4766962298770466289, 0.5953849814974497834, 0.7214091590928611852, 0.8556544294755075164, 1.000000000000000000 ),
 ( 0.000000000000000000, 1.000000000000000000 ),
 .UNSPECIFIED. ) ;
#5898 = VERTEX_POINT ( 'NONE', #3409 ) ;
#5899 = DIRECTION ( 'NONE',  ( 1.000000000000000000, 0.000000000000000000, -6.840772228835708868E-15 ) ) ;
#5900 = CARTESIAN_POINT ( 'NONE',  ( 2.039134411902586042, -2.799999999999999822, 5.675522465614528222 ) ) ;
#5901 = PRESENTATION_LAYER_ASSIGNMENT (  '', '', ( #3094 ) ) ;
#5902 = AXIS2_PLACEMENT_3D ( 'NONE', #7319, #5214, #6685 ) ;
#5903 = B_SPLINE_CURVE_WITH_KNOTS ( 'NONE', 3,
 ( #2260, #166, #3142, #8663, #427, #338, #6555, #4691, #5265, #6643, #5967, #8060, #4503, #8761, #293, #4645, #7422, #6060, #2485 ),
 .UNSPECIFIED., .F., .F.,
 ( 4, 1, 1, 1, 1, 1, 1, 1, 1, 1, 1, 1, 1, 1, 1, 1, 4 ),
 ( 0.000000000000000000, 0.06987475604711250454, 0.1353605667671077539, 0.1964987510024872874, 0.2538784601479327496, 0.3075274503363293888, 0.3570367068192334958, 0.4031010463383038478, 0.4452807002517037427, 0.5232168988621624939, 0.5960668013893821726, 0.6640751781809338672, 0.7291586458483728661, 0.7933280902254810085, 0.8592395028557613390, 0.9276737124130605139, 1.000000000000000000 ),
 .UNSPECIFIED. ) ;
#5904 = CARTESIAN_POINT ( 'NONE',  ( -2.611570056512652727, -2.799999999999998934, 6.218883159266130889 ) ) ;
#5905 = CARTESIAN_POINT ( 'NONE',  ( 3.142333204958820020E-14, -0.2999999999999999334, 4.500000000000000000 ) ) ;
#5906 = CARTESIAN_POINT ( 'NONE',  ( -2.544070512820513219, -2.799999999999999822, 5.628205128205116203 ) ) ;
#5907 = DIRECTION ( 'NONE',  ( 1.000000000000000000, 0.000000000000000000, -6.982962677686266711E-15 ) ) ;
#5908 = CARTESIAN_POINT ( 'NONE',  ( -2.251548869429211397, -1.469999999999999085, 5.642952581988510019 ) ) ;
#5909 = CARTESIAN_POINT ( 'NONE',  ( 2.347737666891621000, -1.470000000000001306, 6.272645094877959515 ) ) ;
#5910 = VECTOR ( 'NONE', #5505, 1000.000000000000000 ) ;
#5911 = VECTOR ( 'NONE', #7938, 1000.000000000000000 ) ;
#5912 = CARTESIAN_POINT ( 'NONE',  ( -2.660558359195063005, -1.469999999999999529, 5.552913286537726201 ) ) ;
#5913 = ADVANCED_FACE ( 'NONE', ( #4802 ), #6356, .T. ) ;
#5914 =( NAMED_UNIT ( * ) PLANE_ANGLE_UNIT ( ) SI_UNIT ( $, .RADIAN. ) );
#5915 = CARTESIAN_POINT ( 'NONE',  ( -0.3987158048003295319, 2.419238815542530396, 1.005025253169405941 ) ) ;
#5916 = CARTESIAN_POINT ( 'NONE',  ( 2.193401351891727913, -2.799999999999999378, 6.143813975263013205 ) ) ;
#5917 = CARTESIAN_POINT ( 'NONE',  ( -1.038461538461538991, -1.469999999999999973, 5.499999999999988454 ) ) ;
#5918 = CARTESIAN_POINT ( 'NONE',  ( 2.756410256410256387, -1.469999999999999973, 5.499999999999988454 ) ) ;
#5919 = CARTESIAN_POINT ( 'NONE',  ( 0.5371326787625424481, -2.799999999999999822, 5.743892773118736805 ) ) ;
#5920 = EDGE_CURVE ( 'NONE', #4302, #3582, #3353, .T. ) ;
#5921 = VECTOR ( 'NONE', #5301, 1000.000000000000000 ) ;
#5922 = VECTOR ( 'NONE', #6557, 1000.000000000000000 ) ;
#5923 = EDGE_CURVE ( 'NONE', #5511, #4692, #1294, .T. ) ;
#5924 = AXIS2_PLACEMENT_3D ( 'NONE', #895, #7893, #5838 ) ;
#5925 = ORIENTED_EDGE ( 'NONE', *, *, #3758, .T. ) ;
#5926 = CARTESIAN_POINT ( 'NONE',  ( -2.016626602564103088, -1.469999999999999973, 5.358974358974347929 ) ) ;
#5927 = CARTESIAN_POINT ( 'NONE',  ( 2.050944963706933244, -2.800000000000000266, 5.678490683959982022 ) ) ;
#5928 = ADVANCED_FACE ( 'NONE', ( #4111 ), #2716, .T. ) ;
#5929 = ORIENTED_EDGE ( 'NONE', *, *, #7356, .T. ) ;
#5930 = ADVANCED_FACE ( 'NONE', ( #2853 ), #8277, .F. ) ;
#5931 = CARTESIAN_POINT ( 'NONE',  ( 0.8000000000000320188, -0.2999999999999999334, 4.599999999999994316 ) ) ;
#5932 = VECTOR ( 'NONE', #3420, 1000.000000000000000 ) ;
#5933 = COLOUR_RGB ( '',0.8980392156862745390, 0.8980392156862745390, 0.8980392156862745390 ) ;
#5934 = CARTESIAN_POINT ( 'NONE',  ( -2.636771470884442969, -2.800000000000000711, 6.204853622095911625 ) ) ;
#5935 = EDGE_LOOP ( 'NONE', ( #1506, #2673, #3639, #3994 ) ) ;
#5936 =( NAMED_UNIT ( * ) PLANE_ANGLE_UNIT ( ) SI_UNIT ( $, .RADIAN. ) );
#5937 = EDGE_CURVE ( 'NONE', #415, #2540, #5484, .T. ) ;
#5938 = EDGE_LOOP ( 'NONE', ( #5626, #4825, #3363, #389 ) ) ;
#5939 = COLOUR_RGB ( '',0.8980392156862745390, 0.8980392156862745390, 0.8980392156862745390 ) ;
#5940 = CARTESIAN_POINT ( 'NONE',  ( -2.413798809452611049, -1.469999999999999529, 5.992819788162291772 ) ) ;
#5941 = ORIENTED_EDGE ( 'NONE', *, *, #3274, .T. ) ;
#5942 = CARTESIAN_POINT ( 'NONE',  ( 2.145681868501888800, -1.470000000000000417, 5.735444519599250945 ) ) ;
#5943 = CARTESIAN_POINT ( 'NONE',  ( 3.400000000010853896, 0.3000000000000003775, 4.499999999999976019 ) ) ;
#5944 = VERTEX_POINT ( 'NONE', #4210 ) ;
#5945 =( GEOMETRIC_REPRESENTATION_CONTEXT ( 3 ) GLOBAL_UNCERTAINTY_ASSIGNED_CONTEXT ( ( #5732 ) ) GLOBAL_UNIT_ASSIGNED_CONTEXT ( ( #7969, #6150, #5604 ) ) REPRESENTATION_CONTEXT ( 'NONE', 'WORKASPACE' ) );
#5946 = DIRECTION ( 'NONE',  ( 6.982962677686266711E-15, 0.000000000000000000, 1.000000000000000000 ) ) ;
#5947 = CARTESIAN_POINT ( 'NONE',  ( -2.582950235057203336, -1.469999999999999973, 6.099470780652409552 ) ) ;
#5948 = CARTESIAN_POINT ( 'NONE',  ( 0.02564102564102518564, -1.469999999999999973, 5.692307692307680966 ) ) ;
#5949 = CARTESIAN_POINT ( 'NONE',  ( -2.501402243589744501, -2.799999999999999378, 6.243589743589732954 ) ) ;
#5950 = PLANE ( 'NONE',  #4653 ) ;
#5951 = CARTESIAN_POINT ( 'NONE',  ( 0.4579441132767925748, -1.470000000000000862, 5.534314593540141658 ) ) ;
#5952 = CARTESIAN_POINT ( 'NONE',  ( -2.429883232851596908, -1.469999999999999973, 6.030467149927694948 ) ) ;
#5953 = VERTEX_POINT ( 'NONE', #6997 ) ;
#5954 = DIRECTION ( 'NONE',  ( -6.982962677686266711E-15, 0.000000000000000000, -1.000000000000000000 ) ) ;
#5955 = LINE ( 'NONE', #6809, #609 ) ;
#5956 = CARTESIAN_POINT ( 'NONE',  ( -4.999999999999968914, 1.699999999999999734, 4.500000000000034639 ) ) ;
#5957 = EDGE_CURVE ( 'NONE', #5466, #2307, #2824, .T. ) ;
#5958 = FILL_AREA_STYLE ('',( #3880 ) ) ;
#5959 = DIRECTION ( 'NONE',  ( 4.937700262164532265E-15, 0.7071067811865474617, 0.7071067811865476838 ) ) ;
#5960 = CARTESIAN_POINT ( 'NONE',  ( -1.780035570494054697, -2.799999999999998934, 5.295413019815973676 ) ) ;
#5961 = CARTESIAN_POINT ( 'NONE',  ( 1.187103655206665341E-13, -2.799999999999999822, 17.00000000000000000 ) ) ;
#5962 = CARTESIAN_POINT ( 'NONE',  ( 2.053580933542667797, -1.470000000000000417, 6.316937941653796074 ) ) ;
#5963 = SURFACE_STYLE_USAGE ( .BOTH. , #889 ) ;
#5964 = AXIS2_PLACEMENT_3D ( 'NONE', #7743, #6367, #2864 ) ;
#5965 = FACE_OUTER_BOUND ( 'NONE', #7024, .T. ) ;
#5966 = AXIS2_PLACEMENT_3D ( 'NONE', #1391, #2859, #2157 ) ;
#5967 = CARTESIAN_POINT ( 'NONE',  ( 2.172550588067909239, -2.800000000000000266, 6.207874434857885149 ) ) ;
#5968 = ADVANCED_FACE ( 'NONE', ( #6439 ), #6564, .F. ) ;
#5969 = EDGE_LOOP ( 'NONE', ( #8256, #9016, #7196, #400 ) ) ;
#5970 = SURFACE_STYLE_USAGE ( .BOTH. , #1625 ) ;
#5971 = ORIENTED_EDGE ( 'NONE', *, *, #1653, .T. ) ;
#5972 = CARTESIAN_POINT ( 'NONE',  ( 0.7009082314045755879, -1.469999999999998641, 5.658944118209988439 ) ) ;
#5973 = DIRECTION ( 'NONE',  ( 1.000000000000000000, 0.000000000000000000, -0.000000000000000000 ) ) ;
#5974 = B_SPLINE_SURFACE_WITH_KNOTS ( 'NONE', 3, 1, ( 
 ( #1071, #3188 ),
 ( #8804, #5832 ),
 ( #2478, #1800 ),
 ( #6191, #613 ),
 ( #4082, #8997 ),
 ( #2582, #3432 ),
 ( #2739, #7513 ),
 ( #564, #8942 ),
 ( #5355, #6870 ),
 ( #5553, #6101 ),
 ( #4686, #4776 ) ),
 .UNSPECIFIED., .F., .F., .F.,
 ( 4, 1, 1, 1, 1, 1, 1, 1, 4 ),
 ( 2, 2 ),
 ( 0.000000000000000000, 0.1279572884567375390, 0.2518358813209021774, 0.3724653148709115569, 0.4900062121123822667, 0.6100688636692254141, 0.7347652879532501347, 0.8640949232734227436, 1.000000000000000000 ),
 ( 0.000000000000000000, 1.000000000000000000 ),
 .UNSPECIFIED. ) ;
#5975 = ORIENTED_EDGE ( 'NONE', *, *, #2303, .T. ) ;
#5976 = CARTESIAN_POINT ( 'NONE',  ( -2.209695744097953884, -2.799999999999998046, 5.786121059280675105 ) ) ;
#5977 = VECTOR ( 'NONE', #5033, 1000.000000000000000 ) ;
#5978 = EDGE_CURVE ( 'NONE', #7862, #2407, #137, .T. ) ;
#5979 = EDGE_CURVE ( 'NONE', #4967, #6154, #1631, .T. ) ;
#5980 = CARTESIAN_POINT ( 'NONE',  ( -2.511103438005480193, -2.799999999999999378, 6.243277658402832664 ) ) ;
#5981 = ORIENTED_EDGE ( 'NONE', *, *, #3091, .F. ) ;
#5982 = SURFACE_STYLE_FILL_AREA ( #4567 ) ;
#5983 = VECTOR ( 'NONE', #7541, 1000.000000000000000 ) ;
#5984 = VERTEX_POINT ( 'NONE', #260 ) ;
#5985 = CARTESIAN_POINT ( 'NONE',  ( -2.380659201274429648, -2.800000000000000266, 5.511840951961333168 ) ) ;
#5986 = ORIENTED_EDGE ( 'NONE', *, *, #4013, .T. ) ;
#5987 = DIRECTION ( 'NONE',  ( 6.982962677686266711E-15, 0.000000000000000000, 1.000000000000000000 ) ) ;
#5988 = FILL_AREA_STYLE ('',( #5144 ) ) ;
#5989 = LINE ( 'NONE', #2454, #7724 ) ;
#5990 = CARTESIAN_POINT ( 'NONE',  ( 0.3642992529581203787, -1.470000000000000862, 5.646759347870394130 ) ) ;
#5991 = COLOUR_RGB ( '',0.8980392156862745390, 0.8980392156862745390, 0.8980392156862745390 ) ;
#5992 = ORIENTED_EDGE ( 'NONE', *, *, #4349, .T. ) ;
#5993 = EDGE_CURVE ( 'NONE', #407, #1382, #5710, .T. ) ;
#5994 = VECTOR ( 'NONE', #8564, 1000.000000000000000 ) ;
#5995 = MECHANICAL_DESIGN_GEOMETRIC_PRESENTATION_REPRESENTATION (  '', ( #2152 ), #698 ) ;
#5996 =( NAMED_UNIT ( * ) SI_UNIT ( $, .STERADIAN. ) SOLID_ANGLE_UNIT ( ) );
#5997 = CARTESIAN_POINT ( 'NONE',  ( 1.921808178870136219, -2.799999999999999822, 5.666723329158326550 ) ) ;
#5998 =( NAMED_UNIT ( * ) PLANE_ANGLE_UNIT ( ) SI_UNIT ( $, .RADIAN. ) );
#5999 = CARTESIAN_POINT ( 'NONE',  ( -2.501402243589744057, -2.799999999999999822, 6.243589743589732066 ) ) ;
#6000 = DIRECTION ( 'NONE',  ( 0.000000000000000000, 1.000000000000000000, 0.000000000000000000 ) ) ;
#6001 = SURFACE_STYLE_USAGE ( .BOTH. , #6043 ) ;
#6002 = VECTOR ( 'NONE', #79, 1000.000000000000000 ) ;
#6003 = CARTESIAN_POINT ( 'NONE',  ( 0.3642992529581203787, -1.470000000000000862, 5.646759347870394130 ) ) ;
#6004 = ORIENTED_EDGE ( 'NONE', *, *, #6684, .T. ) ;
#6005 = CARTESIAN_POINT ( 'NONE',  ( 2.041284315157611662, -1.470000000000000862, 5.505363130052058906 ) ) ;
#6006 = SURFACE_SIDE_STYLE ('',( #7314 ) ) ;
#6007 = CARTESIAN_POINT ( 'NONE',  ( 0.8000000000000313527, -0.2999999999999999334, 4.499999999999994671 ) ) ;
#6008 = CARTESIAN_POINT ( 'NONE',  ( -1.832685668463548856, -2.800000000000000266, 5.249744076370997270 ) ) ;
#6009 = LINE ( 'NONE', #8053, #3848 ) ;
#6010 = CARTESIAN_POINT ( 'NONE',  ( 2.034992110465866588, -2.799999999999997158, 6.321416666912116789 ) ) ;
#6011 = LINE ( 'NONE', #566, #2367 ) ;
#6012 = ADVANCED_FACE ( 'NONE', ( #5096 ), #1431, .F. ) ;
#6013 = EDGE_CURVE ( 'NONE', #677, #4541, #5666, .T. ) ;
#6014 = CARTESIAN_POINT ( 'NONE',  ( 0.3998064119479434186, 2.799999999999998934, -3.500000000000002220 ) ) ;
#6015 = EDGE_LOOP ( 'NONE', ( #3489, #6894, #7858, #2728 ) ) ;
#6016 = CARTESIAN_POINT ( 'NONE',  ( -2.556701553112441960, -2.800000000000000266, 6.102431981244229142 ) ) ;
#6017 = CARTESIAN_POINT ( 'NONE',  ( 0.5497945699170934120, -1.469999999999999973, 5.712231789916597080 ) ) ;
#6018 = ORIENTED_EDGE ( 'NONE', *, *, #9087, .T. ) ;
#6019 =( NAMED_UNIT ( * ) SI_UNIT ( $, .STERADIAN. ) SOLID_ANGLE_UNIT ( ) );
#6020 = VERTEX_POINT ( 'NONE', #4384 ) ;
#6021 = SURFACE_STYLE_FILL_AREA ( #1180 ) ;
#6022 = CARTESIAN_POINT ( 'NONE',  ( 2.021306391585921070, -2.799999999999999822, 6.324486162054541616 ) ) ;
#6023 = CARTESIAN_POINT ( 'NONE',  ( -2.462173723916373902, -1.469999999999999529, 5.488111223238671066 ) ) ;
#6024 = EDGE_CURVE ( 'NONE', #1092, #3556, #2267, .T. ) ;
#6025 = CARTESIAN_POINT ( 'NONE',  ( -2.501402243589744057, -1.469999999999999973, 6.243589743589732066 ) ) ;
#6026 = VERTEX_POINT ( 'NONE', #6472 ) ;
#6027 = VECTOR ( 'NONE', #7782, 1000.000000000000000 ) ;
#6028 = DIRECTION ( 'NONE',  ( -1.000000000000000000, 0.000000000000000000, 0.000000000000000000 ) ) ;
#6029 = ORIENTED_EDGE ( 'NONE', *, *, #4521, .F. ) ;
#6030 = ADVANCED_FACE ( 'NONE', ( #7157 ), #173, .T. ) ;
#6031 = LINE ( 'NONE', #538, #1338 ) ;
#6032 = ORIENTED_EDGE ( 'NONE', *, *, #2526, .T. ) ;
#6033 = PRESENTATION_STYLE_ASSIGNMENT (( #5333 ) ) ;
#6034 = FILL_AREA_STYLE_COLOUR ( '', #2574 ) ;
#6035 = CARTESIAN_POINT ( 'NONE',  ( 0.3443273222327316030, -2.799999999999998490, 5.709279140476642311 ) ) ;
#6036 = UNCERTAINTY_MEASURE_WITH_UNIT (LENGTH_MEASURE( 1.000000000000000082E-05 ), #2359, 'distance_accuracy_value', 'NONE');
#6037 = EDGE_LOOP ( 'NONE', ( #8081, #178, #4661, #3989 ) ) ;
#6038 = CARTESIAN_POINT ( 'NONE',  ( -2.698153235474096689, -2.799999999999999378, 5.595958592360335437 ) ) ;
#6039 = CARTESIAN_POINT ( 'NONE',  ( 1.700000000000032152, -0.2999999999999999334, 4.599999999999648814 ) ) ;
#6040 = DIRECTION ( 'NONE',  ( -6.982962677686266711E-15, 0.000000000000000000, -1.000000000000000000 ) ) ;
#6041 = ADVANCED_FACE ( 'NONE', ( #2807 ), #4297, .T. ) ;
#6042 = CARTESIAN_POINT ( 'NONE',  ( -2.470318964099222470, -1.470000000000000417, 6.242949473532262594 ) ) ;
#6043 = SURFACE_SIDE_STYLE ('',( #3361 ) ) ;
#6044 = MECHANICAL_DESIGN_GEOMETRIC_PRESENTATION_REPRESENTATION (  '', ( #7359 ), #4149 ) ;
#6045 = CARTESIAN_POINT ( 'NONE',  ( 0.6301988549922260541, -1.469999999999999529, 5.487470214949034641 ) ) ;
#6046 = LINE ( 'NONE', #2517, #7101 ) ;
#6047 = ORIENTED_EDGE ( 'NONE', *, *, #3294, .F. ) ;
#6048 = CARTESIAN_POINT ( 'NONE',  ( -2.462173723916373902, -1.469999999999999529, 5.488111223238671066 ) ) ;
#6049 = PRESENTATION_LAYER_ASSIGNMENT (  '', '', ( #1343 ) ) ;
#6050 = VECTOR ( 'NONE', #3455, 1000.000000000000000 ) ;
#6051 = CARTESIAN_POINT ( 'NONE',  ( 0.7820023815327934447, -1.469999999999999973, 5.843079849662316860 ) ) ;
#6052 = B_SPLINE_SURFACE_WITH_KNOTS ( 'NONE', 3, 1, ( 
 ( #6692, #7277 ),
 ( #7377, #2437 ),
 ( #1078, #3801 ),
 ( #8015, #8158 ),
 ( #980, #8112 ),
 ( #1808, #3098 ),
 ( #3890, #5919 ),
 ( #7472, #1757 ),
 ( #384, #3194 ),
 ( #6017, #8711 ),
 ( #3943, #8849 ) ),
 .UNSPECIFIED., .F., .F., .F.,
 ( 4, 1, 1, 1, 1, 1, 1, 1, 4 ),
 ( 2, 2 ),
 ( 0.000000000000000000, 0.1658261532703365904, 0.3179809480185030734, 0.4597957385650933149, 0.5899965503938366940, 0.7070659534182212047, 0.8152435667394595242, 0.9112462812646766608, 1.000000000000000000 ),
 ( 0.000000000000000000, 1.000000000000000000 ),
 .UNSPECIFIED. ) ;
#6053 = DIRECTION ( 'NONE',  ( 0.9977851578566089286, 0.000000000000000000, 0.06651901052377376389 ) ) ;
#6054 = PRESENTATION_STYLE_ASSIGNMENT (( #7514 ) ) ;
#6055 = MECHANICAL_DESIGN_GEOMETRIC_PRESENTATION_REPRESENTATION (  '', ( #6355 ), #3245 ) ;
#6056 = CARTESIAN_POINT ( 'NONE',  ( -1.817948543240560211, -1.470000000000000417, 5.259187608703506100 ) ) ;
#6057 = ORIENTED_EDGE ( 'NONE', *, *, #2245, .T. ) ;
#6058 = COLOUR_RGB ( '',0.1019607843137254888, 0.1019607843137254888, 0.1019607843137254888 ) ;
#6059 = SURFACE_STYLE_FILL_AREA ( #6739 ) ;
#6060 = CARTESIAN_POINT ( 'NONE',  ( 2.034992110465866588, -2.799999999999998934, 6.321416666912116789 ) ) ;
#6061 = EDGE_LOOP ( 'NONE', ( #5971, #6854, #1780, #8961, #1327, #6626, #5240, #1626, #2105, #1551, #7375, #7328 ) ) ;
#6062 = ORIENTED_EDGE ( 'NONE', *, *, #1316, .F. ) ;
#6063 = STYLED_ITEM ( 'NONE', ( #583 ), #6248 ) ;
#6064 = PLANE ( 'NONE',  #4777 ) ;
#6065 = ORIENTED_EDGE ( 'NONE', *, *, #3832, .T. ) ;
#6066 = CARTESIAN_POINT ( 'NONE',  ( 0.8457541433606347026, -2.799999999999998934, 5.539572234327606814 ) ) ;
#6067 = MECHANICAL_DESIGN_GEOMETRIC_PRESENTATION_REPRESENTATION (  '', ( #1368 ), #3434 ) ;
#6068 = PRESENTATION_LAYER_ASSIGNMENT (  '', '', ( #5325 ) ) ;
#6069 = DIRECTION ( 'NONE',  ( -0.3423744542345285025, 0.000000000000000000, -0.9395635865057823111 ) ) ;
#6070 = ORIENTED_EDGE ( 'NONE', *, *, #8691, .F. ) ;
#6071 = LINE ( 'NONE', #1865, #6567 ) ;
#6072 = FILL_AREA_STYLE ('',( #8912 ) ) ;
#6073 = EDGE_LOOP ( 'NONE', ( #4898, #4737, #4784, #19 ) ) ;
#6074 = CARTESIAN_POINT ( 'NONE',  ( 2.099999999999975664, 0.3000000000000003775, -3.500000000000015099 ) ) ;
#6075 =( LENGTH_UNIT ( ) NAMED_UNIT ( * ) SI_UNIT ( .MILLI., .METRE. ) );
#6076 = COLOUR_RGB ( '',0.8980392156862745390, 0.8980392156862745390, 0.8980392156862745390 ) ;
#6077 = CARTESIAN_POINT ( 'NONE',  ( 0.3333333333333330373, -1.469999999999999973, 5.820512820512808716 ) ) ;
#6078 = VERTEX_POINT ( 'NONE', #1470 ) ;
#6079 = CARTESIAN_POINT ( 'NONE',  ( 3.300000000010319123, 0.3000000000000003775, 4.499999999999976019 ) ) ;
#6080 = CARTESIAN_POINT ( 'NONE',  ( 1.921808178870136219, -1.469999999999999973, 5.666723329158326550 ) ) ;
#6081 = CARTESIAN_POINT ( 'NONE',  ( -2.702580775642764888, -1.470000000000000417, 5.931500145280590885 ) ) ;
#6082 = CARTESIAN_POINT ( 'NONE',  ( -2.671073717948718063, -1.469999999999999973, 5.707131410256399029 ) ) ;
#6083 = ORIENTED_EDGE ( 'NONE', *, *, #3043, .F. ) ;
#6084 = CARTESIAN_POINT ( 'NONE',  ( -2.269024545803519199, -2.799999999999998934, 6.122708297071136840 ) ) ;
#6085 = CARTESIAN_POINT ( 'NONE',  ( 2.362648478075254577, -1.469999999999999973, 6.234373988290370150 ) ) ;
#6086 = FILL_AREA_STYLE_COLOUR ( '', #4386 ) ;
#6087 = FACE_OUTER_BOUND ( 'NONE', #526, .T. ) ;
#6088 = VECTOR ( 'NONE', #8161, 1000.000000000000000 ) ;
#6089 = ORIENTED_EDGE ( 'NONE', *, *, #1675, .T. ) ;
#6090 = CARTESIAN_POINT ( 'NONE',  ( -2.501402243589744057, -1.469999999999999973, 6.243589743589732066 ) ) ;
#6091 = CARTESIAN_POINT ( 'NONE',  ( 5.000000000000138556, -1.499999999999999778, 19.99999999999996447 ) ) ;
#6092 = EDGE_CURVE ( 'NONE', #6694, #1150, #693, .T. ) ;
#6093 = DIRECTION ( 'NONE',  ( -1.000000000000000000, 0.000000000000000000, 7.377218013139006875E-15 ) ) ;
#6094 =( NAMED_UNIT ( * ) SI_UNIT ( $, .STERADIAN. ) SOLID_ANGLE_UNIT ( ) );
#6095 =( GEOMETRIC_REPRESENTATION_CONTEXT ( 3 ) GLOBAL_UNCERTAINTY_ASSIGNED_CONTEXT ( ( #4197 ) ) GLOBAL_UNIT_ASSIGNED_CONTEXT ( ( #3586, #2881, #9058 ) ) REPRESENTATION_CONTEXT ( 'NONE', 'WORKASPACE' ) );
#6096 = UNCERTAINTY_MEASURE_WITH_UNIT (LENGTH_MEASURE( 1.000000000000000082E-05 ), #1203, 'distance_accuracy_value', 'NONE');
#6097 = LINE ( 'NONE', #466, #6718 ) ;
#6098 = EDGE_CURVE ( 'NONE', #52, #6669, #5, .T. ) ;
#6099 = SURFACE_SIDE_STYLE ('',( #8939 ) ) ;
#6100 = LINE ( 'NONE', #2630, #3001 ) ;
#6101 = CARTESIAN_POINT ( 'NONE',  ( 0.6490945887646506485, -2.799999999999999822, 5.653977004639628490 ) ) ;
#6102 = FILL_AREA_STYLE ('',( #3983 ) ) ;
#6103 = VERTEX_POINT ( 'NONE', #135 ) ;
#6104 = FACE_OUTER_BOUND ( 'NONE', #8449, .T. ) ;
#6106 = ORIENTED_EDGE ( 'NONE', *, *, #488, .F. ) ;
#6105 = EDGE_CURVE ( 'NONE', #7974, #8818, #2108, .T. ) ;
#6107 = ORIENTED_EDGE ( 'NONE', *, *, #5328, .T. ) ;
#6108 = DIRECTION ( 'NONE',  ( 6.982962677686266711E-15, 0.000000000000000000, 1.000000000000000000 ) ) ;
#6109 = ORIENTED_EDGE ( 'NONE', *, *, #2889, .T. ) ;
#6110 = CARTESIAN_POINT ( 'NONE',  ( 0.02564102564102518564, -2.799999999999999822, 5.692307692307680966 ) ) ;
#6111 = CARTESIAN_POINT ( 'NONE',  ( 2.196895947099088531, -2.800000000000000266, 5.873406909450507918 ) ) ;
#6112 = ORIENTED_EDGE ( 'NONE', *, *, #4110, .F. ) ;
#6113 = CARTESIAN_POINT ( 'NONE',  ( 2.900000000000031442, 0.3000000000000003775, 4.499999999999979572 ) ) ;
#6114 = CARTESIAN_POINT ( 'NONE',  ( -2.660805727675659149, -1.469999999999999085, 6.187488059115986871 ) ) ;
#6115 = CARTESIAN_POINT ( 'NONE',  ( -2.474625554254044513, -1.469999999999999973, 5.649885571296678677 ) ) ;
#6116 = CARTESIAN_POINT ( 'NONE',  ( -3.999999999999948042, -1.499999999999999778, 7.400000000000027001 ) ) ;
#6117 = AXIS2_PLACEMENT_3D ( 'NONE', #3068, #2362, #6666 ) ;
#6118 = LINE ( 'NONE', #8071, #3806 ) ;
#6119 = CARTESIAN_POINT ( 'NONE',  ( -2.310300297102385159, -2.799999999999998490, 6.170405553073050164 ) ) ;
#6120 = VERTEX_POINT ( 'NONE', #2894 ) ;
#6121 = CARTESIAN_POINT ( 'NONE',  ( -3.399999999999940403, -0.2999999999999999334, 2.500000000000023537 ) ) ;
#6122 = EDGE_CURVE ( 'NONE', #6320, #5137, #5751, .T. ) ;
#6123 = CARTESIAN_POINT ( 'NONE',  ( 0.4579441132767925748, -2.800000000000000266, 5.534314593540141658 ) ) ;
#6124 = CARTESIAN_POINT ( 'NONE',  ( 2.397435897435897356, -2.799999999999999378, 5.990384615384604317 ) ) ;
#6125 = ORIENTED_EDGE ( 'NONE', *, *, #1433, .F. ) ;
#6126 = VECTOR ( 'NONE', #8155, 1000.000000000000000 ) ;
#6127 = DIRECTION ( 'NONE',  ( -0.000000000000000000, -1.000000000000000000, -0.000000000000000000 ) ) ;
#6128 = EDGE_CURVE ( 'NONE', #2407, #8871, #2187, .T. ) ;
#6129 = CARTESIAN_POINT ( 'NONE',  ( -0.3987158048003294764, 1.565685424949240012, 1.010050506338890042 ) ) ;
#6130 = ORIENTED_EDGE ( 'NONE', *, *, #1608, .F. ) ;
#6131 = CARTESIAN_POINT ( 'NONE',  ( 0.8000000000000173639, 0.08076118445748307895, 2.494974746830636469 ) ) ;
#6132 = FILL_AREA_STYLE_COLOUR ( '', #8588 ) ;
#6133 = CARTESIAN_POINT ( 'NONE',  ( 3.400000000010840129, 0.3000000000000003775, 2.499999999994326760 ) ) ;
#6134 = VECTOR ( 'NONE', #8035, 1000.000000000000000 ) ;
#6135 = VERTEX_POINT ( 'NONE', #814 ) ;
#6136 = CARTESIAN_POINT ( 'NONE',  ( 2.119391025641025106, -1.469999999999999973, 5.521233974358962904 ) ) ;
#6137 = CARTESIAN_POINT ( 'NONE',  ( -2.397719717975948406, -1.469999999999999973, 5.832300277042434367 ) ) ;
#6138 = DIRECTION ( 'NONE',  ( 6.982962677686266711E-15, 0.000000000000000000, 1.000000000000000000 ) ) ;
#6139 = CARTESIAN_POINT ( 'NONE',  ( 0.9525240384615379918, -2.799999999999999378, 5.679487179487167303 ) ) ;
#6140 = CARTESIAN_POINT ( 'NONE',  ( 0.7820512820512818264, -1.469999999999999973, 5.852764423076911804 ) ) ;
#6141 = COLOUR_RGB ( '',0.8980392156862745390, 0.8980392156862745390, 0.8980392156862745390 ) ;
#6142 = CARTESIAN_POINT ( 'NONE',  ( 1.600000000000017408, 0.3000000000000003775, 2.499999999999988454 ) ) ;
#6143 = AXIS2_PLACEMENT_3D ( 'NONE', #4961, #1510, #3496 ) ;
#6144 = EDGE_CURVE ( 'NONE', #1426, #4515, #3640, .T. ) ;
#6145 = CARTESIAN_POINT ( 'NONE',  ( -4.999999999999903189, -2.799999999999999822, 13.90000000000003411 ) ) ;
#6146 = CARTESIAN_POINT ( 'NONE',  ( 0.5256410256410256610, -2.799999999999999822, 5.833333333333321491 ) ) ;
#6147 =( LENGTH_UNIT ( ) NAMED_UNIT ( * ) SI_UNIT ( .MILLI., .METRE. ) );
#6148 = CARTESIAN_POINT ( 'NONE',  ( -1.952134623038910277, -1.469999999999999529, 5.218128286803536575 ) ) ;
#6149 = ORIENTED_EDGE ( 'NONE', *, *, #6337, .F. ) ;
#6150 =( NAMED_UNIT ( * ) PLANE_ANGLE_UNIT ( ) SI_UNIT ( $, .RADIAN. ) );
#6151 = ORIENTED_EDGE ( 'NONE', *, *, #244, .T. ) ;
#6152 = CARTESIAN_POINT ( 'NONE',  ( 2.266106048611373325, -1.469999999999999529, 5.606763761436009297 ) ) ;
#6153 = ORIENTED_EDGE ( 'NONE', *, *, #1769, .F. ) ;
#6154 = VERTEX_POINT ( 'NONE', #259 ) ;
#6155 = ADVANCED_FACE ( 'NONE', ( #3060 ), #8080, .T. ) ;
#6156 =( NAMED_UNIT ( * ) PLANE_ANGLE_UNIT ( ) SI_UNIT ( $, .RADIAN. ) );
#6157 = CARTESIAN_POINT ( 'NONE',  ( 2.205128205128205288, -1.469999999999999973, 5.999599358974347041 ) ) ;
#6158 = VECTOR ( 'NONE', #3823, 1000.000000000000000 ) ;
#6159 = ORIENTED_EDGE ( 'NONE', *, *, #7146, .F. ) ;
#6160 = CARTESIAN_POINT ( 'NONE',  ( -0.4262820512820515440, -1.469999999999999973, 5.897435897435885366 ) ) ;
#6161 = SURFACE_SIDE_STYLE ('',( #1330 ) ) ;
#6162 = ORIENTED_EDGE ( 'NONE', *, *, #6638, .F. ) ;
#6163 = SURFACE_STYLE_FILL_AREA ( #6750 ) ;
#6164 = CARTESIAN_POINT ( 'NONE',  ( -1.699999999989129318, 0.3000000000000003775, 0.9000000000108336895 ) ) ;
#6165 = VERTEX_POINT ( 'NONE', #5931 ) ;
#6166 = CARTESIAN_POINT ( 'NONE',  ( -1.699999999989637800, 0.3000000000000003775, 4.599999999999672795 ) ) ;
#6167 = CARTESIAN_POINT ( 'NONE',  ( -3.399999999999925748, -0.2999999999999999334, 4.500000000000022204 ) ) ;
#6168 =( NAMED_UNIT ( * ) SI_UNIT ( $, .STERADIAN. ) SOLID_ANGLE_UNIT ( ) );
#6169 = ORIENTED_EDGE ( 'NONE', *, *, #739, .T. ) ;
#6170 = CARTESIAN_POINT ( 'NONE',  ( -1.988704218819778324, -2.799999999999997602, 5.361091919343180301 ) ) ;
#6171 =( LENGTH_UNIT ( ) NAMED_UNIT ( * ) SI_UNIT ( .MILLI., .METRE. ) );
#6172 = DIRECTION ( 'NONE',  ( -1.000000000000000000, 0.000000000000000000, 0.000000000000000000 ) ) ;
#6173 = CARTESIAN_POINT ( 'NONE',  ( -2.659292604689789563, -2.800000000000000266, 5.688784248310137848 ) ) ;
#6174 = VERTEX_POINT ( 'NONE', #987 ) ;
#6175 = CARTESIAN_POINT ( 'NONE',  ( -2.205419187290899252, -2.799999999999998490, 5.887293985671805174 ) ) ;
#6176 = VECTOR ( 'NONE', #1479, 1000.000000000000000 ) ;
#6177 =( NAMED_UNIT ( * ) SI_UNIT ( $, .STERADIAN. ) SOLID_ANGLE_UNIT ( ) );
#6178 = DIRECTION ( 'NONE',  ( -1.000000000000000000, 0.000000000000000000, 6.982962677686266711E-15 ) ) ;
#6179 = ORIENTED_EDGE ( 'NONE', *, *, #4969, .F. ) ;
#6180 = DIRECTION ( 'NONE',  ( 6.982962677686266711E-15, 0.000000000000000000, 1.000000000000000000 ) ) ;
#6181 = CARTESIAN_POINT ( 'NONE',  ( -2.397435897435897800, -1.469999999999999973, 5.860777243589732066 ) ) ;
#6182 = DIRECTION ( 'NONE',  ( -6.982962677686266711E-15, 0.000000000000000000, -1.000000000000000000 ) ) ;
#6183 = MECHANICAL_DESIGN_GEOMETRIC_PRESENTATION_REPRESENTATION (  '', ( #8970 ), #5744 ) ;
#6184 = UNCERTAINTY_MEASURE_WITH_UNIT (LENGTH_MEASURE( 1.000000000000000082E-05 ), #6434, 'distance_accuracy_value', 'NONE');
#6185 =( GEOMETRIC_REPRESENTATION_CONTEXT ( 3 ) GLOBAL_UNCERTAINTY_ASSIGNED_CONTEXT ( ( #7479 ) ) GLOBAL_UNIT_ASSIGNED_CONTEXT ( ( #8756, #8007, #3749 ) ) REPRESENTATION_CONTEXT ( 'NONE', 'WORKASPACE' ) );
#6186 = LINE ( 'NONE', #4820, #4152 ) ;
#6187 = MECHANICAL_DESIGN_GEOMETRIC_PRESENTATION_REPRESENTATION (  '', ( #4732 ), #4301 ) ;
#6188 =( NAMED_UNIT ( * ) SI_UNIT ( $, .STERADIAN. ) SOLID_ANGLE_UNIT ( ) );
#6189 = CARTESIAN_POINT ( 'NONE',  ( 2.114461219061952058, -2.799999999999999822, 6.482484481389326980 ) ) ;
#6190 = FILL_AREA_STYLE ('',( #3048 ) ) ;
#6191 = CARTESIAN_POINT ( 'NONE',  ( 0.5706402054001451507, -1.470000000000000417, 5.684803813371301473 ) ) ;
#6192 = SURFACE_STYLE_USAGE ( .BOTH. , #3939 ) ;
#6193 = AXIS2_PLACEMENT_3D ( 'NONE', #6270, #7696, #4214 ) ;
#6194 = CARTESIAN_POINT ( 'NONE',  ( -1.832685668463548856, -1.470000000000000862, 5.249744076370997270 ) ) ;
#6195 = ORIENTED_EDGE ( 'NONE', *, *, #5749, .F. ) ;
#6196 = MECHANICAL_DESIGN_GEOMETRIC_PRESENTATION_REPRESENTATION (  '', ( #1761 ), #4309 ) ;
#6197 = UNCERTAINTY_MEASURE_WITH_UNIT (LENGTH_MEASURE( 1.000000000000000082E-05 ), #9039, 'distance_accuracy_value', 'NONE');
#6198 = FACE_OUTER_BOUND ( 'NONE', #6818, .T. ) ;
#6199 = ORIENTED_EDGE ( 'NONE', *, *, #1320, .F. ) ;
#6200 =( GEOMETRIC_REPRESENTATION_CONTEXT ( 3 ) GLOBAL_UNCERTAINTY_ASSIGNED_CONTEXT ( ( #8947 ) ) GLOBAL_UNIT_ASSIGNED_CONTEXT ( ( #3389, #2748, #2285 ) ) REPRESENTATION_CONTEXT ( 'NONE', 'WORKASPACE' ) );
#6201 = CARTESIAN_POINT ( 'NONE',  ( -1.699999999999967981, -0.2999999999999999334, 4.600000000000012079 ) ) ;
#6202 = EDGE_LOOP ( 'NONE', ( #6482, #6357, #6943, #8180 ) ) ;
#6203 = ORIENTED_EDGE ( 'NONE', *, *, #8041, .T. ) ;
#6204 = LINE ( 'NONE', #2695, #4343 ) ;
#6205 = ORIENTED_EDGE ( 'NONE', *, *, #50, .T. ) ;
#6206 = CARTESIAN_POINT ( 'NONE',  ( -1.628205128205128638, -1.469999999999999973, 6.230769230769219291 ) ) ;
#6207 = DIRECTION ( 'NONE',  ( -6.982962677686266711E-15, 0.000000000000000000, -1.000000000000000000 ) ) ;
#6208 = ORIENTED_EDGE ( 'NONE', *, *, #7618, .F. ) ;
#6209 = CARTESIAN_POINT ( 'NONE',  ( 1.861912322047492241, -1.469999999999999973, 6.333275883847963250 ) ) ;
#6210 = UNCERTAINTY_MEASURE_WITH_UNIT (LENGTH_MEASURE( 1.000000000000000082E-05 ), #2680, 'distance_accuracy_value', 'NONE');
#6211 = CARTESIAN_POINT ( 'NONE',  ( 2.062881591055703456, -1.469999999999999529, 5.507834525430381767 ) ) ;
#6212 = ORIENTED_EDGE ( 'NONE', *, *, #3156, .F. ) ;
#6213 = COLOUR_RGB ( '',0.8980392156862745390, 0.8980392156862745390, 0.8980392156862745390 ) ;
#6214 = MECHANICAL_DESIGN_GEOMETRIC_PRESENTATION_REPRESENTATION (  '', ( #8544 ), #7518 ) ;
#6215 = DIRECTION ( 'NONE',  ( 0.000000000000000000, -1.000000000000000000, 0.000000000000000000 ) ) ;
#6216 = EDGE_CURVE ( 'NONE', #2669, #2926, #8816, .T. ) ;
#6217 = PLANE ( 'NONE',  #3152 ) ;
#6218 = FACE_OUTER_BOUND ( 'NONE', #2570, .T. ) ;
#6219 = ORIENTED_EDGE ( 'NONE', *, *, #5229, .F. ) ;
#6220 = ADVANCED_FACE ( 'NONE', ( #6602 ), #6518, .F. ) ;
#6221 = CARTESIAN_POINT ( 'NONE',  ( 0.5817821073108386809, -2.799999999999998490, 5.675024872801019526 ) ) ;
#6222 = FACE_OUTER_BOUND ( 'NONE', #7633, .T. ) ;
#6223 = VECTOR ( 'NONE', #2221, 1000.000000000000000 ) ;
#6224 = DIRECTION ( 'NONE',  ( -6.982962677686266711E-15, 0.000000000000000000, -1.000000000000000000 ) ) ;
#6225 = CARTESIAN_POINT ( 'NONE',  ( -2.671073717948718063, -1.469999999999999529, 5.707131410256399029 ) ) ;
#6226 = UNCERTAINTY_MEASURE_WITH_UNIT (LENGTH_MEASURE( 1.000000000000000082E-05 ), #1381, 'distance_accuracy_value', 'NONE');
#6227 = ORIENTED_EDGE ( 'NONE', *, *, #510, .F. ) ;
#6228 = EDGE_CURVE ( 'NONE', #2966, #5564, #4101, .T. ) ;
#6229 = CARTESIAN_POINT ( 'NONE',  ( -1.883413461538461897, -1.469999999999999973, 5.499999999999988454 ) ) ;
#6230 = VECTOR ( 'NONE', #119, 1000.000000000000000 ) ;
#6231 = DIRECTION ( 'NONE',  ( 4.937700262164529898E-15, -0.7071067811865477948, 0.7071067811865473507 ) ) ;
#6232 = VERTEX_POINT ( 'NONE', #1910 ) ;
#6233 = COLOUR_RGB ( '',0.8980392156862745390, 0.8980392156862745390, 0.8980392156862745390 ) ;
#6234 = SURFACE_SIDE_STYLE ('',( #2032 ) ) ;
#6235 = CARTESIAN_POINT ( 'NONE',  ( 2.101799542865530501, -2.799999999999999378, 5.515831106128231021 ) ) ;
#6236 = VERTEX_POINT ( 'NONE', #1233 ) ;
#6237 = CARTESIAN_POINT ( 'NONE',  ( -2.429829651696453485, -2.799999999999998046, 5.699279530333063448 ) ) ;
#6238 = STYLED_ITEM ( 'NONE', ( #1459 ), #4411 ) ;
#6239 = FACE_OUTER_BOUND ( 'NONE', #5715, .T. ) ;
#6240 = CARTESIAN_POINT ( 'NONE',  ( 1.371794871794872028, -1.469999999999999973, 5.692307692307680966 ) ) ;
#6241 = CARTESIAN_POINT ( 'NONE',  ( -1.886040142615046156, -2.799999999999999378, 5.228511371669982033 ) ) ;
#6242 = CARTESIAN_POINT ( 'NONE',  ( 2.232224149323073892, -1.469999999999999529, 5.575607786009437739 ) ) ;
#6243 = DIRECTION ( 'NONE',  ( 6.982962677686266711E-15, 0.000000000000000000, 1.000000000000000000 ) ) ;
#6244 = CARTESIAN_POINT ( 'NONE',  ( -1.988704218819778324, -2.799999999999998490, 5.361091919343180301 ) ) ;
#6245 = DIRECTION ( 'NONE',  ( -6.982962677686266711E-15, 0.000000000000000000, -1.000000000000000000 ) ) ;
#6246 = DIRECTION ( 'NONE',  ( 0.000000000000000000, 0.000000000000000000, -1.000000000000000000 ) ) ;
#6247 = ORIENTED_EDGE ( 'NONE', *, *, #7754, .T. ) ;
#6248 = ADVANCED_FACE ( 'NONE', ( #8857 ), #3241, .T. ) ;
#6249 = SURFACE_STYLE_USAGE ( .BOTH. , #3439 ) ;
#6250 = ORIENTED_EDGE ( 'NONE', *, *, #4752, .T. ) ;
#6251 = VECTOR ( 'NONE', #5218, 1000.000000000000000 ) ;
#6252 = ORIENTED_EDGE ( 'NONE', *, *, #704, .F. ) ;
#6253 = VERTEX_POINT ( 'NONE', #6794 ) ;
#6254 = CARTESIAN_POINT ( 'NONE',  ( 2.202332039900302352, -2.800000000000000266, 5.919499588300203285 ) ) ;
#6255 = ORIENTED_EDGE ( 'NONE', *, *, #3907, .T. ) ;
#6256 = CARTESIAN_POINT ( 'NONE',  ( 0.9351778862204378484, -2.800000000000000266, 5.638114632357750011 ) ) ;
#6257 = ORIENTED_EDGE ( 'NONE', *, *, #2124, .F. ) ;
#6258 = SURFACE_STYLE_FILL_AREA ( #8317 ) ;
#6259 = CARTESIAN_POINT ( 'NONE',  ( 2.113671052061858457, -1.469999999999999973, 5.519477200133281691 ) ) ;
#6260 = EDGE_CURVE ( 'NONE', #2307, #6992, #6512, .T. ) ;
#6261 = FILL_AREA_STYLE ('',( #4795 ) ) ;
#6262 = PRESENTATION_STYLE_ASSIGNMENT (( #7645 ) ) ;
#6263 = ORIENTED_EDGE ( 'NONE', *, *, #2770, .T. ) ;
#6264 = LINE ( 'NONE', #6845, #3974 ) ;
#6265 = CARTESIAN_POINT ( 'NONE',  ( -1.988704218819778324, -1.469999999999998641, 5.361091919343180301 ) ) ;
#6266 = EDGE_CURVE ( 'NONE', #4050, #7075, #3448, .T. ) ;
#6267 = ORIENTED_EDGE ( 'NONE', *, *, #6266, .T. ) ;
#6268 =( GEOMETRIC_REPRESENTATION_CONTEXT ( 3 ) GLOBAL_UNCERTAINTY_ASSIGNED_CONTEXT ( ( #6096 ) ) GLOBAL_UNIT_ASSIGNED_CONTEXT ( ( #1203, #504, #8238 ) ) REPRESENTATION_CONTEXT ( 'NONE', 'WORKASPACE' ) );
#6269 = DIRECTION ( 'NONE',  ( -0.000000000000000000, -1.000000000000000000, 0.000000000000000000 ) ) ;
#6270 = CARTESIAN_POINT ( 'NONE',  ( 1.179487179487178850, -1.469999999999999973, 5.499999999999988454 ) ) ;
#6271 = DIRECTION ( 'NONE',  ( 4.937700262164532265E-15, 0.7071067811865474617, 0.7071067811865476838 ) ) ;
#6272 = ORIENTED_EDGE ( 'NONE', *, *, #7316, .F. ) ;
#6273 = CARTESIAN_POINT ( 'NONE',  ( 2.366987179487179294, -1.469999999999999973, 5.777644230769219291 ) ) ;
#6274 = CARTESIAN_POINT ( 'NONE',  ( -4.999999999999940492, -0.2999999999999999334, 2.500000000000034639 ) ) ;
#6275 = PRESENTATION_STYLE_ASSIGNMENT (( #703 ) ) ;
#6276 = AXIS2_PLACEMENT_3D ( 'NONE', #8019, #7327, #985 ) ;
#6277 = VERTEX_POINT ( 'NONE', #7433 ) ;
#6278 =( GEOMETRIC_REPRESENTATION_CONTEXT ( 3 ) GLOBAL_UNCERTAINTY_ASSIGNED_CONTEXT ( ( #4826 ) ) GLOBAL_UNIT_ASSIGNED_CONTEXT ( ( #2179, #1507, #337 ) ) REPRESENTATION_CONTEXT ( 'NONE', 'WORKASPACE' ) );
#6279 = CARTESIAN_POINT ( 'NONE',  ( 0.9000000000000170086, 0.1480970388563068729, 2.427638892431812856 ) ) ;
#6280 = DIRECTION ( 'NONE',  ( -1.000000000000000000, 0.000000000000000000, -0.000000000000000000 ) ) ;
#6281 = CARTESIAN_POINT ( 'NONE',  ( 0.9112610939741054850, -1.469999999999999973, 5.600989146714706379 ) ) ;
#6282 = SURFACE_STYLE_USAGE ( .BOTH. , #3478 ) ;
#6283 = LINE ( 'NONE', #2577, #8543 ) ;
#6284 = DIRECTION ( 'NONE',  ( -0.2958524649701909648, 0.000000000000000000, -0.9552336462725032895 ) ) ;
#6285 = VECTOR ( 'NONE', #4370, 1000.000000000000000 ) ;
#6286 =( NAMED_UNIT ( * ) SI_UNIT ( $, .STERADIAN. ) SOLID_ANGLE_UNIT ( ) );
#6287 = CARTESIAN_POINT ( 'NONE',  ( -4.999999999999940492, -0.2999999999999999334, 2.499999999994385824 ) ) ;
#6288 = PLANE ( 'NONE',  #1753 ) ;
#6289 = VECTOR ( 'NONE', #4929, 1000.000000000000000 ) ;
#6290 = LINE ( 'NONE', #5600, #5977 ) ;
#6291 = VECTOR ( 'NONE', #6820, 1000.000000000000000 ) ;
#6292 = CARTESIAN_POINT ( 'NONE',  ( 0.6866077005814067435, -2.800000000000000266, 5.655980716895562921 ) ) ;
#6293 = AXIS2_PLACEMENT_3D ( 'NONE', #1224, #4869, #476 ) ;
#6294 = ORIENTED_EDGE ( 'NONE', *, *, #669, .T. ) ;
#6295 = EDGE_CURVE ( 'NONE', #6859, #7122, #6746, .T. ) ;
#6296 = VECTOR ( 'NONE', #6215, 1000.000000000000000 ) ;
#6297 = CARTESIAN_POINT ( 'NONE',  ( 2.277537807534983028, -1.469999999999999529, 5.618422253502447283 ) ) ;
#6298 = ORIENTED_EDGE ( 'NONE', *, *, #3832, .F. ) ;
#6299 = ORIENTED_EDGE ( 'NONE', *, *, #6889, .F. ) ;
#6300 = CARTESIAN_POINT ( 'NONE',  ( 0.8000000000000089262, 1.282705825050274528, 1.293030106237845978 ) ) ;
#6301 = EDGE_CURVE ( 'NONE', #2847, #3634, #3343, .T. ) ;
#6302 =( LENGTH_UNIT ( ) NAMED_UNIT ( * ) SI_UNIT ( .MILLI., .METRE. ) );
#6303 = ORIENTED_EDGE ( 'NONE', *, *, #7373, .T. ) ;
#6304 = CARTESIAN_POINT ( 'NONE',  ( 0.9743589743589740060, -2.799999999999999822, 5.869591346153834266 ) ) ;
#6305 = LINE ( 'NONE', #6986, #3788 ) ;
#6306 = ORIENTED_EDGE ( 'NONE', *, *, #1143, .T. ) ;
#6307 = LINE ( 'NONE', #4923, #8013 ) ;
#6308 = EDGE_LOOP ( 'NONE', ( #3725, #4633, #6199, #7949 ) ) ;
#6309 = DIRECTION ( 'NONE',  ( -0.000000000000000000, -1.000000000000000000, -0.000000000000000000 ) ) ;
#6310 = SURFACE_STYLE_FILL_AREA ( #2148 ) ;
#6311 =( LENGTH_UNIT ( ) NAMED_UNIT ( * ) SI_UNIT ( .MILLI., .METRE. ) );
#6312 = ORIENTED_EDGE ( 'NONE', *, *, #6755, .F. ) ;
#6313 = COLOUR_RGB ( '',0.8980392156862745390, 0.8980392156862745390, 0.8980392156862745390 ) ;
#6314 = SURFACE_STYLE_FILL_AREA ( #5713 ) ;
#6315 = DIRECTION ( 'NONE',  ( 0.000000000000000000, 0.000000000000000000, -1.000000000000000000 ) ) ;
#6316 = FACE_OUTER_BOUND ( 'NONE', #6570, .T. ) ;
#6317 = ORIENTED_EDGE ( 'NONE', *, *, #4019, .F. ) ;
#6318 = CARTESIAN_POINT ( 'NONE',  ( 3.300000000000032241, 0.3000000000000003775, 4.599999999999976552 ) ) ;
#6319 = CARTESIAN_POINT ( 'NONE',  ( -2.491185897435898244, -1.469999999999999973, 5.487179487179475679 ) ) ;
#6320 = VERTEX_POINT ( 'NONE', #6160 ) ;
#6321 = PLANE ( 'NONE',  #7141 ) ;
#6322 = EDGE_CURVE ( 'NONE', #1133, #407, #8262, .T. ) ;
#6323 = EDGE_CURVE ( 'NONE', #258, #480, #4791, .T. ) ;
#6324 = SURFACE_STYLE_USAGE ( .BOTH. , #2733 ) ;
#6325 = EDGE_CURVE ( 'NONE', #8824, #1884, #1137, .T. ) ;
#6326 = VECTOR ( 'NONE', #7175, 1000.000000000000000 ) ;
#6327 = DIRECTION ( 'NONE',  ( 0.000000000000000000, 1.000000000000000000, 0.000000000000000000 ) ) ;
#6328 = DIRECTION ( 'NONE',  ( -0.000000000000000000, -1.000000000000000000, -0.000000000000000000 ) ) ;
#6329 = CARTESIAN_POINT ( 'NONE',  ( 0.7820512820512818264, -2.799999999999999822, 6.499999999999988454 ) ) ;
#6330 = LINE ( 'NONE', #7879, #1031 ) ;
#6331 = CARTESIAN_POINT ( 'NONE',  ( -0.7999999999999830580, 0.1480970388563068729, 2.427638892431824402 ) ) ;
#6332 = CARTESIAN_POINT ( 'NONE',  ( -0.4567307692307696065, -1.469999999999999973, 6.499999999999988454 ) ) ;
#6333 = AXIS2_PLACEMENT_3D ( 'NONE', #3, #5047, #5617 ) ;
#6334 = STYLED_ITEM ( 'NONE', ( #6054 ), #1633 ) ;
#6335 = PLANE ( 'NONE',  #1639 ) ;
#6336 = ORIENTED_EDGE ( 'NONE', *, *, #5817, .F. ) ;
#6337 = EDGE_CURVE ( 'NONE', #2358, #6749, #7112, .T. ) ;
#6338 = SURFACE_STYLE_FILL_AREA ( #8528 ) ;
#6339 = ORIENTED_EDGE ( 'NONE', *, *, #3334, .F. ) ;
#6340 = STYLED_ITEM ( 'NONE', ( #8789 ), #3238 ) ;
#6341 = FILL_AREA_STYLE_COLOUR ( '', #8130 ) ;
#6342 = MECHANICAL_DESIGN_GEOMETRIC_PRESENTATION_REPRESENTATION (  '', ( #5147 ), #438 ) ;
#6343 = ORIENTED_EDGE ( 'NONE', *, *, #8614, .T. ) ;
#6344 = SURFACE_SIDE_STYLE ('',( #8365 ) ) ;
#6345 =( LENGTH_UNIT ( ) NAMED_UNIT ( * ) SI_UNIT ( .MILLI., .METRE. ) );
#6346 = AXIS2_PLACEMENT_3D ( 'NONE', #2424, #1839, #3976 ) ;
#6347 = DIRECTION ( 'NONE',  ( 0.000000000000000000, -1.000000000000000000, 0.000000000000000000 ) ) ;
#6348 =( LENGTH_UNIT ( ) NAMED_UNIT ( * ) SI_UNIT ( .MILLI., .METRE. ) );
#6349 = ORIENTED_EDGE ( 'NONE', *, *, #3545, .T. ) ;
#6350 =( NAMED_UNIT ( * ) SI_UNIT ( $, .STERADIAN. ) SOLID_ANGLE_UNIT ( ) );
#6351 = SURFACE_STYLE_USAGE ( .BOTH. , #3548 ) ;
#6352 = ORIENTED_EDGE ( 'NONE', *, *, #1982, .T. ) ;
#6353 = DIRECTION ( 'NONE',  ( 6.982962677686266711E-15, 0.000000000000000000, 1.000000000000000000 ) ) ;
#6354 = B_SPLINE_CURVE_WITH_KNOTS ( 'NONE', 3,
 ( #1106, #6045, #236, #7996, #3743, #2516, #1694, #5951, #3037, #2329, #413, #366, #6003, #2466, #5866, #7354, #4537, #3829, #3174 ),
 .UNSPECIFIED., .F., .F.,
 ( 4, 1, 1, 1, 1, 1, 1, 1, 1, 1, 1, 1, 1, 1, 1, 1, 4 ),
 ( 0.000000000000000000, 0.06962928586374701745, 0.1353656141958089476, 0.1977563563893328102, 0.2577792468294478612, 0.3154368108510214319, 0.3720589017615184013, 0.4278757282096487535, 0.4836577452833621948, 0.5401768316285148197, 0.5974274128199860145, 0.6567202518934099897, 0.7182476964805618591, 0.7827623626465201045, 0.8511477720117531787, 0.9234178227313181164, 1.000000000000000000 ),
 .UNSPECIFIED. ) ;
#6355 = STYLED_ITEM ( 'NONE', ( #7351 ), #7881 ) ;
#6356 = PLANE ( 'NONE',  #2959 ) ;
#6357 = ORIENTED_EDGE ( 'NONE', *, *, #1028, .F. ) ;
#6358 = ADVANCED_FACE ( 'NONE', ( #1547 ), #5658, .F. ) ;
#6359 = CARTESIAN_POINT ( 'NONE',  ( 4.000000000000052403, -1.500000000000000000, 7.399999999999972822 ) ) ;
#6360 = CARTESIAN_POINT ( 'NONE',  ( -2.550503021297243045, -1.469999999999999529, 5.628407150266144576 ) ) ;
#6361 = ORIENTED_EDGE ( 'NONE', *, *, #346, .F. ) ;
#6362 = DIRECTION ( 'NONE',  ( 1.000000000000000000, -0.000000000000000000, -6.982962677686266711E-15 ) ) ;
#6363 = VECTOR ( 'NONE', #7848, 1000.000000000000000 ) ;
#6364 = CARTESIAN_POINT ( 'NONE',  ( -2.578816962407834978, -1.470000000000000417, 5.503266592686286707 ) ) ;
#6365 = FACE_OUTER_BOUND ( 'NONE', #7979, .T. ) ;
#6366 = FILL_AREA_STYLE_COLOUR ( '', #5398 ) ;
#6367 = DIRECTION ( 'NONE',  ( -1.000000000000000000, 0.000000000000000000, 0.000000000000000000 ) ) ;
#6368 = PRESENTATION_LAYER_ASSIGNMENT (  '', '', ( #5778 ) ) ;
#6369 = VECTOR ( 'NONE', #8260, 1000.000000000000000 ) ;
#6370 = FACE_OUTER_BOUND ( 'NONE', #4342, .T. ) ;
#6371 = CARTESIAN_POINT ( 'NONE',  ( 0.6725850894718609085, -1.469999999999999973, 5.487622844620589468 ) ) ;
#6372 = PRESENTATION_STYLE_ASSIGNMENT (( #7831 ) ) ;
#6373 =( NAMED_UNIT ( * ) PLANE_ANGLE_UNIT ( ) SI_UNIT ( $, .RADIAN. ) );
#6374 = DIRECTION ( 'NONE',  ( 1.000000000000000000, -0.000000000000000000, -6.982962677686266711E-15 ) ) ;
#6375 = CARTESIAN_POINT ( 'NONE',  ( 0.02564102564102518564, -2.799999999999999822, 5.499999999999988454 ) ) ;
#6376 = EDGE_CURVE ( 'NONE', #5800, #4150, #6424, .T. ) ;
#6377 = ADVANCED_FACE ( 'NONE', ( #1462 ), #6464, .F. ) ;
#6378 = CARTESIAN_POINT ( 'NONE',  ( 2.182120143015389591, -2.799999999999999822, 6.455831709041126132 ) ) ;
#6379 = UNCERTAINTY_MEASURE_WITH_UNIT (LENGTH_MEASURE( 1.000000000000000082E-05 ), #5571, 'distance_accuracy_value', 'NONE');
#6380 = SURFACE_SIDE_STYLE ('',( #2214 ) ) ;
#6381 = EDGE_LOOP ( 'NONE', ( #3239, #2388, #6018, #3160 ) ) ;
#6382 = AXIS2_PLACEMENT_3D ( 'NONE', #479, #3287, #8209 ) ;
#6383 = CARTESIAN_POINT ( 'NONE',  ( -2.070404962168560292, -1.469999999999999529, 5.363873072639083972 ) ) ;
#6384 = FILL_AREA_STYLE ('',( #6341 ) ) ;
#6385 = CARTESIAN_POINT ( 'NONE',  ( 2.384132587970196556E-14, 1.000000000000000444, 3.414213562373148214 ) ) ;
#6386 = EDGE_LOOP ( 'NONE', ( #730, #3991, #4760, #8016 ) ) ;
#6387 = EDGE_CURVE ( 'NONE', #3722, #428, #2755, .T. ) ;
#6388 = PRESENTATION_LAYER_ASSIGNMENT (  '', '', ( #8290 ) ) ;
#6389 = DIRECTION ( 'NONE',  ( 4.937700262164529898E-15, -0.7071067811865477948, 0.7071067811865473507 ) ) ;
#6390 = CARTESIAN_POINT ( 'NONE',  ( 2.390525302555774001, -1.470000000000000417, 5.876742831396957634 ) ) ;
#6391 = PRESENTATION_STYLE_ASSIGNMENT (( #7029 ) ) ;
#6392 = VERTEX_POINT ( 'NONE', #3628 ) ;
#6393 = FILL_AREA_STYLE ('',( #1467 ) ) ;
#6394 = CARTESIAN_POINT ( 'NONE',  ( 2.397435897435897356, -2.799999999999999822, 5.990384615384604317 ) ) ;
#6395 = VERTEX_POINT ( 'NONE', #6304 ) ;
#6396 = ORIENTED_EDGE ( 'NONE', *, *, #1867, .T. ) ;
#6397 = CARTESIAN_POINT ( 'NONE',  ( 2.251209872102022391, -2.799999999999999822, 5.592681795740280570 ) ) ;
#6398 =( NAMED_UNIT ( * ) SI_UNIT ( $, .STERADIAN. ) SOLID_ANGLE_UNIT ( ) );
#6399 = ORIENTED_EDGE ( 'NONE', *, *, #2199, .F. ) ;
#6400 =( GEOMETRIC_REPRESENTATION_CONTEXT ( 3 ) GLOBAL_UNCERTAINTY_ASSIGNED_CONTEXT ( ( #2495 ) ) GLOBAL_UNIT_ASSIGNED_CONTEXT ( ( #7644, #537, #8964 ) ) REPRESENTATION_CONTEXT ( 'NONE', 'WORKASPACE' ) );
#6401 = LINE ( 'NONE', #7207, #1472 ) ;
#6402 = CARTESIAN_POINT ( 'NONE',  ( -2.520582580686125951, -2.800000000000000266, 5.488244727432365799 ) ) ;
#6403 = CARTESIAN_POINT ( 'NONE',  ( 2.100000000000031175, 0.3000000000000003775, 4.499999999999984901 ) ) ;
#6404 = EDGE_CURVE ( 'NONE', #6859, #407, #83, .T. ) ;
#6405 = DIRECTION ( 'NONE',  ( 4.937700262164723958E-15, -0.7071067811865201502, 0.7071067811865749952 ) ) ;
#6406 = CARTESIAN_POINT ( 'NONE',  ( -2.060344111597290695, -1.469999999999999085, 5.225444085909124681 ) ) ;
#6407 = FILL_AREA_STYLE_COLOUR ( '', #888 ) ;
#6408 = STYLED_ITEM ( 'NONE', ( #1881 ), #8724 ) ;
#6409 = CARTESIAN_POINT ( 'NONE',  ( 2.366987179487179294, -2.799999999999999822, 5.777644230769219291 ) ) ;
#6410 = CARTESIAN_POINT ( 'NONE',  ( -2.897435897435897800, -1.469999999999999973, 6.499999999999988454 ) ) ;
#6411 = LINE ( 'NONE', #3663, #5613 ) ;
#6412 =( NAMED_UNIT ( * ) SI_UNIT ( $, .STERADIAN. ) SOLID_ANGLE_UNIT ( ) );
#6413 = CARTESIAN_POINT ( 'NONE',  ( 4.000000000000052403, -1.500000000000000000, 7.399999999999972822 ) ) ;
#6414 =( GEOMETRIC_REPRESENTATION_CONTEXT ( 3 ) GLOBAL_UNCERTAINTY_ASSIGNED_CONTEXT ( ( #670 ) ) GLOBAL_UNIT_ASSIGNED_CONTEXT ( ( #6974, #4831, #5460 ) ) REPRESENTATION_CONTEXT ( 'NONE', 'WORKASPACE' ) );
#6415 = CARTESIAN_POINT ( 'NONE',  ( -1.976362179487179960, -1.469999999999999973, 5.217948717948706516 ) ) ;
#6416 = ORIENTED_EDGE ( 'NONE', *, *, #635, .F. ) ;
#6417 = VERTEX_POINT ( 'NONE', #2056 ) ;
#6418 = VECTOR ( 'NONE', #2481, 1000.000000000000000 ) ;
#6419 = EDGE_CURVE ( 'NONE', #4438, #8579, #2884, .T. ) ;
#6420 = CARTESIAN_POINT ( 'NONE',  ( 4.000000000000031086, -1.499999999999999778, 4.499999999999971578 ) ) ;
#6421 = SURFACE_SIDE_STYLE ('',( #3624 ) ) ;
#6422 = SURFACE_SIDE_STYLE ('',( #3625 ) ) ;
#6423 = ORIENTED_EDGE ( 'NONE', *, *, #7976, .T. ) ;
#6424 = LINE ( 'NONE', #2919, #6363 ) ;
#6425 = VECTOR ( 'NONE', #5954, 1000.000000000000000 ) ;
#6426 = COLOUR_RGB ( '',0.1019607843137254888, 0.1019607843137254888, 0.1019607843137254888 ) ;
#6427 =( GEOMETRIC_REPRESENTATION_CONTEXT ( 3 ) GLOBAL_UNCERTAINTY_ASSIGNED_CONTEXT ( ( #5374 ) ) GLOBAL_UNIT_ASSIGNED_CONTEXT ( ( #3812, #5936, #1634 ) ) REPRESENTATION_CONTEXT ( 'NONE', 'WORKASPACE' ) );
#6428 = EDGE_CURVE ( 'NONE', #1460, #7737, #720, .T. ) ;
#6429 = DIRECTION ( 'NONE',  ( -0.000000000000000000, -1.000000000000000000, -0.000000000000000000 ) ) ;
#6430 = ADVANCED_FACE ( 'NONE', ( #5695 ), #9108, .F. ) ;
#6431 = COLOUR_RGB ( '',0.1019607843137254888, 0.1019607843137254888, 0.1019607843137254888 ) ;
#6432 = ORIENTED_EDGE ( 'NONE', *, *, #1511, .T. ) ;
#6433 = DIRECTION ( 'NONE',  ( 6.982962677686266711E-15, 0.000000000000000000, 1.000000000000000000 ) ) ;
#6434 =( LENGTH_UNIT ( ) NAMED_UNIT ( * ) SI_UNIT ( .MILLI., .METRE. ) );
#6435 = EDGE_LOOP ( 'NONE', ( #2797, #5887, #2175, #2791, #5275, #174, #1588, #6604 ) ) ;
#6436 = FILL_AREA_STYLE ('',( #8583 ) ) ;
#6437 = ORIENTED_EDGE ( 'NONE', *, *, #2688, .T. ) ;
#6438 = CARTESIAN_POINT ( 'NONE',  ( 1.187103655206665341E-13, -1.499999999999999778, 17.00000000000000000 ) ) ;
#6439 = FACE_OUTER_BOUND ( 'NONE', #5657, .T. ) ;
#6440 = ORIENTED_EDGE ( 'NONE', *, *, #4501, .F. ) ;
#6441 = SURFACE_SIDE_STYLE ('',( #6314 ) ) ;
#6442 = LINE ( 'NONE', #7817, #3555 ) ;
#6443 = ORIENTED_EDGE ( 'NONE', *, *, #1062, .F. ) ;
#6444 = LINE ( 'NONE', #223, #6176 ) ;
#6445 = DIRECTION ( 'NONE',  ( -0.000000000000000000, -1.000000000000000000, -0.000000000000000000 ) ) ;
#6446 = DIRECTION ( 'NONE',  ( 6.982962677686266711E-15, 0.000000000000000000, 1.000000000000000000 ) ) ;
#6447 = DIRECTION ( 'NONE',  ( 0.000000000000000000, 0.000000000000000000, 1.000000000000000000 ) ) ;
#6448 = CARTESIAN_POINT ( 'NONE',  ( -2.694495815203648004, -2.800000000000000266, 5.977254305912778065 ) ) ;
#6449 = CARTESIAN_POINT ( 'NONE',  ( -2.022238594706329717, -2.799999999999999822, 5.359114174665372765 ) ) ;
#6450 = DIRECTION ( 'NONE',  ( 1.000000000000000000, -0.000000000000000000, -6.982962677686266711E-15 ) ) ;
#6451 = CARTESIAN_POINT ( 'NONE',  ( -2.897435897435897800, -2.799999999999999822, 5.499999999999988454 ) ) ;
#6452 = CARTESIAN_POINT ( 'NONE',  ( 2.050944963706933244, -2.799999999999999822, 5.678490683959982022 ) ) ;
#6453 = CARTESIAN_POINT ( 'NONE',  ( -2.487425022139604369, -2.799999999999999822, 5.641978709293536731 ) ) ;
#6454 = LINE ( 'NONE', #8520, #2205 ) ;
#6455 = LINE ( 'NONE', #154, #4089 ) ;
#6456 = CARTESIAN_POINT ( 'NONE',  ( 2.308235486543442683, -2.799999999999999822, 5.657450228529654623 ) ) ;
#6457 = CARTESIAN_POINT ( 'NONE',  ( 0.8000000000000114797, 0.9259144981615097247, 1.649821433126610559 ) ) ;
#6458 = UNCERTAINTY_MEASURE_WITH_UNIT (LENGTH_MEASURE( 1.000000000000000082E-05 ), #4457, 'distance_accuracy_value', 'NONE');
#6459 = PRESENTATION_LAYER_ASSIGNMENT (  '', '', ( #6596 ) ) ;
#6460 = CARTESIAN_POINT ( 'NONE',  ( -2.089743589743590313, -1.469999999999999973, 5.367988782051270391 ) ) ;
#6461 = CARTESIAN_POINT ( 'NONE',  ( 0.9543424819572993156, -2.799999999999999822, 5.685273738575832070 ) ) ;
#6462 = VECTOR ( 'NONE', #132, 1000.000000000000000 ) ;
#6463 = EDGE_LOOP ( 'NONE', ( #5191, #2321, #6798, #60 ) ) ;
#6464 = PLANE ( 'NONE',  #1054 ) ;
#6465 = CARTESIAN_POINT ( 'NONE',  ( -0.7489983974358978003, -1.469999999999999973, 5.730769230769219291 ) ) ;
#6466 = DIRECTION ( 'NONE',  ( 0.000000000000000000, -1.000000000000000000, 0.000000000000000000 ) ) ;
#6467 = AXIS2_PLACEMENT_3D ( 'NONE', #141, #8505, #4891 ) ;
#6468 = ORIENTED_EDGE ( 'NONE', *, *, #3208, .T. ) ;
#6469 = FILL_AREA_STYLE_COLOUR ( '', #1743 ) ;
#6470 = LINE ( 'NONE', #1714, #8163 ) ;
#6471 = ORIENTED_EDGE ( 'NONE', *, *, #2391, .F. ) ;
#6472 = CARTESIAN_POINT ( 'NONE',  ( 0.2179487179487177573, -2.799999999999999822, 5.499999999999988454 ) ) ;
#6473 = VERTEX_POINT ( 'NONE', #977 ) ;
#6474 = CARTESIAN_POINT ( 'NONE',  ( 0.2179487179487177573, -1.469999999999999973, 5.499999999999988454 ) ) ;
#6475 = SURFACE_STYLE_USAGE ( .BOTH. , #862 ) ;
#6476 = ORIENTED_EDGE ( 'NONE', *, *, #1769, .T. ) ;
#6477 = ADVANCED_FACE ( 'NONE', ( #5965 ), #4459, .T. ) ;
#6478 = ADVANCED_FACE ( 'NONE', ( #892 ), #3051, .F. ) ;
#6479 = CARTESIAN_POINT ( 'NONE',  ( 2.119391025641025106, -1.469999999999999973, 5.521233974358962904 ) ) ;
#6480 = ORIENTED_EDGE ( 'NONE', *, *, #8203, .F. ) ;
#6481 = CARTESIAN_POINT ( 'NONE',  ( -2.251548869429211397, -2.799999999999998934, 5.642952581988510019 ) ) ;
#6482 = ORIENTED_EDGE ( 'NONE', *, *, #187, .F. ) ;
#6483 = CARTESIAN_POINT ( 'NONE',  ( 3.450000000000007283, 0.3000000000000003775, 1.049999999999975620 ) ) ;
#6484 = CARTESIAN_POINT ( 'NONE',  ( -2.607467886637609311, -2.800000000000000711, 5.515733603418147446 ) ) ;
#6485 = VECTOR ( 'NONE', #3978, 1000.000000000000000 ) ;
#6486 = PRESENTATION_LAYER_ASSIGNMENT (  '', '', ( #3571 ) ) ;
#6487 = CARTESIAN_POINT ( 'NONE',  ( 2.039134411902586042, -2.799999999999999822, 5.675522465614528222 ) ) ;
#6488 = EDGE_CURVE ( 'NONE', #945, #8156, #4554, .T. ) ;
#6489 = ORIENTED_EDGE ( 'NONE', *, *, #3701, .F. ) ;
#6490 =( LENGTH_UNIT ( ) NAMED_UNIT ( * ) SI_UNIT ( .MILLI., .METRE. ) );
#6491 =( GEOMETRIC_REPRESENTATION_CONTEXT ( 3 ) GLOBAL_UNCERTAINTY_ASSIGNED_CONTEXT ( ( #2507 ) ) GLOBAL_UNIT_ASSIGNED_CONTEXT ( ( #7565, #6776, #6188 ) ) REPRESENTATION_CONTEXT ( 'NONE', 'WORKASPACE' ) );
#6492 = DIRECTION ( 'NONE',  ( -1.000000000000000000, 0.000000000000000000, 6.982962677686266711E-15 ) ) ;
#6493 = VECTOR ( 'NONE', #435, 1000.000000000000000 ) ;
#6494 =( NAMED_UNIT ( * ) SI_UNIT ( $, .STERADIAN. ) SOLID_ANGLE_UNIT ( ) );
#6495 = SURFACE_STYLE_USAGE ( .BOTH. , #876 ) ;
#6496 = CARTESIAN_POINT ( 'NONE',  ( 2.196895947099088531, -2.799999999999999822, 5.873406909450507918 ) ) ;
#6497 = CARTESIAN_POINT ( 'NONE',  ( 2.182120143015389591, -1.469999999999999973, 6.455831709041126132 ) ) ;
#6498 = CARTESIAN_POINT ( 'NONE',  ( 0.3642992529581203787, -2.800000000000000711, 5.646759347870394130 ) ) ;
#6499 = CARTESIAN_POINT ( 'NONE',  ( -2.403067943242244375, -2.800000000000000711, 5.946382710083815581 ) ) ;
#6500 = CARTESIAN_POINT ( 'NONE',  ( -1.791996608679296665, -2.800000000000000711, 5.282067407625810063 ) ) ;
#6501 = CARTESIAN_POINT ( 'NONE',  ( -2.489589179529787977, -2.799999999999999822, 6.088625498535376046 ) ) ;
#6502 = COLOUR_RGB ( '',0.1019607843137254888, 0.1019607843137254888, 0.1019607843137254888 ) ;
#6503 = PRESENTATION_LAYER_ASSIGNMENT (  '', '', ( #3117 ) ) ;
#6504 = CARTESIAN_POINT ( 'NONE',  ( 2.384889061623495010, -2.799999999999998934, 6.148280647444117619 ) ) ;
#6505 = ORIENTED_EDGE ( 'NONE', *, *, #7844, .T. ) ;
#6506 = FACE_OUTER_BOUND ( 'NONE', #6658, .T. ) ;
#6507 = PRESENTATION_STYLE_ASSIGNMENT (( #6640 ) ) ;
#6508 = VECTOR ( 'NONE', #7924, 1000.000000000000114 ) ;
#6509 = EDGE_CURVE ( 'NONE', #8360, #7579, #8662, .T. ) ;
#6510 = CARTESIAN_POINT ( 'NONE',  ( 4.000000000000052403, -2.799999999999999822, 7.399999999999972822 ) ) ;
#6511 = CARTESIAN_POINT ( 'NONE',  ( -1.435897435897436125, -1.469999999999999973, 6.230769230769219291 ) ) ;
#6512 = B_SPLINE_CURVE_WITH_KNOTS ( 'NONE', 3,
 ( #6936, #1815, #4698, #5467, #1182, #3998, #8905, #3293, #2601, #6209, #630 ),
 .UNSPECIFIED., .F., .F.,
 ( 4, 1, 1, 1, 1, 1, 1, 1, 4 ),
 ( 0.000000000000000000, 0.07234232131370357810, 0.1592701015872656223, 0.2619317668593117987, 0.3782459773393734848, 0.5116386268384607305, 0.6587657585829479467, 0.8219214622934500891, 1.000000000000000000 ),
 .UNSPECIFIED. ) ;
#6513 = VERTEX_POINT ( 'NONE', #3007 ) ;
#6514 = CARTESIAN_POINT ( 'NONE',  ( 2.188977125830068982, -2.800000000000001155, 5.833343220230829296 ) ) ;
#6515 = DIRECTION ( 'NONE',  ( 0.000000000000000000, 0.000000000000000000, -1.000000000000000000 ) ) ;
#6516 = AXIS2_PLACEMENT_3D ( 'NONE', #3951, #8773, #2446 ) ;
#6517 = ORIENTED_EDGE ( 'NONE', *, *, #6024, .F. ) ;
#6518 = PLANE ( 'NONE',  #7087 ) ;
#6519 = ORIENTED_EDGE ( 'NONE', *, *, #9087, .F. ) ;
#6520 = DIRECTION ( 'NONE',  ( 0.000000000000000000, 1.000000000000000000, 0.000000000000000000 ) ) ;
#6521 = ORIENTED_EDGE ( 'NONE', *, *, #8406, .F. ) ;
#6522 = CARTESIAN_POINT ( 'NONE',  ( -0.3987158048003609512, 2.199999999999999289, -3.499999999999996891 ) ) ;
#6523 = ORIENTED_EDGE ( 'NONE', *, *, #951, .F. ) ;
#6524 = EDGE_CURVE ( 'NONE', #8894, #4933, #3097, .T. ) ;
#6525 = CARTESIAN_POINT ( 'NONE',  ( 3.300000000010319123, -0.2999999999999999334, 4.499999999999976019 ) ) ;
#6526 = EDGE_LOOP ( 'NONE', ( #681, #4084, #604, #3023 ) ) ;
#6527 = DIRECTION ( 'NONE',  ( -0.000000000000000000, -1.000000000000000000, -0.000000000000000000 ) ) ;
#6528 = CARTESIAN_POINT ( 'NONE',  ( 2.196895947099088531, -1.469999999999999973, 5.873406909450507918 ) ) ;
#6529 = FACE_OUTER_BOUND ( 'NONE', #823, .T. ) ;
#6530 = VERTEX_POINT ( 'NONE', #5359 ) ;
#6531 = FILL_AREA_STYLE ('',( #3822 ) ) ;
#6532 = CARTESIAN_POINT ( 'NONE',  ( 0.8457541433606347026, -1.469999999999999085, 5.539572234327606814 ) ) ;
#6533 = VECTOR ( 'NONE', #6446, 1000.000000000000000 ) ;
#6534 = PRESENTATION_LAYER_ASSIGNMENT (  '', '', ( #1408 ) ) ;
#6535 = CARTESIAN_POINT ( 'NONE',  ( -4.999999999999963585, 0.3000000000000003775, 4.500000000000034639 ) ) ;
#6536 = EDGE_CURVE ( 'NONE', #342, #5891, #1125, .T. ) ;
#6537 = CARTESIAN_POINT ( 'NONE',  ( 2.277537807534983028, -2.799999999999999378, 5.618422253502447283 ) ) ;
#6538 = CARTESIAN_POINT ( 'NONE',  ( 2.042668269230769162, -2.799999999999999822, 5.676282051282039554 ) ) ;
#6539 = CARTESIAN_POINT ( 'NONE',  ( -1.699999999989103783, 0.3000000000000003775, 4.500000000000011546 ) ) ;
#6540 = VECTOR ( 'NONE', #8606, 1000.000000000000000 ) ;
#6541 = LINE ( 'NONE', #4538, #333 ) ;
#6542 = CARTESIAN_POINT ( 'NONE',  ( 2.357570481785493666, -2.800000000000000266, 5.751180901941307155 ) ) ;
#6543 = CARTESIAN_POINT ( 'NONE',  ( -2.451602907819008692, -2.799999999999999378, 6.059037525973703708 ) ) ;
#6544 = CARTESIAN_POINT ( 'NONE',  ( 2.182120143015389591, -1.469999999999999973, 6.455831709041126132 ) ) ;
#6545 = SURFACE_STYLE_USAGE ( .BOTH. , #2335 ) ;
#6546 = UNCERTAINTY_MEASURE_WITH_UNIT (LENGTH_MEASURE( 1.000000000000000082E-05 ), #6075, 'distance_accuracy_value', 'NONE');
#6547 = FACE_OUTER_BOUND ( 'NONE', #7424, .T. ) ;
#6548 = B_SPLINE_CURVE_WITH_KNOTS ( 'NONE', 3,
 ( #6146, #6735, #5356, #8105, #8200, #469, #565, #5508, #7369, #1073, #1801 ),
 .UNSPECIFIED., .F., .F.,
 ( 4, 1, 1, 1, 1, 1, 1, 1, 4 ),
 ( 0.000000000000000000, 0.1658261532703365904, 0.3179809480185030734, 0.4597957385650933149, 0.5899965503938366940, 0.7070659534182212047, 0.8152435667394595242, 0.9112462812646766608, 1.000000000000000000 ),
 .UNSPECIFIED. ) ;
#6549 = LINE ( 'NONE', #4204, #6050 ) ;
#6550 = DIRECTION ( 'NONE',  ( 1.000000000000000000, -0.000000000000000000, -6.982962677686267499E-15 ) ) ;
#6551 = CARTESIAN_POINT ( 'NONE',  ( 5.000000000000032863, -2.799999999999999822, 4.699999999999964650 ) ) ;
#6552 = SURFACE_STYLE_FILL_AREA ( #1583 ) ;
#6553 = EDGE_CURVE ( 'NONE', #7389, #2637, #5453, .T. ) ;
#6554 = VECTOR ( 'NONE', #3435, 1000.000000000000000 ) ;
#6555 = CARTESIAN_POINT ( 'NONE',  ( 2.196937869899151963, -2.799999999999998934, 6.123864048560411888 ) ) ;
#6556 = ORIENTED_EDGE ( 'NONE', *, *, #5283, .T. ) ;
#6557 = DIRECTION ( 'NONE',  ( 4.937700262164529898E-15, -0.7071067811865477948, 0.7071067811865473507 ) ) ;
#6558 = CARTESIAN_POINT ( 'NONE',  ( 2.173339346766290259, -1.469999999999999529, 5.784745588996236698 ) ) ;
#6559 = STYLED_ITEM ( 'NONE', ( #4586 ), #6964 ) ;
#6560 =( LENGTH_UNIT ( ) NAMED_UNIT ( * ) SI_UNIT ( .MILLI., .METRE. ) );
#6561 = ORIENTED_EDGE ( 'NONE', *, *, #5121, .F. ) ;
#6562 = CARTESIAN_POINT ( 'NONE',  ( -2.287993224377527834, -1.469999999999999973, 5.587284980151528302 ) ) ;
#6563 = VECTOR ( 'NONE', #2110, 1000.000000000000000 ) ;
#6564 = PLANE ( 'NONE',  #763 ) ;
#6565 = ORIENTED_EDGE ( 'NONE', *, *, #1589, .F. ) ;
#6566 = DIRECTION ( 'NONE',  ( 0.000000000000000000, -1.000000000000000000, 0.000000000000000000 ) ) ;
#6567 = VECTOR ( 'NONE', #3953, 1000.000000000000000 ) ;
#6568 = ORIENTED_EDGE ( 'NONE', *, *, #1143, .F. ) ;
#6569 = LINE ( 'NONE', #8636, #25 ) ;
#6570 = EDGE_LOOP ( 'NONE', ( #3549, #2550, #1964, #4239 ) ) ;
#6571 = LINE ( 'NONE', #3958, #5276 ) ;
#6572 = DIRECTION ( 'NONE',  ( -0.9395635865057823111, 0.000000000000000000, 0.3423744542345285025 ) ) ;
#6573 = EDGE_CURVE ( 'NONE', #7576, #3396, #8805, .T. ) ;
#6574 = LINE ( 'NONE', #3072, #829 ) ;
#6575 = ORIENTED_EDGE ( 'NONE', *, *, #5869, .F. ) ;
#6576 = DIRECTION ( 'NONE',  ( -1.000000000000000000, 0.000000000000000000, 6.982962677686266711E-15 ) ) ;
#6577 = FILL_AREA_STYLE_COLOUR ( '', #8978 ) ;
#6578 = CARTESIAN_POINT ( 'NONE',  ( 2.260416666666666519, -2.800000000000000266, 5.600961538461527667 ) ) ;
#6579 =( LENGTH_UNIT ( ) NAMED_UNIT ( * ) SI_UNIT ( .MILLI., .METRE. ) );
#6580 = CARTESIAN_POINT ( 'NONE',  ( -2.529204859584050613, -2.800000000000000711, 5.628589147326199971 ) ) ;
#6581 = SURFACE_STYLE_USAGE ( .BOTH. , #3785 ) ;
#6582 = EDGE_CURVE ( 'NONE', #6392, #2723, #1170, .T. ) ;
#6583 = CARTESIAN_POINT ( 'NONE',  ( -2.421160717716062116, -2.799999999999999378, 6.012706789501926607 ) ) ;
#6584 = EDGE_CURVE ( 'NONE', #1632, #4506, #3281, .T. ) ;
#6585 = DIRECTION ( 'NONE',  ( 0.000000000000000000, 2.105575309033261133E-12, -1.000000000000000000 ) ) ;
#6586 = ADVANCED_FACE ( 'NONE', ( #8251 ), #8108, .F. ) ;
#6587 = CARTESIAN_POINT ( 'NONE',  ( 0.9000000000000115685, 0.9259144981615097247, 1.649821433126609893 ) ) ;
#6588 = SURFACE_STYLE_FILL_AREA ( #2573 ) ;
#6589 = COLOUR_RGB ( '',0.8980392156862745390, 0.8980392156862745390, 0.8980392156862745390 ) ;
#6590 = SURFACE_STYLE_USAGE ( .BOTH. , #2426 ) ;
#6591 = CARTESIAN_POINT ( 'NONE',  ( 3.300000000010828050, -0.2999999999999999334, 0.9000000000107987175 ) ) ;
#6592 = CARTESIAN_POINT ( 'NONE',  ( 2.204878052167297042, -1.469999999999999529, 6.027452468238399419 ) ) ;
#6593 = DIRECTION ( 'NONE',  ( -1.000000000000000000, 0.000000000000000000, 6.982962677686266711E-15 ) ) ;
#6594 = EDGE_CURVE ( 'NONE', #6790, #6253, #2021, .T. ) ;
#6595 = CARTESIAN_POINT ( 'NONE',  ( -4.999999999999968914, -1.499999999999999778, 4.500000000000034639 ) ) ;
#6596 = STYLED_ITEM ( 'NONE', ( #1563 ), #3929 ) ;
#6597 = ORIENTED_EDGE ( 'NONE', *, *, #341, .T. ) ;
#6598 = LINE ( 'NONE', #2156, #54 ) ;
#6599 = DIRECTION ( 'NONE',  ( 0.000000000000000000, -0.000000000000000000, 1.000000000000000000 ) ) ;
#6600 =( NAMED_UNIT ( * ) PLANE_ANGLE_UNIT ( ) SI_UNIT ( $, .RADIAN. ) );
#6601 = ORIENTED_EDGE ( 'NONE', *, *, #8453, .T. ) ;
#6602 = FACE_OUTER_BOUND ( 'NONE', #2482, .T. ) ;
#6603 = CARTESIAN_POINT ( 'NONE',  ( -2.551282051282051544, -1.469999999999999973, 6.102564102564091542 ) ) ;
#6604 = ORIENTED_EDGE ( 'NONE', *, *, #5155, .F. ) ;
#6605 = COLOUR_RGB ( '',0.8980392156862745390, 0.8980392156862745390, 0.8980392156862745390 ) ;
#6606 = PRESENTATION_STYLE_ASSIGNMENT (( #353 ) ) ;
#6607 = CARTESIAN_POINT ( 'NONE',  ( -2.899999999999954170, 0.3000000000000003775, 0.5000000000000198730 ) ) ;
#6608 = ORIENTED_EDGE ( 'NONE', *, *, #7534, .F. ) ;
#6609 = CARTESIAN_POINT ( 'NONE',  ( -2.462173723916373902, -2.799999999999999378, 5.488111223238671066 ) ) ;
#6610 = ORIENTED_EDGE ( 'NONE', *, *, #8563, .T. ) ;
#6611 = DIRECTION ( 'NONE',  ( 6.982962677686266711E-15, 0.000000000000000000, 1.000000000000000000 ) ) ;
#6612 = LINE ( 'NONE', #4525, #8316 ) ;
#6613 = SURFACE_SIDE_STYLE ('',( #186 ) ) ;
#6614 = VECTOR ( 'NONE', #4759, 1000.000000000000114 ) ;
#6615 = EDGE_CURVE ( 'NONE', #2518, #4718, #7629, .T. ) ;
#6616 = CARTESIAN_POINT ( 'NONE',  ( 2.031629406659660741, -2.799999999999999822, 5.673909300767248531 ) ) ;
#6617 = EDGE_LOOP ( 'NONE', ( #6468, #8489, #8074, #1036 ) ) ;
#6618 = LINE ( 'NONE', #1689, #4979 ) ;
#6619 = AXIS2_PLACEMENT_3D ( 'NONE', #5071, #2243, #7134 ) ;
#6620 = CARTESIAN_POINT ( 'NONE',  ( -0.2808493589743594754, -2.799999999999999822, 5.499999999999988454 ) ) ;
#6621 = CARTESIAN_POINT ( 'NONE',  ( -2.209734161479838921, -1.469999999999999529, 5.956532442813850636 ) ) ;
#6622 = FACE_OUTER_BOUND ( 'NONE', #5332, .T. ) ;
#6623 =( NAMED_UNIT ( * ) PLANE_ANGLE_UNIT ( ) SI_UNIT ( $, .RADIAN. ) );
#6624 = FILL_AREA_STYLE ('',( #367 ) ) ;
#6625 = CARTESIAN_POINT ( 'NONE',  ( 2.260416666666666519, -1.470000000000000417, 5.600961538461527667 ) ) ;
#6626 = ORIENTED_EDGE ( 'NONE', *, *, #5664, .T. ) ;
#6627 = CARTESIAN_POINT ( 'NONE',  ( -2.399718577816714049, -2.799999999999999378, 5.919816133737066721 ) ) ;
#6628 = EDGE_CURVE ( 'NONE', #2399, #5198, #3190, .T. ) ;
#6629 = CARTESIAN_POINT ( 'NONE',  ( 2.396993671807989834, -1.469999999999999085, 6.024383024566519751 ) ) ;
#6630 = COLOUR_RGB ( '',0.1019607843137254888, 0.1019607843137254888, 0.1019607843137254888 ) ;
#6631 = DIRECTION ( 'NONE',  ( 0.000000000000000000, 0.000000000000000000, -1.000000000000000000 ) ) ;
#6632 = DIRECTION ( 'NONE',  ( 0.000000000000000000, -0.000000000000000000, 1.000000000000000000 ) ) ;
#6633 = DIRECTION ( 'NONE',  ( -1.000000000000000000, 0.000000000000000000, 6.982962677686266711E-15 ) ) ;
#6634 = CARTESIAN_POINT ( 'NONE',  ( -1.769122336313158073, -1.470000000000000862, 5.310961845237994083 ) ) ;
#6635 = DIRECTION ( 'NONE',  ( -0.000000000000000000, -1.000000000000000000, 0.000000000000000000 ) ) ;
#6636 = EDGE_CURVE ( 'NONE', #8980, #7193, #4234, .T. ) ;
#6638 = EDGE_CURVE ( 'NONE', #7344, #7646, #6290, .T. ) ;
#6637 = CARTESIAN_POINT ( 'NONE',  ( 2.203847879872439908, -2.799999999999998490, 6.054102295461954775 ) ) ;
#6639 = DIRECTION ( 'NONE',  ( -0.3324684949480267715, 0.000000000000000000, 0.9431143620298622077 ) ) ;
#6640 = SURFACE_STYLE_USAGE ( .BOTH. , #3050 ) ;
#6641 = VECTOR ( 'NONE', #6309, 1000.000000000000000 ) ;
#6642 = DIRECTION ( 'NONE',  ( -1.000000000000000000, 0.000000000000000000, 6.982962677686266711E-15 ) ) ;
#6643 = CARTESIAN_POINT ( 'NONE',  ( 2.182464816906516614, -2.800000000000000266, 6.183595419584982267 ) ) ;
#6644 = AXIS2_PLACEMENT_3D ( 'NONE', #4544, #6631, #5872 ) ;
#6645 = VERTEX_POINT ( 'NONE', #117 ) ;
#6646 = DIRECTION ( 'NONE',  ( 0.000000000000000000, -1.000000000000000000, 0.000000000000000000 ) ) ;
#6647 = ORIENTED_EDGE ( 'NONE', *, *, #3156, .T. ) ;
#6648 = CARTESIAN_POINT ( 'NONE',  ( -0.8999999999999885869, 0.9259144981615097247, 1.649821433126622550 ) ) ;
#6649 = CARTESIAN_POINT ( 'NONE',  ( 1.861912322047492241, -2.799999999999999822, 6.333275883847963250 ) ) ;
#6650 =( NAMED_UNIT ( * ) SI_UNIT ( $, .STERADIAN. ) SOLID_ANGLE_UNIT ( ) );
#6651 = EDGE_CURVE ( 'NONE', #7988, #5511, #2788, .T. ) ;
#6652 = ORIENTED_EDGE ( 'NONE', *, *, #3960, .F. ) ;
#6653 = CARTESIAN_POINT ( 'NONE',  ( -2.205128205128205288, -1.469999999999999973, 5.872796474358962904 ) ) ;
#6654 = AXIS2_PLACEMENT_3D ( 'NONE', #1301, #4121, #6768 ) ;
#6655 = UNCERTAINTY_MEASURE_WITH_UNIT (LENGTH_MEASURE( 1.000000000000000082E-05 ), #3427, 'distance_accuracy_value', 'NONE');
#6656 =( GEOMETRIC_REPRESENTATION_CONTEXT ( 3 ) GLOBAL_UNCERTAINTY_ASSIGNED_CONTEXT ( ( #2789 ) ) GLOBAL_UNIT_ASSIGNED_CONTEXT ( ( #2054, #2882, #4994 ) ) REPRESENTATION_CONTEXT ( 'NONE', 'WORKASPACE' ) );
#6657 = CARTESIAN_POINT ( 'NONE',  ( 0.8000000000000168088, 0.1480970388563068729, 2.427638892431813300 ) ) ;
#6658 = EDGE_LOOP ( 'NONE', ( #4956, #3288, #8501, #3442 ) ) ;
#6659 = DIRECTION ( 'NONE',  ( 0.9390568502567137044, -0.000000000000000000, 0.3437618826832610774 ) ) ;
#6660 =( LENGTH_UNIT ( ) NAMED_UNIT ( * ) SI_UNIT ( .MILLI., .METRE. ) );
#6661 = ORIENTED_EDGE ( 'NONE', *, *, #8504, .F. ) ;
#6662 = VECTOR ( 'NONE', #6983, 1000.000000000000000 ) ;
#6663 =( NAMED_UNIT ( * ) SI_UNIT ( $, .STERADIAN. ) SOLID_ANGLE_UNIT ( ) );
#6664 = ORIENTED_EDGE ( 'NONE', *, *, #8498, .F. ) ;
#6665 = CARTESIAN_POINT ( 'NONE',  ( -4.999999999999940492, 0.3000000000000003775, 2.500000000000034639 ) ) ;
#6666 = DIRECTION ( 'NONE',  ( 0.000000000000000000, 1.000000000000000000, -1.734723475976804886E-14 ) ) ;
#6667 = SURFACE_STYLE_USAGE ( .BOTH. , #6613 ) ;
#6668 = CARTESIAN_POINT ( 'NONE',  ( 0.5728078418308766295, -2.799999999999999822, 5.491787834541670854 ) ) ;
#6669 = VERTEX_POINT ( 'NONE', #2912 ) ;
#6670 = VECTOR ( 'NONE', #5174, 1000.000000000000000 ) ;
#6671 = PLANE ( 'NONE',  #1048 ) ;
#6672 = CARTESIAN_POINT ( 'NONE',  ( 1.914663461538461231, -2.799999999999999822, 5.666666666666654528 ) ) ;
#6673 = FILL_AREA_STYLE ('',( #6577 ) ) ;
#6674 = ADVANCED_FACE ( 'NONE', ( #7670 ), #7431, .T. ) ;
#6675 =( LENGTH_UNIT ( ) NAMED_UNIT ( * ) SI_UNIT ( .MILLI., .METRE. ) );
#6676 = FACE_OUTER_BOUND ( 'NONE', #3618, .T. ) ;
#6677 = CARTESIAN_POINT ( 'NONE',  ( 2.393045252574089954, -1.469999999999999085, 6.089131578989858795 ) ) ;
#6678 = CARTESIAN_POINT ( 'NONE',  ( -2.413798809452611049, -1.469999999999999529, 5.992819788162291772 ) ) ;
#6679 = ORIENTED_EDGE ( 'NONE', *, *, #6337, .T. ) ;
#6680 = SURFACE_STYLE_USAGE ( .BOTH. , #6006 ) ;
#6681 = CARTESIAN_POINT ( 'NONE',  ( 0.9741062744397790407, -1.469999999999999529, 5.840136382740065635 ) ) ;
#6682 = CARTESIAN_POINT ( 'NONE',  ( 1.699999999995820854, 0.3000000000000003775, 0.9000000000041751269 ) ) ;
#6683 = SURFACE_SIDE_STYLE ('',( #1892 ) ) ;
#6684 = EDGE_CURVE ( 'NONE', #4880, #6395, #2831, .T. ) ;
#6685 = DIRECTION ( 'NONE',  ( 1.000000000000000000, 0.000000000000000000, -0.000000000000000000 ) ) ;
#6686 = CARTESIAN_POINT ( 'NONE',  ( 2.103078686739824121, -2.799999999999997158, 6.292875265073742064 ) ) ;
#6687 =( NAMED_UNIT ( * ) PLANE_ANGLE_UNIT ( ) SI_UNIT ( $, .RADIAN. ) );
#6688 = CARTESIAN_POINT ( 'NONE',  ( -0.7999999999999884981, 0.9259144981615097247, 1.649821433126621884 ) ) ;
#6689 = ORIENTED_EDGE ( 'NONE', *, *, #6325, .F. ) ;
#6690 = CARTESIAN_POINT ( 'NONE',  ( -2.597785409453003957, -2.800000000000000711, 6.095045575499132617 ) ) ;
#6691 = STYLED_ITEM ( 'NONE', ( #7985 ), #8906 ) ;
#6692 = CARTESIAN_POINT ( 'NONE',  ( 0.5256410256410256610, -1.469999999999999973, 5.833333333333321491 ) ) ;
#6693 = EDGE_CURVE ( 'NONE', #220, #8871, #7714, .T. ) ;
#6694 = VERTEX_POINT ( 'NONE', #1409 ) ;
#6695 = PLANE ( 'NONE',  #7845 ) ;
#6696 = ORIENTED_EDGE ( 'NONE', *, *, #2554, .T. ) ;
#6697 =( GEOMETRIC_REPRESENTATION_CONTEXT ( 3 ) GLOBAL_UNCERTAINTY_ASSIGNED_CONTEXT ( ( #6823 ) ) GLOBAL_UNIT_ASSIGNED_CONTEXT ( ( #9022, #1335, #2610 ) ) REPRESENTATION_CONTEXT ( 'NONE', 'WORKASPACE' ) );
#6698 = FILL_AREA_STYLE_COLOUR ( '', #4334 ) ;
#6699 = CARTESIAN_POINT ( 'NONE',  ( 2.067065781384140877, -1.469999999999999529, 5.682792517840594471 ) ) ;
#6700 = B_SPLINE_SURFACE_WITH_KNOTS ( 'NONE', 3, 1, ( 
 ( #6756, #6808 ),
 ( #495, #446 ),
 ( #4753, #3913 ),
 ( #1727, #6668 ),
 ( #3120, #3302 ),
 ( #1871, #6715 ),
 ( #405, #7343 ),
 ( #2555, #6123 ),
 ( #359, #3207 ),
 ( #1050, #5385 ),
 ( #3961, #8826 ),
 ( #3165, #8227 ),
 ( #5990, #4060 ),
 ( #8917, #2455 ),
 ( #8733, #6035 ),
 ( #3254, #2506 ),
 ( #2406, #1824 ),
 ( #5337, #7445 ),
 ( #6077, #8129 ) ),
 .UNSPECIFIED., .F., .F., .F.,
 ( 4, 1, 1, 1, 1, 1, 1, 1, 1, 1, 1, 1, 1, 1, 1, 1, 4 ),
 ( 2, 2 ),
 ( 0.000000000000000000, 0.06962928586374701745, 0.1353656141958089476, 0.1977563563893328102, 0.2577792468294478612, 0.3154368108510214319, 0.3720589017615184013, 0.4278757282096487535, 0.4836577452833621948, 0.5401768316285148197, 0.5974274128199860145, 0.6567202518934099897, 0.7182476964805618591, 0.7827623626465201045, 0.8511477720117531787, 0.9234178227313181164, 1.000000000000000000 ),
 ( 0.000000000000000000, 1.000000000000000000 ),
 .UNSPECIFIED. ) ;
#6701 = CARTESIAN_POINT ( 'NONE',  ( -2.216393097617669117, -1.470000000000000417, 5.746388287972768794 ) ) ;
#6702 = VECTOR ( 'NONE', #4990, 1000.000000000000000 ) ;
#6703 = EDGE_CURVE ( 'NONE', #1426, #3396, #7138, .T. ) ;
#6704 = LINE ( 'NONE', #6657, #2539 ) ;
#6705 = CARTESIAN_POINT ( 'NONE',  ( -2.529204859584050613, -1.470000000000000862, 5.628589147326199971 ) ) ;
#6706 = EDGE_CURVE ( 'NONE', #212, #6417, #3530, .T. ) ;
#6707 =( GEOMETRIC_REPRESENTATION_CONTEXT ( 3 ) GLOBAL_UNCERTAINTY_ASSIGNED_CONTEXT ( ( #1779 ) ) GLOBAL_UNIT_ASSIGNED_CONTEXT ( ( #787, #6911, #20 ) ) REPRESENTATION_CONTEXT ( 'NONE', 'WORKASPACE' ) );
#6708 = PRESENTATION_STYLE_ASSIGNMENT (( #7981 ) ) ;
#6709 = ORIENTED_EDGE ( 'NONE', *, *, #6323, .T. ) ;
#6710 = CARTESIAN_POINT ( 'NONE',  ( -2.333409364274580788, -2.800000000000000266, 6.190016958015402970 ) ) ;
#6711 = ORIENTED_EDGE ( 'NONE', *, *, #129, .T. ) ;
#6712 = FILL_AREA_STYLE ('',( #4524 ) ) ;
#6713 = CARTESIAN_POINT ( 'NONE',  ( -2.491185897435898688, -1.470000000000000417, 5.487179487179476567 ) ) ;
#6714 = AXIS2_PLACEMENT_3D ( 'NONE', #2776, #5539, #8287 ) ;
#6715 = CARTESIAN_POINT ( 'NONE',  ( 0.5112392351339837271, -2.800000000000000266, 5.507830830974460135 ) ) ;
#6716 = STYLED_ITEM ( 'NONE', ( #7597 ), #7334 ) ;
#6717 = ORIENTED_EDGE ( 'NONE', *, *, #7660, .T. ) ;
#6718 = VECTOR ( 'NONE', #6633, 1000.000000000000000 ) ;
#6719 = CARTESIAN_POINT ( 'NONE',  ( -2.549886333561568019, -2.800000000000000266, 5.493845877772987940 ) ) ;
#6720 = CARTESIAN_POINT ( 'NONE',  ( -1.788461538461538991, -1.469999999999999973, 5.713341346153835154 ) ) ;
#6721 = CARTESIAN_POINT ( 'NONE',  ( -2.625442948650920982, -1.470000000000000862, 6.081068969580923245 ) ) ;
#6722 = DIRECTION ( 'NONE',  ( 0.9977851578566089286, 0.000000000000000000, 0.06651901052377376389 ) ) ;
#6723 = CARTESIAN_POINT ( 'NONE',  ( -2.501402243589744501, -1.470000000000000417, 6.243589743589732954 ) ) ;
#6724 = CARTESIAN_POINT ( 'NONE',  ( 2.379298413002575607, -1.470000000000000417, 6.175756558332046176 ) ) ;
#6725 = CARTESIAN_POINT ( 'NONE',  ( 2.062881591055703456, -2.799999999999999378, 5.507834525430381767 ) ) ;
#6726 = ORIENTED_EDGE ( 'NONE', *, *, #6536, .F. ) ;
#6727 = SURFACE_STYLE_USAGE ( .BOTH. , #8241 ) ;
#6728 = SURFACE_SIDE_STYLE ('',( #3085 ) ) ;
#6729 = PLANE ( 'NONE',  #8672 ) ;
#6730 = CARTESIAN_POINT ( 'NONE',  ( 0.9525240384615379918, -2.799999999999999822, 5.679487179487167303 ) ) ;
#6731 = CARTESIAN_POINT ( 'NONE',  ( -1.769122336313158073, -2.800000000000000266, 5.310961845237994083 ) ) ;
#6732 = FILL_AREA_STYLE ('',( #3225 ) ) ;
#6733 = SURFACE_STYLE_USAGE ( .BOTH. , #1069 ) ;
#6734 = CARTESIAN_POINT ( 'NONE',  ( 2.205128205128205288, -2.799999999999998046, 5.999599358974347041 ) ) ;
#6735 = CARTESIAN_POINT ( 'NONE',  ( 0.5259864148536178563, -2.799999999999998934, 5.826251561587053374 ) ) ;
#6736 =( NAMED_UNIT ( * ) SI_UNIT ( $, .STERADIAN. ) SOLID_ANGLE_UNIT ( ) );
#6737 = CARTESIAN_POINT ( 'NONE',  ( -1.757952341628354009, -1.469999999999999085, 5.328741902013841347 ) ) ;
#6738 = ORIENTED_EDGE ( 'NONE', *, *, #3849, .F. ) ;
#6739 = FILL_AREA_STYLE ('',( #3942 ) ) ;
#6740 = DIRECTION ( 'NONE',  ( -1.000000000000000000, 0.000000000000000000, 6.982962677686266711E-15 ) ) ;
#6741 = ORIENTED_EDGE ( 'NONE', *, *, #4054, .T. ) ;
#6742 = DIRECTION ( 'NONE',  ( -1.000000000000000000, 0.000000000000000000, 6.982962677686267499E-15 ) ) ;
#6743 = ORIENTED_EDGE ( 'NONE', *, *, #7863, .T. ) ;
#6744 = CARTESIAN_POINT ( 'NONE',  ( 0.7713019331125632316, -1.469999999999998197, 5.733836967465403056 ) ) ;
#6745 = FILL_AREA_STYLE_COLOUR ( '', #1956 ) ;
#6746 = LINE ( 'NONE', #4051, #2965 ) ;
#6747 = UNCERTAINTY_MEASURE_WITH_UNIT (LENGTH_MEASURE( 1.000000000000000082E-05 ), #7505, 'distance_accuracy_value', 'NONE');
#6748 = DIRECTION ( 'NONE',  ( 4.937700262164532265E-15, 0.7071067811865474617, 0.7071067811865476838 ) ) ;
#6749 = VERTEX_POINT ( 'NONE', #7839 ) ;
#6750 = FILL_AREA_STYLE ('',( #535 ) ) ;
#6751 = CARTESIAN_POINT ( 'NONE',  ( 1.756410256410256165, -2.799999999999644995, 6.333333333333321491 ) ) ;
#6752 = CARTESIAN_POINT ( 'NONE',  ( -2.692441561690897878, -2.799999999999999378, 5.757805332187582614 ) ) ;
#6753 = ORIENTED_EDGE ( 'NONE', *, *, #3071, .T. ) ;
#6754 = SURFACE_STYLE_FILL_AREA ( #6712 ) ;
#6755 = EDGE_CURVE ( 'NONE', #1983, #5054, #5645, .T. ) ;
#6756 = CARTESIAN_POINT ( 'NONE',  ( 0.6422275641025636528, -1.469999999999999973, 5.487179487179475679 ) ) ;
#6757 = EDGE_CURVE ( 'NONE', #3986, #726, #668, .T. ) ;
#6758 = EDGE_CURVE ( 'NONE', #5891, #8312, #617, .T. ) ;
#6759 = ORIENTED_EDGE ( 'NONE', *, *, #4472, .F. ) ;
#6760 = CARTESIAN_POINT ( 'NONE',  ( -3.999999999999968914, -2.799999999999999822, 4.500000000000027534 ) ) ;
#6761 = CARTESIAN_POINT ( 'NONE',  ( 0.3998064119479087797, 2.799999999999998934, -8.459999999999995524 ) ) ;
#6762 = CARTESIAN_POINT ( 'NONE',  ( 9.776147748721320883E-15, 0.3000000000000003775, 1.399999999994350208 ) ) ;
#6763 = FACE_OUTER_BOUND ( 'NONE', #7971, .T. ) ;
#6764 = CARTESIAN_POINT ( 'NONE',  ( -2.310300297102385159, -1.469999999999998641, 6.170405553073050164 ) ) ;
#6765 = PLANE ( 'NONE',  #3525 ) ;
#6766 = VECTOR ( 'NONE', #6271, 1000.000000000000000 ) ;
#6767 = DIRECTION ( 'NONE',  ( -1.000000000000000000, 0.000000000000000000, 6.982962677686266711E-15 ) ) ;
#6768 = DIRECTION ( 'NONE',  ( -6.982962677686266711E-15, 0.000000000000000000, -1.000000000000000000 ) ) ;
#6769 = EDGE_CURVE ( 'NONE', #342, #8734, #2130, .T. ) ;
#6770 = ORIENTED_EDGE ( 'NONE', *, *, #34, .T. ) ;
#6771 = CARTESIAN_POINT ( 'NONE',  ( 0.7820512820512818264, -1.469999999999999973, 5.852764423076911804 ) ) ;
#6772 = LINE ( 'NONE', #4027, #6291 ) ;
#6773 = CARTESIAN_POINT ( 'NONE',  ( -2.567339476461672376, -1.469999999999999973, 6.102172640714881524 ) ) ;
#6774 = CARTESIAN_POINT ( 'NONE',  ( -0.7999999999999678479, -0.2999999999999999334, 4.600000000000004974 ) ) ;
#6775 = CARTESIAN_POINT ( 'NONE',  ( 0.7751325174357414083, -1.470000000000000417, 5.752705549542724839 ) ) ;
#6776 =( NAMED_UNIT ( * ) PLANE_ANGLE_UNIT ( ) SI_UNIT ( $, .RADIAN. ) );
#6777 = PLANE ( 'NONE',  #5302 ) ;
#6778 = LINE ( 'NONE', #8299, #3468 ) ;
#6779 = SURFACE_STYLE_FILL_AREA ( #6102 ) ;
#6780 = FACE_OUTER_BOUND ( 'NONE', #4107, .T. ) ;
#6781 = ORIENTED_EDGE ( 'NONE', *, *, #3707, .T. ) ;
#6782 = VECTOR ( 'NONE', #647, 1000.000000000000000 ) ;
#6783 = CARTESIAN_POINT ( 'NONE',  ( -0.7999999999999899414, 1.989949493661167468, 1.434314575050821494 ) ) ;
#6784 = VERTEX_POINT ( 'NONE', #7797 ) ;
#6785 = CARTESIAN_POINT ( 'NONE',  ( 2.366987179487179294, -1.469999999999999973, 5.777644230769219291 ) ) ;
#6786 = EDGE_LOOP ( 'NONE', ( #4695, #5884, #5860, #5845 ) ) ;
#6787 = STYLED_ITEM ( 'NONE', ( #4562 ), #6220 ) ;
#6788 = SURFACE_STYLE_USAGE ( .BOTH. , #2488 ) ;
#6789 = EDGE_CURVE ( 'NONE', #2501, #3821, #3614, .T. ) ;
#6790 = VERTEX_POINT ( 'NONE', #9050 ) ;
#6791 = DIRECTION ( 'NONE',  ( 0.09156771056279910947, 0.000000000000000000, -0.9957988523704410788 ) ) ;
#6792 = DIRECTION ( 'NONE',  ( 0.000000000000000000, -1.000000000000000000, 0.000000000000000000 ) ) ;
#6793 = ORIENTED_EDGE ( 'NONE', *, *, #2554, .F. ) ;
#6794 = CARTESIAN_POINT ( 'NONE',  ( -1.976362179487180404, -1.470000000000000417, 5.217948717948707404 ) ) ;
#6795 = VECTOR ( 'NONE', #7312, 1000.000000000000000 ) ;
#6796 = VECTOR ( 'NONE', #7751, 1000.000000000000000 ) ;
#6797 = LINE ( 'NONE', #3200, #7547 ) ;
#6798 = ORIENTED_EDGE ( 'NONE', *, *, #4521, .T. ) ;
#6799 = EDGE_CURVE ( 'NONE', #7774, #9107, #7841, .T. ) ;
#6800 = B_SPLINE_CURVE_WITH_KNOTS ( 'NONE', 3,
 ( #1334, #4157, #2762, #3300, #6221, #1291, #5577, #6944, #1970, #4749, #4798 ),
 .UNSPECIFIED., .F., .F.,
 ( 4, 1, 1, 1, 1, 1, 1, 1, 4 ),
 ( 0.000000000000000000, 0.1279572884567375390, 0.2518358813209021774, 0.3724653148709115569, 0.4900062121123822667, 0.6100688636692254141, 0.7347652879532501347, 0.8640949232734227436, 1.000000000000000000 ),
 .UNSPECIFIED. ) ;
#6801 = CARTESIAN_POINT ( 'NONE',  ( 0.8000000000000238032, 0.3000000000000003775, 3.414213562373146882 ) ) ;
#6802 = CARTESIAN_POINT ( 'NONE',  ( -0.6608573717948721393, -2.799999999999999822, 6.499999999999988454 ) ) ;
#6803 = CARTESIAN_POINT ( 'NONE',  ( -2.470318964099222470, -2.800000000000000266, 6.242949473532262594 ) ) ;
#6804 = ORIENTED_EDGE ( 'NONE', *, *, #574, .T. ) ;
#6805 = DIRECTION ( 'NONE',  ( 1.000000000000000000, 0.000000000000000000, -0.000000000000000000 ) ) ;
#6806 = DIRECTION ( 'NONE',  ( 0.000000000000000000, -1.000000000000000000, 0.000000000000000000 ) ) ;
#6807 = AXIS2_PLACEMENT_3D ( 'NONE', #4674, #2726, #1158 ) ;
#6808 = CARTESIAN_POINT ( 'NONE',  ( 0.6422275641025636528, -2.799999999999999378, 5.487179487179475679 ) ) ;
#6809 = CARTESIAN_POINT ( 'NONE',  ( 0.3998064119479748380, 2.419238815542530396, 1.005025253169400168 ) ) ;
#6810 = EDGE_LOOP ( 'NONE', ( #5514, #7674, #6252, #6317, #5853, #1044 ) ) ;
#6811 = EDGE_CURVE ( 'NONE', #8569, #1772, #4412, .T. ) ;
#6812 = CARTESIAN_POINT ( 'NONE',  ( -3.299999999999926104, -0.2999999999999999334, 4.500000000000023093 ) ) ;
#6813 = CARTESIAN_POINT ( 'NONE',  ( -2.089743589743590313, -1.469999999999999973, 5.367988782051270391 ) ) ;
#6814 = ORIENTED_EDGE ( 'NONE', *, *, #6122, .F. ) ;
#6815 = CARTESIAN_POINT ( 'NONE',  ( 2.396635734119596961, -1.469999999999999529, 5.932141837859732370 ) ) ;
#6816 = LINE ( 'NONE', #2568, #3122 ) ;
#6817 = STYLED_ITEM ( 'NONE', ( #9052 ), #5290 ) ;
#6818 = EDGE_LOOP ( 'NONE', ( #8020, #8828, #898, #2000 ) ) ;
#6819 = CARTESIAN_POINT ( 'NONE',  ( 1.941706730769231060, -1.470000000000000417, 5.499999999999989342 ) ) ;
#6820 = DIRECTION ( 'NONE',  ( 6.982962677686266711E-15, -0.000000000000000000, 1.000000000000000000 ) ) ;
#6821 = CARTESIAN_POINT ( 'NONE',  ( 0.9351778862204378484, -1.470000000000000417, 5.638114632357750011 ) ) ;
#6822 = EDGE_CURVE ( 'NONE', #5984, #4714, #7882, .T. ) ;
#6823 = UNCERTAINTY_MEASURE_WITH_UNIT (LENGTH_MEASURE( 1.000000000000000082E-05 ), #9022, 'distance_accuracy_value', 'NONE');
#6824 = CARTESIAN_POINT ( 'NONE',  ( 1.059205962769847383E-13, -2.799999999999999822, 15.20000000000000107 ) ) ;
#6825 = CARTESIAN_POINT ( 'NONE',  ( -2.491185897435898688, -1.470000000000000417, 5.487179487179476567 ) ) ;
#6826 = SURFACE_STYLE_FILL_AREA ( #6732 ) ;
#6827 = CARTESIAN_POINT ( 'NONE',  ( -2.487425022139604369, -1.469999999999999973, 5.641978709293536731 ) ) ;
#6828 = CARTESIAN_POINT ( 'NONE',  ( 0.8000000000000119238, 1.706969893762202650, 1.717294174949774543 ) ) ;
#6829 = LINE ( 'NONE', #8944, #3724 ) ;
#6830 = CARTESIAN_POINT ( 'NONE',  ( -1.848932075093348448, -1.470000000000000417, 5.241676822414200743 ) ) ;
#6831 = ORIENTED_EDGE ( 'NONE', *, *, #4213, .F. ) ;
#6832 = CARTESIAN_POINT ( 'NONE',  ( 0.7455848954517618754, -2.799999999999999822, 5.683219140864601115 ) ) ;
#6833 = EDGE_LOOP ( 'NONE', ( #6130, #1076, #4848, #2589 ) ) ;
#6834 = MECHANICAL_DESIGN_GEOMETRIC_PRESENTATION_REPRESENTATION (  '', ( #2392 ), #6400 ) ;
#6835 = ORIENTED_EDGE ( 'NONE', *, *, #2450, .T. ) ;
#6836 = ORIENTED_EDGE ( 'NONE', *, *, #7734, .T. ) ;
#6837 = CARTESIAN_POINT ( 'NONE',  ( 0.8000000000000313527, -0.2999999999999999334, 4.499999999999994671 ) ) ;
#6838 = EDGE_LOOP ( 'NONE', ( #5734, #7866, #5543, #3403 ) ) ;
#6839 = UNCERTAINTY_MEASURE_WITH_UNIT (LENGTH_MEASURE( 1.000000000000000082E-05 ), #5406, 'distance_accuracy_value', 'NONE');
#6840 = CARTESIAN_POINT ( 'NONE',  ( 2.041284315157611662, -1.470000000000000862, 5.505363130052058906 ) ) ;
#6841 = EDGE_LOOP ( 'NONE', ( #8306, #2835, #7527, #2750 ) ) ;
#6842 = MECHANICAL_DESIGN_GEOMETRIC_PRESENTATION_REPRESENTATION (  '', ( #9061 ), #7590 ) ;
#6843 = CARTESIAN_POINT ( 'NONE',  ( -2.288654955799058310, -2.800000000000000711, 6.148007540672046467 ) ) ;
#6844 = ORIENTED_EDGE ( 'NONE', *, *, #8219, .T. ) ;
#6845 = CARTESIAN_POINT ( 'NONE',  ( 1.371794871794872028, -1.469999999999999973, 5.499999999999988454 ) ) ;
#6846 = LINE ( 'NONE', #4846, #7740 ) ;
#6847 = PRESENTATION_STYLE_ASSIGNMENT (( #3553 ) ) ;
#6848 = DIRECTION ( 'NONE',  ( 0.000000000000000000, -1.000000000000000000, 0.000000000000000000 ) ) ;
#6849 = VERTEX_POINT ( 'NONE', #8612 ) ;
#6850 = MECHANICAL_DESIGN_GEOMETRIC_PRESENTATION_REPRESENTATION (  '', ( #5692 ), #4518 ) ;
#6851 = CARTESIAN_POINT ( 'NONE',  ( 1.935564489138411615, -1.469999999999999529, 5.666832426100840259 ) ) ;
#6852 = CARTESIAN_POINT ( 'NONE',  ( 2.756410256410256387, -1.469999999999999973, 5.499999999999988454 ) ) ;
#6853 = CARTESIAN_POINT ( 'NONE',  ( 4.000000000000096811, -1.499999999999999778, 13.89999999999997193 ) ) ;
#6854 = ORIENTED_EDGE ( 'NONE', *, *, #1585, .T. ) ;
#6855 = CARTESIAN_POINT ( 'NONE',  ( 2.899999999999975930, 0.3000000000000003775, -3.500000000000020872 ) ) ;
#6856 = CARTESIAN_POINT ( 'NONE',  ( -2.411430450121640590, -1.469999999999999973, 6.230750665002280364 ) ) ;
#6857 = CARTESIAN_POINT ( 'NONE',  ( -2.534937787028508360, -1.469999999999999973, 6.102227168464152918 ) ) ;
#6858 = VECTOR ( 'NONE', #2066, 1000.000000000000000 ) ;
#6859 = VERTEX_POINT ( 'NONE', #5113 ) ;
#6860 = CARTESIAN_POINT ( 'NONE',  ( -2.705128205128205288, -1.469999999999999973, 5.499999999999988454 ) ) ;
#6861 = MECHANICAL_DESIGN_GEOMETRIC_PRESENTATION_REPRESENTATION (  '', ( #4394 ), #2900 ) ;
#6862 = SURFACE_SIDE_STYLE ('',( #660 ) ) ;
#6863 = CARTESIAN_POINT ( 'NONE',  ( 0.9351778862204378484, -2.799999999999999822, 5.638114632357750011 ) ) ;
#6864 = DIRECTION ( 'NONE',  ( 6.840772228835708868E-15, 0.000000000000000000, 1.000000000000000000 ) ) ;
#6865 =( GEOMETRIC_REPRESENTATION_CONTEXT ( 3 ) GLOBAL_UNCERTAINTY_ASSIGNED_CONTEXT ( ( #8304 ) ) GLOBAL_UNIT_ASSIGNED_CONTEXT ( ( #7420, #7081, #4140 ) ) REPRESENTATION_CONTEXT ( 'NONE', 'WORKASPACE' ) );
#6866 = CARTESIAN_POINT ( 'NONE',  ( -1.699999999999968647, 0.3000000000000003775, 4.500000000000011546 ) ) ;
#6867 = FACE_OUTER_BOUND ( 'NONE', #7532, .T. ) ;
#6868 = EDGE_CURVE ( 'NONE', #5366, #2768, #7070, .T. ) ;
#6869 = DIRECTION ( 'NONE',  ( 1.000000000000000000, 0.000000000000000000, -6.982962677686266711E-15 ) ) ;
#6870 = CARTESIAN_POINT ( 'NONE',  ( 0.6382575556987931664, -2.799999999999999378, 5.654232375324574456 ) ) ;
#6871 = DIRECTION ( 'NONE',  ( 1.000000000000000000, 0.000000000000000000, -6.982962677686266711E-15 ) ) ;
#6872 = CARTESIAN_POINT ( 'NONE',  ( 3.142333204958820020E-14, -2.799999999999999822, 4.500000000000000000 ) ) ;
#6873 = EDGE_CURVE ( 'NONE', #5140, #1518, #3665, .T. ) ;
#6874 = DIRECTION ( 'NONE',  ( 0.000000000000000000, 0.000000000000000000, 1.000000000000000000 ) ) ;
#6875 = ORIENTED_EDGE ( 'NONE', *, *, #2765, .F. ) ;
#6876 = CARTESIAN_POINT ( 'NONE',  ( 0.7820023815327934447, -2.799999999999999822, 5.843079849662316860 ) ) ;
#6877 = EDGE_CURVE ( 'NONE', #4195, #1774, #8652, .T. ) ;
#6878 = ORIENTED_EDGE ( 'NONE', *, *, #1666, .F. ) ;
#6879 = EDGE_CURVE ( 'NONE', #726, #3474, #5075, .T. ) ;
#6880 = DIRECTION ( 'NONE',  ( -1.000000000000000000, 0.000000000000000000, 0.000000000000000000 ) ) ;
#6881 = ORIENTED_EDGE ( 'NONE', *, *, #6822, .F. ) ;
#6882 = EDGE_LOOP ( 'NONE', ( #4837, #5746, #8446, #6432 ) ) ;
#6883 = CARTESIAN_POINT ( 'NONE',  ( -2.697929493324420225, -1.470000000000000417, 6.151586691740299706 ) ) ;
#6884 = ORIENTED_EDGE ( 'NONE', *, *, #346, .T. ) ;
#6885 = CARTESIAN_POINT ( 'NONE',  ( 0.7808532977818640752, -2.800000000000000711, 5.507371008886814856 ) ) ;
#6886 = VECTOR ( 'NONE', #230, 1000.000000000000000 ) ;
#6887 = ORIENTED_EDGE ( 'NONE', *, *, #1072, .F. ) ;
#6888 = DIRECTION ( 'NONE',  ( 1.000000000000000000, 0.000000000000000000, -6.982962677686266711E-15 ) ) ;
#6889 = EDGE_CURVE ( 'NONE', #7517, #2976, #5162, .T. ) ;
#6890 = ORIENTED_EDGE ( 'NONE', *, *, #5057, .F. ) ;
#6891 = FACE_OUTER_BOUND ( 'NONE', #3971, .T. ) ;
#6892 = CARTESIAN_POINT ( 'NONE',  ( 0.9743589743589740060, -2.799999999999999822, 5.869591346153834266 ) ) ;
#6893 = CARTESIAN_POINT ( 'NONE',  ( -2.705008830190357649, -2.799999999999999822, 5.869788752470309845 ) ) ;
#6894 = ORIENTED_EDGE ( 'NONE', *, *, #4243, .F. ) ;
#6895 = LINE ( 'NONE', #3351, #7655 ) ;
#6896 = DIRECTION ( 'NONE',  ( -6.982962677686266711E-15, 0.000000000000000000, -1.000000000000000000 ) ) ;
#6897 =( NAMED_UNIT ( * ) PLANE_ANGLE_UNIT ( ) SI_UNIT ( $, .RADIAN. ) );
#6898 = PRESENTATION_LAYER_ASSIGNMENT (  '', '', ( #1736 ) ) ;
#6899 = PRESENTATION_STYLE_ASSIGNMENT (( #4847 ) ) ;
#6900 = ORIENTED_EDGE ( 'NONE', *, *, #1103, .F. ) ;
#6901 = CARTESIAN_POINT ( 'NONE',  ( 1.745740669417621426E-14, 0.3000000000000003775, 2.499999999994350297 ) ) ;
#6902 =( NAMED_UNIT ( * ) SI_UNIT ( $, .STERADIAN. ) SOLID_ANGLE_UNIT ( ) );
#6903 = PLANE ( 'NONE',  #7669 ) ;
#6904 =( NAMED_UNIT ( * ) PLANE_ANGLE_UNIT ( ) SI_UNIT ( $, .RADIAN. ) );
#6905 = VERTEX_POINT ( 'NONE', #3133 ) ;
#6906 = CARTESIAN_POINT ( 'NONE',  ( 2.062488106113114839, -2.799999999999999822, 6.492816232811795096 ) ) ;
#6907 = DIRECTION ( 'NONE',  ( 1.000000000000000000, 0.000000000000000000, -6.982962677686266711E-15 ) ) ;
#6908 = DIRECTION ( 'NONE',  ( 0.000000000000000000, -1.000000000000000000, 0.000000000000000000 ) ) ;
#6909 = EDGE_CURVE ( 'NONE', #2966, #8914, #3472, .T. ) ;
#6910 = ORIENTED_EDGE ( 'NONE', *, *, #124, .F. ) ;
#6911 =( NAMED_UNIT ( * ) PLANE_ANGLE_UNIT ( ) SI_UNIT ( $, .RADIAN. ) );
#6912 = CARTESIAN_POINT ( 'NONE',  ( -2.403142890554738287, -1.469999999999999973, 5.780002515545284325 ) ) ;
#6913 = AXIS2_PLACEMENT_3D ( 'NONE', #288, #8055, #5780 ) ;
#6914 = CARTESIAN_POINT ( 'NONE',  ( 4.913627639155565774, -0.5786948176583340819, 13.81362763915522329 ) ) ;
#6915 = CARTESIAN_POINT ( 'NONE',  ( 0.02564102564102518564, -1.469999999999999973, 5.499999999999988454 ) ) ;
#6916 = FILL_AREA_STYLE_COLOUR ( '', #1360 ) ;
#6917 = CARTESIAN_POINT ( 'NONE',  ( 2.260416666666666519, -1.470000000000000417, 5.600961538461527667 ) ) ;
#6918 = FILL_AREA_STYLE_COLOUR ( '', #6605 ) ;
#6919 = EDGE_CURVE ( 'NONE', #2276, #5149, #1161, .T. ) ;
#6920 = VECTOR ( 'NONE', #4758, 1000.000000000000114 ) ;
#6921 = DIRECTION ( 'NONE',  ( -0.000000000000000000, -1.000000000000000000, -0.000000000000000000 ) ) ;
#6922 = VERTEX_POINT ( 'NONE', #1258 ) ;
#6923 = UNCERTAINTY_MEASURE_WITH_UNIT (LENGTH_MEASURE( 1.000000000000000082E-05 ), #1305, 'distance_accuracy_value', 'NONE');
#6924 = FILL_AREA_STYLE ('',( #1317 ) ) ;
#6925 = VERTEX_POINT ( 'NONE', #3926 ) ;
#6926 = EDGE_CURVE ( 'NONE', #1349, #2599, #1742, .T. ) ;
#6927 = PLANE ( 'NONE',  #6293 ) ;
#6928 = ORIENTED_EDGE ( 'NONE', *, *, #8786, .F. ) ;
#6929 = EDGE_LOOP ( 'NONE', ( #4912, #5348, #4422, #2497 ) ) ;
#6930 =( GEOMETRIC_REPRESENTATION_CONTEXT ( 3 ) GLOBAL_UNCERTAINTY_ASSIGNED_CONTEXT ( ( #3137 ) ) GLOBAL_UNIT_ASSIGNED_CONTEXT ( ( #7402, #5248, #7219 ) ) REPRESENTATION_CONTEXT ( 'NONE', 'WORKASPACE' ) );
#6931 = ORIENTED_EDGE ( 'NONE', *, *, #5763, .T. ) ;
#6932 = CARTESIAN_POINT ( 'NONE',  ( 0.7820512820512818264, -2.799999999999999378, 5.852764423076911804 ) ) ;
#6933 = FILL_AREA_STYLE ('',( #6745 ) ) ;
#6934 = VECTOR ( 'NONE', #6269, 1000.000000000000000 ) ;
#6935 = VERTEX_POINT ( 'NONE', #6860 ) ;
#6936 = CARTESIAN_POINT ( 'NONE',  ( 2.025440705128205288, -1.469999999999999973, 6.323717948717937354 ) ) ;
#6937 = UNCERTAINTY_MEASURE_WITH_UNIT (LENGTH_MEASURE( 1.000000000000000082E-05 ), #8188, 'distance_accuracy_value', 'NONE');
#6938 = CARTESIAN_POINT ( 'NONE',  ( 2.119391025641025550, -2.799999999999999822, 5.521233974358963792 ) ) ;
#6939 = VECTOR ( 'NONE', #1211, 1000.000000000000000 ) ;
#6940 = LINE ( 'NONE', #5572, #3185 ) ;
#6941 = CARTESIAN_POINT ( 'NONE',  ( -2.599302177588824314, -2.800000000000000266, 5.638763119139465374 ) ) ;
#6942 = CARTESIAN_POINT ( 'NONE',  ( -4.999999999999948486, 0.3000000000000003775, 1.400000000009703705 ) ) ;
#6943 = ORIENTED_EDGE ( 'NONE', *, *, #7103, .T. ) ;
#6944 = CARTESIAN_POINT ( 'NONE',  ( 0.6225044822567776803, -2.800000000000000711, 5.656896474495628269 ) ) ;
#6945 = DIRECTION ( 'NONE',  ( 2.787076217179121678E-28, 1.000000000000000000, 3.991251773527437763E-14 ) ) ;
#6946 = B_SPLINE_CURVE_WITH_KNOTS ( 'NONE', 3,
 ( #2653, #5424, #6803, #5476, #1093, #3909, #3349, #6710, #6119, #6843, #4747, #8913, #2607, #7536, #4004, #9019, #1242, #401, #589 ),
 .UNSPECIFIED., .F., .F.,
 ( 4, 1, 1, 1, 1, 1, 1, 1, 1, 1, 1, 1, 1, 1, 1, 1, 4 ),
 ( 0.000000000000000000, 0.05892065654309121964, 0.1154451139571796986, 0.1708239920244375709, 0.2254129261753534397, 0.2800854821444455078, 0.3351972027326541315, 0.3916021685150015141, 0.4499354139639966110, 0.5097815886831620347, 0.5710632498942307400, 0.6341209034282040413, 0.6998183222750754551, 0.7687462202515921161, 0.8417860478705472271, 0.9186004019496650796, 1.000000000000000000 ),
 .UNSPECIFIED. ) ;
#6947 =( GEOMETRIC_REPRESENTATION_CONTEXT ( 3 ) GLOBAL_UNCERTAINTY_ASSIGNED_CONTEXT ( ( #3706 ) ) GLOBAL_UNIT_ASSIGNED_CONTEXT ( ( #416, #8702, #5210 ) ) REPRESENTATION_CONTEXT ( 'NONE', 'WORKASPACE' ) );
#6948 = VECTOR ( 'NONE', #8902, 1000.000000000000000 ) ;
#6949 = CARTESIAN_POINT ( 'NONE',  ( 3.450000000000007283, 0.3000000000000003775, 1.049999999999975620 ) ) ;
#6950 = CARTESIAN_POINT ( 'NONE',  ( -2.631347909669556007, -1.470000000000000417, 5.658861828003776573 ) ) ;
#6951 = ORIENTED_EDGE ( 'NONE', *, *, #2097, .F. ) ;
#6952 = CARTESIAN_POINT ( 'NONE',  ( -2.099999999999981437, 0.3000000000000003775, -3.499999999999985789 ) ) ;
#6953 = VECTOR ( 'NONE', #7842, 1000.000000000000000 ) ;
#6954 = PLANE ( 'NONE',  #6193 ) ;
#6955 = FILL_AREA_STYLE_COLOUR ( '', #7192 ) ;
#6956 = VERTEX_POINT ( 'NONE', #6090 ) ;
#6957 = CARTESIAN_POINT ( 'NONE',  ( 2.102462336703285750, -2.799999999999999822, 6.485656211807639515 ) ) ;
#6958 = STYLED_ITEM ( 'NONE', ( #4779 ), #4604 ) ;
#6959 = CARTESIAN_POINT ( 'NONE',  ( 0.5256410256410256610, -1.469999999999999973, 5.833333333333321491 ) ) ;
#6960 = VERTEX_POINT ( 'NONE', #2571 ) ;
#6961 = FACE_OUTER_BOUND ( 'NONE', #4021, .T. ) ;
#6962 = FACE_OUTER_BOUND ( 'NONE', #4352, .T. ) ;
#6963 = DIRECTION ( 'NONE',  ( -0.09293673162131985133, 0.9913251372940720119, -0.09293673162122662035 ) ) ;
#6964 = ADVANCED_FACE ( 'NONE', ( #3878 ), #1836, .F. ) ;
#6965 = CARTESIAN_POINT ( 'NONE',  ( -4.999999999999963585, -0.2999999999999999334, 4.500000000000034639 ) ) ;
#6966 = FACE_OUTER_BOUND ( 'NONE', #1835, .T. ) ;
#6967 = CARTESIAN_POINT ( 'NONE',  ( 2.119391025641025106, -1.469999999999999973, 5.521233974358962904 ) ) ;
#6968 = SURFACE_STYLE_USAGE ( .BOTH. , #7710 ) ;
#6969 = CARTESIAN_POINT ( 'NONE',  ( 9.776147748828290422E-15, 0.3000000000000003775, 1.400000000009668621 ) ) ;
#6970 = VECTOR ( 'NONE', #1673, 1000.000000000000000 ) ;
#6971 = CARTESIAN_POINT ( 'NONE',  ( 2.275519193039999166, -2.799999999999998934, 6.383613365294649178 ) ) ;
#6972 = EDGE_LOOP ( 'NONE', ( #2638, #1637, #4139, #803 ) ) ;
#6973 = EDGE_CURVE ( 'NONE', #8278, #4056, #4363, .T. ) ;
#6974 =( LENGTH_UNIT ( ) NAMED_UNIT ( * ) SI_UNIT ( .MILLI., .METRE. ) );
#6975 = ORIENTED_EDGE ( 'NONE', *, *, #7316, .T. ) ;
#6976 = ORIENTED_EDGE ( 'NONE', *, *, #8502, .T. ) ;
#6977 = CARTESIAN_POINT ( 'NONE',  ( 2.145681868501888800, -2.800000000000000266, 5.735444519599250945 ) ) ;
#6978 = CARTESIAN_POINT ( 'NONE',  ( 1.371794871794872028, -2.799999999999999822, 5.692307692307680966 ) ) ;
#6979 = CARTESIAN_POINT ( 'NONE',  ( 2.564102564102564319, -1.469999999999999973, 5.499999999999988454 ) ) ;
#6980 = ORIENTED_EDGE ( 'NONE', *, *, #420, .F. ) ;
#6981 = CARTESIAN_POINT ( 'NONE',  ( -1.948717948717949344, -2.799999999999999822, 6.230769230769219291 ) ) ;
#6982 = VECTOR ( 'NONE', #2870, 1000.000000000000000 ) ;
#6983 = DIRECTION ( 'NONE',  ( -0.000000000000000000, -1.000000000000000000, 0.000000000000000000 ) ) ;
#6984 = VECTOR ( 'NONE', #2198, 1000.000000000000000 ) ;
#6985 = VECTOR ( 'NONE', #1945, 1000.000000000000000 ) ;
#6986 = CARTESIAN_POINT ( 'NONE',  ( -2.705128205128205288, -1.469999999999999973, 6.499999999999988454 ) ) ;
#6987 = CARTESIAN_POINT ( 'NONE',  ( 0.9624049397477906220, -2.799999999999999822, 5.716780055835676499 ) ) ;
#6988 = STYLED_ITEM ( 'NONE', ( #8835 ), #717 ) ;
#6989 = EDGE_LOOP ( 'NONE', ( #3378, #482, #5183, #8413 ) ) ;
#6990 = CARTESIAN_POINT ( 'NONE',  ( -2.705128205128205288, -2.799999999999999822, 6.499999999999988454 ) ) ;
#6991 = EDGE_CURVE ( 'NONE', #6120, #8899, #3178, .T. ) ;
#6992 = VERTEX_POINT ( 'NONE', #4719 ) ;
#6993 =( NAMED_UNIT ( * ) SI_UNIT ( $, .STERADIAN. ) SOLID_ANGLE_UNIT ( ) );
#6994 = COLOUR_RGB ( '',0.1019607843137254888, 0.1019607843137254888, 0.1019607843137254888 ) ;
#6995 = EDGE_CURVE ( 'NONE', #7075, #7728, #507, .T. ) ;
#6996 =( LENGTH_UNIT ( ) NAMED_UNIT ( * ) SI_UNIT ( .MILLI., .METRE. ) );
#6997 = CARTESIAN_POINT ( 'NONE',  ( 0.5516826923076920686, -1.469999999999999973, 5.708934294871783166 ) ) ;
#6998 = ORIENTED_EDGE ( 'NONE', *, *, #7976, .F. ) ;
#6999 = AXIS2_PLACEMENT_3D ( 'NONE', #7648, #6806, #2657 ) ;
#7000 = LINE ( 'NONE', #699, #2955 ) ;
#7001 = ORIENTED_EDGE ( 'NONE', *, *, #2150, .F. ) ;
#7002 = DIRECTION ( 'NONE',  ( -7.278605951727475536E-13, -1.000000000000000000, 3.376674221320818074E-13 ) ) ;
#7003 = ORIENTED_EDGE ( 'NONE', *, *, #2867, .F. ) ;
#7004 = PRESENTATION_STYLE_ASSIGNMENT (( #4813 ) ) ;
#7005 = MECHANICAL_DESIGN_GEOMETRIC_PRESENTATION_REPRESENTATION (  '', ( #2144 ), #4240 ) ;
#7006 = SURFACE_STYLE_USAGE ( .BOTH. , #1447 ) ;
#7007 = CARTESIAN_POINT ( 'NONE',  ( 0.9239365807245604190, -2.799999999999999378, 5.619056990963706255 ) ) ;
#7008 = CARTESIAN_POINT ( 'NONE',  ( -2.686175459821676270, -2.799999999999998934, 5.739192041452557014 ) ) ;
#7009 = SURFACE_STYLE_FILL_AREA ( #4274 ) ;
#7010 = PRESENTATION_LAYER_ASSIGNMENT (  '', '', ( #8332 ) ) ;
#7011 = DIRECTION ( 'NONE',  ( 6.982962677686261977E-15, 0.000000000000000000, 1.000000000000000000 ) ) ;
#7012 = CARTESIAN_POINT ( 'NONE',  ( -1.883413461538461897, -2.799999999999999378, 5.499999999999988454 ) ) ;
#7013 =( GEOMETRIC_REPRESENTATION_CONTEXT ( 3 ) GLOBAL_UNCERTAINTY_ASSIGNED_CONTEXT ( ( #683 ) ) GLOBAL_UNIT_ASSIGNED_CONTEXT ( ( #8375, #2070, #6902 ) ) REPRESENTATION_CONTEXT ( 'NONE', 'WORKASPACE' ) );
#7014 = CARTESIAN_POINT ( 'NONE',  ( 0.8000000000000320188, 0.3000000000000003775, 4.599999999999994316 ) ) ;
#7015 = UNCERTAINTY_MEASURE_WITH_UNIT (LENGTH_MEASURE( 1.000000000000000082E-05 ), #8735, 'distance_accuracy_value', 'NONE');
#7016 = DIRECTION ( 'NONE',  ( 6.965216873451490278E-15, -0.07124704998790962196, 0.9974586998307349850 ) ) ;
#7017 =( GEOMETRIC_REPRESENTATION_CONTEXT ( 3 ) GLOBAL_UNCERTAINTY_ASSIGNED_CONTEXT ( ( #33 ) ) GLOBAL_UNIT_ASSIGNED_CONTEXT ( ( #3680, #1630, #1519 ) ) REPRESENTATION_CONTEXT ( 'NONE', 'WORKASPACE' ) );
#7018 = ORIENTED_EDGE ( 'NONE', *, *, #5030, .F. ) ;
#7019 = VECTOR ( 'NONE', #6429, 1000.000000000000000 ) ;
#7020 = PRESENTATION_STYLE_ASSIGNMENT (( #5777 ) ) ;
#7021 = ORIENTED_EDGE ( 'NONE', *, *, #6811, .F. ) ;
#7022 = FILL_AREA_STYLE ('',( #2916 ) ) ;
#7023 =( LENGTH_UNIT ( ) NAMED_UNIT ( * ) SI_UNIT ( .MILLI., .METRE. ) );
#7024 = EDGE_LOOP ( 'NONE', ( #2982, #5454, #957, #982 ) ) ;
#7025 = B_SPLINE_CURVE_WITH_KNOTS ( 'NONE', 3,
 ( #7735, #1438, #7038, #4262, #58, #2856, #3930, #5912, #3838, #2377, #2472 ),
 .UNSPECIFIED., .F., .F.,
 ( 4, 1, 1, 1, 1, 1, 1, 1, 4 ),
 ( 0.000000000000000000, 0.1151446968800960147, 0.2312459907266119497, 0.3502412350898954085, 0.4732461718922442717, 0.5989295862794674630, 0.7271510339726838801, 0.8601917616704312097, 1.000000000000000000 ),
 .UNSPECIFIED. ) ;
#7026 = UNCERTAINTY_MEASURE_WITH_UNIT (LENGTH_MEASURE( 1.000000000000000082E-05 ), #439, 'distance_accuracy_value', 'NONE');
#7027 = DIRECTION ( 'NONE',  ( 0.000000000000000000, -1.000000000000000000, 0.000000000000000000 ) ) ;
#7028 = DIRECTION ( 'NONE',  ( 1.000000000000000000, -0.000000000000000000, -6.982962677686266711E-15 ) ) ;
#7029 = SURFACE_STYLE_USAGE ( .BOTH. , #932 ) ;
#7030 = ORIENTED_EDGE ( 'NONE', *, *, #8265, .T. ) ;
#7031 = DIRECTION ( 'NONE',  ( 0.000000000000000000, 0.000000000000000000, -1.000000000000000000 ) ) ;
#7032 = ORIENTED_EDGE ( 'NONE', *, *, #4483, .T. ) ;
#7033 = SURFACE_SIDE_STYLE ('',( #4925 ) ) ;
#7034 = CARTESIAN_POINT ( 'NONE',  ( -2.141025641025641413, -2.799999999999999822, 6.230769230769219291 ) ) ;
#7035 = CARTESIAN_POINT ( 'NONE',  ( 2.199897910907907761, -1.469999999999999973, 6.102276614402631694 ) ) ;
#7036 = VERTEX_POINT ( 'NONE', #6771 ) ;
#7037 =( NAMED_UNIT ( * ) SI_UNIT ( $, .STERADIAN. ) SOLID_ANGLE_UNIT ( ) );
#7038 = CARTESIAN_POINT ( 'NONE',  ( -2.520582580686125951, -1.469999999999999973, 5.488244727432365799 ) ) ;
#7039 = EDGE_CURVE ( 'NONE', #3017, #4812, #8797, .T. ) ;
#7040 = CARTESIAN_POINT ( 'NONE',  ( 9.776147748721320883E-15, 0.3000000000000003775, 1.399999999994350208 ) ) ;
#7041 = EDGE_LOOP ( 'NONE', ( #7944, #2538, #4011, #6835 ) ) ;
#7042 = CARTESIAN_POINT ( 'NONE',  ( -1.699999999999968647, -0.2999999999999999334, 4.500000000000011546 ) ) ;
#7043 = CARTESIAN_POINT ( 'NONE',  ( -2.698153235474096689, -1.469999999999999529, 5.595958592360335437 ) ) ;
#7044 = FILL_AREA_STYLE ('',( #1303 ) ) ;
#7045 = CARTESIAN_POINT ( 'NONE',  ( -2.699306956967144622, -2.799999999999998046, 5.955279540342003131 ) ) ;
#7046 = CARTESIAN_POINT ( 'NONE',  ( 0.7019702233305031847, -1.470000000000000862, 5.490011385627592055 ) ) ;
#7047 = VECTOR ( 'NONE', #3920, 1000.000000000000000 ) ;
#7048 = DIRECTION ( 'NONE',  ( -0.000000000000000000, -1.000000000000000000, -0.000000000000000000 ) ) ;
#7049 = DIRECTION ( 'NONE',  ( 4.937700262164529898E-15, -0.7071067811865477948, 0.7071067811865473507 ) ) ;
#7050 = LINE ( 'NONE', #7098, #2489 ) ;
#7051 = ADVANCED_FACE ( 'NONE', ( #5545 ), #3422, .F. ) ;
#7052 = DIRECTION ( 'NONE',  ( 1.000000000000000000, -0.000000000000000000, -6.982962677686266711E-15 ) ) ;
#7053 = CARTESIAN_POINT ( 'NONE',  ( 2.141564441293199117, -2.800000000000000266, 6.474004039469430261 ) ) ;
#7054 = COLOUR_RGB ( '',0.8980392156862745390, 0.8980392156862745390, 0.8980392156862745390 ) ;
#7055 =( NAMED_UNIT ( * ) PLANE_ANGLE_UNIT ( ) SI_UNIT ( $, .RADIAN. ) );
#7056 = AXIS2_PLACEMENT_3D ( 'NONE', #332, #8571, #2429 ) ;
#7057 = ORIENTED_EDGE ( 'NONE', *, *, #3727, .F. ) ;
#7058 = ORIENTED_EDGE ( 'NONE', *, *, #7726, .F. ) ;
#7059 = VECTOR ( 'NONE', #1387, 1000.000000000000000 ) ;
#7060 = CARTESIAN_POINT ( 'NONE',  ( 1.699999999995820854, 0.3000000000000003775, 0.9000000000041751269 ) ) ;
#7061 = DIRECTION ( 'NONE',  ( 0.000000000000000000, 0.000000000000000000, 1.000000000000000000 ) ) ;
#7062 = VECTOR ( 'NONE', #6722, 1000.000000000000114 ) ;
#7063 = EDGE_LOOP ( 'NONE', ( #6125, #8811, #1466, #88 ) ) ;
#7064 = FILL_AREA_STYLE_COLOUR ( '', #2353 ) ;
#7065 = LINE ( 'NONE', #7850, #1654 ) ;
#7066 = VECTOR ( 'NONE', #8560, 1000.000000000000000 ) ;
#7067 = VECTOR ( 'NONE', #2299, 1000.000000000000000 ) ;
#7068 = CARTESIAN_POINT ( 'NONE',  ( 1.600000000000009193, 0.3000000000000003775, 1.400000000009657519 ) ) ;
#7069 = ADVANCED_FACE ( 'NONE', ( #6961 ), #6321, .T. ) ;
#7070 = B_SPLINE_CURVE_WITH_KNOTS ( 'NONE', 3,
 ( #7915, #5208, #4494, #6627, #7999, #2956, #882, #6583, #2374, #4542, #6543, #3082, #7959, #6501, #3702, #3042, #5253, #7139, #240 ),
 .UNSPECIFIED., .F., .F.,
 ( 4, 1, 1, 1, 1, 1, 1, 1, 1, 1, 1, 1, 1, 1, 1, 1, 4 ),
 ( 0.000000000000000000, 0.09635432967449945874, 0.1854493747876861387, 0.2681681827534904694, 0.3454474420456279393, 0.4157126965158252641, 0.4814005079707570078, 0.5425504267673232350, 0.5994360425589584374, 0.6532329227160199592, 0.7046544453404041120, 0.7538805929648435544, 0.8023794152982309802, 0.8505305140366903327, 0.8991089209696124795, 0.9489743959973853116, 1.000000000000000000 ),
 .UNSPECIFIED. ) ;
#7071 = FILL_AREA_STYLE ('',( #8412 ) ) ;
#7072 = EDGE_LOOP ( 'NONE', ( #621, #1822, #3597, #2654 ) ) ;
#7073 = LINE ( 'NONE', #770, #6462 ) ;
#7074 = CARTESIAN_POINT ( 'NONE',  ( -3.399999999999948397, -0.2999999999999999334, 1.400000000009692380 ) ) ;
#7075 = VERTEX_POINT ( 'NONE', #4980 ) ;
#7076 = DIRECTION ( 'NONE',  ( -1.000000000000000000, 0.000000000000000000, 6.982962677686266711E-15 ) ) ;
#7077 = VECTOR ( 'NONE', #5245, 1000.000000000000000 ) ;
#7078 = EDGE_CURVE ( 'NONE', #2669, #5898, #4382, .T. ) ;
#7079 = FILL_AREA_STYLE_COLOUR ( '', #98 ) ;
#7080 = VECTOR ( 'NONE', #3682, 1000.000000000000000 ) ;
#7081 =( NAMED_UNIT ( * ) PLANE_ANGLE_UNIT ( ) SI_UNIT ( $, .RADIAN. ) );
#7082 = ORIENTED_EDGE ( 'NONE', *, *, #2459, .F. ) ;
#7083 = CARTESIAN_POINT ( 'NONE',  ( 2.232224149323073892, -2.799999999999999822, 5.575607786009437739 ) ) ;
#7084 = SURFACE_STYLE_FILL_AREA ( #1388 ) ;
#7085 = VERTEX_POINT ( 'NONE', #1350 ) ;
#7086 = CARTESIAN_POINT ( 'NONE',  ( -2.141025641025641413, -1.469999999999999973, 6.230769230769219291 ) ) ;
#7087 = AXIS2_PLACEMENT_3D ( 'NONE', #3394, #1328, #7528 ) ;
#7088 = CARTESIAN_POINT ( 'NONE',  ( 0.7362095712441787398, -2.799999999999999378, 5.675434953583292419 ) ) ;
#7089 = CARTESIAN_POINT ( 'NONE',  ( 1.564102564102564097, -1.469999999999999973, 6.499999999999988454 ) ) ;
#7090 = DIRECTION ( 'NONE',  ( -6.982962677686266711E-15, 0.000000000000000000, -1.000000000000000000 ) ) ;
#7091 = ADVANCED_FACE ( 'NONE', ( #2779 ), #1985, .T. ) ;
#7092 = VECTOR ( 'NONE', #6182, 1000.000000000000000 ) ;
#7093 =( LENGTH_UNIT ( ) NAMED_UNIT ( * ) SI_UNIT ( .MILLI., .METRE. ) );
#7094 = FILL_AREA_STYLE ('',( #4361 ) ) ;
#7095 = VECTOR ( 'NONE', #2633, 1000.000000000000000 ) ;
#7096 =( NAMED_UNIT ( * ) SI_UNIT ( $, .STERADIAN. ) SOLID_ANGLE_UNIT ( ) );
#7097 = CARTESIAN_POINT ( 'NONE',  ( 2.390525302555774001, -2.800000000000000266, 5.876742831396957634 ) ) ;
#7098 = CARTESIAN_POINT ( 'NONE',  ( -2.099999999999925926, 0.3000000000000003775, 4.500000000000014211 ) ) ;
#7099 = FILL_AREA_STYLE_COLOUR ( '', #6426 ) ;
#7100 = CARTESIAN_POINT ( 'NONE',  ( -1.943885615088453145, -2.800000000000000711, 5.381075812324907837 ) ) ;
#7101 = VECTOR ( 'NONE', #8138, 1000.000000000000000 ) ;
#7102 = CARTESIAN_POINT ( 'NONE',  ( 0.8000000000000238032, 1.000000000000000444, 3.414213562373142441 ) ) ;
#7103 = EDGE_CURVE ( 'NONE', #5434, #5739, #1566, .T. ) ;
#7104 = AXIS2_PLACEMENT_3D ( 'NONE', #1713, #6599, #5973 ) ;
#7105 = EDGE_CURVE ( 'NONE', #4916, #629, #6574, .T. ) ;
#7106 = CARTESIAN_POINT ( 'NONE',  ( 1.187103655206665341E-13, -1.499999999999999778, 17.00000000000000000 ) ) ;
#7107 = ORIENTED_EDGE ( 'NONE', *, *, #6092, .F. ) ;
#7108 = SURFACE_STYLE_USAGE ( .BOTH. , #2961 ) ;
#7109 = LINE ( 'NONE', #6978, #2863 ) ;
#7110 = SURFACE_SIDE_STYLE ('',( #7763 ) ) ;
#7111 = EDGE_LOOP ( 'NONE', ( #4972, #6831, #5588, #8814 ) ) ;
#7112 = LINE ( 'NONE', #804, #3253 ) ;
#7113 = CARTESIAN_POINT ( 'NONE',  ( -4.999999999999897859, -1.500000000000000000, 13.89999999999973923 ) ) ;
#7114 = DIRECTION ( 'NONE',  ( -1.000000000000000000, 0.000000000000000000, 6.982962677686266711E-15 ) ) ;
#7115 = ORIENTED_EDGE ( 'NONE', *, *, #5239, .T. ) ;
#7116 = PLANE ( 'NONE',  #6333 ) ;
#7117 = SURFACE_STYLE_FILL_AREA ( #771 ) ;
#7118 = ORIENTED_EDGE ( 'NONE', *, *, #9005, .F. ) ;
#7119 = DIRECTION ( 'NONE',  ( 0.000000000000000000, 0.000000000000000000, 1.000000000000000000 ) ) ;
#7120 = ORIENTED_EDGE ( 'NONE', *, *, #3793, .F. ) ;
#7121 = DIRECTION ( 'NONE',  ( 6.960723886565203498E-15, 0.07974522228289000758, 0.9968152785361250601 ) ) ;
#7122 = VERTEX_POINT ( 'NONE', #4527 ) ;
#7123 = DIRECTION ( 'NONE',  ( 1.000000000000000000, 0.000000000000000000, -6.982962677686266711E-15 ) ) ;
#7124 = VERTEX_POINT ( 'NONE', #5721 ) ;
#7125 = AXIS2_PLACEMENT_3D ( 'NONE', #5961, #6635, #1702 ) ;
#7126 = CARTESIAN_POINT ( 'NONE',  ( 0.7663454993024226836, -2.799999999999999822, 5.717598152511132348 ) ) ;
#7127 = DIRECTION ( 'NONE',  ( -4.920609859741901401E-15, -0.7071067811865526798, -0.7071067811865422437 ) ) ;
#7128 = DIRECTION ( 'NONE',  ( 6.982962677686266711E-15, 0.000000000000000000, 1.000000000000000000 ) ) ;
#7129 = DIRECTION ( 'NONE',  ( 0.000000000000000000, 0.000000000000000000, -1.000000000000000000 ) ) ;
#7130 =( LENGTH_UNIT ( ) NAMED_UNIT ( * ) SI_UNIT ( .MILLI., .METRE. ) );
#7131 = DIRECTION ( 'NONE',  ( -6.982962677686266711E-15, 0.000000000000000000, -1.000000000000000000 ) ) ;
#7132 = SURFACE_STYLE_FILL_AREA ( #7094 ) ;
#7133 = SURFACE_STYLE_FILL_AREA ( #747 ) ;
#7134 = DIRECTION ( 'NONE',  ( -0.09334070869305662044, -0.9956342260592883076, 6.517946851124003839E-16 ) ) ;
#7135 = CARTESIAN_POINT ( 'NONE',  ( 0.3333333333333330373, -2.799999999999999822, 5.820512820512808716 ) ) ;
#7136 = CARTESIAN_POINT ( 'NONE',  ( -2.022238594706329717, -1.469999999999999973, 5.359114174665372765 ) ) ;
#7137 = CARTESIAN_POINT ( 'NONE',  ( -1.817948543240560211, -2.800000000000000266, 5.259187608703506100 ) ) ;
#7138 = CIRCLE ( 'NONE', #3169, 0.7000000000000007327 ) ;
#7139 = CARTESIAN_POINT ( 'NONE',  ( -2.545792358255155818, -2.799999999999998934, 6.102450933518958287 ) ) ;
#7140 = LINE ( 'NONE', #844, #7224 ) ;
#7141 = AXIS2_PLACEMENT_3D ( 'NONE', #2821, #1395, #5500 ) ;
#7142 = CARTESIAN_POINT ( 'NONE',  ( 0.9730815984436599342, -2.800000000000000266, 5.811883528368117169 ) ) ;
#7143 = FILL_AREA_STYLE ('',( #5737 ) ) ;
#7144 = VERTEX_POINT ( 'NONE', #2943 ) ;
#7145 = PRESENTATION_STYLE_ASSIGNMENT (( #4376 ) ) ;
#7146 = EDGE_CURVE ( 'NONE', #4050, #8359, #269, .T. ) ;
#7147 =( GEOMETRIC_REPRESENTATION_CONTEXT ( 3 ) GLOBAL_UNCERTAINTY_ASSIGNED_CONTEXT ( ( #1234 ) ) GLOBAL_UNIT_ASSIGNED_CONTEXT ( ( #7130, #5636, #740 ) ) REPRESENTATION_CONTEXT ( 'NONE', 'WORKASPACE' ) );
#7148 = ADVANCED_FACE ( 'NONE', ( #6529 ), #7987, .T. ) ;
#7149 = EDGE_CURVE ( 'NONE', #801, #6749, #5765, .T. ) ;
#7150 = VECTOR ( 'NONE', #8725, 1000.000000000000000 ) ;
#7151 = DIRECTION ( 'NONE',  ( 1.000000000000000000, 0.000000000000000000, -6.982962677686266711E-15 ) ) ;
#7152 = CARTESIAN_POINT ( 'NONE',  ( 3.300000000010832490, 0.3000000000000003775, 1.399999999994327116 ) ) ;
#7153 = AXIS2_PLACEMENT_3D ( 'NONE', #3723, #6520, #5134 ) ;
#7154 = EDGE_LOOP ( 'NONE', ( #4748, #180, #1525, #426 ) ) ;
#7155 = EDGE_CURVE ( 'NONE', #1322, #7862, #2201, .T. ) ;
#7156 = ORIENTED_EDGE ( 'NONE', *, *, #6376, .T. ) ;
#7157 = FACE_OUTER_BOUND ( 'NONE', #1825, .T. ) ;
#7158 = EDGE_LOOP ( 'NONE', ( #7658, #1275, #7336, #8727 ) ) ;
#7159 = B_SPLINE_CURVE_WITH_KNOTS ( 'NONE', 3,
 ( #8179, #4576, #4664, #7490, #5286, #2611, #8781, #314, #8868, #5427, #7395 ),
 .UNSPECIFIED., .F., .F.,
 ( 4, 1, 1, 1, 1, 1, 1, 1, 4 ),
 ( 0.000000000000000000, 0.1592560175542395984, 0.3074593861389719462, 0.4448812988575892025, 0.5731608596155106650, 0.6923350105727049675, 0.8026812167968112588, 0.9050112064231008446, 1.000000000000000000 ),
 .UNSPECIFIED. ) ;
#7160 = CARTESIAN_POINT ( 'NONE',  ( -2.705058159205572466, -2.799999999999999822, 5.888293700635681915 ) ) ;
#7161 = ORIENTED_EDGE ( 'NONE', *, *, #8265, .F. ) ;
#7162 = CARTESIAN_POINT ( 'NONE',  ( 1.179487179487178850, -2.799999999999999822, 5.499999999999988454 ) ) ;
#7163 = ORIENTED_EDGE ( 'NONE', *, *, #5829, .F. ) ;
#7164 = CARTESIAN_POINT ( 'NONE',  ( -2.489589179529787977, -1.469999999999999973, 6.088625498535376046 ) ) ;
#7165 = ORIENTED_EDGE ( 'NONE', *, *, #2783, .F. ) ;
#7166 = LINE ( 'NONE', #61, #281 ) ;
#7167 = CARTESIAN_POINT ( 'NONE',  ( 1.699999999995823741, 0.3000000000000003775, 1.400000000009656853 ) ) ;
#7168 = CARTESIAN_POINT ( 'NONE',  ( 2.042668269230769162, -1.469999999999999973, 5.676282051282039554 ) ) ;
#7169 = CARTESIAN_POINT ( 'NONE',  ( 1.973763423819862250, -2.799999999999999378, 5.668020832968368339 ) ) ;
#7170 = CARTESIAN_POINT ( 'NONE',  ( 3.400000000010832579, 0.3000000000000003775, 1.399999999994326672 ) ) ;
#7171 = CARTESIAN_POINT ( 'NONE',  ( -2.705128205128205288, -1.469999999999999973, 5.879206730769219291 ) ) ;
#7172 = CARTESIAN_POINT ( 'NONE',  ( -2.016626602564103088, -2.799999999999999822, 5.358974358974347929 ) ) ;
#7173 = ADVANCED_FACE ( 'NONE', ( #8685 ), #447, .T. ) ;
#7174 = CARTESIAN_POINT ( 'NONE',  ( -0.7999999999999799494, 0.5723611075682355498, 2.851902961143752524 ) ) ;
#7175 = DIRECTION ( 'NONE',  ( 4.937700262164532265E-15, 0.7071067811865474617, 0.7071067811865476838 ) ) ;
#7176 = CARTESIAN_POINT ( 'NONE',  ( 2.127359384213090010, -1.470000000000000417, 6.478633689215124392 ) ) ;
#7177 = DIRECTION ( 'NONE',  ( -0.000000000000000000, -1.000000000000000000, 0.000000000000000000 ) ) ;
#7178 =( NAMED_UNIT ( * ) SI_UNIT ( $, .STERADIAN. ) SOLID_ANGLE_UNIT ( ) );
#7179 = CARTESIAN_POINT ( 'NONE',  ( 2.366987179487179294, -2.799999999999999822, 5.777644230769219291 ) ) ;
#7180 = CARTESIAN_POINT ( 'NONE',  ( 2.395700364498260626, -2.800000000000000711, 6.057466486729932598 ) ) ;
#7181 = CARTESIAN_POINT ( 'NONE',  ( -2.051614842506959135, -2.799999999999999378, 5.361039149196423104 ) ) ;
#7182 = LINE ( 'NONE', #4596, #1484 ) ;
#7183 = LINE ( 'NONE', #5917, #7332 ) ;
#7184 =( NAMED_UNIT ( * ) SI_UNIT ( $, .STERADIAN. ) SOLID_ANGLE_UNIT ( ) );
#7185 = VECTOR ( 'NONE', #811, 1000.000000000000000 ) ;
#7186 = AXIS2_PLACEMENT_3D ( 'NONE', #8300, #1215, #6871 ) ;
#7187 = DIRECTION ( 'NONE',  ( 0.000000000000000000, -1.000000000000000000, 0.000000000000000000 ) ) ;
#7188 = B_SPLINE_CURVE_WITH_KNOTS ( 'NONE', 3,
 ( #5729, #8390, #8442, #6244, #2911, #8354, #7668, #7100, #3433, #5554, #4823, #2086, #30, #4278, #7012 ),
 .UNSPECIFIED., .F., .F.,
 ( 4, 1, 1, 1, 1, 1, 1, 1, 1, 1, 1, 1, 4 ),
 ( 0.000000000000000000, 0.06885686649411291993, 0.1325681083574493935, 0.1938273092213704807, 0.2522895560368998424, 0.3083474638078310681, 0.3637839914642364558, 0.4204643025015550317, 0.4766962298770466289, 0.5953849814974497834, 0.7214091590928611852, 0.8556544294755075164, 1.000000000000000000 ),
 .UNSPECIFIED. ) ;
#7189 = LINE ( 'NONE', #806, #795 ) ;
#7190 = ADVANCED_FACE ( 'NONE', ( #5148 ), #5022, .T. ) ;
#7191 =( LENGTH_UNIT ( ) NAMED_UNIT ( * ) SI_UNIT ( .MILLI., .METRE. ) );
#7192 = COLOUR_RGB ( '',0.8980392156862745390, 0.8980392156862745390, 0.8980392156862745390 ) ;
#7193 = VERTEX_POINT ( 'NONE', #1601 ) ;
#7194 = DIRECTION ( 'NONE',  ( -1.000000000000000000, 0.000000000000000000, 6.982962677686267499E-15 ) ) ;
#7195 = DIRECTION ( 'NONE',  ( 6.982962677686266711E-15, 0.000000000000000000, 1.000000000000000000 ) ) ;
#7196 = ORIENTED_EDGE ( 'NONE', *, *, #2391, .T. ) ;
#7197 = CARTESIAN_POINT ( 'NONE',  ( -2.225185288600939337, -2.799999999999998490, 5.709173873001359034 ) ) ;
#7198 = ORIENTED_EDGE ( 'NONE', *, *, #798, .F. ) ;
#7199 = VECTOR ( 'NONE', #5767, 1000.000000000000000 ) ;
#7200 = LINE ( 'NONE', #6474, #4838 ) ;
#7201 =( GEOMETRIC_REPRESENTATION_CONTEXT ( 3 ) GLOBAL_UNCERTAINTY_ASSIGNED_CONTEXT ( ( #3320 ) ) GLOBAL_UNIT_ASSIGNED_CONTEXT ( ( #4131, #4231, #6286 ) ) REPRESENTATION_CONTEXT ( 'NONE', 'WORKASPACE' ) );
#7202 = VERTEX_POINT ( 'NONE', #4437 ) ;
#7203 = EDGE_CURVE ( 'NONE', #7770, #4143, #147, .T. ) ;
#7204 = VERTEX_POINT ( 'NONE', #1778 ) ;
#7205 = CARTESIAN_POINT ( 'NONE',  ( -2.481418484401058500, -2.800000000000000711, 5.487493171051645469 ) ) ;
#7206 = ORIENTED_EDGE ( 'NONE', *, *, #171, .T. ) ;
#7207 = CARTESIAN_POINT ( 'NONE',  ( 2.205128205128205288, -1.469999999999999973, 5.999599358974347041 ) ) ;
#7208 = B_SPLINE_CURVE_WITH_KNOTS ( 'NONE', 3,
 ( #4207, #2925, #8538, #6265, #2145, #9070, #3504, #690, #5619, #1468, #2766, #8456, #8415, #8371, #2226 ),
 .UNSPECIFIED., .F., .F.,
 ( 4, 1, 1, 1, 1, 1, 1, 1, 1, 1, 1, 1, 4 ),
 ( 0.000000000000000000, 0.06885686649411291993, 0.1325681083574493935, 0.1938273092213704807, 0.2522895560368998424, 0.3083474638078310681, 0.3637839914642364558, 0.4204643025015550317, 0.4766962298770466289, 0.5953849814974497834, 0.7214091590928611852, 0.8556544294755075164, 1.000000000000000000 ),
 .UNSPECIFIED. ) ;
#7209 = CARTESIAN_POINT ( 'NONE',  ( 2.160045855460256181, -1.469999999999999973, 5.757929307409899167 ) ) ;
#7210 = MECHANICAL_DESIGN_GEOMETRIC_PRESENTATION_REPRESENTATION (  '', ( #1934 ), #7947 ) ;
#7211 = ORIENTED_EDGE ( 'NONE', *, *, #6991, .F. ) ;
#7212 = B_SPLINE_CURVE_WITH_KNOTS ( 'NONE', 3,
 ( #8929, #1156, #1933, #4067, #6856, #8982, #8042, #8792, #2465, #5345, #5294, #8087, #1786, #4630, #7401, #1105, #8136, #1832, #4672 ),
 .UNSPECIFIED., .F., .F.,
 ( 4, 1, 1, 1, 1, 1, 1, 1, 1, 1, 1, 1, 1, 1, 1, 1, 4 ),
 ( 0.000000000000000000, 0.05892065654309121964, 0.1154451139571796986, 0.1708239920244375709, 0.2254129261753534397, 0.2800854821444455078, 0.3351972027326541315, 0.3916021685150015141, 0.4499354139639966110, 0.5097815886831620347, 0.5710632498942307400, 0.6341209034282040413, 0.6998183222750754551, 0.7687462202515921161, 0.8417860478705472271, 0.9186004019496650796, 1.000000000000000000 ),
 .UNSPECIFIED. ) ;
#7213 = DIRECTION ( 'NONE',  ( 6.982962677686266711E-15, 0.000000000000000000, 1.000000000000000000 ) ) ;
#7214 = AXIS2_PLACEMENT_3D ( 'NONE', #6113, #6888, #2645 ) ;
#7215 = SURFACE_SIDE_STYLE ('',( #231 ) ) ;
#7216 = CARTESIAN_POINT ( 'NONE',  ( -2.530216536019379348, -2.799999999999999822, 6.242662794447911168 ) ) ;
#7217 = LINE ( 'NONE', #3741, #7066 ) ;
#7218 = CARTESIAN_POINT ( 'NONE',  ( -2.403142890554738287, -2.799999999999999822, 5.780002515545284325 ) ) ;
#7219 =( NAMED_UNIT ( * ) SI_UNIT ( $, .STERADIAN. ) SOLID_ANGLE_UNIT ( ) );
#7220 = SURFACE_SIDE_STYLE ('',( #924 ) ) ;
#7221 = CARTESIAN_POINT ( 'NONE',  ( 2.346645606423128250, -1.469999999999999973, 5.725872763881528549 ) ) ;
#7222 = EDGE_CURVE ( 'NONE', #4565, #5434, #1098, .T. ) ;
#7223 = CARTESIAN_POINT ( 'NONE',  ( 2.325914177578413344, -2.799999999999998934, 6.315360043339739882 ) ) ;
#7224 = VECTOR ( 'NONE', #8615, 1000.000000000000000 ) ;
#7225 = AXIS2_PLACEMENT_3D ( 'NONE', #1083, #1668, #4308 ) ;
#7226 = CARTESIAN_POINT ( 'NONE',  ( 2.120192307692307931, -2.799999999999999378, 6.480969551282039554 ) ) ;
#7227 = EDGE_CURVE ( 'NONE', #4950, #2051, #7159, .T. ) ;
#7228 = FILL_AREA_STYLE ('',( #4452 ) ) ;
#7229 = CARTESIAN_POINT ( 'NONE',  ( -2.076923076923077538, -2.799999999999999822, 5.228565705128193741 ) ) ;
#7230 = SURFACE_STYLE_USAGE ( .BOTH. , #1580 ) ;
#7231 = CARTESIAN_POINT ( 'NONE',  ( 2.142491439231692496, -2.799999999999998046, 6.257045156998776392 ) ) ;
#7232 = LINE ( 'NONE', #3845, #1904 ) ;
#7233 = LINE ( 'NONE', #8622, #7700 ) ;
#7234 = STYLED_ITEM ( 'NONE', ( #8763 ), #4666 ) ;
#7235 = PRESENTATION_STYLE_ASSIGNMENT (( #937 ) ) ;
#7236 = DIRECTION ( 'NONE',  ( 0.3532584316311804806, 0.000000000000000000, 0.9355257775611951487 ) ) ;
#7237 = CARTESIAN_POINT ( 'NONE',  ( -0.7999999999999760636, 0.3000000000000003775, 3.414213562373157984 ) ) ;
#7238 = VERTEX_POINT ( 'NONE', #4008 ) ;
#7239 = CARTESIAN_POINT ( 'NONE',  ( 2.025440705128205288, -1.469999999999999973, 6.323717948717937354 ) ) ;
#7240 = AXIS2_PLACEMENT_3D ( 'NONE', #1816, #397, #5274 ) ;
#7241 = ORIENTED_EDGE ( 'NONE', *, *, #7278, .T. ) ;
#7242 = CARTESIAN_POINT ( 'NONE',  ( -2.406666056365735606, -2.799999999999998934, 5.500626670487795522 ) ) ;
#7243 = CARTESIAN_POINT ( 'NONE',  ( 2.182464816906516614, -1.470000000000000417, 6.183595419584982267 ) ) ;
#7244 = ORIENTED_EDGE ( 'NONE', *, *, #2933, .T. ) ;
#7245 = COLOUR_RGB ( '',0.6901960784313725394, 0.6117647058823529882, 0.5294117647058823595 ) ;
#7246 = CARTESIAN_POINT ( 'NONE',  ( -1.699999999999968647, 0.3000000000000003775, 4.500000000000011546 ) ) ;
#7247 = ADVANCED_FACE ( 'NONE', ( #4624 ), #6700, .T. ) ;
#7248 = ORIENTED_EDGE ( 'NONE', *, *, #510, .T. ) ;
#7249 = CARTESIAN_POINT ( 'NONE',  ( -2.287993224377527834, -2.799999999999999822, 5.587284980151528302 ) ) ;
#7250 = VERTEX_POINT ( 'NONE', #1149 ) ;
#7251 = DIRECTION ( 'NONE',  ( -1.000000000000000000, 0.000000000000000000, 0.000000000000000000 ) ) ;
#7252 = LINE ( 'NONE', #996, #5080 ) ;
#7253 = EDGE_CURVE ( 'NONE', #6749, #2224, #4708, .T. ) ;
#7254 = CARTESIAN_POINT ( 'NONE',  ( 2.193400373806062564, -1.469999999999999973, 5.852587041130066225 ) ) ;
#7255 = EDGE_CURVE ( 'NONE', #1440, #1349, #1246, .T. ) ;
#7256 = CARTESIAN_POINT ( 'NONE',  ( 1.179487179487178850, -1.469999999999999973, 5.692307692307680966 ) ) ;
#7257 = VERTEX_POINT ( 'NONE', #4970 ) ;
#7258 = LINE ( 'NONE', #8688, #8938 ) ;
#7259 = DIRECTION ( 'NONE',  ( 0.000000000000000000, -1.000000000000000000, 0.000000000000000000 ) ) ;
#7260 = CARTESIAN_POINT ( 'NONE',  ( -2.225469176992215470, -1.469999999999999973, 6.030859027472301293 ) ) ;
#7261 = PRESENTATION_STYLE_ASSIGNMENT (( #7957 ) ) ;
#7262 = CARTESIAN_POINT ( 'NONE',  ( -2.463302509958180231, -1.470000000000000862, 6.070855666500170500 ) ) ;
#7263 = CARTESIAN_POINT ( 'NONE',  ( 2.334841201440014835, -1.470000000000000417, 5.701788327369332166 ) ) ;
#7264 = EDGE_CURVE ( 'NONE', #3393, #7297, #7776, .T. ) ;
#7265 = CARTESIAN_POINT ( 'NONE',  ( -2.205421341228385401, -1.470000000000000417, 5.857765675369313030 ) ) ;
#7266 = CARTESIAN_POINT ( 'NONE',  ( 2.362648478075254577, -1.469999999999999973, 6.234373988290370150 ) ) ;
#7267 = DIRECTION ( 'NONE',  ( -0.000000000000000000, -1.000000000000000000, 0.000000000000000000 ) ) ;
#7268 = CARTESIAN_POINT ( 'NONE',  ( 1.851562499999999556, -1.469999999999999973, 6.333333333333321491 ) ) ;
#7269 = VECTOR ( 'NONE', #7868, 1000.000000000000000 ) ;
#7270 = DIRECTION ( 'NONE',  ( 0.000000000000000000, -1.000000000000000000, 0.000000000000000000 ) ) ;
#7271 = PLANE ( 'NONE',  #7056 ) ;
#7272 = FACE_OUTER_BOUND ( 'NONE', #3437, .T. ) ;
#7273 = CARTESIAN_POINT ( 'NONE',  ( 2.199897910907907761, -2.799999999999998046, 6.102276614402631694 ) ) ;
#7274 = FACE_OUTER_BOUND ( 'NONE', #7072, .T. ) ;
#7275 = DIRECTION ( 'NONE',  ( 0.000000000000000000, -1.000000000000000000, 0.000000000000000000 ) ) ;
#7276 = PRESENTATION_LAYER_ASSIGNMENT (  '', '', ( #5835 ) ) ;
#7277 = CARTESIAN_POINT ( 'NONE',  ( 0.5256410256410256610, -2.799999999999999822, 5.833333333333321491 ) ) ;
#7278 = EDGE_CURVE ( 'NONE', #9028, #4092, #4801, .T. ) ;
#7279 = ORIENTED_EDGE ( 'NONE', *, *, #2185, .F. ) ;
#7280 =( NAMED_UNIT ( * ) SI_UNIT ( $, .STERADIAN. ) SOLID_ANGLE_UNIT ( ) );
#7281 = CARTESIAN_POINT ( 'NONE',  ( 1.861912322047492241, -1.469999999999999973, 6.333275883847963250 ) ) ;
#7282 = AXIS2_PLACEMENT_3D ( 'NONE', #3364, #8934, #6180 ) ;
#7283 = ORIENTED_EDGE ( 'NONE', *, *, #3899, .F. ) ;
#7284 = CARTESIAN_POINT ( 'NONE',  ( -2.205990352625075257, -1.470000000000000862, 5.828589139551199061 ) ) ;
#7285 = FACE_OUTER_BOUND ( 'NONE', #6841, .T. ) ;
#7286 = ORIENTED_EDGE ( 'NONE', *, *, #278, .F. ) ;
#7287 = VECTOR ( 'NONE', #5651, 1000.000000000000000 ) ;
#7288 = SURFACE_STYLE_FILL_AREA ( #7940 ) ;
#7289 = VECTOR ( 'NONE', #4723, 1000.000000000000000 ) ;
#7290 = LINE ( 'NONE', #3813, #1159 ) ;
#7291 = ORIENTED_EDGE ( 'NONE', *, *, #826, .F. ) ;
#7292 = CARTESIAN_POINT ( 'NONE',  ( -2.451602907819008692, -1.469999999999999529, 6.059037525973703708 ) ) ;
#7293 = ORIENTED_EDGE ( 'NONE', *, *, #8215, .F. ) ;
#7294 =( LENGTH_UNIT ( ) NAMED_UNIT ( * ) SI_UNIT ( .MILLI., .METRE. ) );
#7295 = CARTESIAN_POINT ( 'NONE',  ( 1.600000000000017408, 0.3000000000000003775, 2.499999999999988454 ) ) ;
#7296 = CARTESIAN_POINT ( 'NONE',  ( 1.914663461538461231, -2.799999999999999822, 5.666666666666654528 ) ) ;
#7297 = VERTEX_POINT ( 'NONE', #7034 ) ;
#7298 = B_SPLINE_CURVE_WITH_KNOTS ( 'NONE', 3,
 ( #1537, #2250, #2996, #925, #322, #8609, #238, #6500, #7998, #7137, #4539, #277, #965, #7914, #2291, #7958, #5112, #3744, #5868 ),
 .UNSPECIFIED., .F., .F.,
 ( 4, 1, 1, 1, 1, 1, 1, 1, 1, 1, 1, 1, 1, 1, 1, 1, 4 ),
 ( 0.000000000000000000, 0.09014934839752181128, 0.1695227897218470892, 0.2401338620078048991, 0.3006793848792050916, 0.3553246047396738105, 0.4081116043277391303, 0.4591269694094133880, 0.5096395720849418165, 0.5601590957172296603, 0.6138392952926428059, 0.6700581549261874770, 0.7300933721719619074, 0.7926273148104308053, 0.8583532488339422617, 0.9272501558694048462, 1.000000000000000000 ),
 .UNSPECIFIED. ) ;
#7299 = PLANE ( 'NONE',  #5624 ) ;
#7300 = EDGE_CURVE ( 'NONE', #6236, #2534, #2808, .T. ) ;
#7301 = EDGE_CURVE ( 'NONE', #7297, #1460, #643, .T. ) ;
#7302 = DIRECTION ( 'NONE',  ( 1.000000000000000000, 0.000000000000000000, -0.000000000000000000 ) ) ;
#7303 = CARTESIAN_POINT ( 'NONE',  ( -2.694495815203648004, -1.470000000000001306, 5.977254305912778065 ) ) ;
#7304 = CARTESIAN_POINT ( 'NONE',  ( -2.216288378682846893, -2.799999999999998934, 5.994982415789048780 ) ) ;
#7305 = CARTESIAN_POINT ( 'NONE',  ( -4.999999999999948486, -0.2999999999999999334, 1.399999999994385069 ) ) ;
#7306 = VECTOR ( 'NONE', #2323, 1000.000000000000000 ) ;
#7307 = PRESENTATION_STYLE_ASSIGNMENT (( #6581 ) ) ;
#7308 = CARTESIAN_POINT ( 'NONE',  ( -2.397526269430803492, -1.469999999999999973, 5.871130639855229205 ) ) ;
#7309 = VERTEX_POINT ( 'NONE', #3460 ) ;
#7310 = CARTESIAN_POINT ( 'NONE',  ( 3.300000000000031353, 0.3000000000000003775, 4.499999999999976019 ) ) ;
#7311 = CARTESIAN_POINT ( 'NONE',  ( 2.389479001453785667, -1.469999999999999973, 6.119405655645318021 ) ) ;
#7312 = DIRECTION ( 'NONE',  ( 0.000000000000000000, 0.000000000000000000, -1.000000000000000000 ) ) ;
#7313 = MANIFOLD_SOLID_BREP ( 'Sólido-Mover/Copiar2[2]', #3476 ) ;
#7314 = SURFACE_STYLE_FILL_AREA ( #5958 ) ;
#7315 = CARTESIAN_POINT ( 'NONE',  ( 0.7819085696261557361, -1.469999999999999529, 5.824500735880293156 ) ) ;
#7316 = EDGE_CURVE ( 'NONE', #4812, #4162, #8419, .T. ) ;
#7317 = PRESENTATION_STYLE_ASSIGNMENT (( #6590 ) ) ;
#7318 = DIRECTION ( 'NONE',  ( -6.982962677686266711E-15, 0.000000000000000000, -1.000000000000000000 ) ) ;
#7319 = CARTESIAN_POINT ( 'NONE',  ( 1.851562499999999556, -1.469999999999999973, 6.333333333333321491 ) ) ;
#7320 = DIRECTION ( 'NONE',  ( 1.000000000000000000, 0.000000000000000000, -6.982962677686266711E-15 ) ) ;
#7321 =( LENGTH_UNIT ( ) NAMED_UNIT ( * ) SI_UNIT ( .MILLI., .METRE. ) );
#7322 = SURFACE_STYLE_FILL_AREA ( #3850 ) ;
#7323 = SURFACE_SIDE_STYLE ('',( #5362 ) ) ;
#7324 = VERTEX_POINT ( 'NONE', #5529 ) ;
#7325 = CARTESIAN_POINT ( 'NONE',  ( 0.6710543548990522966, -1.469999999999999973, 5.654151891404857189 ) ) ;
#7326 = CARTESIAN_POINT ( 'NONE',  ( 1.881744659625405935, -1.470000000000000417, 6.333165799096542870 ) ) ;
#7327 = DIRECTION ( 'NONE',  ( 0.000000000000000000, 0.000000000000000000, 1.000000000000000000 ) ) ;
#7328 = ORIENTED_EDGE ( 'NONE', *, *, #2078, .T. ) ;
#7329 =( LENGTH_UNIT ( ) NAMED_UNIT ( * ) SI_UNIT ( .MILLI., .METRE. ) );
#7330 = LINE ( 'NONE', #6603, #1809 ) ;
#7331 = ORIENTED_EDGE ( 'NONE', *, *, #3313, .T. ) ;
#7332 = VECTOR ( 'NONE', #161, 999.9999999999998863 ) ;
#7333 = EDGE_CURVE ( 'NONE', #4150, #9104, #3352, .T. ) ;
#7334 = ADVANCED_FACE ( 'NONE', ( #1336 ), #3507, .F. ) ;
#7335 =( GEOMETRIC_REPRESENTATION_CONTEXT ( 3 ) GLOBAL_UNCERTAINTY_ASSIGNED_CONTEXT ( ( #4563 ) ) GLOBAL_UNIT_ASSIGNED_CONTEXT ( ( #4498, #7412, #4684 ) ) REPRESENTATION_CONTEXT ( 'NONE', 'WORKASPACE' ) );
#7336 = ORIENTED_EDGE ( 'NONE', *, *, #8311, .T. ) ;
#7337 = CARTESIAN_POINT ( 'NONE',  ( -2.205421341228385401, -2.800000000000000266, 5.857765675369313030 ) ) ;
#7338 = VERTEX_POINT ( 'NONE', #2715 ) ;
#7339 = FACE_OUTER_BOUND ( 'NONE', #2595, .T. ) ;
#7340 = LINE ( 'NONE', #7295, #7870 ) ;
#7341 = CARTESIAN_POINT ( 'NONE',  ( 2.042668269230769162, -1.469999999999999973, 5.676282051282039554 ) ) ;
#7342 = MECHANICAL_DESIGN_GEOMETRIC_PRESENTATION_REPRESENTATION (  '', ( #2343 ), #7201 ) ;
#7343 = CARTESIAN_POINT ( 'NONE',  ( 0.4834694415183596328, -2.799999999999998934, 5.519615204708935075 ) ) ;
#7344 = VERTEX_POINT ( 'NONE', #861 ) ;
#7345 = EDGE_CURVE ( 'NONE', #2768, #5944, #4663, .T. ) ;
#7346 = FACE_OUTER_BOUND ( 'NONE', #995, .T. ) ;
#7347 = LINE ( 'NONE', #8788, #2914 ) ;
#7348 = VECTOR ( 'NONE', #1164, 1000.000000000000000 ) ;
#7349 = SURFACE_STYLE_USAGE ( .BOTH. , #1733 ) ;
#7350 = MECHANICAL_DESIGN_GEOMETRIC_PRESENTATION_REPRESENTATION (  '', ( #5754 ), #6930 ) ;
#7351 = PRESENTATION_STYLE_ASSIGNMENT (( #5292 ) ) ;
#7352 = B_SPLINE_CURVE_WITH_KNOTS ( 'NONE', 3,
 ( #414, #8836, #6235, #505, #6725, #1107, #9036, #3923, #1882, #5540, #3267 ),
 .UNSPECIFIED., .F., .F.,
 ( 4, 1, 1, 1, 1, 1, 1, 1, 4 ),
 ( 0.000000000000000000, 0.09989123307153004172, 0.2073190855916391406, 0.3208499521725998727, 0.4423161564938711265, 0.5701691198816086770, 0.7054217223663062919, 0.8494105530036917262, 1.000000000000000000 ),
 .UNSPECIFIED. ) ;
#7353 = FILL_AREA_STYLE ('',( #6132 ) ) ;
#7354 = CARTESIAN_POINT ( 'NONE',  ( 0.3379718385192783114, -1.470000000000000417, 5.744186234159380788 ) ) ;
#7355 = CARTESIAN_POINT ( 'NONE',  ( -2.440227632871590835, -1.469999999999999973, 6.045828655970503895 ) ) ;
#7356 = EDGE_CURVE ( 'NONE', #5054, #3986, #3889, .T. ) ;
#7357 = EDGE_LOOP ( 'NONE', ( #459, #7279, #7021, #8404 ) ) ;
#7358 = CARTESIAN_POINT ( 'NONE',  ( 2.101799542865530501, -1.469999999999999529, 5.515831106128231021 ) ) ;
#7359 = STYLED_ITEM ( 'NONE', ( #8740 ), #7928 ) ;
#7360 =( GEOMETRIC_REPRESENTATION_CONTEXT ( 3 ) GLOBAL_UNCERTAINTY_ASSIGNED_CONTEXT ( ( #202 ) ) GLOBAL_UNIT_ASSIGNED_CONTEXT ( ( #1603, #1052, #1688 ) ) REPRESENTATION_CONTEXT ( 'NONE', 'WORKASPACE' ) );
#7361 = CARTESIAN_POINT ( 'NONE',  ( 5.000000000000096811, -2.799999999999999822, 13.89999999999996483 ) ) ;
#7362 = CARTESIAN_POINT ( 'NONE',  ( 4.000000000000096811, -1.500000000000000000, 13.89999999999997193 ) ) ;
#7363 = LINE ( 'NONE', #1890, #7891 ) ;
#7364 = CARTESIAN_POINT ( 'NONE',  ( -2.022238594706329717, -1.469999999999999973, 5.359114174665372765 ) ) ;
#7365 = FILL_AREA_STYLE ('',( #3710 ) ) ;
#7366 = CARTESIAN_POINT ( 'NONE',  ( 3.300000000000032241, 0.3000000000000003775, 4.599999999999976552 ) ) ;
#7367 = FACE_OUTER_BOUND ( 'NONE', #8855, .T. ) ;
#7368 = B_SPLINE_CURVE_WITH_KNOTS ( 'NONE', 3,
 ( #5232, #1678, #3065, #4395, #5799, #8592, #5940, #2275, #4522, #3114, #7292, #994, #3815, #7164, #3769, #5101, #7903, #1597, #4431 ),
 .UNSPECIFIED., .F., .F.,
 ( 4, 1, 1, 1, 1, 1, 1, 1, 1, 1, 1, 1, 1, 1, 1, 1, 4 ),
 ( 0.000000000000000000, 0.09635432967449945874, 0.1854493747876861387, 0.2681681827534904694, 0.3454474420456279393, 0.4157126965158252641, 0.4814005079707570078, 0.5425504267673232350, 0.5994360425589584374, 0.6532329227160199592, 0.7046544453404041120, 0.7538805929648435544, 0.8023794152982309802, 0.8505305140366903327, 0.8991089209696124795, 0.9489743959973853116, 1.000000000000000000 ),
 .UNSPECIFIED. ) ;
#7369 = CARTESIAN_POINT ( 'NONE',  ( 0.5458641119777851713, -2.799999999999999822, 5.719096104244554724 ) ) ;
#7370 = CARTESIAN_POINT ( 'NONE',  ( 2.198768054264735650, -2.800000000000000266, 5.554478016624524450 ) ) ;
#7371 = EDGE_CURVE ( 'NONE', #6669, #3533, #7200, .T. ) ;
#7372 = AXIS2_PLACEMENT_3D ( 'NONE', #7857, #2852, #5791 ) ;
#7373 = EDGE_CURVE ( 'NONE', #5898, #2669, #2600, .T. ) ;
#7374 = CARTESIAN_POINT ( 'NONE',  ( -3.999999999999902744, -1.500000000000000000, 13.90000000000002700 ) ) ;
#7375 = ORIENTED_EDGE ( 'NONE', *, *, #7605, .T. ) ;
#7376 = CARTESIAN_POINT ( 'NONE',  ( -2.705128205128205288, -2.799999999999999378, 5.879206730769219291 ) ) ;
#7377 = CARTESIAN_POINT ( 'NONE',  ( 0.5259864148536178563, -1.469999999999999085, 5.826251561587053374 ) ) ;
#7378 = VERTEX_POINT ( 'NONE', #4299 ) ;
#7379 = MECHANICAL_DESIGN_GEOMETRIC_PRESENTATION_REPRESENTATION (  '', ( #6238 ), #3436 ) ;
#7380 = FACE_OUTER_BOUND ( 'NONE', #8291, .T. ) ;
#7381 = ORIENTED_EDGE ( 'NONE', *, *, #2934, .T. ) ;
#7382 = CARTESIAN_POINT ( 'NONE',  ( 0.7536836956044059566, -1.469999999999999529, 5.692582978109148151 ) ) ;
#7383 = CARTESIAN_POINT ( 'NONE',  ( 2.128854768366281736, -2.800000000000000711, 5.717863466861222932 ) ) ;
#7384 = UNCERTAINTY_MEASURE_WITH_UNIT (LENGTH_MEASURE( 1.000000000000000082E-05 ), #7657, 'distance_accuracy_value', 'NONE');
#7385 = VECTOR ( 'NONE', #6792, 1000.000000000000000 ) ;
#7386 = CARTESIAN_POINT ( 'NONE',  ( -2.683903411397021710, -2.800000000000000711, 6.167090008248317545 ) ) ;
#7387 = CARTESIAN_POINT ( 'NONE',  ( -2.539050094155790749, -1.470000000000000862, 5.628334818890916580 ) ) ;
#7388 = FILL_AREA_STYLE_COLOUR ( '', #2590 ) ;
#7389 = VERTEX_POINT ( 'NONE', #1555 ) ;
#7390 = VECTOR ( 'NONE', #7027, 1000.000000000000000 ) ;
#7391 = CARTESIAN_POINT ( 'NONE',  ( -2.671073717948718063, -1.469999999999999973, 5.707131410256399029 ) ) ;
#7392 = ORIENTED_EDGE ( 'NONE', *, *, #4142, .F. ) ;
#7393 = DIRECTION ( 'NONE',  ( -1.000000000000000000, 0.000000000000000000, 6.982962677686266711E-15 ) ) ;
#7394 =( LENGTH_UNIT ( ) NAMED_UNIT ( * ) SI_UNIT ( .MILLI., .METRE. ) );
#7395 = CARTESIAN_POINT ( 'NONE',  ( -2.671073717948718063, -1.469999999999999529, 5.707131410256399029 ) ) ;
#7396 = ORIENTED_EDGE ( 'NONE', *, *, #3375, .T. ) ;
#7397 = MECHANICAL_DESIGN_GEOMETRIC_PRESENTATION_REPRESENTATION (  '', ( #8290 ), #5199 ) ;
#7398 = DIRECTION ( 'NONE',  ( -0.000000000000000000, -1.000000000000000000, -0.000000000000000000 ) ) ;
#7399 = CARTESIAN_POINT ( 'NONE',  ( -2.597785409453003957, -1.470000000000000862, 6.095045575499132617 ) ) ;
#7400 =( NAMED_UNIT ( * ) PLANE_ANGLE_UNIT ( ) SI_UNIT ( $, .RADIAN. ) );
#7401 = CARTESIAN_POINT ( 'NONE',  ( -2.216288378682846893, -1.469999999999999973, 5.994982415789048780 ) ) ;
#7402 =( LENGTH_UNIT ( ) NAMED_UNIT ( * ) SI_UNIT ( .MILLI., .METRE. ) );
#7403 = CARTESIAN_POINT ( 'NONE',  ( -2.551282051282051544, -1.469999999999999973, 6.102564102564091542 ) ) ;
#7404 = VECTOR ( 'NONE', #7049, 1000.000000000000000 ) ;
#7405 = ORIENTED_EDGE ( 'NONE', *, *, #2646, .T. ) ;
#7406 = CARTESIAN_POINT ( 'NONE',  ( -2.355656209907815324, -1.469999999999999529, 5.525885434126789342 ) ) ;
#7407 = MECHANICAL_DESIGN_GEOMETRIC_PRESENTATION_REPRESENTATION (  '', ( #3752 ), #4647 ) ;
#7408 = VECTOR ( 'NONE', #1311, 1000.000000000000000 ) ;
#7409 = CARTESIAN_POINT ( 'NONE',  ( -2.705128205128205288, -2.799999999999999822, 5.605568910256399029 ) ) ;
#7410 = CARTESIAN_POINT ( 'NONE',  ( 0.7663454993024226836, -1.470000000000000417, 5.717598152511132348 ) ) ;
#7411 = CARTESIAN_POINT ( 'NONE',  ( -0.7999999999999760636, 0.2999999999999999334, 3.414213562373167310 ) ) ;
#7412 =( NAMED_UNIT ( * ) PLANE_ANGLE_UNIT ( ) SI_UNIT ( $, .RADIAN. ) );
#7413 = CARTESIAN_POINT ( 'NONE',  ( -0.7999999999999678479, -0.2999999999999999334, 4.600000000000004974 ) ) ;
#7414 = LINE ( 'NONE', #8620, #5811 ) ;
#7415 = CARTESIAN_POINT ( 'NONE',  ( 3.300000000000031353, -0.2999999999999999334, 4.499999999999976019 ) ) ;
#7416 = FILL_AREA_STYLE_COLOUR ( '', #6233 ) ;
#7417 = CLOSED_SHELL ( 'NONE', ( #8445, #853, #3238, #6478, #7051, #2091, #5189, #5468, #1633, #2521, #5045, #5968, #5339, #3623, #4640, #7438, #1984, #717, #6377, #3580, #109, #6220, #69, #6964, #8990, #1725, #8326, #262, #5542, #5699, #4331, #5653, #6430, #8601, #1085, #2967, #960, #907, #3984, #1365, #4132, #3714, #5849, #2842, #1731, #2357, #5006, #4316, #5814, #8391, #4256, #1329, #4324, #7173, #5413, #7190, #4146, #3426, #7148, #4701, #5618, #4805, #4419, #139, #2944, #2028, #7247, #5237, #5157, #1348, #1887, #2562, #2195, #578, #3329, #7511, #6358, #4593, #1512, #5928, #5759, #3219, #8430, #4751, #2704, #7432, #6030, #1205, #2461, #4368, #5544, #1781, #521, #1911, #5124, #4199, #7632, #6674, #1975, #7566, #5731, #8840, #3552, #5573, #901, #5913, #4816, #3671, #6155, #8795, #4875, #229, #5603, #940, #22, #8012, #8217, #8965, #4604, #7825 ) ) ;
#7418 = CARTESIAN_POINT ( 'NONE',  ( 0.8000000000000238032, 0.2999999999999999334, 3.414213562373156208 ) ) ;
#7419 = ORIENTED_EDGE ( 'NONE', *, *, #5076, .F. ) ;
#7420 =( LENGTH_UNIT ( ) NAMED_UNIT ( * ) SI_UNIT ( .MILLI., .METRE. ) );
#7421 = PRESENTATION_LAYER_ASSIGNMENT (  '', '', ( #9061 ) ) ;
#7422 = CARTESIAN_POINT ( 'NONE',  ( 2.053580933542667797, -2.800000000000000266, 6.316937941653796074 ) ) ;
#7423 = EDGE_CURVE ( 'NONE', #1325, #8160, #8585, .T. ) ;
#7424 = EDGE_LOOP ( 'NONE', ( #571, #1790, #5485, #4520 ) ) ;
#7425 = CARTESIAN_POINT ( 'NONE',  ( -0.3987158048003324740, 1.994974746830611823, 0.5807611844574868121 ) ) ;
#7426 = ORIENTED_EDGE ( 'NONE', *, *, #1540, .T. ) ;
#7427 = VECTOR ( 'NONE', #4058, 1000.000000000000000 ) ;
#7428 = FACE_OUTER_BOUND ( 'NONE', #8061, .T. ) ;
#7429 = CARTESIAN_POINT ( 'NONE',  ( 0.9499827433329753879, -2.799999999999999822, 5.672356562299778027 ) ) ;
#7430 = ADVANCED_FACE ( 'NONE', ( #5008 ), #4387, .F. ) ;
#7431 = B_SPLINE_SURFACE_WITH_KNOTS ( 'NONE', 3, 1, ( 
 ( #6415, #2874 ),
 ( #2170, #4136 ),
 ( #4279, #3483 ),
 ( #3578, #5730 ),
 ( #712, #8393 ) ),
 .UNSPECIFIED., .F., .F., .F.,
 ( 4, 1, 4 ),
 ( 2, 2 ),
 ( 0.000000000000000000, 0.5011289080001245511, 0.9999999999999998890 ),
 ( 0.000000000000000000, 1.000000000000000000 ),
 .UNSPECIFIED. ) ;
#7432 = ADVANCED_FACE ( 'NONE', ( #1593, #4424 ), #902, .F. ) ;
#7433 = CARTESIAN_POINT ( 'NONE',  ( 4.700000000000032152, 1.700000000000000622, 4.599999999999966782 ) ) ;
#7434 = AXIS2_PLACEMENT_3D ( 'NONE', #206, #1584, #5878 ) ;
#7435 = CARTESIAN_POINT ( 'NONE',  ( 2.100000000000003197, -0.2999999999999999334, 0.4999999999999849565 ) ) ;
#7436 = ORIENTED_EDGE ( 'NONE', *, *, #5030, .T. ) ;
#7437 = DIRECTION ( 'NONE',  ( 0.09310556079222756520, 0.9931259817837730930, 0.07093757012741169765 ) ) ;
#7438 = ADVANCED_FACE ( 'NONE', ( #7937 ), #8400, .F. ) ;
#7439 = PRESENTATION_LAYER_ASSIGNMENT (  '', '', ( #2008 ) ) ;
#7440 = DIRECTION ( 'NONE',  ( 6.982962677686266711E-15, -0.000000000000000000, 1.000000000000000000 ) ) ;
#7441 = ORIENTED_EDGE ( 'NONE', *, *, #4594, .F. ) ;
#7442 = ADVANCED_FACE ( 'NONE', ( #7675 ), #6927, .T. ) ;
#7443 = SURFACE_STYLE_FILL_AREA ( #8864 ) ;
#7444 = ORIENTED_EDGE ( 'NONE', *, *, #1494, .F. ) ;
#7445 = CARTESIAN_POINT ( 'NONE',  ( 0.3336207659419238580, -2.799999999999998934, 5.807282712181268458 ) ) ;
#7446 = AXIS2_PLACEMENT_3D ( 'NONE', #6201, #2092, #7574 ) ;
#7447 = EDGE_LOOP ( 'NONE', ( #4122, #5088, #2878, #673 ) ) ;
#7448 = VECTOR ( 'NONE', #1165, 1000.000000000000000 ) ;
#7449 = CARTESIAN_POINT ( 'NONE',  ( -1.976072234772370484, -1.470000000000001306, 5.364284178213924115 ) ) ;
#7450 = CARTESIAN_POINT ( 'NONE',  ( -0.8331330128205131080, -1.469999999999999973, 5.499999999999988454 ) ) ;
#7451 =( NAMED_UNIT ( * ) PLANE_ANGLE_UNIT ( ) SI_UNIT ( $, .RADIAN. ) );
#7452 = DIRECTION ( 'NONE',  ( 4.937700262164532265E-15, 0.7071067811865474617, 0.7071067811865476838 ) ) ;
#7453 = CARTESIAN_POINT ( 'NONE',  ( -2.358053221915628939, -1.469999999999998641, 6.206510067806956243 ) ) ;
#7454 = CARTESIAN_POINT ( 'NONE',  ( 2.325914177578413344, -1.469999999999999085, 6.315360043339739882 ) ) ;
#7455 = CARTESIAN_POINT ( 'NONE',  ( -2.899999999999954170, 0.3000000000000003775, 0.5000000000000198730 ) ) ;
#7456 = CARTESIAN_POINT ( 'NONE',  ( 0.9000000000000145661, 1.350178566873438069, 2.074085501838538903 ) ) ;
#7457 = ORIENTED_EDGE ( 'NONE', *, *, #1539, .T. ) ;
#7458 = FILL_AREA_STYLE_COLOUR ( '', #8616 ) ;
#7459 = CARTESIAN_POINT ( 'NONE',  ( 1.745740669421566362E-14, -0.2999999999999999334, 2.499999999999999556 ) ) ;
#7460 = CARTESIAN_POINT ( 'NONE',  ( 3.300000000010832490, 0.3000000000000003775, 1.399999999994327116 ) ) ;
#7461 = EDGE_CURVE ( 'NONE', #5137, #2854, #4043, .T. ) ;
#7462 = CARTESIAN_POINT ( 'NONE',  ( 0.7455848954517618754, -1.469999999999999973, 5.683219140864601115 ) ) ;
#7463 = CARTESIAN_POINT ( 'NONE',  ( 0.7820512820512818264, -2.799999999999999822, 6.499999999999988454 ) ) ;
#7464 = DIRECTION ( 'NONE',  ( -4.937700262164532265E-15, -0.7071067811865474617, -0.7071067811865476838 ) ) ;
#7465 = DIRECTION ( 'NONE',  ( 6.982962677686261977E-15, 0.000000000000000000, 1.000000000000000000 ) ) ;
#7466 =( NAMED_UNIT ( * ) PLANE_ANGLE_UNIT ( ) SI_UNIT ( $, .RADIAN. ) );
#7467 = FACE_OUTER_BOUND ( 'NONE', #5969, .T. ) ;
#7468 = EDGE_CURVE ( 'NONE', #6154, #4093, #5512, .T. ) ;
#7469 = SURFACE_STYLE_FILL_AREA ( #4730 ) ;
#7470 = ORIENTED_EDGE ( 'NONE', *, *, #634, .F. ) ;
#7471 = STYLED_ITEM ( 'NONE', ( #5495 ), #742 ) ;
#7472 = CARTESIAN_POINT ( 'NONE',  ( 0.5413892236163126981, -1.470000000000000417, 5.730828376335295182 ) ) ;
#7473 = ORIENTED_EDGE ( 'NONE', *, *, #1139, .F. ) ;
#7474 = VERTEX_POINT ( 'NONE', #8358 ) ;
#7475 = VERTEX_POINT ( 'NONE', #622 ) ;
#7476 = FILL_AREA_STYLE_COLOUR ( '', #472 ) ;
#7477 = CARTESIAN_POINT ( 'NONE',  ( 0.6725850894718609085, -2.799999999999999822, 5.487622844620589468 ) ) ;
#7478 = EDGE_CURVE ( 'NONE', #6165, #2893, #4188, .T. ) ;
#7479 = UNCERTAINTY_MEASURE_WITH_UNIT (LENGTH_MEASURE( 1.000000000000000082E-05 ), #8756, 'distance_accuracy_value', 'NONE');
#7480 = FACE_OUTER_BOUND ( 'NONE', #7693, .T. ) ;
#7481 = ORIENTED_EDGE ( 'NONE', *, *, #420, .T. ) ;
#7482 = MECHANICAL_DESIGN_GEOMETRIC_PRESENTATION_REPRESENTATION (  '', ( #3537 ), #8220 ) ;
#7483 = DIRECTION ( 'NONE',  ( 6.982962677686266711E-15, 0.000000000000000000, 1.000000000000000000 ) ) ;
#7484 = DIRECTION ( 'NONE',  ( -0.000000000000000000, -1.000000000000000000, -0.000000000000000000 ) ) ;
#7485 = VERTEX_POINT ( 'NONE', #1901 ) ;
#7486 = DIRECTION ( 'NONE',  ( -6.982962677686266711E-15, 0.000000000000000000, -1.000000000000000000 ) ) ;
#7487 = VECTOR ( 'NONE', #7594, 1000.000000000000000 ) ;
#7488 = PRESENTATION_LAYER_ASSIGNMENT (  '', '', ( #738 ) ) ;
#7489 = EDGE_CURVE ( 'NONE', #6694, #2347, #8810, .T. ) ;
#7490 = CARTESIAN_POINT ( 'NONE',  ( -2.703135243588742576, -1.469999999999999973, 5.825344470509215888 ) ) ;
#7491 = CARTESIAN_POINT ( 'NONE',  ( 2.219629544609024396, -2.799999999999999822, 6.432752202981222744 ) ) ;
#7492 = VERTEX_POINT ( 'NONE', #1274 ) ;
#7493 = CARTESIAN_POINT ( 'NONE',  ( -1.913388161716236713, -2.799999999999999822, 5.420100896793876188 ) ) ;
#7494 = CARTESIAN_POINT ( 'NONE',  ( 1.990539924338469824, -1.469999999999999529, 5.668919772381752153 ) ) ;
#7495 = CARTESIAN_POINT ( 'NONE',  ( -0.7999999999999760636, -0.2999999999999999334, 3.414213562373157984 ) ) ;
#7496 = STYLED_ITEM ( 'NONE', ( #5201 ), #3258 ) ;
#7497 = CARTESIAN_POINT ( 'NONE',  ( 1.745740669421566362E-14, 0.3000000000000003775, 2.499999999999999556 ) ) ;
#7498 = ORIENTED_EDGE ( 'NONE', *, *, #3382, .F. ) ;
#7499 = PLANE ( 'NONE',  #728 ) ;
#7500 = CARTESIAN_POINT ( 'NONE',  ( 2.396993671807989834, -1.469999999999999085, 6.024383024566519751 ) ) ;
#7501 = VECTOR ( 'NONE', #652, 1000.000000000000000 ) ;
#7502 = DIRECTION ( 'NONE',  ( 0.3550606623267720807, 0.000000000000000000, -0.9348432628350454854 ) ) ;
#7503 = ORIENTED_EDGE ( 'NONE', *, *, #7423, .T. ) ;
#7504 = CARTESIAN_POINT ( 'NONE',  ( -2.406666056365735606, -1.470000000000000417, 5.500626670487795522 ) ) ;
#7505 =( LENGTH_UNIT ( ) NAMED_UNIT ( * ) SI_UNIT ( .MILLI., .METRE. ) );
#7506 = VECTOR ( 'NONE', #4590, 1000.000000000000000 ) ;
#7507 = CARTESIAN_POINT ( 'NONE',  ( 0.7019702233305031847, -1.470000000000000862, 5.490011385627592055 ) ) ;
#7508 = CARTESIAN_POINT ( 'NONE',  ( 0.9730815984436599342, -2.800000000000000266, 5.811883528368117169 ) ) ;
#7509 = PRODUCT_DEFINITION_SHAPE ( 'NONE', 'NONE',  #3011 ) ;
#7510 = CARTESIAN_POINT ( 'NONE',  ( 0.8000000000000145883, 1.350178566873438069, 2.074085501838539347 ) ) ;
#7511 = ADVANCED_FACE ( 'NONE', ( #4091 ), #572, .T. ) ;
#7512 = SURFACE_SIDE_STYLE ('',( #1310 ) ) ;
#7513 = CARTESIAN_POINT ( 'NONE',  ( 0.6078376048731028991, -2.799999999999999378, 5.661290119471194870 ) ) ;
#7514 = SURFACE_STYLE_USAGE ( .BOTH. , #1123 ) ;
#7515 = PLANE ( 'NONE',  #2686 ) ;
#7516 = VECTOR ( 'NONE', #7270, 1000.000000000000000 ) ;
#7517 = VERTEX_POINT ( 'NONE', #9006 ) ;
#7518 =( GEOMETRIC_REPRESENTATION_CONTEXT ( 3 ) GLOBAL_UNCERTAINTY_ASSIGNED_CONTEXT ( ( #5558 ) ) GLOBAL_UNIT_ASSIGNED_CONTEXT ( ( #6311, #7542, #6168 ) ) REPRESENTATION_CONTEXT ( 'NONE', 'WORKASPACE' ) );
#7519 = LINE ( 'NONE', #6783, #1657 ) ;
#7520 = EDGE_LOOP ( 'NONE', ( #553, #2030, #7419, #4, #8046, #2691 ) ) ;
#7521 = SURFACE_STYLE_USAGE ( .BOTH. , #3487 ) ;
#7522 = ORIENTED_EDGE ( 'NONE', *, *, #6919, .F. ) ;
#7523 = STYLED_ITEM ( 'NONE', ( #7145 ), #6377 ) ;
#7524 = EDGE_LOOP ( 'NONE', ( #6219, #1419, #3894, #7436 ) ) ;
#7525 = CARTESIAN_POINT ( 'NONE',  ( 3.300000000010320012, 0.3000000000000003775, 4.599999999999637268 ) ) ;
#7526 = FACE_OUTER_BOUND ( 'NONE', #5648, .T. ) ;
#7527 = ORIENTED_EDGE ( 'NONE', *, *, #8097, .T. ) ;
#7528 = DIRECTION ( 'NONE',  ( -6.982962677686266711E-15, 0.000000000000000000, -1.000000000000000000 ) ) ;
#7529 =( GEOMETRIC_REPRESENTATION_CONTEXT ( 3 ) GLOBAL_UNCERTAINTY_ASSIGNED_CONTEXT ( ( #6923 ) ) GLOBAL_UNIT_ASSIGNED_CONTEXT ( ( #1305, #4174, #511 ) ) REPRESENTATION_CONTEXT ( 'NONE', 'WORKASPACE' ) );
#7530 = COLOUR_RGB ( '',0.1019607843137254888, 0.1019607843137254888, 0.1019607843137254888 ) ;
#7531 = FACE_OUTER_BOUND ( 'NONE', #8837, .T. ) ;
#7532 = EDGE_LOOP ( 'NONE', ( #1253, #4914, #2988, #2401 ) ) ;
#7533 = DIRECTION ( 'NONE',  ( 0.000000000000000000, 0.000000000000000000, 1.000000000000000000 ) ) ;
#7534 = EDGE_CURVE ( 'NONE', #3634, #7124, #2692, .T. ) ;
#7535 = DIRECTION ( 'NONE',  ( -1.000000000000000000, 0.000000000000000000, 6.982962677686266711E-15 ) ) ;
#7536 = CARTESIAN_POINT ( 'NONE',  ( -2.225469176992215470, -2.799999999999999822, 6.030859027472301293 ) ) ;
#7537 = ORIENTED_EDGE ( 'NONE', *, *, #7203, .F. ) ;
#7538 = LINE ( 'NONE', #2656, #429 ) ;
#7539 = MECHANICAL_DESIGN_GEOMETRIC_PRESENTATION_REPRESENTATION (  '', ( #1223 ), #1523 ) ;
#7540 = MANIFOLD_SOLID_BREP ( 'Sólido-Mover/Copiar2[1]', #8594 ) ;
#7541 = DIRECTION ( 'NONE',  ( 1.000000000000000000, 0.000000000000000000, -6.982962677686266711E-15 ) ) ;
#7542 =( NAMED_UNIT ( * ) PLANE_ANGLE_UNIT ( ) SI_UNIT ( $, .RADIAN. ) );
#7543 = ORIENTED_EDGE ( 'NONE', *, *, #1695, .T. ) ;
#7544 = CARTESIAN_POINT ( 'NONE',  ( -1.976072234772370484, -2.800000000000000266, 5.364284178213924115 ) ) ;
#7545 = EDGE_CURVE ( 'NONE', #3335, #2304, #4993, .T. ) ;
#7546 = FILL_AREA_STYLE ('',( #3306 ) ) ;
#7547 = VECTOR ( 'NONE', #351, 1000.000000000000000 ) ;
#7548 = CARTESIAN_POINT ( 'NONE',  ( 0.2179487179487177573, -2.799999999999999822, 5.692307692307680966 ) ) ;
#7549 = ADVANCED_FACE ( 'NONE', ( #5081 ), #886, .F. ) ;
#7550 = EDGE_CURVE ( 'NONE', #3582, #3488, #5117, .T. ) ;
#7551 = CARTESIAN_POINT ( 'NONE',  ( 1.756410256410256165, -1.469999999998240714, 5.666666666666654528 ) ) ;
#7552 = ORIENTED_EDGE ( 'NONE', *, *, #4897, .T. ) ;
#7553 = CARTESIAN_POINT ( 'NONE',  ( -2.205128205128205288, -1.469999999999999973, 5.872796474358962904 ) ) ;
#7554 = CARTESIAN_POINT ( 'NONE',  ( 3.300000000010320012, 0.3000000000000003775, 4.599999999999637268 ) ) ;
#7555 = CARTESIAN_POINT ( 'NONE',  ( -4.999999999999948486, 0.3000000000000003775, 1.399999999994385069 ) ) ;
#7556 = LINE ( 'NONE', #5438, #2843 ) ;
#7557 = EDGE_CURVE ( 'NONE', #3396, #4438, #7802, .T. ) ;
#7558 = AXIS2_PLACEMENT_3D ( 'NONE', #8205, #4911, #2089 ) ;
#7559 = VERTEX_POINT ( 'NONE', #4283 ) ;
#7560 =( NAMED_UNIT ( * ) SI_UNIT ( $, .STERADIAN. ) SOLID_ANGLE_UNIT ( ) );
#7561 = SURFACE_STYLE_USAGE ( .BOTH. , #3316 ) ;
#7562 = DIRECTION ( 'NONE',  ( 1.000000000000000000, 0.000000000000000000, 0.000000000000000000 ) ) ;
#7563 =( NAMED_UNIT ( * ) SI_UNIT ( $, .STERADIAN. ) SOLID_ANGLE_UNIT ( ) );
#7564 = DIRECTION ( 'NONE',  ( 0.000000000000000000, 0.000000000000000000, -1.000000000000000000 ) ) ;
#7565 =( LENGTH_UNIT ( ) NAMED_UNIT ( * ) SI_UNIT ( .MILLI., .METRE. ) );
#7566 = ADVANCED_FACE ( 'NONE', ( #1415 ), #3540, .T. ) ;
#7567 =( LENGTH_UNIT ( ) NAMED_UNIT ( * ) SI_UNIT ( .MILLI., .METRE. ) );
#7568 = DIRECTION ( 'NONE',  ( 1.000000000000000000, 0.000000000000000000, 0.000000000000000000 ) ) ;
#7569 =( NAMED_UNIT ( * ) SI_UNIT ( $, .STERADIAN. ) SOLID_ANGLE_UNIT ( ) );
#7570 = CARTESIAN_POINT ( 'NONE',  ( -1.866680377425246062, -1.469999999999999973, 5.234315068862780862 ) ) ;
#7571 = EDGE_LOOP ( 'NONE', ( #5179, #6208, #2564, #8904 ) ) ;
#7572 = UNCERTAINTY_MEASURE_WITH_UNIT (LENGTH_MEASURE( 1.000000000000000082E-05 ), #2119, 'distance_accuracy_value', 'NONE');
#7573 = ORIENTED_EDGE ( 'NONE', *, *, #5482, .T. ) ;
#7574 = DIRECTION ( 'NONE',  ( 6.982962677686266711E-15, 0.000000000000000000, 1.000000000000000000 ) ) ;
#7575 = AXIS2_PLACEMENT_3D ( 'NONE', #4155, #636, #3453 ) ;
#7576 = VERTEX_POINT ( 'NONE', #7411 ) ;
#7577 = CARTESIAN_POINT ( 'NONE',  ( -1.038461538461538991, -1.469999999999999973, 5.499999999999988454 ) ) ;
#7578 = MANIFOLD_SOLID_BREP ( 'Sólido-Mover/Copiar2[4]', #4224 ) ;
#7579 = VERTEX_POINT ( 'NONE', #8654 ) ;
#7580 = LINE ( 'NONE', #2491, #8418 ) ;
#7581 = DIRECTION ( 'NONE',  ( 1.000000000000000000, 0.000000000000000000, -6.982962677686266711E-15 ) ) ;
#7582 = ORIENTED_EDGE ( 'NONE', *, *, #4670, .F. ) ;
#7583 = AXIS2_PLACEMENT_3D ( 'NONE', #1564, #7002, #4398 ) ;
#7584 = CARTESIAN_POINT ( 'NONE',  ( 0.7820512820512818264, -2.799999999999999822, 5.852764423076911804 ) ) ;
#7585 = UNCERTAINTY_MEASURE_WITH_UNIT (LENGTH_MEASURE( 1.000000000000000082E-05 ), #5309, 'distance_accuracy_value', 'NONE');
#7586 = CARTESIAN_POINT ( 'NONE',  ( 2.113671052061858457, -2.799999999999999378, 5.519477200133281691 ) ) ;
#7587 = EDGE_LOOP ( 'NONE', ( #8457, #6875, #8036, #777 ) ) ;
#7588 = DIRECTION ( 'NONE',  ( -1.000000000000000000, 0.000000000000000000, 6.982962677686266711E-15 ) ) ;
#7589 = EDGE_CURVE ( 'NONE', #77, #6905, #4637, .T. ) ;
#7590 =( GEOMETRIC_REPRESENTATION_CONTEXT ( 3 ) GLOBAL_UNCERTAINTY_ASSIGNED_CONTEXT ( ( #8841 ) ) GLOBAL_UNIT_ASSIGNED_CONTEXT ( ( #4707, #5527, #4750 ) ) REPRESENTATION_CONTEXT ( 'NONE', 'WORKASPACE' ) );
#7591 = FACE_OUTER_BOUND ( 'NONE', #1722, .T. ) ;
#7592 = CARTESIAN_POINT ( 'NONE',  ( -2.705128205128205288, -2.799999999999999822, 5.879206730769219291 ) ) ;
#7593 = ORIENTED_EDGE ( 'NONE', *, *, #81, .F. ) ;
#7594 = DIRECTION ( 'NONE',  ( 1.000000000000000000, 0.000000000000000000, 0.000000000000000000 ) ) ;
#7595 = VECTOR ( 'NONE', #9100, 1000.000000000000000 ) ;
#7596 = FILL_AREA_STYLE ('',( #2712 ) ) ;
#7597 = PRESENTATION_STYLE_ASSIGNMENT (( #4159 ) ) ;
#7598 = CARTESIAN_POINT ( 'NONE',  ( -2.897435897435897800, -1.469999999999999973, 6.499999999999988454 ) ) ;
#7599 = UNCERTAINTY_MEASURE_WITH_UNIT (LENGTH_MEASURE( 1.000000000000000082E-05 ), #2232, 'distance_accuracy_value', 'NONE');
#7600 = EDGE_LOOP ( 'NONE', ( #3340, #121, #8506, #3121 ) ) ;
#7601 =( GEOMETRIC_REPRESENTATION_CONTEXT ( 3 ) GLOBAL_UNCERTAINTY_ASSIGNED_CONTEXT ( ( #5456 ) ) GLOBAL_UNIT_ASSIGNED_CONTEXT ( ( #8710, #7927, #1754 ) ) REPRESENTATION_CONTEXT ( 'NONE', 'WORKASPACE' ) );
#7602 = CARTESIAN_POINT ( 'NONE',  ( -1.886114828302981827, -1.469999999999999529, 5.490130587549082897 ) ) ;
#7603 =( NAMED_UNIT ( * ) PLANE_ANGLE_UNIT ( ) SI_UNIT ( $, .RADIAN. ) );
#7604 = DIRECTION ( 'NONE',  ( -0.000000000000000000, -1.000000000000000000, 0.000000000000000000 ) ) ;
#7605 = EDGE_CURVE ( 'NONE', #5415, #2114, #3046, .T. ) ;
#7606 = ORIENTED_EDGE ( 'NONE', *, *, #3459, .F. ) ;
#7607 = FACE_OUTER_BOUND ( 'NONE', #1081, .T. ) ;
#7608 = SURFACE_STYLE_FILL_AREA ( #3265 ) ;
#7609 = DIRECTION ( 'NONE',  ( 1.000000000000000000, 0.000000000000000000, -6.982962677686266711E-15 ) ) ;
#7610 = PLANE ( 'NONE',  #6654 ) ;
#7611 = AXIS2_PLACEMENT_3D ( 'NONE', #7824, #1527, #6447 ) ;
#7612 = EDGE_LOOP ( 'NONE', ( #1278, #2542, #1900, #2971 ) ) ;
#7613 = CARTESIAN_POINT ( 'NONE',  ( 1.187103655206665341E-13, -1.499999999999999778, 17.00000000000000000 ) ) ;
#7614 = VECTOR ( 'NONE', #8479, 1000.000000000000000 ) ;
#7615 = PRESENTATION_LAYER_ASSIGNMENT (  '', '', ( #4394 ) ) ;
#7616 = CARTESIAN_POINT ( 'NONE',  ( 0.8000000000000320188, 0.3000000000000003775, 4.599999999999994316 ) ) ;
#7617 = EDGE_CURVE ( 'NONE', #3803, #1325, #4497, .T. ) ;
#7618 = EDGE_CURVE ( 'NONE', #1478, #7653, #5306, .T. ) ;
#7619 = CARTESIAN_POINT ( 'NONE',  ( -2.582950235057203336, -2.799999999999998934, 6.099470780652409552 ) ) ;
#7620 = CARTESIAN_POINT ( 'NONE',  ( 0.9449533735282242830, -1.469999999999999973, 5.658244659133383259 ) ) ;
#7621 = CARTESIAN_POINT ( 'NONE',  ( 5.000000000000032863, -1.499999999999999778, 4.499999999999966249 ) ) ;
#7622 = AXIS2_PLACEMENT_3D ( 'NONE', #6420, #2880, #2297 ) ;
#7623 = CARTESIAN_POINT ( 'NONE',  ( 3.300000000000031353, -0.2999999999999999334, 4.499999999999976019 ) ) ;
#7624 = CARTESIAN_POINT ( 'NONE',  ( 1.930889423076922684, -2.799999999999999822, 6.499999999999988454 ) ) ;
#7625 = FACE_BOUND ( 'NONE', #8675, .T. ) ;
#7626 = CARTESIAN_POINT ( 'NONE',  ( 1.564102564102564097, -1.469999999999999973, 5.499999999999988454 ) ) ;
#7627 = DIRECTION ( 'NONE',  ( -1.000000000000000000, 0.000000000000000000, 6.982962677686266711E-15 ) ) ;
#7628 = SURFACE_STYLE_FILL_AREA ( #2531 ) ;
#7629 = LINE ( 'NONE', #6688, #4080 ) ;
#7630 = VERTEX_POINT ( 'NONE', #3748 ) ;
#7631 = CARTESIAN_POINT ( 'NONE',  ( 4.000000000000052403, -1.500000000000000000, 7.399999999999972822 ) ) ;
#7633 = EDGE_LOOP ( 'NONE', ( #7457, #6349, #2973, #6437 ) ) ;
#7632 = ADVANCED_FACE ( 'NONE', ( #6547 ), #4510, .T. ) ;
#7634 = DIRECTION ( 'NONE',  ( 0.000000000000000000, 1.000000000000000000, 0.000000000000000000 ) ) ;
#7635 = ORIENTED_EDGE ( 'NONE', *, *, #1012, .T. ) ;
#7636 = ORIENTED_EDGE ( 'NONE', *, *, #5552, .T. ) ;
#7637 = ORIENTED_EDGE ( 'NONE', *, *, #4110, .T. ) ;
#7638 = CARTESIAN_POINT ( 'NONE',  ( 0.7819085696261557361, -1.469999999999999529, 5.824500735880293156 ) ) ;
#7639 = AXIS2_PLACEMENT_3D ( 'NONE', #4941, #6492, #192 ) ;
#7640 = ORIENTED_EDGE ( 'NONE', *, *, #4201, .F. ) ;
#7641 = CARTESIAN_POINT ( 'NONE',  ( 2.082976094462156258, -1.469999999999999973, 5.511937002308097355 ) ) ;
#7642 = CARTESIAN_POINT ( 'NONE',  ( -2.462536858378067350, -2.799999999999999378, 5.659658746414524266 ) ) ;
#7643 = DIRECTION ( 'NONE',  ( -1.000000000000000000, 0.000000000000000000, -0.000000000000000000 ) ) ;
#7644 =( LENGTH_UNIT ( ) NAMED_UNIT ( * ) SI_UNIT ( .MILLI., .METRE. ) );
#7645 = SURFACE_STYLE_USAGE ( .BOTH. , #1425 ) ;
#7646 = VERTEX_POINT ( 'NONE', #6142 ) ;
#7647 = CARTESIAN_POINT ( 'NONE',  ( -0.8331330128205131080, -1.469999999999999973, 5.499999999999988454 ) ) ;
#7648 = CARTESIAN_POINT ( 'NONE',  ( 3.142333204958820020E-14, -2.799999999999999822, 4.500000000000000000 ) ) ;
#7649 = ADVANCED_FACE ( 'NONE', ( #6966 ), #4774, .T. ) ;
#7650 = DIRECTION ( 'NONE',  ( -1.000000000000000000, 0.000000000000000000, 0.000000000000000000 ) ) ;
#7651 = ORIENTED_EDGE ( 'NONE', *, *, #3621, .F. ) ;
#7652 = CARTESIAN_POINT ( 'NONE',  ( -2.544070512820513219, -1.469999999999999973, 5.628205128205116203 ) ) ;
#7653 = VERTEX_POINT ( 'NONE', #7663 ) ;
#7654 = CARTESIAN_POINT ( 'NONE',  ( 1.930889423076922684, -1.469999999999999973, 6.499999999999988454 ) ) ;
#7655 = VECTOR ( 'NONE', #5526, 1000.000000000000000 ) ;
#7656 = PRESENTATION_STYLE_ASSIGNMENT (( #2725 ) ) ;
#7657 =( LENGTH_UNIT ( ) NAMED_UNIT ( * ) SI_UNIT ( .MILLI., .METRE. ) );
#7658 = ORIENTED_EDGE ( 'NONE', *, *, #6128, .F. ) ;
#7659 = SURFACE_SIDE_STYLE ('',( #7787 ) ) ;
#7660 = EDGE_CURVE ( 'NONE', #2599, #2501, #611, .T. ) ;
#7661 = CARTESIAN_POINT ( 'NONE',  ( 0.9499827433329753879, -2.799999999999999378, 5.672356562299778027 ) ) ;
#7662 = DIRECTION ( 'NONE',  ( -0.7071067811865414665, 0.000000000000000000, 0.7071067811865536790 ) ) ;
#7663 = CARTESIAN_POINT ( 'NONE',  ( 1.699999999995820854, -0.2999999999999999334, 0.9000000000041751269 ) ) ;
#7664 = CARTESIAN_POINT ( 'NONE',  ( 2.160953259163421958, -1.469999999999999973, 5.535807171497254764 ) ) ;
#7665 = FACE_BOUND ( 'NONE', #4832, .T. ) ;
#7666 = EDGE_CURVE ( 'NONE', #8914, #6925, #3480, .T. ) ;
#7667 = FILL_AREA_STYLE ('',( #2682 ) ) ;
#7668 = CARTESIAN_POINT ( 'NONE',  ( -1.953597252502870196, -2.799999999999998934, 5.374096926606503288 ) ) ;
#7669 = AXIS2_PLACEMENT_3D ( 'NONE', #5583, #6315, #1977 ) ;
#7670 = FACE_OUTER_BOUND ( 'NONE', #1667, .T. ) ;
#7671 = MECHANICAL_DESIGN_GEOMETRIC_PRESENTATION_REPRESENTATION (  '', ( #2949 ), #8244 ) ;
#7672 = UNCERTAINTY_MEASURE_WITH_UNIT (LENGTH_MEASURE( 1.000000000000000082E-05 ), #3598, 'distance_accuracy_value', 'NONE');
#7673 = PLANE ( 'NONE',  #3602 ) ;
#7674 = ORIENTED_EDGE ( 'NONE', *, *, #2581, .F. ) ;
#7675 = FACE_OUTER_BOUND ( 'NONE', #8025, .T. ) ;
#7676 = ORIENTED_EDGE ( 'NONE', *, *, #3950, .F. ) ;
#7677 = VERTEX_POINT ( 'NONE', #1266 ) ;
#7678 = SURFACE_STYLE_USAGE ( .BOTH. , #5769 ) ;
#7679 = EDGE_CURVE ( 'NONE', #480, #4880, #9042, .T. ) ;
#7680 = CYLINDRICAL_SURFACE ( 'NONE', #3873, 0.7000000000000000666 ) ;
#7681 = ORIENTED_EDGE ( 'NONE', *, *, #7468, .T. ) ;
#7682 = PRESENTATION_STYLE_ASSIGNMENT (( #4876 ) ) ;
#7683 = PRESENTATION_LAYER_ASSIGNMENT (  '', '', ( #4581 ) ) ;
#7684 = MECHANICAL_DESIGN_GEOMETRIC_PRESENTATION_REPRESENTATION (  '', ( #7952 ), #4894 ) ;
#7685 = CARTESIAN_POINT ( 'NONE',  ( -2.530216536019379348, -1.469999999999999973, 6.242662794447911168 ) ) ;
#7686 = CARTESIAN_POINT ( 'NONE',  ( -2.631347909669556007, -2.800000000000000266, 5.658861828003776573 ) ) ;
#7687 =( NAMED_UNIT ( * ) SI_UNIT ( $, .STERADIAN. ) SOLID_ANGLE_UNIT ( ) );
#7688 = ORIENTED_EDGE ( 'NONE', *, *, #7557, .T. ) ;
#7689 = CARTESIAN_POINT ( 'NONE',  ( 1.941706730769231060, -1.470000000000000417, 5.499999999999989342 ) ) ;
#7690 =( NAMED_UNIT ( * ) SI_UNIT ( $, .STERADIAN. ) SOLID_ANGLE_UNIT ( ) );
#7691 = PRESENTATION_LAYER_ASSIGNMENT (  '', '', ( #4015 ) ) ;
#7692 = STYLED_ITEM ( 'NONE', ( #559 ), #1984 ) ;
#7693 = EDGE_LOOP ( 'NONE', ( #3492, #5981, #8382, #3446 ) ) ;
#7694 = SURFACE_STYLE_FILL_AREA ( #4115 ) ;
#7695 = AXIS2_PLACEMENT_3D ( 'NONE', #4983, #7131, #149 ) ;
#7696 = DIRECTION ( 'NONE',  ( 1.000000000000000000, 0.000000000000000000, 0.000000000000000000 ) ) ;
#7697 = CARTESIAN_POINT ( 'NONE',  ( -2.544070512820513219, -2.799999999999999822, 5.628205128205116203 ) ) ;
#7698 = ORIENTED_EDGE ( 'NONE', *, *, #244, .F. ) ;
#7699 = CARTESIAN_POINT ( 'NONE',  ( 2.120192307692307931, -2.799999999999999822, 6.480969551282039554 ) ) ;
#7700 = VECTOR ( 'NONE', #2302, 1000.000000000000000 ) ;
#7701 = LINE ( 'NONE', #2985, #7269 ) ;
#7702 = LINE ( 'NONE', #8428, #3892 ) ;
#7703 = ORIENTED_EDGE ( 'NONE', *, *, #3362, .F. ) ;
#7704 = FACE_OUTER_BOUND ( 'NONE', #1755, .T. ) ;
#7705 = STYLED_ITEM ( 'NONE', ( #3536 ), #4377 ) ;
#7706 = CARTESIAN_POINT ( 'NONE',  ( -2.702580775642764888, -2.799999999999999378, 5.931500145280590885 ) ) ;
#7707 = CARTESIAN_POINT ( 'NONE',  ( 0.8814922421803338404, -1.469999999999999529, 5.568057574441658275 ) ) ;
#7708 = CARTESIAN_POINT ( 'NONE',  ( 2.357570481785493666, -2.800000000000000266, 5.751180901941307155 ) ) ;
#7709 = LINE ( 'NONE', #1492, #3464 ) ;
#7710 = SURFACE_SIDE_STYLE ('',( #5598 ) ) ;
#7711 = CARTESIAN_POINT ( 'NONE',  ( -0.3987158048003264788, 1.989949493661168356, 1.434314575050818608 ) ) ;
#7712 =( GEOMETRIC_REPRESENTATION_CONTEXT ( 3 ) GLOBAL_UNCERTAINTY_ASSIGNED_CONTEXT ( ( #6379 ) ) GLOBAL_UNIT_ASSIGNED_CONTEXT ( ( #5571, #684, #4198 ) ) REPRESENTATION_CONTEXT ( 'NONE', 'WORKASPACE' ) );
#7713 =( LENGTH_UNIT ( ) NAMED_UNIT ( * ) SI_UNIT ( .MILLI., .METRE. ) );
#7714 = LINE ( 'NONE', #2211, #5389 ) ;
#7715 = MECHANICAL_DESIGN_GEOMETRIC_PRESENTATION_REPRESENTATION (  '', ( #667 ), #4049 ) ;
#7716 = ORIENTED_EDGE ( 'NONE', *, *, #6387, .F. ) ;
#7717 = ORIENTED_EDGE ( 'NONE', *, *, #3345, .T. ) ;
#7718 = PLANE ( 'NONE',  #8869 ) ;
#7719 = ORIENTED_EDGE ( 'NONE', *, *, #2830, .F. ) ;
#7720 =( NAMED_UNIT ( * ) SI_UNIT ( $, .STERADIAN. ) SOLID_ANGLE_UNIT ( ) );
#7721 = CARTESIAN_POINT ( 'NONE',  ( 3.300000000010828050, 0.3000000000000003775, 0.9000000000107987175 ) ) ;
#7722 = EDGE_CURVE ( 'NONE', #1133, #2915, #6283, .T. ) ;
#7723 =( GEOMETRIC_REPRESENTATION_CONTEXT ( 3 ) GLOBAL_UNCERTAINTY_ASSIGNED_CONTEXT ( ( #7384 ) ) GLOBAL_UNIT_ASSIGNED_CONTEXT ( ( #7657, #4853, #1347 ) ) REPRESENTATION_CONTEXT ( 'NONE', 'WORKASPACE' ) );
#7724 = VECTOR ( 'NONE', #5284, 1000.000000000000000 ) ;
#7725 = CARTESIAN_POINT ( 'NONE',  ( 2.381719398769909457, -1.470000000000000417, 5.825287207199517425 ) ) ;
#7726 = EDGE_CURVE ( 'NONE', #782, #2501, #4078, .T. ) ;
#7727 = LINE ( 'NONE', #3750, #7067 ) ;
#7728 = VERTEX_POINT ( 'NONE', #4724 ) ;
#7729 = CARTESIAN_POINT ( 'NONE',  ( -1.549999999999950306, -0.2999999999999999334, 1.050000000000010481 ) ) ;
#7730 = EDGE_LOOP ( 'NONE', ( #6523, #8582, #5002, #7543 ) ) ;
#7731 = CARTESIAN_POINT ( 'NONE',  ( 1.756410256410256165, -1.469999999999999973, 5.666666666666654528 ) ) ;
#7732 = DIRECTION ( 'NONE',  ( -6.982962677686266711E-15, 0.000000000000000000, -1.000000000000000000 ) ) ;
#7733 = ORIENTED_EDGE ( 'NONE', *, *, #3382, .T. ) ;
#7734 = EDGE_CURVE ( 'NONE', #3581, #4506, #2736, .T. ) ;
#7735 = CARTESIAN_POINT ( 'NONE',  ( -2.491185897435898688, -1.470000000000000417, 5.487179487179476567 ) ) ;
#7736 = CARTESIAN_POINT ( 'NONE',  ( -2.581638013853498226, -1.470000000000000417, 5.632840499356188246 ) ) ;
#7737 = VERTEX_POINT ( 'NONE', #3370 ) ;
#7738 = SURFACE_SIDE_STYLE ('',( #736 ) ) ;
#7739 = CARTESIAN_POINT ( 'NONE',  ( 0.5266487180373409238, -1.469999999999999973, 5.812671867135252413 ) ) ;
#7740 = VECTOR ( 'NONE', #542, 1000.000000000000000 ) ;
#7741 = CARTESIAN_POINT ( 'NONE',  ( 5.000000000000031086, 1.699999999999999734, 4.499999999999965361 ) ) ;
#7742 = PRESENTATION_LAYER_ASSIGNMENT (  '', '', ( #5692 ) ) ;
#7743 = CARTESIAN_POINT ( 'NONE',  ( 0.9743589743589740060, -1.469999999999999973, 6.499999999999988454 ) ) ;
#7744 = FILL_AREA_STYLE_COLOUR ( '', #8851 ) ;
#7745 = CARTESIAN_POINT ( 'NONE',  ( 0.6422275641025636528, -1.469999999999999973, 5.487179487179475679 ) ) ;
#7746 = LINE ( 'NONE', #4128, #1192 ) ;
#7747 = LINE ( 'NONE', #4275, #6982 ) ;
#7748 = VECTOR ( 'NONE', #2469, 1000.000000000000000 ) ;
#7749 = CARTESIAN_POINT ( 'NONE',  ( -4.887499999999966427, -0.2999999999999999334, 4.500000000000033751 ) ) ;
#7750 = DIRECTION ( 'NONE',  ( -1.000000000000000000, 0.000000000000000000, -0.000000000000000000 ) ) ;
#7751 = DIRECTION ( 'NONE',  ( -0.000000000000000000, -1.000000000000000000, -0.000000000000000000 ) ) ;
#7752 = VECTOR ( 'NONE', #3212, 1000.000000000000114 ) ;
#7753 = DIRECTION ( 'NONE',  ( -0.000000000000000000, -1.000000000000000000, -0.000000000000000000 ) ) ;
#7754 = EDGE_CURVE ( 'NONE', #8156, #1884, #8994, .T. ) ;
#7755 = UNCERTAINTY_MEASURE_WITH_UNIT (LENGTH_MEASURE( 1.000000000000000082E-05 ), #7191, 'distance_accuracy_value', 'NONE');
#7756 = SURFACE_SIDE_STYLE ('',( #5776 ) ) ;
#7757 = STYLED_ITEM ( 'NONE', ( #5361 ), #7438 ) ;
#7758 = ORIENTED_EDGE ( 'NONE', *, *, #8099, .F. ) ;
#7759 = MECHANICAL_DESIGN_GEOMETRIC_PRESENTATION_REPRESENTATION (  '', ( #5405 ), #3344 ) ;
#7760 = FILL_AREA_STYLE ('',( #1542 ) ) ;
#7761 = EDGE_CURVE ( 'NONE', #3474, #6174, #1989, .T. ) ;
#7762 = PLANE ( 'NONE',  #1393 ) ;
#7763 = SURFACE_STYLE_FILL_AREA ( #5607 ) ;
#7764 = ORIENTED_EDGE ( 'NONE', *, *, #2242, .T. ) ;
#7765 = SURFACE_STYLE_FILL_AREA ( #8490 ) ;
#7766 =( NAMED_UNIT ( * ) PLANE_ANGLE_UNIT ( ) SI_UNIT ( $, .RADIAN. ) );
#7767 = FACE_OUTER_BOUND ( 'NONE', #2314, .T. ) ;
#7768 = STYLED_ITEM ( 'NONE', ( #3657 ), #2091 ) ;
#7769 = DIRECTION ( 'NONE',  ( -6.982962677686266711E-15, 0.000000000000000000, -1.000000000000000000 ) ) ;
#7770 = VERTEX_POINT ( 'NONE', #4364 ) ;
#7771 = FACE_OUTER_BOUND ( 'NONE', #172, .T. ) ;
#7772 = DIRECTION ( 'NONE',  ( 0.000000000000000000, 0.000000000000000000, -1.000000000000000000 ) ) ;
#7773 = ADVANCED_FACE ( 'NONE', ( #5596 ), #2206, .T. ) ;
#7774 = VERTEX_POINT ( 'NONE', #2083 ) ;
#7775 = CARTESIAN_POINT ( 'NONE',  ( -2.899999999999926636, 0.3000000000000003775, 4.500000000000019540 ) ) ;
#7776 = LINE ( 'NONE', #1471, #383 ) ;
#7777 = VERTEX_POINT ( 'NONE', #7174 ) ;
#7778 = VECTOR ( 'NONE', #5278, 1000.000000000000000 ) ;
#7779 = DIRECTION ( 'NONE',  ( -1.000000000000000000, 0.000000000000000000, 6.982962677686266711E-15 ) ) ;
#7780 = FILL_AREA_STYLE ('',( #6955 ) ) ;
#7781 = ORIENTED_EDGE ( 'NONE', *, *, #7149, .F. ) ;
#7782 = DIRECTION ( 'NONE',  ( -0.000000000000000000, -1.000000000000000000, 0.000000000000000000 ) ) ;
#7783 = CARTESIAN_POINT ( 'NONE',  ( 0.7139637364782059903, -1.470000000000000862, 5.663109626171440425 ) ) ;
#7784 = DIRECTION ( 'NONE',  ( -1.000000000000000000, 0.000000000000000000, 6.982962677686266711E-15 ) ) ;
#7785 = DIRECTION ( 'NONE',  ( 1.000000000000000000, 0.000000000000000000, -0.000000000000000000 ) ) ;
#7786 = EDGE_CURVE ( 'NONE', #8734, #8312, #833, .T. ) ;
#7787 = SURFACE_STYLE_FILL_AREA ( #658 ) ;
#7788 = SURFACE_SIDE_STYLE ('',( #5590 ) ) ;
#7789 = FILL_AREA_STYLE ('',( #7744 ) ) ;
#7790 = CARTESIAN_POINT ( 'NONE',  ( -2.051614842506959135, -2.799999999999999378, 5.361039149196423104 ) ) ;
#7791 = DIRECTION ( 'NONE',  ( -0.9395073567378918744, 0.000000000000000000, 0.3425287238106894949 ) ) ;
#7792 = CARTESIAN_POINT ( 'NONE',  ( -0.5576923076923080425, -1.469999999999999973, 6.256410256410244841 ) ) ;
#7793 = CARTESIAN_POINT ( 'NONE',  ( 2.366987179487179294, -2.799999999999999822, 5.777644230769219291 ) ) ;
#7794 = CARTESIAN_POINT ( 'NONE',  ( -2.083146003177533068, -1.470000000000000417, 5.366584662290326158 ) ) ;
#7795 = CARTESIAN_POINT ( 'NONE',  ( 5.000000000000096811, 1.699999999999999734, 13.89999999999996483 ) ) ;
#7796 = SURFACE_STYLE_FILL_AREA ( #4989 ) ;
#7797 = CARTESIAN_POINT ( 'NONE',  ( 1.600000000000017408, -0.2999999999999999334, 2.499999999999988454 ) ) ;
#7798 = COLOUR_RGB ( '',0.1019607843137254888, 0.1019607843137254888, 0.1019607843137254888 ) ;
#7799 =( LENGTH_UNIT ( ) NAMED_UNIT ( * ) SI_UNIT ( .MILLI., .METRE. ) );
#7800 = STYLED_ITEM ( 'NONE', ( #887 ), #385 ) ;
#7801 = ORIENTED_EDGE ( 'NONE', *, *, #8932, .T. ) ;
#7802 = LINE ( 'NONE', #1457, #6002 ) ;
#7803 = VECTOR ( 'NONE', #8966, 1000.000000000000000 ) ;
#7804 = ORIENTED_EDGE ( 'NONE', *, *, #6144, .F. ) ;
#7805 = AXIS2_PLACEMENT_3D ( 'NONE', #1121, #5874, #1021 ) ;
#7806 = CARTESIAN_POINT ( 'NONE',  ( -0.6885016025641029769, -1.469999999999999973, 5.897435897435885366 ) ) ;
#7807 = B_SPLINE_CURVE_WITH_KNOTS ( 'NONE', 3,
 ( #4399, #8682, #4526, #5857, #2318, #5145, #1642, #3819, #4480, #5236, #8034 ),
 .UNSPECIFIED., .F., .F.,
 ( 4, 1, 1, 1, 1, 1, 1, 1, 4 ),
 ( 0.000000000000000000, 0.1564524951191642310, 0.3035971985465834022, 0.4415157561239339556, 0.5704044462370102542, 0.6904630664119075778, 0.8015675108626133527, 0.9053004393542827266, 0.9999999999999998890 ),
 .UNSPECIFIED. ) ;
#7808 = ORIENTED_EDGE ( 'NONE', *, *, #1476, .F. ) ;
#7809 = ORIENTED_EDGE ( 'NONE', *, *, #2098, .F. ) ;
#7810 = PRESENTATION_STYLE_ASSIGNMENT (( #53 ) ) ;
#7811 = VECTOR ( 'NONE', #6328, 1000.000000000000000 ) ;
#7812 = SURFACE_STYLE_FILL_AREA ( #214 ) ;
#7813 = AXIS2_PLACEMENT_3D ( 'NONE', #4756, #3463, #8374 ) ;
#7814 = FILL_AREA_STYLE ('',( #5009 ) ) ;
#7815 = ORIENTED_EDGE ( 'NONE', *, *, #4349, .F. ) ;
#7816 =( NAMED_UNIT ( * ) PLANE_ANGLE_UNIT ( ) SI_UNIT ( $, .RADIAN. ) );
#7817 = CARTESIAN_POINT ( 'NONE',  ( 3.300000000000032241, 0.3000000000000003775, 4.599999999999976552 ) ) ;
#7818 = ORIENTED_EDGE ( 'NONE', *, *, #6573, .F. ) ;
#7819 = DIRECTION ( 'NONE',  ( 1.000000000000000000, 0.000000000000000000, 0.000000000000000000 ) ) ;
#7820 = AXIS2_PLACEMENT_3D ( 'NONE', #8450, #4288, #3493 ) ;
#7821 = LINE ( 'NONE', #8667, #1640 ) ;
#7822 =( LENGTH_UNIT ( ) NAMED_UNIT ( * ) SI_UNIT ( .MILLI., .METRE. ) );
#7823 = DIRECTION ( 'NONE',  ( 1.000000000000000000, 0.000000000000000000, -6.982962677686266711E-15 ) ) ;
#7824 = CARTESIAN_POINT ( 'NONE',  ( 1.756410256410256165, -1.469999999999999973, 6.333333333333321491 ) ) ;
#7825 = ADVANCED_FACE ( 'NONE', ( #8559 ), #2165, .T. ) ;
#7826 = LINE ( 'NONE', #7170, #86 ) ;
#7827 = STYLED_ITEM ( 'NONE', ( #242 ), #5541 ) ;
#7828 = CARTESIAN_POINT ( 'NONE',  ( -2.705128205128205288, -2.799999999999998934, 5.879206730769219291 ) ) ;
#7829 = FACE_OUTER_BOUND ( 'NONE', #5319, .T. ) ;
#7830 =( GEOMETRIC_REPRESENTATION_CONTEXT ( 3 ) GLOBAL_UNCERTAINTY_ASSIGNED_CONTEXT ( ( #3438 ) ) GLOBAL_UNIT_ASSIGNED_CONTEXT ( ( #8660, #2342, #7184 ) ) REPRESENTATION_CONTEXT ( 'NONE', 'WORKASPACE' ) );
#7831 = SURFACE_STYLE_USAGE ( .BOTH. , #7215 ) ;
#7832 = DIRECTION ( 'NONE',  ( 6.982962677686266711E-15, 0.000000000000000000, 1.000000000000000000 ) ) ;
#7833 = PRESENTATION_STYLE_ASSIGNMENT (( #7678 ) ) ;
#7834 = DIRECTION ( 'NONE',  ( 1.000000000000000000, 0.000000000000000000, 0.000000000000000000 ) ) ;
#7835 = EDGE_CURVE ( 'NONE', #5137, #2811, #2869, .T. ) ;
#7836 = CARTESIAN_POINT ( 'NONE',  ( -2.051614842506959135, -1.469999999999999529, 5.361039149196423104 ) ) ;
#7837 = EDGE_CURVE ( 'NONE', #3728, #5035, #4319, .T. ) ;
#7838 = CARTESIAN_POINT ( 'NONE',  ( 2.277537807534983028, -2.799999999999999378, 5.618422253502447283 ) ) ;
#7839 = CARTESIAN_POINT ( 'NONE',  ( -2.899999999999982148, 0.3000000000000003775, -3.499999999999980016 ) ) ;
#7840 = PRESENTATION_LAYER_ASSIGNMENT (  '', '', ( #7705 ) ) ;
#7841 = B_SPLINE_CURVE_WITH_KNOTS ( 'NONE', 3,
 ( #2743, #1497, #7053, #5688, #6378, #76, #5557, #4863, #4184, #6971, #8566, #7223, #3745, #2997, #8697, #4447, #2251, #156, #926, #7180, #199, #5822, #5774 ),
 .UNSPECIFIED., .F., .F.,
 ( 4, 1, 1, 1, 1, 1, 1, 1, 1, 1, 1, 1, 1, 1, 1, 1, 1, 1, 1, 1, 4 ),
 ( 0.000000000000000000, 0.03727622676436652405, 0.07388102071793181680, 0.1103545287143086751, 0.1467232662714361702, 0.1828966250903324153, 0.2192173669319843754, 0.2559336817917079454, 0.2930575088463319711, 0.3682687811898583963, 0.4447364886886378543, 0.5234468212464665759, 0.6049973803061213795, 0.6475045893007714826, 0.6917904955187582638, 0.7379614364513359392, 0.7861112620758208269, 0.8363227274274199763, 0.8886688105842219798, 0.9431989293048109735, 1.000000000000000000 ),
 .UNSPECIFIED. ) ;
#7842 = DIRECTION ( 'NONE',  ( 6.982962677686266711E-15, 0.000000000000000000, 1.000000000000000000 ) ) ;
#7843 = ORIENTED_EDGE ( 'NONE', *, *, #6419, .F. ) ;
#7844 = EDGE_CURVE ( 'NONE', #1150, #6645, #2886, .T. ) ;
#7845 = AXIS2_PLACEMENT_3D ( 'NONE', #5462, #2541, #4785 ) ;
#7846 = CARTESIAN_POINT ( 'NONE',  ( 1.745740669417621426E-14, -0.2999999999999999334, 2.499999999994350297 ) ) ;
#7847 = ORIENTED_EDGE ( 'NONE', *, *, #646, .F. ) ;
#7848 = DIRECTION ( 'NONE',  ( 0.000000000000000000, -1.000000000000000000, 0.000000000000000000 ) ) ;
#7849 = AXIS2_PLACEMENT_3D ( 'NONE', #5042, #7151, #852 ) ;
#7850 = CARTESIAN_POINT ( 'NONE',  ( -1.678886217948718507, -2.799999999999999822, 5.533854166666654528 ) ) ;
#7851 = LINE ( 'NONE', #4379, #1445 ) ;
#7852 = EDGE_LOOP ( 'NONE', ( #6647, #7211, #8122, #3342 ) ) ;
#7853 =( NAMED_UNIT ( * ) PLANE_ANGLE_UNIT ( ) SI_UNIT ( $, .RADIAN. ) );
#7854 = MECHANICAL_DESIGN_GEOMETRIC_PRESENTATION_REPRESENTATION (  '', ( #4646 ), #3891 ) ;
#7855 =( NAMED_UNIT ( * ) SI_UNIT ( $, .STERADIAN. ) SOLID_ANGLE_UNIT ( ) );
#7856 = ORIENTED_EDGE ( 'NONE', *, *, #6387, .T. ) ;
#7857 = CARTESIAN_POINT ( 'NONE',  ( -0.3987158048003294764, 1.565685424949240012, 1.010050506338890042 ) ) ;
#7858 = ORIENTED_EDGE ( 'NONE', *, *, #8691, .T. ) ;
#7859 = CARTESIAN_POINT ( 'NONE',  ( -2.704921960810621862, -2.799999999999999822, 5.905962547932809947 ) ) ;
#7860 =( GEOMETRIC_REPRESENTATION_CONTEXT ( 3 ) GLOBAL_UNCERTAINTY_ASSIGNED_CONTEXT ( ( #1422 ) ) GLOBAL_UNIT_ASSIGNED_CONTEXT ( ( #4035, #7466, #9046 ) ) REPRESENTATION_CONTEXT ( 'NONE', 'WORKASPACE' ) );
#7861 = CARTESIAN_POINT ( 'NONE',  ( 2.196937869899151963, -1.469999999999999085, 6.123864048560411888 ) ) ;
#7862 = VERTEX_POINT ( 'NONE', #4443 ) ;
#7863 = EDGE_CURVE ( 'NONE', #6078, #2001, #1609, .T. ) ;
#7864 = LINE ( 'NONE', #1437, #5400 ) ;
#7865 = CARTESIAN_POINT ( 'NONE',  ( -2.563217847720816067, -1.469999999999999973, 5.628806477441380629 ) ) ;
#7866 = ORIENTED_EDGE ( 'NONE', *, *, #7666, .F. ) ;
#7867 = LINE ( 'NONE', #8425, #6027 ) ;
#7868 = DIRECTION ( 'NONE',  ( 1.000000000000000000, -0.000000000000000000, -6.982962677686266711E-15 ) ) ;
#7869 =( NAMED_UNIT ( * ) PLANE_ANGLE_UNIT ( ) SI_UNIT ( $, .RADIAN. ) );
#7870 = VECTOR ( 'NONE', #5802, 1000.000000000000000 ) ;
#7871 = LINE ( 'NONE', #4405, #4333 ) ;
#7872 = EDGE_CURVE ( 'NONE', #4211, #3501, #2412, .T. ) ;
#7873 = CARTESIAN_POINT ( 'NONE',  ( -2.083146003177533068, -2.800000000000000266, 5.366584662290326158 ) ) ;
#7874 = LINE ( 'NONE', #7911, #294 ) ;
#7875 =( GEOMETRIC_REPRESENTATION_CONTEXT ( 3 ) GLOBAL_UNCERTAINTY_ASSIGNED_CONTEXT ( ( #8752 ) ) GLOBAL_UNIT_ASSIGNED_CONTEXT ( ( #6560, #3763, #6650 ) ) REPRESENTATION_CONTEXT ( 'NONE', 'WORKASPACE' ) );
#7876 =( NAMED_UNIT ( * ) SI_UNIT ( $, .STERADIAN. ) SOLID_ANGLE_UNIT ( ) );
#7877 = CARTESIAN_POINT ( 'NONE',  ( 2.160045855460256181, -2.799999999999999822, 5.757929307409899167 ) ) ;
#7878 = CARTESIAN_POINT ( 'NONE',  ( 2.120192307692307931, -1.469999999999999973, 6.480969551282039554 ) ) ;
#7879 = CARTESIAN_POINT ( 'NONE',  ( -0.7999999999999899414, 1.989949493661167468, 1.434314575050821494 ) ) ;
#7880 =( NAMED_UNIT ( * ) PLANE_ANGLE_UNIT ( ) SI_UNIT ( $, .RADIAN. ) );
#7881 = ADVANCED_FACE ( 'NONE', ( #3740 ), #194, .F. ) ;
#7882 = LINE ( 'NONE', #1614, #2745 ) ;
#7883 = VERTEX_POINT ( 'NONE', #6620 ) ;
#7884 = CARTESIAN_POINT ( 'NONE',  ( -2.033816795416035550, -2.799999999999998934, 5.359402630901954012 ) ) ;
#7885 = PRESENTATION_LAYER_ASSIGNMENT (  '', '', ( #5556 ) ) ;
#7886 = DIRECTION ( 'NONE',  ( 0.000000000000000000, 1.000000000000000000, 0.000000000000000000 ) ) ;
#7887 = VECTOR ( 'NONE', #556, 1000.000000000000000 ) ;
#7888 = CARTESIAN_POINT ( 'NONE',  ( 0.7820512820512818264, -1.469999999999999973, 6.499999999999988454 ) ) ;
#7889 = AXIS2_PLACEMENT_3D ( 'NONE', #707, #65, #2079 ) ;
#7890 = VECTOR ( 'NONE', #29, 1000.000000000000000 ) ;
#7891 = VECTOR ( 'NONE', #2525, 1000.000000000000000 ) ;
#7892 = DIRECTION ( 'NONE',  ( -0.3295206721054298460, 0.000000000000000000, -0.9441483605107756638 ) ) ;
#7893 = DIRECTION ( 'NONE',  ( -0.9956342260592881965, -0.09334070869305823026, 6.952476641199060228E-15 ) ) ;
#7894 = ORIENTED_EDGE ( 'NONE', *, *, #4235, .F. ) ;
#7895 = CARTESIAN_POINT ( 'NONE',  ( 1.371794871794872028, -1.469999999999999973, 5.692307692307680966 ) ) ;
#7896 = VERTEX_POINT ( 'NONE', #3875 ) ;
#7897 = ORIENTED_EDGE ( 'NONE', *, *, #5175, .F. ) ;
#7898 =( NAMED_UNIT ( * ) PLANE_ANGLE_UNIT ( ) SI_UNIT ( $, .RADIAN. ) );
#7899 = VERTEX_POINT ( 'NONE', #5813 ) ;
#7900 = DIRECTION ( 'NONE',  ( -6.982962677686266711E-15, 0.000000000000000000, -1.000000000000000000 ) ) ;
#7901 = EDGE_CURVE ( 'NONE', #77, #7988, #2327, .T. ) ;
#7902 = ORIENTED_EDGE ( 'NONE', *, *, #1008, .T. ) ;
#7903 = CARTESIAN_POINT ( 'NONE',  ( -2.534937787028508360, -1.469999999999999973, 6.102227168464152918 ) ) ;
#7904 = EDGE_LOOP ( 'NONE', ( #7552, #2137, #1715, #2024 ) ) ;
#7905 = PLANE ( 'NONE',  #3368 ) ;
#7906 = EDGE_CURVE ( 'NONE', #6236, #7250, #5156, .T. ) ;
#7907 = CARTESIAN_POINT ( 'NONE',  ( 1.973763423819862250, -1.469999999999999529, 5.668020832968368339 ) ) ;
#7908 = VERTEX_POINT ( 'NONE', #5948 ) ;
#7909 = LINE ( 'NONE', #1000, #4002 ) ;
#7910 = CARTESIAN_POINT ( 'NONE',  ( 0.7808532977818640752, -2.800000000000000266, 5.507371008886814856 ) ) ;
#7911 = CARTESIAN_POINT ( 'NONE',  ( -4.999999999999962697, 1.700000000000000622, 4.600000000000034284 ) ) ;
#7912 = DIRECTION ( 'NONE',  ( -0.000000000000000000, -1.000000000000000000, 0.000000000000000000 ) ) ;
#7913 = CARTESIAN_POINT ( 'NONE',  ( 0.3379718385192783114, -2.800000000000000266, 5.744186234159380788 ) ) ;
#7914 = CARTESIAN_POINT ( 'NONE',  ( -1.886040142615046156, -2.799999999999999822, 5.228511371669982033 ) ) ;
#7915 = CARTESIAN_POINT ( 'NONE',  ( -2.397435897435897800, -2.799999999999999822, 5.860777243589732066 ) ) ;
#7916 = CARTESIAN_POINT ( 'NONE',  ( 2.325914177578413344, -2.799999999999998490, 6.315360043339739882 ) ) ;
#7917 = UNCERTAINTY_MEASURE_WITH_UNIT (LENGTH_MEASURE( 1.000000000000000082E-05 ), #3061, 'distance_accuracy_value', 'NONE');
#7918 =( GEOMETRIC_REPRESENTATION_CONTEXT ( 3 ) GLOBAL_UNCERTAINTY_ASSIGNED_CONTEXT ( ( #4910 ) ) GLOBAL_UNIT_ASSIGNED_CONTEXT ( ( #4433, #5018, #4353 ) ) REPRESENTATION_CONTEXT ( 'NONE', 'WORKASPACE' ) );
#7919 = FACE_OUTER_BOUND ( 'NONE', #6526, .T. ) ;
#7920 = CARTESIAN_POINT ( 'NONE',  ( -2.016626602564103088, -2.799999999999999822, 5.358974358974347929 ) ) ;
#7921 = LINE ( 'NONE', #5259, #2643 ) ;
#7922 =( NAMED_UNIT ( * ) PLANE_ANGLE_UNIT ( ) SI_UNIT ( $, .RADIAN. ) );
#7923 = CARTESIAN_POINT ( 'NONE',  ( 2.182464816906516614, -2.799999999999998490, 6.183595419584982267 ) ) ;
#7924 = DIRECTION ( 'NONE',  ( -0.3292258450048243246, 0.000000000000000000, -0.9442512075612397027 ) ) ;
#7925 = AXIS2_PLACEMENT_3D ( 'NONE', #4881, #1383, #4206 ) ;
#7926 =( GEOMETRIC_REPRESENTATION_CONTEXT ( 3 ) GLOBAL_UNCERTAINTY_ASSIGNED_CONTEXT ( ( #4655 ) ) GLOBAL_UNIT_ASSIGNED_CONTEXT ( ( #3228, #2632, #7569 ) ) REPRESENTATION_CONTEXT ( 'NONE', 'WORKASPACE' ) );
#7927 =( NAMED_UNIT ( * ) PLANE_ANGLE_UNIT ( ) SI_UNIT ( $, .RADIAN. ) );
#7928 = ADVANCED_FACE ( 'NONE', ( #961 ), #1734, .T. ) ;
#7929 = EDGE_CURVE ( 'NONE', #4797, #573, #2722, .T. ) ;
#7930 = FACE_OUTER_BOUND ( 'NONE', #676, .T. ) ;
#7931 = COLOUR_RGB ( '',0.8980392156862745390, 0.8980392156862745390, 0.8980392156862745390 ) ;
#7932 = ORIENTED_EDGE ( 'NONE', *, *, #5957, .T. ) ;
#7933 = CARTESIAN_POINT ( 'NONE',  ( 2.050944963706933244, -1.469999999999999973, 5.678490683959982022 ) ) ;
#7934 = ORIENTED_EDGE ( 'NONE', *, *, #4054, .F. ) ;
#7935 = CARTESIAN_POINT ( 'NONE',  ( -2.406666056365735606, -1.470000000000000417, 5.500626670487795522 ) ) ;
#7936 =( GEOMETRIC_REPRESENTATION_CONTEXT ( 3 ) GLOBAL_UNCERTAINTY_ASSIGNED_CONTEXT ( ( #5273 ) ) GLOBAL_UNIT_ASSIGNED_CONTEXT ( ( #2164, #2240, #6494 ) ) REPRESENTATION_CONTEXT ( 'NONE', 'WORKASPACE' ) );
#7937 = FACE_OUTER_BOUND ( 'NONE', #3946, .T. ) ;
#7938 = DIRECTION ( 'NONE',  ( -1.000000000000000000, 0.000000000000000000, 0.000000000000000000 ) ) ;
#7939 = ORIENTED_EDGE ( 'NONE', *, *, #2445, .F. ) ;
#7940 = FILL_AREA_STYLE ('',( #7388 ) ) ;
#7941 = ADVANCED_FACE ( 'NONE', ( #2029 ), #1830, .T. ) ;
#7942 = EDGE_LOOP ( 'NONE', ( #3814, #8954, #1759, #5568 ) ) ;
#7943 = LINE ( 'NONE', #6525, #3987 ) ;
#7944 = ORIENTED_EDGE ( 'NONE', *, *, #1978, .F. ) ;
#7945 = FACE_OUTER_BOUND ( 'NONE', #3268, .T. ) ;
#7946 = STYLED_ITEM ( 'NONE', ( #2241 ), #7773 ) ;
#7947 =( GEOMETRIC_REPRESENTATION_CONTEXT ( 3 ) GLOBAL_UNCERTAINTY_ASSIGNED_CONTEXT ( ( #8784 ) ) GLOBAL_UNIT_ASSIGNED_CONTEXT ( ( #6490, #8829, #3356 ) ) REPRESENTATION_CONTEXT ( 'NONE', 'WORKASPACE' ) );
#7948 = DIRECTION ( 'NONE',  ( -1.000000000000000000, 0.000000000000000000, 7.377218013139006875E-15 ) ) ;
#7949 = ORIENTED_EDGE ( 'NONE', *, *, #1730, .T. ) ;
#7950 = CARTESIAN_POINT ( 'NONE',  ( 5.000000000000032863, -1.499999999999999778, 4.499999999999966249 ) ) ;
#7951 = LINE ( 'NONE', #8831, #1293 ) ;
#7952 = STYLED_ITEM ( 'NONE', ( #7810 ), #6041 ) ;
#7953 = PLANE ( 'NONE',  #1488 ) ;
#7954 = CARTESIAN_POINT ( 'NONE',  ( 2.900000000000003908, 0.3000000000000003775, 0.4999999999999792943 ) ) ;
#7955 = CARTESIAN_POINT ( 'NONE',  ( 2.173339346766290259, -2.799999999999999378, 5.784745588996236698 ) ) ;
#7956 = DIRECTION ( 'NONE',  ( -1.000000000000000000, 0.000000000000000000, 0.000000000000000000 ) ) ;
#7957 = SURFACE_STYLE_USAGE ( .BOTH. , #3922 ) ;
#7958 = CARTESIAN_POINT ( 'NONE',  ( -1.928831376666023667, -2.800000000000000266, 5.220622797663568626 ) ) ;
#7959 = CARTESIAN_POINT ( 'NONE',  ( -2.476151592709020743, -2.799999999999999378, 6.080505565224945563 ) ) ;
#7960 = AXIS2_PLACEMENT_3D ( 'NONE', #5502, #6093, #5402 ) ;
#7961 = DIRECTION ( 'NONE',  ( -4.220057933370567808E-14, -1.000000000000000000, -2.105575309033261133E-12 ) ) ;
#7962 = CARTESIAN_POINT ( 'NONE',  ( -2.076923076923077538, -2.799999999999999822, 5.228565705128193741 ) ) ;
#7963 = EDGE_CURVE ( 'NONE', #629, #1518, #8336, .T. ) ;
#7964 = CARTESIAN_POINT ( 'NONE',  ( 1.851562499999999556, -2.799999999999999822, 6.333333333333321491 ) ) ;
#7965 = MECHANICAL_DESIGN_GEOMETRIC_PRESENTATION_REPRESENTATION (  '', ( #780 ), #4028 ) ;
#7966 = CARTESIAN_POINT ( 'NONE',  ( 2.202344656421405755, -2.799999999999998046, 6.079033404500743920 ) ) ;
#7967 = DIRECTION ( 'NONE',  ( -0.000000000000000000, -1.000000000000000000, -0.000000000000000000 ) ) ;
#7968 = PRESENTATION_LAYER_ASSIGNMENT (  '', '', ( #784 ) ) ;
#7969 =( LENGTH_UNIT ( ) NAMED_UNIT ( * ) SI_UNIT ( .MILLI., .METRE. ) );
#7970 = VECTOR ( 'NONE', #1863, 1000.000000000000000 ) ;
#7971 = EDGE_LOOP ( 'NONE', ( #7698, #3159, #809, #3626 ) ) ;
#7972 = CARTESIAN_POINT ( 'NONE',  ( 1.979379456034673357, -1.470000000000001306, 6.329618897214461803 ) ) ;
#7973 = PRODUCT_CONTEXT ( 'NONE', #2585, 'mechanical' ) ;
#7974 = VERTEX_POINT ( 'NONE', #7551 ) ;
#7975 = CARTESIAN_POINT ( 'NONE',  ( -2.205990352625075257, -2.799999999999999378, 5.828589139551199061 ) ) ;
#7976 = EDGE_CURVE ( 'NONE', #695, #8160, #3262, .T. ) ;
#7977 = EDGE_CURVE ( 'NONE', #2976, #4506, #8234, .T. ) ;
#7978 = CARTESIAN_POINT ( 'NONE',  ( -2.530216536019379348, -1.469999999999999973, 6.242662794447911168 ) ) ;
#7979 = EDGE_LOOP ( 'NONE', ( #4835, #2447, #4466, #8591 ) ) ;
#7980 = DIRECTION ( 'NONE',  ( 6.982962677686266711E-15, 0.000000000000000000, 1.000000000000000000 ) ) ;
#7981 = SURFACE_STYLE_USAGE ( .BOTH. , #440 ) ;
#7982 = EDGE_LOOP ( 'NONE', ( #492, #6689, #4222, #9057 ) ) ;
#7983 = DIRECTION ( 'NONE',  ( 1.000000000000000000, 0.000000000000000000, -6.982962677686266711E-15 ) ) ;
#7984 = ORIENTED_EDGE ( 'NONE', *, *, #7901, .F. ) ;
#7985 = PRESENTATION_STYLE_ASSIGNMENT (( #5103 ) ) ;
#7986 = CARTESIAN_POINT ( 'NONE',  ( 2.205128205128205288, -1.469999999999999973, 5.999599358974347041 ) ) ;
#7987 = PLANE ( 'NONE',  #9074 ) ;
#7988 = VERTEX_POINT ( 'NONE', #3965 ) ;
#7989 = EDGE_CURVE ( 'NONE', #8545, #303, #3308, .T. ) ;
#7990 = LINE ( 'NONE', #4486, #1505 ) ;
#7991 = CARTESIAN_POINT ( 'NONE',  ( 2.042668269230769162, -2.799999999999999822, 5.676282051282039554 ) ) ;
#7992 = DIRECTION ( 'NONE',  ( 1.000000000000000000, 0.000000000000000000, -6.982962677686266711E-15 ) ) ;
#7993 = SURFACE_SIDE_STYLE ('',( #5202 ) ) ;
#7994 = CARTESIAN_POINT ( 'NONE',  ( -2.288654955799058310, -2.799999999999999822, 6.148007540672046467 ) ) ;
#7995 = DIRECTION ( 'NONE',  ( -6.982962677686266711E-15, 0.000000000000000000, -1.000000000000000000 ) ) ;
#7996 = CARTESIAN_POINT ( 'NONE',  ( 0.5728078418308766295, -1.470000000000000417, 5.491787834541670854 ) ) ;
#7997 = CARTESIAN_POINT ( 'NONE',  ( 2.756410256410256387, -1.469999999999999973, 5.692307692307680966 ) ) ;
#7998 = CARTESIAN_POINT ( 'NONE',  ( -1.804434850716117422, -2.799999999999999378, 5.269834979865631652 ) ) ;
#7999 = CARTESIAN_POINT ( 'NONE',  ( -2.403067943242244375, -2.800000000000000266, 5.946382710083815581 ) ) ;
#8000 = CARTESIAN_POINT ( 'NONE',  ( 2.389479001453785667, -2.799999999999999378, 6.119405655645318021 ) ) ;
#8001 = FACE_OUTER_BOUND ( 'NONE', #1596, .T. ) ;
#8002 = CARTESIAN_POINT ( 'NONE',  ( -2.705128205128205288, -1.469999999999999973, 5.499999999999988454 ) ) ;
#8003 = PRESENTATION_LAYER_ASSIGNMENT (  '', '', ( #386 ) ) ;
#8004 = LINE ( 'NONE', #3224, #2602 ) ;
#8005 = B_SPLINE_SURFACE_WITH_KNOTS ( 'NONE', 3, 1, ( 
 ( #4976, #256 ),
 ( #1526, #2348 ),
 ( #7325, #3761 ),
 ( #3147, #1033 ),
 ( #5972, #3857 ),
 ( #7783, #8765 ),
 ( #5270, #8065 ),
 ( #1480, #7088 ),
 ( #4611, #785 ),
 ( #7382, #8508 ),
 ( #2196, #5019 ),
 ( #4354, #7126 ),
 ( #6744, #2641 ),
 ( #1958, #8856 ),
 ( #1230, #2004 ),
 ( #4147, #2597 ),
 ( #7638, #4788 ),
 ( #5517, #530 ),
 ( #8313, #6932 ) ),
 .UNSPECIFIED., .F., .F., .F.,
 ( 4, 1, 1, 1, 1, 1, 1, 1, 1, 1, 1, 1, 1, 1, 1, 1, 4 ),
 ( 2, 2 ),
 ( 0.000000000000000000, 0.06126967669464648131, 0.1177798633223624963, 0.1706767282225185312, 0.2204689921291518029, 0.2671038199763641208, 0.3123918216487449051, 0.3563521731275232640, 0.3997590831590827620, 0.4468925721889898672, 0.5001099056923322683, 0.5619020280420478075, 0.6319557908709236838, 0.7100982931768979878, 0.7972115037322815567, 0.8942942003164688902, 1.000000000000000000 ),
 ( 0.000000000000000000, 1.000000000000000000 ),
 .UNSPECIFIED. ) ;
#8006 = CARTESIAN_POINT ( 'NONE',  ( -1.817948543240560211, -2.799999999999999822, 5.259187608703506100 ) ) ;
#8007 =( NAMED_UNIT ( * ) PLANE_ANGLE_UNIT ( ) SI_UNIT ( $, .RADIAN. ) );
#8008 = MECHANICAL_DESIGN_GEOMETRIC_PRESENTATION_REPRESENTATION (  '', ( #4402 ), #7017 ) ;
#8009 = LINE ( 'NONE', #3981, #4877 ) ;
#8010 = CARTESIAN_POINT ( 'NONE',  ( 1.371794871794872028, -1.469999999999999973, 5.499999999999988454 ) ) ;
#8011 = CARTESIAN_POINT ( 'NONE',  ( 1.930889423076922684, -1.469999999999999973, 6.499999999999988454 ) ) ;
#8012 = ADVANCED_FACE ( 'NONE', ( #6763 ), #2798, .T. ) ;
#8013 = VECTOR ( 'NONE', #7772, 1000.000000000000000 ) ;
#8014 = AXIS2_PLACEMENT_3D ( 'NONE', #5123, #251, #4502 ) ;
#8015 = CARTESIAN_POINT ( 'NONE',  ( 0.5284877067577918863, -1.469999999999999529, 5.793096128731905381 ) ) ;
#8016 = ORIENTED_EDGE ( 'NONE', *, *, #5076, .T. ) ;
#8017 = CARTESIAN_POINT ( 'NONE',  ( 1.935900842091456964, -1.469999999999999973, 6.331969737642531904 ) ) ;
#8018 =( GEOMETRIC_REPRESENTATION_CONTEXT ( 3 ) GLOBAL_UNCERTAINTY_ASSIGNED_CONTEXT ( ( #1315 ) ) GLOBAL_UNIT_ASSIGNED_CONTEXT ( ( #3475, #4123, #8344 ) ) REPRESENTATION_CONTEXT ( 'NONE', 'WORKASPACE' ) );
#8019 = CARTESIAN_POINT ( 'NONE',  ( 0.000000000000000000, 0.000000000000000000, 0.000000000000000000 ) ) ;
#8020 = ORIENTED_EDGE ( 'NONE', *, *, #7078, .F. ) ;
#8021 = SURFACE_STYLE_USAGE ( .BOTH. , #2389 ) ;
#8022 =( GEOMETRIC_REPRESENTATION_CONTEXT ( 3 ) GLOBAL_UNCERTAINTY_ASSIGNED_CONTEXT ( ( #3346 ) ) GLOBAL_UNIT_ASSIGNED_CONTEXT ( ( #5031, #8521, #6412 ) ) REPRESENTATION_CONTEXT ( 'NONE', 'WORKASPACE' ) );
#8023 = VECTOR ( 'NONE', #3557, 1000.000000000000000 ) ;
#8024 = CARTESIAN_POINT ( 'NONE',  ( -2.611570056512652727, -1.469999999999999085, 6.218883159266130889 ) ) ;
#8025 = EDGE_LOOP ( 'NONE', ( #6565, #1806, #8974, #6770 ) ) ;
#8026 =( GEOMETRIC_REPRESENTATION_CONTEXT ( 3 ) GLOBAL_UNCERTAINTY_ASSIGNED_CONTEXT ( ( #5646 ) ) GLOBAL_UNIT_ASSIGNED_CONTEXT ( ( #2836, #2176, #3002 ) ) REPRESENTATION_CONTEXT ( 'NONE', 'WORKASPACE' ) );
#8027 =( NAMED_UNIT ( * ) SI_UNIT ( $, .STERADIAN. ) SOLID_ANGLE_UNIT ( ) );
#8028 = ORIENTED_EDGE ( 'NONE', *, *, #2253, .T. ) ;
#8029 = EDGE_CURVE ( 'NONE', #1131, #1426, #5673, .T. ) ;
#8030 = CARTESIAN_POINT ( 'NONE',  ( -2.406666056365735606, -2.800000000000000266, 5.500626670487795522 ) ) ;
#8031 = EDGE_LOOP ( 'NONE', ( #2048, #2360, #6881, #5537, #2623, #3031, #6299, #3532, #5011, #1931, #2050, #6517, #4414, #8956, #1248, #4868 ) ) ;
#8032 = LINE ( 'NONE', #3161, #2464 ) ;
#8033 = SURFACE_STYLE_FILL_AREA ( #5988 ) ;
#8034 = CARTESIAN_POINT ( 'NONE',  ( 0.9525240384615379918, -1.469999999999999973, 5.679487179487167303 ) ) ;
#8035 = DIRECTION ( 'NONE',  ( 0.000000000000000000, 1.000000000000000000, 0.000000000000000000 ) ) ;
#8036 = ORIENTED_EDGE ( 'NONE', *, *, #8099, .T. ) ;
#8037 = FACE_OUTER_BOUND ( 'NONE', #6202, .T. ) ;
#8038 = CARTESIAN_POINT ( 'NONE',  ( 0.2179487179487177573, -1.469999999999999973, 5.499999999999988454 ) ) ;
#8039 = EDGE_CURVE ( 'NONE', #8852, #1478, #99, .T. ) ;
#8040 = PLANE ( 'NONE',  #3551 ) ;
#8041 = EDGE_CURVE ( 'NONE', #3728, #3474, #6442, .T. ) ;
#8042 = CARTESIAN_POINT ( 'NONE',  ( -2.358053221915628939, -1.469999999999998641, 6.206510067806956243 ) ) ;
#8043 = PRESENTATION_LAYER_ASSIGNMENT (  '', '', ( #7768 ) ) ;
#8044 = PLANE ( 'NONE',  #59 ) ;
#8045 = FACE_OUTER_BOUND ( 'NONE', #8258, .T. ) ;
#8046 = ORIENTED_EDGE ( 'NONE', *, *, #84, .T. ) ;
#8047 = CARTESIAN_POINT ( 'NONE',  ( -2.380659201274429648, -1.470000000000000417, 5.511840951961333168 ) ) ;
#8048 = CARTESIAN_POINT ( 'NONE',  ( 2.127359384213090010, -2.799999999999999822, 6.478633689215124392 ) ) ;
#8049 = DIRECTION ( 'NONE',  ( 1.000000000000000000, 0.000000000000000000, -6.982962677686266711E-15 ) ) ;
#8050 = CARTESIAN_POINT ( 'NONE',  ( 0.7362095712441787398, -1.469999999999999973, 5.675434953583292419 ) ) ;
#8051 = CARTESIAN_POINT ( 'NONE',  ( -1.832685668463548856, -1.470000000000000862, 5.249744076370997270 ) ) ;
#8052 = LINE ( 'NONE', #159, #8737 ) ;
#8053 = CARTESIAN_POINT ( 'NONE',  ( -0.07692307692307728817, -1.469999999999999973, 5.499999999999988454 ) ) ;
#8054 = CARTESIAN_POINT ( 'NONE',  ( 2.053580933542667797, -2.799999999999998490, 6.316937941653796074 ) ) ;
#8055 = DIRECTION ( 'NONE',  ( 0.000000000000000000, -0.000000000000000000, 1.000000000000000000 ) ) ;
#8056 = CARTESIAN_POINT ( 'NONE',  ( -0.7999999999999899414, 1.989949493661167468, 1.434314575050821494 ) ) ;
#8057 = DIRECTION ( 'NONE',  ( 6.982962677686266711E-15, 0.000000000000000000, 1.000000000000000000 ) ) ;
#8058 =( GEOMETRIC_REPRESENTATION_CONTEXT ( 3 ) GLOBAL_UNCERTAINTY_ASSIGNED_CONTEXT ( ( #2046 ) ) GLOBAL_UNIT_ASSIGNED_CONTEXT ( ( #6579, #7400, #1055 ) ) REPRESENTATION_CONTEXT ( 'NONE', 'WORKASPACE' ) );
#8059 = ORIENTED_EDGE ( 'NONE', *, *, #3849, .T. ) ;
#8060 = CARTESIAN_POINT ( 'NONE',  ( 2.159059257485737238, -2.799999999999999378, 6.234419797124265195 ) ) ;
#8061 = EDGE_LOOP ( 'NONE', ( #1126, #5492, #82, #2146 ) ) ;
#8062 = PRESENTATION_LAYER_ASSIGNMENT (  '', '', ( #2930 ) ) ;
#8063 = DIRECTION ( 'NONE',  ( 1.000000000000000000, 0.000000000000000000, -6.982962677686266711E-15 ) ) ;
#8064 = VERTEX_POINT ( 'NONE', #1439 ) ;
#8065 = CARTESIAN_POINT ( 'NONE',  ( 0.7258184399322022973, -2.799999999999998934, 5.668517067788990893 ) ) ;
#8066 = CARTESIAN_POINT ( 'NONE',  ( 2.145681868501888800, -1.470000000000000417, 5.735444519599250945 ) ) ;
#8067 = CARTESIAN_POINT ( 'NONE',  ( 1.059205962769847383E-13, -1.499999999999999778, 15.20000000000000107 ) ) ;
#8068 = CARTESIAN_POINT ( 'NONE',  ( 4.887500000000031264, -0.2999999999999999334, 4.499999999999966249 ) ) ;
#8069 = ORIENTED_EDGE ( 'NONE', *, *, #6322, .T. ) ;
#8070 =( GEOMETRIC_REPRESENTATION_CONTEXT ( 3 ) GLOBAL_UNCERTAINTY_ASSIGNED_CONTEXT ( ( #595 ) ) GLOBAL_UNIT_ASSIGNED_CONTEXT ( ( #5381, #7922, #7687 ) ) REPRESENTATION_CONTEXT ( 'NONE', 'WORKASPACE' ) );
#8071 = CARTESIAN_POINT ( 'NONE',  ( 3.212162831735446029E-14, 0.3000000000000003775, 4.599999999999660361 ) ) ;
#8072 = ORIENTED_EDGE ( 'NONE', *, *, #936, .T. ) ;
#8073 = CARTESIAN_POINT ( 'NONE',  ( -2.692441561690897878, -1.469999999999999529, 5.757805332187582614 ) ) ;
#8074 = ORIENTED_EDGE ( 'NONE', *, *, #5251, .F. ) ;
#8075 = DIRECTION ( 'NONE',  ( 6.982962677686266711E-15, 0.000000000000000000, 1.000000000000000000 ) ) ;
#8076 = CARTESIAN_POINT ( 'NONE',  ( -2.076923076923077538, -1.469999999999999973, 5.228565705128193741 ) ) ;
#8077 = VECTOR ( 'NONE', #5680, 1000.000000000000000 ) ;
#8078 = PRESENTATION_LAYER_ASSIGNMENT (  '', '', ( #2949 ) ) ;
#8079 = DIRECTION ( 'NONE',  ( 1.000000000000000000, 0.000000000000000000, -6.982962677686266711E-15 ) ) ;
#8080 = B_SPLINE_SURFACE_WITH_KNOTS ( 'NONE', 3, 1, ( 
 ( #6653, #1037 ),
 ( #5843, #899 ),
 ( #7284, #7975 ),
 ( #8720, #5976 ),
 ( #6701, #4513 ),
 ( #2352, #7197 ),
 ( #5272, #393 ),
 ( #4467, #5225 ),
 ( #1716, #2308 ),
 ( #6562, #1087 ),
 ( #5133, #3901 ),
 ( #3199, #1765 ),
 ( #3150, #3808 ),
 ( #1629, #2494 ),
 ( #7935, #7242 ),
 ( #8630, #946 ),
 ( #6023, #3765 ),
 ( #5885, #8671 ),
 ( #5184, #1672 ) ),
 .UNSPECIFIED., .F., .F., .F.,
 ( 4, 1, 1, 1, 1, 1, 1, 1, 1, 1, 1, 1, 1, 1, 1, 1, 4 ),
 ( 2, 2 ),
 ( 0.000000000000000000, 0.08393687604428590188, 0.1629312767773035686, 0.2377783822968768945, 0.3087711672896473192, 0.3762208837327297717, 0.4409633831269227366, 0.5034470477741955774, 0.5647479918817700506, 0.6238667862905614703, 0.6803517206888142210, 0.7347961949300353401, 0.7878909167053420592, 0.8401808665794483488, 0.8925770645563496641, 0.9454789691600422596, 1.000000000000000000 ),
 ( 0.000000000000000000, 1.000000000000000000 ),
 .UNSPECIFIED. ) ;
#8081 = ORIENTED_EDGE ( 'NONE', *, *, #4124, .T. ) ;
#8082 = SURFACE_STYLE_USAGE ( .BOTH. , #1729 ) ;
#8083 = DIRECTION ( 'NONE',  ( 0.000000000000000000, -0.000000000000000000, 1.000000000000000000 ) ) ;
#8084 = PRESENTATION_LAYER_ASSIGNMENT (  '', '', ( #3559 ) ) ;
#8085 = CARTESIAN_POINT ( 'NONE',  ( -2.556701553112441960, -1.470000000000000417, 6.102431981244229142 ) ) ;
#8086 = CARTESIAN_POINT ( 'NONE',  ( -2.490898764438765678, -2.799999999999999378, 6.243373387294326449 ) ) ;
#8087 = CARTESIAN_POINT ( 'NONE',  ( -2.251679481903679392, -1.469999999999999529, 6.094783925733960217 ) ) ;
#8088 = AXIS2_PLACEMENT_3D ( 'NONE', #2767, #4886, #5625 ) ;
#8089 = FACE_OUTER_BOUND ( 'NONE', #7904, .T. ) ;
#8090 = DIRECTION ( 'NONE',  ( 0.000000000000000000, 0.000000000000000000, -1.000000000000000000 ) ) ;
#8091 = EDGE_LOOP ( 'NONE', ( #1175, #2593, #3514, #6597 ) ) ;
#8092 = CARTESIAN_POINT ( 'NONE',  ( -0.3651842948717951010, -1.469999999999999973, 5.730769230769219291 ) ) ;
#8093 = MECHANICAL_DESIGN_GEOMETRIC_PRESENTATION_REPRESENTATION (  '', ( #760 ), #453 ) ;
#8094 = VECTOR ( 'NONE', #2700, 1000.000000000000000 ) ;
#8095 = CARTESIAN_POINT ( 'NONE',  ( 2.205128205128205288, -1.469999999999999973, 5.999599358974347041 ) ) ;
#8096 = CARTESIAN_POINT ( 'NONE',  ( 9.776147748828290422E-15, 0.3000000000000003775, 1.400000000009668621 ) ) ;
#8097 = EDGE_CURVE ( 'NONE', #1319, #6935, #4263, .T. ) ;
#8098 = CARTESIAN_POINT ( 'NONE',  ( 0.9543424819572993156, -1.469999999999999973, 5.685273738575832070 ) ) ;
#8099 = EDGE_CURVE ( 'NONE', #5576, #4565, #8423, .T. ) ;
#8100 = EDGE_CURVE ( 'NONE', #303, #8593, #9080, .T. ) ;
#8101 = CARTESIAN_POINT ( 'NONE',  ( -2.016626602564103088, -1.469999999999999973, 5.358974358974347929 ) ) ;
#8102 = CARTESIAN_POINT ( 'NONE',  ( 2.015195044360678089, -2.799999999999999378, 6.497659587360347544 ) ) ;
#8103 = PLANE ( 'NONE',  #7805 ) ;
#8104 = CARTESIAN_POINT ( 'NONE',  ( 2.159059257485737238, -1.469999999999999529, 6.234419797124265195 ) ) ;
#8105 = CARTESIAN_POINT ( 'NONE',  ( 0.5284877067577918863, -2.799999999999999378, 5.793096128731905381 ) ) ;
#8106 = SURFACE_STYLE_FILL_AREA ( #518 ) ;
#8107 = PRESENTATION_LAYER_ASSIGNMENT (  '', '', ( #1368 ) ) ;
#8108 = PLANE ( 'NONE',  #8610 ) ;
#8109 = ORIENTED_EDGE ( 'NONE', *, *, #574, .F. ) ;
#8110 = DIRECTION ( 'NONE',  ( 6.982962677686261977E-15, 0.000000000000000000, 1.000000000000000000 ) ) ;
#8111 = ADVANCED_FACE ( 'NONE', ( #6316 ), #3649, .T. ) ;
#8112 = CARTESIAN_POINT ( 'NONE',  ( 0.5308131447897942445, -2.799999999999999822, 5.775103731316901801 ) ) ;
#8113 = PRESENTATION_LAYER_ASSIGNMENT (  '', '', ( #4183 ) ) ;
#8114 = ORIENTED_EDGE ( 'NONE', *, *, #3125, .F. ) ;
#8115 = VERTEX_POINT ( 'NONE', #1477 ) ;
#8116 = CARTESIAN_POINT ( 'NONE',  ( 2.021306391585921070, -1.469999999999999973, 6.324486162054541616 ) ) ;
#8117 = CARTESIAN_POINT ( 'NONE',  ( -2.205128205128205288, -1.469999999999999973, 5.872796474358962904 ) ) ;
#8118 = DIRECTION ( 'NONE',  ( -0.000000000000000000, -1.000000000000000000, -0.000000000000000000 ) ) ;
#8119 = CARTESIAN_POINT ( 'NONE',  ( -2.514732133088120491, -1.469999999999999529, 5.631333225875626347 ) ) ;
#8120 = LINE ( 'NONE', #5190, #2757 ) ;
#8121 = FACE_OUTER_BOUND ( 'NONE', #6015, .T. ) ;
#8122 = ORIENTED_EDGE ( 'NONE', *, *, #3071, .F. ) ;
#8123 = VECTOR ( 'NONE', #1767, 1000.000000000000000 ) ;
#8124 = CARTESIAN_POINT ( 'NONE',  ( -2.686175459821676270, -2.799999999999998934, 5.739192041452557014 ) ) ;
#8125 = ORIENTED_EDGE ( 'NONE', *, *, #1049, .F. ) ;
#8126 = DIRECTION ( 'NONE',  ( 1.000000000000000000, 0.000000000000000000, -6.982962677686266711E-15 ) ) ;
#8127 = PLANE ( 'NONE',  #8470 ) ;
#8128 = ADVANCED_FACE ( 'NONE', ( #3513 ), #4305, .T. ) ;
#8129 = CARTESIAN_POINT ( 'NONE',  ( 0.3333333333333330373, -2.799999999999999378, 5.820512820512808716 ) ) ;
#8130 = COLOUR_RGB ( '',0.8980392156862745390, 0.8980392156862745390, 0.8980392156862745390 ) ;
#8131 = ORIENTED_EDGE ( 'NONE', *, *, #6758, .T. ) ;
#8132 = CARTESIAN_POINT ( 'NONE',  ( -1.883413461538461897, -2.799999999999998934, 5.499999999999988454 ) ) ;
#8133 = CARTESIAN_POINT ( 'NONE',  ( 2.019478003467438665, -2.799999999999999822, 5.671865733680429678 ) ) ;
#8134 = SURFACE_STYLE_FILL_AREA ( #1200 ) ;
#8135 = CARTESIAN_POINT ( 'NONE',  ( -2.411430450121640590, -1.469999999999999973, 6.230750665002280364 ) ) ;
#8136 = CARTESIAN_POINT ( 'NONE',  ( -2.205984760574570824, -1.470000000000000417, 5.915472362663644290 ) ) ;
#8137 = FACE_OUTER_BOUND ( 'NONE', #5757, .T. ) ;
#8138 = DIRECTION ( 'NONE',  ( 1.000000000000000000, 0.000000000000000000, -6.982962677686266711E-15 ) ) ;
#8139 =( GEOMETRIC_REPRESENTATION_CONTEXT ( 3 ) GLOBAL_UNCERTAINTY_ASSIGNED_CONTEXT ( ( #6839 ) ) GLOBAL_UNIT_ASSIGNED_CONTEXT ( ( #5406, #8845, #8297 ) ) REPRESENTATION_CONTEXT ( 'NONE', 'WORKASPACE' ) );
#8140 = ORIENTED_EDGE ( 'NONE', *, *, #4913, .T. ) ;
#8141 = SURFACE_STYLE_FILL_AREA ( #5299 ) ;
#8142 = LINE ( 'NONE', #7459, #4390 ) ;
#8143 = VECTOR ( 'NONE', #8381, 1000.000000000000000 ) ;
#8144 = VECTOR ( 'NONE', #8249, 1000.000000000000000 ) ;
#8145 = DIRECTION ( 'NONE',  ( -7.377218013139006875E-15, 0.000000000000000000, -1.000000000000000000 ) ) ;
#8146 = FACE_OUTER_BOUND ( 'NONE', #7063, .T. ) ;
#8147 =( GEOMETRIC_REPRESENTATION_CONTEXT ( 3 ) GLOBAL_UNCERTAINTY_ASSIGNED_CONTEXT ( ( #6937 ) ) GLOBAL_UNIT_ASSIGNED_CONTEXT ( ( #8188, #365, #6177 ) ) REPRESENTATION_CONTEXT ( 'NONE', 'WORKASPACE' ) );
#8148 = FILL_AREA_STYLE ('',( #6916 ) ) ;
#8149 = CYLINDRICAL_SURFACE ( 'NONE', #2719, 1.300000000000000044 ) ;
#8150 = FACE_OUTER_BOUND ( 'NONE', #8284, .T. ) ;
#8151 = EDGE_CURVE ( 'NONE', #5564, #6925, #8925, .T. ) ;
#8152 = SURFACE_SIDE_STYLE ('',( #4133 ) ) ;
#8153 = PLANE ( 'NONE',  #18 ) ;
#8154 =( NAMED_UNIT ( * ) PLANE_ANGLE_UNIT ( ) SI_UNIT ( $, .RADIAN. ) );
#8155 = DIRECTION ( 'NONE',  ( 1.000000000000000000, 0.000000000000000000, -6.982962677686267499E-15 ) ) ;
#8156 = VERTEX_POINT ( 'NONE', #1561 ) ;
#8157 = VECTOR ( 'NONE', #3027, 1000.000000000000000 ) ;
#8158 = CARTESIAN_POINT ( 'NONE',  ( 0.5284877067577918863, -2.799999999999999378, 5.793096128731905381 ) ) ;
#8159 = ORIENTED_EDGE ( 'NONE', *, *, #1730, .F. ) ;
#8160 = VERTEX_POINT ( 'NONE', #2400 ) ;
#8161 = DIRECTION ( 'NONE',  ( 1.000000000000000000, 0.000000000000000000, -6.982962677686266711E-15 ) ) ;
#8162 = EDGE_LOOP ( 'NONE', ( #3132, #5560, #5694, #1594 ) ) ;
#8163 = VECTOR ( 'NONE', #6515, 1000.000000000000000 ) ;
#8164 = EDGE_CURVE ( 'NONE', #2540, #2399, #307, .T. ) ;
#8165 = CARTESIAN_POINT ( 'NONE',  ( -0.3987158048003359156, 2.799999999999999822, 0.08578643762694182495 ) ) ;
#8166 = CARTESIAN_POINT ( 'NONE',  ( 0.9525240384615379918, -2.799999999999999822, 5.679487179487167303 ) ) ;
#8167 = B_SPLINE_SURFACE_WITH_KNOTS ( 'NONE', 3, 1, ( 
 ( #897, #298 ),
 ( #7933, #5927 ),
 ( #6699, #345 ),
 ( #8766, #2387 ),
 ( #5223, #944 ),
 ( #3148, #7383 ),
 ( #8066, #3762 ),
 ( #1764, #4612 ),
 ( #6558, #390 ),
 ( #3198, #3014 ),
 ( #3720, #6514 ),
 ( #257, #3290 ),
 ( #2005, #6111 ),
 ( #580, #628 ),
 ( #3390, #8958 ),
 ( #2698, #4148 ),
 ( #4789, #2642 ),
 ( #5518, #3341 ),
 ( #6157, #1859 ) ),
 .UNSPECIFIED., .F., .F., .F.,
 ( 4, 1, 1, 1, 1, 1, 1, 1, 1, 1, 1, 1, 1, 1, 1, 1, 4 ),
 ( 2, 2 ),
 ( 0.000000000000000000, 0.06491793738228436583, 0.1264430184700134907, 0.1858787280862191360, 0.2430165727154060540, 0.3024911221532571304, 0.3693637297981691159, 0.4445722554588883435, 0.5291777480802881684, 0.5755169774892702206, 0.6254051839338137242, 0.6788683432357708325, 0.7356051207068704523, 0.7961888432153383377, 0.8601411452603567875, 0.9280644712954970732, 0.9999999999999998890 ),
 ( 0.000000000000000000, 1.000000000000000000 ),
 .UNSPECIFIED. ) ;
#8168 =( NAMED_UNIT ( * ) PLANE_ANGLE_UNIT ( ) SI_UNIT ( $, .RADIAN. ) );
#8169 = VECTOR ( 'NONE', #799, 1000.000000000000000 ) ;
#8170 = CARTESIAN_POINT ( 'NONE',  ( 2.260416666666666519, -1.470000000000000417, 5.600961538461527667 ) ) ;
#8171 = CARTESIAN_POINT ( 'NONE',  ( -2.539050094155790749, -2.799999999999999822, 5.628334818890916580 ) ) ;
#8172 = CARTESIAN_POINT ( 'NONE',  ( -1.699999999999967981, 0.3000000000000003775, 4.600000000000012079 ) ) ;
#8173 = AXIS2_PLACEMENT_3D ( 'NONE', #7741, #2729, #3565 ) ;
#8174 = SURFACE_STYLE_FILL_AREA ( #6072 ) ;
#8175 = CARTESIAN_POINT ( 'NONE',  ( -2.704778365146243146, -2.799999999999999378, 5.851606420204801928 ) ) ;
#8176 = ORIENTED_EDGE ( 'NONE', *, *, #8219, .F. ) ;
#8177 = CARTESIAN_POINT ( 'NONE',  ( 0.8000000000000313527, -0.2999999999999999334, 4.499999999999994671 ) ) ;
#8178 = DIRECTION ( 'NONE',  ( -1.000000000000000000, 0.000000000000000000, 6.982962677686266711E-15 ) ) ;
#8179 = CARTESIAN_POINT ( 'NONE',  ( -2.705128205128205288, -1.469999999999999973, 5.879206730769219291 ) ) ;
#8180 = ORIENTED_EDGE ( 'NONE', *, *, #8398, .T. ) ;
#8181 = EDGE_CURVE ( 'NONE', #5783, #4585, #7368, .T. ) ;
#8182 = CIRCLE ( 'NONE', #6143, 1.300000000000000044 ) ;
#8183 = CARTESIAN_POINT ( 'NONE',  ( -2.660558359195063005, -2.799999999999999378, 5.552913286537726201 ) ) ;
#8184 = PRESENTATION_STYLE_ASSIGNMENT (( #1875 ) ) ;
#8185 = CARTESIAN_POINT ( 'NONE',  ( -2.638373619058785202, -1.469999999999999973, 6.071663570416272471 ) ) ;
#8186 = VERTEX_POINT ( 'NONE', #910 ) ;
#8187 = CARTESIAN_POINT ( 'NONE',  ( 2.039755186715700219, -1.469999999999999973, 6.495294872888884186 ) ) ;
#8188 =( LENGTH_UNIT ( ) NAMED_UNIT ( * ) SI_UNIT ( .MILLI., .METRE. ) );
#8189 = SURFACE_STYLE_USAGE ( .BOTH. , #5395 ) ;
#8190 = ORIENTED_EDGE ( 'NONE', *, *, #1889, .T. ) ;
#8191 = CARTESIAN_POINT ( 'NONE',  ( -2.331889817561660472, -1.470000000000000862, 5.543271641628080282 ) ) ;
#8192 = CARTESIAN_POINT ( 'NONE',  ( -2.399688677238699608, -2.799999999999998046, 5.805133573328019381 ) ) ;
#8193 = PRESENTATION_STYLE_ASSIGNMENT (( #4721 ) ) ;
#8194 = PLANE ( 'NONE',  #6346 ) ;
#8195 = CARTESIAN_POINT ( 'NONE',  ( 0.9581528298275449052, -1.469999999999999973, 5.697398835204314338 ) ) ;
#8196 = CARTESIAN_POINT ( 'NONE',  ( -1.968141195600575211, -2.800000000000000266, 5.218009649915381409 ) ) ;
#8197 = CARTESIAN_POINT ( 'NONE',  ( 0.8000000000000114797, 0.9259144981615097247, 1.649821433126610559 ) ) ;
#8198 = FILL_AREA_STYLE_COLOUR ( '', #1193 ) ;
#8199 = LINE ( 'NONE', #1893, #8144 ) ;
#8200 = CARTESIAN_POINT ( 'NONE',  ( 0.5308131447897942445, -2.799999999999999822, 5.775103731316901801 ) ) ;
#8201 = CARTESIAN_POINT ( 'NONE',  ( -1.780035570494054697, -1.469999999999999529, 5.295413019815973676 ) ) ;
#8202 = ORIENTED_EDGE ( 'NONE', *, *, #5858, .T. ) ;
#8203 = EDGE_CURVE ( 'NONE', #4383, #582, #7943, .T. ) ;
#8204 = PRESENTATION_LAYER_ASSIGNMENT (  '', '', ( #8948 ) ) ;
#8205 = CARTESIAN_POINT ( 'NONE',  ( 5.000000000000031086, 1.699999999999999734, 4.499999999999965361 ) ) ;
#8206 = ORIENTED_EDGE ( 'NONE', *, *, #4109, .T. ) ;
#8207 = DIRECTION ( 'NONE',  ( -0.3423744542345285025, 0.000000000000000000, -0.9395635865057823111 ) ) ;
#8208 = ORIENTED_EDGE ( 'NONE', *, *, #8992, .F. ) ;
#8209 = DIRECTION ( 'NONE',  ( 6.982962677686266711E-15, 0.000000000000000000, 1.000000000000000000 ) ) ;
#8210 = VERTEX_POINT ( 'NONE', #5854 ) ;
#8211 = DIRECTION ( 'NONE',  ( 0.9957988523704410788, -0.000000000000000000, 0.09156771056279910947 ) ) ;
#8212 = CARTESIAN_POINT ( 'NONE',  ( 0.8972711523054931471, -2.800000000000000711, 5.583838658937844812 ) ) ;
#8213 = ORIENTED_EDGE ( 'NONE', *, *, #3898, .T. ) ;
#8214 = DIRECTION ( 'NONE',  ( 5.568579109252161260E-16, -0.9968152785361249490, 0.07974522228289000758 ) ) ;
#8215 = EDGE_CURVE ( 'NONE', #4187, #1686, #6569, .T. ) ;
#8216 = DIRECTION ( 'NONE',  ( -0.000000000000000000, -1.000000000000000000, -0.000000000000000000 ) ) ;
#8217 = ADVANCED_FACE ( 'NONE', ( #4704 ), #5671, .T. ) ;
#8218 = CARTESIAN_POINT ( 'NONE',  ( -2.462536858378067350, -1.470000000000000417, 5.659658746414524266 ) ) ;
#8219 = EDGE_CURVE ( 'NONE', #3501, #5564, #6946, .T. ) ;
#8220 =( GEOMETRIC_REPRESENTATION_CONTEXT ( 3 ) GLOBAL_UNCERTAINTY_ASSIGNED_CONTEXT ( ( #3531 ) ) GLOBAL_UNIT_ASSIGNED_CONTEXT ( ( #5538, #4218, #3515 ) ) REPRESENTATION_CONTEXT ( 'NONE', 'WORKASPACE' ) );
#8221 = DIRECTION ( 'NONE',  ( -1.000000000000000000, 0.000000000000000000, 6.982962677686266711E-15 ) ) ;
#8222 = CARTESIAN_POINT ( 'NONE',  ( -2.645738101628084760, -2.799999999999999822, 5.672692097650087639 ) ) ;
#8223 = CARTESIAN_POINT ( 'NONE',  ( -2.704778365146243146, -1.469999999999999529, 5.851606420204801928 ) ) ;
#8224 = ORIENTED_EDGE ( 'NONE', *, *, #3127, .T. ) ;
#8225 = CARTESIAN_POINT ( 'NONE',  ( 0.3998064119479742828, 1.565685424949240012, 1.010050506338884491 ) ) ;
#8226 = MECHANICAL_DESIGN_GEOMETRIC_PRESENTATION_REPRESENTATION (  '', ( #8524 ), #431 ) ;
#8227 = CARTESIAN_POINT ( 'NONE',  ( 0.3781490917424398801, -2.799999999999999378, 5.619222265913379033 ) ) ;
#8228 = CARTESIAN_POINT ( 'NONE',  ( 2.201488378386600164, -2.799999999999999378, 6.445256343112428787 ) ) ;
#8229 = ORIENTED_EDGE ( 'NONE', *, *, #7901, .T. ) ;
#8230 = EDGE_CURVE ( 'NONE', #6935, #4852, #6031, .T. ) ;
#8231 = DIRECTION ( 'NONE',  ( 6.982962677686266711E-15, 0.000000000000000000, 1.000000000000000000 ) ) ;
#8232 = CARTESIAN_POINT ( 'NONE',  ( 0.6546474358974356811, -1.469999999999999973, 5.653846153846141753 ) ) ;
#8233 = VECTOR ( 'NONE', #4806, 1000.000000000000000 ) ;
#8234 = LINE ( 'NONE', #4117, #3232 ) ;
#8235 = ORIENTED_EDGE ( 'NONE', *, *, #7605, .F. ) ;
#8236 = PLANE ( 'NONE',  #219 ) ;
#8237 = VECTOR ( 'NONE', #2815, 1000.000000000000000 ) ;
#8238 =( NAMED_UNIT ( * ) SI_UNIT ( $, .STERADIAN. ) SOLID_ANGLE_UNIT ( ) );
#8239 = FACE_OUTER_BOUND ( 'NONE', #4996, .T. ) ;
#8240 = ORIENTED_EDGE ( 'NONE', *, *, #5817, .T. ) ;
#8241 = SURFACE_SIDE_STYLE ('',( #8141 ) ) ;
#8242 = CARTESIAN_POINT ( 'NONE',  ( -2.407562540584116562, -1.469999999999999529, 5.756758879367302129 ) ) ;
#8243 = VECTOR ( 'NONE', #5211, 1000.000000000000000 ) ;
#8244 =( GEOMETRIC_REPRESENTATION_CONTEXT ( 3 ) GLOBAL_UNCERTAINTY_ASSIGNED_CONTEXT ( ( #4010 ) ) GLOBAL_UNIT_ASSIGNED_CONTEXT ( ( #6348, #48, #2846 ) ) REPRESENTATION_CONTEXT ( 'NONE', 'WORKASPACE' ) );
#8245 = CARTESIAN_POINT ( 'NONE',  ( -1.699999999999967981, -0.2999999999999999334, 4.600000000000012079 ) ) ;
#8246 = SURFACE_STYLE_USAGE ( .BOTH. , #6099 ) ;
#8247 = CARTESIAN_POINT ( 'NONE',  ( -0.3987158048003609512, 2.799999999999998934, -3.499999999999996891 ) ) ;
#8248 = CARTESIAN_POINT ( 'NONE',  ( -2.462536858378067350, -1.470000000000000417, 5.659658746414524266 ) ) ;
#8249 = DIRECTION ( 'NONE',  ( 0.000000000000000000, 0.000000000000000000, 1.000000000000000000 ) ) ;
#8250 =( NAMED_UNIT ( * ) PLANE_ANGLE_UNIT ( ) SI_UNIT ( $, .RADIAN. ) );
#8251 = FACE_OUTER_BOUND ( 'NONE', #2055, .T. ) ;
#8252 = VERTEX_POINT ( 'NONE', #1968 ) ;
#8253 = COLOUR_RGB ( '',0.8980392156862745390, 0.8980392156862745390, 0.8980392156862745390 ) ;
#8254 = EDGE_CURVE ( 'NONE', #4187, #8064, #4055, .T. ) ;
#8255 = CARTESIAN_POINT ( 'NONE',  ( 0.7009082314045755879, -2.799999999999998490, 5.658944118209988439 ) ) ;
#8256 = ORIENTED_EDGE ( 'NONE', *, *, #1008, .F. ) ;
#8257 = CARTESIAN_POINT ( 'NONE',  ( 2.260416666666666519, -1.470000000000000417, 5.600961538461527667 ) ) ;
#8258 = EDGE_LOOP ( 'NONE', ( #3669, #6399, #4430, #2557 ) ) ;
#8259 = ORIENTED_EDGE ( 'NONE', *, *, #1062, .T. ) ;
#8260 = DIRECTION ( 'NONE',  ( 0.000000000000000000, -1.000000000000000000, 0.000000000000000000 ) ) ;
#8261 = VERTEX_POINT ( 'NONE', #3249 ) ;
#8262 = LINE ( 'NONE', #1961, #9008 ) ;
#8263 = MECHANICAL_DESIGN_GEOMETRIC_PRESENTATION_REPRESENTATION (  '', ( #5176 ), #8555 ) ;
#8264 = PLANE ( 'NONE',  #484 ) ;
#8265 = EDGE_CURVE ( 'NONE', #6530, #9107, #8270, .T. ) ;
#8266 = ORIENTED_EDGE ( 'NONE', *, *, #4033, .T. ) ;
#8267 =( GEOMETRIC_REPRESENTATION_CONTEXT ( 3 ) GLOBAL_UNCERTAINTY_ASSIGNED_CONTEXT ( ( #2958 ) ) GLOBAL_UNIT_ASSIGNED_CONTEXT ( ( #6147, #8250, #6736 ) ) REPRESENTATION_CONTEXT ( 'NONE', 'WORKASPACE' ) );
#8268 = LINE ( 'NONE', #1239, #8625 ) ;
#8269 = LINE ( 'NONE', #7846, #1260 ) ;
#8270 = LINE ( 'NONE', #4796, #3837 ) ;
#8271 = ORIENTED_EDGE ( 'NONE', *, *, #7837, .F. ) ;
#8272 = PLANE ( 'NONE',  #5601 ) ;
#8273 = ADVANCED_FACE ( 'NONE', ( #6218 ), #1773, .T. ) ;
#8274 = PRESENTATION_LAYER_ASSIGNMENT (  '', '', ( #1223 ) ) ;
#8275 = ADVANCED_FACE ( 'NONE', ( #637 ), #768, .F. ) ;
#8276 = SURFACE_SIDE_STYLE ('',( #4926 ) ) ;
#8277 = PLANE ( 'NONE',  #4603 ) ;
#8278 = VERTEX_POINT ( 'NONE', #1465 ) ;
#8279 = CARTESIAN_POINT ( 'NONE',  ( -1.988704218819778324, -1.469999999999998641, 5.361091919343180301 ) ) ;
#8280 = DIRECTION ( 'NONE',  ( -1.000000000000000000, 0.000000000000000000, 6.982962677686266711E-15 ) ) ;
#8281 = VECTOR ( 'NONE', #6742, 1000.000000000000000 ) ;
#8282 = LINE ( 'NONE', #2721, #8664 ) ;
#8283 = CARTESIAN_POINT ( 'NONE',  ( -2.631347909669556007, -2.800000000000000266, 5.658861828003776573 ) ) ;
#8284 = EDGE_LOOP ( 'NONE', ( #4005, #4264, #1082, #3888 ) ) ;
#8285 = FILL_AREA_STYLE ('',( #1932 ) ) ;
#8286 = SURFACE_SIDE_STYLE ('',( #7608 ) ) ;
#8287 = DIRECTION ( 'NONE',  ( -6.982962677686265922E-15, 0.000000000000000000, -1.000000000000000000 ) ) ;
#8288 = FILL_AREA_STYLE_COLOUR ( '', #4769 ) ;
#8289 = EDGE_CURVE ( 'NONE', #6174, #4916, #7727, .T. ) ;
#8290 = STYLED_ITEM ( 'NONE', ( #5837 ), #5125 ) ;
#8291 = EDGE_LOOP ( 'NONE', ( #2017, #7018, #182, #8202 ) ) ;
#8292 = DIRECTION ( 'NONE',  ( -0.000000000000000000, -1.000000000000000000, 0.000000000000000000 ) ) ;
#8293 = SURFACE_STYLE_FILL_AREA ( #1837 ) ;
#8294 = DIRECTION ( 'NONE',  ( 0.000000000000000000, -1.000000000000000000, 0.000000000000000000 ) ) ;
#8295 = PLANE ( 'NONE',  #2814 ) ;
#8296 = CARTESIAN_POINT ( 'NONE',  ( -1.968141195600575211, -1.470000000000000862, 5.218009649915381409 ) ) ;
#8297 =( NAMED_UNIT ( * ) SI_UNIT ( $, .STERADIAN. ) SOLID_ANGLE_UNIT ( ) );
#8298 = FACE_BOUND ( 'NONE', #1389, .T. ) ;
#8299 = CARTESIAN_POINT ( 'NONE',  ( -0.3987158048003955901, 2.799999999999998934, -8.459999999999988418 ) ) ;
#8300 = CARTESIAN_POINT ( 'NONE',  ( 3.212162831735446029E-14, 0.3000000000000003775, 4.599999999999660361 ) ) ;
#8301 =( LENGTH_UNIT ( ) NAMED_UNIT ( * ) SI_UNIT ( .MILLI., .METRE. ) );
#8302 = DIRECTION ( 'NONE',  ( 1.000000000000000000, 0.000000000000000000, -6.982962677686266711E-15 ) ) ;
#8303 = VERTEX_POINT ( 'NONE', #248 ) ;
#8304 = UNCERTAINTY_MEASURE_WITH_UNIT (LENGTH_MEASURE( 1.000000000000000082E-05 ), #7420, 'distance_accuracy_value', 'NONE');
#8305 = CARTESIAN_POINT ( 'NONE',  ( 0.7362095712441787398, -2.799999999999999822, 5.675434953583292419 ) ) ;
#8306 = ORIENTED_EDGE ( 'NONE', *, *, #5423, .F. ) ;
#8307 = FILL_AREA_STYLE ('',( #1321 ) ) ;
#8308 = ORIENTED_EDGE ( 'NONE', *, *, #4087, .F. ) ;
#8309 = ORIENTED_EDGE ( 'NONE', *, *, #2879, .T. ) ;
#8310 = PLANE ( 'NONE',  #788 ) ;
#8311 = EDGE_CURVE ( 'NONE', #8377, #220, #6549, .T. ) ;
#8312 = VERTEX_POINT ( 'NONE', #5524 ) ;
#8313 = CARTESIAN_POINT ( 'NONE',  ( 0.7820512820512818264, -1.469999999999999973, 5.852764423076911804 ) ) ;
#8314 = SURFACE_SIDE_STYLE ('',( #2598 ) ) ;
#8315 = VERTEX_POINT ( 'NONE', #8619 ) ;
#8316 = VECTOR ( 'NONE', #404, 1000.000000000000000 ) ;
#8317 = FILL_AREA_STYLE ('',( #9062 ) ) ;
#8318 = UNCERTAINTY_MEASURE_WITH_UNIT (LENGTH_MEASURE( 1.000000000000000082E-05 ), #8546, 'distance_accuracy_value', 'NONE');
#8319 = CARTESIAN_POINT ( 'NONE',  ( 1.950722363768890411, -2.799999999999999822, 5.500086223249086359 ) ) ;
#8320 = CARTESIAN_POINT ( 'NONE',  ( -2.439808851232277753, -2.799999999999999378, 5.684137763270395105 ) ) ;
#8321 = LINE ( 'NONE', #6116, #541 ) ;
#8322 = CARTESIAN_POINT ( 'NONE',  ( -0.4567307692307696065, -1.469999999999999973, 6.499999999999988454 ) ) ;
#8323 = FILL_AREA_STYLE ('',( #3546 ) ) ;
#8324 = EDGE_LOOP ( 'NONE', ( #2135, #4870, #131, #3674 ) ) ;
#8325 = CARTESIAN_POINT ( 'NONE',  ( -4.888473975752634537, -0.3103890746951379898, 4.500831125975643943 ) ) ;
#8326 = ADVANCED_FACE ( 'NONE', ( #5119 ), #3500, .F. ) ;
#8327 = VECTOR ( 'NONE', #4326, 1000.000000000000000 ) ;
#8328 =( NAMED_UNIT ( * ) SI_UNIT ( $, .STERADIAN. ) SOLID_ANGLE_UNIT ( ) );
#8329 = CARTESIAN_POINT ( 'NONE',  ( -3.300000000004133405, 0.3000000000000003775, 1.400000000009691714 ) ) ;
#8330 = UNCERTAINTY_MEASURE_WITH_UNIT (LENGTH_MEASURE( 1.000000000000000082E-05 ), #3415, 'distance_accuracy_value', 'NONE');
#8331 = ORIENTED_EDGE ( 'NONE', *, *, #4670, .T. ) ;
#8332 = STYLED_ITEM ( 'NONE', ( #5589 ), #7069 ) ;
#8333 = ADVANCED_FACE ( 'NONE', ( #7272 ), #4597, .F. ) ;
#8334 = LINE ( 'NONE', #6852, #7059 ) ;
#8335 = VECTOR ( 'NONE', #6767, 1000.000000000000000 ) ;
#8336 = LINE ( 'NONE', #1344, #6614 ) ;
#8337 = ORIENTED_EDGE ( 'NONE', *, *, #8029, .T. ) ;
#8338 = CARTESIAN_POINT ( 'NONE',  ( 2.083434596217820900, -1.469999999999999529, 6.489678087928112404 ) ) ;
#8339 = LINE ( 'NONE', #7455, #7887 ) ;
#8340 = FACE_OUTER_BOUND ( 'NONE', #8091, .T. ) ;
#8341 = PRESENTATION_LAYER_ASSIGNMENT (  '', '', ( #2261 ) ) ;
#8342 = VECTOR ( 'NONE', #4884, 1000.000000000000000 ) ;
#8343 = ORIENTED_EDGE ( 'NONE', *, *, #2390, .F. ) ;
#8344 =( NAMED_UNIT ( * ) SI_UNIT ( $, .STERADIAN. ) SOLID_ANGLE_UNIT ( ) );
#8345 = EDGE_CURVE ( 'NONE', #8950, #7896, #6009, .T. ) ;
#8346 = CARTESIAN_POINT ( 'NONE',  ( 0.7808532977818640752, -1.470000000000000862, 5.507371008886814856 ) ) ;
#8347 = EDGE_CURVE ( 'NONE', #4714, #4659, #1750, .T. ) ;
#8348 = CARTESIAN_POINT ( 'NONE',  ( -1.699999999989652233, -0.2999999999999999334, 2.499999999994362287 ) ) ;
#8349 = PRESENTATION_LAYER_ASSIGNMENT (  '', '', ( #4100 ) ) ;
#8350 = B_SPLINE_CURVE_WITH_KNOTS ( 'NONE', 3,
 ( #373, #3839, #4636, #1840, #5403, #4681, #3977, #8050, #7462, #3881, #5212, #7410, #3275, #6775, #3321, #2425, #7315, #6051, #6140 ),
 .UNSPECIFIED., .F., .F.,
 ( 4, 1, 1, 1, 1, 1, 1, 1, 1, 1, 1, 1, 1, 1, 1, 1, 4 ),
 ( 0.000000000000000000, 0.06126967669464648131, 0.1177798633223624963, 0.1706767282225185312, 0.2204689921291518029, 0.2671038199763641208, 0.3123918216487449051, 0.3563521731275232640, 0.3997590831590827620, 0.4468925721889898672, 0.5001099056923322683, 0.5619020280420478075, 0.6319557908709236838, 0.7100982931768979878, 0.7972115037322815567, 0.8942942003164688902, 1.000000000000000000 ),
 .UNSPECIFIED. ) ;
#8351 = CARTESIAN_POINT ( 'NONE',  ( 2.198768054264735650, -1.470000000000000417, 5.554478016624524450 ) ) ;
#8352 = PRESENTATION_STYLE_ASSIGNMENT (( #6968 ) ) ;
#8353 = CARTESIAN_POINT ( 'NONE',  ( -1.435897435897436125, -1.469999999999999973, 6.230769230769219291 ) ) ;
#8354 = CARTESIAN_POINT ( 'NONE',  ( -1.964426656897800605, -2.799999999999999378, 5.368747903966044177 ) ) ;
#8355 = FILL_AREA_STYLE ('',( #2741 ) ) ;
#8356 = CARTESIAN_POINT ( 'NONE',  ( -1.038461538461538991, -1.469999999999999973, 5.499999999999988454 ) ) ;
#8357 = VERTEX_POINT ( 'NONE', #6591 ) ;
#8358 = CARTESIAN_POINT ( 'NONE',  ( -3.999999999999902744, -2.799999999999999822, 13.90000000000002700 ) ) ;
#8359 = VERTEX_POINT ( 'NONE', #2380 ) ;
#8360 = VERTEX_POINT ( 'NONE', #4499 ) ;
#8361 = FILL_AREA_STYLE_COLOUR ( '', #2210 ) ;
#8362 = PRESENTATION_STYLE_ASSIGNMENT (( #8487 ) ) ;
#8363 = FACE_OUTER_BOUND ( 'NONE', #623, .T. ) ;
#8364 = ORIENTED_EDGE ( 'NONE', *, *, #3630, .T. ) ;
#8365 = SURFACE_STYLE_FILL_AREA ( #3539 ) ;
#8366 = CARTESIAN_POINT ( 'NONE',  ( 2.018408456987009991, -1.469999999999999085, 5.502756934279689816 ) ) ;
#8367 = DIRECTION ( 'NONE',  ( -0.000000000000000000, -1.000000000000000000, 0.000000000000000000 ) ) ;
#8368 = CARTESIAN_POINT ( 'NONE',  ( -2.060344111597290695, -2.799999999999998934, 5.225444085909124681 ) ) ;
#8369 = ORIENTED_EDGE ( 'NONE', *, *, #5763, .F. ) ;
#8370 = PLANE ( 'NONE',  #7925 ) ;
#8371 = CARTESIAN_POINT ( 'NONE',  ( -1.886114828302981827, -1.469999999999999529, 5.490130587549082897 ) ) ;
#8372 = CARTESIAN_POINT ( 'NONE',  ( -0.3651842948717951010, -2.799999999999999822, 5.730769230769219291 ) ) ;
#8373 = ORIENTED_EDGE ( 'NONE', *, *, #5808, .T. ) ;
#8374 = DIRECTION ( 'NONE',  ( 1.000000000000000000, 0.000000000000000000, -0.000000000000000000 ) ) ;
#8375 =( LENGTH_UNIT ( ) NAMED_UNIT ( * ) SI_UNIT ( .MILLI., .METRE. ) );
#8376 = CARTESIAN_POINT ( 'NONE',  ( 0.3998064119479684542, 2.200000000000000178, 0.08578643762691283425 ) ) ;
#8377 = VERTEX_POINT ( 'NONE', #5354 ) ;
#8378 = CARTESIAN_POINT ( 'NONE',  ( 2.083434596217820900, -2.799999999999999378, 6.489678087928112404 ) ) ;
#8379 = STYLED_ITEM ( 'NONE', ( #4964 ), #4202 ) ;
#8380 = FILL_AREA_STYLE_COLOUR ( '', #3620 ) ;
#8381 = DIRECTION ( 'NONE',  ( 6.982962677686266711E-15, 0.000000000000000000, 1.000000000000000000 ) ) ;
#8382 = ORIENTED_EDGE ( 'NONE', *, *, #1789, .T. ) ;
#8383 = FILL_AREA_STYLE_COLOUR ( '', #2756 ) ;
#8384 = FILL_AREA_STYLE ('',( #2572 ) ) ;
#8385 =( NAMED_UNIT ( * ) SI_UNIT ( $, .STERADIAN. ) SOLID_ANGLE_UNIT ( ) );
#8386 = DIRECTION ( 'NONE',  ( -1.000000000000000000, 0.000000000000000000, 6.982962677686267499E-15 ) ) ;
#8387 = VECTOR ( 'NONE', #3466, 1000.000000000000000 ) ;
#8388 = SURFACE_SIDE_STYLE ('',( #7133 ) ) ;
#8389 = PRESENTATION_STYLE_ASSIGNMENT (( #1356 ) ) ;
#8390 = CARTESIAN_POINT ( 'NONE',  ( -2.011746619523451240, -2.800000000000000266, 5.359082679887531064 ) ) ;
#8391 = ADVANCED_FACE ( 'NONE', ( #8150 ), #8803, .T. ) ;
#8392 =( GEOMETRIC_REPRESENTATION_CONTEXT ( 3 ) GLOBAL_UNCERTAINTY_ASSIGNED_CONTEXT ( ( #8772 ) ) GLOBAL_UNIT_ASSIGNED_CONTEXT ( ( #5595, #1451, #7096 ) ) REPRESENTATION_CONTEXT ( 'NONE', 'WORKASPACE' ) );
#8393 = CARTESIAN_POINT ( 'NONE',  ( -2.076923076923077538, -2.800000000000000266, 5.228565705128193741 ) ) ;
#8394 = VECTOR ( 'NONE', #1167, 1000.000000000000000 ) ;
#8395 = UNCERTAINTY_MEASURE_WITH_UNIT (LENGTH_MEASURE( 1.000000000000000082E-05 ), #8854, 'distance_accuracy_value', 'NONE');
#8396 = EDGE_CURVE ( 'NONE', #863, #6120, #4685, .T. ) ;
#8397 = CARTESIAN_POINT ( 'NONE',  ( 0.3998064119479434186, 2.799999999999999822, -3.500000000000002665 ) ) ;
#8398 = EDGE_CURVE ( 'NONE', #5739, #4383, #8656, .T. ) ;
#8399 = ORIENTED_EDGE ( 'NONE', *, *, #8215, .T. ) ;
#8400 = PLANE ( 'NONE',  #7446 ) ;
#8401 = ORIENTED_EDGE ( 'NONE', *, *, #2879, .F. ) ;
#8402 = MECHANICAL_DESIGN_GEOMETRIC_PRESENTATION_REPRESENTATION (  '', ( #616 ), #6491 ) ;
#8403 = PRESENTATION_LAYER_ASSIGNMENT (  '', '', ( #313 ) ) ;
#8404 = ORIENTED_EDGE ( 'NONE', *, *, #704, .T. ) ;
#8405 = FILL_AREA_STYLE_COLOUR ( '', #5086 ) ;
#8406 = EDGE_CURVE ( 'NONE', #6253, #2503, #2477, .T. ) ;
#8407 = UNCERTAINTY_MEASURE_WITH_UNIT (LENGTH_MEASURE( 1.000000000000000082E-05 ), #908, 'distance_accuracy_value', 'NONE');
#8408 = CARTESIAN_POINT ( 'NONE',  ( 1.994071716934391336, -2.800000000000000266, 5.501293701023815430 ) ) ;
#8409 = PRESENTATION_LAYER_ASSIGNMENT (  '', '', ( #4317 ) ) ;
#8410 = DIRECTION ( 'NONE',  ( 0.000000000000000000, 0.000000000000000000, -1.000000000000000000 ) ) ;
#8411 = CARTESIAN_POINT ( 'NONE',  ( 0.9742730368321832479, -2.799999999999999822, 5.859574379327906257 ) ) ;
#8412 = FILL_AREA_STYLE_COLOUR ( '', #3690 ) ;
#8413 = ORIENTED_EDGE ( 'NONE', *, *, #454, .T. ) ;
#8414 = LINE ( 'NONE', #4381, #5738 ) ;
#8415 = CARTESIAN_POINT ( 'NONE',  ( -1.891328538954384575, -1.469999999999999529, 5.471082355559929056 ) ) ;
#8416 = VERTEX_POINT ( 'NONE', #5307 ) ;
#8417 = DIRECTION ( 'NONE',  ( 0.000000000000000000, 0.000000000000000000, -1.000000000000000000 ) ) ;
#8418 = VECTOR ( 'NONE', #2697, 999.9999999999998863 ) ;
#8419 = LINE ( 'NONE', #8372, #3181 ) ;
#8420 = VERTEX_POINT ( 'NONE', #4550 ) ;
#8421 = CARTESIAN_POINT ( 'NONE',  ( -4.999999999999948486, -0.2999999999999999334, 1.400000000009703705 ) ) ;
#8422 = DIRECTION ( 'NONE',  ( 0.000000000000000000, -1.000000000000000000, 0.000000000000000000 ) ) ;
#8423 = LINE ( 'NONE', #7040, #746 ) ;
#8424 = ORIENTED_EDGE ( 'NONE', *, *, #2861, .T. ) ;
#8425 = CARTESIAN_POINT ( 'NONE',  ( -4.999999999999903189, -1.499999999999999778, 13.90000000000003411 ) ) ;
#8426 = PRESENTATION_LAYER_ASSIGNMENT (  '', '', ( #6238 ) ) ;
#8427 = CARTESIAN_POINT ( 'NONE',  ( -2.660558359195063005, -2.799999999999999822, 5.552913286537726201 ) ) ;
#8428 = CARTESIAN_POINT ( 'NONE',  ( 0.6422275641025636528, -1.469999999999999973, 5.487179487179475679 ) ) ;
#8429 = EDGE_CURVE ( 'NONE', #2051, #2266, #8009, .T. ) ;
#8430 = ADVANCED_FACE ( 'NONE', ( #3090 ), #8103, .T. ) ;
#8431 = SURFACE_SIDE_STYLE ('',( #4223 ) ) ;
#8432 = PRESENTATION_LAYER_ASSIGNMENT (  '', '', ( #1530 ) ) ;
#8433 = DIRECTION ( 'NONE',  ( 0.000000000000000000, -1.000000000000000000, 0.000000000000000000 ) ) ;
#8434 = SURFACE_STYLE_FILL_AREA ( #5548 ) ;
#8435 = ADVANCED_FACE ( 'NONE', ( #3936 ), #6777, .T. ) ;
#8436 = CARTESIAN_POINT ( 'NONE',  ( -2.679685391090110169, -2.800000000000000266, 5.722148282470131520 ) ) ;
#8437 = DIRECTION ( 'NONE',  ( 0.000000000000000000, -1.000000000000000000, 0.000000000000000000 ) ) ;
#8438 = DIRECTION ( 'NONE',  ( 0.9552336462725032895, 0.000000000000000000, -0.2958524649701909648 ) ) ;
#8439 = CARTESIAN_POINT ( 'NONE',  ( -2.403142890554738287, -1.469999999999999973, 5.780002515545284325 ) ) ;
#8440 =( NAMED_UNIT ( * ) PLANE_ANGLE_UNIT ( ) SI_UNIT ( $, .RADIAN. ) );
#8441 = STYLED_ITEM ( 'NONE', ( #1324 ), #4711 ) ;
#8442 = CARTESIAN_POINT ( 'NONE',  ( -2.002351331101911214, -2.800000000000001155, 5.359291226969141952 ) ) ;
#8443 = CARTESIAN_POINT ( 'NONE',  ( -4.999999999999963585, 0.3000000000000003775, 4.500000000000034639 ) ) ;
#8444 = VERTEX_POINT ( 'NONE', #562 ) ;
#8445 = ADVANCED_FACE ( 'NONE', ( #8996, #2681, #4906, #4179, #8298, #7625, #1991, #3326, #7665 ), #3278, .T. ) ;
#8446 = ORIENTED_EDGE ( 'NONE', *, *, #8029, .F. ) ;
#8447 = DIRECTION ( 'NONE',  ( 1.000000000000000000, 0.000000000000000000, -6.982962677686266711E-15 ) ) ;
#8448 = SURFACE_STYLE_USAGE ( .BOTH. , #7110 ) ;
#8449 = EDGE_LOOP ( 'NONE', ( #6998, #9004, #1009, #7503 ) ) ;
#8450 = CARTESIAN_POINT ( 'NONE',  ( 0.000000000000000000, -1.469999999999999973, 0.000000000000000000 ) ) ;
#8451 =( LENGTH_UNIT ( ) NAMED_UNIT ( * ) SI_UNIT ( .MILLI., .METRE. ) );
#8452 = LINE ( 'NONE', #7068, #979 ) ;
#8453 = EDGE_CURVE ( 'NONE', #3385, #5783, #2262, .T. ) ;
#8454 = ORIENTED_EDGE ( 'NONE', *, *, #563, .F. ) ;
#8455 = LINE ( 'NONE', #6990, #5135 ) ;
#8456 = CARTESIAN_POINT ( 'NONE',  ( -1.901658146994245291, -1.470000000000000417, 5.444289088124378395 ) ) ;
#8457 = ORIENTED_EDGE ( 'NONE', *, *, #2655, .F. ) ;
#8458 = DIRECTION ( 'NONE',  ( 1.000000000000000000, -0.000000000000000000, -6.982962677686266711E-15 ) ) ;
#8459 = DIRECTION ( 'NONE',  ( 1.000000000000000000, 0.000000000000000000, 0.000000000000000000 ) ) ;
#8460 = CARTESIAN_POINT ( 'NONE',  ( -2.563217847720816067, -1.469999999999999973, 5.628806477441380629 ) ) ;
#8461 = ORIENTED_EDGE ( 'NONE', *, *, #7726, .T. ) ;
#8462 = VECTOR ( 'NONE', #3563, 1000.000000000000114 ) ;
#8463 = CARTESIAN_POINT ( 'NONE',  ( 2.198768054264735650, -1.470000000000000417, 5.554478016624524450 ) ) ;
#8464 = CARTESIAN_POINT ( 'NONE',  ( 0.6546474358974356811, -1.469999999999999973, 5.653846153846141753 ) ) ;
#8465 = ORIENTED_EDGE ( 'NONE', *, *, #2524, .F. ) ;
#8466 = FILL_AREA_STYLE_COLOUR ( '', #2189 ) ;
#8467 = DIRECTION ( 'NONE',  ( 6.982962677686266711E-15, 0.000000000000000000, 1.000000000000000000 ) ) ;
#8468 = CARTESIAN_POINT ( 'NONE',  ( -0.7999999999999760636, 1.000000000000000444, 3.414213562373153987 ) ) ;
#8469 = CARTESIAN_POINT ( 'NONE',  ( 0.5284877067577918863, -1.469999999999999529, 5.793096128731905381 ) ) ;
#8470 = AXIS2_PLACEMENT_3D ( 'NONE', #5004, #2805, #1515 ) ;
#8471 = VECTOR ( 'NONE', #1848, 1000.000000000000000 ) ;
#8472 = CARTESIAN_POINT ( 'NONE',  ( -3.300000000004112088, 0.3000000000000003775, 4.500000000000023093 ) ) ;
#8473 = CARTESIAN_POINT ( 'NONE',  ( -2.671966160639841714, -2.799999999999998046, 6.032537728661957921 ) ) ;
#8474 = CARTESIAN_POINT ( 'NONE',  ( 0.7019702233305031847, -2.800000000000000266, 5.490011385627592055 ) ) ;
#8475 = CARTESIAN_POINT ( 'NONE',  ( 1.564102564102564097, -1.469999999999999973, 6.499999999999988454 ) ) ;
#8476 =( NAMED_UNIT ( * ) SI_UNIT ( $, .STERADIAN. ) SOLID_ANGLE_UNIT ( ) );
#8477 = CARTESIAN_POINT ( 'NONE',  ( -0.7999999999999795053, 0.5050252531694117142, 2.919238815542577026 ) ) ;
#8478 = CARTESIAN_POINT ( 'NONE',  ( 0.3443273222327316030, -2.799999999999998934, 5.709279140476642311 ) ) ;
#8479 = DIRECTION ( 'NONE',  ( -1.000000000000000000, 0.000000000000000000, 0.000000000000000000 ) ) ;
#8480 = PLANE ( 'NONE',  #913 ) ;
#8481 = PRESENTATION_LAYER_ASSIGNMENT (  '', '', ( #2152 ) ) ;
#8482 = DIRECTION ( 'NONE',  ( -4.956352788505157943E-15, -0.7071067811865527908, -0.7071067811865421326 ) ) ;
#8483 = PRESENTATION_LAYER_ASSIGNMENT (  '', '', ( #1687 ) ) ;
#8484 = ORIENTED_EDGE ( 'NONE', *, *, #8347, .T. ) ;
#8485 = VECTOR ( 'NONE', #7588, 1000.000000000000000 ) ;
#8486 = CARTESIAN_POINT ( 'NONE',  ( -2.051614842506959135, -1.469999999999999529, 5.361039149196423104 ) ) ;
#8487 = SURFACE_STYLE_USAGE ( .BOTH. , #5736 ) ;
#8488 = DIRECTION ( 'NONE',  ( -1.000000000000000000, 0.000000000000000000, 6.982962677686266711E-15 ) ) ;
#8489 = ORIENTED_EDGE ( 'NONE', *, *, #6615, .T. ) ;
#8490 = FILL_AREA_STYLE ('',( #8405 ) ) ;
#8491 = CARTESIAN_POINT ( 'NONE',  ( 2.396635734119596961, -2.799999999999999378, 5.932141837859732370 ) ) ;
#8492 = MECHANICAL_DESIGN_GEOMETRIC_PRESENTATION_REPRESENTATION (  '', ( #7768 ), #4112 ) ;
#8493 = ORIENTED_EDGE ( 'NONE', *, *, #3052, .T. ) ;
#8494 = EDGE_CURVE ( 'NONE', #2926, #568, #4589, .T. ) ;
#8495 = FILL_AREA_STYLE ('',( #5706 ) ) ;
#8496 = ORIENTED_EDGE ( 'NONE', *, *, #8230, .F. ) ;
#8497 = DIRECTION ( 'NONE',  ( -0.3437618826832610219, 0.000000000000000000, 0.9390568502567135933 ) ) ;
#8498 = EDGE_CURVE ( 'NONE', #3350, #695, #8533, .T. ) ;
#8499 = CARTESIAN_POINT ( 'NONE',  ( 0.5256410256410256610, -1.469999999999999973, 5.833333333333321491 ) ) ;
#8500 = CARTESIAN_POINT ( 'NONE',  ( 2.159059257485737238, -1.469999999999999529, 6.234419797124265195 ) ) ;
#8501 = ORIENTED_EDGE ( 'NONE', *, *, #425, .T. ) ;
#8502 = EDGE_CURVE ( 'NONE', #2224, #3722, #7050, .T. ) ;
#8503 = LINE ( 'NONE', #8421, #6563 ) ;
#8504 = EDGE_CURVE ( 'NONE', #6992, #1160, #197, .T. ) ;
#8505 = DIRECTION ( 'NONE',  ( -1.000000000000000000, 0.000000000000000000, 6.982962677686266711E-15 ) ) ;
#8506 = ORIENTED_EDGE ( 'NONE', *, *, #3143, .T. ) ;
#8507 = SURFACE_SIDE_STYLE ('',( #4397 ) ) ;
#8508 = CARTESIAN_POINT ( 'NONE',  ( 0.7536836956044059566, -2.799999999999998934, 5.692582978109148151 ) ) ;
#8509 = PLANE ( 'NONE',  #4216 ) ;
#8510 = VECTOR ( 'NONE', #7251, 1000.000000000000000 ) ;
#8511 = CARTESIAN_POINT ( 'NONE',  ( 2.042668269230769162, -2.799999999999999822, 5.676282051282039554 ) ) ;
#8512 = EDGE_CURVE ( 'NONE', #7777, #1131, #6330, .T. ) ;
#8513 = DIRECTION ( 'NONE',  ( 6.982962677686266711E-15, 0.000000000000000000, 1.000000000000000000 ) ) ;
#8514 = CARTESIAN_POINT ( 'NONE',  ( -2.625442948650920982, -1.470000000000000862, 6.081068969580923245 ) ) ;
#8515 = LINE ( 'NONE', #2202, #6886 ) ;
#8516 = VECTOR ( 'NONE', #7819, 1000.000000000000000 ) ;
#8517 = SURFACE_STYLE_FILL_AREA ( #5724 ) ;
#8518 = CARTESIAN_POINT ( 'NONE',  ( 2.363813535202949012, -2.800000000000000711, 5.768725478682553032 ) ) ;
#8519 = DIRECTION ( 'NONE',  ( -0.000000000000000000, -1.000000000000000000, -0.000000000000000000 ) ) ;
#8520 = CARTESIAN_POINT ( 'NONE',  ( 0.3998064119479742828, 1.565685424949240012, 1.010050506338884491 ) ) ;
#8521 =( NAMED_UNIT ( * ) PLANE_ANGLE_UNIT ( ) SI_UNIT ( $, .RADIAN. ) );
#8522 = LINE ( 'NONE', #2740, #1483 ) ;
#8523 = CARTESIAN_POINT ( 'NONE',  ( 0.9743589743589740060, -2.799999999999999822, 6.499999999999988454 ) ) ;
#8524 = STYLED_ITEM ( 'NONE', ( #2530 ), #1586 ) ;
#8525 = PLANE ( 'NONE',  #1517 ) ;
#8526 = PRESENTATION_LAYER_ASSIGNMENT (  '', '', ( #1756 ) ) ;
#8527 = ORIENTED_EDGE ( 'NONE', *, *, #341, .F. ) ;
#8528 = FILL_AREA_STYLE ('',( #3534 ) ) ;
#8529 = VECTOR ( 'NONE', #2071, 1000.000000000000114 ) ;
#8530 = STYLED_ITEM ( 'NONE', ( #8352 ), #8435 ) ;
#8531 = ORIENTED_EDGE ( 'NONE', *, *, #1511, .F. ) ;
#8532 = EDGE_CURVE ( 'NONE', #4967, #7653, #1535, .T. ) ;
#8533 = B_SPLINE_CURVE_WITH_KNOTS ( 'NONE', 3,
 ( #2127, #3698, #3612, #5110, #5771, #4322, #793, #836, #3575, #8562, #4987, #3526, #6498, #2909, #8478, #7913, #1575, #4367, #5727 ),
 .UNSPECIFIED., .F., .F.,
 ( 4, 1, 1, 1, 1, 1, 1, 1, 1, 1, 1, 1, 1, 1, 1, 1, 4 ),
 ( 0.000000000000000000, 0.06962928586374701745, 0.1353656141958089476, 0.1977563563893328102, 0.2577792468294478612, 0.3154368108510214319, 0.3720589017615184013, 0.4278757282096487535, 0.4836577452833621948, 0.5401768316285148197, 0.5974274128199860145, 0.6567202518934099897, 0.7182476964805618591, 0.7827623626465201045, 0.8511477720117531787, 0.9234178227313181164, 1.000000000000000000 ),
 .UNSPECIFIED. ) ;
#8534 = PRESENTATION_LAYER_ASSIGNMENT (  '', '', ( #5754 ) ) ;
#8535 = CARTESIAN_POINT ( 'NONE',  ( 0.9000000000000200062, 0.5723611075682351057, 2.851902961143741422 ) ) ;
#8536 = ORIENTED_EDGE ( 'NONE', *, *, #1396, .F. ) ;
#8537 = PRESENTATION_STYLE_ASSIGNMENT (( #1552 ) ) ;
#8538 = CARTESIAN_POINT ( 'NONE',  ( -2.002351331101911214, -1.470000000000001306, 5.359291226969141952 ) ) ;
#8539 = ORIENTED_EDGE ( 'NONE', *, *, #4765, .F. ) ;
#8540 = CARTESIAN_POINT ( 'NONE',  ( 0.8000000000000203615, 0.5050252531694117142, 2.919238815542565479 ) ) ;
#8541 = EDGE_CURVE ( 'NONE', #4195, #7338, #6454, .T. ) ;
#8542 = ORIENTED_EDGE ( 'NONE', *, *, #6909, .F. ) ;
#8543 = VECTOR ( 'NONE', #5404, 1000.000000000000000 ) ;
#8544 = STYLED_ITEM ( 'NONE', ( #6899 ), #5930 ) ;
#8545 = VERTEX_POINT ( 'NONE', #2167 ) ;
#8546 =( LENGTH_UNIT ( ) NAMED_UNIT ( * ) SI_UNIT ( .MILLI., .METRE. ) );
#8547 = EDGE_CURVE ( 'NONE', #7122, #1382, #6411, .T. ) ;
#8548 = CARTESIAN_POINT ( 'NONE',  ( -2.544070512820513219, -1.469999999999999973, 5.628205128205116203 ) ) ;
#8549 = ORIENTED_EDGE ( 'NONE', *, *, #5155, .T. ) ;
#8550 = DIRECTION ( 'NONE',  ( -0.000000000000000000, -1.000000000000000000, -0.000000000000000000 ) ) ;
#8551 = VECTOR ( 'NONE', #93, 1000.000000000000000 ) ;
#8552 = CARTESIAN_POINT ( 'NONE',  ( -2.705128205128205288, -1.469999999999999973, 5.605568910256399029 ) ) ;
#8553 = CARTESIAN_POINT ( 'NONE',  ( 2.089701039165712704, -1.470000000000000862, 5.692382543631540948 ) ) ;
#8554 = FACE_OUTER_BOUND ( 'NONE', #8324, .T. ) ;
#8555 =( GEOMETRIC_REPRESENTATION_CONTEXT ( 3 ) GLOBAL_UNCERTAINTY_ASSIGNED_CONTEXT ( ( #1410 ) ) GLOBAL_UNIT_ASSIGNED_CONTEXT ( ( #7799, #7055, #5255 ) ) REPRESENTATION_CONTEXT ( 'NONE', 'WORKASPACE' ) );
#8556 = CARTESIAN_POINT ( 'NONE',  ( -2.612014768042357105, -2.799999999999998490, 6.089003217938922852 ) ) ;
#8557 = SURFACE_SIDE_STYLE ('',( #7132 ) ) ;
#8558 = VECTOR ( 'NONE', #7275, 1000.000000000000000 ) ;
#8559 = FACE_OUTER_BOUND ( 'NONE', #2648, .T. ) ;
#8560 = DIRECTION ( 'NONE',  ( -0.000000000000000000, -1.000000000000000000, -0.000000000000000000 ) ) ;
#8561 = CARTESIAN_POINT ( 'NONE',  ( -2.500802452075058468, -2.800000000000000266, 5.635761026738703272 ) ) ;
#8562 = CARTESIAN_POINT ( 'NONE',  ( 0.4133721509282119455, -2.799999999999999822, 5.571626769892507269 ) ) ;
#8563 = EDGE_CURVE ( 'NONE', #573, #2231, #2207, .T. ) ;
#8564 = DIRECTION ( 'NONE',  ( 0.7071067811865398012, 0.5000000000000037748, -0.5000000000000071054 ) ) ;
#8565 = CARTESIAN_POINT ( 'NONE',  ( 2.322059354022887767, -2.799999999999999822, 5.678946567976477233 ) ) ;
#8566 = CARTESIAN_POINT ( 'NONE',  ( 2.300130296482709280, -2.800000000000000266, 6.354275391403580997 ) ) ;
#8567 = STYLED_ITEM ( 'NONE', ( #4048 ), #4331 ) ;
#8568 = UNCERTAINTY_MEASURE_WITH_UNIT (LENGTH_MEASURE( 1.000000000000000082E-05 ), #3802, 'distance_accuracy_value', 'NONE');
#8569 = VERTEX_POINT ( 'NONE', #7749 ) ;
#8570 = VECTOR ( 'NONE', #2002, 1000.000000000000000 ) ;
#8571 = DIRECTION ( 'NONE',  ( 0.000000000000000000, 1.000000000000000000, 0.000000000000000000 ) ) ;
#8572 = CARTESIAN_POINT ( 'NONE',  ( 1.861912322047492241, -2.799999999999999822, 6.333275883847963250 ) ) ;
#8573 = DIRECTION ( 'NONE',  ( -6.982962677686266711E-15, 0.000000000000000000, -1.000000000000000000 ) ) ;
#8574 = VERTEX_POINT ( 'NONE', #5029 ) ;
#8575 =( NAMED_UNIT ( * ) SI_UNIT ( $, .STERADIAN. ) SOLID_ANGLE_UNIT ( ) );
#8576 = DIRECTION ( 'NONE',  ( -0.9442512075612398137, 0.000000000000000000, 0.3292258450048242691 ) ) ;
#8577 = CARTESIAN_POINT ( 'NONE',  ( 1.941706730769231060, -2.800000000000000266, 5.499999999999989342 ) ) ;
#8578 = EDGE_CURVE ( 'NONE', #3908, #5140, #1452, .T. ) ;
#8579 = VERTEX_POINT ( 'NONE', #2871 ) ;
#8580 = PLANE ( 'NONE',  #8812 ) ;
#8581 = AXIS2_PLACEMENT_3D ( 'NONE', #111, #8438, #6284 ) ;
#8582 = ORIENTED_EDGE ( 'NONE', *, *, #2450, .F. ) ;
#8583 = FILL_AREA_STYLE_COLOUR ( '', #4613 ) ;
#8584 = EDGE_LOOP ( 'NONE', ( #600, #4625, #6336, #3877 ) ) ;
#8585 = LINE ( 'NONE', #8499, #3192 ) ;
#8586 = COLOUR_RGB ( '',0.8980392156862745390, 0.8980392156862745390, 0.8980392156862745390 ) ;
#8587 = ORIENTED_EDGE ( 'NONE', *, *, #5014, .T. ) ;
#8588 = COLOUR_RGB ( '',0.1019607843137254888, 0.1019607843137254888, 0.1019607843137254888 ) ;
#8589 = PRESENTATION_STYLE_ASSIGNMENT (( #2899 ) ) ;
#8590 = EDGE_CURVE ( 'NONE', #3315, #1849, #5792, .T. ) ;
#8591 = ORIENTED_EDGE ( 'NONE', *, *, #5452, .T. ) ;
#8592 = CARTESIAN_POINT ( 'NONE',  ( -2.407803257558838617, -1.469999999999999973, 5.970683705766327343 ) ) ;
#8593 = VERTEX_POINT ( 'NONE', #8793 ) ;
#8594 = CLOSED_SHELL ( 'NONE', ( #5290, #8889, #5654, #8724, #7549, #8721, #90, #6586, #8333, #8906, #4202, #9023 ) ) ;
#8595 = FILL_AREA_STYLE ('',( #8466 ) ) ;
#8596 = PLANE ( 'NONE',  #6999 ) ;
#8597 =( LENGTH_UNIT ( ) NAMED_UNIT ( * ) SI_UNIT ( .MILLI., .METRE. ) );
#8598 = AXIS2_PLACEMENT_3D ( 'NONE', #1256, #4673, #1157 ) ;
#8599 = CARTESIAN_POINT ( 'NONE',  ( 1.990539924338469824, -1.469999999999999529, 5.668919772381752153 ) ) ;
#8600 = ORIENTED_EDGE ( 'NONE', *, *, #7557, .F. ) ;
#8601 = ADVANCED_FACE ( 'NONE', ( #8089 ), #4582, .F. ) ;
#8602 = FILL_AREA_STYLE_COLOUR ( '', #1375 ) ;
#8603 = CARTESIAN_POINT ( 'NONE',  ( -2.671073717948718063, -1.469999999999999529, 5.707131410256399029 ) ) ;
#8604 = COLOUR_RGB ( '',0.6196078431372549211, 0.4117647058823529216, 0.2000000000000000111 ) ;
#8605 = CARTESIAN_POINT ( 'NONE',  ( -2.585524937837877513, -2.799999999999999822, 6.230150606911752931 ) ) ;
#8606 = DIRECTION ( 'NONE',  ( -1.000000000000000000, 0.000000000000000000, 6.982962677686267499E-15 ) ) ;
#8607 = DIRECTION ( 'NONE',  ( 6.982962677686266711E-15, 0.000000000000000000, 1.000000000000000000 ) ) ;
#8608 = CARTESIAN_POINT ( 'NONE',  ( -2.519104690080674391, -1.470000000000000862, 6.099221058911898474 ) ) ;
#8609 = CARTESIAN_POINT ( 'NONE',  ( -1.769122336313158073, -2.800000000000000711, 5.310961845237994083 ) ) ;
#8610 = AXIS2_PLACEMENT_3D ( 'NONE', #4038, #1995, #8302 ) ;
#8611 = EDGE_CURVE ( 'NONE', #7309, #3803, #6354, .T. ) ;
#8612 = CARTESIAN_POINT ( 'NONE',  ( -0.3987158048003359156, 2.200000000000000178, 0.08578643762691841312 ) ) ;
#8613 = FACE_OUTER_BOUND ( 'NONE', #4741, .T. ) ;
#8614 = EDGE_CURVE ( 'NONE', #1349, #782, #3217, .T. ) ;
#8615 = DIRECTION ( 'NONE',  ( -6.982962677686266711E-15, 0.000000000000000000, -1.000000000000000000 ) ) ;
#8616 = COLOUR_RGB ( '',0.1019607843137254888, 0.1019607843137254888, 0.1019607843137254888 ) ;
#8617 = PRESENTATION_STYLE_ASSIGNMENT (( #7108 ) ) ;
#8618 = LINE ( 'NONE', #247, #4800 ) ;
#8619 = CARTESIAN_POINT ( 'NONE',  ( -1.435897435897436125, -2.799999999999999822, 6.230769230769219291 ) ) ;
#8620 = CARTESIAN_POINT ( 'NONE',  ( 0.3998064119479684542, 2.799999999999998934, 0.08578643762693538566 ) ) ;
#8621 = CARTESIAN_POINT ( 'NONE',  ( 2.021306391585921070, -2.799999999999999822, 6.324486162054541616 ) ) ;
#8622 = CARTESIAN_POINT ( 'NONE',  ( -2.501402243589744057, -1.469999999999999973, 6.243589743589732066 ) ) ;
#8623 = FILL_AREA_STYLE ('',( #3141 ) ) ;
#8624 = VECTOR ( 'NONE', #1207, 1000.000000000000000 ) ;
#8625 = VECTOR ( 'NONE', #2651, 1000.000000000000000 ) ;
#8626 = SURFACE_STYLE_FILL_AREA ( #8665 ) ;
#8627 = EDGE_LOOP ( 'NONE', ( #5338, #6179, #6804, #142 ) ) ;
#8628 = CARTESIAN_POINT ( 'NONE',  ( 1.997100030596193898, -2.799999999999998934, 6.328152935689876912 ) ) ;
#8629 = ORIENTED_EDGE ( 'NONE', *, *, #4968, .T. ) ;
#8630 = CARTESIAN_POINT ( 'NONE',  ( -2.433862437174349580, -1.470000000000000862, 5.492851370646681275 ) ) ;
#8631 = VERTEX_POINT ( 'NONE', #8649 ) ;
#8632 = CARTESIAN_POINT ( 'NONE',  ( -2.612014768042357105, -2.799999999999999378, 6.089003217938922852 ) ) ;
#8633 = CARTESIAN_POINT ( 'NONE',  ( 2.124185613264762740, -1.470000000000001306, 6.276700176863108993 ) ) ;
#8634 = ORIENTED_EDGE ( 'NONE', *, *, #5131, .F. ) ;
#8635 = ORIENTED_EDGE ( 'NONE', *, *, #6260, .F. ) ;
#8636 = CARTESIAN_POINT ( 'NONE',  ( -1.699999999989103783, 0.3000000000000003775, 4.500000000000011546 ) ) ;
#8637 = ORIENTED_EDGE ( 'NONE', *, *, #5591, .F. ) ;
#8638 = FACE_OUTER_BOUND ( 'NONE', #7154, .T. ) ;
#8639 = SURFACE_SIDE_STYLE ('',( #8033 ) ) ;
#8640 = CARTESIAN_POINT ( 'NONE',  ( 0.3998064119479684542, 2.200000000000000178, 0.08578643762691283425 ) ) ;
#8641 = CARTESIAN_POINT ( 'NONE',  ( 1.921808178870136219, -2.799999999999999822, 5.666723329158326550 ) ) ;
#8642 = STYLED_ITEM ( 'NONE', ( #4568 ), #805 ) ;
#8643 = ORIENTED_EDGE ( 'NONE', *, *, #8786, .T. ) ;
#8644 = DIRECTION ( 'NONE',  ( -0.000000000000000000, -1.000000000000000000, 0.000000000000000000 ) ) ;
#8645 = DIRECTION ( 'NONE',  ( 4.937700262164529898E-15, -0.7071067811865477948, 0.7071067811865473507 ) ) ;
#8646 = CARTESIAN_POINT ( 'NONE',  ( -2.558386301780876337, -2.800000000000000266, 6.237889336262984585 ) ) ;
#8647 = CARTESIAN_POINT ( 'NONE',  ( 2.067065781384140877, -2.799999999999999378, 5.682792517840594471 ) ) ;
#8648 = SURFACE_SIDE_STYLE ('',( #5865 ) ) ;
#8649 = CARTESIAN_POINT ( 'NONE',  ( 4.831250000000030909, 0.3000000000000003775, 4.499999999999966249 ) ) ;
#8650 = CARTESIAN_POINT ( 'NONE',  ( -2.440227632871590835, -2.800000000000000266, 6.045828655970503895 ) ) ;
#8651 = LINE ( 'NONE', #3787, #4016 ) ;
#8652 = LINE ( 'NONE', #2332, #4528 ) ;
#8653 = CARTESIAN_POINT ( 'NONE',  ( 2.396993671807989834, -2.799999999999998490, 6.024383024566519751 ) ) ;
#8654 = CARTESIAN_POINT ( 'NONE',  ( 4.000000000000052403, -2.799999999999999822, 7.399999999999972822 ) ) ;
#8655 = CARTESIAN_POINT ( 'NONE',  ( -1.948717948717949344, -1.469999999999999973, 6.230769230769219291 ) ) ;
#8656 = LINE ( 'NONE', #3842, #2659 ) ;
#8658 = ADVANCED_FACE ( 'NONE', ( #8137 ), #2416, .F. ) ;
#8657 = CARTESIAN_POINT ( 'NONE',  ( 2.103078686739824121, -1.469999999999999085, 6.292875265073742064 ) ) ;
#8659 =( NAMED_UNIT ( * ) SI_UNIT ( $, .STERADIAN. ) SOLID_ANGLE_UNIT ( ) );
#8660 =( LENGTH_UNIT ( ) NAMED_UNIT ( * ) SI_UNIT ( .MILLI., .METRE. ) );
#8661 = COLOUR_RGB ( '',0.6196078431372549211, 0.4117647058823529216, 0.2000000000000000111 ) ;
#8662 = LINE ( 'NONE', #6510, #8907 ) ;
#8663 = CARTESIAN_POINT ( 'NONE',  ( 2.203847879872439908, -2.800000000000000266, 6.054102295461954775 ) ) ;
#8664 = VECTOR ( 'NONE', #2813, 1000.000000000000000 ) ;
#8665 = FILL_AREA_STYLE ('',( #4609 ) ) ;
#8666 = ORIENTED_EDGE ( 'NONE', *, *, #3325, .T. ) ;
#8667 = CARTESIAN_POINT ( 'NONE',  ( -0.6885016025641029769, -2.799999999999999822, 5.897435897435885366 ) ) ;
#8668 = CARTESIAN_POINT ( 'NONE',  ( 1.851562499999999556, -1.469999999999999973, 6.333333333333321491 ) ) ;
#8669 = EDGE_CURVE ( 'NONE', #582, #2276, #8930, .T. ) ;
#8670 = ORIENTED_EDGE ( 'NONE', *, *, #906, .T. ) ;
#8671 = CARTESIAN_POINT ( 'NONE',  ( -2.481418484401058500, -2.799999999999999378, 5.487493171051645469 ) ) ;
#8672 = AXIS2_PLACEMENT_3D ( 'NONE', #8002, #6632, #4545 ) ;
#8673 = CARTESIAN_POINT ( 'NONE',  ( 2.079713370053583255, -1.469999999999999973, 6.306422843464059902 ) ) ;
#8674 = COLOUR_RGB ( '',0.8980392156862745390, 0.8980392156862745390, 0.8980392156862745390 ) ;
#8675 = EDGE_LOOP ( 'NONE', ( #5224, #3234, #8946, #360 ) ) ;
#8676 = PLANE ( 'NONE',  #840 ) ;
#8677 = EDGE_LOOP ( 'NONE', ( #6339, #7120, #5097, #8206 ) ) ;
#8678 = CARTESIAN_POINT ( 'NONE',  ( 3.300000000010319123, 0.3000000000000003775, 4.499999999999976019 ) ) ;
#8679 = ORIENTED_EDGE ( 'NONE', *, *, #4501, .T. ) ;
#8680 = CARTESIAN_POINT ( 'NONE',  ( 0.8000000000000199174, 0.5723611075682351057, 2.851902961143741866 ) ) ;
#8681 =( NAMED_UNIT ( * ) SI_UNIT ( $, .STERADIAN. ) SOLID_ANGLE_UNIT ( ) );
#8682 = CARTESIAN_POINT ( 'NONE',  ( 0.9742730368321832479, -1.469999999999999973, 5.859574379327906257 ) ) ;
#8683 = VECTOR ( 'NONE', #6053, 1000.000000000000114 ) ;
#8684 = VECTOR ( 'NONE', #8972, 1000.000000000000000 ) ;
#8685 = FACE_OUTER_BOUND ( 'NONE', #1257, .T. ) ;
#8686 = EDGE_LOOP ( 'NONE', ( #4809, #5585, #7473, #3509 ) ) ;
#8687 = DIRECTION ( 'NONE',  ( 1.000000000000000000, 0.000000000000000000, 0.000000000000000000 ) ) ;
#8688 = CARTESIAN_POINT ( 'NONE',  ( 4.000000000000052403, -1.499999999999999778, 7.399999999999972822 ) ) ;
#8689 = MECHANICAL_DESIGN_GEOMETRIC_PRESENTATION_REPRESENTATION (  '', ( #7523 ), #4327 ) ;
#8690 = SURFACE_STYLE_FILL_AREA ( #6673 ) ;
#8691 = EDGE_CURVE ( 'NONE', #1686, #945, #9035, .T. ) ;
#8692 = FACE_OUTER_BOUND ( 'NONE', #618, .T. ) ;
#8693 = CARTESIAN_POINT ( 'NONE',  ( -2.514732133088120491, -2.799999999999999378, 5.631333225875626347 ) ) ;
#8694 =( LENGTH_UNIT ( ) NAMED_UNIT ( * ) SI_UNIT ( .MILLI., .METRE. ) );
#8695 =( NAMED_UNIT ( * ) PLANE_ANGLE_UNIT ( ) SI_UNIT ( $, .RADIAN. ) );
#8696 = CARTESIAN_POINT ( 'NONE',  ( 2.322059354022887767, -1.469999999999999973, 5.678946567976477233 ) ) ;
#8697 = CARTESIAN_POINT ( 'NONE',  ( 2.372716836757134740, -2.799999999999998934, 6.201840314937594023 ) ) ;
#8698 = AXIS2_PLACEMENT_3D ( 'NONE', #5956, #929, #282 ) ;
#8699 = PRESENTATION_LAYER_ASSIGNMENT (  '', '', ( #7692 ) ) ;
#8700 = CARTESIAN_POINT ( 'NONE',  ( 2.384889061623495010, -1.469999999999999529, 6.148280647444117619 ) ) ;
#8701 = EDGE_CURVE ( 'NONE', #801, #1711, #8339, .T. ) ;
#8702 =( NAMED_UNIT ( * ) PLANE_ANGLE_UNIT ( ) SI_UNIT ( $, .RADIAN. ) );
#8703 = CARTESIAN_POINT ( 'NONE',  ( -2.501402243589744057, -2.799999999999999822, 6.243589743589732066 ) ) ;
#8704 = CARTESIAN_POINT ( 'NONE',  ( -1.735873485239405989, -2.800000000000000266, 5.374618689166469565 ) ) ;
#8705 = DIRECTION ( 'NONE',  ( -6.982962677686266711E-15, 0.000000000000000000, -1.000000000000000000 ) ) ;
#8706 = CARTESIAN_POINT ( 'NONE',  ( 2.182464816906516614, -1.470000000000000417, 6.183595419584982267 ) ) ;
#8707 = FACE_OUTER_BOUND ( 'NONE', #3721, .T. ) ;
#8708 = DIRECTION ( 'NONE',  ( 1.000000000000000000, -0.000000000000000000, -6.982962677686267499E-15 ) ) ;
#8709 = STYLED_ITEM ( 'NONE', ( #6507 ), #4442 ) ;
#8710 =( LENGTH_UNIT ( ) NAMED_UNIT ( * ) SI_UNIT ( .MILLI., .METRE. ) );
#8711 = CARTESIAN_POINT ( 'NONE',  ( 0.5497945699170934120, -2.799999999999999822, 5.712231789916597080 ) ) ;
#8712 = EDGE_CURVE ( 'NONE', #1373, #4150, #3470, .T. ) ;
#8713 =( GEOMETRIC_REPRESENTATION_CONTEXT ( 3 ) GLOBAL_UNCERTAINTY_ASSIGNED_CONTEXT ( ( #8568 ) ) GLOBAL_UNIT_ASSIGNED_CONTEXT ( ( #3802, #8714, #6019 ) ) REPRESENTATION_CONTEXT ( 'NONE', 'WORKASPACE' ) );
#8714 =( NAMED_UNIT ( * ) PLANE_ANGLE_UNIT ( ) SI_UNIT ( $, .RADIAN. ) );
#8715 = ORIENTED_EDGE ( 'NONE', *, *, #6323, .F. ) ;
#8716 = CARTESIAN_POINT ( 'NONE',  ( 5.000000000000026645, -1.500000000000000000, 3.899999999999969713 ) ) ;
#8717 = SURFACE_STYLE_FILL_AREA ( #8495 ) ;
#8718 = VECTOR ( 'NONE', #474, 1000.000000000000000 ) ;
#8719 = ORIENTED_EDGE ( 'NONE', *, *, #3636, .T. ) ;
#8720 = CARTESIAN_POINT ( 'NONE',  ( -2.209695744097953884, -1.469999999999999529, 5.786121059280675105 ) ) ;
#8721 = ADVANCED_FACE ( 'NONE', ( #5497 ), #4763, .F. ) ;
#8722 = CARTESIAN_POINT ( 'NONE',  ( -2.501402243589744057, -2.800000000000000266, 6.243589743589732066 ) ) ;
#8723 = ORIENTED_EDGE ( 'NONE', *, *, #2780, .T. ) ;
#8724 = ADVANCED_FACE ( 'NONE', ( #3969 ), #1981, .F. ) ;
#8725 = DIRECTION ( 'NONE',  ( -0.7071067811865414665, 0.000000000000000000, 0.7071067811865536790 ) ) ;
#8726 = SURFACE_STYLE_FILL_AREA ( #3112 ) ;
#8727 = ORIENTED_EDGE ( 'NONE', *, *, #6693, .T. ) ;
#8728 = CARTESIAN_POINT ( 'NONE',  ( -2.237078251447398358, -2.800000000000000266, 5.674717576903155702 ) ) ;
#8729 = ORIENTED_EDGE ( 'NONE', *, *, #2171, .F. ) ;
#8730 = PLANE ( 'NONE',  #1605 ) ;
#8731 = SURFACE_SIDE_STYLE ('',( #4434 ) ) ;
#8732 = CARTESIAN_POINT ( 'NONE',  ( 2.202332039900302352, -1.470000000000000417, 5.919499588300203285 ) ) ;
#8733 = CARTESIAN_POINT ( 'NONE',  ( 0.3443273222327316030, -1.469999999999999085, 5.709279140476642311 ) ) ;
#8734 = VERTEX_POINT ( 'NONE', #3652 ) ;
#8735 =( LENGTH_UNIT ( ) NAMED_UNIT ( * ) SI_UNIT ( .MILLI., .METRE. ) );
#8736 = LINE ( 'NONE', #1001, #6158 ) ;
#8737 = VECTOR ( 'NONE', #7886, 1000.000000000000000 ) ;
#8738 =( LENGTH_UNIT ( ) NAMED_UNIT ( * ) SI_UNIT ( .MILLI., .METRE. ) );
#8739 = B_SPLINE_CURVE_WITH_KNOTS ( 'NONE', 3,
 ( #6225, #1337, #5530, #4161, #6950, #2809, #9027, #729, #8460, #1971, #3554 ),
 .UNSPECIFIED., .F., .F.,
 ( 4, 1, 1, 1, 1, 1, 1, 1, 4 ),
 ( 0.000000000000000000, 0.1416473012954062860, 0.2748793051102085272, 0.4013252160267652413, 0.5221408412914615438, 0.6409564526136856122, 0.7572482097226821418, 0.8771903841482739939, 1.000000000000000000 ),
 .UNSPECIFIED. ) ;
#8740 = PRESENTATION_STYLE_ASSIGNMENT (( #3126 ) ) ;
#8741 = SURFACE_STYLE_USAGE ( .BOTH. , #3966 ) ;
#8742 = CARTESIAN_POINT ( 'NONE',  ( 0.8000000000000168088, 0.1480970388563064288, 2.427638892431812412 ) ) ;
#8743 = FILL_AREA_STYLE ('',( #1737 ) ) ;
#8744 = CARTESIAN_POINT ( 'NONE',  ( -2.397435897435897800, -2.800000000000000266, 5.860777243589732066 ) ) ;
#8745 = CARTESIAN_POINT ( 'NONE',  ( -1.948717948717949344, -1.469999999999999973, 6.230769230769219291 ) ) ;
#8746 = ORIENTED_EDGE ( 'NONE', *, *, #9085, .F. ) ;
#8747 = CARTESIAN_POINT ( 'NONE',  ( -2.309456100110534926, -1.469999999999998641, 5.563932203463609838 ) ) ;
#8748 = CARTESIAN_POINT ( 'NONE',  ( 2.237503707871706382, -1.470000000000000417, 6.419743318914738595 ) ) ;
#8749 = CARTESIAN_POINT ( 'NONE',  ( 0.9743589743589740060, -1.469999999999999973, 5.869591346153834266 ) ) ;
#8750 = PRESENTATION_STYLE_ASSIGNMENT (( #6680 ) ) ;
#8751 = PRESENTATION_LAYER_ASSIGNMENT (  '', '', ( #686 ) ) ;
#8752 = UNCERTAINTY_MEASURE_WITH_UNIT (LENGTH_MEASURE( 1.000000000000000082E-05 ), #6560, 'distance_accuracy_value', 'NONE');
#8753 = CARTESIAN_POINT ( 'NONE',  ( 0.9543424819572993156, -2.799999999999999822, 5.685273738575832070 ) ) ;
#8754 = B_SPLINE_SURFACE_WITH_KNOTS ( 'NONE', 3, 1, ( 
 ( #1768, #1285 ),
 ( #7387, #8171 ),
 ( #6705, #398 ),
 ( #8119, #3201 ),
 ( #1184, #4001 ),
 ( #486, #3296 ),
 ( #6115, #5421 ),
 ( #8218, #7642 ),
 ( #4842, #2705 ),
 ( #5521, #8320 ),
 ( #2010, #6237 ),
 ( #4173, #5501 ),
 ( #1259, #5440 ),
 ( #8242, #3365 ),
 ( #6912, #605 ),
 ( #508, #8192 ),
 ( #6137, #1886 ),
 ( #3423, #9038 ),
 ( #6181, #659 ) ),
 .UNSPECIFIED., .F., .F., .F.,
 ( 4, 1, 1, 1, 1, 1, 1, 1, 1, 1, 1, 1, 1, 1, 1, 1, 4 ),
 ( 2, 2 ),
 ( 0.000000000000000000, 0.04897265934825970057, 0.09603727320063132344, 0.1432597089555472658, 0.1913961402051193028, 0.2397088959690647225, 0.2898101749422433704, 0.3428344695245079121, 0.3983538538531715689, 0.4571281345811363805, 0.5195371138797496569, 0.5857795853228681127, 0.6577911338564139676, 0.7342609679866898276, 0.8165165377632017663, 0.9054336617226187434, 1.000000000000000000 ),
 ( 0.000000000000000000, 1.000000000000000000 ),
 .UNSPECIFIED. ) ;
#8755 = CARTESIAN_POINT ( 'NONE',  ( -1.791996608679296665, -1.470000000000000862, 5.282067407625810063 ) ) ;
#8756 =( LENGTH_UNIT ( ) NAMED_UNIT ( * ) SI_UNIT ( .MILLI., .METRE. ) );
#8757 = CARTESIAN_POINT ( 'NONE',  ( 1.187103655206665341E-13, -1.499999999999999778, 17.00000000000000000 ) ) ;
#8758 = CARTESIAN_POINT ( 'NONE',  ( 1.960413453970241360, -1.470000000000000862, 6.500015305580622460 ) ) ;
#8759 = DIRECTION ( 'NONE',  ( 0.000000000000000000, 0.000000000000000000, -1.000000000000000000 ) ) ;
#8760 = SURFACE_STYLE_FILL_AREA ( #8623 ) ;
#8761 = CARTESIAN_POINT ( 'NONE',  ( 2.124185613264762740, -2.800000000000001155, 6.276700176863108993 ) ) ;
#8762 = EDGE_LOOP ( 'NONE', ( #5266, #9067, #8266, #5105 ) ) ;
#8763 = PRESENTATION_STYLE_ASSIGNMENT (( #5970 ) ) ;
#8764 = ORIENTED_EDGE ( 'NONE', *, *, #4865, .F. ) ;
#8765 = CARTESIAN_POINT ( 'NONE',  ( 0.7139637364782059903, -2.800000000000000266, 5.663109626171440425 ) ) ;
#8766 = CARTESIAN_POINT ( 'NONE',  ( 2.089701039165712704, -1.470000000000000862, 5.692382543631540948 ) ) ;
#8767 = MECHANICAL_DESIGN_GEOMETRIC_PRESENTATION_REPRESENTATION (  '', ( #1572 ), #7147 ) ;
#8768 = ORIENTED_EDGE ( 'NONE', *, *, #6706, .T. ) ;
#8769 = FILL_AREA_STYLE ('',( #300 ) ) ;
#8770 = AXIS2_PLACEMENT_3D ( 'NONE', #2128, #3576, #7750 ) ;
#8771 = VECTOR ( 'NONE', #2272, 1000.000000000000000 ) ;
#8772 = UNCERTAINTY_MEASURE_WITH_UNIT (LENGTH_MEASURE( 1.000000000000000082E-05 ), #5595, 'distance_accuracy_value', 'NONE');
#8773 = DIRECTION ( 'NONE',  ( 1.000000000000000000, 0.000000000000000000, -6.982962677686266711E-15 ) ) ;
#8774 = EDGE_LOOP ( 'NONE', ( #8920, #7902, #6089, #8028, #6975, #2710, #6109, #3196 ) ) ;
#8775 = VECTOR ( 'NONE', #2484, 1000.000000000000000 ) ;
#8776 = EDGE_LOOP ( 'NONE', ( #6652, #9007, #3106, #4892 ) ) ;
#8777 = CARTESIAN_POINT ( 'NONE',  ( -2.433862437174349580, -2.800000000000000711, 5.492851370646681275 ) ) ;
#8778 = EDGE_LOOP ( 'NONE', ( #1817, #9102, #1469, #4690 ) ) ;
#8779 = CARTESIAN_POINT ( 'NONE',  ( 0.8000000000000313527, 0.3000000000000003775, 4.499999999999994671 ) ) ;
#8780 = CARTESIAN_POINT ( 'NONE',  ( 1.940906967670821937, -1.470000000000000417, 6.500005193204707155 ) ) ;
#8781 = CARTESIAN_POINT ( 'NONE',  ( -2.692441561690897878, -1.469999999999999529, 5.757805332187582614 ) ) ;
#8782 = EDGE_CURVE ( 'NONE', #4515, #4438, #1108, .T. ) ;
#8783 = EDGE_CURVE ( 'NONE', #8444, #7774, #825, .T. ) ;
#8784 = UNCERTAINTY_MEASURE_WITH_UNIT (LENGTH_MEASURE( 1.000000000000000082E-05 ), #6490, 'distance_accuracy_value', 'NONE');
#8785 = ORIENTED_EDGE ( 'NONE', *, *, #2765, .T. ) ;
#8786 = EDGE_CURVE ( 'NONE', #5102, #4041, #1481, .T. ) ;
#8787 = SURFACE_STYLE_USAGE ( .BOTH. , #3777 ) ;
#8788 = CARTESIAN_POINT ( 'NONE',  ( -1.948717948717949344, -1.469999999999999973, 6.230769230769219291 ) ) ;
#8789 = PRESENTATION_STYLE_ASSIGNMENT (( #1002 ) ) ;
#8790 = CARTESIAN_POINT ( 'NONE',  ( -2.660805727675659149, -2.799999999999998934, 6.187488059115986871 ) ) ;
#8791 = CARTESIAN_POINT ( 'NONE',  ( -2.490898764438765678, -1.470000000000000417, 6.243373387294326449 ) ) ;
#8792 = CARTESIAN_POINT ( 'NONE',  ( -2.333409364274580788, -1.470000000000000417, 6.190016958015402970 ) ) ;
#8793 = CARTESIAN_POINT ( 'NONE',  ( -0.3987158048003264788, 1.989949493661168356, 1.434314575050818608 ) ) ;
#8794 = CARTESIAN_POINT ( 'NONE',  ( -2.476151592709020743, -2.799999999999999822, 6.080505565224945563 ) ) ;
#8795 = ADVANCED_FACE ( 'NONE', ( #2819 ), #10, .T. ) ;
#8796 = ORIENTED_EDGE ( 'NONE', *, *, #7264, .T. ) ;
#8797 = LINE ( 'NONE', #8092, #243 ) ;
#8798 = LINE ( 'NONE', #7409, #6795 ) ;
#8799 = DIRECTION ( 'NONE',  ( -0.000000000000000000, -1.000000000000000000, -0.000000000000000000 ) ) ;
#8800 = FACE_OUTER_BOUND ( 'NONE', #1812, .T. ) ;
#8801 = CARTESIAN_POINT ( 'NONE',  ( -1.866680377425246062, -2.799999999999999378, 5.234315068862780862 ) ) ;
#8802 = SURFACE_STYLE_USAGE ( .BOTH. , #6683 ) ;
#8803 = PLANE ( 'NONE',  #5902 ) ;
#8804 = CARTESIAN_POINT ( 'NONE',  ( 0.5545732156185276818, -1.469999999999999973, 5.704572942461417107 ) ) ;
#8805 = LINE ( 'NONE', #7418, #6126 ) ;
#8806 = COLOUR_RGB ( '',0.8980392156862745390, 0.8980392156862745390, 0.8980392156862745390 ) ;
#8807 = VERTEX_POINT ( 'NONE', #7089 ) ;
#8808 = CARTESIAN_POINT ( 'NONE',  ( -2.688333889365277507, -2.799999999999999378, 5.997421345090050870 ) ) ;
#8809 = LINE ( 'NONE', #5315, #3454 ) ;
#8810 = B_SPLINE_CURVE_WITH_KNOTS ( 'NONE', 3,
 ( #6785, #2049, #3285, #2592, #5414, #4736, #3337, #674, #6297, #6152, #8257 ),
 .UNSPECIFIED., .F., .F.,
 ( 4, 1, 1, 1, 1, 1, 1, 1, 4 ),
 ( 0.000000000000000000, 0.1363605765562406757, 0.2682425272755328272, 0.3968880754975246949, 0.5226633583095595670, 0.6451504626695785394, 0.7648322926185533444, 0.8829612383103141449, 1.000000000000000000 ),
 .UNSPECIFIED. ) ;
#8811 = ORIENTED_EDGE ( 'NONE', *, *, #5452, .F. ) ;
#8812 = AXIS2_PLACEMENT_3D ( 'NONE', #3635, #2225, #6433 ) ;
#8813 = EDGE_CURVE ( 'NONE', #6277, #8631, #4895, .T. ) ;
#8814 = ORIENTED_EDGE ( 'NONE', *, *, #8311, .F. ) ;
#8815 = CARTESIAN_POINT ( 'NONE',  ( 0.8000000000000320188, -0.2999999999999999334, 4.599999999999994316 ) ) ;
#8816 = LINE ( 'NONE', #8067, #462 ) ;
#8817 = LINE ( 'NONE', #1717, #8123 ) ;
#8818 = VERTEX_POINT ( 'NONE', #2116 ) ;
#8819 = STYLED_ITEM ( 'NONE', ( #6391 ), #8275 ) ;
#8820 = DIRECTION ( 'NONE',  ( 0.000000000000000000, 1.000000000000000000, 0.000000000000000000 ) ) ;
#8821 =( NAMED_UNIT ( * ) SI_UNIT ( $, .STERADIAN. ) SOLID_ANGLE_UNIT ( ) );
#8822 = ORIENTED_EDGE ( 'NONE', *, *, #855, .F. ) ;
#8823 = FILL_AREA_STYLE_COLOUR ( '', #1027 ) ;
#8824 = VERTEX_POINT ( 'NONE', #5060 ) ;
#8825 = VECTOR ( 'NONE', #2828, 1000.000000000000000 ) ;
#8826 = CARTESIAN_POINT ( 'NONE',  ( 0.3944673312126180109, -2.799999999999999378, 5.594090465912580967 ) ) ;
#8827 = B_SPLINE_SURFACE_WITH_KNOTS ( 'NONE', 3, 1, ( 
 ( #7239, #1627 ),
 ( #8116, #6022 ),
 ( #1084, #1669 ),
 ( #4560, #8628 ),
 ( #7972, #3858 ),
 ( #5883, #2442 ),
 ( #8017, #4509 ),
 ( #3057, #4421 ),
 ( #7326, #2305 ),
 ( #7281, #6649 ),
 ( #8668, #5271 ) ),
 .UNSPECIFIED., .F., .F., .F.,
 ( 4, 1, 1, 1, 1, 1, 1, 1, 4 ),
 ( 2, 2 ),
 ( 0.000000000000000000, 0.07234232131370357810, 0.1592701015872656223, 0.2619317668593117987, 0.3782459773393734848, 0.5116386268384607305, 0.6587657585829479467, 0.8219214622934500891, 1.000000000000000000 ),
 ( 0.000000000000000000, 1.000000000000000000 ),
 .UNSPECIFIED. ) ;
#8828 = ORIENTED_EDGE ( 'NONE', *, *, #6216, .T. ) ;
#8829 =( NAMED_UNIT ( * ) PLANE_ANGLE_UNIT ( ) SI_UNIT ( $, .RADIAN. ) );
#8830 = EDGE_CURVE ( 'NONE', #407, #2182, #7701, .T. ) ;
#8831 = CARTESIAN_POINT ( 'NONE',  ( -0.2808493589743594754, -2.799999999999999822, 5.499999999999988454 ) ) ;
#8832 = CARTESIAN_POINT ( 'NONE',  ( -2.699306956967144622, -1.469999999999999085, 5.955279540342003131 ) ) ;
#8833 = SURFACE_SIDE_STYLE ('',( #8134 ) ) ;
#8834 = CARTESIAN_POINT ( 'NONE',  ( -2.470318964099222470, -2.799999999999999378, 6.242949473532262594 ) ) ;
#8835 = PRESENTATION_STYLE_ASSIGNMENT (( #6001 ) ) ;
#8836 = CARTESIAN_POINT ( 'NONE',  ( 2.113671052061858457, -2.799999999999999822, 5.519477200133281691 ) ) ;
#8837 = EDGE_LOOP ( 'NONE', ( #473, #1333, #2644, #3073, #4167, #8069 ) ) ;
#8838 =( LENGTH_UNIT ( ) NAMED_UNIT ( * ) SI_UNIT ( .MILLI., .METRE. ) );
#8839 = LINE ( 'NONE', #7361, #8846 ) ;
#8840 = ADVANCED_FACE ( 'NONE', ( #4935 ), #4219, .T. ) ;
#8841 = UNCERTAINTY_MEASURE_WITH_UNIT (LENGTH_MEASURE( 1.000000000000000082E-05 ), #4707, 'distance_accuracy_value', 'NONE');
#8842 = CARTESIAN_POINT ( 'NONE',  ( 1.371794871794872028, -2.799999999999999822, 5.692307692307680966 ) ) ;
#8843 = CARTESIAN_POINT ( 'NONE',  ( -1.724959935897436347, -1.469999999999999973, 5.401842948717937354 ) ) ;
#8844 = B_SPLINE_CURVE_WITH_KNOTS ( 'NONE', 3,
 ( #107, #68, #1532, #6406, #1604 ),
 .UNSPECIFIED., .F., .F.,
 ( 4, 1, 4 ),
 ( 0.000000000000000000, 0.5011289080001245511, 0.9999999999999998890 ),
 .UNSPECIFIED. ) ;
#8845 =( NAMED_UNIT ( * ) PLANE_ANGLE_UNIT ( ) SI_UNIT ( $, .RADIAN. ) );
#8846 = VECTOR ( 'NONE', #3135, 1000.000000000000000 ) ;
#8847 =( GEOMETRIC_REPRESENTATION_CONTEXT ( 3 ) GLOBAL_UNCERTAINTY_ASSIGNED_CONTEXT ( ( #6655 ) ) GLOBAL_UNIT_ASSIGNED_CONTEXT ( ( #3427, #1263, #7563 ) ) REPRESENTATION_CONTEXT ( 'NONE', 'WORKASPACE' ) );
#8848 = ORIENTED_EDGE ( 'NONE', *, *, #8932, .F. ) ;
#8849 = CARTESIAN_POINT ( 'NONE',  ( 0.5516826923076920686, -2.799999999999999822, 5.708934294871783166 ) ) ;
#8850 = ORIENTED_EDGE ( 'NONE', *, *, #6584, .T. ) ;
#8851 = COLOUR_RGB ( '',0.1019607843137254888, 0.1019607843137254888, 0.1019607843137254888 ) ;
#8852 = VERTEX_POINT ( 'NONE', #7167 ) ;
#8853 = MECHANICAL_DESIGN_GEOMETRIC_PRESENTATION_REPRESENTATION (  '', ( #784 ), #4337 ) ;
#8854 =( LENGTH_UNIT ( ) NAMED_UNIT ( * ) SI_UNIT ( .MILLI., .METRE. ) );
#8855 = EDGE_LOOP ( 'NONE', ( #7934, #7198, #3679, #2178 ) ) ;
#8856 = CARTESIAN_POINT ( 'NONE',  ( 0.7751325174357414083, -2.799999999999999822, 5.752705549542724839 ) ) ;
#8857 = FACE_OUTER_BOUND ( 'NONE', #5399, .T. ) ;
#8858 = EDGE_CURVE ( 'NONE', #3556, #8579, #2569, .T. ) ;
#8859 = UNCERTAINTY_MEASURE_WITH_UNIT (LENGTH_MEASURE( 1.000000000000000082E-05 ), #4244, 'distance_accuracy_value', 'NONE');
#8860 = PRESENTATION_LAYER_ASSIGNMENT (  '', '', ( #8567 ) ) ;
#8861 = LINE ( 'NONE', #3809, #2238 ) ;
#8862 = CARTESIAN_POINT ( 'NONE',  ( -2.397435897435897800, -1.469999999999999973, 5.860777243589732066 ) ) ;
#8863 =( LENGTH_UNIT ( ) NAMED_UNIT ( * ) SI_UNIT ( .MILLI., .METRE. ) );
#8864 = FILL_AREA_STYLE ('',( #8823 ) ) ;
#8865 = EDGE_LOOP ( 'NONE', ( #5509, #8901, #8536, #2090 ) ) ;
#8866 = LINE ( 'NONE', #4108, #3222 ) ;
#8867 = B_SPLINE_CURVE_WITH_KNOTS ( 'NONE', 3,
 ( #6892, #8411, #2803, #7142, #687, #5615, #3498, #6987, #2217, #6461, #4746 ),
 .UNSPECIFIED., .F., .F.,
 ( 4, 1, 1, 1, 1, 1, 1, 1, 4 ),
 ( 0.000000000000000000, 0.1564524951191642310, 0.3035971985465834022, 0.4415157561239339556, 0.5704044462370102542, 0.6904630664119075778, 0.8015675108626133527, 0.9053004393542827266, 0.9999999999999998890 ),
 .UNSPECIFIED. ) ;
#8868 = CARTESIAN_POINT ( 'NONE',  ( -2.679685391090110169, -1.470000000000000417, 5.722148282470131520 ) ) ;
#8869 = AXIS2_PLACEMENT_3D ( 'NONE', #4335, #8447, #2218 ) ;
#8870 = UNCERTAINTY_MEASURE_WITH_UNIT (LENGTH_MEASURE( 1.000000000000000082E-05 ), #1784, 'distance_accuracy_value', 'NONE');
#8871 = VERTEX_POINT ( 'NONE', #868 ) ;
#8872 = DIRECTION ( 'NONE',  ( 6.982962677686266711E-15, 0.000000000000000000, 1.000000000000000000 ) ) ;
#8873 = SURFACE_SIDE_STYLE ('',( #2771 ) ) ;
#8874 = CARTESIAN_POINT ( 'NONE',  ( -2.704921960810621862, -1.469999999999999973, 5.905962547932809947 ) ) ;
#8875 = CARTESIAN_POINT ( 'NONE',  ( -2.671073717948718063, -2.799999999999999822, 5.707131410256399029 ) ) ;
#8876 = ORIENTED_EDGE ( 'NONE', *, *, #5649, .T. ) ;
#8877 = PLANE ( 'NONE',  #1171 ) ;
#8878 = CARTESIAN_POINT ( 'NONE',  ( 2.347737666891621000, -1.470000000000001306, 6.272645094877959515 ) ) ;
#8879 = SURFACE_SIDE_STYLE ('',( #1788 ) ) ;
#8880 = ORIENTED_EDGE ( 'NONE', *, *, #7356, .F. ) ;
#8881 = CARTESIAN_POINT ( 'NONE',  ( -1.699999999999967981, 0.3000000000000003775, 4.600000000000012079 ) ) ;
#8882 = COLOUR_RGB ( '',0.8980392156862745390, 0.8980392156862745390, 0.8980392156862745390 ) ;
#8883 =( NAMED_UNIT ( * ) PLANE_ANGLE_UNIT ( ) SI_UNIT ( $, .RADIAN. ) );
#8884 = LINE ( 'NONE', #8096, #7506 ) ;
#8885 = CARTESIAN_POINT ( 'NONE',  ( 0.9742730368321832479, -1.469999999999999973, 5.859574379327906257 ) ) ;
#8886 = AXIS2_PLACEMENT_3D ( 'NONE', #4905, #1403, #4230 ) ;
#8887 = CARTESIAN_POINT ( 'NONE',  ( -1.906735032848085654, -1.469999999999999973, 5.223510314507421981 ) ) ;
#8888 = CARTESIAN_POINT ( 'NONE',  ( 1.988722472517471029, -2.799999999999999822, 6.498840892472199648 ) ) ;
#8889 = ADVANCED_FACE ( 'NONE', ( #786 ), #185, .T. ) ;
#8890 = CARTESIAN_POINT ( 'NONE',  ( 0.8000000000000069278, 1.565685424949238458, 1.010050506338881160 ) ) ;
#8891 = EDGE_CURVE ( 'NONE', #1554, #437, #6612, .T. ) ;
#8892 = EDGE_CURVE ( 'NONE', #6849, #4714, #368, .T. ) ;
#8893 =( NAMED_UNIT ( * ) SI_UNIT ( $, .STERADIAN. ) SOLID_ANGLE_UNIT ( ) );
#8894 = VERTEX_POINT ( 'NONE', #914 ) ;
#8895 = AXIS2_PLACEMENT_3D ( 'NONE', #3162, #1776, #5196 ) ;
#8896 = CARTESIAN_POINT ( 'NONE',  ( 0.6602617849914843573, -2.799999999999999822, 5.653950775401574091 ) ) ;
#8897 = ORIENTED_EDGE ( 'NONE', *, *, #7264, .F. ) ;
#8898 = CARTESIAN_POINT ( 'NONE',  ( 2.099999999999975664, 0.3000000000000003775, -3.500000000000015099 ) ) ;
#8899 = VERTEX_POINT ( 'NONE', #4573 ) ;
#8900 = LINE ( 'NONE', #3945, #6088 ) ;
#8901 = ORIENTED_EDGE ( 'NONE', *, *, #6098, .F. ) ;
#8902 = DIRECTION ( 'NONE',  ( 1.000000000000000000, 0.000000000000000000, 0.000000000000000000 ) ) ;
#8903 = CARTESIAN_POINT ( 'NONE',  ( 0.7298026674676632020, -2.800000000000001155, 5.494214930324424095 ) ) ;
#8904 = ORIENTED_EDGE ( 'NONE', *, *, #4699, .T. ) ;
#8905 = CARTESIAN_POINT ( 'NONE',  ( 1.935900842091456964, -1.469999999999999973, 6.331969737642531904 ) ) ;
#8906 = ADVANCED_FACE ( 'NONE', ( #7945 ), #266, .T. ) ;
#8907 = VECTOR ( 'NONE', #1662, 1000.000000000000000 ) ;
#8908 = CARTESIAN_POINT ( 'NONE',  ( 1.950722363768890411, -1.470000000000000417, 5.500086223249086359 ) ) ;
#8909 = VERTEX_POINT ( 'NONE', #3912 ) ;
#8910 = LINE ( 'NONE', #1332, #1701 ) ;
#8911 = VECTOR ( 'NONE', #3691, 1000.000000000000000 ) ;
#8912 = FILL_AREA_STYLE_COLOUR ( '', #721 ) ;
#8913 = CARTESIAN_POINT ( 'NONE',  ( -2.251679481903679392, -2.799999999999999378, 6.094783925733960217 ) ) ;
#8914 = VERTEX_POINT ( 'NONE', #6713 ) ;
#8915 = CARTESIAN_POINT ( 'NONE',  ( -3.399999999999948397, 0.3000000000000003775, 1.400000000009692380 ) ) ;
#8916 = PRESENTATION_STYLE_ASSIGNMENT (( #1190 ) ) ;
#8917 = CARTESIAN_POINT ( 'NONE',  ( 0.3531386460857005027, -1.470000000000000417, 5.676826288498880935 ) ) ;
#8918 = DIRECTION ( 'NONE',  ( 1.000000000000000000, 0.000000000000000000, -6.982962677686266711E-15 ) ) ;
#8919 = MECHANICAL_DESIGN_GEOMETRIC_PRESENTATION_REPRESENTATION (  '', ( #4100 ), #2436 ) ;
#8920 = ORIENTED_EDGE ( 'NONE', *, *, #778, .T. ) ;
#8921 = PRESENTATION_LAYER_ASSIGNMENT (  '', '', ( #5405 ) ) ;
#8922 = DIRECTION ( 'NONE',  ( 6.982962677686266711E-15, 0.000000000000000000, 1.000000000000000000 ) ) ;
#8923 = CARTESIAN_POINT ( 'NONE',  ( 1.700000000000031486, 0.3000000000000003775, 4.499999999999987566 ) ) ;
#8924 = CARTESIAN_POINT ( 'NONE',  ( 2.899999999999975930, 0.3000000000000003775, -3.500000000000020872 ) ) ;
#8925 = B_SPLINE_CURVE_WITH_KNOTS ( 'NONE', 3,
 ( #3686, #7337, #952, #1636, #221, #5193, #8728, #6481, #356, #7249, #181, #5141, #866, #5985, #8030, #8777, #6609, #7205, #5280 ),
 .UNSPECIFIED., .F., .F.,
 ( 4, 1, 1, 1, 1, 1, 1, 1, 1, 1, 1, 1, 1, 1, 1, 1, 4 ),
 ( 0.000000000000000000, 0.08393687604428590188, 0.1629312767773035686, 0.2377783822968768945, 0.3087711672896473192, 0.3762208837327297717, 0.4409633831269227366, 0.5034470477741955774, 0.5647479918817700506, 0.6238667862905614703, 0.6803517206888142210, 0.7347961949300353401, 0.7878909167053420592, 0.8401808665794483488, 0.8925770645563496641, 0.9454789691600422596, 1.000000000000000000 ),
 .UNSPECIFIED. ) ;
#8926 = SURFACE_STYLE_USAGE ( .BOTH. , #8833 ) ;
#8927 = ORIENTED_EDGE ( 'NONE', *, *, #1616, .F. ) ;
#8928 = CARTESIAN_POINT ( 'NONE',  ( 2.397163174602952918, -1.469999999999999973, 5.970533498791833260 ) ) ;
#8929 = CARTESIAN_POINT ( 'NONE',  ( -2.501402243589744057, -1.469999999999999973, 6.243589743589732066 ) ) ;
#8930 = LINE ( 'NONE', #3419, #3179 ) ;
#8931 = DIRECTION ( 'NONE',  ( -0.3295206721054298460, 0.000000000000000000, -0.9441483605107756638 ) ) ;
#8932 = EDGE_CURVE ( 'NONE', #4659, #7378, #5235, .T. ) ;
#8933 = ORIENTED_EDGE ( 'NONE', *, *, #6, .T. ) ;
#8934 = DIRECTION ( 'NONE',  ( -1.000000000000000000, 0.000000000000000000, 6.982962677686266711E-15 ) ) ;
#8935 = LINE ( 'NONE', #2520, #8624 ) ;
#8936 = PLANE ( 'NONE',  #4461 ) ;
#8937 = DIRECTION ( 'NONE',  ( -0.000000000000000000, -1.000000000000000000, -0.000000000000000000 ) ) ;
#8938 = VECTOR ( 'NONE', #8644, 1000.000000000000000 ) ;
#8939 = SURFACE_STYLE_FILL_AREA ( #8148 ) ;
#8940 = CARTESIAN_POINT ( 'NONE',  ( 2.039755186715700219, -2.799999999999999822, 6.495294872888884186 ) ) ;
#8941 = CARTESIAN_POINT ( 'NONE',  ( -2.429829651696453485, -1.469999999999999085, 5.699279530333063448 ) ) ;
#8942 = CARTESIAN_POINT ( 'NONE',  ( 0.6225044822567776803, -2.800000000000000711, 5.656896474495628269 ) ) ;
#8943 = DIRECTION ( 'NONE',  ( -7.377218013139006875E-15, 0.000000000000000000, -1.000000000000000000 ) ) ;
#8944 = CARTESIAN_POINT ( 'NONE',  ( 3.300000000010853807, 0.3000000000000003775, 4.499999999999976019 ) ) ;
#8945 = CARTESIAN_POINT ( 'NONE',  ( -1.886040142615046156, -1.469999999999999973, 5.228511371669982033 ) ) ;
#8946 = ORIENTED_EDGE ( 'NONE', *, *, #6128, .T. ) ;
#8947 = UNCERTAINTY_MEASURE_WITH_UNIT (LENGTH_MEASURE( 1.000000000000000082E-05 ), #3389, 'distance_accuracy_value', 'NONE');
#8948 = STYLED_ITEM ( 'NONE', ( #6708 ), #744 ) ;
#8949 = CARTESIAN_POINT ( 'NONE',  ( 0.7605840319499813651, -2.800000000000001155, 5.703865651432999506 ) ) ;
#8950 = VERTEX_POINT ( 'NONE', #3867 ) ;
#8951 = EDGE_CURVE ( 'NONE', #7646, #6784, #7340, .T. ) ;
#8952 = EDGE_CURVE ( 'NONE', #9028, #7257, #7252, .T. ) ;
#8953 = DIRECTION ( 'NONE',  ( -6.982962677686266711E-15, 0.000000000000000000, -1.000000000000000000 ) ) ;
#8954 = ORIENTED_EDGE ( 'NONE', *, *, #5858, .F. ) ;
#8955 = CARTESIAN_POINT ( 'NONE',  ( 4.000000000000096811, -1.499999999999999778, 13.89999999999997193 ) ) ;
#8956 = ORIENTED_EDGE ( 'NONE', *, *, #1789, .F. ) ;
#8957 = PLANE ( 'NONE',  #1218 ) ;
#8958 = CARTESIAN_POINT ( 'NONE',  ( 2.202332039900302352, -2.800000000000000711, 5.919499588300203285 ) ) ;
#8959 = ORIENTED_EDGE ( 'NONE', *, *, #841, .T. ) ;
#8960 = CARTESIAN_POINT ( 'NONE',  ( 2.101799542865530501, -1.469999999999999529, 5.515831106128231021 ) ) ;
#8961 = ORIENTED_EDGE ( 'NONE', *, *, #6428, .T. ) ;
#8962 = COLOUR_RGB ( '',0.8980392156862745390, 0.8980392156862745390, 0.8980392156862745390 ) ;
#8963 = PLANE ( 'NONE',  #253 ) ;
#8964 =( NAMED_UNIT ( * ) SI_UNIT ( $, .STERADIAN. ) SOLID_ANGLE_UNIT ( ) );
#8965 = ADVANCED_FACE ( 'NONE', ( #2403 ), #8596, .T. ) ;
#8966 = DIRECTION ( 'NONE',  ( 0.000000000000000000, -1.000000000000000000, 0.000000000000000000 ) ) ;
#8967 = VERTEX_POINT ( 'NONE', #494 ) ;
#8968 = DIRECTION ( 'NONE',  ( 0.000000000000000000, -1.000000000000000000, 0.000000000000000000 ) ) ;
#8969 = CARTESIAN_POINT ( 'NONE',  ( -0.3987158048003359156, 2.799999999999998934, 0.08578643762694096453 ) ) ;
#8970 = STYLED_ITEM ( 'NONE', ( #4861 ), #1685 ) ;
#8971 = CARTESIAN_POINT ( 'NONE',  ( 2.564102564102564319, -1.469999999999999973, 5.692307692307680966 ) ) ;
#8972 = DIRECTION ( 'NONE',  ( -0.000000000000000000, -1.000000000000000000, 0.000000000000000000 ) ) ;
#8973 = STYLED_ITEM ( 'NONE', ( #2937 ), #8128 ) ;
#8974 = ORIENTED_EDGE ( 'NONE', *, *, #6013, .T. ) ;
#8975 = CARTESIAN_POINT ( 'NONE',  ( -2.002351331101911214, -1.470000000000001306, 5.359291226969141952 ) ) ;
#8976 = CARTESIAN_POINT ( 'NONE',  ( 1.955470222343435260, -1.470000000000000417, 5.667152994210976402 ) ) ;
#8977 = LINE ( 'NONE', #9078, #8233 ) ;
#8978 = COLOUR_RGB ( '',0.8980392156862745390, 0.8980392156862745390, 0.8980392156862745390 ) ;
#8979 = CARTESIAN_POINT ( 'NONE',  ( -2.645738101628084760, -2.799999999999999822, 5.672692097650087639 ) ) ;
#8980 = VERTEX_POINT ( 'NONE', #4799 ) ;
#8981 = CARTESIAN_POINT ( 'NONE',  ( 2.039755186715700219, -2.799999999999999822, 6.495294872888884186 ) ) ;
#8982 = CARTESIAN_POINT ( 'NONE',  ( -2.383943134811588482, -1.470000000000000417, 6.220304754083567644 ) ) ;
#8983 = VECTOR ( 'NONE', #6374, 1000.000000000000000 ) ;
#8984 = EDGE_LOOP ( 'NONE', ( #7286, #8401, #4922, #5752, #5464, #3588, #1936, #4569, #6112, #4242 ) ) ;
#8985 = CARTESIAN_POINT ( 'NONE',  ( 2.113671052061858457, -1.469999999999999973, 5.519477200133281691 ) ) ;
#8986 = DIRECTION ( 'NONE',  ( 4.937700262164532265E-15, 0.7071067811865474617, 0.7071067811865476838 ) ) ;
#8987 = VECTOR ( 'NONE', #3273, 1000.000000000000000 ) ;
#8988 = CARTESIAN_POINT ( 'NONE',  ( -2.205128205128205288, -2.799999999999999822, 5.872796474358962904 ) ) ;
#8989 = VECTOR ( 'NONE', #2246, 1000.000000000000000 ) ;
#8990 = ADVANCED_FACE ( 'NONE', ( #6222 ), #3206, .T. ) ;
#8991 = CARTESIAN_POINT ( 'NONE',  ( 0.9525240384615379918, -2.799999999999999822, 5.679487179487167303 ) ) ;
#8992 = EDGE_CURVE ( 'NONE', #2540, #6849, #2020, .T. ) ;
#8993 = DIRECTION ( 'NONE',  ( 1.000000000000000000, -0.000000000000000000, -6.982962677686266711E-15 ) ) ;
#8994 = LINE ( 'NONE', #2679, #5910 ) ;
#8995 = PRESENTATION_STYLE_ASSIGNMENT (( #5447 ) ) ;
#8996 = FACE_BOUND ( 'NONE', #6061, .T. ) ;
#8997 = CARTESIAN_POINT ( 'NONE',  ( 0.5817821073108386809, -2.799999999999998490, 5.675024872801019526 ) ) ;
#8998 = PLANE ( 'NONE',  #776 ) ;
#8999 = VECTOR ( 'NONE', #7912, 1000.000000000000000 ) ;
#9000 = CARTESIAN_POINT ( 'NONE',  ( 1.756410256410256165, -2.799999999999999822, 5.666666666666654528 ) ) ;
#9001 = ORIENTED_EDGE ( 'NONE', *, *, #2727, .F. ) ;
#9002 = MECHANICAL_DESIGN_GEOMETRIC_PRESENTATION_REPRESENTATION (  '', ( #4908 ), #2219 ) ;
#9003 = CYLINDRICAL_SURFACE ( 'NONE', #912, 1.799999999999999600 ) ;
#9004 = ORIENTED_EDGE ( 'NONE', *, *, #5241, .F. ) ;
#9005 = EDGE_CURVE ( 'NONE', #7475, #8807, #6846, .T. ) ;
#9006 = CARTESIAN_POINT ( 'NONE',  ( 0.9000000000000115685, 0.9259144981615097247, 1.649821433126609893 ) ) ;
#9007 = ORIENTED_EDGE ( 'NONE', *, *, #1695, .F. ) ;
#9008 = VECTOR ( 'NONE', #5520, 1000.000000000000114 ) ;
#9009 = ORIENTED_EDGE ( 'NONE', *, *, #3401, .F. ) ;
#9010 = DIRECTION ( 'NONE',  ( -0.3532584316311804806, 0.000000000000000000, -0.9355257775611951487 ) ) ;
#9011 = EDGE_LOOP ( 'NONE', ( #8461, #724, #5439, #6343 ) ) ;
#9012 = DIRECTION ( 'NONE',  ( 0.000000000000000000, 0.000000000000000000, -1.000000000000000000 ) ) ;
#9013 = CARTESIAN_POINT ( 'NONE',  ( -1.948717948717949344, -1.469999999999999973, 6.230769230769219291 ) ) ;
#9014 = ORIENTED_EDGE ( 'NONE', *, *, #6693, .F. ) ;
#9015 = EDGE_CURVE ( 'NONE', #6849, #1590, #4158, .T. ) ;
#9016 = ORIENTED_EDGE ( 'NONE', *, *, #6706, .F. ) ;
#9017 = PLANE ( 'NONE',  #5697 ) ;
#9018 = CARTESIAN_POINT ( 'NONE',  ( -2.659292604689789563, -2.800000000000000266, 5.688784248310137848 ) ) ;
#9019 = CARTESIAN_POINT ( 'NONE',  ( -2.209734161479838921, -2.799999999999999378, 5.956532442813850636 ) ) ;
#9020 = ORIENTED_EDGE ( 'NONE', *, *, #1681, .T. ) ;
#9021 = LINE ( 'NONE', #640, #7487 ) ;
#9022 =( LENGTH_UNIT ( ) NAMED_UNIT ( * ) SI_UNIT ( .MILLI., .METRE. ) );
#9023 = ADVANCED_FACE ( 'NONE', ( #3252, #5335 ), #8127, .T. ) ;
#9024 = VECTOR ( 'NONE', #7061, 1000.000000000000000 ) ;
#9025 = EDGE_CURVE ( 'NONE', #2173, #2276, #3638, .T. ) ;
#9026 = FILL_AREA_STYLE ('',( #5483 ) ) ;
#9027 = CARTESIAN_POINT ( 'NONE',  ( -2.599302177588824314, -1.470000000000000417, 5.638763119139465374 ) ) ;
#9028 = VERTEX_POINT ( 'NONE', #2184 ) ;
#9029 = CARTESIAN_POINT ( 'NONE',  ( 3.300000000010304912, 0.3000000000000003775, 2.499999999994327649 ) ) ;
#9030 = CARTESIAN_POINT ( 'NONE',  ( 1.914663461538461231, -1.469999999999999973, 5.666666666666654528 ) ) ;
#9031 = VECTOR ( 'NONE', #2758, 1000.000000000000000 ) ;
#9032 = CARTESIAN_POINT ( 'NONE',  ( 0.6422275641025636528, -2.799999999999999822, 5.487179487179475679 ) ) ;
#9033 = ORIENTED_EDGE ( 'NONE', *, *, #1860, .T. ) ;
#9034 = PRESENTATION_STYLE_ASSIGNMENT (( #5435 ) ) ;
#9035 = LINE ( 'NONE', #7555, #1570 ) ;
#9036 = CARTESIAN_POINT ( 'NONE',  ( 2.018408456987009991, -2.799999999999998934, 5.502756934279689816 ) ) ;
#9037 = ORIENTED_EDGE ( 'NONE', *, *, #268, .T. ) ;
#9038 = CARTESIAN_POINT ( 'NONE',  ( -2.397532426435922570, -2.799999999999999822, 5.851092063285177503 ) ) ;
#9039 =( LENGTH_UNIT ( ) NAMED_UNIT ( * ) SI_UNIT ( .MILLI., .METRE. ) );
#9040 = CARTESIAN_POINT ( 'NONE',  ( 0.9239365807245604190, -1.469999999999999973, 5.619056990963706255 ) ) ;
#9041 = CARTESIAN_POINT ( 'NONE',  ( -0.3651842948717951010, -1.469999999999999973, 5.730769230769219291 ) ) ;
#9042 = LINE ( 'NONE', #7463, #3705 ) ;
#9043 = LINE ( 'NONE', #8477, #5805 ) ;
#9044 = AXIS2_PLACEMENT_3D ( 'NONE', #4944, #748, #5028 ) ;
#9045 = CARTESIAN_POINT ( 'NONE',  ( -2.450984251148510040, -1.469999999999999973, 5.671105005672925081 ) ) ;
#9046 =( NAMED_UNIT ( * ) SI_UNIT ( $, .STERADIAN. ) SOLID_ANGLE_UNIT ( ) );
#9047 = LINE ( 'NONE', #6413, #5138 ) ;
#9048 = FACE_OUTER_BOUND ( 'NONE', #7520, .T. ) ;
#9049 = AXIS2_PLACEMENT_3D ( 'NONE', #8890, #3982, #5449 ) ;
#9050 = CARTESIAN_POINT ( 'NONE',  ( -1.724959935897436347, -1.469999999999999973, 5.401842948717937354 ) ) ;
#9051 = UNCERTAINTY_MEASURE_WITH_UNIT (LENGTH_MEASURE( 1.000000000000000082E-05 ), #7093, 'distance_accuracy_value', 'NONE');
#9052 = PRESENTATION_STYLE_ASSIGNMENT (( #6249 ) ) ;
#9053 = EDGE_LOOP ( 'NONE', ( #4577, #2746, #9060, #3644 ) ) ;
#9054 = CARTESIAN_POINT ( 'NONE',  ( 0.8000000000000320188, -0.2999999999999999334, 4.599999999999994316 ) ) ;
#9055 = ORIENTED_EDGE ( 'NONE', *, *, #8512, .F. ) ;
#9056 = ORIENTED_EDGE ( 'NONE', *, *, #3512, .T. ) ;
#9057 = ORIENTED_EDGE ( 'NONE', *, *, #4415, .T. ) ;
#9058 =( NAMED_UNIT ( * ) SI_UNIT ( $, .STERADIAN. ) SOLID_ANGLE_UNIT ( ) );
#9059 =( NAMED_UNIT ( * ) SI_UNIT ( $, .STERADIAN. ) SOLID_ANGLE_UNIT ( ) );
#9060 = ORIENTED_EDGE ( 'NONE', *, *, #1529, .T. ) ;
#9061 = STYLED_ITEM ( 'NONE', ( #5856 ), #8965 ) ;
#9062 = FILL_AREA_STYLE_COLOUR ( '', #3861 ) ;
#9063 = UNCERTAINTY_MEASURE_WITH_UNIT (LENGTH_MEASURE( 1.000000000000000082E-05 ), #5160, 'distance_accuracy_value', 'NONE');
#9064 = CARTESIAN_POINT ( 'NONE',  ( 0.02564102564102518564, -1.469999999999999973, 5.499999999999988454 ) ) ;
#9065 = CARTESIAN_POINT ( 'NONE',  ( -2.614488071338762154, -1.469999999999999529, 6.216892588059691249 ) ) ;
#9066 = DIRECTION ( 'NONE',  ( -1.000000000000000000, 0.000000000000000000, 6.982962677686266711E-15 ) ) ;
#9067 = ORIENTED_EDGE ( 'NONE', *, *, #7155, .F. ) ;
#9068 = CARTESIAN_POINT ( 'NONE',  ( -1.628205128205128638, -2.799999999999999822, 6.230769230769219291 ) ) ;
#9069 = PRESENTATION_LAYER_ASSIGNMENT (  '', '', ( #105 ) ) ;
#9070 = CARTESIAN_POINT ( 'NONE',  ( -1.964426656897800605, -1.469999999999999529, 5.368747903966044177 ) ) ;
#9071 = FILL_AREA_STYLE_COLOUR ( '', #1127 ) ;
#9072 = CARTESIAN_POINT ( 'NONE',  ( 1.700000000000031486, -0.2999999999999999334, 4.499999999999987566 ) ) ;
#9073 = ORIENTED_EDGE ( 'NONE', *, *, #1316, .T. ) ;
#9074 = AXIS2_PLACEMENT_3D ( 'NONE', #7256, #7129, #3735 ) ;
#9075 = CARTESIAN_POINT ( 'NONE',  ( -2.397435897435897800, -1.469999999999999973, 5.860777243589732066 ) ) ;
#9076 = LINE ( 'NONE', #4889, #246 ) ;
#9077 = PRESENTATION_LAYER_ASSIGNMENT (  '', '', ( #2428 ) ) ;
#9078 = CARTESIAN_POINT ( 'NONE',  ( -4.999999999999982236, -0.2999999999999999334, -3.499999999999965361 ) ) ;
#9079 = ADVANCED_FACE ( 'NONE', ( #641 ), #4882, .T. ) ;
#9080 = LINE ( 'NONE', #4974, #6766 ) ;
#9081 = ORIENTED_EDGE ( 'NONE', *, *, #3328, .T. ) ;
#9082 = CARTESIAN_POINT ( 'NONE',  ( -2.205128205128205288, -2.799999999999998934, 5.872796474358962904 ) ) ;
#9083 =( LENGTH_UNIT ( ) NAMED_UNIT ( * ) SI_UNIT ( .MILLI., .METRE. ) );
#9084 = CARTESIAN_POINT ( 'NONE',  ( -0.7999999999999795053, 0.5050252531694112701, 2.919238815542577026 ) ) ;
#9085 = EDGE_CURVE ( 'NONE', #6154, #5425, #5748, .T. ) ;
#9086 = PRESENTATION_LAYER_ASSIGNMENT (  '', '', ( #3180 ) ) ;
#9087 = EDGE_CURVE ( 'NONE', #1849, #7204, #7208, .T. ) ;
#9088 = ORIENTED_EDGE ( 'NONE', *, *, #7906, .T. ) ;
#9089 = VECTOR ( 'NONE', #7533, 1000.000000000000000 ) ;
#9090 = CARTESIAN_POINT ( 'NONE',  ( -0.3987158048003295319, 2.419238815542538390, 1.005025253169415489 ) ) ;
#9091 = DIRECTION ( 'NONE',  ( -0.000000000000000000, -1.000000000000000000, -0.000000000000000000 ) ) ;
#9092 = CARTESIAN_POINT ( 'NONE',  ( 0.9112610939741054850, -2.799999999999999378, 5.600989146714706379 ) ) ;
#9093 = PRESENTATION_STYLE_ASSIGNMENT (( #6282 ) ) ;
#9094 = CARTESIAN_POINT ( 'NONE',  ( -2.544070512820513219, -2.799999999999999822, 5.628205128205116203 ) ) ;
#9095 = EDGE_CURVE ( 'NONE', #1160, #7974, #6307, .T. ) ;
#9096 = CARTESIAN_POINT ( 'NONE',  ( -2.529204859584050613, -1.470000000000000862, 5.628589147326199971 ) ) ;
#9097 = EDGE_CURVE ( 'NONE', #428, #8064, #4255, .T. ) ;
#9098 = SURFACE_STYLE_USAGE ( .BOTH. , #4946 ) ;
#9099 = DIRECTION ( 'NONE',  ( 4.937700262164530687E-15, -0.7071067811865476838, 0.7071067811865474617 ) ) ;
#9100 = DIRECTION ( 'NONE',  ( 0.000000000000000000, 1.000000000000000000, 0.000000000000000000 ) ) ;
#9101 = CARTESIAN_POINT ( 'NONE',  ( 0.7663454993024226836, -2.800000000000000266, 5.717598152511132348 ) ) ;
#9102 = ORIENTED_EDGE ( 'NONE', *, *, #350, .F. ) ;
#9103 = ORIENTED_EDGE ( 'NONE', *, *, #8782, .F. ) ;
#9104 = VERTEX_POINT ( 'NONE', #7074 ) ;
#9105 = LINE ( 'NONE', #2052, #751 ) ;
#9106 = FACE_OUTER_BOUND ( 'NONE', #6882, .T. ) ;
#9107 = VERTEX_POINT ( 'NONE', #6394 ) ;
#9108 = PLANE ( 'NONE',  #1843 ) ;
#9109 = FACE_OUTER_BOUND ( 'NONE', #5051, .T. ) ;
#9110 = CARTESIAN_POINT ( 'NONE',  ( -2.558386301780876337, -1.470000000000000417, 6.237889336262984585 ) ) ;
#9111 = ADVANCED_FACE ( 'NONE', ( #91 ), #2892, .F. ) ;
#9112 = EDGE_CURVE ( 'NONE', #3759, #6960, #6470, .T. ) ;
#9113 = SURFACE_SIDE_STYLE ('',( #2015 ) ) ;
ENDSEC;
END-ISO-10303-21;
